model_id,seed,months_survived,disqualified,total_trades,total_pnl,avg_monthly_sharpe,rank_score,pnl_m1,sharpe_m1,trades_m1,pnl_m2,sharpe_m2,trades_m2,pnl_m3,sharpe_m3,trades_m3,pnl_m4,sharpe_m4,trades_m4,pnl_m5,sharpe_m5,trades_m5,pnl_m6,sharpe_m6,trades_m6,pnl_m7,sharpe_m7,trades_m7,pnl_m8,sharpe_m8,trades_m8,pnl_m9,sharpe_m9,trades_m9,pnl_m10,sharpe_m10,trades_m10,pnl_m11,sharpe_m11,trades_m11,pnl_m12,sharpe_m12,trades_m12
464,1464,12,False,2814,21.388519255511014,7.970918931654498,7.970918931654498,2.2798590963277614,10.355465749465697,237,1.859878602225005,9.097394070714621,201,1.7598710370602506,8.418302619464683,205,2.0398670019662384,9.397869021755934,225,1.789878459103486,8.208024248548593,220,2.1298743958096598,9.629588845762388,234,1.4098819775699296,6.104787292186922,237,1.8998836718605268,8.338546407990272,239,1.5398844756193462,6.6128979912051165,242,1.8298706577120172,7.462993049153146,270,0.9898814537461192,4.183431694612686,249,1.8598884265106745,7.841726188993938,255
283,1283,12,False,2804,14.258525875552731,5.22696902380531,5.22696902380531,1.5698578676795638,6.792792999525031,239,1.4498664858780799,6.522592728302509,221,1.1798741895674179,5.4735116207196635,206,1.329876446742478,6.143377356268081,209,1.5398779911155431,6.950011224633284,221,1.3698755387421282,5.993764897571226,232,0.9098745371623405,3.837224546867722,251,0.8298753861450632,3.4749948702887834,256,1.5698845249546374,6.747076529139304,242,1.0798807385201785,4.557586525816249,249,0.8098914671901465,3.5846321062208935,228,0.6198907018551539,2.646062880310972,250
426,1426,12,False,2821,14.02851867563097,5.137514397400205,5.137514397400205,1.4598671605093139,6.537560154773786,223,1.3298681322858845,6.007078018918283,218,1.439873322134636,6.768305924640837,204,1.3098790447046782,6.110464555594367,205,1.1098741408637918,4.889641084710821,228,1.3498760555881162,5.917565564650446,231,1.169875519066872,4.9335803532658575,249,0.9898745082409185,4.112863432988477,258,1.2198807595420906,5.133332643215414,250,0.8998750411825399,3.7262600368053733,261,1.1598882137330713,5.033482884925865,235,0.5898867777790565,2.4800381143129315,259
249,1249,12,False,2995,13.998416267437609,4.952264619532213,4.952264619532213,1.8398468860124548,7.716583365808848,257,1.589856859151865,6.915297063844524,237,1.2798515958447831,5.520810408702981,238,1.6098534149315762,6.850169757014969,247,1.329871300233003,5.80217308179179,233,1.4498684502567747,6.174209331134976,245,0.8998737357905319,3.788828265201568,252,0.8498734895115257,3.5306097295875514,260,0.6898811907643528,2.9414242041661858,249,1.1398706902125604,4.622330914619051,270,0.45988195127093245,1.9870767256111275,248,0.8598867034572455,3.577662586902986,259
764,1764,12,False,3028,13.908394918399571,4.871175964989391,4.871175964989391,1.2198358626614478,4.90715635012505,274,0.889850524496482,3.7834428529798756,247,0.6398472973653986,2.739082712306809,248,1.1598451796914444,4.771380087122343,262,1.3398685202035598,5.782978503073592,238,1.299865264247722,5.459263572745241,251,0.6398747666166306,2.7237816567417905,251,1.4098759172800621,5.878095801470287,255,1.2798807269672312,5.385816172094333,250,1.089874026205037,4.479062884955501,263,1.5198852824362972,6.538270793300813,241,1.4198915502282594,6.005780192957062,248
66,1066,12,False,2858,13.268492381614799,4.813747536815047,4.813747536815047,1.2798472656677173,5.322267763878579,256,1.4298584639386704,6.221295785917095,235,1.2498607623953744,5.496736661153929,229,1.0098593468028858,4.3603290018841045,238,1.3598813593401688,6.192704903652171,215,1.7998760410143435,8.017901754439222,231,0.7498818031610762,3.2650122657019067,237,1.109886205162783,4.82739084456272,234,0.799885062615022,3.449589185405807,241,0.729881231855027,3.11298965032445,248,1.2098862766660443,5.20651815074461,239,0.5398885629956865,2.2922344741159697,255
413,1413,12,False,2798,13.268511469066294,4.793323002829186,4.793323002829186,1.5098409494101388,6.1662797891555545,266,1.5198577786367684,6.6273752720923085,235,0.9698522496416133,4.181782611423196,239,1.1498480966860132,4.77531727653747,257,1.0598746700010373,4.680548456455147,227,1.269868279916316,5.397945668989988,245,0.359914887955292,1.8645670414949558,171,1.0299070969980202,4.9567701280461485,191,1.2598925888306232,5.591536671659129,225,1.2998740791715255,5.333444348925363,263,0.8598824327828902,3.6589304550307773,247,0.9798983590360523,4.285378314140192,232
986,1986,12,False,2846,13.148488860045369,4.770458709456019,4.770458709456019,0.8998406121258443,3.6862139508840968,267,1.2998542319100546,5.5607029946419475,242,0.919855206907135,3.9780542990491994,238,0.7098487546478159,2.984986886467531,256,1.2098730122606343,5.307669011648068,230,1.029870113333834,4.409797335517022,242,1.1498880019865398,5.110762231403986,224,1.109887671836727,4.858206599714334,231,1.3898931456854233,6.1972781796539635,224,0.8298803419753812,3.514185669034639,250,1.4798905768946753,6.521144877053679,230,1.1199071904813058,5.116502478403757,212
58,1058,12,False,2995,13.518413663944562,4.757704844802526,4.757704844802526,1.2498364331048166,5.026636635371134,274,0.949852653528651,4.056607549980883,244,0.43985099532400684,1.9286398651753345,241,0.969848117850006,4.03881335555339,257,0.8598702141561075,3.746471535889969,235,1.809866850726295,7.737681194907454,248,1.2798783051219373,5.4519116312400415,244,1.6598807161836966,7.105229715269402,245,1.2198849588630627,5.227808330227155,241,1.489871635152614,6.060112606016407,268,0.4198843428322287,1.836213467398933,243,1.1698884411011397,4.876332250600206,255
271,1271,12,False,2911,12.768468786790864,4.661102037298973,4.661102037298973,1.8698647830622033,8.454896093814385,227,1.259864109773259,5.591410532969995,225,1.2898687799025879,5.937064088016531,210,1.7998670784697814,8.146194523046953,225,1.2998712766990888,5.669191451716829,233,1.6198679421154634,6.90995600174961,246,0.9198749358652684,3.8858414857458903,250,0.8898739292172629,3.6993021232159204,259,0.42988024284195925,1.8502789456654694,251,0.5198697423916604,2.1435017661076325,272,0.12988053663826288,0.5715541622971163,251,0.7398854298140659,3.0740332732413345,262
218,1218,12,False,2944,12.858444007666339,4.570841547280643,4.570841547280643,1.5098452897793713,6.239473247088143,260,1.3198568120907141,5.707636479577304,237,1.1498555532285508,5.0112202203176315,233,1.3898568970080327,5.95122398083814,242,1.1498729590201655,5.04368843362318,230,1.439871158083411,6.197078341103614,240,0.08987424484802381,0.396140198797777,252,0.6398764103306056,2.70863832492725,254,1.069886427877237,4.616244951270769,238,1.159874493742164,4.771500567465414,262,0.8598852719059755,3.7018973605364125,241,1.0798884897520908,4.5053564618220605,255
18,1018,12,False,2618,11.828591937126117,4.503402766834433,4.503402766834433,1.149839389571036,4.67055425411958,269,0.9198546956607014,3.954305136139828,241,0.6498467483547692,2.7859411335583597,247,0.9098463273706565,3.7734225036571596,260,0.8998724650043064,3.9493047354783726,231,1.369870632898093,5.8766444096454515,241,0.9399299567292453,5.311756571190435,140,1.059914272191669,5.323501737701839,176,0.8399097172874276,4.064959855926133,189,1.3398802818099156,5.639741948672694,250,0.8198947570308519,3.682108682623985,221,0.9299326932174443,5.008592233299355,153
223,1223,12,False,3073,12.948373270787757,4.500248916752816,4.500248916752816,1.5798367429175681,6.359441736917348,274,1.1598511446181679,4.91100404163791,247,0.6598449861067779,2.8168899734801616,249,0.7598446057372578,3.1489735008952007,263,1.0898680100494877,4.692014365501751,239,1.319864726313854,5.532594697592986,252,1.049874012039715,4.407102250046659,252,1.4598739978679658,6.0412384285724565,259,1.1798802694475357,4.955972263752333,251,0.7198692707381299,2.9358852628963223,273,0.9898800849516602,4.159471043438503,252,0.9798854199996373,4.0423994363021585,262
985,1985,12,False,3030,12.598398187960713,4.427609652053305,4.427609652053305,0.6798402567124006,2.8013642803566827,268,0.4598541041319702,2.0099948384045034,242,0.44984758857352536,1.9411898111577415,249,0.49984695567955334,2.111273087095508,259,1.549870244135944,6.764184105925089,235,1.3498663141849028,5.693735861101811,249,1.1998739913679384,5.029618565771927,252,1.6598749365422385,6.922058664258235,257,1.5998816999210508,6.791040773008524,248,1.1998706976053444,4.862429731570983,270,0.7298833932279893,3.1308808219361834,245,1.2198880058778556,5.073545284052472,256
455,1455,12,False,1957,9.888918441023916,4.3173252688710155,4.3173252688710155,1.0298507971556803,4.332673155963732,251,1.3598591195113165,5.935638339726867,233,1.1298574313880152,4.934763965146131,232,0.7798704968034723,3.5214452055324057,219,1.0098902452645744,4.760664927430708,199,1.0798936115504965,5.105718325809946,198,0.7599202827179328,4.017944339067013,158,0.45992868331635783,2.5483316687659725,146,0.8499475049267912,5.469162588339314,110,0.43995639180514806,3.057906054330125,91,0.7899562444313234,5.623811229417723,92,0.19998763215280646,2.49984342692225,28
46,1046,12,False,3074,12.338371759414082,4.301638975141869,4.301638975141869,0.6398361427280252,2.6093101841340043,275,0.6198511562096691,2.660930466368484,247,0.46984344837644165,2.0212717872954467,250,0.519844597181998,2.1776065645590275,263,1.0598679957157886,4.564140022214606,239,0.8998647326133882,3.788789947085992,252,0.8998742463720056,3.788829725241672,252,1.3298735079275823,5.487925223956809,260,1.5998802581879996,6.747194644113851,251,1.1898688034621014,4.788011354140746,274,1.3098810227773734,5.512588467473463,250,1.7998858478617092,7.473069315118325,261
8,1008,12,False,3067,12.318375107380774,4.292568460838981,4.292568460838981,0.8598367145269763,3.483571602040548,274,0.40985115306422987,1.7797051192303044,247,0.6598443935823992,2.8168888059348425,249,0.7898437059238477,3.2698257482616855,263,1.1498680050621946,4.94858764970679,239,1.2198658199120016,5.133269067460053,250,1.2298742960350006,5.154887107294709,252,1.3598735497449619,5.612223295412328,260,1.4298807551370103,6.023776277742535,250,0.7898697741199365,3.2185466346976956,272,1.1398814932001387,4.808020824019079,249,1.279885447072075,5.261519398267202,262
474,1474,12,False,2562,11.218646696351913,4.2715757759286115,4.2715757759286115,0.7598700283275482,3.4406771050760807,218,1.0298760053527622,4.7720288866094265,206,0.9998739272412369,4.667008985264228,203,0.6698748393190921,3.0831764736305174,212,0.9398862645968136,4.356901481384042,206,1.0998914023056985,5.148688094368756,202,0.8398924635041898,3.81146906933605,216,0.7598911243401781,3.3968109593714444,224,0.8798960702348297,3.9720124520450955,218,1.0698874838868127,4.644932044195619,235,1.3798986375659759,6.319242441585033,213,0.7899084496767739,3.6459613182770494,209
334,1334,12,False,2434,10.54868672157265,4.159523880760569,4.159523880760569,1.4198505629461797,5.968494520281616,251,0.8698603681076467,3.82018126151364,231,0.5598563889575674,2.4823086968393326,232,0.8798587404145037,3.800974723519006,239,0.7198855842994766,3.3448884698176315,207,1.0398849088107567,4.728122083834844,214,0.8298837437444002,3.6408699221709044,232,1.3398898592490704,5.940120815849911,226,0.7199069126549529,3.4411828000810583,195,0.7399218365440506,3.853617765136476,163,0.5699342544229689,3.2280882027594893,138,0.8599535614210763,5.665437307322916,106
906,1906,12,False,3066,11.818375847546381,4.110097566055493,4.110097566055493,1.0098367020167915,4.075329542624852,274,0.9498511429423192,4.032954559433644,247,0.9398449500211542,3.9836204587029753,248,0.7898445728103382,3.2698299874038197,263,0.8798679664292611,3.8010146665362328,239,1.4098646822458414,5.913769227331407,252,0.8898751503836941,3.7619036857817214,250,1.2498739220213688,5.167897975445638,259,0.9798806737223779,4.133994951080597,250,1.2398697198560173,5.004816805128186,272,0.40988097312843746,1.7697189688241255,250,1.0698853919687794,4.4063199643727256,262
789,1789,12,False,2867,11.46849162125413,4.109515771559528,4.109515771559528,1.2298564147850302,5.281600457956236,240,0.729879603096914,3.4460560356701255,200,0.7398722419274363,3.4514345385153504,205,0.489865363757687,2.2026655695672472,227,0.6698712936799968,2.9490900142380463,233,1.2198690503862724,5.195590862414078,244,1.1998741793246632,5.029619977246488,252,0.729876369662389,3.0781570064465145,254,1.1898821181522334,5.0374996249309305,247,1.1298730695307704,4.623995442302396,265,1.079884298692385,4.611955983147227,243,1.0598876182583523,4.406523746279703,257
228,1228,12,False,3067,11.748376285394754,4.0977900159442955,4.0977900159442955,1.0098364675014269,4.075328646613795,274,0.9198511816164772,3.908156657987634,247,0.6098452818012788,2.6142301175528004,248,0.9498451791979748,3.9211189520899468,262,1.3298680286841529,5.726849258327489,239,1.1698647338635415,4.904599082121158,252,1.079874509314408,4.5311767064164155,252,1.0698739938306152,4.430785818437238,259,1.0598802574616912,4.457022445304272,251,0.5598702488357681,2.3076872588823623,271,0.9698805554481913,4.084800340381815,251,1.0198858478392288,4.211724907216626,261
398,1398,12,False,3074,11.738373081111705,4.081975934673486,4.081975934673486,1.1498355550978347,4.620975676732276,275,1.0998511290687487,4.6590939611660005,247,0.3798453178040958,1.6431934144280453,250,1.09984517357248,4.527723312044892,262,1.0298680277525762,4.436506540509973,239,1.5598647111267927,6.558488524588307,252,0.9898742459303875,4.159445488631219,252,1.1898739501398004,4.921281638748359,259,0.5498802603108744,2.350841606560135,251,0.8598687892330888,3.4837017995044017,274,0.6598800875138681,2.8012443505678712,252,1.1698858335611588,4.821214902600356,261
559,1559,12,False,3069,11.128376852329442,3.8812830977716373,3.8812830977716373,1.5698358235240053,6.306537532197367,275,1.4698517299466134,6.248135673760124,246,0.7298470325311899,3.112842305885907,248,1.1998457368114943,4.943519949635375,261,0.9798685555157798,4.232784850771866,238,1.1198652683859502,4.705977241977026,251,0.44987423098606993,1.9303811870271548,252,0.6398734473543165,2.6790988953971353,260,0.9998802365926803,4.20873042097777,251,0.71986926279224,2.935885147335843,273,0.6998805337376419,2.971660861580451,251,0.5498849941514581,2.299843106713625,263
783,1783,12,False,2360,9.938767549171764,3.875255058882022,3.875255058882022,0.24990240331960042,1.3332504540293135,164,0.4098908652215571,2.060037556221351,181,0.37989194783615765,1.928439616996294,178,0.029909159470743477,0.16960629671234853,153,0.7399017440885848,3.6926282177467424,178,0.9599001376430621,4.679856236711858,186,0.9598774399537852,4.082610282480026,246,1.0498804131320432,4.458754161525816,246,1.689890371705345,7.504867378885963,230,0.8998980523272274,4.106482735231863,213,1.319917240974961,6.752768551352614,174,1.2499077734986985,5.733759218690077,211
136,1136,12,False,3073,11.028372277760663,3.8422092372015726,3.8422092372015726,1.159836448411274,4.668781354386377,274,1.0398511541850326,4.408111478947372,247,0.6898443739243283,2.9412641998634066,249,0.7898445944336596,3.2698298185748422,263,1.1198679966365055,4.820154332011473,239,1.1398647148967511,4.779879979457097,252,0.6598739754146463,2.8012179593243123,252,1.1098730272833282,4.576856722073526,261,0.9698802610334144,4.084799076545632,251,0.6398697579541163,2.6229238023706376,272,0.6698805516180911,2.8477961737310395,251,1.0398854219695155,4.284895949133162,262
550,1550,12,False,3070,10.96837284878766,3.8149823391281443,3.8149823391281443,1.1498355520101644,4.620976442041673,275,1.159851154814832,4.911004187263821,247,0.2998446754618354,1.306762060453291,249,1.0898437138909645,4.478937457721745,263,0.9398679865994698,4.0547805946202695,239,1.2898647142787807,5.406330444027884,252,0.5198746994997758,2.2260799315147577,251,0.6198739539774165,2.602423877041866,259,1.3598802326538821,5.713133240086897,251,1.189870230252743,4.8136964235425115,271,0.39988053124731177,1.7243780705079974,251,0.9498854041004806,3.9212853407150132,262
448,1448,12,False,3060,10.858379709261428,3.7970539704553183,3.7970539704553183,1.1298367257188995,4.549844645129408,274,0.9798511320346287,4.157863772796445,247,0.4198461694759909,1.8150413933313099,249,0.5898445771813704,2.4664850566342444,262,0.9398679779651937,4.054780408739489,239,1.0098642167367653,4.233833706470347,253,1.0298761240220913,4.357960737744988,248,0.9798739450490282,4.064630164420405,259,1.3598802368457719,5.71313328206136,251,0.3898692608458322,1.6166718160668463,273,1.3198800881776964,5.532659827769893,252,0.7098892552081586,3.0017428342990873,253
378,1378,12,False,3061,10.518382406670936,3.669005285273603,3.669005285273603,0.9998379178189759,4.049962082091603,272,1.019853241462877,4.358830830436764,243,0.48984972062158877,2.125026497349513,245,0.8098457510862926,3.362454014250644,261,0.5798680036590025,2.532879368503549,239,1.5398649977376322,6.485376359041392,251,0.5698742333425797,2.429307879497663,252,0.7498730259690265,3.11997233408677,261,0.7298802622707175,3.0954243715043557,251,1.179869754648262,4.765202098335777,272,0.8098800749428925,3.4187315608697113,252,1.0398854231110886,4.284896027315499,262
25,1025,12,False,2824,10.008510969909018,3.6499495627327954,3.6499495627327954,1.3398542886953104,5.709693387150658,244,0.88987231415609,4.079945500960583,211,0.7998655492034903,3.6254659939927936,217,0.8298640897082235,3.6633727655426607,229,1.079879058961958,4.8536926234744415,219,1.5898743772456603,6.964098749875478,234,0.6298833445423586,2.772247841087145,234,0.6798769287007306,2.8783310565223963,253,0.5698840587742791,2.471181516509792,243,0.6998798056899576,2.971657788795898,251,0.09988910215342041,0.45706319921232874,233,0.7998880520775402,3.352644329669368,256
805,1805,12,False,3016,9.858401203095498,3.46328218371943,3.46328218371943,1.2998360914570783,5.216886133252301,275,0.8898529250655244,3.805507308283911,244,0.5298459317094621,2.284738995840101,247,0.8198463381792194,3.40903886557827,260,1.1598701602405526,5.033404844799406,235,1.569865235308147,6.6159526540507665,251,0.33987649005812726,1.4798705693280896,248,1.159875458850894,4.825719779805136,256,0.6898840606958836,2.9753508281167758,243,0.7398730735123352,3.0575715400969696,265,0.10988386731092266,0.4911424655557212,244,0.5498915707073502,2.3642022199257076,248
681,1681,12,False,3066,9.838375659807769,3.4504808609962665,3.4504808609962665,0.6198364401081745,2.5343714375167847,274,0.7098511785592355,3.0356436636370585,247,0.609844971771741,2.6142268832736963,248,0.4298437341567556,1.8097832235684546,263,1.3098685414538664,5.651697054414084,238,0.41986476576047205,1.804892330491923,252,1.229874506605358,5.154888726719018,252,0.9898745138757326,4.112863326580285,258,0.9598812270429679,4.059013170991361,249,0.7898697691331336,3.2185465285929853,272,1.05988055757289,4.457023740045064,251,0.709885453767441,2.952820246124484,262
517,1517,12,False,3011,9.428402183203131,3.340640899012156,3.340640899012156,0.6398361761331102,2.609310523554144,275,0.3798511726953485,1.6526308258951958,247,0.32984473760125227,1.4344453111880402,249,0.5298451872292961,2.2223026633451415,262,0.8498680989841256,3.674268923501973,239,0.5998648234644344,2.553413597695162,252,1.1198780784864852,4.761954902885845,245,0.8098774220894343,3.4187201027022383,252,1.1498831472984639,4.88856538600753,245,0.5998721744049694,2.4850559586751917,267,1.549881058484913,6.542755493692239,250,0.8699001063312994,3.844267099003171,228
314,1314,12,False,3051,9.41838675964915,3.30864011738843,3.30864011738843,0.5898385481085827,2.4276393926708466,271,0.7598541877889108,3.2748757173815073,242,0.6298458668604144,2.6923874684769395,249,0.6098464038568675,2.556884807583011,260,0.9498685825840912,4.1053749462037015,238,1.11986530508349,4.70597768908506,251,0.8698745824110411,3.6654330899754335,252,0.7598735338530578,3.1661375871072575,260,1.119880266144242,4.706040749199223,251,0.8398721337163841,3.4466237363784473,267,0.5898810233118472,2.52153657191968,250,0.579886325930222,2.434769652680044,260
605,1605,12,False,3069,9.238374888008432,3.234129613213527,3.234129613213527,0.8698370707703597,3.5291035399831037,273,0.5898511167648482,2.535737787344046,247,0.9398450433325016,3.983620210087446,248,0.7998451630019885,3.316052067465308,262,1.3598680030898709,5.8580932471595855,239,1.2998652348357844,5.459263479392369,251,0.5698742523656781,2.429308054675066,252,0.8498735102650287,3.5306098697497177,260,0.5798802560599348,2.4753539440360357,251,0.6898692711727034,2.816947291493873,273,0.009880546814400221,0.04396747861329356,251,0.6798854195353334,2.831498388562472,262
762,1762,12,False,3034,9.018393467317154,3.184759773318731,3.184759773318731,0.5798356434153009,2.3712381544776022,275,0.8598512234755009,3.6587972184590747,247,0.789848234280239,3.36163098941683,248,0.2798446664172862,1.1898882672313698,263,0.6998680435729112,3.0408501900220513,239,0.4698642796427705,2.010043380355723,253,0.7598748236291669,3.2190893909139535,251,0.48987356810259175,2.066540221839356,260,0.8998812487610501,3.8104897703735854,249,0.9298707615547078,3.786093614985908,270,1.3098824865726817,5.546262031706792,247,0.9498984878929467,4.156194050042525,232
131,1131,12,False,2430,7.528688495720531,3.1094879304915275,3.1094879304915275,0.13984762330193362,0.609015460941669,256,0.3598589744316869,1.608370972027681,234,0.17985387712825474,0.8053554718134377,240,0.5098540657648633,2.2051140442009203,246,0.6598822985729141,3.031661887969089,213,0.36988293639471226,1.7081944101477278,218,1.1998935299267879,5.4730255755127235,213,1.2598977252730243,5.795152623461526,210,0.7099150323692096,3.5454440393751496,178,0.4899185062553619,2.5228902419437205,170,0.7599319070374154,4.222667210312123,143,0.889952019264367,5.786963228192561,109
964,1964,12,False,3057,8.848383539989811,3.104455581620553,3.104455581620553,0.8698356074526482,3.5109397773854507,276,0.559851134186135,2.4103573338943804,247,0.719848310005058,3.0655560153463206,249,0.13984520355815175,0.6021821569153928,262,0.9998679810612007,4.309085821790725,239,0.9598647431012314,4.035774414506201,252,0.3998742943076664,1.7243513134379385,251,0.8998744471236039,3.746741972631466,258,1.1098812057476295,4.682689200390333,249,0.7798707194636384,3.189979221420716,270,0.8298810294593928,3.5141887647149033,250,0.5798888645234535,2.461620987012806,254
670,1670,12,False,3071,8.798375130851671,3.082721253910717,3.082721253910717,0.9898370461349927,4.003340775533049,273,0.7398511695083416,3.1603446809144837,247,0.29984553369248523,1.3067659498986681,249,0.43984515957125386,1.8541224056064924,262,0.7898679980223086,3.420918634230579,239,0.9298647249210402,3.9122431912896425,252,0.6598745028659317,2.801220361165356,252,0.6598730219379967,2.7554367544047254,261,1.1198802443542468,4.706040674840129,251,0.4598697574376539,1.902352364390614,272,1.0898805511680665,4.581430401908581,251,0.6198854212373546,2.5884388527462843,262
248,1248,12,False,3073,8.778372133861486,3.0827120412578672,3.0827120412578672,0.7598355863088956,3.0835561516728407,275,0.9198511686617664,3.9081560828367796,247,0.6398450020174452,2.7390719855488257,248,0.5198446130190474,2.17760676050079,263,1.1798680282597964,5.077340566503729,239,0.929864748642796,3.9122435638775865,252,0.9298740013752641,3.9122828438416954,252,0.8298725025272019,3.437181738172507,262,0.6398802611211086,2.7238055493151525,251,0.3798702446332099,1.581693518664124,271,0.9098805541559299,3.8372503348039393,251,0.13988542313902638,0.6023553993564429,262
501,1501,12,False,3072,8.788373304845912,3.0719660102639796,3.0719660102639796,1.309836464690985,5.266262356081032,274,0.6498511716836332,2.7859625368289325,247,0.3698449795948707,1.6070849515017553,248,0.6798451678747846,2.8313306026146225,262,0.9698679968060787,4.181852684498762,239,1.1098647194105342,4.655399657544185,252,0.5998742561421762,2.553453551643968,252,0.759873502048594,3.1661376594291695,260,0.7898802626275626,3.342749382274558,251,0.659869274433994,2.6978735685434145,273,0.359880087974948,1.5530134458324814,252,0.52988542155775,2.2224717263748683,262
614,1614,12,False,2866,8.478493734868351,3.0706363495825966,3.0706363495825966,0.9298514039582877,3.9345810265916423,249,0.8998790024830707,4.2235246558060995,201,0.42987371227111715,2.044537631335538,203,0.6698660254918745,2.9854698706803116,227,0.9398746181299689,4.156426560984425,227,1.2498674632776978,5.291106839834823,247,0.3398796185250129,1.497174799809737,242,0.2798778824934498,1.216877910475876,251,0.46988356794998537,2.044689192661166,244,0.9698726135058651,3.973190579544052,266,0.529882425088615,2.284898233002085,247,0.7698854016934069,3.195158894265403,262
152,1152,12,False,3070,8.658374522460818,3.034504985225199,3.034504985225199,0.9298370386800421,3.7661817506480646,273,0.7998511457126259,3.409591830464872,247,0.41984469129554797,1.8150347068481272,249,0.4698451514828918,1.9771347066438951,262,0.7598680039695095,3.2942614508733197,239,1.0198647386050852,4.283161446744832,252,0.6598742379167316,2.8012191633438954,252,0.729873512439472,3.0445375559735504,260,0.6398802709881788,2.7238056039147893,251,0.21986975858252195,0.9239339433399735,272,1.0298805514910858,4.332798543784431,251,0.9798854212971255,4.042399120122627,262
125,1125,12,False,3069,8.608374731154022,3.014015765020011,3.014015765020011,0.6998358607146966,2.8466950101401234,275,0.4998511502301257,2.1589286887121037,247,0.1898452815506584,0.836051144513248,248,0.6998445827279576,2.9070160046012883,263,0.6098679903495065,2.6600843414723756,239,1.1998647138696976,5.029579819507786,252,0.7598747055420659,3.219089180022739,251,1.1498749655907674,4.775429274733105,257,0.9698802537756726,4.084799073215419,251,0.4098687854906144,1.6945977049570933,274,0.5498805436829087,2.350842856484284,251,0.8698858976293509,3.605076081880565,261
798,1798,12,False,3073,8.538373369776128,2.9903723069318158,2.9903723069318158,0.8298364468323601,3.3652154703859147,274,0.9498511955252678,4.032954835230177,247,0.11984467708704735,0.5299142175558214,249,0.6898457798385752,2.876949855701914,261,0.9998680091900133,4.309086106198025,239,0.8998647023027383,3.788790115447433,252,0.8698744913641805,3.6654327895261436,252,0.8398730313495817,3.4838017647338146,261,0.7598802537847495,3.2191126966680725,251,0.5398692736733925,2.21981272352553,273,0.41988008714708436,1.8049584152692617,252,0.6198854216811363,2.5884386929396856,262
498,1498,12,False,2467,7.728721023557849,2.9808810443937563,2.9808810443937563,0.6599087607524511,3.54876858205206,153,0.4198970749108211,2.1657914334560373,171,0.07991185522930104,0.4712048227098887,139,0.32990859404222816,1.8049997600241445,153,0.9699010979733328,4.821280594207719,179,0.8799008213770751,4.301664022893653,185,0.4998752076508094,2.146812528425847,250,0.7698754464689933,3.2301564618911494,256,0.869882621703341,3.7076079186485673,246,0.7198778786467809,3.031548132403901,255,0.509895760272562,2.3290134195847516,219,1.0198859045301543,4.2117248564273595,261
74,1074,12,False,3073,8.418372870214402,2.9570393114796434,2.9570393114796434,0.7898358828482013,3.2018404872783846,275,0.49985116905100435,2.1589286191271464,247,0.47984467491340943,2.0670042225738565,249,0.3798451699860843,1.607118023431547,262,1.1498680028325252,4.948587683400701,239,0.7798647159823107,3.295293060803842,252,0.629874245182329,2.677415719406408,252,0.809873015308501,3.362567316073908,261,0.9398802562304709,3.9609796667869226,251,0.369869760791591,1.5383315728760043,272,0.8798805543510856,3.7135854021187953,251,0.7098854227368872,2.952819963878203,262
418,1418,12,False,3063,8.428379777478177,2.953989424611173,2.953989424611173,0.9598373068794278,3.884742939456658,273,0.5398517359948798,2.331093175810446,246,0.4598464227007264,1.986922099277049,248,0.8198463316230008,3.4090390692526005,260,0.7898679676840618,3.4209183415680546,239,1.4498668169374933,6.135167402996886,248,0.27987473051759487,1.2168642178167874,251,0.4898734897081506,2.0665402188204767,260,0.45988025831603135,1.975849394386526,251,0.9298692510394485,3.7663130326336245,273,0.5098800553182808,2.180390046616534,252,0.739885410759082,3.074033156698433,262
300,1300,12,False,2000,6.8189415074101305,2.911669646328649,2.911669646328649,1.1998892470520641,5.877135855537522,186,0.5599053336972105,2.9831630028274843,157,0.27990482936896427,1.5290447643621616,155,0.4998877778727942,2.4419711015898624,190,0.8099072336842273,4.153588590262748,168,0.8599013797341593,4.215677930713572,184,0.22994146186526734,1.4351938796886234,118,0.3699377607133295,2.1931391780225726,128,0.6699231314286708,3.5143675764966367,161,0.6799104403507217,3.3195338736755606,187,0.009911951475960102,0.051321355471559076,185,0.6499209601667615,3.225898647295488,181
886,1886,12,False,834,4.649547904363221,2.89511174259625,2.89511174259625,0.7699384983118059,5.102989259725166,103,0.40995589827760437,3.1794786153113086,73,0.4099573059240834,3.248507923131671,70,0.6299469315352051,4.441810302224631,90,0.6799497739620862,4.791227882806931,91,0.9899452455416063,6.84823714556725,102,0.1299672199427937,1.0883868108634973,65,0.08997809311470162,0.9024506530590201,45,0.18997609329370357,1.7788103525950847,50,0.19997651240122105,1.8885456606680249,49,0.13997811727887072,1.3725975709629008,46,0.00997821477953852,0.0982987342395155,50
624,1624,12,False,3073,8.088373056611488,2.8309791855112305,2.8309791855112305,0.8298364383530845,3.3652155973021776,274,0.7698511271211758,3.284986098562311,247,0.44984495308104183,1.941177460377352,249,0.939844560366599,3.873739604619314,263,0.7898679515216608,3.4209183247680945,239,1.049864677163879,4.407063441001472,252,0.7198744614735343,3.048449290185903,252,0.7598734537004521,3.1661374221618495,260,0.6698802194340664,2.8477947697428756,251,0.72986973837629,2.980641280307815,272,0.11988006456769185,0.5269859443388378,252,0.259885411452011,1.1086409927667593,262
177,1177,12,False,3070,8.02837579623747,2.8166358264247466,2.8166358264247466,0.6598376064739782,2.697743843991572,273,0.40985113086730307,1.7797049768509947,247,0.419845210253165,1.8150371586877767,249,0.10984515137175052,0.4741991993838279,262,0.8198680216343355,3.5475787540306696,239,0.779864715044349,3.295292976199747,252,0.809874490263679,3.418708179119595,252,0.8498734825015594,3.5306098194850977,260,0.8498802565747493,3.5899615224641783,251,0.30986975846438797,1.2938488149407352,272,0.7298805514910865,3.095425518615293,251,1.2798854212971251,5.261519153327469,262
718,1718,12,False,3054,8.008382254461619,2.8036786190677243,2.8036786190677243,1.099836429407366,4.4310473813998845,274,0.7598523218352105,3.255900813717589,245,0.07984678120970619,0.3557428072137203,247,0.43984459749642985,1.8541200238433506,262,0.3698679580961293,1.6355397443638495,239,0.869864449699661,3.6653908809191504,252,0.5498764200818778,2.364137604290865,248,0.9598744063845368,3.9907491261831636,258,0.8098811421698344,3.438126365709573,249,0.6598692439090731,2.6978734787855467,273,0.6698805097266495,2.847795974348023,251,0.739887994445145,3.107719228037978,256
102,1102,12,False,3076,7.998371840411202,2.8028436767993505,2.8028436767993505,0.8998370356318328,3.647642050307726,273,0.5298511513716391,2.2847633290475793,247,0.32984467878993856,1.4344438681520488,249,0.5498445833557976,2.2996738613515464,263,0.7598680046906239,3.2942616062221,239,1.099864197343788,4.605089716612163,253,0.6298745191268666,2.677416679613301,252,0.929873029486967,3.8475102202573024,261,0.8198802667020592,3.4663577515942583,251,0.41986927608652624,1.7379116799410077,273,0.3598800892520985,1.5530134755956873,252,0.6698850085730637,2.786039882897486,263
926,1926,12,False,3073,7.938372556191834,2.781776561623848,2.781776561623848,0.7698361287204981,3.1283490619793533,274,0.46985111171586275,2.0328255784312326,247,0.44984464604804736,1.9411763433721292,249,0.7698451660908453,3.194991702301494,262,0.9098679939321958,3.9278434709889054,239,1.1398647070086734,4.779880166521927,252,0.3598742551761499,1.5529881744594594,252,0.7598735071170644,3.1661375670093466,260,0.6998802654566686,2.971659726811144,251,0.6898692714274082,2.816947349210647,273,0.2098800840756509,0.9156993492807349,252,0.70988541942277,2.952820249119798,262
36,1036,12,False,3068,7.838377212989641,2.759103933653213,2.759103933653213,0.4098370115039381,1.6944662154478751,274,0.1398511613716717,0.6197155312329878,247,0.6998462049399398,2.9883539795353347,248,0.5098458257606333,2.1445562797933584,261,1.1198679994803074,4.820154294830375,239,0.5098647467946316,2.1803242917042365,252,0.6898742376902532,2.924888780490319,252,0.919873998930478,3.821022357706287,259,1.149880269541937,4.830880736687799,251,0.3998697737645962,1.6600086793096847,272,0.549880559082959,2.3508429488535105,251,0.7398854241282963,3.074033108246789,262
369,1369,12,False,3075,7.828373839413891,2.7503186752863193,2.7503186752863193,0.6298369979978731,2.578511334963367,273,0.3798511343593681,1.652630593981278,247,0.4998460867551667,2.1466859804238547,250,0.5198445957242626,2.17760659386226,263,0.9998679844849868,4.309085745664386,239,0.9498641896703915,3.987042892932667,253,0.7498742638157536,3.1719220695987995,252,0.8498735075748356,3.530609831518347,260,0.9098802653244797,3.8372491754212317,251,0.4498692671847081,1.85882307971118,273,0.24988054095277565,1.0889010780369712,251,0.6398850055692897,2.6647557273214866,263
129,1129,12,False,3061,7.788378903464625,2.729131872037834,2.729131872037834,0.7898361426742091,3.201841793963336,275,0.5298511200594461,2.284763508950298,247,0.11984588366857038,0.5299197069432104,249,0.3198445773233385,1.3586347135232697,262,0.6698679610613109,2.914041944669811,239,0.8998646894381528,3.788789963457323,252,0.8198746878210225,3.4663341738376547,251,1.1198734245064996,4.626121320602757,260,0.7598816620387276,3.2374048375954554,248,0.7098702149100024,2.9062772909733927,271,0.21988052912963185,0.9604052985952961,251,0.8298880108337133,3.4750479113422053,256
454,1454,12,False,2898,7.4984713118531205,2.708642161793921,2.708642161793921,0.4098492943278419,1.7596406585499957,253,0.5398589488343594,2.3865003331453436,234,0.6798598638814121,3.016311125261059,229,0.22985587231158353,1.0168954950834777,244,0.649880199145351,2.960889062964818,217,0.5298723766064568,2.3250296043282783,238,0.509878876096602,2.2179725153497474,243,0.329880379516444,1.4428818011718876,246,0.6798836650279104,2.9277602024077045,244,0.9398726901146,3.853038610550854,266,1.2698862741330206,5.465865056037836,239,0.7298928718575383,3.130921476676049,245
174,1174,12,False,3068,7.658374860057807,2.6852765346559386,2.6852765346559386,0.9198367677546954,3.720221241663885,274,0.5298511800355858,2.2847635186208306,247,0.2098440779215312,0.920832856770055,249,0.7598445743947216,3.148973433746259,263,0.6098680335711472,2.660084511836148,239,0.5298642126184987,2.2592002478379207,253,0.6098747681464504,2.599643008313316,251,1.1698744679367736,4.848456066803296,258,0.8498802732247934,3.5899617071327987,251,0.2898688068076081,1.2077512943000523,274,0.39988056628493085,1.7243781901579494,251,0.779887131361071,3.259052338688754,258
872,1872,12,False,3073,7.488373583198539,2.637450765430749,2.637450765430749,0.659835576465903,2.683925984011288,276,0.5898511462896578,2.5357374451575403,247,0.4198452173828894,1.8150368030535753,249,0.49984516627619996,2.099853324242052,262,0.8498680188485933,3.6742687765106052,239,0.5698647253517258,2.4292673275900007,252,0.6598742415607135,2.8012192806857783,252,0.6698735128349989,2.801040666866962,260,0.6998802471289105,2.971659595972545,251,0.2798697585710252,1.1709944464164268,272,0.8798805515680024,3.7135853491084267,251,0.7098854209199195,2.95282018555379,262
339,1339,12,False,3074,7.448372103232417,2.6115516383038817,2.6115516383038817,0.6698361698043792,2.728078934268398,275,0.49985111401967863,2.158928573913446,247,0.05984463555115996,0.2660711223151583,249,0.42984458902926287,1.8097873352796774,263,0.9098680004637592,3.9278433747520265,239,1.0698641956584436,4.481164604031519,253,0.6598739765962427,2.8012183273069757,252,0.7598735119090639,3.166137799038703,260,0.7598802570031324,3.219112846890088,251,0.7198692644783856,2.9358852693894932,273,0.24988053690023043,1.0889010595903825,251,0.6598858518186789,2.755490412870708,261
911,1911,12,False,3041,7.328393131773396,2.5947452894826974,2.5947452894826974,0.6998411505722558,2.8915546599822535,266,0.6198547053319283,2.6918402533952754,241,0.8198500220611377,3.5266042886506845,242,0.4798510719725772,2.0554172351392612,252,0.7698685543056012,3.3430953701730974,238,0.4298652526512078,1.8502142036949867,251,0.539874262093319,2.3049535930342913,252,0.8098730382409651,3.3625673308359607,261,0.8198802588575725,3.466357655857547,251,0.2998692665682157,1.250748343119853,273,0.4298805459384142,1.850280209906388,251,0.6098850031802012,2.5433103300027717,263
729,1729,12,False,3073,7.338372558484952,2.5812141366491717,2.5812141366491717,0.8098373179929553,3.291954162646397,273,0.5298511678834893,2.2847633355401413,247,0.6798434310209724,2.894358954983648,250,0.21984458228683162,0.9389195474918645,263,0.9098680007270336,3.9278433732255107,239,0.6598647401633345,2.801178827103634,252,0.8098742570084883,3.418706675221035,252,0.7598735088884975,3.1661376589803294,260,0.7598802808751438,3.2191128940481435,251,0.1898697586143211,0.7996758699733553,272,0.20988008961972784,0.9156993752871224,252,0.7998854234041572,3.316218965288875,262
766,1766,12,False,2771,6.848553641787489,2.5703225280216833,2.5703225280216833,0.1998742406901169,0.9504891091009097,211,0.7298903873514766,3.6047911455525363,182,0.5598838543753422,2.7468666730325815,187,0.7498954717880881,3.751927131071196,177,1.0498758429260129,4.656881095242563,225,0.5398696271096588,2.344640050022405,243,0.29987376982661834,1.2994551455329035,252,0.5298740046831353,2.23448988503771,259,0.45988026998448944,1.9758493316836585,251,0.2798697702408931,1.1709944533154084,272,0.9998805587631475,4.208731915022045,251,0.44988584404850995,1.8987544016462825,261
317,1317,12,False,2415,6.358720231233659,2.5293301565261888,2.5293301565261888,0.599860065283287,2.643770672327369,234,0.38987864729917143,1.8680360761110644,201,0.43988497761516016,2.172861938152628,187,0.5998830612110262,2.8596965621111767,198,0.7198972990681418,3.5195381597189925,186,0.5198927324116044,2.4765667121557686,200,0.6598828105435571,2.900486059040822,234,0.5598914817183721,2.5289815875075057,223,0.3099017435584086,1.4766038952878509,206,0.23990800249412964,1.1890031353705515,192,0.7399267269787351,3.962404426787455,154,0.5799126830520643,2.7540126537430827,200
555,1555,12,False,3075,6.928371745025316,2.4375436635988006,2.4375436635988006,0.5998352724251848,2.4465032759110206,276,0.7698511649826013,3.2849860767614136,247,0.2698446806638801,1.1786207372825788,249,0.4698451365649599,1.9771347071314778,262,0.9398679995371039,4.054780389972377,239,0.8898642209653553,3.7406114776353947,253,0.20987425152047687,0.9156738236440278,252,0.48987350868026713,2.066540240953391,260,0.15988026188565607,0.7017634971861926,251,0.6598692745800004,2.6978736233317058,273,0.9998805515045026,4.208731832855497,251,0.4698854217153284,1.9773042805205285,262
702,1702,12,False,3051,6.928385559513757,2.4371943656425907,2.4371943656425907,1.3798421610620757,5.651472053458053,264,0.4498517569383486,1.9523240165605045,246,0.2698464925870371,1.185471962820599,246,0.29984753241280276,1.284849713253915,258,0.9498685666101421,4.105374937219034,238,1.0398657892631542,4.382555546920028,250,0.1498742238836082,0.6571332015682954,252,0.45987348598857425,1.9432920326219243,260,0.6998802421694719,2.971659566296124,251,0.6998697587548067,2.861536995122218,272,0.09988054637642692,0.4407048281173056,251,0.4298850034673088,1.8099575337530864,263
635,1635,12,False,3049,6.888389691276989,2.435618093959805,2.435618093959805,0.8398412226739874,3.4464967033465324,267,0.39985201152528665,1.7440751838169068,245,0.8298518688074559,3.5755824579708624,241,0.3398463600142794,1.4469063497745724,260,0.6398679811504402,2.7871290574468426,239,1.05986527900603,4.456959239005697,251,0.4198745196028853,1.8049340953448456,252,0.3898730568417324,1.651487945168251,261,0.46988073110973966,2.0214346089545017,250,0.6398697414325095,2.6229237856955216,272,0.4198814988954174,1.8151953914999015,249,0.43988542021722504,1.8542923094932249,262
987,1987,12,False,3059,6.848382003237998,2.4223895335995373,2.4223895335995373,0.22983673702612412,0.9617065299025835,274,0.4698511506306049,2.032825285499098,247,0.5598458809725178,2.396710174798378,250,0.019845202058249876,0.08636509156536981,262,0.7298680173557301,3.167580993048665,239,0.5298658896392033,2.2719054142479624,250,0.6598743081924323,2.8012198785312314,252,0.5798749811865911,2.4480277296173196,257,0.7798812460284343,3.314022729670756,249,0.22987027338313526,0.9669566992850049,271,1.0598819864896865,4.483031250711777,248,0.99988633027529,4.1383226263163,260
367,1367,12,False,3076,6.858372312047508,2.4150554568066487,2.4150554568066487,0.6998361285868855,2.8466963967916734,275,1.1298511663672626,4.784920730137062,247,0.3298458613673941,1.4344496395815238,249,0.6698439997035134,2.7858686356594675,263,0.7598679918880326,3.2942612492789487,239,0.4998641832519243,2.1347558614393605,253,0.05987446555389324,0.2646389166586332,252,0.4198729749294509,1.7752616474359566,261,0.819880241128611,3.466357635012904,251,0.36986975339104383,1.5383315092443295,272,0.6098805486094262,2.5996680555082006,251,0.4898849972700712,2.055455204931726,263
395,1395,12,False,3075,6.748372241176624,2.364608143973619,2.364608143973619,0.7898361550513188,3.201841759483569,275,0.3498511802577441,1.5251751392047823,247,0.2398446544522729,1.049989021702947,249,0.589845181056676,2.466487980348705,262,0.6398680079251351,2.7871294057556844,239,1.109864737836117,4.655400074792636,252,0.2398742622154905,1.044107125080275,252,0.5798734959009677,2.4347160729224617,260,0.4598802658170581,1.9758494174871128,251,0.8898687907571242,3.602030229041451,274,0.23988008727321164,1.0441325041877423,252,0.619885422633508,2.588438997676064,262
434,1434,12,False,3067,6.678376239925035,2.3639184803990427,2.3639184803990427,0.38983555334923065,1.6081756614848421,276,0.5598511678050846,2.4103572657503847,247,0.4798449803610547,2.067006668120562,249,0.12984463262365023,0.5585487682830891,263,0.6998680060792145,3.040850206053521,239,0.5398647686982425,2.304913199309437,252,0.6398750051428702,2.723782670642721,251,0.699873515499357,2.9228458113696214,260,0.8498802642817908,3.5899613806545085,251,0.08986928337617006,0.3808760990025743,273,1.27988102671597,5.385817318176942,250,0.319888035992399,1.3738867159403136,256
600,1600,12,False,3073,6.678374646215088,2.3558502861639483,2.3558502861639483,0.7398364521571792,3.0098017607166105,274,0.8298511581212488,3.5341871836384415,247,0.4498464153948544,1.941184570621769,249,0.4898445827262431,2.0552855175785543,263,0.519868018650505,2.2778757074685076,239,0.8398647475658759,3.542024915624404,252,0.38987425633244105,1.6791447386666964,252,0.519873481186087,2.1895105175334506,260,0.45988026308396673,1.9758493107995672,251,0.12986975931126454,0.5495695823096403,272,1.0498800885797763,4.407128542630085,252,0.2598854231056465,1.1086410863796574,262
609,1609,12,False,3074,6.6083732987472725,2.326407816831596,2.326407816831596,0.609835596811472,2.490368341693213,275,0.4098511450431864,1.7797054083590824,247,0.23984616917035043,1.0499958357246164,249,0.39984458579116927,1.6865613242977364,263,0.6098679618501862,2.6600842088193315,239,1.169864674171301,4.904598993845214,252,0.429874722747416,1.8502551872798145,251,0.80987302045981,3.3625673101581928,261,0.5198802598967174,2.226104196254943,251,0.2998692614787885,1.250748333183416,273,0.2698800711149004,1.1720498960473218,252,0.8398858302119758,3.4838547663162673,261
50,1050,12,False,3069,6.568374297745115,2.31819203508828,2.31819203508828,0.49983645928505976,2.0559933641238155,274,0.5298511158730639,2.284763276637212,247,0.5398440033212333,2.317824882632421,249,0.30984633900960046,1.3218892364151122,260,0.45986801036826436,2.0218880161290365,239,0.779864728192623,3.2952929231242347,252,0.38987423646779656,1.679144641211329,252,0.7698739749060575,3.212478773819244,259,0.5198802596913195,2.226104088523114,251,0.23986926253758653,1.0047205498289569,273,0.5698800769593887,2.429332972728537,252,0.9598858311331213,3.968871695886347,261
146,1146,12,False,1753,4.939062865034492,2.2866913826893733,2.2866913826893733,0.5798987015717355,2.973056836741647,170,0.5399004208465149,2.812281166137861,165,0.14989652019043145,0.8061599656110876,165,0.2399025038112238,1.277511527930864,165,0.27992925234503924,1.6727080632486615,128,0.4599373778111533,2.8414062898502706,116,0.7099051825659871,3.4366195486533098,190,0.40992212518732074,2.182727370853233,160,0.5999355948905083,3.4318617068152415,135,0.1799482565471227,1.1784776900193654,108,0.3799566715859148,2.644715356250306,91,0.4099302576815404,2.1827710701606313,160
719,1719,12,False,3071,6.3683740489048875,2.244234726040643,2.244234726040643,0.5598364775361444,2.295633868708012,274,0.3798511553839482,1.6526309678098332,247,0.11984469480338944,0.5299143050272916,249,0.3998445973047218,1.6865613091560083,263,0.5798680016913718,2.5328792580423483,239,0.7898652438197818,3.3426855142881142,251,0.7198744595364474,3.0484494315577515,252,0.5098729881514996,2.1446707817473722,261,0.6198807200915321,2.6460201986700262,250,0.5498697433821684,2.26368435336596,272,0.3398805399840359,1.471467480203708,251,0.7998854272198459,3.3162192439112874,262
944,1944,12,False,3070,6.378374731060283,2.240256729512358,2.240256729512358,0.769836416903173,3.128350341673423,274,0.5898511467522292,2.535737817882432,247,0.029845531609421293,0.13307661490225142,249,0.13984511777454967,0.6021818166970293,262,0.6798685492127469,2.962156908315198,238,0.9198639258030675,3.8637928091855436,253,0.3098747381647188,1.344376493506946,251,0.54987345502143,2.3122277403470113,260,0.5198802366146295,2.2261040252688566,251,0.8698692622824283,3.5292348469221406,273,0.48988053105089974,2.1011167099291055,251,0.509885819870989,2.1447246295183575,261
619,1619,12,False,3077,6.278373334298731,2.218266560378525,2.218266560378525,0.4898361549875425,2.0124932211743545,275,0.37985114054718894,1.6526306396249406,247,0.7598455478611004,3.218964680213268,251,0.039844625447801714,0.17275441757598442,263,0.8198680195292444,3.5475786571789953,239,0.7398642679498864,3.12490101089187,253,0.20987449899150162,0.9156748226533051,252,0.3998734923232601,1.6958637810676942,260,0.7598802610580032,3.2191127994015427,251,0.3998697634625755,1.6600085798048947,272,0.8198805533469137,3.4663590507482276,251,0.4598850087937132,1.9328570642072247,263
977,1977,12,False,2905,6.108451087427453,2.211529273573358,2.211529273573358,0.5598370062919954,2.2956364020470037,274,0.22985110306112014,1.0109308840941695,247,0.2698455427340139,1.1786244823807404,249,0.20984578476424018,0.9002086935994983,261,0.6698679880822176,2.9140417922910937,239,0.7998642107945233,3.3712367976354227,253,0.6198752550288206,2.645996830391705,250,0.6998749156887267,2.9388321259855372,257,0.7698849918028382,3.3234574637653287,241,0.6398840489655622,2.7709211071548188,242,0.10989816001100278,0.5236253324747707,214,0.5299220802023925,2.6648393710602,178
955,1955,12,False,3070,6.22837436849902,2.1947891715396506,2.1947891715396506,0.659837022723572,2.6977412503201763,273,0.49985116931623286,2.1589283664517303,247,0.08984437484121743,0.3983379720720809,249,0.24984458940058443,1.0646458215356975,263,0.6098679982651894,2.660084187729356,239,0.6298647163676336,2.6773750746406026,252,0.11987449293384389,0.5269614012512672,252,0.6798740077743838,2.846805873479985,259,0.819880255144139,3.466357608780246,251,0.2198697616246721,0.9239339327065931,272,0.9698805541868479,4.08480033861476,251,0.6798854259207037,2.8314982308933123,262
833,1833,12,False,3022,6.138396514425558,2.1776737149022423,2.1776737149022423,0.5798355900211913,2.371237634917846,275,0.5398517506179298,2.3310931072903855,246,0.1198446672475254,0.5299141903738149,249,0.3798451841604096,1.607118265676987,262,0.639868012314242,2.7871294952464214,239,0.629866292464685,2.692476583967546,249,0.2998744968081947,1.299458193915303,252,0.48987347317177743,2.066540069372015,260,0.6398816792282153,2.7392311329537335,248,0.9998740147337951,4.115641342073028,263,0.25988812384749027,1.1678372696215196,235,0.5598932298101027,2.424407293418308,244
526,1526,12,False,3072,5.938373397769191,2.103572320813771,2.103572320813771,0.46983641664357,1.9357810728757403,274,0.6798510882440776,2.910857712112683,247,0.45984582101193033,1.9869191160004374,248,0.13984515107352624,0.6021819936600438,262,0.519867994326707,2.277875592785197,239,0.7398639151141003,3.1248992087709277,253,0.5498744844231696,2.350817041903974,251,0.6198739803133118,2.602423997964878,259,0.5498802675804954,2.3508417090614047,251,0.46986878300710877,1.9359148186147184,274,0.44988007740686375,1.9304064865464552,252,0.28988541862433037,1.233949099468788,262
493,1493,12,False,3070,5.808377536854778,2.0570727212355937,2.0570727212355937,0.6098379422980679,2.5032434199000564,272,0.5298511398130489,2.284763392005048,247,0.6998476613679125,2.98836185900841,248,0.7298446132842091,3.028042892379673,263,0.639867998975723,2.787129293704344,239,0.32986473493182294,1.4263940408917186,252,0.29987449941876143,1.2994584185558518,252,0.2698729694072807,1.1525157974896594,261,0.48988024473645264,2.1011153528587423,251,0.03986975908548345,0.1700108038509268,272,0.9398805518263059,3.9609808920652982,251,0.2298854217097084,0.9828564921173947,262
649,1649,12,False,3073,5.808373152888311,2.0436263126120715,2.0436263126120715,0.799836495334249,3.2468157522126533,274,0.4998511723387305,2.1589286885786736,247,0.05984502510343471,0.26607286647135786,249,0.549844607475714,2.2996740716357236,263,0.549868006424931,2.4054859429426543,239,0.6298647249435058,2.6773752578636523,252,0.20987404560573797,0.9156730974411942,252,0.4098739967265488,1.740364098117297,259,0.5198802692892946,2.226104180318795,251,0.5398692830619667,2.2198127693736414,273,0.2698800933151636,1.1720499865332457,252,0.7698854332690346,3.1951590398559686,262
893,1893,12,False,3076,5.7783748704139795,2.036617776007611,2.036617776007611,0.989837602634228,4.003343448849224,273,0.6498511503215691,2.7859618862029243,247,0.13984671472874055,0.6160718233210098,250,0.4298445975617842,1.8097872151541339,263,1.0298680148066974,4.436506002540503,239,0.7098641911568534,3.001636308956027,253,0.08987450493779398,0.3961413593305983,252,0.2598725139601575,1.108585983468262,262,0.7298802592518877,3.0954241324403284,251,0.3698697589581776,1.5383315387763437,272,0.24988055262819955,1.0889011067512384,251,0.1298850094678905,0.5587225063007435,263
575,1575,12,False,2980,5.598417041694567,2.0151254494299553,2.0151254494299553,0.46983649371810965,1.935781482474193,274,0.5298511643482192,2.284763509100047,247,0.08984464765488735,0.3983392893030823,249,0.45984457976526,1.9326871251821445,263,0.3398680288124963,1.5060025805538253,239,0.27986686987964543,1.2238330387189396,248,0.43987694942452127,1.9065387481245766,247,0.4998769495450245,2.1348104468741163,253,0.5998870121738306,2.6281294411079106,237,0.3598793583738897,1.5530102093806142,252,0.7298877010324427,3.1865738288423984,236,0.7998972869662406,3.491035693497614,235
85,1085,12,False,3074,5.738372733730706,2.0138985792766153,2.0138985792766153,0.7698364407002999,3.1283504205287644,274,0.5898511292515027,2.535738020503066,247,0.08984497514305606,0.39834070717315617,249,0.6798451781849231,2.831330784967677,262,0.48986799336169035,2.150019504082318,239,1.1098647109255528,4.655399957339272,252,0.20987425934312684,0.9156738875284409,252,0.4898735086184973,2.06654027868464,260,0.21988025852084886,0.9604040963664356,251,0.5898687832854744,2.415237838518227,274,0.029880075920127952,0.1324430927573419,252,0.46988542047560516,1.977304362870045,262
699,1699,12,False,3068,5.528380353977943,1.964918140932517,1.964918140932517,0.34983708037246175,1.4518071941963204,274,0.6998524148144466,3.005530293868204,245,0.5198501046734986,2.25142559296486,245,0.009844671300042223,0.042802576621954316,263,0.5198680475063986,2.277875545895009,239,0.31986428490257673,1.3815102424562513,253,0.569874585961744,2.4293092755983507,252,0.26987305288050817,1.1525161517666458,261,0.6098802897257721,2.599666842131787,251,0.1298697856962825,0.549569677564744,272,1.119880580448915,4.706042093497028,251,0.4098854556952965,1.7309622046290492,262
520,1520,12,False,3036,5.488389918995558,1.9548709625957843,1.9548709625957843,0.17983555267340626,0.7526572722167674,276,0.3498511258343774,1.5251747346209406,247,0.5998458152996456,2.5677252111314837,249,0.15984458656917241,0.6859003980055552,263,0.8498679843233938,3.674268470038294,239,0.9898644657631911,4.159405271267273,252,0.18987454807139065,0.8313446954847258,251,0.03987349635510541,0.1738629680977418,260,0.549881691598439,2.3641598675797995,248,0.5398721644512672,2.243150036257279,267,0.7698810186775187,3.2664720132223337,250,0.2698974693786499,1.2143306132272182,234
745,1745,12,False,3075,5.398374230955167,1.9109642491901866,1.9109642491901866,0.7898361626420466,3.2018418420971093,275,0.5598511347080484,2.410357100257556,247,0.3598466922204384,1.56170631119946,249,0.21984458280071026,0.938919560277493,263,0.39986799059784833,1.7646789200959279,239,0.4398642107124506,1.8850347734346355,253,0.2998744855250618,1.2994581736175033,252,0.2998729992741073,1.2778935178897903,261,0.48988024110372197,2.101115321823381,251,0.18986975858252192,0.7996758657499108,272,0.879880551491086,3.7135853637612195,251,0.46988542129712596,1.9773042400782526,262
291,1291,12,False,3070,5.388375414259636,1.9041655850391874,1.9041655850391874,0.13983672677387946,0.5891628436750527,274,0.19985114301468854,0.8811078740729273,247,0.21984616638662893,0.9658188586994274,248,0.10984515208924381,0.4741991955509036,262,0.33986799134869733,1.5060023842782966,239,0.7198647221571988,3.0484075992147095,252,0.3898740203782787,1.6791438953879911,252,0.6498739853017927,2.724690215629791,259,0.609880263498469,2.5996669874150737,251,0.5098692729397092,2.0997514987065737,273,0.6398805492031862,2.7238067723129347,251,0.859885421167864,3.5582288955265686,262
270,1270,12,False,3064,5.358378701334354,1.9010666327568035,1.9010666327568035,0.4798370525769745,1.9792957619874019,273,0.25985115240656814,1.1402172931248382,247,0.02984581933006404,0.13307790472796047,249,0.5498445957804186,2.299674116916186,263,0.769870204863063,3.36319168468313,235,0.999865257388961,4.208667215980471,251,0.42987476184645346,1.8502551891235595,251,0.5098730020253096,2.144670776272662,261,0.5198802704174168,2.226104165639666,251,0.10987022643319291,0.46654097348820484,271,0.4498800833724026,1.9304064924885032,252,0.24988627489352963,1.0706980186490573,260
266,1266,12,False,3056,5.2583848257334544,1.8589331161301113,1.8589331161301113,0.3098359267883017,1.2869518760921241,275,0.16985120722933517,0.7507143306234337,247,0.03984804524478254,0.17785763258005421,248,0.09984641444954423,0.4330270719039754,260,0.31986862271620325,1.4222375489336612,238,0.29986485554633274,1.2994165244311808,252,0.36987483766298834,1.598092023886496,251,0.6098750181984472,2.5709748087283564,257,0.5598807992665283,2.3968604765821717,250,0.5098707769068344,2.1107121510545923,270,1.1098815525228785,4.682690370487772,249,0.8598867692012784,3.5776625782575158,259
67,1067,12,False,2847,4.648500213793165,1.6975626960572134,1.6975626960572134,0.3598578755278341,1.5987045948334602,237,0.19986361358636356,0.919634367750395,226,0.1398604495426154,0.6470581666700911,226,0.10986599615226067,0.5097540937499866,226,0.2398856464387487,1.1470947104028064,207,0.34988354924190185,1.6216732287330693,217,0.7698782452286994,3.304086820712344,244,0.3998764889986313,1.7147042649046862,254,0.8798831738299558,3.7565093292441514,245,0.3498731278883195,1.4751936064574578,265,0.6398848316373315,2.770924450803478,242,0.20988721572050292,0.9054147184246365,258
917,1917,12,False,3064,4.6983812730617025,1.668151598491835,1.668151598491835,0.5098376106097754,2.0996209024272106,273,0.22985115410828422,1.0109311764722906,247,0.20984762514233268,0.9208489217679542,249,0.03984458309483068,0.17275424134638995,263,0.30986800278591325,1.3760343957324495,239,0.2998647832243449,1.2994162088480137,252,0.3498755420110029,1.5165753257471266,250,0.4198745629929513,1.784990895236918,258,0.6698802868933021,2.8477948913242024,251,0.44986930582127027,1.8588232096420607,273,0.7098810621453187,3.018587742479908,250,0.49988675423237583,2.111441270877497,259
139,1139,12,False,1795,3.4990637439178096,1.588652979501523,1.588652979501523,0.16991908658185995,0.9995233880508527,136,0.3199234626890594,1.911419565408752,127,0.14992340895193246,0.9169387566982644,126,0.5699183747790473,3.2279980701281348,138,0.25993479551573,1.6168367267386496,118,0.10992854210787623,0.6590915693674734,133,0.20990278724629624,1.0355684797466058,195,0.7799037705374995,3.6949260351611213,198,0.41992563326096566,2.261119260506894,156,0.1599215083957753,0.861562598982826,164,0.07993956910031766,0.49239353799663377,127,0.2699228047514502,1.3864577652320655,177
429,1429,12,False,3072,4.438373010051833,1.5800644846186973,1.5800644846186973,0.4298358682987841,1.7719849610850973,275,0.43985114989321894,1.906427360826053,247,0.1498447009210915,0.6608320323238696,249,0.22984516668659746,0.9826843485396968,262,0.6398679999463862,2.787129293686442,239,0.8998644632118323,3.7887886707449474,252,0.509874236695961,2.1803651400858732,252,0.3498739700034848,1.491330777382719,259,0.06988026156385287,0.3091802700795277,251,0.14986927198683503,0.6320526470334861,273,0.26988008431233534,1.1720499444078554,252,0.2998858365314536,1.277948369228798,261
15,1015,12,False,3071,4.268373428350395,1.5099843436199583,1.5099843436199583,0.3698364151827618,1.530201676886831,275,0.3598517568031691,1.5707223959621,246,0.019843738125984417,0.08839088702885634,250,0.4898436936713174,2.055281531589201,263,0.4298679921277962,1.893451221777767,239,0.869864710146241,3.6653914172673994,252,0.1398755747884832,0.6161992056649026,250,0.5398745075905482,2.279611456169217,258,0.06988026378125038,0.30918028070879566,251,0.41986927168380883,1.7379117264751784,273,0.08988008434111854,0.3961659853535658,252,0.46988542010791595,1.9773043385556845,262
239,1239,12,False,3072,3.8083765190386814,1.3599633059328617,1.3599633059328617,0.049837099064897576,0.21155912545048744,274,0.46985117522784625,2.0328255464911162,247,0.6798474204691651,2.9108436046401467,247,0.009844664149860922,0.042802544528166515,263,0.4898680432968861,2.1500195078774933,239,0.01986426026465713,0.08796035897867838,253,0.08987477172426456,0.39614256013394067,252,0.23987301645466957,1.0266694143062234,261,0.30988027283179304,1.3444002803974926,251,0.15986978273360336,0.6748970218359813,272,1.0298805716126507,4.332798533727998,251,0.259885441208387,1.1086411728266166,262
815,1815,12,False,1559,1.9591850295170463,0.977016790888647,0.977016790888647,0.26993753849033986,1.7711981915053463,105,0.14992940383401643,0.9497437443146646,117,0.11993999242390538,0.8263400280805114,99,0.01993414157239609,0.13201698203136364,112,0.11991880744447171,0.6842902087646725,147,0.31993007515422295,1.8907088598274977,130,0.16992351066207972,0.9422245638752151,154,0.33991724033886916,1.7686441620948767,170,0.08992693186462028,0.5054468927554832,153,0.059936692801785665,0.36356220784079296,132,0.18994622153445986,1.2160942985957846,113,0.10994447339587923,0.6739313509775563,127
961,1961,11,True,1012,7.219454490118344,4.929331451603199,-88.95070668548396,0.6799512102985715,5.0996303964315635,82,1.1299343719044619,7.691191315877871,109,0.7199443421215594,5.242628883600827,87,0.5999609084602695,5.078410514522359,66,1.1599498481077057,9.414623097919657,91,0.5999549808481502,4.382927444700782,84,0.7099019404992836,3.386158231366763,196,0.44993130988832447,2.5355914063532907,141,0.4599618839941261,3.411123154781507,80,0.35997989677038467,3.7670549438877297,42,0.34998379722550815,4.213306578192843,34,-1.3197768091723419e-05,-0.0001675185821774292,30
541,1541,11,True,2770,9.588508144846317,3.6700456581766416,-88.96329954341823,1.3798372944983421,5.55726346402959,273,1.2598517300875245,5.344292096024278,246,0.7598458580792757,3.2372497478819846,248,1.1998457226800987,4.943520198630516,261,0.8198679687513365,3.5475786155089812,239,1.4798668496058212,6.265180169155905,248,0.08987398111074361,0.39613907727290326,252,0.45987347135845863,1.9432919988018476,260,0.8798831022352538,3.7565091861418085,245,0.6798745073252235,2.8314528332742537,262,0.5798876591142403,2.5480248532209884,236,-0.18011024997649794,-0.8164541681170059,252
651,1651,11,True,2788,7.098502687663566,2.738727097824072,-88.97261272902176,0.6998379679586761,2.861406753345367,272,0.759854243608172,3.274875849834293,242,0.989848286497996,4.207707240166141,246,0.3398463991842568,1.4469064936672962,260,0.719870810005126,3.156631556278195,234,0.5398648048722638,2.3049131857237386,252,0.5398740827928664,2.3049536435380253,252,0.7798730671349325,3.2412978990386168,261,0.9798807678509481,4.133995007810554,250,0.06987122012860877,0.29878831535423284,269,0.6798810376297189,2.8945221313083325,250,-0.24011410958801274,-1.0763004463229142,261
42,1042,11,True,2409,6.148686947056602,2.4858184925975157,-88.97514181507402,0.9598447812554798,3.9687017385747914,261,0.3198544848024381,1.4137421248728759,241,0.5498497921638438,2.391361426860959,242,0.8798481573324781,3.6720881895595383,257,0.7398735390240051,3.275199258526172,229,1.2298710964002255,5.28166424102148,240,0.05990221319083319,0.30031686810739416,195,0.16990019563046088,0.8215536470378574,205,0.24991602271667013,1.2895581413290604,176,0.6599123185831334,3.2573269180494444,183,0.3299143459570342,1.6724908646331018,180,-0.3500430935935125,-2.85779396225319,98
338,1338,11,True,2813,4.178487430297517,1.6182400837566389,-88.98381759916244,0.6098356019910184,2.4903685702345952,275,0.6198511954644915,2.660931082658005,247,0.31984531133936384,1.3892857108763055,250,0.2298451847399147,0.9826844372460226,262,0.4298679946299686,1.893451253937123,239,0.7998642341358347,3.371236964804439,253,0.17987429655267168,0.7866936289026336,252,0.18987351918741321,0.8173216170701157,260,0.6098802576165768,2.5996667936848254,251,0.1498692764840839,0.6320526567798526,273,0.03988055815617905,0.1769482051291063,251,-0.020114987147917963,-0.08770672420280738,263
463,1463,11,True,1726,3.1090895444216997,1.5262889808355247,-88.98473711019165,0.09992025958220915,0.5978441241451405,134,0.5899180184314539,3.363187585080534,136,0.04992455236180441,0.3127291093650558,124,0.12993499249027635,0.8501612780828808,110,0.49992160784350026,2.8006099285733304,142,0.23992748572994704,1.4043196055004248,135,0.30989713655006546,1.4765816633853908,206,0.13990321153381824,0.6883424454479383,199,0.49991083823035737,2.4603791311240935,187,0.15991283195596645,0.8195964524249582,182,0.3899186097123007,2.0154274660610243,171,-0.3100817175352584,-1.6824512704385457,187
712,1712,11,True,2806,3.5884928839850456,1.3950417627174772,-88.98604958237283,0.6598372950455497,2.697742632951393,273,0.43985112842676627,1.9064271606167202,247,0.5198476190300578,2.238576333750151,248,0.049845160848953365,0.2163234724799111,262,0.15986797489158736,0.7185526603899786,239,0.2998647337100212,1.2994159642053889,252,0.1498759243814129,0.6609703232362485,249,0.3098734635269003,1.3220048840353984,260,0.5198802352768119,2.2261040097402742,251,0.05986927056138489,0.2543836046815496,273,0.41988007828560014,1.8049583438052343,252,-0.16011326709824544,-0.7139422933131722,259
412,1412,10,True,2392,9.558708251775915,4.174178164910545,-89.95825821835089,1.499864591327721,6.644435031466563,228,1.109865618082223,4.954752383136793,222,1.1398713669268792,5.2720018520529806,207,0.9998713053145217,4.505992918997727,218,1.2398712857144816,5.404719723122822,233,1.1498668282910622,4.859369056416522,248,0.23987425051778055,1.0441070412225653,252,0.4698739755081632,1.9880155716430101,259,0.8198802486616467,3.466357777207474,251,0.8898687814314354,3.602030293838999,274,-0.08011946294859522,-0.3598483448237019,251,0.0,0.0,0
278,1278,10,True,2551,8.65861164928726,3.6347354576516198,-89.96365264542348,1.1998367250461262,4.83620987977599,273,1.2498529657892194,5.323475923298586,244,0.9198456062921887,3.908129592009653,247,1.3298463590988903,5.487813199184241,260,1.0598679894089351,4.564140220791212,239,1.2898647095389937,5.406330045035449,252,0.4198742496060223,1.8049334480843928,252,0.5198735093675195,2.1895107079913454,260,0.24988026621661638,1.0888998640799161,251,0.4198692689227469,1.7379116962654146,273,-0.36011992262809883,-1.6705517977308268,252,0.0,0.0,0
424,1424,10,True,2523,8.338627189986392,3.51243292797117,-89.96487567072029,1.0398366889198687,4.193809791642733,274,1.0798517108632115,4.584370145934151,246,0.48984674705163017,2.112886411689675,248,0.8098457092351738,3.3624539215213662,261,0.6798685451235359,2.9621571056267806,238,1.33986417301562,5.605750720743634,253,0.6298790408024575,2.7235396010838455,243,0.699879344357891,2.988498319196535,248,0.7898845324675722,3.400884075223065,242,0.7798706981494298,3.1899791870499157,270,-0.1901189923033594,-0.8664334443343876,250,0.0,0.0,0
679,1679,10,True,2555,7.29861083646746,3.0674893890100274,-89.9693251061099,1.1498379628004087,4.645547324171403,272,0.9798529960724908,4.182331041319175,244,0.9698453820099023,4.108225091315996,248,0.8298451949173095,3.4370687692138016,262,0.6398680118755549,2.7871294113024336,239,0.7798647134175766,3.2952931990256937,252,0.47987450772900153,2.055517617748863,252,0.569873001186636,2.3895957322437607,261,0.3698802776312603,1.5981155342649418,251,0.5298687888273198,2.176070169494205,274,-0.45011991094007037,-2.115404536092941,252,0.0,0.0,0
502,1502,10,True,2532,7.138623531006766,3.0223087686091192,-89.9697769123139,0.5698442027764835,2.389474528542591,261,0.6398541835141339,2.7707917667377666,242,0.3998470508738342,1.7440521627214889,245,0.7798475821577143,3.2588870930863654,258,0.9998679852581778,4.309085693710978,239,0.969865243585753,4.084735477618953,251,0.9898742503833577,4.159445881105277,252,0.7598735039894192,3.166137665436284,260,0.6398802558574386,2.723805524657801,251,0.3898692726104534,1.6166718924736907,273,-0.020119458028862,-0.08979890369494878,251,0.0,0.0,0
629,1629,10,True,2559,6.988608965265565,2.938222473068025,-89.97061777526932,1.0398364501572275,4.193808565735419,274,1.0698511399095552,4.533498528204451,247,0.35984645091939454,1.5617055607115349,249,0.7398451557780823,3.0738657698464973,262,0.8498680122403173,3.6742687998554384,239,0.9898647270963049,4.159406006769091,252,0.47987400097185645,2.055515329539881,252,0.5498734932580959,2.3122279300660735,260,0.36988026246307204,1.5981154673715627,251,0.5398692724716602,2.2198127725802967,273,-0.4201199154479017,-1.9656394405767037,252,0.0,0.0,0
349,1349,10,True,2560,6.948606248321764,2.9206259547557987,-89.97079374045244,0.9398358610680493,3.792550073683974,275,0.7698511532310617,3.2849857174205406,247,0.2698440480074961,1.178617710230383,249,0.46984516236303014,1.9771346700199515,262,0.8498680142212008,3.674268935280953,239,0.7498647016664288,3.1718812746361222,252,0.9598742570718045,4.035814354687431,252,1.0598735036929663,4.3819047425515345,260,0.42988027398757056,1.8502789551362402,251,0.4498692730121562,1.8588231139108589,273,-0.06011991227326524,-0.268907095565296,252,0.0,0.0,0
721,1721,10,True,2555,6.8786091733165176,2.8901089907145665,-89.97109891009285,1.089837327580076,4.406956888756339,272,0.5298511340523011,2.284763452392888,247,0.379845544195041,1.6526051198706528,247,0.7198457696738638,2.9984545739707236,261,0.8198679480521756,3.5475785637621797,239,1.349864695424958,5.6592397809373285,252,0.35987424081149433,1.5529882165095854,252,0.4298734913841654,1.8197418572021429,260,0.42988024450269685,1.8502789162803426,251,0.7698687776397457,3.128482537463483,274,-0.27011992458197714,-1.2380969733819758,252,0.0,0.0,0
236,1236,10,True,2552,6.72861148954033,2.831121016068251,-89.97168878983932,1.0498373043381555,4.240732569674594,273,0.7398510784733686,3.1603447555370683,247,0.6698452878046327,2.863771743027846,248,0.6398463172171064,2.678985527820703,260,0.6098679662911738,2.660084156304327,239,1.0998657859183374,4.631860744751854,250,0.29987424319518946,1.2994572432361613,252,0.5898739820580894,2.479984340122707,259,0.369880257435352,1.5981154506700757,251,0.6598692668089245,2.697873629537179,273,-0.2601194565821231,-1.1932578928412612,251,0.0,0.0,0
257,1257,10,True,2553,6.0286108703054,2.546586151339133,-89.9745341384866,0.9598367692682589,3.884740573744364,273,0.5498523960267866,2.3775819811373107,245,0.3298465300682739,1.4427326608146316,246,0.5798446227800239,2.421511471151621,263,0.7998685497455714,3.4700153658468746,238,0.7798647199607515,3.295293154821947,252,0.7198742499853615,3.0484483807036398,252,0.519873480335856,2.1895106718405715,260,0.36988027234855647,1.5981155227367068,251,0.4198692797859602,1.7379117305936629,273,-0.6201194450426778,-3.00313308257733,251,0.0,0.0,0
698,1698,10,True,2493,5.908648230910557,2.520258436966325,-89.97479741563033,0.5298433723344315,2.2222947220042437,262,0.7498608019394677,3.3046700613351474,231,0.16985644553998797,0.773809397513301,232,0.44985647151184305,1.9636578899057555,243,0.7398685668050883,3.2161638185641466,238,1.14986523351914,4.830817087649431,251,0.33987481010139425,1.4714425104346882,251,0.699873501375764,2.922846186901458,260,0.39988025232493485,1.7243768923712435,251,0.6798687754585053,2.7725058029838325,274,-0.3601199257037269,-1.6705517938422327,252,0.0,0.0,0
475,1475,10,True,2558,5.798610197605568,2.4480275231925206,-89.97551972476808,0.7298358470771326,2.9651816459014495,275,0.44985175141736383,1.9523240962242516,246,0.1798469661171796,0.7911380943766448,249,0.6198451691053982,2.588270609964125,262,0.7898680168215187,3.4209186863589993,239,0.9498642033780469,3.9870428969463045,253,0.29987425307374094,1.299457313480533,252,0.6798739673241556,2.84680579267621,259,0.6698802647776052,2.8477949139915526,251,0.42986975851342596,1.7813411820051317,272,-0.3301199181992699,-1.5251026292437007,252,0.0,0.0,0
704,1704,10,True,2556,5.668609593786608,2.396336145910675,-89.97603663854089,0.5598366997443119,2.2956349825715563,274,0.7098511014513292,3.035643717851564,247,0.5398451981901915,2.31783060051781,249,0.5398457275801078,2.267137432884289,261,0.42986795819391266,1.8934511081689205,239,0.749864720036076,3.1718813767982716,252,0.24987473847086217,1.0888756803469575,251,0.6398734679130758,2.6790991431052964,260,0.5598807112480353,2.39686009843244,250,0.6898692709587061,2.8169473184296434,273,-0.2701199261005631,-1.2380969668604709,252,0.0,0.0,0
786,1786,10,True,2561,5.528606157526665,2.329382630967714,-89.97670617369032,0.8798355488945708,3.556330434107607,275,0.7098511255081857,3.0356440677599044,247,0.2698446271372566,1.178620518402622,249,0.5298451463389602,2.222302648819882,262,0.5198679808077713,2.2778755381626326,239,1.0498646909500766,4.407063485403479,252,0.23987449408433353,1.0441081587535526,252,0.5998730079280042,2.511725818972848,261,0.21988026681973136,0.9604041503396926,251,0.509869269057774,2.0997514889549187,273,-0.45011991948592506,-2.115404566253072,252,0.0,0.0,0
329,1329,10,True,2554,5.4486102663572265,2.3061419294989203,-89.97693858070501,0.49983675913901254,2.05599498052583,274,0.5998517430225757,2.5824037762470304,246,0.409845865699548,1.7796808591633704,247,0.8298463293566695,3.4558073162185883,259,0.5498680179221997,2.405486049557275,239,0.8998647269041292,3.7887902313691364,252,0.23987425746035038,1.0441070606731815,252,0.5198735120300756,2.189510759732292,260,0.30988026908144595,1.3444004091256472,251,0.5898687857412197,2.4152378523768507,274,-0.09011991590250863,-0.4043854485457136,252,0.0,0.0,0
506,1506,10,True,2558,5.378608256966436,2.269970726719908,-89.9773002927328,0.7298358649090494,2.9651817849559845,275,0.4098511706713906,1.779705511512858,247,0.09984558863454976,0.44314790445330354,248,0.43984517908711057,1.8541227019424908,262,0.5498679977920076,2.4054858572689253,239,1.1398647105884667,4.779879997689902,252,0.32987423440185687,1.4264352382154026,252,0.6398735175431808,2.6790994218538695,260,0.4998807260786808,2.1468361055333474,250,0.5398692672601433,2.219812743772998,273,-0.29011944402235285,-1.3360502378635695,251,0.0,0.0,0
451,1451,10,True,2423,4.928692308724389,2.162573954004816,-89.97837426045996,0.91986191958605,4.027025209350083,232,0.7498645969961054,3.3460336560012975,225,0.7798643599269264,3.4987579972980933,222,0.3798665740147941,1.7235341856226025,226,0.2698708538657163,1.214210849495331,234,0.15986534862379526,0.7016980658085104,251,0.5398740373547248,2.304952768484802,252,0.37987405238955607,1.6160334523329174,259,0.5498802930833455,2.350841743914804,251,0.1998702728833741,0.8426516117397211,271,-0.2001194238984974,-0.9112083595623617,251,0.0,0.0,0
585,1585,10,True,2549,5.078613926976644,2.1574754362621524,-89.97842524563738,0.8098349581195946,3.2750498784259956,276,0.5198523936176579,2.2514347844716966,245,0.3898458568072657,1.6885568127928023,249,0.5898469566164649,2.4798703722739908,259,0.739868597284279,3.216164016102046,238,0.7698642061235716,3.2480930413273934,253,0.3498768537051197,1.5252868851026011,247,0.23987452508022777,1.032388891233022,258,0.4898802943593302,2.101115647422833,251,0.1798692852631336,0.7567940334691448,273,-0.3601199085024352,-1.6705517018153249,252,0.0,0.0,0
580,1580,10,True,2558,4.748609041239295,2.0013319929630264,-89.97998668007037,1.0898373798083065,4.406957187564753,272,0.8298511202758362,3.5341877491398126,247,0.12984673200971983,0.5747581213204478,248,0.6598451407779657,2.755320002845118,261,0.6098680153044331,2.6600844404321617,239,0.8298641798744992,3.494355945073164,253,0.08987448066034362,0.3961412775959926,252,0.10987249807277595,0.474317279132938,262,0.21988022816719396,0.9604039245041323,251,0.17986926628821975,0.756794002021744,273,-0.6001199262840621,-2.8892453801125835,252,0.0,0.0,0
440,1440,10,True,2558,4.658608254306271,1.9742354125511703,-89.98025764587449,0.6798364864551545,2.7723736632035463,274,0.6498511602915109,2.7859624873642868,247,0.18984524389503732,0.8360509632592803,248,0.43984517001326695,1.854122666159597,262,0.6098679937349858,2.6600842379651053,239,0.8698646940383692,3.6653913288453377,252,0.03987497710182075,0.17692344614758118,251,0.5498735023660499,2.3122279687090064,260,0.33988024215817714,1.4714661406776737,251,0.28986878425189916,1.207751223180287,274,-0.5201189778505323,-2.482560967698984,250,0.0,0.0,0
848,1848,10,True,2386,4.278712026483659,1.8887543938540183,-89.98111245606145,0.5898674843898066,2.660422507166945,223,0.09986323513197179,0.462800610921215,227,0.4398710388302405,2.0669906422990914,208,0.5598666237478211,2.513063291875978,226,0.4998719011597277,2.2235132615045847,232,0.6398717253461892,2.787145178289629,239,0.4398755474144072,1.8957154277420352,250,0.16987398264380718,0.7337751972799275,259,0.3698802585253551,1.5981154410792946,251,0.4698702292943328,1.9460023803814823,271,-0.16011896162987607,-0.7271254862058669,250,0.0,0.0,0
995,1995,10,True,2559,4.378607346431419,1.8606470737669418,-89.98139352926233,0.6698358469427005,2.728077334560744,275,0.46985117030351187,2.0328258771044245,247,0.23984467143339722,1.0499890387229085,249,0.25984516944442376,1.1084693276336235,262,0.36986800340520415,1.6355399345339616,239,0.9298647203627894,3.9122432601930726,252,0.45987473506949433,1.9758253682250413,251,0.39987348933086625,1.6958638468364648,260,0.27988026669458543,1.2168883255477765,251,0.2998692734444472,1.2507484243114002,273,-0.3901199168351306,-1.8173767346273841,252,0.0,0.0,0
34,1034,10,True,2543,4.3286157795315,1.8471601443967856,-89.98152839855604,0.43983648674045217,1.8152789929219246,274,0.32985176893764145,1.4427569053914617,246,0.08984655442907864,0.400719176902262,246,0.37984516729543677,1.6071181321384516,262,0.6598690823759761,2.883116103560099,237,0.9598647036570864,4.035774092118147,252,0.39987471809047376,1.7243528602074623,251,0.36987347900654843,1.5716325654232268,260,0.3398816667527638,1.4798932544085368,248,0.35987215224604197,1.5109593608962868,267,-0.0901184885043618,-0.40684580007769106,249,0.0,0.0,0
830,1830,10,True,2555,4.2986088803392795,1.8246222213387064,-89.98175377778661,0.6598370459178851,2.69774140321889,273,0.49985085527509326,2.1589272583402295,247,0.1298449665786554,0.574750313063828,248,0.37984515977245586,1.6071181949182698,262,0.6698680069434397,2.914042086212617,239,0.8598641748428264,3.6174731628177716,253,0.1598747201389925,0.7017392302747223,251,0.09987348059982355,0.43314451654491587,260,0.35988120760568704,1.561857128513048,249,0.4798692626644211,1.9794289194827699,273,-0.220118982221887,-1.0068254615796615,250,0.0,0.0,0
879,1879,10,True,2560,4.248606946324217,1.8034120357222172,-89.98196587964277,0.7698364660769803,3.1283508162449967,274,0.34985113594794787,1.5251750323542945,247,0.14984469495221883,0.6608320184161375,249,0.4698451626732185,1.9771348853898143,262,0.6098679928088947,2.6600842658140516,239,0.7198647074909077,3.0484079040977545,252,0.3598742385976322,1.552988103449882,252,0.3698735041264416,1.5716325889620486,260,0.15988025927479835,0.7017635139779832,251,0.28986878437517694,1.2077512285152054,274,-0.17011945859155198,-0.7718485388990203,251,0.0,0.0,0
527,1527,10,True,2559,4.258607217921416,1.7998988903177675,-89.98200101109683,0.7398364927178318,3.009802000863589,274,0.2598511574030675,1.1402175404719166,247,0.029844378627916807,0.133071469984476,249,0.5298451691621326,2.2223027225780845,262,0.4898679885520865,2.150019470659741,239,0.8998647090526057,3.7887899782396603,252,0.2698742677056649,1.1720246107339338,252,0.31987399367479963,1.3662301971053643,259,0.21988027859534356,0.9604041916032369,251,0.4998687824299664,2.0561267209376726,274,-0.2701199238950929,-1.2380969552309127,252,0.0,0.0,0
623,1623,10,True,2560,4.128607366447722,1.7502608027772328,-89.98249739197223,0.7098367716472298,2.891150675841712,274,0.4098511592167575,1.7797054580685576,247,0.059844690548580604,0.2660714052780124,249,0.34984514653379284,1.483075137936726,262,0.5498680073770434,2.4054859669279205,239,0.959864701455818,4.035774307633327,252,0.0898743053978942,0.39614056418621535,252,0.4598735100812041,1.9432922846957092,260,0.2798802813050696,1.2168883963975157,251,0.25986879288433123,1.0850238308066347,274,-0.18011991749649808,-0.8164979873816417,252,0.0,0.0,0
839,1839,10,True,2561,4.088606400917303,1.7374320301844874,-89.98262567969816,0.7098367346293358,2.891150365534539,274,0.1398511676864893,0.619715613148469,247,0.2398443713307739,1.0499876597702271,249,0.4898445904212302,2.055285587644223,263,0.6098680015455504,2.660084434532472,239,0.659864712427078,2.8011787358533016,252,0.3298742565303471,1.4264354365169631,252,0.4298735007841076,1.8197418417281301,260,0.24988027692241144,1.0888999118477896,251,0.22986878863997928,0.9618407152687606,274,-0.39011991227326515,-1.8173767182496279,252,0.0,0.0,0
1,1001,10,True,2561,3.998606832693425,1.7056465630033444,-89.98294353436997,0.2598364556942781,1.0848886158582602,274,0.2598511726910125,1.1402175669163923,247,0.14984497878761915,0.6608331567070767,249,0.34984516708598973,1.4830752423463265,262,0.5498680079962026,2.4054859905807313,239,0.8398647156957474,3.5420248837790935,252,0.4198742569275654,1.8049333249426118,252,0.5098730267059584,2.144671031325052,261,0.27988026233384544,1.2168883123744367,251,0.3798687887752059,1.573447505203463,274,-0.5101199117923824,-2.4197155069186107,252,0.0,0.0,0
594,1594,10,True,2560,3.948607236021274,1.678778576546191,-89.98321221423454,0.6498367521432817,2.653455772002243,274,0.4398511578002021,1.906427259742529,247,0.20984467594067202,0.920835608789654,249,0.4998451581810979,2.0998533738257517,262,0.3998679928856382,1.7646789531994145,239,0.6898646915537918,2.9248480378558974,252,0.059874256675928834,0.26463796141207396,252,0.42987348588246,1.819741766710054,260,0.33988027663197706,1.47146630733216,251,0.22986878832622498,0.9618407245921295,274,-0.6001199124550403,-2.8892452688086068,252,0.0,0.0,0
444,1444,10,True,2559,3.8986080686134987,1.6565285125804023,-89.98343471487419,0.7398370355195493,3.0098044350959343,274,0.4698511572709619,2.032825793407292,247,0.11984467980463276,0.529914240662112,249,0.19984515483737902,0.856394320538129,262,0.30986801386476764,1.3760344803657827,239,0.7198647182909764,3.048407752586554,252,0.2398742598215782,1.044107090059738,252,0.529873989604186,2.2344900197299498,259,0.339880271675565,1.4714662787895096,251,0.22986878792390214,0.9618407145690216,274,-0.3001199122406848,-1.380970031781195,252,0.0,0.0,0
262,1262,10,True,2561,3.8786067701677296,1.6535098484200563,-89.9834649015158,0.3998364648388749,1.6512658462656693,275,0.31985115674393294,1.3973078936537033,247,0.11984440979083587,0.5299133775506857,249,0.4398451862029576,1.8541226629104146,262,0.3998680126178336,1.7646791173892091,239,0.7798647241888037,3.2952931188652688,252,0.32987425304379553,1.4264353598276218,252,0.42987349770609173,1.8197418422948546,260,0.3098802769252669,1.3444004545486727,251,0.3498687881093366,1.4519388108944657,274,-0.5101199122986406,-2.41971549062458,252,0.0,0.0,0
159,1159,10,True,2558,3.7586101948945254,1.6071497290333696,-89.98392850270966,0.3198369971660251,1.3299157506690968,274,0.5898511416887052,2.5357376099656075,247,0.0898461475290019,0.39834596080226536,249,0.1698451728019435,0.7295701801465491,262,0.4898680078667547,2.1500194262061205,239,0.47986472661412893,2.0554754793088437,252,0.3298744945105321,1.4264363687327084,252,0.48987350127416673,2.0665401139183395,260,0.36988024730851615,1.598115288896882,251,0.42986975813475126,1.7813411116872822,272,-0.08011945072274182,-0.35984828668821295,251,0.0,0.0,0
990,1990,9,True,2288,4.4787385430799,2.1163955664520673,-90.97883604433548,0.6698358937468994,2.7280781742475346,275,0.8598511669173079,3.6587966975932242,247,0.5998458503016784,2.5677270472157256,249,0.3098446155627335,1.3146737637055994,263,0.6998680134859169,3.040850097280943,239,0.15986524453385056,0.7016975461176465,251,0.2398744931104852,1.0441080730774241,252,0.5398730120784825,2.267251895376745,261,0.3998802533425455,1.7243768034537628,251,-0.13012975397292537,-0.5650694446318472,271,0.0,0.0,0,0.0,0.0,0
121,1121,9,True,2290,3.228736095678587,1.530059843242374,-90.98469940156758,0.7598358611225009,3.083557075955051,275,0.2898511570425959,1.2689989065949399,247,0.3798437486810277,1.6431857061025532,250,0.3498451475925863,1.483075057466756,262,0.519868004072511,2.2778755523543235,239,0.13986420723629261,0.6125878476719383,253,0.11987472988036711,0.5269624219457482,252,0.32987299931385544,1.4028299672110118,261,0.3398802407368499,1.4714660538790434,251,-0.02013024195431818,-0.08630880925939081,272,0.0,0.0,0,0.0,0.0,0
765,1765,9,True,2253,2.84876028924423,1.3692463510170194,-90.98630753648983,0.5798432533628489,2.4215055446282205,263,0.1398528714292588,0.6234119498314266,244,0.16984790136211603,0.7506993311467177,247,0.25985220750901583,1.1336580355056982,250,0.5598702359744685,2.467450132018141,235,0.22986580303853915,1.005155396096364,250,0.2998747612773003,1.2994596679794739,252,0.14987301022798138,0.6460278526111475,261,0.4598802450627008,1.9758492493359856,251,-0.4101302449131547,-1.836632173272297,272,0.0,0.0,0,0.0,0.0,0
33,1033,9,True,2292,2.6087361515880403,1.2371470210469664,-90.98762852978953,0.6898355462183299,2.802389395298834,276,0.2898511490413933,1.26899884018878,247,0.28984462366981245,1.2616871887821057,250,0.3998446081320752,1.6865612375954921,263,0.45986798115341715,2.0218878470423993,239,0.13986423241077026,0.6125879152375407,253,0.029874763862863255,0.13241953997119407,252,0.14987300592697836,0.6460278492995825,261,0.15988024117240043,0.7017633760067695,251,-0.2901302413715923,-1.2799613960986427,272,0.0,0.0,0,0.0,0.0,0
888,1888,8,True,1740,4.049016575775151,2.3085500280704663,-91.9769144997193,0.9898566436695334,4.258028384435701,240,0.45986093438806785,2.0586825021711133,230,0.09985802735601149,0.46277610241803463,227,0.629862294750043,2.789003153557506,231,0.6698878558380629,3.146993042009732,203,0.42989556698258774,2.0886114782925205,194,0.2798898824509703,1.2929994987290638,221,0.4899053703398745,2.371306062950061,194,-0.15008172075220813,-0.8291928160810149,171,0.0,0.0,0,0.0,0.0,0,0.0,0.0,0
328,1328,8,True,1828,3.888981443723862,2.2032679038135097,-91.97796732096187,0.4098649243022959,1.8559023638201797,226,0.6798653673563387,3.0542648009184683,223,0.7598730977285572,3.534464623969701,206,0.4398801126092105,2.0956231361789475,202,0.6898790433842912,3.1245787906341786,219,0.4098706976897576,1.8005631150464116,241,0.29987425379181665,1.2994572589928584,252,0.19987394686159388,0.8612891409473339,259,-0.3401192548750536,-1.5802764597455203,250,0.0,0.0,0,0.0,0.0,0,0.0,0.0,0
141,1141,7,True,1745,6.189002067949687,3.726761712016519,-92.96273238287984,1.5698379431910532,6.3424199575856965,272,0.8998532012781415,3.854865831506915,243,0.8798530556462046,3.8238904356825447,236,1.1498481489921082,4.7753177149312265,257,0.5598685261785031,2.45279706064278,238,0.7698672010839052,3.285053822560742,247,0.3598739915797714,1.55298716120573,252,-0.02012656235577718,-0.08826205950215477,260,0.0,0.0,0,0.0,0.0,0,0.0,0.0,0,0.0,0.0,0
663,1663,7,True,1528,5.299128319053457,3.4271271956863347,-92.96572872804313,0.9598599922809014,4.181740581306646,234,0.9798710343615151,4.45681026898978,214,0.6198661150344535,2.809630940932192,220,0.39986933473696495,1.8310314548740811,221,0.9398847466208358,4.326255402341591,209,0.76988007139385,3.4476680522189995,223,0.6298970246249362,2.9367536691410567,207,-0.06011382770107297,-0.2791228689865132,234,0.0,0.0,0,0.0,0.0,0,0.0,0.0,0,0.0,0.0,0
140,1140,7,True,1617,3.869082548446974,2.4445666705323945,-92.97555433329468,0.9598590718412934,4.156187724485467,237,0.5198632091577801,2.333607933297577,227,0.3598703083614825,1.681440979068984,213,0.4398718456455625,2.026283498935475,217,0.41987407143188893,1.8921242239201321,228,0.9598695574677079,4.106647391917593,243,0.20987448454125868,0.9156749421015273,252,-0.15012699379193029,-0.6660248847488427,261,0.0,0.0,0,0.0,0.0,0,0.0,0.0,0,0.0,0.0,0
205,1205,7,True,1481,3.129158309324489,2.0936957525847726,-92.97906304247415,0.4198712584665997,1.9408541118975036,216,0.6698795161645525,3.169167245434428,200,0.8098738092379667,3.779797540969928,204,0.05988290076428181,0.2979807502098678,198,0.6798917981172615,3.24625283345198,196,0.26988398906081446,1.2614365153874767,216,0.2198750375130121,0.9603812707422251,251,-0.07012455802726474,-0.3114989085618477,256,0.0,0.0,0,0.0,0.0,0,0.0,0.0,0,0.0,0.0,0
242,1242,7,True,372,1.5297841317822543,1.9518877058069497,-92.98048112294192,0.5599619534660807,4.781582156391854,64,0.23997471693065872,2.4417976076239634,42,0.22996371155218617,2.000377674534717,58,0.1699551628222622,1.3135794604164426,76,0.09996246044818159,0.8253562909806048,68,0.2099710408044336,1.8923732845818266,54,0.01999508575845114,0.40814746611923974,10,-0.03000727706667769,-0.564212368884508,15,0.0,0.0,0,0.0,0.0,0,0.0,0.0,0,0.0,0.0,0
20,1020,7,True,1667,1.8690487858107931,1.1795438939178544,-92.98820456106083,0.39984901296860625,1.7145863652109756,254,0.1298669042522764,0.6079570634758167,221,0.7698570460465054,3.3836178358253974,232,0.10985258917181014,0.488083306254551,247,0.08987410518641828,0.41602484869478595,228,0.22987066814034848,1.0230116781540455,241,0.1398784600448285,0.6235261598094097,244,-0.14012354256952217,-0.6296948904913878,254,0.0,0.0,0,0.0,0.0,0,0.0,0.0,0,0.0,0.0,0
706,1706,7,True,1774,1.6689880022172474,1.0332197421046414,-92.98966780257895,0.1298361374394011,0.5464962267914375,275,0.41985175693759325,1.8254761678981564,246,0.019848234355411987,0.08894195735328575,247,0.0398446105948925,0.17275436657651666,263,0.81986801122816,3.547578577798675,239,0.17986476634450713,0.7866519315178558,252,0.05987448531728137,0.26463896679656285,252,-0.000126984868027636,-0.0005547314607111286,261,0.0,0.0,0,0.0,0.0,0,0.0,0.0,0,0.0,0.0,0
920,1920,7,True,1778,1.3889841124548852,0.8616457127519127,-92.99138354287248,0.21983584207441323,0.9189211450358429,275,0.12985054721304218,0.574775373995969,248,0.08984586369494145,0.398344957927573,249,0.12984461982000603,0.5585487340488805,263,0.5798679939342489,2.532879010918147,239,0.20986474617495196,0.9156323862961372,252,0.029874499543281578,0.13241838104083906,252,-0.1201269968063105,-0.5311983347971329,261,0.0,0.0,0,0.0,0.0,0,0.0,0.0,0,0.0,0.0,0
406,1406,6,True,492,3.569717760132317,4.384570863886026,-93.95615429136114,0.36996312350256744,3.1134784490055964,62,0.48995175310153005,3.639236147670791,80,0.49996495996581797,4.470878456714759,58,0.5599586718321158,4.521216800571947,70,0.8099354388192487,5.011881124075411,117,0.8399438129110371,5.550734205277648,105,-0.32009820646589815,-1.690301778469911,197,0.0,0.0,0,0.0,0.0,0,0.0,0.0,0,0.0,0.0,0,0.0,0.0,0
725,1725,6,True,1482,5.18913458586597,3.6595635646970117,-93.96340436435302,1.449839652152568,5.884243576046093,269,0.7598558492511508,3.2942087534189217,239,0.7898498207115949,3.4007327180398623,242,0.9498486760303959,3.9646299602591086,256,0.5898718542872279,2.611496044685335,232,0.6498687334330318,2.80207033573275,244,-0.07011682292613178,-0.3252394672412717,235,0.0,0.0,0,0.0,0.0,0,0.0,0.0,0,0.0,0.0,0,0.0,0.0,0
476,1476,6,True,1453,4.699152777474433,3.3716478265674685,-93.96628352173433,0.8498415085944145,3.4926350701612763,266,1.0698598984722767,4.67410704122941,232,0.36985773040244474,1.6654286944043446,230,0.76985223390285,3.266350072919831,250,0.9498718329323743,4.156078013342314,232,0.6898695731700719,2.9752880673476376,243,-0.18011089737003744,-0.8721669266943111,222,0.0,0.0,0,0.0,0.0,0,0.0,0.0,0,0.0,0.0,0,0.0,0.0,0
728,1728,6,True,1518,4.559114516305667,3.20704108237026,-93.9679295891763,1.0098367467793847,4.0753299427642755,274,0.76985114270633,3.2849857717340676,247,0.3298459031343096,1.4344495843063307,249,0.7898463195934878,3.287555028717639,260,1.1498696719380368,4.9796019901567945,236,0.5098647321541175,2.180324176542455,252,-0.2101252518452712,-0.9559368537080319,252,0.0,0.0,0,0.0,0.0,0,0.0,0.0,0,0.0,0.0,0,0.0,0.0,0
569,1569,6,True,1524,4.559109396689026,3.187611622616584,-93.96812388377383,1.2498361678035765,5.0266354229979555,274,0.6798511606713502,2.9108578756380936,247,0.26984469493238794,1.178620737296124,249,0.43984515502789967,1.8541224313350297,262,0.8498680075279043,3.6742686705430088,239,1.069864210725907,4.481164597889291,253,-0.030125501736168098,-0.1343282000142632,252,0.0,0.0,0,0.0,0.0,0,0.0,0.0,0,0.0,0.0,0,0.0,0.0,0
134,1134,6,True,1524,4.049111109389668,2.829988411427355,-93.97170011588572,1.0398363822774586,4.193808452845075,274,0.5598511075984791,2.4103573921260173,247,0.5098463964131936,2.192553769301733,249,1.0898445568740545,4.478941567995271,263,0.5198679490076833,2.2778752304520986,239,0.32986471721879895,1.4263940558439367,252,-0.2901250637506944,-1.3360760312257245,251,0.0,0.0,0,0.0,0.0,0,0.0,0.0,0,0.0,0.0,0,0.0,0.0,0
81,1081,6,True,1428,3.839169428008422,2.7718195931712515,-93.97228180406829,1.099849587076853,4.605028925414105,253,0.7398618026245842,3.275147202690822,229,0.389858944155423,1.7495201231756439,231,0.8498516407031034,3.5898406059478356,251,0.4698752002498898,2.119652613466789,226,0.289872253198569,1.2917280883323146,238,-0.030120988272957745,-0.13677807684971574,243,0.0,0.0,0,0.0,0.0,0,0.0,0.0,0,0.0,0.0,0,0.0,0.0,0
284,1284,6,True,1498,3.4391272949139475,2.428008312166973,-93.97571991687833,0.8398387913803411,3.4283699316759693,270,0.6698520257669774,2.880222008787718,245,0.23984967318401618,1.0561289929667799,246,0.8398493161876498,3.5221942856961843,255,0.15986959801757525,0.7229642604294118,236,0.6898678903773877,2.958170393445773,246,-0.16012431677288405,-0.7271497491970951,250,0.0,0.0,0,0.0,0.0,0,0.0,0.0,0,0.0,0.0,0,0.0,0.0,0
753,1753,6,True,1457,3.2191484503037877,2.3229114141332534,-93.97677088585867,0.6998396658041207,2.876357292720449,269,0.6098520956114357,2.629237116289415,245,0.2798485291004412,1.2308780747974275,245,0.6598527972431879,2.8169262406634163,249,0.5098756762104335,2.2995720588614854,225,0.45987968633416887,2.084497701467327,224,-0.490124228626609,-2.3282056060193375,250,0.0,0.0,0,0.0,0.0,0,0.0,0.0,0,0.0,0.0,0,0.0,0.0,0
870,1870,6,True,1523,3.0691104207945648,2.169067176203644,-93.97830932823797,0.6698358604796484,2.7280773952379107,275,0.19985115298805764,0.8811079823714076,247,0.41984493191750955,1.8150359469189055,249,0.3898457577263926,1.6513723219106193,261,0.4898679895099232,2.150019466292735,239,0.8998647281730335,3.788789944490287,252,-0.21012444429546415,-0.9619466702597368,249,0.0,0.0,0,0.0,0.0,0,0.0,0.0,0,0.0,0.0,0,0.0,0.0,0
866,1866,6,True,1010,2.409410857453526,2.0763093047412906,-93.9792369069526,0.5798808114405898,2.753861386784098,200,0.24990128471546838,1.3332443186124112,164,0.3898867215011057,1.9373609575901858,186,0.3699012058837453,1.9361821354625606,167,0.2699255939562251,1.5748367753926003,135,0.5499152399563918,2.922370254605886,158,-0.32005204102366136,-2.470967431472852,104,0.0,0.0,0,0.0,0.0,0,0.0,0.0,0,0.0,0.0,0,0.0,0.0,0
883,1883,6,True,1497,2.8791258843637126,2.058087778097097,-93.97941912221903,0.679837909168217,2.786749078077525,271,0.3998520262529234,1.7440751863110628,245,0.4498466583728174,1.94118554805358,249,0.47984752137270287,2.032758984748337,258,0.5198696088852502,2.2914330856630984,236,0.34987216031180196,1.5523247857289797,238,-0.22012132655609126,-1.0197727241549774,244,0.0,0.0,0,0.0,0.0,0,0.0,0.0,0,0.0,0.0,0,0.0,0.0,0
191,1191,6,True,1517,2.829115819017405,2.0204117035497116,-93.97979588296451,0.39983793406165474,1.659876445759621,272,0.599851771680257,2.582403433175062,246,0.21984701795372957,0.9658227460824322,248,0.4598463664079524,1.9431773618340056,260,0.6998680047831003,3.0408499747366946,239,0.44986472413071055,1.9303402597104524,252,-0.12012600285338468,-0.5408080249636266,252,0.0,0.0,0,0.0,0.0,0,0.0,0.0,0,0.0,0.0,0,0.0,0.0,0
803,1803,6,True,1305,2.39923860860598,1.8243892995016002,-93.98175610700498,0.6798562287990649,2.9447129544289905,241,0.379863775479011,1.723521644664866,226,0.5998651983242203,2.727304686412982,219,0.30987809444350956,1.4764910669267683,206,0.32989071812857124,1.5989821004328448,198,0.09988459343160296,0.47532334414314803,215,-0.5101198981661829,-2.4893888779771705,240,0.0,0.0,0,0.0,0.0,0,0.0,0.0,0,0.0,0.0,0,0.0,0.0,0
87,1087,6,True,768,1.8295523516385033,1.8182807890460084,-93.98181719210955,0.2699321231493014,1.7044563547750007,114,0.36990120548905825,1.952696188767601,164,0.6099194836263679,3.5399367348333066,131,0.3899398148541176,2.569250415024695,102,0.1299225698462894,0.7578623878916411,140,0.05993715467336881,0.38548265298380513,117,-0.6300807734648812,-4.084470569127674,162,0.0,0.0,0,0.0,0.0,0,0.0,0.0,0,0.0,0.0,0,0.0,0.0,0
730,1730,6,True,1525,2.509112507128972,1.7760441163261242,-93.98223955883674,0.6098361098108742,2.490370824444665,275,0.13985108350571515,0.6197152813990014,247,0.39984851762425877,1.7340629560884278,248,0.03984460969753406,0.1727543699509549,263,0.45986800751384754,2.0218879776778826,239,0.8598641789767426,3.6174732883958147,253,-0.14012353072109196,-0.6374795650465747,248,0.0,0.0,0,0.0,0.0,0,0.0,0.0,0,0.0,0.0,0,0.0,0.0,0
427,1427,6,True,1524,2.369110991753915,1.6935727796940296,-93.98306427220307,0.5098352514438609,2.08883005721718,276,0.4498517358098176,1.9523239507294043,246,0.36984671939490155,1.6070925217370704,248,0.03984458592467417,0.17275424506995962,263,0.669867991728076,2.914041976562423,239,0.3298647074525852,1.4263939268481405,252,-0.06012553224871316,-0.2689321699911778,252,0.0,0.0,0,0.0,0.0,0,0.0,0.0,0,0.0,0.0,0,0.0,0.0,0
197,1197,6,True,1525,2.3291089369576023,1.6509312333677268,-93.98349068766632,0.5698352536810664,2.327504810635802,276,0.6198511166985488,2.6609307514662057,247,0.05984467729767985,0.26607135733679077,249,0.38984573330281325,1.651372185367209,261,0.24986799608269103,1.1146737563853262,239,0.4398641598948033,1.885034539015027,253,-0.2601250754906298,-1.1932838173570008,251,0.0,0.0,0,0.0,0.0,0,0.0,0.0,0,0.0,0.0,0,0.0,0.0,0
998,1998,6,True,1526,2.2591114151304024,1.5991038838439928,-93.98400896116156,0.6998361534294937,2.8466965335298533,275,0.7098511498013692,3.0356433724758083,247,0.059848199975889166,0.26608717714462965,249,0.009843713397427501,0.04279840476288291,263,0.4598679855042691,2.0218879244427375,239,0.31986421302195367,1.3815098907080456,253,-0.09012526118862929,-0.4044093796675346,252,0.0,0.0,0,0.0,0.0,0,0.0,0.0,0,0.0,0.0,0,0.0,0.0,0
31,1031,6,True,1521,2.1891115521192526,1.5585007878583523,-93.98441499212142,0.549835865566256,2.2518963362437106,275,0.19985113700176188,0.8811079269721254,247,0.12984556007466003,0.5747530189358969,248,0.4398451903290392,1.8541228277488584,262,0.42986798908525703,1.8934513350362254,239,0.4398658100622784,1.895673282213298,250,-0.1501256915604173,-0.6781624527777367,252,0.0,0.0,0,0.0,0.0,0,0.0,0.0,0,0.0,0.0,0,0.0,0.0,0
587,1587,6,True,1524,2.0091102487471355,1.4386372392048064,-93.98561362760795,0.3798364626097053,1.5733133090898952,274,0.1998511682241001,0.8811080071365108,247,0.23984525651044164,1.0499917810170842,249,0.2598451549157011,1.1084692771370825,262,0.36986799369143186,1.6355398940459067,239,0.5598642127957555,2.3834011668023596,253,-0.0901256949565386,-0.4044113341840583,252,0.0,0.0,0,0.0,0.0,0,0.0,0.0,0,0.0,0.0,0,0.0,0.0,0
817,1817,6,True,1525,1.9691096086481377,1.4076106918882818,-93.98592389308112,0.10983615732698644,0.4638918168790134,274,0.3498511866525783,1.5251752464841453,247,0.019844955026301084,0.08839632748806425,250,0.48984458743543197,2.0552855933318956,263,0.3698679987934228,1.635539819051609,239,0.6298647234134173,2.677375348094963,252,-0.3801250489866514,-1.7721867398979239,251,0.0,0.0,0,0.0,0.0,0,0.0,0.0,0,0.0,0.0,0,0.0,0.0,0
942,1942,6,True,1522,1.6091122407736032,1.1509169769053456,-93.98849083023094,0.4398367669441993,1.8152802831216177,274,0.13985115854246344,0.6197156318750432,247,0.009846434275191124,0.04407828466008548,248,0.1098451641017881,0.47419926087330644,262,0.45986798507489723,2.0218879149343305,239,0.449864731835064,1.9303404859676905,252,-0.2701257533904081,-1.2381237314099078,252,0.0,0.0,0,0.0,0.0,0,0.0,0.0,0,0.0,0.0,0,0.0,0.0,0
138,1138,6,True,1508,1.5991188318636484,1.1453020178289128,-93.9885469798217,0.49983647464793035,2.055993810970109,274,0.12985242278758363,0.5781966599101146,245,0.30984691909854023,1.3598174181575582,245,0.06984811167149652,0.3054698727640969,257,0.1398685979102958,0.6310631704407718,238,0.44986630574780173,1.9412711747308262,249,-0.4801252276632992,-2.2667646166655016,252,0.0,0.0,0,0.0,0.0,0,0.0,0.0,0,0.0,0.0,0,0.0,0.0,0
157,1157,6,True,1451,1.5391542147609945,1.1402766334235481,-93.98859723366577,0.019847486390494058,0.08737362321005629,256,0.2998571561994625,1.3378977641160907,237,0.29985496469690814,1.3460152998973434,234,0.2298558250434348,1.0168951706111553,244,0.5098708040871917,2.257601807643829,234,0.17986797834350313,0.7958761350628137,246,-0.09012549063588997,-0.4044104239153075,252,0.0,0.0,0,0.0,0.0,0,0.0,0.0,0,0.0,0.0,0,0.0,0.0,0
904,1904,6,True,1525,1.369112210361762,0.9803832784099654,-93.9901961672159,0.46983674995109315,1.935782482469962,274,0.04985115980542083,0.2227346478402849,247,0.16984701560763438,0.7463250479453036,250,0.06984457148183716,0.30200729956064143,263,0.30986799984221347,1.376034391244207,239,0.29986471367356277,1.2994158013993942,252,-0.300125498142953,-1.380995775511706,252,0.0,0.0,0,0.0,0.0,0,0.0,0.0,0,0.0,0.0,0,0.0,0.0,0
321,1321,5,True,1120,2.9893370437813207,2.686788136286195,-94.97313211863714,0.49986376442530656,2.2371064342867464,229,0.6998577298411284,3.0589304706905045,236,0.7298618923957971,3.265873008130668,224,0.549872979523614,2.5279672682086205,215,0.5098806775954746,2.3440635001144345,216,-0.030120836340489836,-0.1421560044207069,225,0.0,0.0,0,0.0,0.0,0,0.0,0.0,0,0.0,0.0,0,0.0,0.0,0,0.0,0.0,0
295,1295,5,True,1272,2.5192459698749494,2.1298715032631907,-94.97870128496737,0.7898358580865646,3.201840604518811,275,0.7398511356793794,3.1603445136309922,247,0.20984582642872007,0.9208406385337462,249,0.40984517122770237,1.7307920387880311,262,0.36986797845258285,1.6355397208443743,239,-0.13013580217969425,-0.5853389937041683,253,0.0,0.0,0,0.0,0.0,0,0.0,0.0,0,0.0,0.0,0,0.0,0.0,0,0.0,0.0,0
887,1887,5,True,1273,2.449245411375185,2.0764244782566452,-94.97923575521743,0.6998361457430823,2.846696444606946,275,0.9198511388168931,3.908156128060222,247,0.32984555142149946,1.434448246205919,249,0.009844594477383048,0.042802244705023085,263,0.4898679809163269,2.150019327705114,239,-0.00013555846644472055,-0.0006026256062742538,252,0.0,0.0,0,0.0,0.0,0,0.0,0.0,0,0.0,0.0,0,0.0,0.0,0,0.0,0.0,0
457,1457,5,True,1267,2.239249188989309,1.9120666907318853,-94.98087933309269,0.6198370163793583,2.5343743188661043,274,0.47985171972465557,2.0788570798974977,246,0.33984612509053025,1.4797372095534433,248,0.35984576427365156,1.5272368284882833,261,0.4398685635211133,1.9401280168540977,238,-0.06013525931758761,-0.2689757171277403,252,0.0,0.0,0,0.0,0.0,0,0.0,0.0,0,0.0,0.0,0,0.0,0.0,0,0.0,0.0,0
405,1405,5,True,1227,2.0692736163305403,1.8178896118300323,-94.9818211038817,0.06984154529179937,0.300313927184877,266,0.6298571775051207,2.755600208758519,237,0.41985198620800895,1.846857061561784,240,0.17984936523545703,0.7820987297420042,255,0.7698735420901541,3.4045781319029773,229,-0.010127860810990654,-0.04637225625346961,238,0.0,0.0,0,0.0,0.0,0,0.0,0.0,0,0.0,0.0,0,0.0,0.0,0,0.0,0.0,0
793,1793,5,True,1265,1.3892507760930997,1.1971063452814465,-94.98802893654718,0.3798364922678518,1.5733138393172155,274,0.4898520843703071,2.1250376529678454,245,0.3398471130204492,1.4797427725493524,248,0.009846486186460607,0.043055328076781786,260,0.16986860024803088,0.7643821334960375,238,-0.24013364333335985,-1.1034483870807865,249,0.0,0.0,0,0.0,0.0,0,0.0,0.0,0,0.0,0.0,0,0.0,0.0,0,0.0,0.0,0
166,1166,5,True,1273,1.2192476207820957,1.0599307131795945,-94.9894006928682,0.21983615978736998,0.9189225221837495,275,0.17985178062346813,0.7958043189262543,246,0.2898470451022618,1.261699159632704,250,0.12984463413584155,0.5585487800541489,263,0.39986800113315424,1.7646787851011165,239,-0.150135251134639,-0.6782055581205126,252,0.0,0.0,0,0.0,0.0,0,0.0,0.0,0,0.0,0.0,0,0.0,0.0,0,0.0,0.0,0
480,1480,4,True,1018,2.8393876609611635,2.987371087586661,-95.97012628912414,0.8098390949850479,3.309136362659954,270,0.9898516801888515,4.207721991325843,246,0.3698487934324176,1.6163853442223184,245,0.6698480923548467,2.8162406521385295,257,-0.26013202335778374,-1.224833185187987,239,0.0,0.0,0,0.0,0.0,0,0.0,0.0,0,0.0,0.0,0,0.0,0.0,0,0.0,0.0,0,0.0,0.0,0
246,1246,4,True,230,0.9698610858015969,2.085207409059588,-95.9791479259094,0.209971307235009,2.001029142950071,48,0.17996379472974802,1.5497561127112471,60,0.40995511079881936,3.179471401590985,73,0.1699708730380206,1.6105729789860488,49,-0.04002872770190677,-0.39703066213858457,52,0.0,0.0,0,0.0,0.0,0,0.0,0.0,0,0.0,0.0,0,0.0,0.0,0,0.0,0.0,0,0.0,0.0,0
796,1796,4,True,1034,1.4793768629235022,1.5651968723732348,-95.98434803127627,0.6198364453796085,2.5343716107822214,274,0.3798511444127763,1.6526307312730733,247,0.37984468147772804,1.6431904638245023,250,0.09984459165338945,0.4305946836131419,263,-0.05013201085535374,-0.23004978131850148,239,0.0,0.0,0,0.0,0.0,0,0.0,0.0,0,0.0,0.0,0,0.0,0.0,0,0.0,0.0,0,0.0,0.0,0
227,1227,4,True,463,0.799721249886465,1.276306950190217,-95.9872369304981,0.06992496417712,0.4347629397319005,125,0.32993317936314004,2.097538334685872,111,0.27993411532209256,1.8188021874100015,107,0.11992899102411242,0.7541243389330935,120,-0.10010309933697041,-0.5236623895758018,187,0.0,0.0,0,0.0,0.0,0,0.0,0.0,0,0.0,0.0,0,0.0,0.0,0,0.0,0.0,0,0.0,0.0,0
933,1933,4,True,3,0.029998226708593242,0.24998515186137518,-95.9975001484814,0.029998226708593242,0.9999406074455007,3,0.0,0.0,0,0.0,0.0,0,0.0,0.0,0,-0.02000108239854604,-1334256.5327730307,2,0.0,0.0,0,0.0,0.0,0,0.0,0.0,0,0.0,0.0,0,0.0,0.0,0,0.0,0.0,0,0.0,0.0,0
49,1049,3,True,715,1.9095677249532634,2.7896807092784326,-96.97210319290721,0.3998504872059235,1.7242483904062402,251,0.8598621596239542,3.792880552905168,229,0.6498550781233858,2.8519131845238905,235,-0.20014646435340333,-0.9170727866079466,248,0.0,0.0,0,0.0,0.0,0,0.0,0.0,0,0.0,0.0,0,0.0,0.0,0,0.0,0.0,0,0.0,0.0,0,0.0,0.0,0
190,1190,3,True,719,1.6895647538838112,2.4728780209043717,-96.97527121979095,0.3298463359775128,1.4104504929611492,258,0.5298621758370136,2.367434121305541,229,0.829856242069285,3.640749448446426,232,-0.1401481749400024,-0.6336626448579745,251,0.0,0.0,0,0.0,0.0,0,0.0,0.0,0,0.0,0.0,0,0.0,0.0,0,0.0,0.0,0,0.0,0.0,0,0.0,0.0,0
144,1144,3,True,771,1.5295330446883861,2.167316380976602,-96.97832683619023,0.41983589797570287,1.7288087848450135,276,0.6898518090597062,2.9581012338124593,246,0.4198453376529772,1.8150391242723323,249,-0.050155317955085765,-0.21933614247183897,263,0.0,0.0,0,0.0,0.0,0,0.0,0.0,0,0.0,0.0,0,0.0,0.0,0,0.0,0.0,0,0.0,0.0,0,0.0,0.0,0
777,1777,3,True,705,1.4695727668850531,2.1670880838187325,-96.97832911916181,0.4698543337194685,2.0445616106566424,244,0.39986130861202934,1.7968848369884247,230,0.5998571245535553,2.6598178038111304,231,-0.04014063313355546,-0.1843866528895131,238,0.0,0.0,0,0.0,0.0,0,0.0,0.0,0,0.0,0.0,0,0.0,0.0,0,0.0,0.0,0,0.0,0.0,0,0.0,0.0,0
809,1809,3,True,769,1.4595354435330696,2.0594414586021847,-96.97940558541397,0.5998373159592222,2.459106509525046,273,0.5298511276178899,2.284762958067987,247,0.32984699995595734,1.434454908213522,249,-0.05015540241317193,-0.21933649966038402,263,0.0,0.0,0,0.0,0.0,0,0.0,0.0,0,0.0,0.0,0,0.0,0.0,0,0.0,0.0,0,0.0,0.0,0,0.0,0.0,0
325,1325,3,True,771,1.4395336640391136,2.0264521457250133,-96.97973547854275,0.6098361272527818,2.4903709090148163,275,0.5598511440824468,2.4103571878994603,247,0.26984639270388505,1.1786283402607638,249,-0.11015540169506827,-0.4846951738822943,263,0.0,0.0,0,0.0,0.0,0,0.0,0.0,0,0.0,0.0,0,0.0,0.0,0,0.0,0.0,0,0.0,0.0,0,0.0,0.0,0
801,1801,3,True,771,1.3495326599031654,1.91821513756269,-96.98081784862437,0.35983527216039674,1.48719382055755,276,0.6598517345662702,2.8330027233907225,246,0.32984565317649833,1.434448868739797,249,-0.020156274354945578,-0.08788673164470914,263,0.0,0.0,0,0.0,0.0,0,0.0,0.0,0,0.0,0.0,0,0.0,0.0,0,0.0,0.0,0,0.0,0.0,0,0.0,0.0,0
813,1813,3,True,770,1.2995332260457273,1.8523090733145324,-96.98147690926686,0.28983645666766406,1.207616375386955,274,0.4398511906930595,1.9064271967012754,247,0.5698455786850037,2.4428836478553664,249,-0.23015535465166626,-1.02631240172265,263,0.0,0.0,0,0.0,0.0,0,0.0,0.0,0,0.0,0.0,0,0.0,0.0,0,0.0,0.0,0,0.0,0.0,0,0.0,0.0,0
336,1336,3,True,769,1.2195354721648586,1.7351758408195872,-96.9826482415918,0.38983731543359945,1.6165391634776258,273,0.5598511532894215,2.41035718097706,247,0.26984700344183765,1.178631178004076,249,-0.20015541778575138,-0.8894431474164003,263,0.0,0.0,0,0.0,0.0,0,0.0,0.0,0,0.0,0.0,0,0.0,0.0,0,0.0,0.0,0,0.0,0.0,0,0.0,0.0,0
301,1301,3,True,770,1.1795348913676433,1.6747360036486825,-96.98325263996351,0.4398367248089783,1.8152800848062356,274,0.4998511453957175,2.1589281126984443,247,0.2398470211629476,1.0499998134413677,249,-0.23015541039674403,-1.0263126871483252,263,0.0,0.0,0,0.0,0.0,0,0.0,0.0,0,0.0,0.0,0,0.0,0.0,0,0.0,0.0,0,0.0,0.0,0,0.0,0.0,0
653,1653,3,True,768,1.1695359268715195,1.6614364714033314,-96.98338563528597,0.43983706945364287,1.8152817529501089,274,0.23985175767522518,1.056138330927065,246,0.48984709974265145,2.1128893303328193,248,-0.040154766123159186,-0.17576411480692516,262,0.0,0.0,0,0.0,0.0,0,0.0,0.0,0,0.0,0.0,0,0.0,0.0,0,0.0,0.0,0,0.0,0.0,0,0.0,0.0,0
61,1061,3,True,759,1.139539000384255,1.6314915587424548,-96.98368508441257,0.42983978916969867,1.790580299600379,269,0.30985209815126474,1.3598411023228192,245,0.3998471130632914,1.744053274304166,245,-0.15015419780967998,-0.666145549299539,261,0.0,0.0,0,0.0,0.0,0,0.0,0.0,0,0.0,0.0,0,0.0,0.0,0,0.0,0.0,0,0.0,0.0,0,0.0,0.0,0
124,1124,3,True,770,1.0895336941298117,1.5607793492101252,-96.9843922065079,0.22983672676731617,0.9617064642199581,274,0.4998511337558933,2.1589279354449737,247,0.3598458336066024,1.5617036479654445,249,-0.1701553893779412,-0.7535785696163917,263,0.0,0.0,0,0.0,0.0,0,0.0,0.0,0,0.0,0.0,0,0.0,0.0,0,0.0,0.0,0,0.0,0.0,0,0.0,0.0,0
63,1063,3,True,767,1.029536506130592,1.4819721368301684,-96.9851802786317,0.16983676316425964,0.7138697008889929,274,0.4298520955564649,1.8713871508813231,245,0.42984764740986764,1.8606595587201893,248,-0.10015479697365645,-0.44108345925890263,262,0.0,0.0,0,0.0,0.0,0,0.0,0.0,0,0.0,0.0,0,0.0,0.0,0,0.0,0.0,0,0.0,0.0,0,0.0,0.0,0
308,1308,3,True,764,1.029538687594455,1.4787476250252098,-96.98521252374975,0.23983770001370028,1.0045883624611036,273,0.25985296542896563,1.1469053368637998,244,0.529848022151789,2.2847491757507266,247,-0.280152990724703,-1.2670753722490857,259,0.0,0.0,0,0.0,0.0,0,0.0,0.0,0,0.0,0.0,0,0.0,0.0,0,0.0,0.0,0,0.0,0.0,0,0.0,0.0,0
661,1661,3,True,769,0.9795358034137525,1.3951539436835236,-96.98604846056317,0.37983674584193455,1.573314721000054,274,0.43985115192586055,1.906427211961628,247,0.15984790564595744,0.7057198980888889,248,-0.3801554020475109,-1.7273512593304667,263,0.0,0.0,0,0.0,0.0,0,0.0,0.0,0,0.0,0.0,0,0.0,0.0,0,0.0,0.0,0,0.0,0.0,0,0.0,0.0,0
905,1905,3,True,765,0.959539017139093,1.3803674349386172,-96.98619632565061,0.16983709382167367,0.7138711451612567,274,0.22985298354871664,1.0168825868694393,244,0.5598489397687026,2.4103485727851557,247,-0.2401541766936659,-1.0764800189437542,261,0.0,0.0,0,0.0,0.0,0,0.0,0.0,0,0.0,0.0,0,0.0,0.0,0,0.0,0.0,0,0.0,0.0,0,0.0,0.0,0
103,1103,3,True,768,0.9295362590937055,1.3387962612374815,-96.98661203738763,0.17983708624834654,0.7566584998588909,273,0.37985118540075474,1.6526307988549844,247,0.3698479874446042,1.607099484998569,248,-0.20015537757140214,-0.8894429689503466,263,0.0,0.0,0,0.0,0.0,0,0.0,0.0,0,0.0,0.0,0,0.0,0.0,0,0.0,0.0,0,0.0,0.0,0,0.0,0.0,0
362,1362,3,True,768,0.9295365155594407,1.3340345234403757,-96.9866596547656,0.2698370660328579,1.1278242699274772,273,0.25985116994576474,1.1402173596581422,247,0.39984827958081814,1.7340619407355073,248,-0.050155374335627875,-0.2193363853195333,263,0.0,0.0,0,0.0,0.0,0,0.0,0.0,0,0.0,0.0,0,0.0,0.0,0,0.0,0.0,0,0.0,0.0,0,0.0,0.0,0
935,1935,3,True,771,0.9295360868814053,1.33023558009709,-96.98669764419903,0.2798361399830325,1.1647218378996396,275,0.22985114525121886,1.0109311135014805,247,0.41984880164715394,1.81505378889015,249,-0.020155410149519545,-0.08788297388002758,263,0.0,0.0,0,0.0,0.0,0,0.0,0.0,0,0.0,0.0,0,0.0,0.0,0,0.0,0.0,0,0.0,0.0,0,0.0,0.0,0
683,1683,3,True,769,0.9195354366190355,1.322450289786392,-96.98677549710213,0.20983729919930044,0.8808734053465118,273,0.409851141926982,1.7797049382743928,247,0.29984699549275307,1.3067725257382707,249,-0.17015542495695568,-0.7535787217597147,263,0.0,0.0,0,0.0,0.0,0,0.0,0.0,0,0.0,0.0,0,0.0,0.0,0,0.0,0.0,0,0.0,0.0,0,0.0,0.0,0
441,1441,3,True,769,0.9195322184517702,1.3141875818965931,-96.98685812418104,0.35983701722322636,1.4949462949732784,273,0.28985113879184005,1.2689988577412739,247,0.26984406243670384,1.1786175929752272,249,-0.050155410944301634,-0.2193365474588901,263,0.0,0.0,0,0.0,0.0,0,0.0,0.0,0,0.0,0.0,0,0.0,0.0,0,0.0,0.0,0,0.0,0.0,0,0.0,0.0,0
785,1785,3,True,702,0.8395749506806439,1.26275690128638,-96.98737243098714,0.08985189320053905,0.39837171662877535,249,0.2198632254870227,1.0077780596499966,227,0.5298598319930822,2.3821209275803676,226,-0.020134129375725056,-0.09449592391672341,227,0.0,0.0,0,0.0,0.0,0,0.0,0.0,0,0.0,0.0,0,0.0,0.0,0,0.0,0.0,0,0.0,0.0,0,0.0,0.0,0
784,1784,3,True,771,0.8695336587256048,1.244796063776393,-96.98755203936224,0.2798361367971333,1.16472171756774,275,0.19985113210488878,0.8811076879310272,247,0.38984638982358283,1.6885587858304116,249,-0.08015540260355623,-0.3515947552941345,263,0.0,0.0,0,0.0,0.0,0,0.0,0.0,0,0.0,0.0,0,0.0,0.0,0,0.0,0.0,0,0.0,0.0,0,0.0,0.0,0
456,1456,3,True,771,0.869533443890395,1.2394290316911438,-96.9876057096831,0.3798367139585941,1.5733145156507875,274,0.28985116400512045,1.2689988432766652,247,0.1998455659266805,0.8759737361459786,250,-0.10015481125474571,-0.44108353582676235,262,0.0,0.0,0,0.0,0.0,0,0.0,0.0,0,0.0,0.0,0,0.0,0.0,0,0.0,0.0,0,0.0,0.0,0,0.0,0.0,0
669,1669,3,True,770,0.849534569200517,1.2254155499997839,-96.9877458445,0.1398367315029127,0.5891628593276673,274,0.37985114949424276,1.6526306126956778,247,0.32984668820336155,1.4344531779760064,249,-0.1701554101083074,-0.7535786547880421,263,0.0,0.0,0,0.0,0.0,0,0.0,0.0,0,0.0,0.0,0,0.0,0.0,0,0.0,0.0,0,0.0,0.0,0,0.0,0.0,0
372,1372,3,True,770,0.8495340187644742,1.216686988005049,-96.98783313011995,0.1598361320731602,0.671170402294993,275,0.5898511474429112,2.535737412312814,247,0.09984673924840279,0.4431531494073404,248,-0.020155410191815177,-0.08788297528838308,263,0.0,0.0,0,0.0,0.0,0,0.0,0.0,0,0.0,0.0,0,0.0,0.0,0,0.0,0.0,0,0.0,0.0,0,0.0,0.0,0
916,1916,3,True,771,0.8395337065928301,1.2095761305193138,-96.98790423869481,0.15983612372711237,0.671170325655661,275,0.28985113120522027,1.268998666627754,247,0.38984645166049753,1.6885593992745265,249,-0.2601554106647375,-1.1642318044467486,263,0.0,0.0,0,0.0,0.0,0,0.0,0.0,0,0.0,0.0,0,0.0,0.0,0,0.0,0.0,0,0.0,0.0,0,0.0,0.0,0
75,1075,3,True,765,0.8395368140315722,1.1995570401816773,-96.98800442959818,0.3898376341716292,1.6165406936161755,273,0.2898529928436917,1.2764179292734086,244,0.15984618701625128,0.705712497655448,248,-0.01015479409668216,-0.04431912021795564,262,0.0,0.0,0,0.0,0.0,0,0.0,0.0,0,0.0,0.0,0,0.0,0.0,0,0.0,0.0,0,0.0,0.0,0,0.0,0.0,0
414,1414,3,True,747,0.8095477917013285,1.1861874910694208,-96.9881381250893,0.13984037872700789,0.5955635050039618,268,0.22985478318924224,1.022940902566137,241,0.43985262978507844,1.9400580656381639,238,-0.05014650557507498,-0.2258743046549347,248,0.0,0.0,0,0.0,0.0,0,0.0,0.0,0,0.0,0.0,0,0.0,0.0,0,0.0,0.0,0,0.0,0.0,0,0.0,0.0,0
458,1458,3,True,770,0.819534289582943,1.1819380155988946,-96.98818061984402,0.16983644636615963,0.7138682768414293,274,0.34985114328888817,1.525174635154711,247,0.29984669992789525,1.3067711348005437,249,-0.04015480052909966,-0.175764265859221,262,0.0,0.0,0,0.0,0.0,0,0.0,0.0,0,0.0,0.0,0,0.0,0.0,0,0.0,0.0,0,0.0,0.0,0,0.0,0.0,0
452,1452,3,True,770,0.7895351310783927,1.1379938616553404,-96.98862006138344,0.1998370103132924,0.8380429750208686,274,0.31985113161395967,1.397307501238763,247,0.2698469891511405,1.1786311087063892,249,-0.02015538994207411,-0.08788288296011888,263,0.0,0.0,0,0.0,0.0,0,0.0,0.0,0,0.0,0.0,0,0.0,0.0,0,0.0,0.0,0,0.0,0.0,0,0.0,0.0,0
148,1148,3,True,771,0.7495342661392168,1.0793068455758368,-96.98920693154425,0.21983614008835273,0.9189223842041203,275,0.2898511496348041,1.2689987365380582,247,0.23984697641606006,1.049999415985332,249,-0.17015541020386785,-0.7535786523775314,263,0.0,0.0,0,0.0,0.0,0,0.0,0.0,0,0.0,0.0,0,0.0,0.0,0,0.0,0.0,0,0.0,0.0,0,0.0,0.0,0
415,1415,3,True,770,0.7595348153881176,1.0753233941530504,-96.98924676605847,0.39983581981890326,1.6512630596962514,275,0.049851108061992264,0.2227344071889003,247,0.30984788750722214,1.3519727155739993,248,-0.1701554195384651,-0.7535786939791241,263,0.0,0.0,0,0.0,0.0,0,0.0,0.0,0,0.0,0.0,0,0.0,0.0,0,0.0,0.0,0,0.0,0.0,0,0.0,0.0,0
269,1269,3,True,769,0.7395358996144654,1.0688731013085147,-96.98931126898691,0.1698367410378654,0.7138696024568527,274,0.28985117666284554,1.268998899537441,247,0.27984798191375443,1.22375080193125,248,-0.08015625940986439,-0.3515984578269569,263,0.0,0.0,0,0.0,0.0,0,0.0,0.0,0,0.0,0.0,0,0.0,0.0,0,0.0,0.0,0,0.0,0.0,0,0.0,0.0,0
908,1908,3,True,770,0.7295317257853199,1.0530804052995242,-96.98946919594701,0.16983642571332355,0.713868175003819,274,0.2298511605662148,1.0109311786569315,247,0.3298441395057815,1.4344418622378219,249,-0.020155408443493485,-0.0878829664915475,263,0.0,0.0,0,0.0,0.0,0,0.0,0.0,0,0.0,0.0,0,0.0,0.0,0,0.0,0.0,0,0.0,0.0,0,0.0,0.0,0
770,1770,3,True,770,0.7295342986974119,1.0523867565775709,-96.98947613243422,0.049837003009150935,0.21155870126193843,274,0.5298511642901826,2.2847631718097037,247,0.14984613139807834,0.6608383966610701,249,-0.20015540017986916,-0.8894431382091029,263,0.0,0.0,0,0.0,0.0,0,0.0,0.0,0,0.0,0.0,0,0.0,0.0,0,0.0,0.0,0,0.0,0.0,0,0.0,0.0,0
509,1509,3,True,770,0.7295348824439325,1.050641053425865,-96.98949358946574,0.22983672502032396,0.9617064710161131,274,0.2598511393268964,1.1402170805335754,247,0.2398470180967121,1.0499996087279062,249,-0.38015540421635924,-1.7273512135563092,263,0.0,0.0,0,0.0,0.0,0,0.0,0.0,0,0.0,0.0,0,0.0,0.0,0,0.0,0.0,0,0.0,0.0,0,0.0,0.0,0
28,1028,3,True,770,0.6995340840123448,1.003917804083015,-96.98996082195917,0.1998367578157921,0.8380419487125762,274,0.449851785745011,1.9523240083328197,246,0.04984554045154172,0.22138745520364897,250,-0.29015540142826096,-1.3032463715346014,263,0.0,0.0,0,0.0,0.0,0,0.0,0.0,0,0.0,0.0,0,0.0,0.0,0,0.0,0.0,0,0.0,0.0,0,0.0,0.0,0
782,1782,3,True,771,0.6895342778719583,0.9912767520731554,-96.99008723247927,0.2498361407161864,1.042053299194525,275,0.2298511493563271,1.010930998641253,247,0.20984698779944477,0.9208459583836884,249,-0.44015541384698303,-2.0164935245114934,263,0.0,0.0,0,0.0,0.0,0,0.0,0.0,0,0.0,0.0,0,0.0,0.0,0,0.0,0.0,0,0.0,0.0,0,0.0,0.0,0
69,1069,3,True,770,0.6695330165266329,0.9610760797652494,-96.99038923920234,0.2598364136038634,1.084888420019078,274,0.13985110026054212,0.6197153109113275,247,0.26984550266222734,1.1786245083653428,249,-0.010154872359124644,-0.04431946478345365,262,0.0,0.0,0,0.0,0.0,0,0.0,0.0,0,0.0,0.0,0,0.0,0.0,0,0.0,0.0,0,0.0,0.0,0,0.0,0.0,0
88,1088,3,True,769,0.6495361838961302,0.9388008676809703,-96.99061199132319,0.17983733760277254,0.7566596105992521,273,0.19985117143080963,0.8811079437475713,247,0.26984767486254796,1.1786350486960873,249,-0.4101553542381646,-1.8712450821241422,263,0.0,0.0,0,0.0,0.0,0,0.0,0.0,0,0.0,0.0,0,0.0,0.0,0,0.0,0.0,0,0.0,0.0,0,0.0,0.0,0
599,1599,3,True,766,0.6495356392265601,0.9387080431383765,-96.99061291956862,0.1098367187212371,0.4638942367032364,274,0.09985236303932575,0.4458227066976439,245,0.4398465574659972,1.9064071860142495,247,-0.0901550923472077,-0.3974010621526178,261,0.0,0.0,0,0.0,0.0,0,0.0,0.0,0,0.0,0.0,0,0.0,0.0,0,0.0,0.0,0,0.0,0.0,0,0.0,0.0,0
922,1922,3,True,772,0.6495325103609578,0.9370368816936683,-96.99062963118307,0.14983554898540033,0.628560736620419,276,0.379851152501773,1.6526306471454923,247,0.11984580887378453,0.5299192613150936,249,-0.19015484055487214,-0.8457154376698657,262,0.0,0.0,0,0.0,0.0,0,0.0,0.0,0,0.0,0.0,0,0.0,0.0,0,0.0,0.0,0,0.0,0.0,0,0.0,0.0,0
767,1767,3,True,771,0.6595342883360539,0.9222173289910334,-96.99077782671009,0.48983613872752846,2.01249316407397,275,0.10985115282875905,0.48807708428194563,247,0.05984699677976631,0.26608173861718437,249,-0.14015543181101786,-0.6186766250713088,263,0.0,0.0,0,0.0,0.0,0,0.0,0.0,0,0.0,0.0,0,0.0,0.0,0,0.0,0.0,0,0.0,0.0,0,0.0,0.0,0
932,1932,3,True,770,0.6395348390816622,0.9211231288742204,-96.99078876871125,0.209837001791602,0.8808721251488758,273,0.31985114162364847,1.3973076448214752,247,0.10984669566641174,0.48518961665231025,250,-0.14015541378073496,-0.6186765120291713,263,0.0,0.0,0,0.0,0.0,0,0.0,0.0,0,0.0,0.0,0,0.0,0.0,0,0.0,0.0,0,0.0,0.0,0,0.0,0.0,0
790,1790,3,True,764,0.6095380556535639,0.8801847816995313,-96.991198152183,0.1998388827845736,0.8425192729781426,271,0.08985176850922413,0.40074272933302124,246,0.3198474043597662,1.3972923427874304,247,-0.24015417536475314,-1.076480014520491,261,0.0,0.0,0,0.0,0.0,0,0.0,0.0,0,0.0,0.0,0,0.0,0.0,0,0.0,0.0,0,0.0,0.0,0,0.0,0.0,0
459,1459,3,True,769,0.5895367517988341,0.8566199575330531,-96.99143380042467,0.019836741820689133,0.08443071484816675,274,0.4098511921352194,1.7797051269085369,247,0.1598488178429256,0.7057240308424557,248,-0.5001553716592708,-2.311288584684181,263,0.0,0.0,0,0.0,0.0,0,0.0,0.0,0,0.0,0.0,0,0.0,0.0,0,0.0,0.0,0,0.0,0.0,0,0.0,0.0,0
65,1065,3,True,770,0.5495348606992656,0.791087573622503,-96.99208912426377,0.22983673455577672,0.9617064916067655,274,0.1698511458967466,0.7507140097006951,247,0.1498469802467423,0.6608422195600483,249,-0.32015542499582567,-1.4434045551339258,263,0.0,0.0,0,0.0,0.0,0,0.0,0.0,0,0.0,0.0,0,0.0,0.0,0,0.0,0.0,0,0.0,0.0,0,0.0,0.0,0
430,1430,3,True,249,0.32985083185861697,0.7868652385694124,-96.9921313476143,0.05995028988157485,0.4523257073577939,84,0.22994172729350512,1.5727669685628,97,0.039958814683537014,0.335503039787643,68,-0.1000435610571111,-0.8562927871290114,73,0.0,0.0,0,0.0,0.0,0,0.0,0.0,0,0.0,0.0,0,0.0,0.0,0,0.0,0.0,0,0.0,0.0,0,0.0,0.0,0
939,1939,3,True,769,0.5295340259474094,0.7599242394837238,-96.99240075760517,0.22983641885696984,0.9617051801779665,274,0.259851165621253,1.1402172546199705,247,0.03984644146918655,0.1778502836532346,248,-0.32015541029073247,-1.4434045198492327,263,0.0,0.0,0,0.0,0.0,0,0.0,0.0,0,0.0,0.0,0,0.0,0.0,0,0.0,0.0,0,0.0,0.0,0,0.0,0.0,0
123,1123,3,True,771,0.5095332428106092,0.744013502212213,-96.99255986497788,0.009836175012071449,0.04182736534804788,275,0.2598512037051506,1.140217410764118,247,0.2398458640933872,1.0499957305244727,249,-0.3801553652892669,-1.7273511113563638,263,0.0,0.0,0,0.0,0.0,0,0.0,0.0,0,0.0,0.0,0,0.0,0.0,0,0.0,0.0,0,0.0,0.0,0,0.0,0.0,0
544,1544,3,True,771,0.5095322358783119,0.7205202143338217,-96.99279479785666,0.3398358369571758,1.4087697220841326,275,0.13985115001704929,0.6197155801883414,247,0.02984524890408677,0.13307534072899108,249,-0.14015538915453446,-0.6186764450598722,263,0.0,0.0,0,0.0,0.0,0,0.0,0.0,0,0.0,0.0,0,0.0,0.0,0,0.0,0.0,0,0.0,0.0,0,0.0,0.0,0
586,1586,3,True,767,0.48953462302981504,0.7171596136617692,-96.99282840386338,0.019836765625553383,0.08443081738764277,274,0.2398518252411669,1.056138636212936,246,0.22984603216309474,1.010909387384729,247,-0.25015476826211747,-1.1203877882230109,262,0.0,0.0,0,0.0,0.0,0,0.0,0.0,0,0.0,0.0,0,0.0,0.0,0,0.0,0.0,0,0.0,0.0,0,0.0,0.0,0
825,1825,3,True,770,0.4895344551718501,0.7119617397217036,-96.99288038260278,0.11983473201836037,0.5039130389684076,276,0.20985176534316236,0.9262520649869981,246,0.15984795781032743,0.7057201152097053,248,-0.07015479021207112,-0.3080065089965051,262,0.0,0.0,0,0.0,0.0,0,0.0,0.0,0,0.0,0.0,0,0.0,0.0,0,0.0,0.0,0,0.0,0.0,0,0.0,0.0,0
41,1041,3,True,772,0.49953078508075544,0.7114064392537517,-96.99288593560746,0.2798358424583426,1.1647204093449004,275,0.1998511642975757,0.8811078464717108,247,0.019843778324837136,0.08839106194464355,250,-0.2901554075417832,-1.3032463603979516,263,0.0,0.0,0,0.0,0.0,0,0.0,0.0,0,0.0,0.0,0,0.0,0.0,0,0.0,0.0,0,0.0,0.0,0,0.0,0.0,0
154,1154,3,True,772,0.46953454219394025,0.6809913382119216,-96.99319008661789,0.03983585292302707,0.16894705830362566,275,0.3798511277392259,1.6526305870633091,247,0.049847561531687304,0.22139636926882997,250,-0.14015541029026182,-0.6186765046623462,263,0.0,0.0,0,0.0,0.0,0,0.0,0.0,0,0.0,0.0,0,0.0,0.0,0,0.0,0.0,0,0.0,0.0,0,0.0,0.0,0
652,1652,3,True,766,0.37953759640549134,0.5557226435594839,-96.9944427735644,0.07983675366303547,0.33803559070409783,274,0.13985294013581992,0.6234123442516204,244,0.15984790260663592,0.7057199957227335,248,-0.330154154915834,-1.4965429030155266,261,0.0,0.0,0,0.0,0.0,0,0.0,0.0,0,0.0,0.0,0,0.0,0.0,0,0.0,0.0,0,0.0,0.0,0,0.0,0.0,0
386,1386,3,True,772,0.3795316671029868,0.5523822094588654,-96.99447617790541,0.09983611864647315,0.4212532903827776,275,0.16985116954304103,0.7507141514062602,247,0.10984437891347264,0.48517918658755854,250,-0.1301548167952456,-0.5750338052300464,262,0.0,0.0,0,0.0,0.0,0,0.0,0.0,0,0.0,0.0,0,0.0,0.0,0,0.0,0.0,0,0.0,0.0,0,0.0,0.0,0
758,1758,3,True,772,0.3495331185287051,0.5116611481786215,-96.99488338851822,0.03983555866985656,0.16894580133539125,275,0.13985113977228097,0.6197154564162568,247,0.16984642008656758,0.7463221867842166,250,-0.5001554036493158,-2.3112888049304448,263,0.0,0.0,0,0.0,0.0,0,0.0,0.0,0,0.0,0.0,0,0.0,0.0,0,0.0,0.0,0,0.0,0.0,0,0.0,0.0,0
960,1960,3,True,772,0.31953193647980593,0.46657042947404737,-96.99533429570526,0.029835574598498178,0.12641894115836672,276,0.2598511347477609,1.1402171022872285,247,0.02984522713354687,0.13307524497654688,249,-0.3501554038656433,-1.5847555909201996,263,0.0,0.0,0,0.0,0.0,0,0.0,0.0,0,0.0,0.0,0,0.0,0.0,0,0.0,0.0,0,0.0,0.0,0,0.0,0.0,0
503,1503,3,True,749,0.30954660436790077,0.44514095743380805,-96.99554859042566,0.23984261131256104,1.0209216188332115,264,0.029855319462477655,0.1355682679566208,240,0.03984867359286211,0.17893298551159167,245,-0.6301472544659688,-3.0720597778974215,249,0.0,0.0,0,0.0,0.0,0,0.0,0.0,0,0.0,0.0,0,0.0,0.0,0,0.0,0.0,0,0.0,0.0,0,0.0,0.0,0
892,1892,3,True,770,0.27953579605489426,0.4072055461433122,-96.99592794453856,0.07983701931840997,0.3380367420587928,274,0.049851146275087264,0.2227345969848337,247,0.149847630461397,0.6608452993863102,249,-0.41015541013521545,-1.8712454249146957,263,0.0,0.0,0,0.0,0.0,0,0.0,0.0,0,0.0,0.0,0,0.0,0.0,0,0.0,0.0,0,0.0,0.0,0,0.0,0.0,0
664,1664,3,True,770,0.279533521979399,0.4044381907789465,-96.99595561809221,0.12983587093051968,0.5464950396040984,275,0.08985178221405243,0.4007428711377998,246,0.05984586883482691,0.2660766615949413,249,-0.05015537145656661,-0.2193363829763967,263,0.0,0.0,0,0.0,0.0,0,0.0,0.0,0,0.0,0.0,0,0.0,0.0,0,0.0,0.0,0,0.0,0.0,0,0.0,0.0,0
346,1346,3,True,771,0.26953304623236735,0.39564810736548245,-96.99604351892634,0.039836130276145264,0.16894823755418728,275,0.10985111666745741,0.4880769129496733,247,0.11984579928876467,0.5299191715925866,249,-0.020155381769115435,-0.08788284427708563,263,0.0,0.0,0,0.0,0.0,0,0.0,0.0,0,0.0,0.0,0,0.0,0.0,0,0.0,0.0,0,0.0,0.0,0,0.0,0.0,0
899,1899,3,True,771,0.26953310495720545,0.3894450280024094,-96.99610554971997,0.12983613253948115,0.5464961894911593,275,0.07985114232295988,0.35576242365502564,247,0.05984583009476439,0.26607647086104336,249,-0.46015484037546667,-2.1186518100017886,262,0.0,0.0,0,0.0,0.0,0,0.0,0.0,0,0.0,0.0,0,0.0,0.0,0,0.0,0.0,0,0.0,0.0,0,0.0,0.0,0
232,1232,3,True,769,0.10953540986856657,0.16167348448104524,-96.99838326515518,0.019836712069736022,0.08443059343183225,274,0.04985112554269287,0.22273448547587527,247,0.03984757225613768,0.17785537453542818,248,-0.05015541602509664,-0.21933656486171682,263,0.0,0.0,0,0.0,0.0,0,0.0,0.0,0,0.0,0.0,0,0.0,0.0,0,0.0,0.0,0,0.0,0.0,0,0.0,0.0,0
71,1071,2,True,523,2.1496867110409363,4.428152168733055,-97.95571847831268,1.1398355682119832,4.573396500866864,276,1.009851142828953,4.282907836599245,247,-0.03015413635949468,-0.13526508821842956,249,0.0,0.0,0,0.0,0.0,0,0.0,0.0,0,0.0,0.0,0,0.0,0.0,0,0.0,0.0,0,0.0,0.0,0,0.0,0.0,0,0.0,0.0,0
844,1844,2,True,522,1.9196870411926117,3.968506296077682,-97.96031493703923,0.9998358726016828,4.0288560263434805,275,0.919851168590929,3.908156565811884,247,-0.030152979346394836,-0.13525995464869292,249,0.0,0.0,0,0.0,0.0,0,0.0,0.0,0,0.0,0.0,0,0.0,0.0,0,0.0,0.0,0,0.0,0.0,0,0.0,0.0,0,0.0,0.0,0
556,1556,2,True,511,1.7896938520926482,3.7221088047790145,-97.96277891195221,1.1698409141201866,4.767971684855693,267,0.6198529379724615,2.6762459247023354,244,-0.12015106228252313,-0.5510792714046695,243,0.0,0.0,0,0.0,0.0,0,0.0,0.0,0,0.0,0.0,0,0.0,0.0,0,0.0,0.0,0,0.0,0.0,0,0.0,0.0,0,0.0,0.0,0
584,1584,2,True,522,1.7396870442730326,3.6207101944533417,-97.96379289805547,0.7598358910592965,3.0835571805959336,275,0.9798511532137361,4.15786320831075,247,-0.0601541524159392,-0.2706901892625996,249,0.0,0.0,0,0.0,0.0,0,0.0,0.0,0,0.0,0.0,0,0.0,0.0,0,0.0,0.0,0,0.0,0.0,0,0.0,0.0,0,0.0,0.0,0
96,1096,2,True,521,1.6596876535961747,3.440282440055605,-97.96559717559944,0.9198364806444477,3.720220008140357,274,0.739851172951727,3.160344871970853,247,-0.00015531262302063628,-0.0006945725607809926,249,0.0,0.0,0,0.0,0.0,0,0.0,0.0,0,0.0,0.0,0,0.0,0.0,0,0.0,0.0,0,0.0,0.0,0,0.0,0.0,0,0.0,0.0,0
0,1000,2,True,517,1.6096899297376113,3.358738574226887,-97.96641261425773,0.8298364231934804,3.365216050560967,274,0.7798535065441309,3.3522610978928067,243,-0.11015318693771575,-0.49942106291596894,248,0.0,0.0,0,0.0,0.0,0,0.0,0.0,0,0.0,0.0,0,0.0,0.0,0,0.0,0.0,0,0.0,0.0,0,0.0,0.0,0,0.0,0.0,0
684,1684,2,True,518,1.5996897017423888,3.339710212907778,-97.96660289787093,0.7798373352472643,3.173303743207259,273,0.8198523664951246,3.506116682608296,245,-0.24015232743573303,-1.1106264491902018,246,0.0,0.0,0,0.0,0.0,0,0.0,0.0,0,0.0,0.0,0,0.0,0.0,0,0.0,0.0,0,0.0,0.0,0,0.0,0.0,0,0.0,0.0,0
545,1545,2,True,508,1.3696956883227862,2.90055278933317,-97.97099447210667,0.6698379320578555,2.742174077957459,272,0.6998577562649307,3.0589315007088813,236,-0.13015134883299484,-0.5963847032142922,244,0.0,0.0,0,0.0,0.0,0,0.0,0.0,0,0.0,0.0,0,0.0,0.0,0,0.0,0.0,0,0.0,0.0,0,0.0,0.0,0,0.0,0.0,0
567,1567,2,True,522,1.379687048228699,2.875571991659714,-97.9712442800834,0.7298358894933143,2.9651817702505854,275,0.6498511587353847,2.7859622130688435,247,-0.15015563536154194,-0.6824960425441071,249,0.0,0.0,0,0.0,0.0,0,0.0,0.0,0,0.0,0.0,0,0.0,0.0,0,0.0,0.0,0,0.0,0.0,0,0.0,0.0,0,0.0,0.0,0
997,1997,2,True,522,1.3796873132548355,2.872244476200777,-97.97127755523799,0.759836163776002,3.0835584265760088,275,0.6198511494788334,2.6609305258255445,247,-0.45015359215902856,-2.129957794443514,249,0.0,0.0,0,0.0,0.0,0,0.0,0.0,0,0.0,0.0,0,0.0,0.0,0,0.0,0.0,0,0.0,0.0,0,0.0,0.0,0,0.0,0.0,0
954,1954,2,True,522,1.349687336572615,2.825357857393163,-97.97174642142606,0.6098361750231888,2.4903709665479115,275,0.7398511615494261,3.1603447482384146,247,-0.00015300648500748103,-0.0006842594912917973,249,0.0,0.0,0,0.0,0.0,0,0.0,0.0,0,0.0,0.0,0,0.0,0.0,0,0.0,0.0,0,0.0,0.0,0,0.0,0.0,0,0.0,0.0,0
945,1945,2,True,521,1.3596875717382852,2.8249893382420916,-97.97175010661758,0.8298364293763818,3.3652154368742146,274,0.5298511423619034,2.2847632396099686,247,-0.040156577862049146,-0.17995872106772517,250,0.0,0.0,0,0.0,0.0,0,0.0,0.0,0,0.0,0.0,0,0.0,0.0,0,0.0,0.0,0,0.0,0.0,0,0.0,0.0,0,0.0,0.0,0
62,1062,2,True,522,1.3496869624953574,2.816328493119907,-97.9718367150688,0.6998358489546583,2.8466949672125446,275,0.649851113540699,2.785962019027269,247,-0.19015389833815147,-0.866592255289321,250,0.0,0.0,0,0.0,0.0,0,0.0,0.0,0,0.0,0.0,0,0.0,0.0,0,0.0,0.0,0,0.0,0.0,0,0.0,0.0,0,0.0,0.0,0
214,1214,2,True,522,1.319686999939289,2.7709563672698736,-97.9722904363273,0.5198358842026581,2.1323213058721477,275,0.7998511157366309,3.4095914286675995,247,-0.030154178484512923,-0.13526529615806995,249,0.0,0.0,0,0.0,0.0,0,0.0,0.0,0,0.0,0.0,0,0.0,0.0,0,0.0,0.0,0,0.0,0.0,0,0.0,0.0,0,0.0,0.0,0
399,1399,2,True,522,1.319687328514906,2.727073044604268,-97.97272926955395,0.9098361705048501,3.674440806832392,275,0.409851158010056,1.7797052823761441,247,-0.00015358062664605834,-0.0006868271243995646,249,0.0,0.0,0,0.0,0.0,0,0.0,0.0,0,0.0,0.0,0,0.0,0.0,0,0.0,0.0,0,0.0,0.0,0,0.0,0.0,0,0.0,0.0,0
980,1980,2,True,521,1.2996878741371125,2.699021371220346,-97.97300978628779,0.8298367361051142,3.3652169186348284,274,0.4698511380319982,2.0328258238058634,247,-0.14015354603430627,-0.637615780125166,248,0.0,0.0,0,0.0,0.0,0,0.0,0.0,0,0.0,0.0,0,0.0,0.0,0,0.0,0.0,0,0.0,0.0,0,0.0,0.0,0,0.0,0.0,0
940,1940,2,True,522,1.2596873374385607,2.6487396752422403,-97.97351260324757,0.48983616706648775,2.0124931684618894,275,0.769851170372073,3.284986182022591,247,-0.0001541655717040881,-0.0006894430381647943,249,0.0,0.0,0,0.0,0.0,0,0.0,0.0,0,0.0,0.0,0,0.0,0.0,0,0.0,0.0,0,0.0,0.0,0,0.0,0.0,0,0.0,0.0,0
110,1110,2,True,521,1.2396879376962602,2.612436064930435,-97.9738756393507,0.439836768804629,1.8152803316908401,274,0.7998511688916311,3.4095917981700294,247,-0.26015355407267216,-1.201063276073815,248,0.0,0.0,0,0.0,0.0,0,0.0,0.0,0,0.0,0.0,0,0.0,0.0,0,0.0,0.0,0,0.0,0.0,0,0.0,0.0,0,0.0,0.0,0
761,1761,2,True,522,1.229687046309478,2.578600703475919,-97.97421399296525,0.5798358675363429,2.371239038968118,275,0.6498511787731351,2.7859623679837195,247,-0.150154172181791,-0.682489736660161,249,0.0,0.0,0,0.0,0.0,0,0.0,0.0,0,0.0,0.0,0,0.0,0.0,0,0.0,0.0,0,0.0,0.0,0,0.0,0.0,0,0.0,0.0,0
658,1658,2,True,522,1.2296870565973177,2.549878707139068,-97.97450121292862,0.8198358869148226,3.32005198058546,275,0.4098511696824952,1.7797054336926763,247,-0.09015474636006611,-0.4070092521149781,249,0.0,0.0,0,0.0,0.0,0,0.0,0.0,0,0.0,0.0,0,0.0,0.0,0,0.0,0.0,0,0.0,0.0,0,0.0,0.0,0,0.0,0.0,0
634,1634,2,True,523,1.2196867485339138,2.539821423022709,-97.97460178576978,0.7198355936996998,2.920714394255959,276,0.49985115483421394,2.15892845178946,247,-0.2101529999211894,-0.9620769502724454,249,0.0,0.0,0,0.0,0.0,0,0.0,0.0,0,0.0,0.0,0,0.0,0.0,0,0.0,0.0,0,0.0,0.0,0,0.0,0.0,0,0.0,0.0,0
207,1207,2,True,471,1.139717856447728,2.509067010392184,-97.97490932989608,0.539857367547507,2.358300871328343,240,0.5998604889002208,2.6598331494560243,231,-0.03013920223176483,-0.1422425734856897,225,0.0,0.0,0,0.0,0.0,0,0.0,0.0,0,0.0,0.0,0,0.0,0.0,0,0.0,0.0,0,0.0,0.0,0,0.0,0.0,0,0.0,0.0,0
602,1602,2,True,521,1.1796870507779726,2.4723634195948714,-97.97527636580405,0.6198358907303173,2.5343690752903965,274,0.5598511600476553,2.4103577638993463,247,-0.030155320402468978,-0.13527039593142534,249,0.0,0.0,0,0.0,0.0,0,0.0,0.0,0,0.0,0.0,0,0.0,0.0,0,0.0,0.0,0,0.0,0.0,0,0.0,0.0,0,0.0,0.0,0
838,1838,2,True,521,1.1796876198899466,2.4619875604438652,-97.97538012439556,0.7098364703114557,2.8911494588621465,274,0.469851149578491,2.0328256620255836,247,-0.09015353783637821,-0.40700380802922803,249,0.0,0.0,0,0.0,0.0,0,0.0,0.0,0,0.0,0.0,0,0.0,0.0,0,0.0,0.0,0,0.0,0.0,0,0.0,0.0,0,0.0,0.0,0
416,1416,2,True,521,1.1796873026118866,2.440438270865097,-97.97559561729135,0.8598361642064829,3.4835688940456055,274,0.31985113840540375,1.3973076476845887,247,-0.030154170624815426,-0.13526526294458754,249,0.0,0.0,0,0.0,0.0,0,0.0,0.0,0,0.0,0.0,0,0.0,0.0,0,0.0,0.0,0,0.0,0.0,0,0.0,0.0,0,0.0,0.0,0
834,1834,2,True,522,1.1396873138603678,2.3680946690016293,-97.97631905330998,0.7598361627489424,3.0835583889507068,275,0.3798511511114255,1.6526309490525521,247,-0.0001553168600401493,-0.0006945915436832776,249,0.0,0.0,0,0.0,0.0,0,0.0,0.0,0,0.0,0.0,0,0.0,0.0,0,0.0,0.0,0,0.0,0.0,0,0.0,0.0,0,0.0,0.0,0
962,1962,2,True,521,1.1196873562067613,2.34664951818836,-97.97653350481812,0.6198361828573724,2.5343704460261383,274,0.4998511733493889,2.158928590350582,247,-0.00015530897032811977,-0.000694556269452025,249,0.0,0.0,0,0.0,0.0,0,0.0,0.0,0,0.0,0.0,0,0.0,0.0,0,0.0,0.0,0,0.0,0.0,0,0.0,0.0,0,0.0,0.0,0
482,1482,2,True,522,1.1096870096834055,2.331127151567822,-97.97668872848432,0.5498358830597111,2.2518965775659643,275,0.5598511266236944,2.4103577255696798,247,-0.00015384993136711468,-0.0006880313757276294,249,0.0,0.0,0,0.0,0.0,0,0.0,0.0,0,0.0,0.0,0,0.0,0.0,0,0.0,0.0,0,0.0,0.0,0,0.0,0.0,0,0.0,0.0,0
832,1832,2,True,523,1.0996867253134315,2.2820477168915674,-97.97717952283108,0.7498355790599879,3.0389204646220533,276,0.34985114625344366,1.5251749691610816,247,-0.12015531643173132,-0.5442630827493095,249,0.0,0.0,0,0.0,0.0,0,0.0,0.0,0,0.0,0.0,0,0.0,0.0,0,0.0,0.0,0,0.0,0.0,0,0.0,0.0,0,0.0,0.0,0
275,1275,2,True,521,1.0896876351358968,2.2760394639596715,-97.97723960536041,0.679836469678553,2.7723735270911574,274,0.4098511654573438,1.7797054008281856,247,-0.10015532776840025,-0.45173367684799226,250,0.0,0.0,0,0.0,0.0,0,0.0,0.0,0,0.0,0.0,0,0.0,0.0,0,0.0,0.0,0,0.0,0.0,0,0.0,0.0,0,0.0,0.0,0
646,1646,2,True,522,1.079687047751777,2.2683299887512995,-97.97731670011248,0.5498358716267683,2.251896490142196,275,0.5298511761250089,2.284763487360403,247,-0.1501524000365503,-0.6824818885804723,249,0.0,0.0,0,0.0,0.0,0,0.0,0.0,0,0.0,0.0,0,0.0,0.0,0,0.0,0.0,0,0.0,0.0,0,0.0,0.0,0,0.0,0.0,0
10,1010,2,True,508,1.069695614167666,2.245278306907781,-97.97754721693092,0.7898414947102931,3.2523996349259385,266,0.2798541194573729,1.238156978889623,242,-0.14015297153952835,-0.6416162645330561,245,0.0,0.0,0,0.0,0.0,0,0.0,0.0,0,0.0,0.0,0,0.0,0.0,0,0.0,0.0,0,0.0,0.0,0,0.0,0.0,0,0.0,0.0,0
287,1287,2,True,222,0.6898665011603532,2.2313401218430085,-97.97768659878157,0.4299416959582433,2.882968480336736,98,0.2599248052021099,1.5797117633492808,124,-0.08005544410665366,-0.6118329002876646,89,0.0,0.0,0,0.0,0.0,0,0.0,0.0,0,0.0,0.0,0,0.0,0.0,0,0.0,0.0,0,0.0,0.0,0,0.0,0.0,0,0.0,0.0,0
808,1808,2,True,329,0.8498024958714652,2.219702968947364,-97.97780297031052,0.4998920975498084,2.498209777059172,181,0.34991039832165677,1.9411961608355566,148,-0.1700949859378214,-1.004060447657814,152,0.0,0.0,0,0.0,0.0,0,0.0,0.0,0,0.0,0.0,0,0.0,0.0,0,0.0,0.0,0,0.0,0.0,0,0.0,0.0,0,0.0,0.0,0
330,1330,2,True,522,1.0496870601447768,2.202032455337529,-97.97797967544662,0.5798358797323354,2.371239007132176,275,0.4698511804124414,2.032825903542882,247,-0.30015532781483895,-1.3900559437839088,249,0.0,0.0,0,0.0,0.0,0,0.0,0.0,0,0.0,0.0,0,0.0,0.0,0,0.0,0.0,0,0.0,0.0,0,0.0,0.0,0,0.0,0.0,0
354,1354,2,True,521,1.0296879378723363,2.1530433293291584,-97.9784695667067,0.649836761497849,2.653455665263062,274,0.37985117637448734,1.6526309933952545,247,-0.36015415626200936,-1.6817186359425562,249,0.0,0.0,0,0.0,0.0,0,0.0,0.0,0,0.0,0.0,0,0.0,0.0,0,0.0,0.0,0,0.0,0.0,0,0.0,0.0,0,0.0,0.0,0
194,1194,2,True,521,1.0296876061108318,2.1288733162771964,-97.97871126683722,0.799836467716489,3.2468154547400316,274,0.22985113839434287,1.0109311778143615,247,-0.00015532041999704628,-0.0006946074522273126,249,0.0,0.0,0,0.0,0.0,0,0.0,0.0,0,0.0,0.0,0,0.0,0.0,0,0.0,0.0,0,0.0,0.0,0,0.0,0.0,0,0.0,0.0,0
170,1170,2,True,521,0.999687662270645,2.104381504855274,-97.97895618495144,0.5298364819629646,2.1759371051898073,274,0.4698511803076803,2.0328259045207413,247,-0.06015531113734404,-0.2706953030176016,249,0.0,0.0,0,0.0,0.0,0,0.0,0.0,0,0.0,0.0,0,0.0,0.0,0,0.0,0.0,0,0.0,0.0,0,0.0,0.0,0,0.0,0.0,0
279,1279,2,True,521,0.9996876127207402,2.1043814430345567,-97.97895618556966,0.5298364656543889,2.1759370882229567,274,0.46985114706635134,2.032825797846157,247,-0.00015475340381489525,-0.0006920718025543508,249,0.0,0.0,0,0.0,0.0,0,0.0,0.0,0,0.0,0.0,0,0.0,0.0,0,0.0,0.0,0,0.0,0.0,0,0.0,0.0,0,0.0,0.0,0
393,1393,2,True,521,0.9996879256840596,2.08484141437682,-97.97915158585623,0.6798367742417598,2.772375030670643,274,0.31985115144229986,1.3973077980829967,247,-0.36015535377863384,-1.6817234321444294,249,0.0,0.0,0,0.0,0.0,0,0.0,0.0,0,0.0,0.0,0,0.0,0.0,0,0.0,0.0,0,0.0,0.0,0,0.0,0.0,0,0.0,0.0,0
212,1212,2,True,514,0.9796917916886991,2.064550532480994,-97.97935449467519,0.6098376418629513,2.503241988455726,272,0.3698541498257478,1.6258590765062615,242,-0.21015346401701604,-0.968208885384532,246,0.0,0.0,0,0.0,0.0,0,0.0,0.0,0,0.0,0.0,0,0.0,0.0,0,0.0,0.0,0,0.0,0.0,0,0.0,0.0,0,0.0,0.0,0
365,1365,2,True,521,0.9996878774230915,2.06396241244451,-97.97936037587556,0.7998367365358271,3.246816856166466,274,0.19985114088726444,0.8811079687225539,247,-0.2501556203302217,-1.1485195014014995,250,0.0,0.0,0,0.0,0.0,0,0.0,0.0,0,0.0,0.0,0,0.0,0.0,0,0.0,0.0,0,0.0,0.0,0,0.0,0.0,0,0.0,0.0,0
851,1851,2,True,521,0.9696876113010326,2.041182254034499,-97.97958817745966,0.5298364612201737,2.175937063292395,274,0.43985115008085895,1.9064274447766025,247,-0.030155328620983652,-0.1352704343165925,249,0.0,0.0,0,0.0,0.0,0,0.0,0.0,0,0.0,0.0,0,0.0,0.0,0,0.0,0.0,0,0.0,0.0,0,0.0,0.0,0,0.0,0.0,0
680,1680,2,True,521,0.9396873292679904,1.9658391394956687,-97.98034160860504,0.6198361782196448,2.534370316171631,274,0.31985115104834555,1.3973079628197063,247,-0.18015531100145013,-0.8217533145813032,249,0.0,0.0,0,0.0,0.0,0,0.0,0.0,0,0.0,0.0,0,0.0,0.0,0,0.0,0.0,0,0.0,0.0,0,0.0,0.0,0,0.0,0.0,0
791,1791,2,True,521,0.9396876280109978,1.9510403854524965,-97.98048959614547,0.7098364704991036,2.8911494133818874,274,0.22985115751189428,1.0109313575231056,247,-0.00015530701384759357,-0.0006945473731394031,249,0.0,0.0,0,0.0,0.0,0,0.0,0.0,0,0.0,0.0,0,0.0,0.0,0,0.0,0.0,0,0.0,0.0,0,0.0,0.0,0,0.0,0.0,0
821,1821,2,True,517,0.9196897371642667,1.9263548542704405,-97.98073645145729,0.6498379848111904,2.667213292800608,271,0.2698517523530764,1.185496415740273,246,-0.11015436597975269,-0.49942627899885905,248,0.0,0.0,0,0.0,0.0,0,0.0,0.0,0,0.0,0.0,0,0.0,0.0,0,0.0,0.0,0,0.0,0.0,0,0.0,0.0,0,0.0,0.0,0
643,1643,2,True,521,0.9096879129976477,1.9178499300698681,-97.9808215006993,0.4998367415770412,2.0559945981119423,274,0.4098511714206065,1.779705262027794,247,-0.3601553084404275,-1.6817233165386416,249,0.0,0.0,0,0.0,0.0,0,0.0,0.0,0,0.0,0.0,0,0.0,0.0,0,0.0,0.0,0,0.0,0.0,0,0.0,0.0,0,0.0,0.0,0
467,1467,2,True,522,0.8996870217469415,1.9148897190345193,-97.98085110280965,0.21983587909207108,0.9189212965468392,275,0.6798511426548705,2.9108581415221995,247,-0.19015505289850831,-0.8665973064790132,250,0.0,0.0,0,0.0,0.0,0,0.0,0.0,0,0.0,0.0,0,0.0,0.0,0,0.0,0.0,0,0.0,0.0,0,0.0,0.0,0,0.0,0.0,0
533,1533,2,True,521,0.879687637597189,1.8577434237711776,-97.98142256576229,0.46983646235210497,1.9357813280296416,274,0.4098511752450841,1.7797055195127136,247,-0.3001553282833957,-1.3900559607188332,249,0.0,0.0,0,0.0,0.0,0,0.0,0.0,0,0.0,0.0,0,0.0,0.0,0,0.0,0.0,0,0.0,0.0,0,0.0,0.0,0,0.0,0.0,0
225,1225,2,True,521,0.8796876360426659,1.8505561329424074,-97.98149443867058,0.5298364710437466,2.1759371348649026,274,0.3498511649989192,1.525175131019912,247,-0.15015531269467494,-0.6824947817273194,249,0.0,0.0,0,0.0,0.0,0,0.0,0.0,0,0.0,0.0,0,0.0,0.0,0,0.0,0.0,0,0.0,0.0,0,0.0,0.0,0,0.0,0.0,0
310,1310,2,True,521,0.8796876002349511,1.837294459997505,-97.98162705540003,0.6198364531841071,2.5343717190996693,274,0.259851147050844,1.1402172008953408,247,-0.050151501857126274,-0.22589674534974902,248,0.0,0.0,0,0.0,0.0,0,0.0,0.0,0,0.0,0.0,0,0.0,0.0,0,0.0,0.0,0,0.0,0.0,0,0.0,0.0,0,0.0,0.0,0
100,1100,2,True,522,0.8696873603288022,1.8287488937900749,-97.9817125110621,0.5198361840203694,2.1323226151215193,275,0.34985117630843293,1.5251751724586302,247,-0.3301553175066491,-1.5352154232449209,249,0.0,0.0,0,0.0,0.0,0,0.0,0.0,0,0.0,0.0,0,0.0,0.0,0,0.0,0.0,0,0.0,0.0,0,0.0,0.0,0,0.0,0.0,0
852,1852,2,True,522,0.8696873287918268,1.8201197134923421,-97.98179880286507,0.579836163784394,2.371240311890871,275,0.2898511650074328,1.2689991150938134,247,-0.18015527135932208,-0.8217531608473958,249,0.0,0.0,0,0.0,0.0,0,0.0,0.0,0,0.0,0.0,0,0.0,0.0,0,0.0,0.0,0,0.0,0.0,0,0.0,0.0,0,0.0,0.0,0
3,1003,2,True,521,0.8496873078065497,1.7974913970793505,-97.98202508602921,0.4398361567692522,1.8152775339737968,274,0.4098511510372975,1.7797052601849042,247,-0.12015533733148889,-0.5442631647429871,249,0.0,0.0,0,0.0,0.0,0,0.0,0.0,0,0.0,0.0,0,0.0,0.0,0,0.0,0.0,0,0.0,0.0,0,0.0,0.0,0,0.0,0.0,0
572,1572,2,True,521,0.8496879186300581,1.786623057549428,-97.98213376942451,0.5298367496696876,2.1759383162958716,274,0.3198511689603704,1.397307798802984,247,-0.09015415216032488,-0.40700652397965,249,0.0,0.0,0,0.0,0.0,0,0.0,0.0,0,0.0,0.0,0,0.0,0.0,0,0.0,0.0,0,0.0,0.0,0,0.0,0.0,0,0.0,0.0,0
733,1733,2,True,521,0.8496876396727842,1.786622529021263,-97.9821337747098,0.5298364707863702,2.175937080242392,274,0.31985116888641396,1.3973079778001338,247,-0.24015531638256596,-1.1035472545306841,249,0.0,0.0,0,0.0,0.0,0,0.0,0.0,0,0.0,0.0,0,0.0,0.0,0,0.0,0.0,0,0.0,0.0,0,0.0,0.0,0,0.0,0.0,0
202,1202,2,True,520,0.8296882255215001,1.7675089657751029,-97.98232491034224,0.3198364689207574,1.3299135331356797,274,0.5098517566007428,2.205104398414526,246,-0.3501538749333868,-1.6363256353657025,248,0.0,0.0,0,0.0,0.0,0,0.0,0.0,0,0.0,0.0,0,0.0,0.0,0,0.0,0.0,0,0.0,0.0,0,0.0,0.0,0,0.0,0.0,0
760,1760,2,True,521,0.8496879112544604,1.7554332183497539,-97.9824456678165,0.7098367530330133,2.8911507254652715,274,0.13985115822144717,0.619715711234236,247,-0.18015563835781143,-0.8217547822085713,249,0.0,0.0,0,0.0,0.0,0,0.0,0.0,0,0.0,0.0,0,0.0,0.0,0,0.0,0.0,0,0.0,0.0,0,0.0,0.0,0,0.0,0.0,0
410,1410,2,True,521,0.8196875811251383,1.7423150568471912,-97.98257684943152,0.34983644776989875,1.4518043834820649,274,0.46985113335523954,2.0328257302123176,247,-0.08015380642628932,-0.3622022556971144,248,0.0,0.0,0,0.0,0.0,0,0.0,0.0,0,0.0,0.0,0,0.0,0.0,0,0.0,0.0,0,0.0,0.0,0,0.0,0.0,0,0.0,0.0,0
390,1390,2,True,521,0.8196876254888873,1.7266507725926679,-97.98273349227408,0.4998364918555122,2.05599364396696,274,0.3198511336333751,1.3973079012183753,247,-0.06015503206613408,-0.2706940750177226,249,0.0,0.0,0,0.0,0.0,0,0.0,0.0,0,0.0,0.0,0,0.0,0.0,0,0.0,0.0,0,0.0,0.0,0,0.0,0.0,0,0.0,0.0,0
374,1374,2,True,521,0.8196876246466235,1.7077398645933997,-97.98292260135406,0.6198364675745998,2.5343717056447668,274,0.19985115707202372,0.8811080235420328,247,-0.2901534872563996,-1.344850699087878,248,0.0,0.0,0,0.0,0.0,0,0.0,0.0,0,0.0,0.0,0,0.0,0.0,0,0.0,0.0,0,0.0,0.0,0,0.0,0.0,0,0.0,0.0,0
707,1707,2,True,522,0.8096870454632344,1.7048999415016575,-97.98295100058499,0.48983588152493673,2.0124919394375933,275,0.3198511639382977,1.3973079435657216,247,-0.09015528593527812,-0.40701164080366353,249,0.0,0.0,0,0.0,0.0,0,0.0,0.0,0,0.0,0.0,0,0.0,0.0,0,0.0,0.0,0,0.0,0.0,0,0.0,0.0,0,0.0,0.0,0
332,1332,2,True,239,0.5498570784839152,1.6716170353346995,-97.98328382964665,0.3599181071086487,2.061500516287263,138,0.1899389713752665,1.2817335543821364,101,-0.21006560663611076,-1.513256815867872,108,0.0,0.0,0,0.0,0.0,0,0.0,0.0,0,0.0,0.0,0,0.0,0.0,0,0.0,0.0,0,0.0,0.0,0,0.0,0.0,0,0.0,0.0,0
564,1564,2,True,521,0.7596876364379468,1.59810548755659,-97.98401894512443,0.49983646726301784,2.0559934485636826,274,0.2598511691749289,1.1402175265494978,247,-0.21015531647482597,-0.9620873856364054,249,0.0,0.0,0,0.0,0.0,0,0.0,0.0,0,0.0,0.0,0,0.0,0.0,0,0.0,0.0,0,0.0,0.0,0,0.0,0.0,0,0.0,0.0,0
722,1722,2,True,522,0.7496870594773664,1.5942375905529562,-97.98405762409448,0.3398358835198429,1.4087699214796068,275,0.40985117595752346,1.7797052596263057,247,-0.060155327074508116,-0.27069542114351314,249,0.0,0.0,0,0.0,0.0,0,0.0,0.0,0,0.0,0.0,0,0.0,0.0,0,0.0,0.0,0,0.0,0.0,0,0.0,0.0,0,0.0,0.0,0
812,1812,2,True,521,0.7596876440989977,1.5770436826125125,-97.98422956317387,0.6198364732849447,2.5343716419830096,274,0.13985117081405296,0.6197157232420155,247,-0.24015471533165225,-1.103544648814783,249,0.0,0.0,0,0.0,0.0,0,0.0,0.0,0,0.0,0.0,0,0.0,0.0,0,0.0,0.0,0,0.0,0.0,0,0.0,0.0,0,0.0,0.0,0
439,1439,2,True,521,0.7596875934051873,1.564068012726281,-97.98435931987274,0.679836448677585,2.7723734752211757,274,0.07985114472760238,0.3557625502313861,247,-0.24015535194291263,-1.1035474330935493,249,0.0,0.0,0,0.0,0.0,0,0.0,0.0,0,0.0,0.0,0,0.0,0.0,0,0.0,0.0,0,0.0,0.0,0,0.0,0.0,0,0.0,0.0,0
483,1483,2,True,521,0.7296879230400286,1.5334630297100291,-97.9846653697029,0.49983676158378126,2.055994710473876,274,0.22985116145624737,1.0109313489461824,247,-0.0901553276760068,-0.40701182649356415,249,0.0,0.0,0,0.0,0.0,0,0.0,0.0,0,0.0,0.0,0,0.0,0.0,0,0.0,0.0,0,0.0,0.0,0,0.0,0.0,0,0.0,0.0,0
642,1642,2,True,521,0.7296876376757693,1.533462404693158,-97.98466537595307,0.49983646897172346,2.055993441215763,274,0.2298511687040458,1.010931368170553,247,-0.24015531665317727,-1.1035472760509473,249,0.0,0.0,0,0.0,0.0,0,0.0,0.0,0,0.0,0.0,0,0.0,0.0,0,0.0,0.0,0,0.0,0.0,0,0.0,0.0,0,0.0,0.0,0
967,1967,2,True,521,0.7296876165826802,1.528522574130672,-97.98471477425869,0.5298364662960299,2.1759371061519475,274,0.1998511502866504,0.8811080421093965,247,-0.15015497862713947,-0.6824931778477428,249,0.0,0.0,0,0.0,0.0,0,0.0,0.0,0,0.0,0.0,0,0.0,0.0,0,0.0,0.0,0,0.0,0.0,0,0.0,0.0,0,0.0,0.0,0
676,1676,2,True,521,0.7296875914062196,1.523173927187785,-97.98476826072812,0.5598364416931519,2.295633717731046,274,0.16985114971306772,0.7507141366445242,247,-0.13015563022554527,-0.5890187176304401,250,0.0,0.0,0,0.0,0.0,0,0.0,0.0,0,0.0,0.0,0,0.0,0.0,0,0.0,0.0,0,0.0,0.0,0,0.0,0.0,0,0.0,0.0,0
259,1259,2,True,521,0.6996876158070966,1.4817314365774972,-97.98518268563423,0.4098364621110337,1.694463826102843,274,0.2898511536960629,1.268999047052151,247,-0.1501553201456868,-0.6824948194296364,249,0.0,0.0,0,0.0,0.0,0,0.0,0.0,0,0.0,0.0,0,0.0,0.0,0,0.0,0.0,0,0.0,0.0,0,0.0,0.0,0,0.0,0.0,0
288,1288,2,True,521,0.6996876395478817,1.4777482727362603,-97.98522251727263,0.43983647501440915,1.815278997310525,274,0.2598511645334725,1.1402175481619956,247,-0.2401553240471259,-1.1035472992179922,249,0.0,0.0,0,0.0,0.0,0,0.0,0.0,0,0.0,0.0,0,0.0,0.0,0,0.0,0.0,0,0.0,0.0,0,0.0,0.0,0,0.0,0.0,0
697,1697,2,True,521,0.6996876398483153,1.4733563973519157,-97.98526643602648,0.4698364746865718,1.9357814017623314,274,0.22985116516174345,1.0109313929415003,247,-0.2101553201596483,-0.9620874137397702,249,0.0,0.0,0,0.0,0.0,0,0.0,0.0,0,0.0,0.0,0,0.0,0.0,0,0.0,0.0,0,0.0,0.0,0,0.0,0.0,0,0.0,0.0,0
106,1106,2,True,521,0.6996876360756429,1.4733563709668966,-97.98526643629033,0.4698364709138994,1.9357813868466769,274,0.22985116516174345,1.0109313550871164,247,-0.1801553202513207,-0.8217533771121784,249,0.0,0.0,0,0.0,0.0,0,0.0,0.0,0,0.0,0.0,0,0.0,0.0,0,0.0,0.0,0,0.0,0.0,0,0.0,0.0,0,0.0,0.0,0
757,1757,2,True,521,0.6996876320823855,1.4685507468122916,-97.98531449253187,0.4998364735173903,2.055993437451914,274,0.19985115856499516,0.881108056172669,247,-0.300155320675391,-1.3900559271772737,249,0.0,0.0,0,0.0,0.0,0,0.0,0.0,0,0.0,0.0,0,0.0,0.0,0,0.0,0.0,0,0.0,0.0,0,0.0,0.0,0,0.0,0.0,0
272,1272,2,True,524,0.6996865078291676,1.462454134933806,-97.98537545865067,0.5098359128273273,2.0888331174281896,276,0.18985059500184037,0.8360751524394225,248,-0.2701549874206273,-1.2461835910312307,249,0.0,0.0,0,0.0,0.0,0,0.0,0.0,0,0.0,0.0,0,0.0,0.0,0,0.0,0.0,0,0.0,0.0,0,0.0,0.0,0,0.0,0.0,0
693,1693,2,True,522,0.6896870376626111,1.4467999234918953,-97.98553200076508,0.48983588657603716,2.012491885476772,275,0.19985115108657395,0.8811079615070183,247,-0.1801541571024048,-0.821748195121153,249,0.0,0.0,0,0.0,0.0,0,0.0,0.0,0,0.0,0.0,0,0.0,0.0,0,0.0,0.0,0,0.0,0.0,0,0.0,0.0,0,0.0,0.0,0
896,1896,2,True,522,0.6896870466878324,1.4415177361538332,-97.98558482263846,0.5198358737055747,2.1323211495966143,275,0.16985117298225777,0.750714322711052,247,-0.12015414695862654,-0.5442580317736204,249,0.0,0.0,0,0.0,0.0,0,0.0,0.0,0,0.0,0.0,0,0.0,0.0,0,0.0,0.0,0,0.0,0.0,0,0.0,0.0,0,0.0,0.0,0
481,1481,2,True,522,0.6896870663334624,1.4296581809958746,-97.98570341819004,0.5798359105725317,2.3712391789064444,275,0.1098511557609308,0.4880771830853049,247,-0.34015472584324824,-1.5804406124763333,250,0.0,0.0,0,0.0,0.0,0,0.0,0.0,0,0.0,0.0,0,0.0,0.0,0,0.0,0.0,0,0.0,0.0,0,0.0,0.0,0,0.0,0.0,0
589,1589,2,True,521,0.6696876354967107,1.4131051504456114,-97.98586894849555,0.4398364709086763,1.8152789453352336,274,0.22985116458803448,1.0109313555559893,247,-0.2701553202483183,-1.2461853332422415,249,0.0,0.0,0,0.0,0.0,0,0.0,0.0,0,0.0,0.0,0,0.0,0.0,0,0.0,0.0,0,0.0,0.0,0,0.0,0.0,0,0.0,0.0,0
2,1002,2,True,521,0.6696876247889986,1.4084446866402938,-97.9859155531336,0.4698364670833139,1.935781350607477,274,0.19985115770568465,0.8811080226731107,247,-0.27015532394757286,-1.2461853494282569,249,0.0,0.0,0,0.0,0.0,0,0.0,0.0,0,0.0,0.0,0,0.0,0.0,0,0.0,0.0,0,0.0,0.0,0,0.0,0.0,0,0.0,0.0,0
806,1806,2,True,522,0.6596873153193534,1.3995998266373404,-97.98600400173363,0.36983616245911427,1.5302006630124858,275,0.2898511528602391,1.268998990262195,247,-0.3401542044483724,-1.5804383456711197,250,0.0,0.0,0,0.0,0.0,0,0.0,0.0,0,0.0,0.0,0,0.0,0.0,0,0.0,0.0,0,0.0,0.0,0,0.0,0.0,0,0.0,0.0,0
519,1519,2,True,521,0.6696876440516526,1.391855576059855,-97.9860814442394,0.5598364729586439,2.295633891364893,274,0.10985117109300865,0.4880772607548169,247,-0.24015531484408534,-1.1035472638277048,249,0.0,0.0,0,0.0,0.0,0,0.0,0.0,0,0.0,0.0,0,0.0,0.0,0,0.0,0.0,0,0.0,0.0,0,0.0,0.0,0,0.0,0.0,0
384,1384,2,True,522,0.6596873464168419,1.3760191848156256,-97.98623980815185,0.5198361854441793,2.132322677493131,275,0.13985116097266256,0.61971569213812,247,-0.6601553535907274,-3.235983576057386,249,0.0,0.0,0,0.0,0.0,0,0.0,0.0,0,0.0,0.0,0,0.0,0.0,0,0.0,0.0,0,0.0,0.0,0,0.0,0.0,0,0.0,0.0,0
829,1829,2,True,520,0.6496881804484688,1.3743546159662525,-97.98625645384034,0.41983704127916555,1.737778014813507,273,0.22985113916930325,1.010931217118998,247,-0.18015354923594584,-0.8217455892644235,249,0.0,0.0,0,0.0,0.0,0,0.0,0.0,0,0.0,0.0,0,0.0,0.0,0,0.0,0.0,0,0.0,0.0,0,0.0,0.0,0,0.0,0.0,0
794,1794,2,True,522,0.6596870076447067,1.3699867862696775,-97.9863001321373,0.5498358542833008,2.2518964396483083,275,0.10985115336140581,0.4880771328910467,247,-0.3001535577250701,-1.3900481833844311,249,0.0,0.0,0,0.0,0.0,0,0.0,0.0,0,0.0,0.0,0,0.0,0.0,0,0.0,0.0,0,0.0,0.0,0,0.0,0.0,0,0.0,0.0,0
277,1277,2,True,522,0.6296870154845294,1.3530077389620487,-97.98646992261038,0.09983586706663987,0.4212521860496255,275,0.5298511484178896,2.284763291874472,247,-0.24015324200971414,-1.1035378881951978,249,0.0,0.0,0,0.0,0.0,0,0.0,0.0,0,0.0,0.0,0,0.0,0.0,0,0.0,0.0,0,0.0,0.0,0,0.0,0.0,0,0.0,0.0,0
611,1611,2,True,521,0.6396876440956913,1.348193530806466,-97.98651806469194,0.4398364804045291,1.8152789943082066,274,0.19985116369116226,0.8811080673047257,247,-0.3001553044896073,-1.39005586766408,249,0.0,0.0,0,0.0,0.0,0,0.0,0.0,0,0.0,0.0,0,0.0,0.0,0,0.0,0.0,0,0.0,0.0,0,0.0,0.0,0,0.0,0.0,0
523,1523,2,True,521,0.6396876361730515,1.3481935094496882,-97.9865180649055,0.43983647091389955,1.8152789452943021,274,0.19985116525915186,0.8811080736050744,247,-0.27015415106489576,-1.2461802175208105,249,0.0,0.0,0,0.0,0.0,0,0.0,0.0,0,0.0,0.0,0,0.0,0.0,0,0.0,0.0,0,0.0,0.0,0,0.0,0.0,0,0.0,0.0,0
840,1840,2,True,521,0.639687627040388,1.3481934755670686,-97.98651806524433,0.43983645302034824,1.8152788439570051,274,0.19985117402003974,0.8811081071771321,247,-0.27015531311280244,-1.2461853009289434,249,0.0,0.0,0,0.0,0.0,0,0.0,0.0,0,0.0,0.0,0,0.0,0.0,0,0.0,0.0,0,0.0,0.0,0,0.0,0.0,0,0.0,0.0,0
155,1155,2,True,522,0.629687030971859,1.3449477625219102,-97.98655052237478,0.2798358585747584,1.164720456919668,275,0.3498511723971005,1.5251750681241523,247,-0.04015593396844315,-0.17995584990880872,250,0.0,0.0,0,0.0,0.0,0,0.0,0.0,0,0.0,0.0,0,0.0,0.0,0,0.0,0.0,0,0.0,0.0,0,0.0,0.0,0,0.0,0.0,0
44,1044,2,True,521,0.6396876438395162,1.3432478518825832,-97.98656752148118,0.4698364711766981,1.9357813949539866,274,0.1698511726628181,0.75071430881118,247,-0.21015532043868765,-0.9620874147824265,249,0.0,0.0,0,0.0,0.0,0,0.0,0.0,0,0.0,0.0,0,0.0,0.0,0,0.0,0.0,0,0.0,0.0,0,0.0,0.0,0,0.0,0.0,0
535,1535,2,True,521,0.639687637733676,1.3432478322922354,-97.98656752167707,0.46983647111735666,1.9357813834247142,274,0.16985116661631927,0.7507142811597566,247,-0.27015531596784753,-1.2461853142055719,249,0.0,0.0,0,0.0,0.0,0,0.0,0.0,0,0.0,0.0,0,0.0,0.0,0,0.0,0.0,0,0.0,0.0,0,0.0,0.0,0,0.0,0.0,0
884,1884,2,True,521,0.6396876355186656,1.343247820854485,-97.98656752179146,0.46983647009233415,1.9357813675921105,274,0.16985116542633144,0.7507142741168594,247,-0.24015532121641422,-1.1035473010853698,249,0.0,0.0,0,0.0,0.0,0,0.0,0.0,0,0.0,0.0,0,0.0,0.0,0,0.0,0.0,0,0.0,0.0,0,0.0,0.0,0,0.0,0.0,0
974,1974,2,True,521,0.6396876312702171,1.3432478155641354,-97.98656752184436,0.4698364666820775,1.9357813590836077,274,0.16985116458813954,0.7507142720446632,247,-0.3001553204571454,-1.3900559476773198,249,0.0,0.0,0,0.0,0.0,0,0.0,0.0,0,0.0,0.0,0,0.0,0.0,0,0.0,0.0,0,0.0,0.0,0,0.0,0.0,0,0.0,0.0,0
514,1514,2,True,521,0.6396879097391994,1.3378552381031903,-97.98662144761897,0.49983674919580073,2.0559947650283785,274,0.1398511605433987,0.6197157111780018,247,-0.27015532321933095,-1.2461853492895503,249,0.0,0.0,0,0.0,0.0,0,0.0,0.0,0,0.0,0.0,0,0.0,0.0,0,0.0,0.0,0,0.0,0.0,0,0.0,0.0,0,0.0,0.0,0
505,1505,2,True,522,0.6296870393206377,1.3352083633984044,-97.98664791636601,0.369835878727099,1.530199269342458,275,0.2598511605935387,1.1402174574543509,247,-0.12015533937245505,-0.5442632817391405,249,0.0,0.0,0,0.0,0.0,0,0.0,0.0,0,0.0,0.0,0,0.0,0.0,0,0.0,0.0,0,0.0,0.0,0,0.0,0.0,0,0.0,0.0,0
897,1897,2,True,522,0.6296873076672469,1.3215513108171555,-97.98678448689184,0.4598361515435972,1.8923884137457072,275,0.16985115612364973,0.7507142078886035,247,-0.21015505330562292,-0.962086070479092,249,0.0,0.0,0,0.0,0.0,0,0.0,0.0,0,0.0,0.0,0,0.0,0.0,0,0.0,0.0,0,0.0,0.0,0,0.0,0.0,0,0.0,0.0,0
965,1965,2,True,522,0.6296870622701362,1.3215507790119534,-97.98678449220988,0.45983590708404987,1.8923872947595015,275,0.16985115518608626,0.750714263264405,247,-0.0901549998130789,-0.4070103043474262,249,0.0,0.0,0,0.0,0.0,0,0.0,0.0,0,0.0,0.0,0,0.0,0.0,0,0.0,0.0,0,0.0,0.0,0,0.0,0.0,0,0.0,0.0,0
984,1984,2,True,522,0.6296870550431635,1.3215507294190079,-97.98678449270581,0.4598358868141178,1.8923871700691521,275,0.16985116822904567,0.7507142887688635,247,-0.2701553201596482,-1.2461853328542685,249,0.0,0.0,0,0.0,0.0,0,0.0,0.0,0,0.0,0.0,0,0.0,0.0,0,0.0,0.0,0,0.0,0.0,0,0.0,0.0,0,0.0,0.0,0
528,1528,2,True,521,0.6096876286480114,1.2921223536347908,-97.98707877646365,0.37983646722353165,1.573313418456878,274,0.22985116142447978,1.0109312888127038,247,-0.2701553087701735,-1.246185282901115,249,0.0,0.0,0,0.0,0.0,0,0.0,0.0,0,0.0,0.0,0,0.0,0.0,0,0.0,0.0,0,0.0,0.0,0,0.0,0.0,0,0.0,0.0,0
445,1445,2,True,521,0.6096876392272645,1.2829966170846734,-97.98717003382916,0.4398364713410017,1.8152789468837214,274,0.16985116788626287,0.7507142872856256,247,-0.27015384464254427,-1.2461786327418967,249,0.0,0.0,0,0.0,0.0,0,0.0,0.0,0,0.0,0.0,0,0.0,0.0,0,0.0,0.0,0,0.0,0.0,0,0.0,0.0,0,0.0,0.0,0
9,1009,2,True,521,0.6096876361060846,1.2829966100813954,-97.98717003389919,0.43983647091389955,1.815278945294302,274,0.16985116519218496,0.7507142748684891,247,-0.24015532025240052,-1.1035472948434262,249,0.0,0.0,0,0.0,0.0,0,0.0,0.0,0,0.0,0.0,0,0.0,0.0,0,0.0,0.0,0,0.0,0.0,0,0.0,0.0,0,0.0,0.0,0
869,1869,2,True,521,0.6096876361012579,1.2829966100703492,-97.98717003389929,0.43983647091389955,1.815278945294302,274,0.16985116518735832,0.7507142748463965,247,-0.2701553201596482,-1.2461853328542685,249,0.0,0.0,0,0.0,0.0,0,0.0,0.0,0,0.0,0.0,0,0.0,0.0,0,0.0,0.0,0,0.0,0.0,0,0.0,0.0,0,0.0,0.0,0
337,1337,2,True,521,0.6096876360756431,1.2829966100117272,-97.98717003389989,0.43983647091389955,1.815278945294302,274,0.16985116516174364,0.7507142747291524,247,-0.2701553201596482,-1.2461853328542685,249,0.0,0.0,0,0.0,0.0,0,0.0,0.0,0,0.0,0.0,0,0.0,0.0,0,0.0,0.0,0,0.0,0.0,0,0.0,0.0,0,0.0,0.0,0
436,1436,2,True,521,0.6096876360756431,1.2829966100117272,-97.98717003389989,0.43983647091389955,1.815278945294302,274,0.16985116516174364,0.7507142747291524,247,-0.2701553201596482,-1.2461853328542685,249,0.0,0.0,0,0.0,0.0,0,0.0,0.0,0,0.0,0.0,0,0.0,0.0,0,0.0,0.0,0,0.0,0.0,0,0.0,0.0,0,0.0,0.0,0
562,1562,2,True,521,0.6096876360756431,1.2829966100117272,-97.98717003389989,0.43983647091389955,1.815278945294302,274,0.16985116516174364,0.7507142747291524,247,-0.2701553201596482,-1.2461853328542685,249,0.0,0.0,0,0.0,0.0,0,0.0,0.0,0,0.0,0.0,0,0.0,0.0,0,0.0,0.0,0,0.0,0.0,0,0.0,0.0,0,0.0,0.0,0
752,1752,2,True,521,0.6096876360756431,1.2829966100117272,-97.98717003389989,0.43983647091389955,1.815278945294302,274,0.16985116516174364,0.7507142747291524,247,-0.2701553201596482,-1.2461853328542685,249,0.0,0.0,0,0.0,0.0,0,0.0,0.0,0,0.0,0.0,0,0.0,0.0,0,0.0,0.0,0,0.0,0.0,0,0.0,0.0,0,0.0,0.0,0
903,1903,2,True,521,0.6096876360756431,1.2829966100117272,-97.98717003389989,0.43983647091389955,1.815278945294302,274,0.16985116516174364,0.7507142747291524,247,-0.2701553201596482,-1.2461853328542685,249,0.0,0.0,0,0.0,0.0,0,0.0,0.0,0,0.0,0.0,0,0.0,0.0,0,0.0,0.0,0,0.0,0.0,0,0.0,0.0,0,0.0,0.0,0
471,1471,2,True,521,0.609687636097284,1.282996609984032,-97.98717003390016,0.43983647096254147,1.8152789453459206,274,0.16985116513474258,0.7507142746221432,247,-0.3301553200264567,-1.5352157558702357,249,0.0,0.0,0,0.0,0.0,0,0.0,0.0,0,0.0,0.0,0,0.0,0.0,0,0.0,0.0,0,0.0,0.0,0,0.0,0.0,0,0.0,0.0,0
895,1895,2,True,521,0.6096876359658951,1.2829966097690695,-97.98717003390232,0.43983647072447896,1.8152789444443076,274,0.16985116524141625,0.7507142750938313,247,-0.24015531645080232,-1.1035472752785631,249,0.0,0.0,0,0.0,0.0,0,0.0,0.0,0,0.0,0.0,0,0.0,0.0,0,0.0,0.0,0,0.0,0.0,0,0.0,0.0,0,0.0,0.0,0
818,1818,2,True,521,0.6096876358732937,1.282996609542907,-97.98717003390458,0.43983647104122114,1.815278945865638,274,0.16985116483207252,0.7507142732201759,247,-0.2701553204917769,-1.2461853343074907,249,0.0,0.0,0,0.0,0.0,0,0.0,0.0,0,0.0,0.0,0,0.0,0.0,0,0.0,0.0,0,0.0,0.0,0,0.0,0.0,0,0.0,0.0,0
344,1344,2,True,521,0.6096876356639727,1.2829966090620837,-97.98717003390938,0.43983647108058144,1.8152789460422607,274,0.16985116458339128,0.7507142720819067,247,-0.2701553207937378,-1.2461853356287145,249,0.0,0.0,0,0.0,0.0,0,0.0,0.0,0,0.0,0.0,0,0.0,0.0,0,0.0,0.0,0,0.0,0.0,0,0.0,0.0,0,0.0,0.0,0
539,1539,2,True,521,0.6096876321673452,1.2829966030517288,-97.98717003396948,0.4398364672364184,1.8152789324308045,274,0.16985116493092678,0.7507142736726532,247,-0.27015531471529525,-1.246185311205405,249,0.0,0.0,0,0.0,0.0,0,0.0,0.0,0,0.0,0.0,0,0.0,0.0,0,0.0,0.0,0,0.0,0.0,0,0.0,0.0,0,0.0,0.0,0
968,1968,2,True,521,0.6096876305890249,1.2829965981591318,-97.9871700340184,0.43983647091389955,1.815278945294302,274,0.16985115967512537,0.7507142510239618,247,-0.2701553201596482,-1.2461853328542685,249,0.0,0.0,0,0.0,0.0,0,0.0,0.0,0,0.0,0.0,0,0.0,0.0,0,0.0,0.0,0,0.0,0.0,0,0.0,0.0,0,0.0,0.0,0
628,1628,2,True,521,0.6096876301544178,1.2829965973366246,-97.98717003402663,0.4398364670000787,1.815278927635656,274,0.16985116315433907,0.7507142670375933,247,-0.2701553161372045,-1.2461853150018602,249,0.0,0.0,0,0.0,0.0,0,0.0,0.0,0,0.0,0.0,0,0.0,0.0,0,0.0,0.0,0,0.0,0.0,0,0.0,0.0,0,0.0,0.0,0
496,1496,2,True,521,0.6096876268052435,1.2829965833258608,-97.98717003416674,0.4398364658980317,1.8152789311279585,274,0.16985116090721175,0.7507142355237632,247,-0.3301553210907992,-1.5352157611775388,249,0.0,0.0,0,0.0,0.0,0,0.0,0.0,0,0.0,0.0,0,0.0,0.0,0,0.0,0.0,0,0.0,0.0,0,0.0,0.0,0,0.0,0.0,0
763,1763,2,True,521,0.6096872633212898,1.282995815302724,-97.98717004184697,0.4398361349713265,1.8152775826500265,274,0.1698511283499633,0.7507140479554218,247,-0.1801515572574659,-0.8217367652122842,249,0.0,0.0,0,0.0,0.0,0,0.0,0.0,0,0.0,0.0,0,0.0,0.0,0,0.0,0.0,0,0.0,0.0,0,0.0,0.0,0,0.0,0.0,0
685,1685,2,True,522,0.5996870360012506,1.2373155824952469,-97.98762684417505,0.549835889841423,2.251896531411675,275,0.04985114615982768,0.22273463357881867,247,-0.3601553218345675,-1.681723781878504,249,0.0,0.0,0,0.0,0.0,0,0.0,0.0,0,0.0,0.0,0,0.0,0.0,0,0.0,0.0,0,0.0,0.0,0,0.0,0.0,0,0.0,0.0,0
296,1296,2,True,518,0.5796888825687673,1.2298134535594591,-97.9877018654644,0.37983619687851444,1.5733121297733823,274,0.19985268569025286,0.8863147773455361,244,-0.1801531343146608,-0.8269356083379804,246,0.0,0.0,0,0.0,0.0,0,0.0,0.0,0,0.0,0.0,0,0.0,0.0,0,0.0,0.0,0,0.0,0.0,0,0.0,0.0,0,0.0,0.0,0
161,1161,2,True,521,0.579687946676287,1.2225897518919253,-97.98777410248108,0.4098367710652961,1.6944651853573207,274,0.1698511756109909,0.7507143184265297,247,-0.28015595678345,-1.2912356343698803,250,0.0,0.0,0,0.0,0.0,0,0.0,0.0,0,0.0,0.0,0,0.0,0.0,0,0.0,0.0,0,0.0,0.0,0,0.0,0.0,0,0.0,0.0,0
711,1711,2,True,521,0.579687915882211,1.2225896847809175,-97.98777410315219,0.40983676935660907,1.694465232419145,274,0.16985114652560201,0.7507141371426898,247,-0.31015565707559806,-1.4351900782868336,250,0.0,0.0,0,0.0,0.0,0,0.0,0.0,0,0.0,0.0,0,0.0,0.0,0,0.0,0.0,0,0.0,0.0,0,0.0,0.0,0,0.0,0.0,0
603,1603,2,True,521,0.5796876360756431,1.2225890655347746,-97.98777410934466,0.4098364709138994,1.6944638563403966,274,0.16985116516174364,0.7507142747291524,247,-0.2701553201596482,-1.2461853328542685,249,0.0,0.0,0,0.0,0.0,0,0.0,0.0,0,0.0,0.0,0,0.0,0.0,0,0.0,0.0,0,0.0,0.0,0,0.0,0.0,0,0.0,0.0,0
425,1425,2,True,521,0.5796876360756431,1.2225890636633325,-97.98777410936337,0.4098364709138995,1.6944638400727348,274,0.1698511651617436,0.7507142872539302,247,-0.24015532015964827,-1.1035472917890796,249,0.0,0.0,0,0.0,0.0,0,0.0,0.0,0,0.0,0.0,0,0.0,0.0,0,0.0,0.0,0,0.0,0.0,0,0.0,0.0,0,0.0,0.0,0
315,1315,2,True,521,0.579687637556984,1.222589060143872,-97.98777410939856,0.4098364720304364,1.6944638432573986,274,0.16985116552654766,0.7507142770303454,247,-0.2701553193099719,-1.246185328588681,249,0.0,0.0,0,0.0,0.0,0,0.0,0.0,0,0.0,0.0,0,0.0,0.0,0,0.0,0.0,0,0.0,0.0,0,0.0,0.0,0,0.0,0.0,0
819,1819,2,True,521,0.5796876454263522,1.217497350939079,-97.98782502649061,0.43983647347856997,1.8152789531467404,274,0.13985117194778224,0.6197157487314177,247,-0.27015531964688494,-1.2461853302011336,249,0.0,0.0,0,0.0,0.0,0,0.0,0.0,0,0.0,0.0,0,0.0,0.0,0,0.0,0.0,0,0.0,0.0,0,0.0,0.0,0,0.0,0.0,0
361,1361,2,True,521,0.5796876360756432,1.2174973288422273,-97.98782502671158,0.43983647091389955,1.815278945294302,274,0.13985116516174367,0.6197157123901528,247,-0.2701553201596482,-1.2461853328542685,249,0.0,0.0,0,0.0,0.0,0,0.0,0.0,0,0.0,0.0,0,0.0,0.0,0,0.0,0.0,0,0.0,0.0,0,0.0,0.0,0,0.0,0.0,0
588,1588,2,True,522,0.5696870337574952,1.213584523457805,-97.98786415476542,0.30983587246205435,1.2869516336669498,275,0.25985116129544084,1.1402174132486602,247,-0.30015385919992393,-1.390049244085296,249,0.0,0.0,0,0.0,0.0,0,0.0,0.0,0,0.0,0.0,0,0.0,0.0,0,0.0,0.0,0,0.0,0.0,0,0.0,0.0,0,0.0,0.0,0
261,1261,2,True,521,0.5496876287117061,1.1664562793481115,-97.98833543720652,0.3498364582182766,1.4518044569800834,274,0.19985117049342954,0.8811081017161395,247,-0.36015527429252836,-1.6817235481793973,249,0.0,0.0,0,0.0,0.0,0,0.0,0.0,0,0.0,0.0,0,0.0,0.0,0,0.0,0.0,0,0.0,0.0,0,0.0,0.0,0,0.0,0.0,0
726,1726,2,True,521,0.5496879329322621,1.1570904436952556,-97.98842909556305,0.409836763167616,1.69446514417403,274,0.13985116976464618,0.6197157432164812,247,-0.2701553155793098,-1.2461853123910214,249,0.0,0.0,0,0.0,0.0,0,0.0,0.0,0,0.0,0.0,0,0.0,0.0,0,0.0,0.0,0,0.0,0.0,0,0.0,0.0,0,0.0,0.0,0
655,1655,2,True,521,0.5496879306282073,1.1570904352006468,-97.98842909564799,0.4098367572502171,1.694465113494406,274,0.13985117337799022,0.6197157569068876,247,-0.1801553281080705,-0.8217534151920394,249,0.0,0.0,0,0.0,0.0,0,0.0,0.0,0,0.0,0.0,0,0.0,0.0,0,0.0,0.0,0,0.0,0.0,0,0.0,0.0,0,0.0,0.0,0
894,1894,2,True,521,0.5496876409066166,1.1570897969178,-97.98842910203082,0.4098364793114887,1.6944638894532735,274,0.1398511615951279,0.6197157043823265,247,-0.27015531756180994,-1.2461853243537915,249,0.0,0.0,0,0.0,0.0,0,0.0,0.0,0,0.0,0.0,0,0.0,0.0,0,0.0,0.0,0,0.0,0.0,0,0.0,0.0,0,0.0,0.0,0
963,1963,2,True,521,0.5496876374902981,1.15708977947943,-97.9884291022052,0.40983646722307887,1.6944638096971834,274,0.13985117026721924,0.6197157492616763,247,-0.3601550466484201,-1.681722260479507,249,0.0,0.0,0,0.0,0.0,0,0.0,0.0,0,0.0,0.0,0,0.0,0.0,0,0.0,0.0,0,0.0,0.0,0,0.0,0.0,0,0.0,0.0,0
400,1400,2,True,521,0.5496876463075469,1.1516781177583675,-97.98848321882241,0.43983646630852635,1.8152789406383167,274,0.10985117999902044,0.4880772948784184,247,-0.2401553214775919,-1.1035473127021505,249,0.0,0.0,0,0.0,0.0,0,0.0,0.0,0,0.0,0.0,0,0.0,0.0,0,0.0,0.0,0,0.0,0.0,0,0.0,0.0,0,0.0,0.0,0
532,1532,2,True,521,0.5496873549968039,1.1457714072449066,-97.98854228592755,0.46983619617747946,1.9357802197860317,274,0.07985115881932439,0.35576259470378147,247,-0.3301547608747981,-1.5352133378489183,249,0.0,0.0,0,0.0,0.0,0,0.0,0.0,0,0.0,0.0,0,0.0,0.0,0,0.0,0.0,0,0.0,0.0,0,0.0,0.0,0,0.0,0.0,0
924,1924,2,True,522,0.5396872760806436,1.1449394909994486,-97.98855060509001,0.3398361594484978,1.4087710953830408,275,0.19985111663214575,0.8811078866158563,247,-0.5701552925318041,-2.750560588080121,249,0.0,0.0,0,0.0,0.0,0,0.0,0.0,0,0.0,0.0,0,0.0,0.0,0,0.0,0.0,0,0.0,0.0,0,0.0,0.0,0,0.0,0.0,0
902,1902,2,True,522,0.5396867474660354,1.1300304619538815,-97.98869969538046,0.42983588318154164,1.7719850646057103,275,0.10985086428449373,0.48807585930205244,247,-0.33015532397064545,-1.5352157664646648,249,0.0,0.0,0,0.0,0.0,0,0.0,0.0,0,0.0,0.0,0,0.0,0.0,0,0.0,0.0,0,0.0,0.0,0,0.0,0.0,0,0.0,0.0,0
381,1381,2,True,520,0.5296882292526364,1.1228304013556452,-97.98877169598644,0.359837064036923,1.4949465277448393,273,0.16985116521571336,0.7507142749664508,247,-0.3001553244218487,-1.390055933839968,249,0.0,0.0,0,0.0,0.0,0,0.0,0.0,0,0.0,0.0,0,0.0,0.0,0,0.0,0.0,0,0.0,0.0,0,0.0,0.0,0,0.0,0.0,0
518,1518,2,True,521,0.5196876514079629,1.1092739341282,-97.98890726065872,0.2898364761537018,1.2076164950479529,274,0.2298511752542611,1.0109313732084473,247,-0.3601552555221937,-1.681724753550355,249,0.0,0.0,0,0.0,0.0,0,0.0,0.0,0,0.0,0.0,0,0.0,0.0,0,0.0,0.0,0,0.0,0.0,0,0.0,0.0,0,0.0,0.0,0
938,1938,2,True,496,0.4997026964826601,1.0979683826753452,-97.98902031617325,0.19984767787639995,0.8660277715160803,256,0.2998550186062601,1.3299089938346103,240,-0.12014472205099495,-0.5618041980835417,234,0.0,0.0,0,0.0,0.0,0,0.0,0.0,0,0.0,0.0,0,0.0,0.0,0,0.0,0.0,0,0.0,0.0,0,0.0,0.0,0,0.0,0.0,0
86,1086,2,True,521,0.5196879235488218,1.0965151801127355,-97.98903484819887,0.37983677918509384,1.5733147466450779,274,0.1398511443637279,0.6197156135803933,247,-0.3001553132028992,-1.3900559093187554,249,0.0,0.0,0,0.0,0.0,0,0.0,0.0,0,0.0,0.0,0,0.0,0.0,0,0.0,0.0,0,0.0,0.0,0,0.0,0.0,0,0.0,0.0,0
775,1775,2,True,521,0.5196876286932326,1.091270526704231,-97.98908729473295,0.409836467083314,1.6944638372536975,274,0.10985116160991854,0.4880772161547644,247,-0.24015532399555725,-1.103547315157015,249,0.0,0.0,0,0.0,0.0,0,0.0,0.0,0,0.0,0.0,0,0.0,0.0,0,0.0,0.0,0,0.0,0.0,0,0.0,0.0,0,0.0,0.0,0
392,1392,2,True,522,0.5096870484460911,1.0911348189528915,-97.98908865181048,0.24983589503539136,1.0420522450270246,275,0.2598511534106998,1.1402173928787582,247,-0.48015475125647195,-2.282507313727834,249,0.0,0.0,0,0.0,0.0,0,0.0,0.0,0,0.0,0.0,0,0.0,0.0,0,0.0,0.0,0,0.0,0.0,0,0.0,0.0,0,0.0,0.0,0
473,1473,2,True,522,0.509687344059971,1.084030519773119,-97.98915969480227,0.30983617600705987,1.2869529617384348,275,0.19985116805291112,0.8811080778078035,247,-0.570154142895221,-2.750556294781786,249,0.0,0.0,0,0.0,0.0,0,0.0,0.0,0,0.0,0.0,0,0.0,0.0,0,0.0,0.0,0,0.0,0.0,0,0.0,0.0,0,0.0,0.0,0
627,1627,2,True,521,0.5196876877237538,1.0800414937349856,-97.98919958506265,0.45983589074334685,1.8923871829848842,275,0.05985179698040695,0.267695804485087,246,-0.30015535609424016,-1.3900561194632992,249,0.0,0.0,0,0.0,0.0,0,0.0,0.0,0,0.0,0.0,0,0.0,0.0,0,0.0,0.0,0,0.0,0.0,0,0.0,0.0,0,0.0,0.0,0
598,1598,2,True,522,0.5096870601482284,1.0507235578533005,-97.98949276442147,0.48983589579833536,2.0124919725961687,275,0.019851164349893063,0.08895514311043223,247,-0.3001550463948042,-1.3900544691078998,249,0.0,0.0,0,0.0,0.0,0,0.0,0.0,0,0.0,0.0,0,0.0,0.0,0,0.0,0.0,0,0.0,0.0,0,0.0,0.0,0,0.0,0.0,0
298,1298,2,True,521,0.48968762483233824,1.0443622532787018,-97.98955637746721,0.2898364520748622,1.2076163823245427,274,0.19985117275747605,0.881108124232861,247,-0.330155309461915,-1.5352157252621603,249,0.0,0.0,0,0.0,0.0,0,0.0,0.0,0,0.0,0.0,0,0.0,0.0,0,0.0,0.0,0,0.0,0.0,0,0.0,0.0,0,0.0,0.0,0
420,1420,2,True,522,0.4796869951358622,1.03694137496426,-97.98963058625036,0.09983585659545977,0.42125218041960144,275,0.3798511385404024,1.6526305695089185,247,-0.1201536088247757,-0.5442555025263777,249,0.0,0.0,0,0.0,0.0,0,0.0,0.0,0,0.0,0.0,0,0.0,0.0,0,0.0,0.0,0,0.0,0.0,0,0.0,0.0,0,0.0,0.0,0
198,1198,2,True,521,0.48968762479157013,1.0251132247793928,-97.98974886775221,0.4098364710996491,1.6944638793493418,274,0.07985115369192103,0.3557625702094437,247,-0.3901553125887207,-1.8296414381291313,249,0.0,0.0,0,0.0,0.0,0,0.0,0.0,0,0.0,0.0,0,0.0,0.0,0,0.0,0.0,0,0.0,0.0,0,0.0,0.0,0,0.0,0.0,0
368,1368,2,True,521,0.48968763581450947,1.0190068196881783,-97.98980993180312,0.4398364782162518,1.81527896543603,274,0.049851157598257645,0.22273467394032645,247,-0.21015533533894024,-0.9620874650957798,249,0.0,0.0,0,0.0,0.0,0,0.0,0.0,0,0.0,0.0,0,0.0,0.0,0,0.0,0.0,0,0.0,0.0,0,0.0,0.0,0,0.0,0.0,0
189,1189,2,True,522,0.4796870714504182,1.0091383048542275,-97.98990861695145,0.36983590103618763,1.5301993699057983,275,0.10985117041423062,0.48807723980265666,247,-0.42015532396897987,-1.9790331679487512,249,0.0,0.0,0,0.0,0.0,0,0.0,0.0,0,0.0,0.0,0,0.0,0.0,0,0.0,0.0,0,0.0,0.0,0,0.0,0.0,0,0.0,0.0,0
14,1014,2,True,522,0.4796870977655594,1.003513055426039,-97.98996486944574,0.3998359039592685,1.651263395501653,275,0.07985119380629094,0.35576271535042514,247,-0.48015497439150623,-2.2825086666049517,249,0.0,0.0,0,0.0,0.0,0,0.0,0.0,0,0.0,0.0,0,0.0,0.0,0,0.0,0.0,0,0.0,0.0,0,0.0,0.0,0,0.0,0.0,0
901,1901,2,True,517,0.4696906158825037,0.9855123717361969,-97.99014487628264,0.4098388274757433,1.7033289625981138,271,0.05985178840676045,0.2676957808742799,246,-0.22015012978450846,-1.0265652873343856,241,0.0,0.0,0,0.0,0.0,0,0.0,0.0,0,0.0,0.0,0,0.0,0.0,0,0.0,0.0,0,0.0,0.0,0,0.0,0.0,0,0.0,0.0,0
849,1849,2,True,509,0.45969387588664323,0.9846388337475405,-97.99015361166252,0.3298403013144845,1.3876012012874894,267,0.12985357457215874,0.5816764662075915,242,-0.0001492786359134756,-0.0006757466316238266,243,0.0,0.0,0,0.0,0.0,0,0.0,0.0,0,0.0,0.0,0,0.0,0.0,0,0.0,0.0,0,0.0,0.0,0,0.0,0.0,0,0.0,0.0,0
621,1621,2,True,521,0.4596876355764094,0.9699408390516586,-97.99030059160948,0.3498364731562154,1.4518044577764306,274,0.10985116242019399,0.4880772203268867,247,-0.3001553114069438,-1.3900559015362215,249,0.0,0.0,0,0.0,0.0,0,0.0,0.0,0,0.0,0.0,0,0.0,0.0,0,0.0,0.0,0,0.0,0.0,0,0.0,0.0,0,0.0,0.0,0
936,1936,2,True,522,0.4496870485613459,0.9649262984743195,-97.99035073701526,0.2198358831797369,0.918921304749998,275,0.22985116538160902,1.010931292198641,247,-0.0001553366448877637,-0.0006946798718310738,249,0.0,0.0,0,0.0,0.0,0,0.0,0.0,0,0.0,0.0,0,0.0,0.0,0,0.0,0.0,0,0.0,0.0,0,0.0,0.0,0,0.0,0.0,0
595,1595,2,True,521,0.45968762371029415,0.9645379831891778,-97.9903546201681,0.3798364690135149,1.573313387187037,274,0.07985115469677923,0.35576257919131854,247,-0.30015414350785735,-1.3900507026738302,249,0.0,0.0,0,0.0,0.0,0,0.0,0.0,0,0.0,0.0,0,0.0,0.0,0,0.0,0.0,0,0.0,0.0,0,0.0,0.0,0,0.0,0.0,0
293,1293,2,True,521,0.45968763813293484,0.9585992807732451,-97.99041400719227,0.40983647347123203,1.6944638451540888,274,0.04985116466170279,0.2227347163924015,247,-0.3301553178815642,-1.5352157288129422,249,0.0,0.0,0,0.0,0.0,0,0.0,0.0,0,0.0,0.0,0,0.0,0.0,0,0.0,0.0,0,0.0,0.0,0,0.0,0.0,0,0.0,0.0,0
748,1748,2,True,521,0.4596876062775956,0.9585992504861998,-97.99041400749513,0.4098364566811014,1.694463838719585,274,0.04985114959649416,0.22273466225281469,247,-0.2001534362544328,-0.9171041813263886,248,0.0,0.0,0,0.0,0.0,0,0.0,0.0,0,0.0,0.0,0,0.0,0.0,0,0.0,0.0,0,0.0,0.0,0,0.0,0.0,0,0.0,0.0,0
691,1691,2,True,521,0.4596876211217024,0.9585992496554379,-97.99041400750345,0.40983647073510776,1.6944638461733963,274,0.04985115038659464,0.22273465313747934,247,-0.4501553328133514,-2.129965902035719,249,0.0,0.0,0,0.0,0.0,0,0.0,0.0,0,0.0,0.0,0,0.0,0.0,0,0.0,0.0,0,0.0,0.0,0,0.0,0.0,0,0.0,0.0,0
27,1027,2,True,520,0.4396885185067753,0.9549534715486172,-97.99045046528451,0.019836775396686924,0.0844308583648301,274,0.4198517431100884,1.8254760847324043,246,-0.00015297268791141308,-0.0006841083091572742,249,0.0,0.0,0,0.0,0.0,0,0.0,0.0,0,0.0,0.0,0,0.0,0.0,0,0.0,0.0,0,0.0,0.0,0,0.0,0.0,0,0.0,0.0,0
495,1495,2,True,517,0.4396903408375035,0.9545815239285375,-97.99045418476071,0.10983856482687172,0.46640647753724007,271,0.3298517760106318,1.4427565703198348,246,-0.08015409186539767,-0.3622034754052563,248,0.0,0.0,0,0.0,0.0,0,0.0,0.0,0,0.0,0.0,0,0.0,0.0,0,0.0,0.0,0,0.0,0.0,0,0.0,0.0,0,0.0,0.0,0
7,1007,2,True,521,0.4596876189165691,0.9521170168428622,-97.99047882983157,0.4398364677697389,1.8152789536715084,274,0.01985115114683024,0.08895508001421604,247,-0.24015528312277964,-1.1035471213811126,249,0.0,0.0,0,0.0,0.0,0,0.0,0.0,0,0.0,0.0,0,0.0,0.0,0,0.0,0.0,0,0.0,0.0,0,0.0,0.0,0,0.0,0.0,0
201,1201,2,True,522,0.44968679609811507,0.9484230164606094,-97.9905157698354,0.3398356010072543,1.4087686610985928,275,0.10985119509086079,0.48807737182262606,247,-0.3601537844596931,-1.6817167183361512,249,0.0,0.0,0,0.0,0.0,0,0.0,0.0,0,0.0,0.0,0,0.0,0.0,0,0.0,0.0,0,0.0,0.0,0,0.0,0.0,0,0.0,0.0,0
355,1355,2,True,523,0.43968611722281264,0.9319034630855187,-97.99068096536915,0.2998349713787685,1.2440914684091917,276,0.13985114584404412,0.6197154577618459,247,-0.45015327819498946,-2.1299567348248516,249,0.0,0.0,0,0.0,0.0,0,0.0,0.0,0,0.0,0.0,0,0.0,0.0,0,0.0,0.0,0,0.0,0.0,0,0.0,0.0,0,0.0,0.0,0
630,1630,2,True,523,0.4396862328743102,0.9308631223153967,-97.99069136877685,0.3098356259236296,1.2869506389583287,275,0.1298506069506806,0.5747756056724647,248,-0.6501546335835588,-3.1890225226349656,248,0.0,0.0,0,0.0,0.0,0,0.0,0.0,0,0.0,0.0,0,0.0,0.0,0,0.0,0.0,0,0.0,0.0,0,0.0,0.0,0,0.0,0.0,0
515,1515,2,True,512,0.4296930439543035,0.9281957910010556,-97.99071804209,0.23984095220806603,1.0153884744276571,267,0.18985209174623752,0.8410031075744543,245,-0.16015138616701194,-0.7318241096351426,247,0.0,0.0,0,0.0,0.0,0,0.0,0.0,0,0.0,0.0,0,0.0,0.0,0,0.0,0.0,0,0.0,0.0,0,0.0,0.0,0,0.0,0.0,0
890,1890,2,True,520,0.43968823260764245,0.9262736152997292,-97.99073726384701,0.3498364752987939,1.4518044562127606,274,0.08985175730884856,0.40074277438669786,246,-0.5401553078234884,-2.592728102317232,249,0.0,0.0,0,0.0,0.0,0,0.0,0.0,0,0.0,0.0,0,0.0,0.0,0,0.0,0.0,0,0.0,0.0,0,0.0,0.0,0,0.0,0.0,0
303,1303,2,True,501,0.41969998763740857,0.9233116816041093,-97.99076688318397,0.17984096037903288,0.7648597848866252,267,0.2398590272583757,1.0817635783215933,234,-0.15013937817176332,-0.7141786252917038,228,0.0,0.0,0,0.0,0.0,0,0.0,0.0,0,0.0,0.0,0,0.0,0.0,0,0.0,0.0,0,0.0,0.0,0,0.0,0.0,0,0.0,0.0,0
873,1873,2,True,510,0.4196938250182738,0.9061672641637315,-97.99093832735836,0.25984179746750014,1.102424460947104,265,0.15985202755077366,0.7099100673803592,245,-0.060150576697474506,-0.27233413981401156,246,0.0,0.0,0,0.0,0.0,0,0.0,0.0,0,0.0,0.0,0,0.0,0.0,0,0.0,0.0,0,0.0,0.0,0,0.0,0.0,0,0.0,0.0,0
994,1994,2,True,386,0.33976899440518904,0.8412295279014279,-97.99158770472098,0.19987067038387318,0.937780546393258,217,0.13989832402131583,0.7446785094095978,169,-0.21011378658450727,-1.132078682386217,183,0.0,0.0,0,0.0,0.0,0,0.0,0.0,0,0.0,0.0,0,0.0,0.0,0,0.0,0.0,0,0.0,0.0,0,0.0,0.0,0,0.0,0.0,0
307,1307,2,True,522,0.3896870559866319,0.8263989305468364,-97.99173601069454,0.2798358868871223,1.1647206020888954,275,0.1098511690995096,0.48807725900477755,247,-0.5401537765645645,-2.5927214024229746,249,0.0,0.0,0,0.0,0.0,0,0.0,0.0,0,0.0,0.0,0,0.0,0.0,0,0.0,0.0,0,0.0,0.0,0,0.0,0.0,0,0.0,0.0,0
238,1238,2,True,522,0.3896867033996782,0.8213563872052404,-97.99178643612795,0.3098358615031172,1.2869515992911968,275,0.07985084189656098,0.355761175119284,247,-0.5101541222221934,-2.4367333171644043,249,0.0,0.0,0,0.0,0.0,0,0.0,0.0,0,0.0,0.0,0,0.0,0.0,0,0.0,0.0,0,0.0,0.0,0,0.0,0.0,0,0.0,0.0,0
952,1952,2,True,523,0.3796870268765426,0.7942891851735315,-97.99205710814826,0.3298358865082175,1.365843778922865,276,0.04985114036832511,0.222734591424198,247,-0.2601544507750644,-1.201067290314536,248,0.0,0.0,0,0.0,0.0,0,0.0,0.0,0,0.0,0.0,0,0.0,0.0,0,0.0,0.0,0,0.0,0.0,0,0.0,0.0,0,0.0,0.0,0
537,1537,2,True,521,0.36968762148340395,0.7907104976187815,-97.99209289502382,0.22983645603183828,0.9617052921540655,274,0.13985116545156567,0.6197157030834975,247,-0.5701553158760297,-2.7505613949754446,249,0.0,0.0,0,0.0,0.0,0,0.0,0.0,0,0.0,0.0,0,0.0,0.0,0,0.0,0.0,0,0.0,0.0,0,0.0,0.0,0,0.0,0.0,0
867,1867,2,True,521,0.36968761759381663,0.7816894699759823,-97.99218310530024,0.2898364639761077,1.2076163644181857,274,0.07985115361770893,0.35576257553377894,247,-0.3601553194017706,-1.681723726110306,249,0.0,0.0,0,0.0,0.0,0,0.0,0.0,0,0.0,0.0,0,0.0,0.0,0,0.0,0.0,0,0.0,0.0,0,0.0,0.0,0,0.0,0.0,0
196,1196,2,True,521,0.3696878630868946,0.776324563482814,-97.99223675436517,0.3198367288143808,1.3299145916219386,274,0.0498511342725138,0.22273453534368934,247,-0.0001529061816532909,-0.0006838109133779699,249,0.0,0.0,0,0.0,0.0,0,0.0,0.0,0,0.0,0.0,0,0.0,0.0,0,0.0,0.0,0,0.0,0.0,0,0.0,0.0,0,0.0,0.0,0
759,1759,2,True,520,0.3196879361473669,0.695072098974288,-97.99304927901025,0.10983614573814768,0.4638917709217021,274,0.20985179040921922,0.926252427026874,246,-0.45015525923968525,-2.1299655694620983,249,0.0,0.0,0,0.0,0.0,0,0.0,0.0,0,0.0,0.0,0,0.0,0.0,0,0.0,0.0,0,0.0,0.0,0,0.0,0.0,0,0.0,0.0,0
289,1289,2,True,521,0.3096876135825657,0.6538116662481933,-97.99346188333752,0.2598364637334573,1.0848886925739971,274,0.049851149849108406,0.2227346399223895,247,-0.27015532401408265,-1.2461853036435393,249,0.0,0.0,0,0.0,0.0,0,0.0,0.0,0,0.0,0.0,0,0.0,0.0,0,0.0,0.0,0,0.0,0.0,0,0.0,0.0,0,0.0,0.0,0
35,1035,2,True,521,0.30968792006578066,0.648286393669218,-97.9935171360633,0.28983676179305584,1.2076176749496605,274,0.019851158272724836,0.08895511238877542,247,-0.3001541434196628,-1.390050778627985,249,0.0,0.0,0,0.0,0.0,0,0.0,0.0,0,0.0,0.0,0,0.0,0.0,0,0.0,0.0,0,0.0,0.0,0,0.0,0.0,0,0.0,0.0,0
831,1831,2,True,521,0.3096876285898585,0.6482857534958855,-97.99351714246504,0.28983647089498066,1.207616397270311,274,0.01985115769487783,0.08895510972146,247,-0.27015471830908927,-1.2461826876989475,249,0.0,0.0,0,0.0,0.0,0,0.0,0.0,0,0.0,0.0,0,0.0,0.0,0,0.0,0.0,0,0.0,0.0,0,0.0,0.0,0,0.0,0.0,0
625,1625,2,True,522,0.29968703377614214,0.6268378430157627,-97.99373162156984,0.27983587881809235,1.1647205869172512,275,0.01985115495804976,0.08895509911427427,247,-0.3901553168931395,-1.829641455377968,249,0.0,0.0,0,0.0,0.0,0,0.0,0.0,0,0.0,0.0,0,0.0,0.0,0,0.0,0.0,0,0.0,0.0,0,0.0,0.0,0,0.0,0.0,0
949,1949,2,True,319,0.22980834696619754,0.6258537901025026,-97.99374146209898,0.20990470454931792,1.1411318462396136,159,0.019903642416879603,0.11057573396539168,160,-0.13008169052033364,-0.816789142833924,133,0.0,0.0,0,0.0,0.0,0,0.0,0.0,0,0.0,0.0,0,0.0,0.0,0,0.0,0.0,0,0.0,0.0,0,0.0,0.0,0,0.0,0.0,0
919,1919,2,True,523,0.2896864807466013,0.6203667422109367,-97.99379633257789,0.17983530446375853,0.752656219012608,276,0.10985117628284277,0.4880772654092654,247,-0.6901550281675308,-3.4020771583780185,249,0.0,0.0,0,0.0,0.0,0,0.0,0.0,0,0.0,0.0,0,0.0,0.0,0,0.0,0.0,0,0.0,0.0,0,0.0,0.0,0,0.0,0.0,0
979,1979,2,True,522,0.2696872893029355,0.5882608195231278,-97.99411739180476,0.0698361351025249,0.2954137341103644,275,0.1998511542004106,0.8811079049358913,247,-0.15015299964920398,-0.6824843969336113,249,0.0,0.0,0,0.0,0.0,0,0.0,0.0,0,0.0,0.0,0,0.0,0.0,0,0.0,0.0,0,0.0,0.0,0,0.0,0.0,0,0.0,0.0,0
673,1673,2,True,522,0.2696870544867198,0.5796232811568214,-97.99420376718844,0.15983588190533277,0.671169297871141,275,0.10985117258138705,0.48807726444250177,247,-0.2701541653558645,-1.2461802125245756,249,0.0,0.0,0,0.0,0.0,0,0.0,0.0,0,0.0,0.0,0,0.0,0.0,0,0.0,0.0,0,0.0,0.0,0,0.0,0.0,0,0.0,0.0,0
534,1534,2,True,520,0.25968789676886944,0.5690208596556842,-97.99430979140344,0.02983673693188039,0.12711035811280977,273,0.22985115983698906,1.0109313611985586,247,-0.2701532926703624,-1.2461761680176553,249,0.0,0.0,0,0.0,0.0,0,0.0,0.0,0,0.0,0.0,0,0.0,0.0,0,0.0,0.0,0,0.0,0.0,0,0.0,0.0,0,0.0,0.0,0
485,1485,2,True,522,0.26968728433658173,0.56550414361793,-97.99434495856381,0.24983614794077239,1.0420532924928694,275,0.019851136395809345,0.08895499474299068,247,-0.060153018342542,-0.27068509012704695,249,0.0,0.0,0,0.0,0.0,0,0.0,0.0,0,0.0,0.0,0,0.0,0.0,0,0.0,0.0,0,0.0,0.0,0,0.0,0.0,0,0.0,0.0,0
593,1593,2,True,521,0.24968789669574415,0.5253308306318683,-97.99474669169368,0.22983674754858785,0.9617065885372473,274,0.019851149147156293,0.08895507272648924,247,-0.46015299485028266,-2.175655746409158,250,0.0,0.0,0,0.0,0.0,0,0.0,0.0,0,0.0,0.0,0,0.0,0.0,0,0.0,0.0,0,0.0,0.0,0,0.0,0.0,0,0.0,0.0,0
716,1716,2,True,522,0.2396872750353162,0.5250279935955499,-97.99474972006405,0.039836133201345554,0.16894825109712883,275,0.19985114183397065,0.8811077360939709,247,-0.21015417979251882,-0.9620821320612282,249,0.0,0.0,0,0.0,0.0,0,0.0,0.0,0,0.0,0.0,0,0.0,0.0,0,0.0,0.0,0,0.0,0.0,0,0.0,0.0,0,0.0,0.0,0
512,1512,2,True,522,0.2396872705356549,0.5250279885237046,-97.99474972011477,0.03983613325050477,0.1689482462828106,275,0.1998511372851501,0.8811077307645985,247,-0.09015476837632633,-0.40700924568224406,249,0.0,0.0,0,0.0,0.0,0,0.0,0.0,0,0.0,0.0,0,0.0,0.0,0,0.0,0.0,0,0.0,0.0,0,0.0,0.0,0,0.0,0.0,0
326,1326,2,True,522,0.23968730177438308,0.5172866272712955,-97.99482713372728,0.12983614869043972,0.5464962240991857,275,0.10985115308394336,0.4880770304434051,247,-0.0001547757556907177,-0.0006921715322437018,249,0.0,0.0,0,0.0,0.0,0,0.0,0.0,0,0.0,0.0,0,0.0,0.0,0,0.0,0.0,0,0.0,0.0,0,0.0,0.0,0,0.0,0.0,0
915,1915,2,True,522,0.2396870076348508,0.5172860716285237,-97.99482713928371,0.12983583899425813,0.5464949472858707,275,0.10985116864059266,0.48807719597117666,247,-0.030154997403382327,-0.13526892647031336,249,0.0,0.0,0,0.0,0.0,0,0.0,0.0,0,0.0,0.0,0,0.0,0.0,0,0.0,0.0,0,0.0,0.0,0,0.0,0.0,0,0.0,0.0,0
164,1164,2,True,522,0.23968705912850088,0.5134659745184424,-97.99486534025482,0.15983586828067048,0.6711692225405611,275,0.0798511908478304,0.3557627264963238,247,-0.38015503441919507,-1.7841375382564209,248,0.0,0.0,0,0.0,0.0,0,0.0,0.0,0,0.0,0.0,0,0.0,0.0,0,0.0,0.0,0,0.0,0.0,0,0.0,0.0,0,0.0,0.0,0
972,1972,2,True,522,0.2396875755539803,0.5090196986537355,-97.99490980301346,0.18983643207211673,0.795304831295781,275,0.049851143481863563,0.22273456601169003,247,-0.21015299494795742,-0.9620769075191313,249,0.0,0.0,0,0.0,0.0,0,0.0,0.0,0,0.0,0.0,0,0.0,0.0,0,0.0,0.0,0,0.0,0.0,0,0.0,0.0,0,0.0,0.0,0
703,1703,2,True,522,0.2396874074461371,0.5039390144303405,-97.9949606098557,0.21983620479659394,0.9189227105497562,275,0.01985120264954316,0.08895531831092489,247,-0.4501549955109872,-2.1299640131589648,249,0.0,0.0,0,0.0,0.0,0,0.0,0.0,0,0.0,0.0,0,0.0,0.0,0,0.0,0.0,0,0.0,0.0,0,0.0,0.0,0,0.0,0.0,0
742,1742,2,True,521,0.21968762863959793,0.47246217605714913,-97.99527537823943,0.1398364634778543,0.5891617220668209,274,0.07985116516174362,0.3557626300474774,247,-0.3601553201869044,-1.6817237691403664,249,0.0,0.0,0,0.0,0.0,0,0.0,0.0,0,0.0,0.0,0,0.0,0.0,0,0.0,0.0,0,0.0,0.0,0,0.0,0.0,0,0.0,0.0,0
305,1305,2,True,521,0.21968761917842275,0.4683015216608485,-97.99531698478339,0.16983646589587267,0.7138683908600688,274,0.049851153282550076,0.22273465246162819,247,-0.42015565599333204,-1.9790342328531243,249,0.0,0.0,0,0.0,0.0,0,0.0,0.0,0,0.0,0.0,0,0.0,0.0,0,0.0,0.0,0,0.0,0.0,0,0.0,0.0,0,0.0,0.0,0
557,1557,2,True,521,0.2196876978979674,0.4634980249365865,-97.99536501975064,0.19983647861209636,0.8380406618131179,274,0.01985121928587106,0.0889553880600551,247,-0.5401541473453477,-2.5927230316268046,249,0.0,0.0,0,0.0,0.0,0,0.0,0.0,0,0.0,0.0,0,0.0,0.0,0,0.0,0.0,0,0.0,0.0,0,0.0,0.0,0,0.0,0.0,0
343,1343,2,True,522,0.17968701189160685,0.38850735550373805,-97.99611492644496,0.09983586766025632,0.4212522176140425,275,0.07985114423135055,0.35576249339343363,247,-0.5701542122603045,-2.750555827747746,249,0.0,0.0,0,0.0,0.0,0,0.0,0.0,0,0.0,0.0,0,0.0,0.0,0,0.0,0.0,0,0.0,0.0,0,0.0,0.0,0,0.0,0.0,0
320,1320,2,True,523,0.16968671059744816,0.36722977355045683,-97.9963277022645,0.08983558680053448,0.37869716074504345,276,0.07985112379691368,0.35576238635587015,247,-0.5101529789596438,-2.4367276739975012,249,0.0,0.0,0,0.0,0.0,0,0.0,0.0,0,0.0,0.0,0,0.0,0.0,0,0.0,0.0,0,0.0,0.0,0,0.0,0.0,0,0.0,0.0,0
57,1057,2,True,520,0.16968820605501542,0.3604358861852469,-97.99639564113815,0.1498370517844847,0.6319166786136984,273,0.01985115427053072,0.0889550937567955,247,-0.24015354982720574,-1.1035393158132596,249,0.0,0.0,0,0.0,0.0,0,0.0,0.0,0,0.0,0.0,0,0.0,0.0,0,0.0,0.0,0,0.0,0.0,0,0.0,0.0,0,0.0,0.0,0
231,1231,2,True,521,0.15968793451243132,0.3468991429373045,-97.99653100857063,0.07983676177467679,0.3380356214471818,274,0.07985117273775454,0.35576266442742727,247,-0.5101553497444575,-2.4367385967735116,249,0.0,0.0,0,0.0,0.0,0,0.0,0.0,0,0.0,0.0,0,0.0,0.0,0,0.0,0.0,0,0.0,0.0,0,0.0,0.0,0,0.0,0.0,0
853,1853,2,True,521,0.12968764986508935,0.2861202078821251,-97.99713879792118,0.02983528114337059,0.1264176907529015,276,0.09985236872171876,0.44582272501134873,245,-0.05015288692239543,-0.22590291789980393,248,0.0,0.0,0,0.0,0.0,0,0.0,0.0,0,0.0,0.0,0,0.0,0.0,0,0.0,0.0,0,0.0,0.0,0,0.0,0.0,0,0.0,0.0,0
172,1172,2,True,522,0.11968727826291353,0.2649520936891151,-97.99735047906312,0.00983614389434966,0.04182722987395036,275,0.10985113436856388,0.4880769575042799,247,-0.15015301229088995,-0.6824844393144471,249,0.0,0.0,0,0.0,0.0,0,0.0,0.0,0,0.0,0.0,0,0.0,0.0,0,0.0,0.0,0,0.0,0.0,0,0.0,0.0,0,0.0,0.0,0
135,1135,2,True,522,0.08968725561772951,0.1921843306678665,-97.99807815669332,0.06983611967029267,0.2954136594352238,275,0.019851135947436843,0.08895500190050919,247,-0.1801553727157969,-0.8217534529787933,249,0.0,0.0,0,0.0,0.0,0,0.0,0.0,0,0.0,0.0,0,0.0,0.0,0,0.0,0.0,0,0.0,0.0,0,0.0,0.0,0,0.0,0.0,0
104,1104,2,True,522,0.05968705298072027,0.13228042493603437,-97.99867719575064,0.009835880392855904,0.041826107758445245,275,0.04985117258786437,0.2227347421136235,247,-0.540154151104848,-2.592723602842564,249,0.0,0.0,0,0.0,0.0,0,0.0,0.0,0,0.0,0.0,0,0.0,0.0,0,0.0,0.0,0,0.0,0.0,0,0.0,0.0,0,0.0,0.0,0
714,1714,2,True,507,0.029695827889549255,0.06515799821844002,-97.99934842001781,0.019839959240108986,0.0853775274675985,268,0.009855868649440271,0.044938468969281546,239,-0.5601478034194974,-2.7643586266466618,239,0.0,0.0,0,0.0,0.0,0,0.0,0.0,0,0.0,0.0,0,0.0,0.0,0,0.0,0.0,0,0.0,0.0,0,0.0,0.0,0,0.0,0.0,0
858,1858,1,True,275,0.6398358771298178,2.6093091699329207,-98.97390690830068,0.6398358771298178,2.6093091699329207,275,-0.04014884501085587,-0.18101830580453954,247,0.0,0.0,0,0.0,0.0,0,0.0,0.0,0,0.0,0.0,0,0.0,0.0,0,0.0,0.0,0,0.0,0.0,0,0.0,0.0,0,0.0,0.0,0,0.0,0.0,0
39,1039,1,True,275,0.6398358478594204,2.6093088589692983,-98.97390691141031,0.6398358478594204,2.6093088589692983,275,-0.12014824322001957,-0.547617069653094,246,0.0,0.0,0,0.0,0.0,0,0.0,0.0,0,0.0,0.0,0,0.0,0.0,0,0.0,0.0,0,0.0,0.0,0,0.0,0.0,0,0.0,0.0,0,0.0,0.0,0
331,1331,1,True,273,0.6298376109498218,2.5785142583131946,-98.97421485741687,0.6298376109498218,2.5785142583131946,273,-0.2201488344820633,-1.0133688265528984,247,0.0,0.0,0,0.0,0.0,0,0.0,0.0,0,0.0,0.0,0,0.0,0.0,0,0.0,0.0,0,0.0,0.0,0,0.0,0.0,0,0.0,0.0,0,0.0,0.0,0
682,1682,1,True,274,0.6198364735850728,2.534371722641297,-98.97465628277358,0.6198364735850728,2.534371722641297,274,-0.2501488498528346,-1.155861046940366,247,0.0,0.0,0,0.0,0.0,0,0.0,0.0,0,0.0,0.0,0,0.0,0.0,0,0.0,0.0,0,0.0,0.0,0,0.0,0.0,0,0.0,0.0,0,0.0,0.0,0
735,1735,1,True,274,0.5898364538298634,2.415105073791024,-98.97584894926209,0.5898364538298634,2.415105073791024,274,-0.00014824013909203043,-0.0006669579957775692,246,0.0,0.0,0,0.0,0.0,0,0.0,0.0,0,0.0,0.0,0,0.0,0.0,0,0.0,0.0,0,0.0,0.0,0,0.0,0.0,0,0.0,0.0,0,0.0,0.0,0
403,1403,1,True,275,0.5498352757747733,2.251893709750742,-98.9774810629025,0.5498352757747733,2.251893709750742,275,-0.04014885498088806,-0.1810183456824525,247,0.0,0.0,0,0.0,0.0,0,0.0,0.0,0,0.0,0.0,0,0.0,0.0,0,0.0,0.0,0,0.0,0.0,0,0.0,0.0,0,0.0,0.0,0,0.0,0.0,0
185,1185,1,True,275,0.4898362257929401,2.012493502549236,-98.97987506497451,0.4898362257929401,2.012493502549236,275,-0.15014850967879806,-0.6867423356548871,246,0.0,0.0,0,0.0,0.0,0,0.0,0.0,0,0.0,0.0,0,0.0,0.0,0,0.0,0.0,0,0.0,0.0,0,0.0,0.0,0,0.0,0.0,0,0.0,0.0,0
577,1577,1,True,275,0.4598361792139715,1.8923885202780533,-98.98107611479722,0.4598361792139715,1.8923885202780533,275,-0.07014909701241916,-0.3172962072184236,247,0.0,0.0,0,0.0,0.0,0,0.0,0.0,0,0.0,0.0,0,0.0,0.0,0,0.0,0.0,0,0.0,0.0,0,0.0,0.0,0,0.0,0.0,0,0.0,0.0,0
169,1169,1,True,274,0.4398364608986002,1.8152788827073478,-98.98184721117293,0.4398364608986002,1.8152788827073478,274,-0.07014884916024212,-0.3172950823804998,247,0.0,0.0,0,0.0,0.0,0,0.0,0.0,0,0.0,0.0,0,0.0,0.0,0,0.0,0.0,0,0.0,0.0,0,0.0,0.0,0,0.0,0.0,0,0.0,0.0,0
312,1312,1,True,275,0.4298358839786027,1.7719850704425983,-98.98228014929558,0.4298358839786027,1.7719850704425983,275,-0.04014884789685664,-0.18101833712113427,247,0.0,0.0,0,0.0,0.0,0,0.0,0.0,0,0.0,0.0,0,0.0,0.0,0,0.0,0.0,0,0.0,0.0,0,0.0,0.0,0,0.0,0.0,0,0.0,0.0,0
222,1222,1,True,275,0.42983559025521073,1.771983854935658,-98.98228016145065,0.42983559025521073,1.771983854935658,275,-0.19014880909502493,-0.8720367683167418,247,0.0,0.0,0,0.0,0.0,0,0.0,0.0,0,0.0,0.0,0,0.0,0.0,0,0.0,0.0,0,0.0,0.0,0,0.0,0.0,0,0.0,0.0,0,0.0,0.0,0
828,1828,1,True,273,0.4198371139026,1.7377783872750507,-98.98262221612725,0.4198371139026,1.7377783872750507,273,-0.09014822849124492,-0.4094933882523482,246,0.0,0.0,0,0.0,0.0,0,0.0,0.0,0,0.0,0.0,0,0.0,0.0,0,0.0,0.0,0,0.0,0.0,0,0.0,0.0,0,0.0,0.0,0,0.0,0.0,0
549,1549,1,True,274,0.40983674462046726,1.694465081283999,-98.98305534918715,0.40983674462046726,1.694465081283999,274,-0.07014883825036593,-0.3172950268513047,247,0.0,0.0,0,0.0,0.0,0,0.0,0.0,0,0.0,0.0,0,0.0,0.0,0,0.0,0.0,0,0.0,0.0,0,0.0,0.0,0,0.0,0.0,0,0.0,0.0,0
543,1543,1,True,275,0.3998358741134792,1.6512633035246718,-98.98348736696475,0.3998358741134792,1.6512633035246718,275,-0.04014883812821787,-0.1810182886921956,247,0.0,0.0,0,0.0,0.0,0,0.0,0.0,0,0.0,0.0,0,0.0,0.0,0,0.0,0.0,0,0.0,0.0,0,0.0,0.0,0,0.0,0.0,0,0.0,0.0,0
822,1822,1,True,276,0.38983528117340294,1.6081745239360692,-98.98391825476064,0.38983528117340294,1.6081745239360692,276,-0.040148826200863665,-0.18101824862980234,247,0.0,0.0,0,0.0,0.0,0,0.0,0.0,0,0.0,0.0,0,0.0,0.0,0,0.0,0.0,0,0.0,0.0,0,0.0,0.0,0,0.0,0.0,0,0.0,0.0,0
318,1318,1,True,274,0.3798361568413587,1.5733120449020896,-98.98426687955097,0.3798361568413587,1.5733120449020896,274,-0.07014885785422659,-0.3172951333018759,247,0.0,0.0,0,0.0,0.0,0,0.0,0.0,0,0.0,0.0,0,0.0,0.0,0,0.0,0.0,0,0.0,0.0,0,0.0,0.0,0,0.0,0.0,0,0.0,0.0,0
578,1578,1,True,263,0.36984328420997575,1.5629784880200763,-98.9843702151198,0.36984328420997575,1.5629784880200763,263,-0.02014224668711944,-0.09271381124372788,236,0.0,0.0,0,0.0,0.0,0,0.0,0.0,0,0.0,0.0,0,0.0,0.0,0,0.0,0.0,0,0.0,0.0,0,0.0,0.0,0,0.0,0.0,0,0.0,0.0,0
404,1404,1,True,275,0.36983587599758827,1.5301993122347628,-98.98469800687765,0.36983587599758827,1.5301993122347628,275,-0.04014885020555266,-0.18101833276326204,247,0.0,0.0,0,0.0,0.0,0,0.0,0.0,0,0.0,0.0,0,0.0,0.0,0,0.0,0.0,0,0.0,0.0,0,0.0,0.0,0,0.0,0.0,0,0.0,0.0,0
407,1407,1,True,271,0.34983856213609366,1.4594342355983334,-98.98540565764402,0.34983856213609366,1.4594342355983334,271,-0.010148840998089392,-0.04561562190698258,247,0.0,0.0,0,0.0,0.0,0,0.0,0.0,0,0.0,0.0,0,0.0,0.0,0,0.0,0.0,0,0.0,0.0,0,0.0,0.0,0,0.0,0.0,0,0.0,0.0,0
713,1713,1,True,274,0.349836438408093,1.4518043351103282,-98.9854819566489,0.349836438408093,1.4518043351103282,274,-0.100148865829567,-0.45448943127401537,247,0.0,0.0,0,0.0,0.0,0,0.0,0.0,0,0.0,0.0,0,0.0,0.0,0,0.0,0.0,0,0.0,0.0,0,0.0,0.0,0,0.0,0.0,0,0.0,0.0,0
563,1563,1,True,274,0.34983617914980913,1.4518031628133319,-98.98548196837187,0.34983617914980913,1.4518031628133319,274,-0.040148849905856744,-0.18101834571136347,247,0.0,0.0,0,0.0,0.0,0,0.0,0.0,0,0.0,0.0,0,0.0,0.0,0,0.0,0.0,0,0.0,0.0,0,0.0,0.0,0,0.0,0.0,0,0.0,0.0,0
837,1837,1,True,275,0.3398358895357036,1.4087699296680753,-98.98591230070332,0.3398358895357036,1.4087699296680753,275,-0.04014882428126022,-0.1810182339137886,247,0.0,0.0,0,0.0,0.0,0,0.0,0.0,0,0.0,0.0,0,0.0,0.0,0,0.0,0.0,0,0.0,0.0,0,0.0,0.0,0,0.0,0.0,0,0.0,0.0,0
120,1120,1,True,275,0.33983589046695556,1.4087699205063395,-98.98591230079494,0.33983589046695556,1.4087699205063395,275,-0.010148831431534798,-0.0456155785901296,247,0.0,0.0,0,0.0,0.0,0,0.0,0.0,0,0.0,0.0,0,0.0,0.0,0,0.0,0.0,0,0.0,0.0,0,0.0,0.0,0,0.0,0.0,0,0.0,0.0,0
511,1511,1,True,275,0.33983587270647064,1.4087698774583084,-98.98591230122541,0.33983587270647064,1.4087698774583084,275,-0.010148822581061513,-0.04561553520649178,247,0.0,0.0,0,0.0,0.0,0,0.0,0.0,0,0.0,0.0,0,0.0,0.0,0,0.0,0.0,0,0.0,0.0,0,0.0,0.0,0,0.0,0.0,0,0.0,0.0,0
313,1313,1,True,273,0.3298370660553057,1.3729798568052867,-98.98627020143195,0.3298370660553057,1.3729798568052867,273,-0.04014884579379463,-0.18101832920437572,247,0.0,0.0,0,0.0,0.0,0,0.0,0.0,0,0.0,0.0,0,0.0,0.0,0,0.0,0.0,0,0.0,0.0,0,0.0,0.0,0,0.0,0.0,0,0.0,0.0,0
551,1551,1,True,65,0.15996109377070952,1.3317083655686726,-98.98668291634431,0.15996109377070952,1.3317083655686726,65,-0.0800410719380551,-0.7048442811241515,68,0.0,0.0,0,0.0,0.0,0,0.0,0.0,0,0.0,0.0,0,0.0,0.0,0,0.0,0.0,0,0.0,0.0,0,0.0,0.0,0,0.0,0.0,0,0.0,0.0,0
411,1411,1,True,275,0.3098355880325746,1.2869505037767033,-98.98713049496223,0.3098355880325746,1.2869505037767033,275,-0.12014823743833628,-0.5476170906247693,246,0.0,0.0,0,0.0,0.0,0,0.0,0.0,0,0.0,0.0,0,0.0,0.0,0,0.0,0.0,0,0.0,0.0,0,0.0,0.0,0,0.0,0.0,0,0.0,0.0,0
187,1187,1,True,273,0.29983734324404676,1.2506151044507798,-98.9874938489555,0.29983734324404676,1.2506151044507798,273,-0.07014885277697777,-0.31729509114560306,247,0.0,0.0,0,0.0,0.0,0,0.0,0.0,0,0.0,0.0,0,0.0,0.0,0,0.0,0.0,0,0.0,0.0,0,0.0,0.0,0,0.0,0.0,0,0.0,0.0,0
348,1348,1,True,274,0.2898367366568937,1.2076176258516176,-98.98792382374148,0.2898367366568937,1.2076176258516176,274,-0.010148864817244072,-0.04561572746830101,247,0.0,0.0,0,0.0,0.0,0,0.0,0.0,0,0.0,0.0,0,0.0,0.0,0,0.0,0.0,0,0.0,0.0,0,0.0,0.0,0,0.0,0.0,0,0.0,0.0,0
850,1850,1,True,274,0.28983646718794903,1.2076164201620425,-98.98792383579838,0.28983646718794903,1.2076164201620425,274,-0.10014882764655404,-0.4544893454633601,247,0.0,0.0,0,0.0,0.0,0,0.0,0.0,0,0.0,0.0,0,0.0,0.0,0,0.0,0.0,0,0.0,0.0,0,0.0,0.0,0,0.0,0.0,0,0.0,0.0,0
258,1258,1,True,274,0.2898364688201613,1.2076163514434475,-98.98792383648556,0.2898364688201613,1.2076163514434475,274,-0.010148829322249786,-0.04561556934742484,247,0.0,0.0,0,0.0,0.0,0,0.0,0.0,0,0.0,0.0,0,0.0,0.0,0,0.0,0.0,0,0.0,0.0,0,0.0,0.0,0,0.0,0.0,0,0.0,0.0,0
26,1026,1,True,276,0.26983529683804036,1.1219248788930978,-98.98878075121107,0.26983529683804036,1.1219248788930978,276,-0.25014883886804473,-1.1558609669978221,247,0.0,0.0,0,0.0,0.0,0,0.0,0.0,0,0.0,0.0,0,0.0,0.0,0,0.0,0.0,0,0.0,0.0,0,0.0,0.0,0,0.0,0.0,0,0.0,0.0,0
91,1091,1,True,275,0.24983650393109846,1.042054885855604,-98.98957945114144,0.24983650393109846,1.042054885855604,275,-0.11014786838834845,-0.5025090904535545,245,0.0,0.0,0,0.0,0.0,0,0.0,0.0,0,0.0,0.0,0,0.0,0.0,0,0.0,0.0,0,0.0,0.0,0,0.0,0.0,0,0.0,0.0,0,0.0,0.0,0
542,1542,1,True,275,0.24983558600142608,1.042050861895706,-98.98957949138104,0.24983558600142608,1.042050861895706,275,-0.050149410108467095,-0.22588741534907278,248,0.0,0.0,0,0.0,0.0,0,0.0,0.0,0,0.0,0.0,0,0.0,0.0,0,0.0,0.0,0,0.0,0.0,0,0.0,0.0,0,0.0,0.0,0,0.0,0.0,0
168,1168,1,True,273,0.239837345539347,1.0045867572709024,-98.98995413242729,0.239837345539347,1.0045867572709024,273,-0.16014880727295427,-0.7318125875233541,247,0.0,0.0,0,0.0,0.0,0,0.0,0.0,0,0.0,0.0,0,0.0,0.0,0,0.0,0.0,0,0.0,0.0,0,0.0,0.0,0,0.0,0.0,0,0.0,0.0,0
768,1768,1,True,273,0.2398370993745718,1.0045856597220115,-98.98995414340278,0.2398370993745718,1.0045856597220115,273,-0.010148833915616598,-0.0456155894866385,247,0.0,0.0,0,0.0,0.0,0,0.0,0.0,0,0.0,0.0,0,0.0,0.0,0,0.0,0.0,0,0.0,0.0,0,0.0,0.0,0,0.0,0.0,0,0.0,0.0,0
234,1234,1,True,254,0.2198480784424758,0.9547944522189041,-98.99045205547782,0.2198480784424758,0.9547944522189041,254,-0.14013681703579853,-0.6672574946136738,227,0.0,0.0,0,0.0,0.0,0,0.0,0.0,0,0.0,0.0,0,0.0,0.0,0,0.0,0.0,0,0.0,0.0,0,0.0,0.0,0,0.0,0.0,0,0.0,0.0,0
290,1290,1,True,273,0.2098369997637468,0.8808720982671919,-98.99119127901733,0.2098369997637468,0.8808720982671919,273,-0.1001488450907011,-0.4544894417583496,247,0.0,0.0,0,0.0,0.0,0,0.0,0.0,0,0.0,0.0,0,0.0,0.0,0,0.0,0.0,0,0.0,0.0,0,0.0,0.0,0,0.0,0.0,0,0.0,0.0,0
871,1871,1,True,273,0.20983699547554227,0.8808720737766231,-98.99119127926224,0.20983699547554227,0.8808720737766231,273,-0.10014888538367463,-0.45448953799889763,247,0.0,0.0,0,0.0,0.0,0,0.0,0.0,0,0.0,0.0,0,0.0,0.0,0,0.0,0.0,0,0.0,0.0,0,0.0,0.0,0,0.0,0.0,0,0.0,0.0,0
659,1659,1,True,245,0.1898544204549506,0.8410133719268978,-98.99158986628073,0.1898544204549506,0.8410133719268978,245,-0.11013863581926717,-0.5189489854961946,230,0.0,0.0,0,0.0,0.0,0,0.0,0.0,0,0.0,0.0,0,0.0,0.0,0,0.0,0.0,0,0.0,0.0,0,0.0,0.0,0,0.0,0.0,0,0.0,0.0,0
631,1631,1,True,274,0.1998364838432619,0.8380406905881796,-98.99161959309411,0.1998364838432619,0.8380406905881796,274,-0.04014884211060554,-0.18101830424972531,247,0.0,0.0,0,0.0,0.0,0,0.0,0.0,0,0.0,0.0,0,0.0,0.0,0,0.0,0.0,0,0.0,0.0,0,0.0,0.0,0,0.0,0.0,0,0.0,0.0,0
626,1626,1,True,274,0.19983647108761995,0.8380406757647452,-98.99161959324235,0.19983647108761995,0.8380406757647452,274,-0.04014883511208323,-0.181018275673253,247,0.0,0.0,0,0.0,0.0,0,0.0,0.0,0,0.0,0.0,0,0.0,0.0,0,0.0,0.0,0,0.0,0.0,0,0.0,0.0,0,0.0,0.0,0,0.0,0.0,0
547,1547,1,True,274,0.19983645806668654,0.8380406139516395,-98.99161959386048,0.19983645806668654,0.8380406139516395,274,-0.19014883907000849,-0.8720368716969139,247,0.0,0.0,0,0.0,0.0,0,0.0,0.0,0,0.0,0.0,0,0.0,0.0,0,0.0,0.0,0,0.0,0.0,0,0.0,0.0,0,0.0,0.0,0,0.0,0.0,0
358,1358,1,True,275,0.18983589775144366,0.7953025335901917,-98.99204697466409,0.18983589775144366,0.7953025335901917,275,-0.010148845146332165,-0.04561564010695881,247,0.0,0.0,0,0.0,0.0,0,0.0,0.0,0,0.0,0.0,0,0.0,0.0,0,0.0,0.0,0,0.0,0.0,0,0.0,0.0,0,0.0,0.0,0,0.0,0.0,0
167,1167,1,True,275,0.18983585955043117,0.795302383746142,-98.99204697616254,0.18983585955043117,0.795302383746142,275,-0.010148844413879761,-0.04561563035642051,247,0.0,0.0,0,0.0,0.0,0,0.0,0.0,0,0.0,0.0,0,0.0,0.0,0,0.0,0.0,0,0.0,0.0,0,0.0,0.0,0,0.0,0.0,0,0.0,0.0,0
357,1357,1,True,241,0.16985683965465811,0.7597172471607013,-98.9924028275284,0.16985683965465811,0.7597172471607013,241,-0.3601173798180241,-1.927264259592096,195,0.0,0.0,0,0.0,0.0,0,0.0,0.0,0,0.0,0.0,0,0.0,0.0,0,0.0,0.0,0,0.0,0.0,0,0.0,0.0,0,0.0,0.0,0,0.0,0.0,0
210,1210,1,True,273,0.17983704056884767,0.7566582798701208,-98.9924334172013,0.17983704056884767,0.7566582798701208,273,-0.040148844731551295,-0.18101832943340734,247,0.0,0.0,0,0.0,0.0,0,0.0,0.0,0,0.0,0.0,0,0.0,0.0,0,0.0,0.0,0,0.0,0.0,0,0.0,0.0,0,0.0,0.0,0,0.0,0.0,0
820,1820,1,True,100,0.1099400844850755,0.7552329056838905,-98.99244767094316,0.1099400844850755,0.7552329056838905,100,-0.050068110425669166,-0.3354687930329499,113,0.0,0.0,0,0.0,0.0,0,0.0,0.0,0,0.0,0.0,0,0.0,0.0,0,0.0,0.0,0,0.0,0.0,0,0.0,0.0,0,0.0,0.0,0,0.0,0.0,0
351,1351,1,True,268,0.1698400711798085,0.721588020401333,-98.99278411979599,0.1698400711798085,0.721588020401333,268,-0.17014610523048013,-0.7867198715252547,242,0.0,0.0,0,0.0,0.0,0,0.0,0.0,0,0.0,0.0,0,0.0,0.0,0,0.0,0.0,0,0.0,0.0,0,0.0,0.0,0,0.0,0.0,0,0.0,0.0,0
632,1632,1,True,274,0.16983648372760873,0.7138684285549779,-98.99286131571445,0.16983648372760873,0.7138684285549779,274,-0.04014883971249932,-0.18101828560721436,247,0.0,0.0,0,0.0,0.0,0,0.0,0.0,0,0.0,0.0,0,0.0,0.0,0,0.0,0.0,0,0.0,0.0,0,0.0,0.0,0,0.0,0.0,0,0.0,0.0,0
265,1265,1,True,274,0.16983646431120222,0.7138683611077976,-98.99286131638893,0.16983646431120222,0.7138683611077976,274,-0.0101488383798558,-0.045615606024926446,247,0.0,0.0,0,0.0,0.0,0,0.0,0.0,0,0.0,0.0,0,0.0,0.0,0,0.0,0.0,0,0.0,0.0,0,0.0,0.0,0,0.0,0.0,0,0.0,0.0,0
581,1581,1,True,275,0.15983642528392325,0.6711716423729662,-98.99328828357628,0.15983642528392325,0.6711716423729662,275,-0.25014885725597047,-1.155860813163394,247,0.0,0.0,0,0.0,0.0,0,0.0,0.0,0,0.0,0.0,0,0.0,0.0,0,0.0,0.0,0,0.0,0.0,0,0.0,0.0,0,0.0,0.0,0,0.0,0.0,0
171,1171,1,True,275,0.1598355975603874,0.6711680773102675,-98.99328831922689,0.1598355975603874,0.6711680773102675,275,-0.3101488254777995,-1.4445442710455456,247,0.0,0.0,0,0.0,0.0,0,0.0,0.0,0,0.0,0.0,0,0.0,0.0,0,0.0,0.0,0,0.0,0.0,0,0.0,0.0,0,0.0,0.0,0,0.0,0.0,0
640,1640,1,True,274,0.13983650236294232,0.589161887349053,-98.99410838112651,0.13983650236294232,0.589161887349053,274,-0.37014878598490175,-1.738548186096205,247,0.0,0.0,0,0.0,0.0,0,0.0,0.0,0,0.0,0.0,0,0.0,0.0,0,0.0,0.0,0,0.0,0.0,0,0.0,0.0,0,0.0,0.0,0,0.0,0.0,0
529,1529,1,True,274,0.13983648606233282,0.5891618349059452,-98.99410838165095,0.13983648606233282,0.5891618349059452,274,-0.10014882046859273,-0.4544893285616459,247,0.0,0.0,0,0.0,0.0,0,0.0,0.0,0,0.0,0.0,0,0.0,0.0,0,0.0,0.0,0,0.0,0.0,0,0.0,0.0,0,0.0,0.0,0,0.0,0.0,0
24,1024,1,True,274,0.1398364874658754,0.5891618331269197,-98.99410838166872,0.1398364874658754,0.5891618331269197,274,-0.1301488312789114,-0.5926464293705747,247,0.0,0.0,0,0.0,0.0,0,0.0,0.0,0,0.0,0.0,0,0.0,0.0,0,0.0,0.0,0,0.0,0.0,0,0.0,0.0,0,0.0,0.0,0,0.0,0.0,0
156,1156,1,True,259,0.10984545565352079,0.4768762912564782,-98.99523123708744,0.10984545565352079,0.4768762912564782,259,-0.19014551571093677,-0.8832752670786628,241,0.0,0.0,0,0.0,0.0,0,0.0,0.0,0,0.0,0.0,0,0.0,0.0,0,0.0,0.0,0,0.0,0.0,0,0.0,0.0,0,0.0,0.0,0,0.0,0.0,0
918,1918,1,True,274,0.10983711708421576,0.4638959719599779,-98.9953610402804,0.10983711708421576,0.4638959719599779,274,-0.24014821312329757,-1.1106079897773138,246,0.0,0.0,0,0.0,0.0,0,0.0,0.0,0,0.0,0.0,0,0.0,0.0,0,0.0,0.0,0,0.0,0.0,0,0.0,0.0,0,0.0,0.0,0,0.0,0.0,0
260,1260,1,True,272,0.0998379185513503,0.4235304716574985,-98.99576469528343,0.0998379185513503,0.4235304716574985,272,-0.250148876686234,-1.1558609543213303,247,0.0,0.0,0,0.0,0.0,0,0.0,0.0,0,0.0,0.0,0,0.0,0.0,0,0.0,0.0,0,0.0,0.0,0,0.0,0.0,0,0.0,0.0,0,0.0,0.0,0
243,1243,1,True,275,0.09983590789133964,0.4212524057939391,-98.99578747594207,0.09983590789133964,0.4212524057939391,275,-0.16014885456834094,-0.7318128417223524,247,0.0,0.0,0,0.0,0.0,0,0.0,0.0,0,0.0,0.0,0,0.0,0.0,0,0.0,0.0,0,0.0,0.0,0,0.0,0.0,0,0.0,0.0,0,0.0,0.0,0
881,1881,1,True,276,0.08983529699035268,0.3786959586497047,-98.99621304041351,0.08983529699035268,0.3786959586497047,276,-0.040148834749039033,-0.18101827138974655,247,0.0,0.0,0,0.0,0.0,0,0.0,0.0,0,0.0,0.0,0,0.0,0.0,0,0.0,0.0,0,0.0,0.0,0,0.0,0.0,0,0.0,0.0,0,0.0,0.0,0
40,1040,1,True,274,0.07983650405693772,0.3380345190613308,-98.9966196548094,0.07983650405693772,0.3380345190613308,274,-0.20014941184265797,-0.9170864304619668,248,0.0,0.0,0,0.0,0.0,0,0.0,0.0,0,0.0,0.0,0,0.0,0.0,0,0.0,0.0,0,0.0,0.0,0,0.0,0.0,0,0.0,0.0,0,0.0,0.0,0
220,1220,1,True,274,0.07983642623147241,0.33803418176463795,-98.99661965818235,0.07983642623147241,0.33803418176463795,274,-0.2201488429511827,-1.0133686749448108,247,0.0,0.0,0,0.0,0.0,0,0.0,0.0,0,0.0,0.0,0,0.0,0.0,0,0.0,0.0,0,0.0,0.0,0,0.0,0.0,0,0.0,0.0,0,0.0,0.0,0
396,1396,1,True,275,0.06983586476583938,0.29541257360790435,-98.99704587426392,0.06983586476583938,0.29541257360790435,275,-0.13014886362235137,-0.5926465269041701,247,0.0,0.0,0,0.0,0.0,0,0.0,0.0,0,0.0,0.0,0,0.0,0.0,0,0.0,0.0,0,0.0,0.0,0,0.0,0.0,0,0.0,0.0,0,0.0,0.0,0
208,1208,1,True,274,0.0498364322495398,0.2115562767022188,-98.99788443723298,0.0498364322495398,0.2115562767022188,274,-0.16014886570649675,-0.7318127816789298,247,0.0,0.0,0,0.0,0.0,0,0.0,0.0,0,0.0,0.0,0,0.0,0.0,0,0.0,0.0,0,0.0,0.0,0,0.0,0.0,0,0.0,0.0,0,0.0,0.0,0
738,1738,1,True,272,0.03983793340328783,0.16987509245948396,-98.99830124907541,0.03983793340328783,0.16987509245948396,272,-0.15014825535744336,-0.6867410135183352,246,0.0,0.0,0,0.0,0.0,0,0.0,0.0,0,0.0,0.0,0,0.0,0.0,0,0.0,0.0,0,0.0,0.0,0,0.0,0.0,0,0.0,0.0,0,0.0,0.0,0
11,1011,1,True,275,0.0398364637977253,0.1689496513591599,-98.99831050348641,0.0398364637977253,0.1689496513591599,275,-0.3301485751703576,-1.5453352868140684,246,0.0,0.0,0,0.0,0.0,0,0.0,0.0,0,0.0,0.0,0,0.0,0.0,0,0.0,0.0,0,0.0,0.0,0,0.0,0.0,0,0.0,0.0,0,0.0,0.0,0
583,1583,1,True,275,0.0398361527737568,0.16894832950443295,-98.99831051670496,0.0398361527737568,0.16894832950443295,275,-0.07014886941577252,-0.3172951313402653,247,0.0,0.0,0,0.0,0.0,0,0.0,0.0,0,0.0,0.0,0,0.0,0.0,0,0.0,0.0,0,0.0,0.0,0,0.0,0.0,0,0.0,0.0,0,0.0,0.0,0
335,1335,1,True,275,0.03983588870391655,0.16894721679625835,-98.99831052783203,0.03983588870391655,0.16894721679625835,275,-0.2801488358866269,-1.2995673087171604,247,0.0,0.0,0,0.0,0.0,0,0.0,0.0,0,0.0,0.0,0,0.0,0.0,0,0.0,0.0,0,0.0,0.0,0,0.0,0.0,0,0.0,0.0,0,0.0,0.0,0
52,1052,1,True,273,0.029837050073122744,0.12711169922721105,-98.99872888300773,0.029837050073122744,0.12711169922721105,273,-0.5201488471542539,-2.5002375758715463,247,0.0,0.0,0,0.0,0.0,0,0.0,0.0,0,0.0,0.0,0,0.0,0.0,0,0.0,0.0,0,0.0,0.0,0,0.0,0.0,0,0.0,0.0,0,0.0,0.0,0
111,1111,1,True,47,0.009971832783946947,0.1012258292082234,-98.99898774170792,0.009971832783946947,0.1012258292082234,47,-0.18003441897270966,-1.8777158507214777,57,0.0,0.0,0,0.0,0.0,0,0.0,0.0,0,0.0,0.0,0,0.0,0.0,0,0.0,0.0,0,0.0,0.0,0,0.0,0.0,0,0.0,0.0,0,0.0,0.0,0
868,1868,1,True,274,0.019836712564914274,0.0844305899013839,-98.99915569410099,0.019836712564914274,0.0844305899013839,274,-0.010148853729817702,-0.04561566494265231,247,0.0,0.0,0,0.0,0.0,0,0.0,0.0,0,0.0,0.0,0,0.0,0.0,0,0.0,0.0,0,0.0,0.0,0,0.0,0.0,0,0.0,0.0,0,0.0,0.0,0
950,1950,1,True,104,0.009938228906908889,0.06841439289414922,-98.99931585607106,0.009938228906908889,0.06841439289414922,104,-0.2000626661015529,-1.4671590807569328,104,0.0,0.0,0,0.0,0.0,0,0.0,0.0,0,0.0,0.0,0,0.0,0.0,0,0.0,0.0,0,0.0,0.0,0,0.0,0.0,0,0.0,0.0,0,0.0,0.0,0
747,1747,1,True,152,0.009909593373914494,0.0565557772144087,-98.99943444222785,0.009909593373914494,0.0565557772144087,152,-0.31010210049092,-1.7811741101358072,169,0.0,0.0,0,0.0,0.0,0,0.0,0.0,0,0.0,0.0,0,0.0,0.0,0,0.0,0.0,0,0.0,0.0,0,0.0,0.0,0,0.0,0.0,0,0.0,0.0,0
56,1056,1,True,266,0.009841014832927224,0.04254607798897368,-98.9995745392201,0.009841014832927224,0.04254607798897368,266,-0.6601355514888418,-3.4493194253661534,225,0.0,0.0,0,0.0,0.0,0,0.0,0.0,0,0.0,0.0,0,0.0,0.0,0,0.0,0.0,0,0.0,0.0,0,0.0,0.0,0,0.0,0.0,0,0.0,0.0,0
700,1700,1,True,275,0.009836472855105893,0.0418286301950711,-98.99958171369805,0.009836472855105893,0.0418286301950711,275,-0.04014883418749219,-0.18101827175309315,247,0.0,0.0,0,0.0,0.0,0,0.0,0.0,0,0.0,0.0,0,0.0,0.0,0,0.0,0.0,0,0.0,0.0,0,0.0,0.0,0,0.0,0.0,0,0.0,0.0,0
342,1342,1,True,275,0.009836152796135032,0.04182726892491464,-98.99958172731075,0.009836152796135032,0.04182726892491464,275,-0.1301488497638388,-0.5926464558085305,247,0.0,0.0,0,0.0,0.0,0,0.0,0.0,0,0.0,0.0,0,0.0,0.0,0,0.0,0.0,0,0.0,0.0,0,0.0,0.0,0,0.0,0.0,0,0.0,0.0,0
4,1004,0,True,0,-0.3201638789874151,-10.0,-100.1,-0.3201638789874151,-1.4092324851472953,275,0.0,0.0,0,0.0,0.0,0,0.0,0.0,0,0.0,0.0,0,0.0,0.0,0,0.0,0.0,0,0.0,0.0,0,0.0,0.0,0,0.0,0.0,0,0.0,0.0,0,0.0,0.0,0
5,1005,0,True,0,-0.8201635601934562,-10.0,-100.1,-0.8201635601934562,-3.8963731753859223,274,0.0,0.0,0,0.0,0.0,0,0.0,0.0,0,0.0,0.0,0,0.0,0.0,0,0.0,0.0,0,0.0,0.0,0,0.0,0.0,0,0.0,0.0,0,0.0,0.0,0,0.0,0.0,0
6,1006,0,True,0,-0.410163846447296,-10.0,-100.1,-0.410163846447296,-1.8257052521176202,275,0.0,0.0,0,0.0,0.0,0,0.0,0.0,0,0.0,0.0,0,0.0,0.0,0,0.0,0.0,0,0.0,0.0,0,0.0,0.0,0,0.0,0.0,0,0.0,0.0,0,0.0,0.0,0
12,1012,0,True,0,-0.4401638882008447,-10.0,-100.1,-0.4401638882008447,-1.966935525783558,275,0.0,0.0,0,0.0,0.0,0,0.0,0.0,0,0.0,0.0,0,0.0,0.0,0,0.0,0.0,0,0.0,0.0,0,0.0,0.0,0,0.0,0.0,0,0.0,0.0,0,0.0,0.0,0
13,1013,0,True,0,-0.1301632586496434,-10.0,-100.1,-0.1301632586496434,-0.5620406335273403,274,0.0,0.0,0,0.0,0.0,0,0.0,0.0,0,0.0,0.0,0,0.0,0.0,0,0.0,0.0,0,0.0,0.0,0,0.0,0.0,0,0.0,0.0,0,0.0,0.0,0,0.0,0.0,0
16,1016,0,True,0,-1.0701644344140777,-10.0,-100.1,-1.0701644344140777,-5.331974562518451,275,0.0,0.0,0,0.0,0.0,0,0.0,0.0,0,0.0,0.0,0,0.0,0.0,0,0.0,0.0,0,0.0,0.0,0,0.0,0.0,0,0.0,0.0,0,0.0,0.0,0,0.0,0.0,0
17,1017,0,True,0,-0.26016386805389036,-10.0,-100.1,-0.26016386805389036,-1.1371323436734668,275,0.0,0.0,0,0.0,0.0,0,0.0,0.0,0,0.0,0.0,0,0.0,0.0,0,0.0,0.0,0,0.0,0.0,0,0.0,0.0,0,0.0,0.0,0,0.0,0.0,0,0.0,0.0,0
19,1019,0,True,0,-0.2001638705077297,-10.0,-100.1,-0.2001638705077297,-0.8690667221770297,275,0.0,0.0,0,0.0,0.0,0,0.0,0.0,0,0.0,0.0,0,0.0,0.0,0,0.0,0.0,0,0.0,0.0,0,0.0,0.0,0,0.0,0.0,0,0.0,0.0,0,0.0,0.0,0
21,1021,0,True,0,-0.5901641213956585,-10.0,-100.1,-0.5901641213956585,-2.693470283850272,275,0.0,0.0,0,0.0,0.0,0,0.0,0.0,0,0.0,0.0,0,0.0,0.0,0,0.0,0.0,0,0.0,0.0,0,0.0,0.0,0,0.0,0.0,0,0.0,0.0,0,0.0,0.0,0
22,1022,0,True,0,-0.20016385414178645,-10.0,-100.1,-0.20016385414178645,-0.8690666181812936,275,0.0,0.0,0,0.0,0.0,0,0.0,0.0,0,0.0,0.0,0,0.0,0.0,0,0.0,0.0,0,0.0,0.0,0,0.0,0.0,0,0.0,0.0,0,0.0,0.0,0,0.0,0.0,0
23,1023,0,True,0,-0.4801627042597589,-10.0,-100.1,-0.4801627042597589,-2.166147473968432,273,0.0,0.0,0,0.0,0.0,0,0.0,0.0,0,0.0,0.0,0,0.0,0.0,0,0.0,0.0,0,0.0,0.0,0,0.0,0.0,0,0.0,0.0,0,0.0,0.0,0,0.0,0.0,0
29,1029,0,True,0,-0.3501638813823031,-10.0,-100.1,-0.3501638813823031,-1.5469017739313842,275,0.0,0.0,0,0.0,0.0,0,0.0,0.0,0,0.0,0.0,0,0.0,0.0,0,0.0,0.0,0,0.0,0.0,0,0.0,0.0,0,0.0,0.0,0,0.0,0.0,0,0.0,0.0,0
30,1030,0,True,0,-0.200163862916017,-10.0,-100.1,-0.200163862916017,-0.869066693785837,275,0.0,0.0,0,0.0,0.0,0,0.0,0.0,0,0.0,0.0,0,0.0,0.0,0,0.0,0.0,0,0.0,0.0,0,0.0,0.0,0,0.0,0.0,0,0.0,0.0,0,0.0,0.0,0
32,1032,0,True,0,-0.26016386683595893,-10.0,-100.1,-0.26016386683595893,-1.1371323536070261,275,0.0,0.0,0,0.0,0.0,0,0.0,0.0,0,0.0,0.0,0,0.0,0.0,0,0.0,0.0,0,0.0,0.0,0,0.0,0.0,0,0.0,0.0,0,0.0,0.0,0,0.0,0.0,0
37,1037,0,True,0,-1.3001600697891182,-10.0,-100.1,-1.3001600697891182,-7.007697928503219,268,0.0,0.0,0,0.0,0.0,0,0.0,0.0,0,0.0,0.0,0,0.0,0.0,0,0.0,0.0,0,0.0,0.0,0,0.0,0.0,0,0.0,0.0,0,0.0,0.0,0,0.0,0.0,0
38,1038,0,True,0,-0.5001635672035566,-10.0,-100.1,-0.5001635672035566,-2.25330582036958,275,0.0,0.0,0,0.0,0.0,0,0.0,0.0,0,0.0,0.0,0,0.0,0.0,0,0.0,0.0,0,0.0,0.0,0,0.0,0.0,0,0.0,0.0,0,0.0,0.0,0,0.0,0.0,0
43,1043,0,True,0,-0.23016386690054666,-10.0,-100.1,-0.23016386690054666,-1.0026157030744507,275,0.0,0.0,0,0.0,0.0,0,0.0,0.0,0,0.0,0.0,0,0.0,0.0,0,0.0,0.0,0,0.0,0.0,0,0.0,0.0,0,0.0,0.0,0,0.0,0.0,0,0.0,0.0,0
45,1045,0,True,0,-0.2601638718952154,-10.0,-100.1,-0.2601638718952154,-1.1371323621510747,275,0.0,0.0,0,0.0,0.0,0,0.0,0.0,0,0.0,0.0,0,0.0,0.0,0,0.0,0.0,0,0.0,0.0,0,0.0,0.0,0,0.0,0.0,0,0.0,0.0,0,0.0,0.0,0
47,1047,0,True,0,-0.19016325177330076,-10.0,-100.1,-0.19016325177330076,-0.8263155862665873,274,0.0,0.0,0,0.0,0.0,0,0.0,0.0,0,0.0,0.0,0,0.0,0.0,0,0.0,0.0,0,0.0,0.0,0,0.0,0.0,0,0.0,0.0,0,0.0,0.0,0,0.0,0.0,0
48,1048,0,True,0,-0.3401636162778792,-10.0,-100.1,-0.3401636162778792,-1.5038401985287664,274,0.0,0.0,0,0.0,0.0,0,0.0,0.0,0,0.0,0.0,0,0.0,0.0,0,0.0,0.0,0,0.0,0.0,0,0.0,0.0,0,0.0,0.0,0,0.0,0.0,0,0.0,0.0,0
51,1051,0,True,0,-0.6201641520582626,-10.0,-100.1,-0.6201641520582626,-2.8432565801770866,275,0.0,0.0,0,0.0,0.0,0,0.0,0.0,0,0.0,0.0,0,0.0,0.0,0,0.0,0.0,0,0.0,0.0,0,0.0,0.0,0,0.0,0.0,0,0.0,0.0,0,0.0,0.0,0
53,1053,0,True,0,-0.8601644816430536,-10.0,-100.1,-0.8601644816430536,-4.106737506032838,275,0.0,0.0,0,0.0,0.0,0,0.0,0.0,0,0.0,0.0,0,0.0,0.0,0,0.0,0.0,0,0.0,0.0,0,0.0,0.0,0,0.0,0.0,0,0.0,0.0,0,0.0,0.0,0
54,1054,0,True,0,-0.11016412977823918,-10.0,-100.1,-0.11016412977823918,-0.4738400607211417,275,0.0,0.0,0,0.0,0.0,0,0.0,0.0,0,0.0,0.0,0,0.0,0.0,0,0.0,0.0,0,0.0,0.0,0,0.0,0.0,0,0.0,0.0,0,0.0,0.0,0,0.0,0.0,0
55,1055,0,True,0,-0.3201638630167119,-10.0,-100.1,-0.3201638630167119,-1.4092324562972316,275,0.0,0.0,0,0.0,0.0,0,0.0,0.0,0,0.0,0.0,0,0.0,0.0,0,0.0,0.0,0,0.0,0.0,0,0.0,0.0,0,0.0,0.0,0,0.0,0.0,0,0.0,0.0,0
59,1059,0,True,0,-0.11016380753901653,-10.0,-100.1,-0.11016380753901653,-0.4738386491573397,275,0.0,0.0,0,0.0,0.0,0,0.0,0.0,0,0.0,0.0,0,0.0,0.0,0,0.0,0.0,0,0.0,0.0,0,0.0,0.0,0,0.0,0.0,0,0.0,0.0,0,0.0,0.0,0
60,1060,0,True,0,-0.04013151938757237,-10.0,-100.1,-0.04013151938757237,-0.19177363880782097,220,0.0,0.0,0,0.0,0.0,0,0.0,0.0,0,0.0,0.0,0,0.0,0.0,0,0.0,0.0,0,0.0,0.0,0,0.0,0.0,0,0.0,0.0,0,0.0,0.0,0,0.0,0.0,0
64,1064,0,True,0,-0.9701614888316402,-10.0,-100.1,-0.9701614888316402,-4.780798676693421,271,0.0,0.0,0,0.0,0.0,0,0.0,0.0,0,0.0,0.0,0,0.0,0.0,0,0.0,0.0,0,0.0,0.0,0,0.0,0.0,0,0.0,0.0,0,0.0,0.0,0,0.0,0.0,0
68,1068,0,True,0,-0.3201638755961804,-10.0,-100.1,-0.3201638755961804,-1.4092325155509384,275,0.0,0.0,0,0.0,0.0,0,0.0,0.0,0,0.0,0.0,0,0.0,0.0,0,0.0,0.0,0,0.0,0.0,0,0.0,0.0,0,0.0,0.0,0,0.0,0.0,0,0.0,0.0,0
70,1070,0,True,0,-0.7701638446714285,-10.0,-100.1,-0.7701638446714285,-3.618192751860379,275,0.0,0.0,0,0.0,0.0,0,0.0,0.0,0,0.0,0.0,0,0.0,0.0,0,0.0,0.0,0,0.0,0.0,0,0.0,0.0,0,0.0,0.0,0,0.0,0.0,0,0.0,0.0,0
72,1072,0,True,0,-0.43016327242423646,-10.0,-100.1,-0.43016327242423646,-1.9235991700857462,274,0.0,0.0,0,0.0,0.0,0,0.0,0.0,0,0.0,0.0,0,0.0,0.0,0,0.0,0.0,0,0.0,0.0,0,0.0,0.0,0,0.0,0.0,0,0.0,0.0,0,0.0,0.0,0
73,1073,0,True,0,-0.3601644152060543,-10.0,-100.1,-0.3601644152060543,-1.5899099922991435,276,0.0,0.0,0,0.0,0.0,0,0.0,0.0,0,0.0,0.0,0,0.0,0.0,0,0.0,0.0,0,0.0,0.0,0,0.0,0.0,0,0.0,0.0,0,0.0,0.0,0,0.0,0.0,0
76,1076,0,True,0,-0.10016352788110315,-10.0,-100.1,-0.10016352788110315,-0.43119281541662513,274,0.0,0.0,0,0.0,0.0,0,0.0,0.0,0,0.0,0.0,0,0.0,0.0,0,0.0,0.0,0,0.0,0.0,0,0.0,0.0,0,0.0,0.0,0,0.0,0.0,0,0.0,0.0,0
77,1077,0,True,0,-0.44016385562207155,-10.0,-100.1,-0.44016385562207155,-1.9669354401363959,275,0.0,0.0,0,0.0,0.0,0,0.0,0.0,0,0.0,0.0,0,0.0,0.0,0,0.0,0.0,0,0.0,0.0,0,0.0,0.0,0,0.0,0.0,0,0.0,0.0,0,0.0,0.0,0
78,1078,0,True,0,-0.0801638496190537,-10.0,-100.1,-0.0801638496190537,-0.34378014620875097,275,0.0,0.0,0,0.0,0.0,0,0.0,0.0,0,0.0,0.0,0,0.0,0.0,0,0.0,0.0,0,0.0,0.0,0,0.0,0.0,0,0.0,0.0,0,0.0,0.0,0,0.0,0.0,0
79,1079,0,True,0,-0.26016386691678933,-10.0,-100.1,-0.26016386691678933,-1.1371323554156334,275,0.0,0.0,0,0.0,0.0,0,0.0,0.0,0,0.0,0.0,0,0.0,0.0,0,0.0,0.0,0,0.0,0.0,0,0.0,0.0,0,0.0,0.0,0,0.0,0.0,0,0.0,0.0,0
80,1080,0,True,0,-0.23016386684693066,-10.0,-100.1,-0.23016386684693066,-1.002615727216638,275,0.0,0.0,0,0.0,0.0,0,0.0,0.0,0,0.0,0.0,0,0.0,0.0,0,0.0,0.0,0,0.0,0.0,0,0.0,0.0,0,0.0,0.0,0,0.0,0.0,0,0.0,0.0,0
82,1082,0,True,0,-0.020164411394112708,-10.0,-100.1,-0.020164411394112708,-0.08598240847922513,275,0.0,0.0,0,0.0,0.0,0,0.0,0.0,0,0.0,0.0,0,0.0,0.0,0,0.0,0.0,0,0.0,0.0,0,0.0,0.0,0,0.0,0.0,0,0.0,0.0,0,0.0,0.0,0
83,1083,0,True,0,-0.26016386768973554,-10.0,-100.1,-0.26016386768973554,-1.1371323457936975,275,0.0,0.0,0,0.0,0.0,0,0.0,0.0,0,0.0,0.0,0,0.0,0.0,0,0.0,0.0,0,0.0,0.0,0,0.0,0.0,0,0.0,0.0,0,0.0,0.0,0,0.0,0.0,0
84,1084,0,True,0,-0.7201606074462682,-10.0,-100.1,-0.7201606074462682,-3.39310175451165,270,0.0,0.0,0,0.0,0.0,0,0.0,0.0,0,0.0,0.0,0,0.0,0.0,0,0.0,0.0,0,0.0,0.0,0,0.0,0.0,0,0.0,0.0,0,0.0,0.0,0,0.0,0.0,0
89,1089,0,True,0,-0.25016324615445357,-10.0,-100.1,-0.25016324615445357,-1.094277630333066,274,0.0,0.0,0,0.0,0.0,0,0.0,0.0,0,0.0,0.0,0,0.0,0.0,0,0.0,0.0,0,0.0,0.0,0,0.0,0.0,0,0.0,0.0,0,0.0,0.0,0,0.0,0.0,0
90,1090,0,True,0,-0.19016357042746684,-10.0,-100.1,-0.19016357042746684,-0.8263169903259425,274,0.0,0.0,0,0.0,0.0,0,0.0,0.0,0,0.0,0.0,0,0.0,0.0,0,0.0,0.0,0,0.0,0.0,0,0.0,0.0,0,0.0,0.0,0,0.0,0.0,0,0.0,0.0,0
92,1092,0,True,0,-0.44016358418128254,-10.0,-100.1,-0.44016358418128254,-1.9669343008523323,275,0.0,0.0,0,0.0,0.0,0,0.0,0.0,0,0.0,0.0,0,0.0,0.0,0,0.0,0.0,0,0.0,0.0,0,0.0,0.0,0,0.0,0.0,0,0.0,0.0,0,0.0,0.0,0
93,1093,0,True,0,-0.5301638510899509,-10.0,-100.1,-0.5301638510899509,-2.398556308253004,275,0.0,0.0,0,0.0,0.0,0,0.0,0.0,0,0.0,0.0,0,0.0,0.0,0,0.0,0.0,0,0.0,0.0,0,0.0,0.0,0,0.0,0.0,0,0.0,0.0,0,0.0,0.0,0
94,1094,0,True,0,-0.16016296444394057,-10.0,-100.1,-0.16016296444394057,-0.6937351831820678,274,0.0,0.0,0,0.0,0.0,0,0.0,0.0,0,0.0,0.0,0,0.0,0.0,0,0.0,0.0,0,0.0,0.0,0,0.0,0.0,0,0.0,0.0,0,0.0,0.0,0,0.0,0.0,0
95,1095,0,True,0,-0.3201635833786485,-10.0,-100.1,-0.3201635833786485,-1.4092312684766903,275,0.0,0.0,0,0.0,0.0,0,0.0,0.0,0,0.0,0.0,0,0.0,0.0,0,0.0,0.0,0,0.0,0.0,0,0.0,0.0,0,0.0,0.0,0,0.0,0.0,0,0.0,0.0,0
97,1097,0,True,0,-0.23016387427176185,-10.0,-100.1,-0.23016387427176185,-1.0026157737329104,275,0.0,0.0,0,0.0,0.0,0,0.0,0.0,0,0.0,0.0,0,0.0,0.0,0,0.0,0.0,0,0.0,0.0,0,0.0,0.0,0,0.0,0.0,0,0.0,0.0,0,0.0,0.0,0
98,1098,0,True,0,-0.08016382538539227,-10.0,-100.1,-0.08016382538539227,-0.34378005557295666,275,0.0,0.0,0,0.0,0.0,0,0.0,0.0,0,0.0,0.0,0,0.0,0.0,0,0.0,0.0,0,0.0,0.0,0,0.0,0.0,0,0.0,0.0,0,0.0,0.0,0,0.0,0.0,0
99,1099,0,True,0,-0.2901638648377257,-10.0,-100.1,-0.2901638648377257,-1.2726572048122433,275,0.0,0.0,0,0.0,0.0,0,0.0,0.0,0,0.0,0.0,0,0.0,0.0,0,0.0,0.0,0,0.0,0.0,0,0.0,0.0,0,0.0,0.0,0,0.0,0.0,0,0.0,0.0,0
101,1101,0,True,0,-0.2601638665935273,-10.0,-100.1,-0.2601638665935273,-1.1371323540665275,275,0.0,0.0,0,0.0,0.0,0,0.0,0.0,0,0.0,0.0,0,0.0,0.0,0,0.0,0.0,0,0.0,0.0,0,0.0,0.0,0,0.0,0.0,0,0.0,0.0,0,0.0,0.0,0
105,1105,0,True,0,-0.5001640792337873,-10.0,-100.1,-0.5001640792337873,-2.2533078240005087,275,0.0,0.0,0,0.0,0.0,0,0.0,0.0,0,0.0,0.0,0,0.0,0.0,0,0.0,0.0,0,0.0,0.0,0,0.0,0.0,0,0.0,0.0,0,0.0,0.0,0,0.0,0.0,0
107,1107,0,True,0,-0.3201638669046477,-10.0,-100.1,-0.3201638669046477,-1.4092324245424792,275,0.0,0.0,0,0.0,0.0,0,0.0,0.0,0,0.0,0.0,0,0.0,0.0,0,0.0,0.0,0,0.0,0.0,0,0.0,0.0,0,0.0,0.0,0,0.0,0.0,0,0.0,0.0,0
108,1108,0,True,0,-0.4001632878191741,-10.0,-100.1,-0.4001632878191741,-1.782467494495616,274,0.0,0.0,0,0.0,0.0,0,0.0,0.0,0,0.0,0.0,0,0.0,0.0,0,0.0,0.0,0,0.0,0.0,0,0.0,0.0,0,0.0,0.0,0,0.0,0.0,0,0.0,0.0,0
109,1109,0,True,0,-0.3701614665845021,-10.0,-100.1,-0.3701614665845021,-1.6524393513984894,271,0.0,0.0,0,0.0,0.0,0,0.0,0.0,0,0.0,0.0,0,0.0,0.0,0,0.0,0.0,0,0.0,0.0,0,0.0,0.0,0,0.0,0.0,0,0.0,0.0,0,0.0,0.0,0
112,1112,0,True,0,-1.1401107215659112,-10.0,-100.1,-1.1401107215659112,-8.289877600929238,186,0.0,0.0,0,0.0,0.0,0,0.0,0.0,0,0.0,0.0,0,0.0,0.0,0,0.0,0.0,0,0.0,0.0,0,0.0,0.0,0,0.0,0.0,0,0.0,0.0,0,0.0,0.0,0
113,1113,0,True,0,-0.26016385232212097,-10.0,-100.1,-0.26016385232212097,-1.1371322508521189,275,0.0,0.0,0,0.0,0.0,0,0.0,0.0,0,0.0,0.0,0,0.0,0.0,0,0.0,0.0,0,0.0,0.0,0,0.0,0.0,0,0.0,0.0,0,0.0,0.0,0,0.0,0.0,0
114,1114,0,True,0,-0.010163278003809157,-10.0,-100.1,-0.010163278003809157,-0.04337577956511042,274,0.0,0.0,0,0.0,0.0,0,0.0,0.0,0,0.0,0.0,0,0.0,0.0,0,0.0,0.0,0,0.0,0.0,0,0.0,0.0,0,0.0,0.0,0,0.0,0.0,0,0.0,0.0,0
115,1115,0,True,0,-0.23016386683595877,-10.0,-100.1,-0.23016386683595877,-1.0026157271428207,275,0.0,0.0,0,0.0,0.0,0,0.0,0.0,0,0.0,0.0,0,0.0,0.0,0,0.0,0.0,0,0.0,0.0,0,0.0,0.0,0,0.0,0.0,0,0.0,0.0,0,0.0,0.0,0
116,1116,0,True,0,-0.5501632468677237,-10.0,-100.1,-0.5501632468677237,-2.5014499446342806,274,0.0,0.0,0,0.0,0.0,0,0.0,0.0,0,0.0,0.0,0,0.0,0.0,0,0.0,0.0,0,0.0,0.0,0,0.0,0.0,0,0.0,0.0,0,0.0,0.0,0,0.0,0.0,0
117,1117,0,True,0,-1.1701614673451897,-10.0,-100.1,-1.1701614673451897,-6.053312766043851,270,0.0,0.0,0,0.0,0.0,0,0.0,0.0,0,0.0,0.0,0,0.0,0.0,0,0.0,0.0,0,0.0,0.0,0,0.0,0.0,0,0.0,0.0,0,0.0,0.0,0,0.0,0.0,0
118,1118,0,True,0,-0.8601638745160894,-10.0,-100.1,-0.8601638745160894,-4.106735127821688,275,0.0,0.0,0,0.0,0.0,0,0.0,0.0,0,0.0,0.0,0,0.0,0.0,0,0.0,0.0,0,0.0,0.0,0,0.0,0.0,0,0.0,0.0,0,0.0,0.0,0,0.0,0.0,0
119,1119,0,True,0,-0.07016325039566017,-10.0,-100.1,-0.07016325039566017,-0.3011539478660278,274,0.0,0.0,0,0.0,0.0,0,0.0,0.0,0,0.0,0.0,0,0.0,0.0,0,0.0,0.0,0,0.0,0.0,0,0.0,0.0,0,0.0,0.0,0,0.0,0.0,0,0.0,0.0,0
122,1122,0,True,0,-0.1401638595273576,-10.0,-100.1,-0.1401638595273576,-0.604715626567397,275,0.0,0.0,0,0.0,0.0,0,0.0,0.0,0,0.0,0.0,0,0.0,0.0,0,0.0,0.0,0,0.0,0.0,0,0.0,0.0,0,0.0,0.0,0,0.0,0.0,0,0.0,0.0,0
126,1126,0,True,0,-0.20016409335763344,-10.0,-100.1,-0.20016409335763344,-0.8690676594776594,275,0.0,0.0,0,0.0,0.0,0,0.0,0.0,0,0.0,0.0,0,0.0,0.0,0,0.0,0.0,0,0.0,0.0,0,0.0,0.0,0,0.0,0.0,0,0.0,0.0,0,0.0,0.0,0
127,1127,0,True,0,-0.23016386683595877,-10.0,-100.1,-0.23016386683595877,-1.0026157271428207,275,0.0,0.0,0,0.0,0.0,0,0.0,0.0,0,0.0,0.0,0,0.0,0.0,0,0.0,0.0,0,0.0,0.0,0,0.0,0.0,0,0.0,0.0,0,0.0,0.0,0,0.0,0.0,0
128,1128,0,True,0,-0.4801554289650936,-10.0,-100.1,-0.4801554289650936,-2.221983946622493,261,0.0,0.0,0,0.0,0.0,0,0.0,0.0,0,0.0,0.0,0,0.0,0.0,0,0.0,0.0,0,0.0,0.0,0,0.0,0.0,0,0.0,0.0,0,0.0,0.0,0,0.0,0.0,0
130,1130,0,True,0,-0.9401632754991669,-10.0,-100.1,-0.9401632754991669,-4.569624025312384,274,0.0,0.0,0,0.0,0.0,0,0.0,0.0,0,0.0,0.0,0,0.0,0.0,0,0.0,0.0,0,0.0,0.0,0,0.0,0.0,0,0.0,0.0,0,0.0,0.0,0,0.0,0.0,0
132,1132,0,True,0,-0.11016358083172095,-10.0,-100.1,-0.11016358083172095,-0.47383770844658774,275,0.0,0.0,0,0.0,0.0,0,0.0,0.0,0,0.0,0.0,0,0.0,0.0,0,0.0,0.0,0,0.0,0.0,0,0.0,0.0,0,0.0,0.0,0,0.0,0.0,0,0.0,0.0,0
133,1133,0,True,0,-0.9901591110412976,-10.0,-100.1,-0.9901591110412976,-4.952094699625258,267,0.0,0.0,0,0.0,0.0,0,0.0,0.0,0,0.0,0.0,0,0.0,0.0,0,0.0,0.0,0,0.0,0.0,0,0.0,0.0,0,0.0,0.0,0,0.0,0.0,0,0.0,0.0,0
137,1137,0,True,0,-0.06016291636080088,-10.0,-100.1,-0.06016291636080088,-0.2584567076497037,273,0.0,0.0,0,0.0,0.0,0,0.0,0.0,0,0.0,0.0,0,0.0,0.0,0,0.0,0.0,0,0.0,0.0,0,0.0,0.0,0,0.0,0.0,0,0.0,0.0,0,0.0,0.0,0
142,1142,0,True,0,-0.14016415158507506,-10.0,-100.1,-0.14016415158507506,-0.6047168220940461,275,0.0,0.0,0,0.0,0.0,0,0.0,0.0,0,0.0,0.0,0,0.0,0.0,0,0.0,0.0,0,0.0,0.0,0,0.0,0.0,0,0.0,0.0,0,0.0,0.0,0,0.0,0.0,0
143,1143,0,True,0,-0.23016386683595877,-10.0,-100.1,-0.23016386683595877,-1.0026157271428207,275,0.0,0.0,0,0.0,0.0,0,0.0,0.0,0,0.0,0.0,0,0.0,0.0,0,0.0,0.0,0,0.0,0.0,0,0.0,0.0,0,0.0,0.0,0,0.0,0.0,0,0.0,0.0,0
145,1145,0,True,0,-0.20016386755506138,-10.0,-100.1,-0.20016386755506138,-0.8690667048872893,275,0.0,0.0,0,0.0,0.0,0,0.0,0.0,0,0.0,0.0,0,0.0,0.0,0,0.0,0.0,0,0.0,0.0,0,0.0,0.0,0,0.0,0.0,0,0.0,0.0,0,0.0,0.0,0
147,1147,0,True,0,-0.07011185463283182,-10.0,-100.1,-0.07011185463283182,-0.3651310941502381,187,0.0,0.0,0,0.0,0.0,0,0.0,0.0,0,0.0,0.0,0,0.0,0.0,0,0.0,0.0,0,0.0,0.0,0,0.0,0.0,0,0.0,0.0,0,0.0,0.0,0,0.0,0.0,0
149,1149,0,True,0,-0.44014445800838453,-10.0,-100.1,-0.44014445800838453,-2.113264499692982,242,0.0,0.0,0,0.0,0.0,0,0.0,0.0,0,0.0,0.0,0,0.0,0.0,0,0.0,0.0,0,0.0,0.0,0,0.0,0.0,0,0.0,0.0,0,0.0,0.0,0,0.0,0.0,0
150,1150,0,True,0,-0.28016322517397396,-10.0,-100.1,-0.28016322517397396,-1.2297400898775965,274,0.0,0.0,0,0.0,0.0,0,0.0,0.0,0,0.0,0.0,0,0.0,0.0,0,0.0,0.0,0,0.0,0.0,0,0.0,0.0,0,0.0,0.0,0,0.0,0.0,0,0.0,0.0,0
151,1151,0,True,0,-0.3401632550237367,-10.0,-100.1,-0.3401632550237367,-1.5038387640230508,274,0.0,0.0,0,0.0,0.0,0,0.0,0.0,0,0.0,0.0,0,0.0,0.0,0,0.0,0.0,0,0.0,0.0,0,0.0,0.0,0,0.0,0.0,0,0.0,0.0,0,0.0,0.0,0
153,1153,0,True,0,-0.2601638707476406,-10.0,-100.1,-0.2601638707476406,-1.1371323757331313,275,0.0,0.0,0,0.0,0.0,0,0.0,0.0,0,0.0,0.0,0,0.0,0.0,0,0.0,0.0,0,0.0,0.0,0,0.0,0.0,0,0.0,0.0,0,0.0,0.0,0,0.0,0.0,0
158,1158,0,True,0,-0.34016330134635886,-10.0,-100.1,-0.34016330134635886,-1.5038392007212442,274,0.0,0.0,0,0.0,0.0,0,0.0,0.0,0,0.0,0.0,0,0.0,0.0,0,0.0,0.0,0,0.0,0.0,0,0.0,0.0,0,0.0,0.0,0,0.0,0.0,0,0.0,0.0,0
160,1160,0,True,0,-0.7701137537895485,-10.0,-100.1,-0.7701137537895485,-4.640582939933738,191,0.0,0.0,0,0.0,0.0,0,0.0,0.0,0,0.0,0.0,0,0.0,0.0,0,0.0,0.0,0,0.0,0.0,0,0.0,0.0,0,0.0,0.0,0,0.0,0.0,0,0.0,0.0,0
162,1162,0,True,0,-0.44016033661832205,-10.0,-100.1,-0.44016033661832205,-1.991247374314541,269,0.0,0.0,0,0.0,0.0,0,0.0,0.0,0,0.0,0.0,0,0.0,0.0,0,0.0,0.0,0,0.0,0.0,0,0.0,0.0,0,0.0,0.0,0,0.0,0.0,0,0.0,0.0,0
163,1163,0,True,0,-0.9001609199605787,-10.0,-100.1,-0.9001609199605787,-4.384190083454383,270,0.0,0.0,0,0.0,0.0,0,0.0,0.0,0,0.0,0.0,0,0.0,0.0,0,0.0,0.0,0,0.0,0.0,0,0.0,0.0,0,0.0,0.0,0,0.0,0.0,0,0.0,0.0,0
165,1165,0,True,0,-0.010163000601622335,-10.0,-100.1,-0.010163000601622335,-0.043374600325849534,274,0.0,0.0,0,0.0,0.0,0,0.0,0.0,0,0.0,0.0,0,0.0,0.0,0,0.0,0.0,0,0.0,0.0,0,0.0,0.0,0,0.0,0.0,0,0.0,0.0,0,0.0,0.0,0
173,1173,0,True,0,-1.0901636051996522,-10.0,-100.1,-1.0901636051996522,-5.470763360100303,274,0.0,0.0,0,0.0,0.0,0,0.0,0.0,0,0.0,0.0,0,0.0,0.0,0,0.0,0.0,0,0.0,0.0,0,0.0,0.0,0,0.0,0.0,0,0.0,0.0,0,0.0,0.0,0
175,1175,0,True,0,-0.10016327632759559,-10.0,-100.1,-0.10016327632759559,-0.43119175582544356,274,0.0,0.0,0,0.0,0.0,0,0.0,0.0,0,0.0,0.0,0,0.0,0.0,0,0.0,0.0,0,0.0,0.0,0,0.0,0.0,0,0.0,0.0,0,0.0,0.0,0,0.0,0.0,0
176,1176,0,True,0,-0.35016388513962715,-10.0,-100.1,-0.35016388513962715,-1.5469018165488464,275,0.0,0.0,0,0.0,0.0,0,0.0,0.0,0,0.0,0.0,0,0.0,0.0,0,0.0,0.0,0,0.0,0.0,0,0.0,0.0,0,0.0,0.0,0,0.0,0.0,0,0.0,0.0,0
178,1178,0,True,0,-0.3501641166112565,-10.0,-100.1,-0.3501641166112565,-1.5469027366850359,275,0.0,0.0,0,0.0,0.0,0,0.0,0.0,0,0.0,0.0,0,0.0,0.0,0,0.0,0.0,0,0.0,0.0,0,0.0,0.0,0,0.0,0.0,0,0.0,0.0,0,0.0,0.0,0
179,1179,0,True,0,-0.23016386688081877,-10.0,-100.1,-0.23016386688081877,-1.0026157273560832,275,0.0,0.0,0,0.0,0.0,0,0.0,0.0,0,0.0,0.0,0,0.0,0.0,0,0.0,0.0,0,0.0,0.0,0,0.0,0.0,0,0.0,0.0,0,0.0,0.0,0,0.0,0.0,0
180,1180,0,True,0,-0.6901611761725189,-10.0,-100.1,-0.6901611761725189,-3.2353377308805213,270,0.0,0.0,0,0.0,0.0,0,0.0,0.0,0,0.0,0.0,0,0.0,0.0,0,0.0,0.0,0,0.0,0.0,0,0.0,0.0,0,0.0,0.0,0,0.0,0.0,0,0.0,0.0,0
181,1181,0,True,0,-0.8901639107226612,-10.0,-100.1,-0.8901639107226612,-4.274034264056061,275,0.0,0.0,0,0.0,0.0,0,0.0,0.0,0,0.0,0.0,0,0.0,0.0,0,0.0,0.0,0,0.0,0.0,0,0.0,0.0,0,0.0,0.0,0,0.0,0.0,0,0.0,0.0,0
182,1182,0,True,0,-0.3001626918632262,-10.0,-100.1,-0.3001626918632262,-1.3232029709707254,273,0.0,0.0,0,0.0,0.0,0,0.0,0.0,0,0.0,0.0,0,0.0,0.0,0,0.0,0.0,0,0.0,0.0,0,0.0,0.0,0,0.0,0.0,0,0.0,0.0,0,0.0,0.0,0
183,1183,0,True,0,-0.5001635346349599,-10.0,-100.1,-0.5001635346349599,-2.253305620320626,275,0.0,0.0,0,0.0,0.0,0,0.0,0.0,0,0.0,0.0,0,0.0,0.0,0,0.0,0.0,0,0.0,0.0,0,0.0,0.0,0,0.0,0.0,0,0.0,0.0,0,0.0,0.0,0
184,1184,0,True,0,-0.09014989810381831,-10.0,-100.1,-0.09014989810381831,-0.4045200146066411,252,0.0,0.0,0,0.0,0.0,0,0.0,0.0,0,0.0,0.0,0,0.0,0.0,0,0.0,0.0,0,0.0,0.0,0,0.0,0.0,0,0.0,0.0,0,0.0,0.0,0,0.0,0.0,0
186,1186,0,True,0,-0.19016327405185562,-10.0,-100.1,-0.19016327405185562,-0.826315730994229,274,0.0,0.0,0,0.0,0.0,0,0.0,0.0,0,0.0,0.0,0,0.0,0.0,0,0.0,0.0,0,0.0,0.0,0,0.0,0.0,0,0.0,0.0,0,0.0,0.0,0,0.0,0.0,0
188,1188,0,True,0,-0.6601646935708615,-10.0,-100.1,-0.6601646935708615,-3.0388861255165103,276,0.0,0.0,0,0.0,0.0,0,0.0,0.0,0,0.0,0.0,0,0.0,0.0,0,0.0,0.0,0,0.0,0.0,0,0.0,0.0,0,0.0,0.0,0,0.0,0.0,0,0.0,0.0,0
192,1192,0,True,0,-0.020163849027219204,-10.0,-100.1,-0.020163849027219204,-0.08598001501001377,275,0.0,0.0,0,0.0,0.0,0,0.0,0.0,0,0.0,0.0,0,0.0,0.0,0,0.0,0.0,0,0.0,0.0,0,0.0,0.0,0,0.0,0.0,0,0.0,0.0,0,0.0,0.0,0
193,1193,0,True,0,-0.05016409045117725,-10.0,-100.1,-0.05016409045117725,-0.21450603258714335,275,0.0,0.0,0,0.0,0.0,0,0.0,0.0,0,0.0,0.0,0,0.0,0.0,0,0.0,0.0,0,0.0,0.0,0,0.0,0.0,0,0.0,0.0,0,0.0,0.0,0,0.0,0.0,0
195,1195,0,True,0,-0.3201641538290035,-10.0,-100.1,-0.3201641538290035,-1.409233661100641,275,0.0,0.0,0,0.0,0.0,0,0.0,0.0,0,0.0,0.0,0,0.0,0.0,0,0.0,0.0,0,0.0,0.0,0,0.0,0.0,0,0.0,0.0,0,0.0,0.0,0,0.0,0.0,0
199,1199,0,True,0,-0.960163323762898,-10.0,-100.1,-0.960163323762898,-4.697588978599155,273,0.0,0.0,0,0.0,0.0,0,0.0,0.0,0,0.0,0.0,0,0.0,0.0,0,0.0,0.0,0,0.0,0.0,0,0.0,0.0,0,0.0,0.0,0,0.0,0.0,0,0.0,0.0,0
200,1200,0,True,0,-0.2901637895155845,-10.0,-100.1,-0.2901637895155845,-1.2726568891867196,275,0.0,0.0,0,0.0,0.0,0,0.0,0.0,0,0.0,0.0,0,0.0,0.0,0,0.0,0.0,0,0.0,0.0,0,0.0,0.0,0,0.0,0.0,0,0.0,0.0,0,0.0,0.0,0
203,1203,0,True,0,-1.2701614922012618,-10.0,-100.1,-1.2701614922012618,-6.7242853252416515,271,0.0,0.0,0,0.0,0.0,0,0.0,0.0,0,0.0,0.0,0,0.0,0.0,0,0.0,0.0,0,0.0,0.0,0,0.0,0.0,0,0.0,0.0,0,0.0,0.0,0,0.0,0.0,0
204,1204,0,True,0,-0.010162975909527685,-10.0,-100.1,-0.010162975909527685,-0.043374494371220707,274,0.0,0.0,0,0.0,0.0,0,0.0,0.0,0,0.0,0.0,0,0.0,0.0,0,0.0,0.0,0,0.0,0.0,0,0.0,0.0,0,0.0,0.0,0,0.0,0.0,0,0.0,0.0,0
206,1206,0,True,0,-1.2100988831691286,-10.0,-100.1,-1.2100988831691286,-10.886969015235497,166,0.0,0.0,0,0.0,0.0,0,0.0,0.0,0,0.0,0.0,0,0.0,0.0,0,0.0,0.0,0,0.0,0.0,0,0.0,0.0,0,0.0,0.0,0,0.0,0.0,0,0.0,0.0,0
209,1209,0,True,0,-0.5301635881303848,-10.0,-100.1,-0.5301635881303848,-2.398555127109777,275,0.0,0.0,0,0.0,0.0,0,0.0,0.0,0,0.0,0.0,0,0.0,0.0,0,0.0,0.0,0,0.0,0.0,0,0.0,0.0,0,0.0,0.0,0,0.0,0.0,0,0.0,0.0,0
211,1211,0,True,0,-0.17016385955413185,-10.0,-100.1,-0.17016385955413185,-0.7364459467084291,275,0.0,0.0,0,0.0,0.0,0,0.0,0.0,0,0.0,0.0,0,0.0,0.0,0,0.0,0.0,0,0.0,0.0,0,0.0,0.0,0,0.0,0.0,0,0.0,0.0,0,0.0,0.0,0
213,1213,0,True,0,-0.3301647137076093,-10.0,-100.1,-0.3301647137076093,-1.4521636171350956,276,0.0,0.0,0,0.0,0.0,0,0.0,0.0,0,0.0,0.0,0,0.0,0.0,0,0.0,0.0,0,0.0,0.0,0,0.0,0.0,0,0.0,0.0,0,0.0,0.0,0,0.0,0.0,0
215,1215,0,True,0,-0.16016381752790113,-10.0,-100.1,-0.16016381752790113,-0.6937387655554518,274,0.0,0.0,0,0.0,0.0,0,0.0,0.0,0,0.0,0.0,0,0.0,0.0,0,0.0,0.0,0,0.0,0.0,0,0.0,0.0,0,0.0,0.0,0,0.0,0.0,0,0.0,0.0,0
216,1216,0,True,0,-0.1801629853397389,-10.0,-100.1,-0.1801629853397389,-0.7835018529881856,273,0.0,0.0,0,0.0,0.0,0,0.0,0.0,0,0.0,0.0,0,0.0,0.0,0,0.0,0.0,0,0.0,0.0,0,0.0,0.0,0,0.0,0.0,0,0.0,0.0,0,0.0,0.0,0
217,1217,0,True,0,-0.5201384748835853,-10.0,-100.1,-0.5201384748835853,-2.5939613269996173,232,0.0,0.0,0,0.0,0.0,0,0.0,0.0,0,0.0,0.0,0,0.0,0.0,0,0.0,0.0,0,0.0,0.0,0,0.0,0.0,0,0.0,0.0,0,0.0,0.0,0,0.0,0.0,0
219,1219,0,True,0,-0.3401635665386588,-10.0,-100.1,-0.3401635665386588,-1.5038400333166786,274,0.0,0.0,0,0.0,0.0,0,0.0,0.0,0,0.0,0.0,0,0.0,0.0,0,0.0,0.0,0,0.0,0.0,0,0.0,0.0,0,0.0,0.0,0,0.0,0.0,0,0.0,0.0,0
221,1221,0,True,0,-0.2301638666673926,-10.0,-100.1,-0.2301638666673926,-1.0026157262968358,275,0.0,0.0,0,0.0,0.0,0,0.0,0.0,0,0.0,0.0,0,0.0,0.0,0,0.0,0.0,0,0.0,0.0,0,0.0,0.0,0,0.0,0.0,0,0.0,0.0,0,0.0,0.0,0
224,1224,0,True,0,-0.11016386314796375,-10.0,-100.1,-0.11016386314796375,-0.47383890521716726,275,0.0,0.0,0,0.0,0.0,0,0.0,0.0,0,0.0,0.0,0,0.0,0.0,0,0.0,0.0,0,0.0,0.0,0,0.0,0.0,0,0.0,0.0,0,0.0,0.0,0,0.0,0.0,0
226,1226,0,True,0,-0.6501605381983808,-10.0,-100.1,-0.6501605381983808,-3.034687027347431,269,0.0,0.0,0,0.0,0.0,0,0.0,0.0,0,0.0,0.0,0,0.0,0.0,0,0.0,0.0,0,0.0,0.0,0,0.0,0.0,0,0.0,0.0,0,0.0,0.0,0,0.0,0.0,0
229,1229,0,True,0,-0.5601638650100682,-10.0,-100.1,-0.5601638650100682,-2.54525712711879,275,0.0,0.0,0,0.0,0.0,0,0.0,0.0,0,0.0,0.0,0,0.0,0.0,0,0.0,0.0,0,0.0,0.0,0,0.0,0.0,0,0.0,0.0,0,0.0,0.0,0,0.0,0.0,0
230,1230,0,True,0,-0.2301638620316544,-10.0,-100.1,-0.2301638620316544,-1.0026157360749233,275,0.0,0.0,0,0.0,0.0,0,0.0,0.0,0,0.0,0.0,0,0.0,0.0,0,0.0,0.0,0,0.0,0.0,0,0.0,0.0,0,0.0,0.0,0,0.0,0.0,0,0.0,0.0,0
233,1233,0,True,0,-0.09014451840539069,-10.0,-100.1,-0.09014451840539069,-0.41203696239896626,243,0.0,0.0,0,0.0,0.0,0,0.0,0.0,0,0.0,0.0,0,0.0,0.0,0,0.0,0.0,0,0.0,0.0,0,0.0,0.0,0,0.0,0.0,0,0.0,0.0,0,0.0,0.0,0
235,1235,0,True,0,-0.2601638668359588,-10.0,-100.1,-0.2601638668359588,-1.1371323383171406,275,0.0,0.0,0,0.0,0.0,0,0.0,0.0,0,0.0,0.0,0,0.0,0.0,0,0.0,0.0,0,0.0,0.0,0,0.0,0.0,0,0.0,0.0,0,0.0,0.0,0,0.0,0.0,0
237,1237,0,True,0,-0.11016387683990314,-10.0,-100.1,-0.11016387683990314,-0.4738389710292167,275,0.0,0.0,0,0.0,0.0,0,0.0,0.0,0,0.0,0.0,0,0.0,0.0,0,0.0,0.0,0,0.0,0.0,0,0.0,0.0,0,0.0,0.0,0,0.0,0.0,0,0.0,0.0,0
240,1240,0,True,0,-0.6101543876678839,-10.0,-100.1,-0.6101543876678839,-2.8945254393474484,259,0.0,0.0,0,0.0,0.0,0,0.0,0.0,0,0.0,0.0,0,0.0,0.0,0,0.0,0.0,0,0.0,0.0,0,0.0,0.0,0,0.0,0.0,0,0.0,0.0,0,0.0,0.0,0
241,1241,0,True,0,-0.6501638023452886,-10.0,-100.1,-0.6501638023452886,-2.99468095007834,275,0.0,0.0,0,0.0,0.0,0,0.0,0.0,0,0.0,0.0,0,0.0,0.0,0,0.0,0.0,0,0.0,0.0,0,0.0,0.0,0,0.0,0.0,0,0.0,0.0,0,0.0,0.0,0
244,1244,0,True,0,-0.2301638608814586,-10.0,-100.1,-0.2301638608814586,-1.0026156998562707,275,0.0,0.0,0,0.0,0.0,0,0.0,0.0,0,0.0,0.0,0,0.0,0.0,0,0.0,0.0,0,0.0,0.0,0,0.0,0.0,0,0.0,0.0,0,0.0,0.0,0,0.0,0.0,0
245,1245,0,True,0,-0.47016385532701116,-10.0,-100.1,-0.47016385532701116,-2.1094517409988023,275,0.0,0.0,0,0.0,0.0,0,0.0,0.0,0,0.0,0.0,0,0.0,0.0,0,0.0,0.0,0,0.0,0.0,0,0.0,0.0,0,0.0,0.0,0,0.0,0.0,0,0.0,0.0,0
247,1247,0,True,0,-0.47016358343878645,-10.0,-100.1,-0.47016358343878645,-2.1094506090290737,275,0.0,0.0,0,0.0,0.0,0,0.0,0.0,0,0.0,0.0,0,0.0,0.0,0,0.0,0.0,0,0.0,0.0,0,0.0,0.0,0,0.0,0.0,0,0.0,0.0,0,0.0,0.0,0
250,1250,0,True,0,-0.7301635477450028,-10.0,-100.1,-0.7301635477450028,-3.4147372058289664,274,0.0,0.0,0,0.0,0.0,0,0.0,0.0,0,0.0,0.0,0,0.0,0.0,0,0.0,0.0,0,0.0,0.0,0,0.0,0.0,0,0.0,0.0,0,0.0,0.0,0,0.0,0.0,0
251,1251,0,True,0,-0.08015846761483145,-10.0,-100.1,-0.08015846761483145,-0.34959506407305263,266,0.0,0.0,0,0.0,0.0,0,0.0,0.0,0,0.0,0.0,0,0.0,0.0,0,0.0,0.0,0,0.0,0.0,0,0.0,0.0,0,0.0,0.0,0,0.0,0.0,0,0.0,0.0,0
252,1252,0,True,0,-0.3401635498604585,-10.0,-100.1,-0.3401635498604585,-1.5038400423946106,274,0.0,0.0,0,0.0,0.0,0,0.0,0.0,0,0.0,0.0,0,0.0,0.0,0,0.0,0.0,0,0.0,0.0,0,0.0,0.0,0,0.0,0.0,0,0.0,0.0,0,0.0,0.0,0
253,1253,0,True,0,-0.2800524463601152,-10.0,-100.1,-0.2800524463601152,-2.3610646074030557,88,0.0,0.0,0,0.0,0.0,0,0.0,0.0,0,0.0,0.0,0,0.0,0.0,0,0.0,0.0,0,0.0,0.0,0,0.0,0.0,0,0.0,0.0,0,0.0,0.0,0,0.0,0.0,0
254,1254,0,True,0,-0.37016358530134114,-10.0,-100.1,-0.37016358530134114,-1.6425649258601211,274,0.0,0.0,0,0.0,0.0,0,0.0,0.0,0,0.0,0.0,0,0.0,0.0,0,0.0,0.0,0,0.0,0.0,0,0.0,0.0,0,0.0,0.0,0,0.0,0.0,0,0.0,0.0,0
255,1255,0,True,0,-0.4101638615773933,-10.0,-100.1,-0.4101638615773933,-1.8257052899773123,275,0.0,0.0,0,0.0,0.0,0,0.0,0.0,0,0.0,0.0,0,0.0,0.0,0,0.0,0.0,0,0.0,0.0,0,0.0,0.0,0,0.0,0.0,0,0.0,0.0,0,0.0,0.0,0
256,1256,0,True,0,-0.23016387069271946,-10.0,-100.1,-0.23016387069271946,-1.0026157305869492,275,0.0,0.0,0,0.0,0.0,0,0.0,0.0,0,0.0,0.0,0,0.0,0.0,0,0.0,0.0,0,0.0,0.0,0,0.0,0.0,0,0.0,0.0,0,0.0,0.0,0,0.0,0.0,0
263,1263,0,True,0,-0.5501632962131503,-10.0,-100.1,-0.5501632962131503,-2.501449969568749,274,0.0,0.0,0,0.0,0.0,0,0.0,0.0,0,0.0,0.0,0,0.0,0.0,0,0.0,0.0,0,0.0,0.0,0,0.0,0.0,0,0.0,0.0,0,0.0,0.0,0,0.0,0.0,0
264,1264,0,True,0,-0.14006943354085752,-10.0,-100.1,-0.14006943354085752,-0.9482530240904536,116,0.0,0.0,0,0.0,0.0,0,0.0,0.0,0,0.0,0.0,0,0.0,0.0,0,0.0,0.0,0,0.0,0.0,0,0.0,0.0,0,0.0,0.0,0,0.0,0.0,0,0.0,0.0,0
267,1267,0,True,0,-0.17016204869159868,-10.0,-100.1,-0.17016204869159868,-0.7406200924528755,272,0.0,0.0,0,0.0,0.0,0,0.0,0.0,0,0.0,0.0,0,0.0,0.0,0,0.0,0.0,0,0.0,0.0,0,0.0,0.0,0,0.0,0.0,0,0.0,0.0,0,0.0,0.0,0
268,1268,0,True,0,-0.44016386721944306,-10.0,-100.1,-0.44016386721944306,-1.9669354968647375,275,0.0,0.0,0,0.0,0.0,0,0.0,0.0,0,0.0,0.0,0,0.0,0.0,0,0.0,0.0,0,0.0,0.0,0,0.0,0.0,0,0.0,0.0,0,0.0,0.0,0,0.0,0.0,0
273,1273,0,True,0,-0.07016327736363402,-10.0,-100.1,-0.07016327736363402,-0.30115407372886366,274,0.0,0.0,0,0.0,0.0,0,0.0,0.0,0,0.0,0.0,0,0.0,0.0,0,0.0,0.0,0,0.0,0.0,0,0.0,0.0,0,0.0,0.0,0,0.0,0.0,0,0.0,0.0,0
274,1274,0,True,0,-0.9201622161817442,-10.0,-100.1,-0.9201622161817442,-4.4769663863201,272,0.0,0.0,0,0.0,0.0,0,0.0,0.0,0,0.0,0.0,0,0.0,0.0,0,0.0,0.0,0,0.0,0.0,0,0.0,0.0,0,0.0,0.0,0,0.0,0.0,0,0.0,0.0,0
276,1276,0,True,0,-0.5801629897836348,-10.0,-100.1,-0.5801629897836348,-2.649523874429635,274,0.0,0.0,0,0.0,0.0,0,0.0,0.0,0,0.0,0.0,0,0.0,0.0,0,0.0,0.0,0,0.0,0.0,0,0.0,0.0,0,0.0,0.0,0,0.0,0.0,0,0.0,0.0,0
280,1280,0,True,0,-0.12003731387808164,-10.0,-100.1,-0.12003731387808164,-1.1266450165748656,63,0.0,0.0,0,0.0,0.0,0,0.0,0.0,0,0.0,0.0,0,0.0,0.0,0,0.0,0.0,0,0.0,0.0,0,0.0,0.0,0,0.0,0.0,0,0.0,0.0,0,0.0,0.0,0
281,1281,0,True,0,-0.060164438486389825,-10.0,-100.1,-0.060164438486389825,-0.25704363699946886,276,0.0,0.0,0,0.0,0.0,0,0.0,0.0,0,0.0,0.0,0,0.0,0.0,0,0.0,0.0,0,0.0,0.0,0,0.0,0.0,0,0.0,0.0,0,0.0,0.0,0,0.0,0.0,0
282,1282,0,True,0,-0.12001964553224426,-10.0,-100.1,-0.12001964553224426,-1.677529185871825,33,0.0,0.0,0,0.0,0.0,0,0.0,0.0,0,0.0,0.0,0,0.0,0.0,0,0.0,0.0,0,0.0,0.0,0,0.0,0.0,0,0.0,0.0,0,0.0,0.0,0,0.0,0.0,0
285,1285,0,True,0,-0.44016233554721323,-10.0,-100.1,-0.44016233554721323,-1.9789784198106473,272,0.0,0.0,0,0.0,0.0,0,0.0,0.0,0,0.0,0.0,0,0.0,0.0,0,0.0,0.0,0,0.0,0.0,0,0.0,0.0,0,0.0,0.0,0,0.0,0.0,0,0.0,0.0,0
286,1286,0,True,0,-0.6501641412906023,-10.0,-100.1,-0.6501641412906023,-2.9946819644661593,275,0.0,0.0,0,0.0,0.0,0,0.0,0.0,0,0.0,0.0,0,0.0,0.0,0,0.0,0.0,0,0.0,0.0,0,0.0,0.0,0,0.0,0.0,0,0.0,0.0,0,0.0,0.0,0
292,1292,0,True,0,-0.22016352326361885,-10.0,-100.1,-0.22016352326361885,-0.9598174529186313,274,0.0,0.0,0,0.0,0.0,0,0.0,0.0,0,0.0,0.0,0,0.0,0.0,0,0.0,0.0,0,0.0,0.0,0,0.0,0.0,0,0.0,0.0,0,0.0,0.0,0,0.0,0.0,0
294,1294,0,True,0,-0.7701033192694439,-10.0,-100.1,-0.7701033192694439,-5.011953262137246,173,0.0,0.0,0,0.0,0.0,0,0.0,0.0,0,0.0,0.0,0,0.0,0.0,0,0.0,0.0,0,0.0,0.0,0,0.0,0.0,0,0.0,0.0,0,0.0,0.0,0,0.0,0.0,0
297,1297,0,True,0,-0.05016386604907504,-10.0,-100.1,-0.05016386604907504,-0.21450508296837342,275,0.0,0.0,0,0.0,0.0,0,0.0,0.0,0,0.0,0.0,0,0.0,0.0,0,0.0,0.0,0,0.0,0.0,0,0.0,0.0,0,0.0,0.0,0,0.0,0.0,0,0.0,0.0,0
299,1299,0,True,0,-0.32016386675925557,-10.0,-100.1,-0.32016386675925557,-1.4092324882874367,275,0.0,0.0,0,0.0,0.0,0,0.0,0.0,0,0.0,0.0,0,0.0,0.0,0,0.0,0.0,0,0.0,0.0,0,0.0,0.0,0,0.0,0.0,0,0.0,0.0,0,0.0,0.0,0
302,1302,0,True,0,-0.4101638590348379,-10.0,-100.1,-0.4101638590348379,-1.8257052750112592,275,0.0,0.0,0,0.0,0.0,0,0.0,0.0,0,0.0,0.0,0,0.0,0.0,0,0.0,0.0,0,0.0,0.0,0,0.0,0.0,0,0.0,0.0,0,0.0,0.0,0,0.0,0.0,0
304,1304,0,True,0,-0.9701632725181307,-10.0,-100.1,-0.9701632725181307,-4.7441594189929095,274,0.0,0.0,0,0.0,0.0,0,0.0,0.0,0,0.0,0.0,0,0.0,0.0,0,0.0,0.0,0,0.0,0.0,0,0.0,0.0,0,0.0,0.0,0,0.0,0.0,0,0.0,0.0,0
306,1306,0,True,0,-0.17016386024162333,-10.0,-100.1,-0.17016386024162333,-0.7364459788533563,275,0.0,0.0,0,0.0,0.0,0,0.0,0.0,0,0.0,0.0,0,0.0,0.0,0,0.0,0.0,0,0.0,0.0,0,0.0,0.0,0,0.0,0.0,0,0.0,0.0,0,0.0,0.0,0
309,1309,0,True,0,-0.1401641481616849,-10.0,-100.1,-0.1401641481616849,-0.6047168597531336,275,0.0,0.0,0,0.0,0.0,0,0.0,0.0,0,0.0,0.0,0,0.0,0.0,0,0.0,0.0,0,0.0,0.0,0,0.0,0.0,0,0.0,0.0,0,0.0,0.0,0,0.0,0.0,0
311,1311,0,True,0,-0.29016384454774913,-10.0,-100.1,-0.29016384454774913,-1.2726571187880316,275,0.0,0.0,0,0.0,0.0,0,0.0,0.0,0,0.0,0.0,0,0.0,0.0,0,0.0,0.0,0,0.0,0.0,0,0.0,0.0,0,0.0,0.0,0,0.0,0.0,0,0.0,0.0,0
316,1316,0,True,0,-0.1301632802650628,-10.0,-100.1,-0.1301632802650628,-0.5620407353044973,274,0.0,0.0,0,0.0,0.0,0,0.0,0.0,0,0.0,0.0,0,0.0,0.0,0,0.0,0.0,0,0.0,0.0,0,0.0,0.0,0,0.0,0.0,0,0.0,0.0,0,0.0,0.0,0
319,1319,0,True,0,-0.45016448112414104,-10.0,-100.1,-0.45016448112414104,-2.0102221773763174,276,0.0,0.0,0,0.0,0.0,0,0.0,0.0,0,0.0,0.0,0,0.0,0.0,0,0.0,0.0,0,0.0,0.0,0,0.0,0.0,0,0.0,0.0,0,0.0,0.0,0,0.0,0.0,0
322,1322,0,True,0,-0.3100362888691592,-10.0,-100.1,-0.3100362888691592,-3.5447166002227184,61,0.0,0.0,0,0.0,0.0,0,0.0,0.0,0,0.0,0.0,0,0.0,0.0,0,0.0,0.0,0,0.0,0.0,0,0.0,0.0,0,0.0,0.0,0,0.0,0.0,0,0.0,0.0,0
323,1323,0,True,0,-0.910161771217133,-10.0,-100.1,-0.910161771217133,-4.430594164699963,271,0.0,0.0,0,0.0,0.0,0,0.0,0.0,0,0.0,0.0,0,0.0,0.0,0,0.0,0.0,0,0.0,0.0,0,0.0,0.0,0,0.0,0.0,0,0.0,0.0,0,0.0,0.0,0
324,1324,0,True,0,-0.23016386681509612,-10.0,-100.1,-0.23016386681509612,-1.0026157270436402,275,0.0,0.0,0,0.0,0.0,0,0.0,0.0,0,0.0,0.0,0,0.0,0.0,0,0.0,0.0,0,0.0,0.0,0,0.0,0.0,0,0.0,0.0,0,0.0,0.0,0,0.0,0.0,0
327,1327,0,True,0,-0.27016444933687583,-10.0,-100.1,-0.27016444933687583,-1.1799273255814398,276,0.0,0.0,0,0.0,0.0,0,0.0,0.0,0,0.0,0.0,0,0.0,0.0,0,0.0,0.0,0,0.0,0.0,0,0.0,0.0,0,0.0,0.0,0,0.0,0.0,0,0.0,0.0,0
333,1333,0,True,0,-0.23016386730430602,-10.0,-100.1,-0.23016386730430602,-1.002615729101036,275,0.0,0.0,0,0.0,0.0,0,0.0,0.0,0,0.0,0.0,0,0.0,0.0,0,0.0,0.0,0,0.0,0.0,0,0.0,0.0,0,0.0,0.0,0,0.0,0.0,0,0.0,0.0,0
340,1340,0,True,0,-0.3501638561846232,-10.0,-100.1,-0.3501638561846232,-1.5469017341697004,275,0.0,0.0,0,0.0,0.0,0,0.0,0.0,0,0.0,0.0,0,0.0,0.0,0,0.0,0.0,0,0.0,0.0,0,0.0,0.0,0,0.0,0.0,0,0.0,0.0,0,0.0,0.0,0
341,1341,0,True,0,-0.3501635909101821,-10.0,-100.1,-0.3501635909101821,-1.5469005819672794,275,0.0,0.0,0,0.0,0.0,0,0.0,0.0,0,0.0,0.0,0,0.0,0.0,0,0.0,0.0,0,0.0,0.0,0,0.0,0.0,0,0.0,0.0,0,0.0,0.0,0,0.0,0.0,0
345,1345,0,True,0,-0.2301638668493425,-10.0,-100.1,-0.2301638668493425,-1.002615727206446,275,0.0,0.0,0,0.0,0.0,0,0.0,0.0,0,0.0,0.0,0,0.0,0.0,0,0.0,0.0,0,0.0,0.0,0,0.0,0.0,0,0.0,0.0,0,0.0,0.0,0,0.0,0.0,0
347,1347,0,True,0,-0.44016410067840245,-10.0,-100.1,-0.44016410067840245,-1.96693634561327,275,0.0,0.0,0,0.0,0.0,0,0.0,0.0,0,0.0,0.0,0,0.0,0.0,0,0.0,0.0,0,0.0,0.0,0,0.0,0.0,0,0.0,0.0,0,0.0,0.0,0,0.0,0.0,0
350,1350,0,True,0,-0.6501638600652484,-10.0,-100.1,-0.6501638600652484,-2.9946810253443337,275,0.0,0.0,0,0.0,0.0,0,0.0,0.0,0,0.0,0.0,0,0.0,0.0,0,0.0,0.0,0,0.0,0.0,0,0.0,0.0,0,0.0,0.0,0,0.0,0.0,0,0.0,0.0,0
352,1352,0,True,0,-1.3801519942085696,-10.0,-100.1,-1.3801519942085696,-7.98845782299833,255,0.0,0.0,0,0.0,0.0,0,0.0,0.0,0,0.0,0.0,0,0.0,0.0,0,0.0,0.0,0,0.0,0.0,0,0.0,0.0,0,0.0,0.0,0,0.0,0.0,0,0.0,0.0,0
353,1353,0,True,0,-0.7201623967563118,-10.0,-100.1,-0.7201623967563118,-3.369941093885406,273,0.0,0.0,0,0.0,0.0,0,0.0,0.0,0,0.0,0.0,0,0.0,0.0,0,0.0,0.0,0,0.0,0.0,0,0.0,0.0,0,0.0,0.0,0,0.0,0.0,0,0.0,0.0,0
356,1356,0,True,0,-1.1901644727522918,-10.0,-100.1,-1.1901644727522918,-6.0982674739142,275,0.0,0.0,0,0.0,0.0,0,0.0,0.0,0,0.0,0.0,0,0.0,0.0,0,0.0,0.0,0,0.0,0.0,0,0.0,0.0,0,0.0,0.0,0,0.0,0.0,0,0.0,0.0,0
359,1359,0,True,0,-0.24016443358090755,-10.0,-100.1,-0.24016443358090755,-1.0453535499359041,276,0.0,0.0,0,0.0,0.0,0,0.0,0.0,0,0.0,0.0,0,0.0,0.0,0,0.0,0.0,0,0.0,0.0,0,0.0,0.0,0,0.0,0.0,0,0.0,0.0,0,0.0,0.0,0
360,1360,0,True,0,-0.29016358327555125,-10.0,-100.1,-0.29016358327555125,-1.272656031988399,275,0.0,0.0,0,0.0,0.0,0,0.0,0.0,0,0.0,0.0,0,0.0,0.0,0,0.0,0.0,0,0.0,0.0,0,0.0,0.0,0,0.0,0.0,0,0.0,0.0,0,0.0,0.0,0
363,1363,0,True,0,-0.4401641685640087,-10.0,-100.1,-0.4401641685640087,-1.9669366453689123,275,0.0,0.0,0,0.0,0.0,0,0.0,0.0,0,0.0,0.0,0,0.0,0.0,0,0.0,0.0,0,0.0,0.0,0,0.0,0.0,0,0.0,0.0,0,0.0,0.0,0,0.0,0.0,0
364,1364,0,True,0,-0.2001638620561747,-10.0,-100.1,-0.2001638620561747,-0.86906670223058,275,0.0,0.0,0,0.0,0.0,0,0.0,0.0,0,0.0,0.0,0,0.0,0.0,0,0.0,0.0,0,0.0,0.0,0,0.0,0.0,0,0.0,0.0,0,0.0,0.0,0,0.0,0.0,0
366,1366,0,True,0,-1.1301048663617745,-10.0,-100.1,-1.1301048663617745,-8.73455100364729,176,0.0,0.0,0,0.0,0.0,0,0.0,0.0,0,0.0,0.0,0,0.0,0.0,0,0.0,0.0,0,0.0,0.0,0,0.0,0.0,0,0.0,0.0,0,0.0,0.0,0,0.0,0.0,0
370,1370,0,True,0,-0.11016386340488768,-10.0,-100.1,-0.11016386340488768,-0.47383889580144584,275,0.0,0.0,0,0.0,0.0,0,0.0,0.0,0,0.0,0.0,0,0.0,0.0,0,0.0,0.0,0,0.0,0.0,0,0.0,0.0,0,0.0,0.0,0,0.0,0.0,0,0.0,0.0,0
371,1371,0,True,0,-0.140164113328412,-10.0,-100.1,-0.140164113328412,-0.6047166774673118,275,0.0,0.0,0,0.0,0.0,0,0.0,0.0,0,0.0,0.0,0,0.0,0.0,0,0.0,0.0,0,0.0,0.0,0,0.0,0.0,0,0.0,0.0,0,0.0,0.0,0,0.0,0.0,0
373,1373,0,True,0,-0.37016328774872165,-10.0,-100.1,-0.37016328774872165,-1.642563707671429,274,0.0,0.0,0,0.0,0.0,0,0.0,0.0,0,0.0,0.0,0,0.0,0.0,0,0.0,0.0,0,0.0,0.0,0,0.0,0.0,0,0.0,0.0,0,0.0,0.0,0,0.0,0.0,0
375,1375,0,True,0,-0.650154978357433,-10.0,-100.1,-0.650154978357433,-3.097926993224722,260,0.0,0.0,0,0.0,0.0,0,0.0,0.0,0,0.0,0.0,0,0.0,0.0,0,0.0,0.0,0,0.0,0.0,0,0.0,0.0,0,0.0,0.0,0,0.0,0.0,0,0.0,0.0,0
376,1376,0,True,0,-0.26016387073717295,-10.0,-100.1,-0.26016387073717295,-1.1371323512196634,275,0.0,0.0,0,0.0,0.0,0,0.0,0.0,0,0.0,0.0,0,0.0,0.0,0,0.0,0.0,0,0.0,0.0,0,0.0,0.0,0,0.0,0.0,0,0.0,0.0,0,0.0,0.0,0
377,1377,0,True,0,-0.47014766757165466,-10.0,-100.1,-0.47014766757165466,-2.236580485806323,248,0.0,0.0,0,0.0,0.0,0,0.0,0.0,0,0.0,0.0,0,0.0,0.0,0,0.0,0.0,0,0.0,0.0,0,0.0,0.0,0,0.0,0.0,0,0.0,0.0,0,0.0,0.0,0
379,1379,0,True,0,-0.4900488084801107,-10.0,-100.1,-0.4900488084801107,-5.2605923676275905,82,0.0,0.0,0,0.0,0.0,0,0.0,0.0,0,0.0,0.0,0,0.0,0.0,0,0.0,0.0,0,0.0,0.0,0,0.0,0.0,0,0.0,0.0,0,0.0,0.0,0,0.0,0.0,0
380,1380,0,True,0,-0.2901638630947443,-10.0,-100.1,-0.2901638630947443,-1.2726571938392144,275,0.0,0.0,0,0.0,0.0,0,0.0,0.0,0,0.0,0.0,0,0.0,0.0,0,0.0,0.0,0,0.0,0.0,0,0.0,0.0,0,0.0,0.0,0,0.0,0.0,0,0.0,0.0,0
382,1382,0,True,0,-0.23016386683595877,-10.0,-100.1,-0.23016386683595877,-1.0026157271428207,275,0.0,0.0,0,0.0,0.0,0,0.0,0.0,0,0.0,0.0,0,0.0,0.0,0,0.0,0.0,0,0.0,0.0,0,0.0,0.0,0,0.0,0.0,0,0.0,0.0,0,0.0,0.0,0
383,1383,0,True,0,-0.17016384364442252,-10.0,-100.1,-0.17016384364442252,-0.7364459048981654,275,0.0,0.0,0,0.0,0.0,0,0.0,0.0,0,0.0,0.0,0,0.0,0.0,0,0.0,0.0,0,0.0,0.0,0,0.0,0.0,0,0.0,0.0,0,0.0,0.0,0,0.0,0.0,0
385,1385,0,True,0,-0.4401638637118426,-10.0,-100.1,-0.4401638637118426,-1.9669355989855035,275,0.0,0.0,0,0.0,0.0,0,0.0,0.0,0,0.0,0.0,0,0.0,0.0,0,0.0,0.0,0,0.0,0.0,0,0.0,0.0,0,0.0,0.0,0,0.0,0.0,0,0.0,0.0,0
387,1387,0,True,0,-0.47016386590911174,-10.0,-100.1,-0.47016386590911174,-2.109451802189174,275,0.0,0.0,0,0.0,0.0,0,0.0,0.0,0,0.0,0.0,0,0.0,0.0,0,0.0,0.0,0,0.0,0.0,0,0.0,0.0,0,0.0,0.0,0,0.0,0.0,0,0.0,0.0,0
388,1388,0,True,0,-0.2201600585303188,-10.0,-100.1,-0.2201600585303188,-0.9709774559647001,268,0.0,0.0,0,0.0,0.0,0,0.0,0.0,0,0.0,0.0,0,0.0,0.0,0,0.0,0.0,0,0.0,0.0,0,0.0,0.0,0,0.0,0.0,0,0.0,0.0,0,0.0,0.0,0
389,1389,0,True,0,-0.5601638648848758,-10.0,-100.1,-0.5601638648848758,-2.5452570714527063,275,0.0,0.0,0,0.0,0.0,0,0.0,0.0,0,0.0,0.0,0,0.0,0.0,0,0.0,0.0,0,0.0,0.0,0,0.0,0.0,0,0.0,0.0,0,0.0,0.0,0,0.0,0.0,0
391,1391,0,True,0,-0.7201461051289636,-10.0,-100.1,-0.7201461051289636,-3.5982322416250576,246,0.0,0.0,0,0.0,0.0,0,0.0,0.0,0,0.0,0.0,0,0.0,0.0,0,0.0,0.0,0,0.0,0.0,0,0.0,0.0,0,0.0,0.0,0,0.0,0.0,0,0.0,0.0,0
394,1394,0,True,0,-0.2601638697215659,-10.0,-100.1,-0.2601638697215659,-1.1371323517493166,275,0.0,0.0,0,0.0,0.0,0,0.0,0.0,0,0.0,0.0,0,0.0,0.0,0,0.0,0.0,0,0.0,0.0,0,0.0,0.0,0,0.0,0.0,0,0.0,0.0,0,0.0,0.0,0
397,1397,0,True,0,-0.32016386662843693,-10.0,-100.1,-0.32016386662843693,-1.4092324413470578,275,0.0,0.0,0,0.0,0.0,0,0.0,0.0,0,0.0,0.0,0,0.0,0.0,0,0.0,0.0,0,0.0,0.0,0,0.0,0.0,0,0.0,0.0,0,0.0,0.0,0,0.0,0.0,0
401,1401,0,True,0,-0.08016385373749121,-10.0,-100.1,-0.08016385373749121,-0.34378015484408964,275,0.0,0.0,0,0.0,0.0,0,0.0,0.0,0,0.0,0.0,0,0.0,0.0,0,0.0,0.0,0,0.0,0.0,0,0.0,0.0,0,0.0,0.0,0,0.0,0.0,0,0.0,0.0,0
402,1402,0,True,0,-1.2101615669022545,-10.0,-100.1,-1.2101615669022545,-6.305542412343369,271,0.0,0.0,0,0.0,0.0,0,0.0,0.0,0,0.0,0.0,0,0.0,0.0,0,0.0,0.0,0,0.0,0.0,0,0.0,0.0,0,0.0,0.0,0,0.0,0.0,0,0.0,0.0,0
408,1408,0,True,0,-0.46016355543496235,-10.0,-100.1,-0.46016355543496235,-2.066010646888342,274,0.0,0.0,0,0.0,0.0,0,0.0,0.0,0,0.0,0.0,0,0.0,0.0,0,0.0,0.0,0,0.0,0.0,0,0.0,0.0,0,0.0,0.0,0,0.0,0.0,0,0.0,0.0,0
409,1409,0,True,0,-0.020163855821656633,-10.0,-100.1,-0.020163855821656633,-0.08598004546856644,275,0.0,0.0,0,0.0,0.0,0,0.0,0.0,0,0.0,0.0,0,0.0,0.0,0,0.0,0.0,0,0.0,0.0,0,0.0,0.0,0,0.0,0.0,0,0.0,0.0,0,0.0,0.0,0
417,1417,0,True,0,-0.2601638661076707,-10.0,-100.1,-0.2601638661076707,-1.137132341494959,275,0.0,0.0,0,0.0,0.0,0,0.0,0.0,0,0.0,0.0,0,0.0,0.0,0,0.0,0.0,0,0.0,0.0,0,0.0,0.0,0,0.0,0.0,0,0.0,0.0,0,0.0,0.0,0
419,1419,0,True,0,-0.17016414612423442,-10.0,-100.1,-0.17016414612423442,-0.7364471908307045,275,0.0,0.0,0,0.0,0.0,0,0.0,0.0,0,0.0,0.0,0,0.0,0.0,0,0.0,0.0,0,0.0,0.0,0,0.0,0.0,0,0.0,0.0,0,0.0,0.0,0,0.0,0.0,0
421,1421,0,True,0,-0.2901638703027027,-10.0,-100.1,-0.2901638703027027,-1.2726572446337583,275,0.0,0.0,0,0.0,0.0,0,0.0,0.0,0,0.0,0.0,0,0.0,0.0,0,0.0,0.0,0,0.0,0.0,0,0.0,0.0,0,0.0,0.0,0,0.0,0.0,0,0.0,0.0,0
422,1422,0,True,0,-0.28016317840994603,-10.0,-100.1,-0.28016317840994603,-1.2297398862160147,274,0.0,0.0,0,0.0,0.0,0,0.0,0.0,0,0.0,0.0,0,0.0,0.0,0,0.0,0.0,0,0.0,0.0,0,0.0,0.0,0,0.0,0.0,0,0.0,0.0,0,0.0,0.0,0
423,1423,0,True,0,-0.12016472246215339,-10.0,-100.1,-0.12016472246215339,-0.5164181280021899,276,0.0,0.0,0,0.0,0.0,0,0.0,0.0,0,0.0,0.0,0,0.0,0.0,0,0.0,0.0,0,0.0,0.0,0,0.0,0.0,0,0.0,0.0,0,0.0,0.0,0,0.0,0.0,0
428,1428,0,True,0,-0.860164194355705,-10.0,-100.1,-0.860164194355705,-4.106736128074757,275,0.0,0.0,0,0.0,0.0,0,0.0,0.0,0,0.0,0.0,0,0.0,0.0,0,0.0,0.0,0,0.0,0.0,0,0.0,0.0,0,0.0,0.0,0,0.0,0.0,0,0.0,0.0,0
431,1431,0,True,0,-0.2201632738821629,-10.0,-100.1,-0.2201632738821629,-0.9598164099542665,274,0.0,0.0,0,0.0,0.0,0,0.0,0.0,0,0.0,0.0,0,0.0,0.0,0,0.0,0.0,0,0.0,0.0,0,0.0,0.0,0,0.0,0.0,0,0.0,0.0,0,0.0,0.0,0
432,1432,0,True,0,-0.32016413455642684,-10.0,-100.1,-0.32016413455642684,-1.4092334855460287,275,0.0,0.0,0,0.0,0.0,0,0.0,0.0,0,0.0,0.0,0,0.0,0.0,0,0.0,0.0,0,0.0,0.0,0,0.0,0.0,0,0.0,0.0,0,0.0,0.0,0,0.0,0.0,0
433,1433,0,True,0,-0.13016328339695774,-10.0,-100.1,-0.13016328339695774,-0.5620407391018312,274,0.0,0.0,0,0.0,0.0,0,0.0,0.0,0,0.0,0.0,0,0.0,0.0,0,0.0,0.0,0,0.0,0.0,0,0.0,0.0,0,0.0,0.0,0,0.0,0.0,0,0.0,0.0,0
435,1435,0,True,0,-0.4001632822626614,-10.0,-100.1,-0.4001632822626614,-1.7824675059732458,274,0.0,0.0,0,0.0,0.0,0,0.0,0.0,0,0.0,0.0,0,0.0,0.0,0,0.0,0.0,0,0.0,0.0,0,0.0,0.0,0,0.0,0.0,0,0.0,0.0,0,0.0,0.0,0
437,1437,0,True,0,-0.6001626713114664,-10.0,-100.1,-0.6001626713114664,-2.7550340226125805,273,0.0,0.0,0,0.0,0.0,0,0.0,0.0,0,0.0,0.0,0,0.0,0.0,0,0.0,0.0,0,0.0,0.0,0,0.0,0.0,0,0.0,0.0,0,0.0,0.0,0,0.0,0.0,0
438,1438,0,True,0,-0.23016386683595877,-10.0,-100.1,-0.23016386683595877,-1.0026157271428207,275,0.0,0.0,0,0.0,0.0,0,0.0,0.0,0,0.0,0.0,0,0.0,0.0,0,0.0,0.0,0,0.0,0.0,0,0.0,0.0,0,0.0,0.0,0,0.0,0.0,0,0.0,0.0,0
442,1442,0,True,0,-0.24016501730782913,-10.0,-100.1,-0.24016501730782913,-1.0453559939359125,276,0.0,0.0,0,0.0,0.0,0,0.0,0.0,0,0.0,0.0,0,0.0,0.0,0,0.0,0.0,0,0.0,0.0,0,0.0,0.0,0,0.0,0.0,0,0.0,0.0,0,0.0,0.0,0
443,1443,0,True,0,-0.0701632308419043,-10.0,-100.1,-0.0701632308419043,-0.301153865816381,274,0.0,0.0,0,0.0,0.0,0,0.0,0.0,0,0.0,0.0,0,0.0,0.0,0,0.0,0.0,0,0.0,0.0,0,0.0,0.0,0,0.0,0.0,0,0.0,0.0,0,0.0,0.0,0
446,1446,0,True,0,-0.1401638581179818,-10.0,-100.1,-0.1401638581179818,-0.6047156145997499,275,0.0,0.0,0,0.0,0.0,0,0.0,0.0,0,0.0,0.0,0,0.0,0.0,0,0.0,0.0,0,0.0,0.0,0,0.0,0.0,0,0.0,0.0,0,0.0,0.0,0,0.0,0.0,0
447,1447,0,True,0,-0.23016206883517412,-10.0,-100.1,-0.23016206883517412,-1.0083861008131525,272,0.0,0.0,0,0.0,0.0,0,0.0,0.0,0,0.0,0.0,0,0.0,0.0,0,0.0,0.0,0,0.0,0.0,0,0.0,0.0,0,0.0,0.0,0,0.0,0.0,0,0.0,0.0,0
449,1449,0,True,0,-0.18015149979500003,-10.0,-100.1,-0.18015149979500003,-0.8116397889655772,255,0.0,0.0,0,0.0,0.0,0,0.0,0.0,0,0.0,0.0,0,0.0,0.0,0,0.0,0.0,0,0.0,0.0,0,0.0,0.0,0,0.0,0.0,0,0.0,0.0,0,0.0,0.0,0
450,1450,0,True,0,-0.24015577315423878,-10.0,-100.1,-0.24015577315423878,-1.0764871096785893,261,0.0,0.0,0,0.0,0.0,0,0.0,0.0,0,0.0,0.0,0,0.0,0.0,0,0.0,0.0,0,0.0,0.0,0,0.0,0.0,0,0.0,0.0,0,0.0,0.0,0,0.0,0.0,0
453,1453,0,True,0,-0.350162409302884,-10.0,-100.1,-0.350162409302884,-1.5561102172595334,272,0.0,0.0,0,0.0,0.0,0,0.0,0.0,0,0.0,0.0,0,0.0,0.0,0,0.0,0.0,0,0.0,0.0,0,0.0,0.0,0,0.0,0.0,0,0.0,0.0,0,0.0,0.0,0
460,1460,0,True,0,-0.030162659588194654,-10.0,-100.1,-0.030162659588194654,-0.1292068996992366,273,0.0,0.0,0,0.0,0.0,0,0.0,0.0,0,0.0,0.0,0,0.0,0.0,0,0.0,0.0,0,0.0,0.0,0,0.0,0.0,0,0.0,0.0,0,0.0,0.0,0,0.0,0.0,0
461,1461,0,True,0,-0.41016415459820316,-10.0,-100.1,-0.41016415459820316,-1.8257064965802188,275,0.0,0.0,0,0.0,0.0,0,0.0,0.0,0,0.0,0.0,0,0.0,0.0,0,0.0,0.0,0,0.0,0.0,0,0.0,0.0,0,0.0,0.0,0,0.0,0.0,0,0.0,0.0,0
462,1462,0,True,0,-0.16016328463381535,-10.0,-100.1,-0.16016328463381535,-0.6937365202527391,274,0.0,0.0,0,0.0,0.0,0,0.0,0.0,0,0.0,0.0,0,0.0,0.0,0,0.0,0.0,0,0.0,0.0,0,0.0,0.0,0,0.0,0.0,0,0.0,0.0,0,0.0,0.0,0
465,1465,0,True,0,-0.5001639012124477,-10.0,-100.1,-0.5001639012124477,-2.253307190517957,275,0.0,0.0,0,0.0,0.0,0,0.0,0.0,0,0.0,0.0,0,0.0,0.0,0,0.0,0.0,0,0.0,0.0,0,0.0,0.0,0,0.0,0.0,0,0.0,0.0,0,0.0,0.0,0
466,1466,0,True,0,-0.7701638755184752,-10.0,-100.1,-0.7701638755184752,-3.618192809630072,275,0.0,0.0,0,0.0,0.0,0,0.0,0.0,0,0.0,0.0,0,0.0,0.0,0,0.0,0.0,0,0.0,0.0,0,0.0,0.0,0,0.0,0.0,0,0.0,0.0,0,0.0,0.0,0
468,1468,0,True,0,-0.19016142748383125,-10.0,-100.1,-0.19016142748383125,-0.8310406732076834,271,0.0,0.0,0,0.0,0.0,0,0.0,0.0,0,0.0,0.0,0,0.0,0.0,0,0.0,0.0,0,0.0,0.0,0,0.0,0.0,0,0.0,0.0,0,0.0,0.0,0,0.0,0.0,0
469,1469,0,True,0,-1.0401405958049588,-10.0,-100.1,-1.0401405958049588,-5.782656445727252,236,0.0,0.0,0,0.0,0.0,0,0.0,0.0,0,0.0,0.0,0,0.0,0.0,0,0.0,0.0,0,0.0,0.0,0,0.0,0.0,0,0.0,0.0,0,0.0,0.0,0,0.0,0.0,0
470,1470,0,True,0,-0.710163866814273,-10.0,-100.1,-0.710163866814273,-3.302726579212358,275,0.0,0.0,0,0.0,0.0,0,0.0,0.0,0,0.0,0.0,0,0.0,0.0,0,0.0,0.0,0,0.0,0.0,0,0.0,0.0,0,0.0,0.0,0,0.0,0.0,0,0.0,0.0,0
472,1472,0,True,0,-0.4301632614124778,-10.0,-100.1,-0.4301632614124778,-1.9235990838510675,274,0.0,0.0,0,0.0,0.0,0,0.0,0.0,0,0.0,0.0,0,0.0,0.0,0,0.0,0.0,0,0.0,0.0,0,0.0,0.0,0,0.0,0.0,0,0.0,0.0,0,0.0,0.0,0
477,1477,0,True,0,-0.6001644302311439,-10.0,-100.1,-0.6001644302311439,-2.7373710696145235,276,0.0,0.0,0,0.0,0.0,0,0.0,0.0,0,0.0,0.0,0,0.0,0.0,0,0.0,0.0,0,0.0,0.0,0,0.0,0.0,0,0.0,0.0,0,0.0,0.0,0,0.0,0.0,0
478,1478,0,True,0,-0.23016386983442635,-10.0,-100.1,-0.23016386983442635,-1.0026157399730098,275,0.0,0.0,0,0.0,0.0,0,0.0,0.0,0,0.0,0.0,0,0.0,0.0,0,0.0,0.0,0,0.0,0.0,0,0.0,0.0,0,0.0,0.0,0,0.0,0.0,0,0.0,0.0,0
479,1479,0,True,0,-0.23016386683595877,-10.0,-100.1,-0.23016386683595877,-1.0026157271428207,275,0.0,0.0,0,0.0,0.0,0,0.0,0.0,0,0.0,0.0,0,0.0,0.0,0,0.0,0.0,0,0.0,0.0,0,0.0,0.0,0,0.0,0.0,0,0.0,0.0,0,0.0,0.0,0
484,1484,0,True,0,-0.4201647453153956,-10.0,-100.1,-0.4201647453153956,-1.8688930653972549,276,0.0,0.0,0,0.0,0.0,0,0.0,0.0,0,0.0,0.0,0,0.0,0.0,0,0.0,0.0,0,0.0,0.0,0,0.0,0.0,0,0.0,0.0,0,0.0,0.0,0,0.0,0.0,0
486,1486,0,True,0,-0.5701626020414877,-10.0,-100.1,-0.5701626020414877,-2.605537461480902,273,0.0,0.0,0,0.0,0.0,0,0.0,0.0,0,0.0,0.0,0,0.0,0.0,0,0.0,0.0,0,0.0,0.0,0,0.0,0.0,0,0.0,0.0,0,0.0,0.0,0,0.0,0.0,0
487,1487,0,True,0,-0.13016328719903736,-10.0,-100.1,-0.13016328719903736,-0.5620407517428476,274,0.0,0.0,0,0.0,0.0,0,0.0,0.0,0,0.0,0.0,0,0.0,0.0,0,0.0,0.0,0,0.0,0.0,0,0.0,0.0,0,0.0,0.0,0,0.0,0.0,0,0.0,0.0,0
488,1488,0,True,0,-0.760163332748487,-10.0,-100.1,-0.760163332748487,-3.5732467791269378,274,0.0,0.0,0,0.0,0.0,0,0.0,0.0,0,0.0,0.0,0,0.0,0.0,0,0.0,0.0,0,0.0,0.0,0,0.0,0.0,0,0.0,0.0,0,0.0,0.0,0,0.0,0.0,0
489,1489,0,True,0,-1.1201435889334463,-10.0,-100.1,-1.1201435889334463,-6.268892148473171,241,0.0,0.0,0,0.0,0.0,0,0.0,0.0,0,0.0,0.0,0,0.0,0.0,0,0.0,0.0,0,0.0,0.0,0,0.0,0.0,0,0.0,0.0,0,0.0,0.0,0,0.0,0.0,0
490,1490,0,True,0,-0.7801605391751449,-10.0,-100.1,-0.7801605391751449,-3.7146245811222864,270,0.0,0.0,0,0.0,0.0,0,0.0,0.0,0,0.0,0.0,0,0.0,0.0,0,0.0,0.0,0,0.0,0.0,0,0.0,0.0,0,0.0,0.0,0,0.0,0.0,0,0.0,0.0,0
491,1491,0,True,0,-0.40016356803119885,-10.0,-100.1,-0.40016356803119885,-1.782468672402787,274,0.0,0.0,0,0.0,0.0,0,0.0,0.0,0,0.0,0.0,0,0.0,0.0,0,0.0,0.0,0,0.0,0.0,0,0.0,0.0,0,0.0,0.0,0,0.0,0.0,0,0.0,0.0,0
492,1492,0,True,0,-0.5001638820257507,-10.0,-100.1,-0.5001638820257507,-2.2533070836048963,275,0.0,0.0,0,0.0,0.0,0,0.0,0.0,0,0.0,0.0,0,0.0,0.0,0,0.0,0.0,0,0.0,0.0,0,0.0,0.0,0,0.0,0.0,0,0.0,0.0,0,0.0,0.0,0
494,1494,0,True,0,-0.2601638633351636,-10.0,-100.1,-0.2601638633351636,-1.1371323300776055,275,0.0,0.0,0,0.0,0.0,0,0.0,0.0,0,0.0,0.0,0,0.0,0.0,0,0.0,0.0,0,0.0,0.0,0,0.0,0.0,0,0.0,0.0,0,0.0,0.0,0,0.0,0.0,0
497,1497,0,True,0,-0.41016441525300606,-10.0,-100.1,-0.41016441525300606,-1.82570756773641,275,0.0,0.0,0,0.0,0.0,0,0.0,0.0,0,0.0,0.0,0,0.0,0.0,0,0.0,0.0,0,0.0,0.0,0,0.0,0.0,0,0.0,0.0,0,0.0,0.0,0,0.0,0.0,0
499,1499,0,True,0,-0.10016328083517168,-10.0,-100.1,-0.10016328083517168,-0.43119178531322966,274,0.0,0.0,0,0.0,0.0,0,0.0,0.0,0,0.0,0.0,0,0.0,0.0,0,0.0,0.0,0,0.0,0.0,0,0.0,0.0,0,0.0,0.0,0,0.0,0.0,0,0.0,0.0,0
500,1500,0,True,0,-0.4601617932063429,-10.0,-100.1,-0.4601617932063429,-2.078797412184071,271,0.0,0.0,0,0.0,0.0,0,0.0,0.0,0,0.0,0.0,0,0.0,0.0,0,0.0,0.0,0,0.0,0.0,0,0.0,0.0,0,0.0,0.0,0,0.0,0.0,0,0.0,0.0,0
504,1504,0,True,0,-0.5301638785759518,-10.0,-100.1,-0.5301638785759518,-2.3985564269018846,275,0.0,0.0,0,0.0,0.0,0,0.0,0.0,0,0.0,0.0,0,0.0,0.0,0,0.0,0.0,0,0.0,0.0,0,0.0,0.0,0,0.0,0.0,0,0.0,0.0,0,0.0,0.0,0
507,1507,0,True,0,-0.9500869070812613,-10.0,-100.1,-0.9500869070812613,-8.143410745653691,146,0.0,0.0,0,0.0,0.0,0,0.0,0.0,0,0.0,0.0,0,0.0,0.0,0,0.0,0.0,0,0.0,0.0,0,0.0,0.0,0,0.0,0.0,0,0.0,0.0,0,0.0,0.0,0
508,1508,0,True,0,-0.2101644165346413,-10.0,-100.1,-0.2101644165346413,-0.9117542547492911,276,0.0,0.0,0,0.0,0.0,0,0.0,0.0,0,0.0,0.0,0,0.0,0.0,0,0.0,0.0,0,0.0,0.0,0,0.0,0.0,0,0.0,0.0,0,0.0,0.0,0,0.0,0.0,0
510,1510,0,True,0,-0.17016383028407467,-10.0,-100.1,-0.17016383028407467,-0.7364458432652347,275,0.0,0.0,0,0.0,0.0,0,0.0,0.0,0,0.0,0.0,0,0.0,0.0,0,0.0,0.0,0,0.0,0.0,0,0.0,0.0,0,0.0,0.0,0,0.0,0.0,0,0.0,0.0,0
513,1513,0,True,0,-0.23016387027574417,-10.0,-100.1,-0.23016387027574417,-1.0026157429335008,275,0.0,0.0,0,0.0,0.0,0,0.0,0.0,0,0.0,0.0,0,0.0,0.0,0,0.0,0.0,0,0.0,0.0,0,0.0,0.0,0,0.0,0.0,0,0.0,0.0,0,0.0,0.0,0
516,1516,0,True,0,-0.3401635718408035,-10.0,-100.1,-0.3401635718408035,-1.5038400587719258,274,0.0,0.0,0,0.0,0.0,0,0.0,0.0,0,0.0,0.0,0,0.0,0.0,0,0.0,0.0,0,0.0,0.0,0,0.0,0.0,0,0.0,0.0,0,0.0,0.0,0,0.0,0.0,0
521,1521,0,True,0,-0.13016328038056796,-10.0,-100.1,-0.13016328038056796,-0.562040732436541,274,0.0,0.0,0,0.0,0.0,0,0.0,0.0,0,0.0,0.0,0,0.0,0.0,0,0.0,0.0,0,0.0,0.0,0,0.0,0.0,0,0.0,0.0,0,0.0,0.0,0,0.0,0.0,0
522,1522,0,True,0,-0.1101621355500422,-10.0,-100.1,-0.1101621355500422,-0.47648573741258193,272,0.0,0.0,0,0.0,0.0,0,0.0,0.0,0,0.0,0.0,0,0.0,0.0,0,0.0,0.0,0,0.0,0.0,0,0.0,0.0,0,0.0,0.0,0,0.0,0.0,0,0.0,0.0,0
524,1524,0,True,0,-0.2701554543073809,-10.0,-100.1,-0.2701554543073809,-1.2153628989050522,261,0.0,0.0,0,0.0,0.0,0,0.0,0.0,0,0.0,0.0,0,0.0,0.0,0,0.0,0.0,0,0.0,0.0,0,0.0,0.0,0,0.0,0.0,0,0.0,0.0,0,0.0,0.0,0
525,1525,0,True,0,-0.6701632679635467,-10.0,-100.1,-0.6701632679635467,-3.103407780556626,274,0.0,0.0,0,0.0,0.0,0,0.0,0.0,0,0.0,0.0,0,0.0,0.0,0,0.0,0.0,0,0.0,0.0,0,0.0,0.0,0,0.0,0.0,0,0.0,0.0,0,0.0,0.0,0
530,1530,0,True,0,-0.4301616863555658,-10.0,-100.1,-0.4301616863555658,-1.93538720906986,271,0.0,0.0,0,0.0,0.0,0,0.0,0.0,0,0.0,0.0,0,0.0,0.0,0,0.0,0.0,0,0.0,0.0,0,0.0,0.0,0,0.0,0.0,0,0.0,0.0,0,0.0,0.0,0
531,1531,0,True,0,-0.09016269992649975,-10.0,-100.1,-0.09016269992649975,-0.38847456946199554,273,0.0,0.0,0,0.0,0.0,0,0.0,0.0,0,0.0,0.0,0,0.0,0.0,0,0.0,0.0,0,0.0,0.0,0,0.0,0.0,0,0.0,0.0,0,0.0,0.0,0,0.0,0.0,0
536,1536,0,True,0,-0.2601638641626369,-10.0,-100.1,-0.2601638641626369,-1.1371323343487945,275,0.0,0.0,0,0.0,0.0,0,0.0,0.0,0,0.0,0.0,0,0.0,0.0,0,0.0,0.0,0,0.0,0.0,0,0.0,0.0,0,0.0,0.0,0,0.0,0.0,0,0.0,0.0,0
538,1538,0,True,0,-1.1901553030975784,-10.0,-100.1,-1.1901553030975784,-6.38106442409888,260,0.0,0.0,0,0.0,0.0,0,0.0,0.0,0,0.0,0.0,0,0.0,0.0,0,0.0,0.0,0,0.0,0.0,0,0.0,0.0,0,0.0,0.0,0,0.0,0.0,0,0.0,0.0,0
540,1540,0,True,0,-0.07015581898245515,-10.0,-100.1,-0.07015581898245515,-0.3080110480227287,262,0.0,0.0,0,0.0,0.0,0,0.0,0.0,0,0.0,0.0,0,0.0,0.0,0,0.0,0.0,0,0.0,0.0,0,0.0,0.0,0,0.0,0.0,0,0.0,0.0,0,0.0,0.0,0
546,1546,0,True,0,-1.1001286768158702,-10.0,-100.1,-1.1001286768158702,-6.75862668540922,215,0.0,0.0,0,0.0,0.0,0,0.0,0.0,0,0.0,0.0,0,0.0,0.0,0,0.0,0.0,0,0.0,0.0,0,0.0,0.0,0,0.0,0.0,0,0.0,0.0,0,0.0,0.0,0
548,1548,0,True,0,-0.29016388178542973,-10.0,-100.1,-0.29016388178542973,-1.2726573015710794,275,0.0,0.0,0,0.0,0.0,0,0.0,0.0,0,0.0,0.0,0,0.0,0.0,0,0.0,0.0,0,0.0,0.0,0,0.0,0.0,0,0.0,0.0,0,0.0,0.0,0,0.0,0.0,0
552,1552,0,True,0,-0.7801647156693686,-10.0,-100.1,-0.7801647156693686,-3.663105363850852,276,0.0,0.0,0,0.0,0.0,0,0.0,0.0,0,0.0,0.0,0,0.0,0.0,0,0.0,0.0,0,0.0,0.0,0,0.0,0.0,0,0.0,0.0,0,0.0,0.0,0,0.0,0.0,0
553,1553,0,True,0,-0.08016386244820403,-10.0,-100.1,-0.08016386244820403,-0.3437801966178728,275,0.0,0.0,0,0.0,0.0,0,0.0,0.0,0,0.0,0.0,0,0.0,0.0,0,0.0,0.0,0,0.0,0.0,0,0.0,0.0,0,0.0,0.0,0,0.0,0.0,0,0.0,0.0,0
554,1554,0,True,0,-0.23016387048408646,-10.0,-100.1,-0.23016387048408646,-1.0026157494434793,275,0.0,0.0,0,0.0,0.0,0,0.0,0.0,0,0.0,0.0,0,0.0,0.0,0,0.0,0.0,0,0.0,0.0,0,0.0,0.0,0,0.0,0.0,0,0.0,0.0,0,0.0,0.0,0
558,1558,0,True,0,-0.23016386980928474,-10.0,-100.1,-0.23016386980928474,-1.0026157937338656,275,0.0,0.0,0,0.0,0.0,0,0.0,0.0,0,0.0,0.0,0,0.0,0.0,0,0.0,0.0,0,0.0,0.0,0,0.0,0.0,0,0.0,0.0,0,0.0,0.0,0,0.0,0.0,0
560,1560,0,True,0,-0.7601635553501541,-10.0,-100.1,-0.7601635553501541,-3.5732475430411297,274,0.0,0.0,0,0.0,0.0,0,0.0,0.0,0,0.0,0.0,0,0.0,0.0,0,0.0,0.0,0,0.0,0.0,0,0.0,0.0,0,0.0,0.0,0,0.0,0.0,0,0.0,0.0,0
561,1561,0,True,0,-0.11016382714958468,-10.0,-100.1,-0.11016382714958468,-0.473838734943827,275,0.0,0.0,0,0.0,0.0,0,0.0,0.0,0,0.0,0.0,0,0.0,0.0,0,0.0,0.0,0,0.0,0.0,0,0.0,0.0,0,0.0,0.0,0,0.0,0.0,0,0.0,0.0,0
565,1565,0,True,0,-0.17016386203598322,-10.0,-100.1,-0.17016386203598322,-0.7364459866245896,275,0.0,0.0,0,0.0,0.0,0,0.0,0.0,0,0.0,0.0,0,0.0,0.0,0,0.0,0.0,0,0.0,0.0,0,0.0,0.0,0,0.0,0.0,0,0.0,0.0,0,0.0,0.0,0
566,1566,0,True,0,-0.19016179544427467,-10.0,-100.1,-0.19016179544427467,-0.8310422363025347,271,0.0,0.0,0,0.0,0.0,0,0.0,0.0,0,0.0,0.0,0,0.0,0.0,0,0.0,0.0,0,0.0,0.0,0,0.0,0.0,0,0.0,0.0,0,0.0,0.0,0,0.0,0.0,0
568,1568,0,True,0,-0.25016201920497455,-10.0,-100.1,-0.25016201920497455,-1.1006361617531362,271,0.0,0.0,0,0.0,0.0,0,0.0,0.0,0,0.0,0.0,0,0.0,0.0,0,0.0,0.0,0,0.0,0.0,0,0.0,0.0,0,0.0,0.0,0,0.0,0.0,0,0.0,0.0,0
570,1570,0,True,0,-0.08016359023649253,-10.0,-100.1,-0.08016359023649253,-0.3437790664156119,275,0.0,0.0,0,0.0,0.0,0,0.0,0.0,0,0.0,0.0,0,0.0,0.0,0,0.0,0.0,0,0.0,0.0,0,0.0,0.0,0,0.0,0.0,0,0.0,0.0,0,0.0,0.0,0
571,1571,0,True,0,-1.1301591136568243,-10.0,-100.1,-1.1301591136568243,-5.856478130345719,266,0.0,0.0,0,0.0,0.0,0,0.0,0.0,0,0.0,0.0,0,0.0,0.0,0,0.0,0.0,0,0.0,0.0,0,0.0,0.0,0,0.0,0.0,0,0.0,0.0,0,0.0,0.0,0
573,1573,0,True,0,-0.5001638826796094,-10.0,-100.1,-0.5001638826796094,-2.2533071009343026,275,0.0,0.0,0,0.0,0.0,0,0.0,0.0,0,0.0,0.0,0,0.0,0.0,0,0.0,0.0,0,0.0,0.0,0,0.0,0.0,0,0.0,0.0,0,0.0,0.0,0,0.0,0.0,0
574,1574,0,True,0,-0.010163273427197507,-10.0,-100.1,-0.010163273427197507,-0.04337576074627639,274,0.0,0.0,0,0.0,0.0,0,0.0,0.0,0,0.0,0.0,0,0.0,0.0,0,0.0,0.0,0,0.0,0.0,0,0.0,0.0,0,0.0,0.0,0,0.0,0.0,0,0.0,0.0,0
576,1576,0,True,0,-0.06016466838903109,-10.0,-100.1,-0.06016466838903109,-0.2570446327872347,276,0.0,0.0,0,0.0,0.0,0,0.0,0.0,0,0.0,0.0,0,0.0,0.0,0,0.0,0.0,0,0.0,0.0,0,0.0,0.0,0,0.0,0.0,0,0.0,0.0,0,0.0,0.0,0
579,1579,0,True,0,-0.4700884866222406,-10.0,-100.1,-0.4700884866222406,-3.0486002927790397,149,0.0,0.0,0,0.0,0.0,0,0.0,0.0,0,0.0,0.0,0,0.0,0.0,0,0.0,0.0,0,0.0,0.0,0,0.0,0.0,0,0.0,0.0,0,0.0,0.0,0,0.0,0.0,0
582,1582,0,True,0,-0.15011454226031068,-10.0,-100.1,-0.15011454226031068,-0.7806674506397571,192,0.0,0.0,0,0.0,0.0,0,0.0,0.0,0,0.0,0.0,0,0.0,0.0,0,0.0,0.0,0,0.0,0.0,0,0.0,0.0,0,0.0,0.0,0,0.0,0.0,0,0.0,0.0,0
590,1590,0,True,0,-0.3501638717955202,-10.0,-100.1,-0.3501638717955202,-1.5469017428151544,275,0.0,0.0,0,0.0,0.0,0,0.0,0.0,0,0.0,0.0,0,0.0,0.0,0,0.0,0.0,0,0.0,0.0,0,0.0,0.0,0,0.0,0.0,0,0.0,0.0,0,0.0,0.0,0
591,1591,0,True,0,-0.26016410658738415,-10.0,-100.1,-0.26016410658738415,-1.1371333243250399,275,0.0,0.0,0,0.0,0.0,0,0.0,0.0,0,0.0,0.0,0,0.0,0.0,0,0.0,0.0,0,0.0,0.0,0,0.0,0.0,0,0.0,0.0,0,0.0,0.0,0,0.0,0.0,0
592,1592,0,True,0,-0.09006412511912068,-10.0,-100.1,-0.09006412511912068,-0.624215470219212,108,0.0,0.0,0,0.0,0.0,0,0.0,0.0,0,0.0,0.0,0,0.0,0.0,0,0.0,0.0,0,0.0,0.0,0,0.0,0.0,0,0.0,0.0,0,0.0,0.0,0,0.0,0.0,0
596,1596,0,True,0,-0.32016386604061603,-10.0,-100.1,-0.32016386604061603,-1.4092324556710276,275,0.0,0.0,0,0.0,0.0,0,0.0,0.0,0,0.0,0.0,0,0.0,0.0,0,0.0,0.0,0,0.0,0.0,0,0.0,0.0,0,0.0,0.0,0,0.0,0.0,0,0.0,0.0,0
597,1597,0,True,0,-0.010163272843646858,-10.0,-100.1,-0.010163272843646858,-0.04337575660921566,274,0.0,0.0,0,0.0,0.0,0,0.0,0.0,0,0.0,0.0,0,0.0,0.0,0,0.0,0.0,0,0.0,0.0,0,0.0,0.0,0,0.0,0.0,0,0.0,0.0,0,0.0,0.0,0
601,1601,0,True,0,-0.810154032797298,-10.0,-100.1,-0.810154032797298,-3.9953970536343903,258,0.0,0.0,0,0.0,0.0,0,0.0,0.0,0,0.0,0.0,0,0.0,0.0,0,0.0,0.0,0,0.0,0.0,0,0.0,0.0,0,0.0,0.0,0,0.0,0.0,0,0.0,0.0,0
604,1604,0,True,0,-0.8901638210359704,-10.0,-100.1,-0.8901638210359704,-4.2740340086663355,275,0.0,0.0,0,0.0,0.0,0,0.0,0.0,0,0.0,0.0,0,0.0,0.0,0,0.0,0.0,0,0.0,0.0,0,0.0,0.0,0,0.0,0.0,0,0.0,0.0,0,0.0,0.0,0
606,1606,0,True,0,-0.15013598900107236,-10.0,-100.1,-0.15013598900107236,-0.7141626816160234,228,0.0,0.0,0,0.0,0.0,0,0.0,0.0,0,0.0,0.0,0,0.0,0.0,0,0.0,0.0,0,0.0,0.0,0,0.0,0.0,0,0.0,0.0,0,0.0,0.0,0,0.0,0.0,0
607,1607,0,True,0,-0.28016328024583614,-10.0,-100.1,-0.28016328024583614,-1.2297403094435329,274,0.0,0.0,0,0.0,0.0,0,0.0,0.0,0,0.0,0.0,0,0.0,0.0,0,0.0,0.0,0,0.0,0.0,0,0.0,0.0,0,0.0,0.0,0,0.0,0.0,0,0.0,0.0,0
608,1608,0,True,0,-0.4501631907727596,-10.0,-100.1,-0.4501631907727596,-2.022520260350888,273,0.0,0.0,0,0.0,0.0,0,0.0,0.0,0,0.0,0.0,0,0.0,0.0,0,0.0,0.0,0,0.0,0.0,0,0.0,0.0,0,0.0,0.0,0,0.0,0.0,0,0.0,0.0,0
610,1610,0,True,0,-0.7301632968828674,-10.0,-100.1,-0.7301632968828674,-3.4147361151033495,274,0.0,0.0,0,0.0,0.0,0,0.0,0.0,0,0.0,0.0,0,0.0,0.0,0,0.0,0.0,0,0.0,0.0,0,0.0,0.0,0,0.0,0.0,0,0.0,0.0,0,0.0,0.0,0
612,1612,0,True,0,-0.31016353466414076,-10.0,-100.1,-0.31016353466414076,-1.3662472976010671,274,0.0,0.0,0,0.0,0.0,0,0.0,0.0,0,0.0,0.0,0,0.0,0.0,0,0.0,0.0,0,0.0,0.0,0,0.0,0.0,0,0.0,0.0,0,0.0,0.0,0,0.0,0.0,0
613,1613,0,True,0,-0.21016472425840937,-10.0,-100.1,-0.21016472425840937,-0.9117555687142125,276,0.0,0.0,0,0.0,0.0,0,0.0,0.0,0,0.0,0.0,0,0.0,0.0,0,0.0,0.0,0,0.0,0.0,0,0.0,0.0,0,0.0,0.0,0,0.0,0.0,0,0.0,0.0,0
615,1615,0,True,0,-0.5401629570332918,-10.0,-100.1,-0.5401629570332918,-2.457599899951653,273,0.0,0.0,0,0.0,0.0,0,0.0,0.0,0,0.0,0.0,0,0.0,0.0,0,0.0,0.0,0,0.0,0.0,0,0.0,0.0,0,0.0,0.0,0,0.0,0.0,0,0.0,0.0,0
616,1616,0,True,0,-0.11016362052402257,-10.0,-100.1,-0.11016362052402257,-0.47383786650490406,275,0.0,0.0,0,0.0,0.0,0,0.0,0.0,0,0.0,0.0,0,0.0,0.0,0,0.0,0.0,0,0.0,0.0,0,0.0,0.0,0,0.0,0.0,0,0.0,0.0,0,0.0,0.0,0
617,1617,0,True,0,-0.08016439944503201,-10.0,-100.1,-0.08016439944503201,-0.3437824687717485,275,0.0,0.0,0,0.0,0.0,0,0.0,0.0,0,0.0,0.0,0,0.0,0.0,0,0.0,0.0,0,0.0,0.0,0,0.0,0.0,0,0.0,0.0,0,0.0,0.0,0,0.0,0.0,0
618,1618,0,True,0,-0.07016354399515583,-10.0,-100.1,-0.07016354399515583,-0.3011551916823849,274,0.0,0.0,0,0.0,0.0,0,0.0,0.0,0,0.0,0.0,0,0.0,0.0,0,0.0,0.0,0,0.0,0.0,0,0.0,0.0,0,0.0,0.0,0,0.0,0.0,0,0.0,0.0,0
620,1620,0,True,0,-0.6301593833056871,-10.0,-100.1,-0.6301593833056871,-2.945022234337384,267,0.0,0.0,0,0.0,0.0,0,0.0,0.0,0,0.0,0.0,0,0.0,0.0,0,0.0,0.0,0,0.0,0.0,0,0.0,0.0,0,0.0,0.0,0,0.0,0.0,0,0.0,0.0,0
622,1622,0,True,0,-0.20016207986139062,-10.0,-100.1,-0.20016207986139062,-0.8740299248114946,272,0.0,0.0,0,0.0,0.0,0,0.0,0.0,0,0.0,0.0,0,0.0,0.0,0,0.0,0.0,0,0.0,0.0,0,0.0,0.0,0,0.0,0.0,0,0.0,0.0,0,0.0,0.0,0
633,1633,0,True,0,-0.1701638668359587,-10.0,-100.1,-0.1701638668359587,-0.7364460093730036,275,0.0,0.0,0,0.0,0.0,0,0.0,0.0,0,0.0,0.0,0,0.0,0.0,0,0.0,0.0,0,0.0,0.0,0,0.0,0.0,0,0.0,0.0,0,0.0,0.0,0,0.0,0.0,0
636,1636,0,True,0,-0.19016329417963584,-10.0,-100.1,-0.19016329417963584,-0.8263158191105366,274,0.0,0.0,0,0.0,0.0,0,0.0,0.0,0,0.0,0.0,0,0.0,0.0,0,0.0,0.0,0,0.0,0.0,0,0.0,0.0,0,0.0,0.0,0,0.0,0.0,0,0.0,0.0,0
637,1637,0,True,0,-0.5001638733757101,-10.0,-100.1,-0.5001638733757101,-2.253307009475509,275,0.0,0.0,0,0.0,0.0,0,0.0,0.0,0,0.0,0.0,0,0.0,0.0,0,0.0,0.0,0,0.0,0.0,0,0.0,0.0,0,0.0,0.0,0,0.0,0.0,0,0.0,0.0,0
638,1638,0,True,0,-0.3501638507979367,-10.0,-100.1,-0.3501638507979367,-1.5469016319063917,275,0.0,0.0,0,0.0,0.0,0,0.0,0.0,0,0.0,0.0,0,0.0,0.0,0,0.0,0.0,0,0.0,0.0,0,0.0,0.0,0,0.0,0.0,0,0.0,0.0,0,0.0,0.0,0
639,1639,0,True,0,-0.2601638668531787,-10.0,-100.1,-0.2601638668531787,-1.1371323272467777,275,0.0,0.0,0,0.0,0.0,0,0.0,0.0,0,0.0,0.0,0,0.0,0.0,0,0.0,0.0,0,0.0,0.0,0,0.0,0.0,0,0.0,0.0,0,0.0,0.0,0,0.0,0.0,0
641,1641,0,True,0,-0.23016387327887108,-10.0,-100.1,-0.23016387327887108,-1.0026157562659546,275,0.0,0.0,0,0.0,0.0,0,0.0,0.0,0,0.0,0.0,0,0.0,0.0,0,0.0,0.0,0,0.0,0.0,0,0.0,0.0,0,0.0,0.0,0,0.0,0.0,0,0.0,0.0,0
644,1644,0,True,0,-1.0201124213937145,-10.0,-100.1,-1.0201124213937145,-6.84457294328811,189,0.0,0.0,0,0.0,0.0,0,0.0,0.0,0,0.0,0.0,0,0.0,0.0,0,0.0,0.0,0,0.0,0.0,0,0.0,0.0,0,0.0,0.0,0,0.0,0.0,0,0.0,0.0,0
645,1645,0,True,0,-0.20016386847420264,-10.0,-100.1,-0.20016386847420264,-0.8690667031327951,275,0.0,0.0,0,0.0,0.0,0,0.0,0.0,0,0.0,0.0,0,0.0,0.0,0,0.0,0.0,0,0.0,0.0,0,0.0,0.0,0,0.0,0.0,0,0.0,0.0,0,0.0,0.0,0
647,1647,0,True,0,-0.4601633009908539,-10.0,-100.1,-0.4601633009908539,-2.0660095909701464,274,0.0,0.0,0,0.0,0.0,0,0.0,0.0,0,0.0,0.0,0,0.0,0.0,0,0.0,0.0,0,0.0,0.0,0,0.0,0.0,0,0.0,0.0,0,0.0,0.0,0,0.0,0.0,0
648,1648,0,True,0,-0.1000935908626165,-10.0,-100.1,-0.1000935908626165,-0.5728449488265205,157,0.0,0.0,0,0.0,0.0,0,0.0,0.0,0,0.0,0.0,0,0.0,0.0,0,0.0,0.0,0,0.0,0.0,0,0.0,0.0,0,0.0,0.0,0,0.0,0.0,0,0.0,0.0,0
650,1650,0,True,0,-0.23016385927215974,-10.0,-100.1,-0.23016385927215974,-1.0026156933103287,275,0.0,0.0,0,0.0,0.0,0,0.0,0.0,0,0.0,0.0,0,0.0,0.0,0,0.0,0.0,0,0.0,0.0,0,0.0,0.0,0,0.0,0.0,0,0.0,0.0,0,0.0,0.0,0
654,1654,0,True,0,-0.14016385951379137,-10.0,-100.1,-0.14016385951379137,-0.6047156355174306,275,0.0,0.0,0,0.0,0.0,0,0.0,0.0,0,0.0,0.0,0,0.0,0.0,0,0.0,0.0,0,0.0,0.0,0,0.0,0.0,0,0.0,0.0,0,0.0,0.0,0,0.0,0.0,0
656,1656,0,True,0,-0.29016415185359656,-10.0,-100.1,-0.29016415185359656,-1.272658422781726,275,0.0,0.0,0,0.0,0.0,0,0.0,0.0,0,0.0,0.0,0,0.0,0.0,0,0.0,0.0,0,0.0,0.0,0,0.0,0.0,0,0.0,0.0,0,0.0,0.0,0,0.0,0.0,0
657,1657,0,True,0,-0.19016317341756028,-10.0,-100.1,-0.19016317341756028,-0.8263153136477943,274,0.0,0.0,0,0.0,0.0,0,0.0,0.0,0,0.0,0.0,0,0.0,0.0,0,0.0,0.0,0,0.0,0.0,0,0.0,0.0,0,0.0,0.0,0,0.0,0.0,0,0.0,0.0,0
660,1660,0,True,0,-0.3301342010410884,-10.0,-100.1,-0.3301342010410884,-1.6225197893398378,225,0.0,0.0,0,0.0,0.0,0,0.0,0.0,0,0.0,0.0,0,0.0,0.0,0,0.0,0.0,0,0.0,0.0,0,0.0,0.0,0,0.0,0.0,0,0.0,0.0,0,0.0,0.0,0
662,1662,0,True,0,-0.11016386308486437,-10.0,-100.1,-0.11016386308486437,-0.4738389078424136,275,0.0,0.0,0,0.0,0.0,0,0.0,0.0,0,0.0,0.0,0,0.0,0.0,0,0.0,0.0,0,0.0,0.0,0,0.0,0.0,0,0.0,0.0,0,0.0,0.0,0,0.0,0.0,0
665,1665,0,True,0,-0.6201639037017577,-10.0,-100.1,-0.6201639037017577,-2.8432555508675774,275,0.0,0.0,0,0.0,0.0,0,0.0,0.0,0,0.0,0.0,0,0.0,0.0,0,0.0,0.0,0,0.0,0.0,0,0.0,0.0,0,0.0,0.0,0,0.0,0.0,0,0.0,0.0,0
666,1666,0,True,0,-0.7101641642924725,-10.0,-100.1,-0.7101641642924725,-3.302727582760875,275,0.0,0.0,0,0.0,0.0,0,0.0,0.0,0,0.0,0.0,0,0.0,0.0,0,0.0,0.0,0,0.0,0.0,0,0.0,0.0,0,0.0,0.0,0,0.0,0.0,0,0.0,0.0,0
667,1667,0,True,0,-1.1301531573873487,-10.0,-100.1,-1.1301531573873487,-6.017856661908487,257,0.0,0.0,0,0.0,0.0,0,0.0,0.0,0,0.0,0.0,0,0.0,0.0,0,0.0,0.0,0,0.0,0.0,0,0.0,0.0,0,0.0,0.0,0,0.0,0.0,0,0.0,0.0,0
668,1668,0,True,0,-0.89016385954954,-10.0,-100.1,-0.89016385954954,-4.274034147008987,275,0.0,0.0,0,0.0,0.0,0,0.0,0.0,0,0.0,0.0,0,0.0,0.0,0,0.0,0.0,0,0.0,0.0,0,0.0,0.0,0,0.0,0.0,0,0.0,0.0,0,0.0,0.0,0
671,1671,0,True,0,-0.2601638672143852,-10.0,-100.1,-0.2601638672143852,-1.1371323516915657,275,0.0,0.0,0,0.0,0.0,0,0.0,0.0,0,0.0,0.0,0,0.0,0.0,0,0.0,0.0,0,0.0,0.0,0,0.0,0.0,0,0.0,0.0,0,0.0,0.0,0,0.0,0.0,0
672,1672,0,True,0,-1.0401638462892089,-10.0,-100.1,-1.0401638462892089,-5.14860779279152,275,0.0,0.0,0,0.0,0.0,0,0.0,0.0,0,0.0,0.0,0,0.0,0.0,0,0.0,0.0,0,0.0,0.0,0,0.0,0.0,0,0.0,0.0,0,0.0,0.0,0,0.0,0.0,0
674,1674,0,True,0,-0.2901626063353887,-10.0,-100.1,-0.2901626063353887,-1.2801039928691709,272,0.0,0.0,0,0.0,0.0,0,0.0,0.0,0,0.0,0.0,0,0.0,0.0,0,0.0,0.0,0,0.0,0.0,0,0.0,0.0,0,0.0,0.0,0,0.0,0.0,0,0.0,0.0,0
675,1675,0,True,0,-0.47016386710850133,-10.0,-100.1,-0.47016386710850133,-2.109451776955866,275,0.0,0.0,0,0.0,0.0,0,0.0,0.0,0,0.0,0.0,0,0.0,0.0,0,0.0,0.0,0,0.0,0.0,0,0.0,0.0,0,0.0,0.0,0,0.0,0.0,0,0.0,0.0,0
677,1677,0,True,0,-0.6501638743939744,-10.0,-100.1,-0.6501638743939744,-2.994680863417122,275,0.0,0.0,0,0.0,0.0,0,0.0,0.0,0,0.0,0.0,0,0.0,0.0,0,0.0,0.0,0,0.0,0.0,0,0.0,0.0,0,0.0,0.0,0,0.0,0.0,0,0.0,0.0,0
678,1678,0,True,0,-0.1601632730969838,-10.0,-100.1,-0.1601632730969838,-0.6937364456996922,274,0.0,0.0,0,0.0,0.0,0,0.0,0.0,0,0.0,0.0,0,0.0,0.0,0,0.0,0.0,0,0.0,0.0,0,0.0,0.0,0,0.0,0.0,0,0.0,0.0,0,0.0,0.0,0
686,1686,0,True,0,-0.17016387049262022,-10.0,-100.1,-0.17016387049262022,-0.7364460194700275,275,0.0,0.0,0,0.0,0.0,0,0.0,0.0,0,0.0,0.0,0,0.0,0.0,0,0.0,0.0,0,0.0,0.0,0,0.0,0.0,0,0.0,0.0,0,0.0,0.0,0,0.0,0.0,0
687,1687,0,True,0,-0.38016383639327833,-10.0,-100.1,-0.38016383639327833,-1.685710278542092,275,0.0,0.0,0,0.0,0.0,0,0.0,0.0,0,0.0,0.0,0,0.0,0.0,0,0.0,0.0,0,0.0,0.0,0,0.0,0.0,0,0.0,0.0,0,0.0,0.0,0,0.0,0.0,0
688,1688,0,True,0,-0.23016386683595877,-10.0,-100.1,-0.23016386683595877,-1.0026157271428207,275,0.0,0.0,0,0.0,0.0,0,0.0,0.0,0,0.0,0.0,0,0.0,0.0,0,0.0,0.0,0,0.0,0.0,0,0.0,0.0,0,0.0,0.0,0,0.0,0.0,0,0.0,0.0,0
689,1689,0,True,0,-1.0001635547707641,-10.0,-100.1,-1.0001635547707641,-4.921413382607693,274,0.0,0.0,0,0.0,0.0,0,0.0,0.0,0,0.0,0.0,0,0.0,0.0,0,0.0,0.0,0,0.0,0.0,0,0.0,0.0,0,0.0,0.0,0,0.0,0.0,0,0.0,0.0,0
690,1690,0,True,0,-0.26016229639079025,-10.0,-100.1,-0.26016229639079025,-1.1437304183552144,272,0.0,0.0,0,0.0,0.0,0,0.0,0.0,0,0.0,0.0,0,0.0,0.0,0,0.0,0.0,0,0.0,0.0,0,0.0,0.0,0,0.0,0.0,0,0.0,0.0,0,0.0,0.0,0
692,1692,0,True,0,-0.3201638692675291,-10.0,-100.1,-0.3201638692675291,-1.4092324635212985,275,0.0,0.0,0,0.0,0.0,0,0.0,0.0,0,0.0,0.0,0,0.0,0.0,0,0.0,0.0,0,0.0,0.0,0,0.0,0.0,0,0.0,0.0,0,0.0,0.0,0,0.0,0.0,0
694,1694,0,True,0,-0.23016386683595877,-10.0,-100.1,-0.23016386683595877,-1.0026157271428207,275,0.0,0.0,0,0.0,0.0,0,0.0,0.0,0,0.0,0.0,0,0.0,0.0,0,0.0,0.0,0,0.0,0.0,0,0.0,0.0,0,0.0,0.0,0,0.0,0.0,0,0.0,0.0,0
695,1695,0,True,0,-0.23016386683595877,-10.0,-100.1,-0.23016386683595877,-1.0026157271428207,275,0.0,0.0,0,0.0,0.0,0,0.0,0.0,0,0.0,0.0,0,0.0,0.0,0,0.0,0.0,0,0.0,0.0,0,0.0,0.0,0,0.0,0.0,0,0.0,0.0,0,0.0,0.0,0
696,1696,0,True,0,-0.010163548605381182,-10.0,-100.1,-0.010163548605381182,-0.04337693344394149,274,0.0,0.0,0,0.0,0.0,0,0.0,0.0,0,0.0,0.0,0,0.0,0.0,0,0.0,0.0,0,0.0,0.0,0,0.0,0.0,0,0.0,0.0,0,0.0,0.0,0,0.0,0.0,0
701,1701,0,True,0,-0.2301638233570563,-10.0,-100.1,-0.2301638233570563,-1.0026154691967202,275,0.0,0.0,0,0.0,0.0,0,0.0,0.0,0,0.0,0.0,0,0.0,0.0,0,0.0,0.0,0,0.0,0.0,0,0.0,0.0,0,0.0,0.0,0,0.0,0.0,0,0.0,0.0,0
705,1705,0,True,0,-0.23016386683595877,-10.0,-100.1,-0.23016386683595877,-1.0026157271428207,275,0.0,0.0,0,0.0,0.0,0,0.0,0.0,0,0.0,0.0,0,0.0,0.0,0,0.0,0.0,0,0.0,0.0,0,0.0,0.0,0,0.0,0.0,0,0.0,0.0,0,0.0,0.0,0
708,1708,0,True,0,-0.1901632626241971,-10.0,-100.1,-0.1901632626241971,-0.8263156490250004,274,0.0,0.0,0,0.0,0.0,0,0.0,0.0,0,0.0,0.0,0,0.0,0.0,0,0.0,0.0,0,0.0,0.0,0,0.0,0.0,0,0.0,0.0,0,0.0,0.0,0,0.0,0.0,0
709,1709,0,True,0,-0.23016387478873665,-10.0,-100.1,-0.23016387478873665,-1.0026157825112765,275,0.0,0.0,0,0.0,0.0,0,0.0,0.0,0,0.0,0.0,0,0.0,0.0,0,0.0,0.0,0,0.0,0.0,0,0.0,0.0,0,0.0,0.0,0,0.0,0.0,0,0.0,0.0,0
710,1710,0,True,0,-0.10016329092384782,-10.0,-100.1,-0.10016329092384782,-0.4311918320896622,274,0.0,0.0,0,0.0,0.0,0,0.0,0.0,0,0.0,0.0,0,0.0,0.0,0,0.0,0.0,0,0.0,0.0,0,0.0,0.0,0,0.0,0.0,0,0.0,0.0,0,0.0,0.0,0
715,1715,0,True,0,-0.35016388738917026,-10.0,-100.1,-0.35016388738917026,-1.546901847643464,275,0.0,0.0,0,0.0,0.0,0,0.0,0.0,0,0.0,0.0,0,0.0,0.0,0,0.0,0.0,0,0.0,0.0,0,0.0,0.0,0,0.0,0.0,0,0.0,0.0,0,0.0,0.0,0
717,1717,0,True,0,-0.23016386683595877,-10.0,-100.1,-0.23016386683595877,-1.0026157271428207,275,0.0,0.0,0,0.0,0.0,0,0.0,0.0,0,0.0,0.0,0,0.0,0.0,0,0.0,0.0,0,0.0,0.0,0,0.0,0.0,0,0.0,0.0,0,0.0,0.0,0,0.0,0.0,0
720,1720,0,True,0,-0.04016354613601902,-10.0,-100.1,-0.04016354613601902,-0.17189433956792277,274,0.0,0.0,0,0.0,0.0,0,0.0,0.0,0,0.0,0.0,0,0.0,0.0,0,0.0,0.0,0,0.0,0.0,0,0.0,0.0,0,0.0,0.0,0,0.0,0.0,0,0.0,0.0,0
723,1723,0,True,0,-0.0701632846911498,-10.0,-100.1,-0.0701632846911498,-0.30115410639157864,274,0.0,0.0,0,0.0,0.0,0,0.0,0.0,0,0.0,0.0,0,0.0,0.0,0,0.0,0.0,0,0.0,0.0,0,0.0,0.0,0,0.0,0.0,0,0.0,0.0,0,0.0,0.0,0
724,1724,0,True,0,-0.23016356542215843,-10.0,-100.1,-0.23016356542215843,-1.002614474873149,275,0.0,0.0,0,0.0,0.0,0,0.0,0.0,0,0.0,0.0,0,0.0,0.0,0,0.0,0.0,0,0.0,0.0,0,0.0,0.0,0,0.0,0.0,0,0.0,0.0,0,0.0,0.0,0
727,1727,0,True,0,-0.26016386724130114,-10.0,-100.1,-0.26016386724130114,-1.1371323432282399,275,0.0,0.0,0,0.0,0.0,0,0.0,0.0,0,0.0,0.0,0,0.0,0.0,0,0.0,0.0,0,0.0,0.0,0,0.0,0.0,0,0.0,0.0,0,0.0,0.0,0,0.0,0.0,0
731,1731,0,True,0,-0.8401608963877224,-10.0,-100.1,-0.8401608963877224,-4.044729462846232,270,0.0,0.0,0,0.0,0.0,0,0.0,0.0,0,0.0,0.0,0,0.0,0.0,0,0.0,0.0,0,0.0,0.0,0,0.0,0.0,0,0.0,0.0,0,0.0,0.0,0,0.0,0.0,0
732,1732,0,True,0,-0.13016328030238944,-10.0,-100.1,-0.13016328030238944,-0.5620406994033363,274,0.0,0.0,0,0.0,0.0,0,0.0,0.0,0,0.0,0.0,0,0.0,0.0,0,0.0,0.0,0,0.0,0.0,0,0.0,0.0,0,0.0,0.0,0,0.0,0.0,0,0.0,0.0,0
734,1734,0,True,0,-0.9101635465952088,-10.0,-100.1,-0.9101635465952088,-4.3976882467348215,274,0.0,0.0,0,0.0,0.0,0,0.0,0.0,0,0.0,0.0,0,0.0,0.0,0,0.0,0.0,0,0.0,0.0,0,0.0,0.0,0,0.0,0.0,0,0.0,0.0,0,0.0,0.0,0
736,1736,0,True,0,-0.16011384890175448,-10.0,-100.1,-0.16011384890175448,-0.8385659355472789,190,0.0,0.0,0,0.0,0.0,0,0.0,0.0,0,0.0,0.0,0,0.0,0.0,0,0.0,0.0,0,0.0,0.0,0,0.0,0.0,0,0.0,0.0,0,0.0,0.0,0,0.0,0.0,0
737,1737,0,True,0,-0.8901312229373566,-10.0,-100.1,-0.8901312229373566,-4.986901579277285,221,0.0,0.0,0,0.0,0.0,0,0.0,0.0,0,0.0,0.0,0,0.0,0.0,0,0.0,0.0,0,0.0,0.0,0,0.0,0.0,0,0.0,0.0,0,0.0,0.0,0,0.0,0.0,0
739,1739,0,True,0,-0.3101508979738865,-10.0,-100.1,-0.3101508979738865,-1.425966527840185,253,0.0,0.0,0,0.0,0.0,0,0.0,0.0,0,0.0,0.0,0,0.0,0.0,0,0.0,0.0,0,0.0,0.0,0,0.0,0.0,0,0.0,0.0,0,0.0,0.0,0,0.0,0.0,0
740,1740,0,True,0,-0.12016269969944961,-10.0,-100.1,-0.12016269969944961,-0.5192977657755927,273,0.0,0.0,0,0.0,0.0,0,0.0,0.0,0,0.0,0.0,0,0.0,0.0,0,0.0,0.0,0,0.0,0.0,0,0.0,0.0,0,0.0,0.0,0,0.0,0.0,0,0.0,0.0,0
741,1741,0,True,0,-0.1401638699240969,-10.0,-100.1,-0.1401638699240969,-0.6047156473795968,275,0.0,0.0,0,0.0,0.0,0,0.0,0.0,0,0.0,0.0,0,0.0,0.0,0,0.0,0.0,0,0.0,0.0,0,0.0,0.0,0,0.0,0.0,0,0.0,0.0,0,0.0,0.0,0
743,1743,0,True,0,-0.14016412388402139,-10.0,-100.1,-0.14016412388402139,-0.6047166973818482,275,0.0,0.0,0,0.0,0.0,0,0.0,0.0,0,0.0,0.0,0,0.0,0.0,0,0.0,0.0,0,0.0,0.0,0,0.0,0.0,0,0.0,0.0,0,0.0,0.0,0,0.0,0.0,0
744,1744,0,True,0,-0.34007394735510826,-10.0,-100.1,-0.34007394735510826,-2.367444317917977,124,0.0,0.0,0,0.0,0.0,0,0.0,0.0,0,0.0,0.0,0,0.0,0.0,0,0.0,0.0,0,0.0,0.0,0,0.0,0.0,0,0.0,0.0,0,0.0,0.0,0,0.0,0.0,0
746,1746,0,True,0,-0.23016386683595877,-10.0,-100.1,-0.23016386683595877,-1.0026157271428207,275,0.0,0.0,0,0.0,0.0,0,0.0,0.0,0,0.0,0.0,0,0.0,0.0,0,0.0,0.0,0,0.0,0.0,0,0.0,0.0,0,0.0,0.0,0,0.0,0.0,0,0.0,0.0,0
749,1749,0,True,0,-0.16016352083279328,-10.0,-100.1,-0.16016352083279328,-0.693737477571083,274,0.0,0.0,0,0.0,0.0,0,0.0,0.0,0,0.0,0.0,0,0.0,0.0,0,0.0,0.0,0,0.0,0.0,0,0.0,0.0,0,0.0,0.0,0,0.0,0.0,0,0.0,0.0,0
750,1750,0,True,0,-0.9201638834571981,-10.0,-100.1,-0.9201638834571981,-4.443723701174187,275,0.0,0.0,0,0.0,0.0,0,0.0,0.0,0,0.0,0.0,0,0.0,0.0,0,0.0,0.0,0,0.0,0.0,0,0.0,0.0,0,0.0,0.0,0,0.0,0.0,0,0.0,0.0,0
751,1751,0,True,0,-0.3001632578366952,-10.0,-100.1,-0.3001632578366952,-1.3232054961854895,273,0.0,0.0,0,0.0,0.0,0,0.0,0.0,0,0.0,0.0,0,0.0,0.0,0,0.0,0.0,0,0.0,0.0,0,0.0,0.0,0,0.0,0.0,0,0.0,0.0,0,0.0,0.0,0
754,1754,0,True,0,-0.13002549722589912,-10.0,-100.1,-0.13002549722589912,-1.546231907650959,43,0.0,0.0,0,0.0,0.0,0,0.0,0.0,0,0.0,0.0,0,0.0,0.0,0,0.0,0.0,0,0.0,0.0,0,0.0,0.0,0,0.0,0.0,0,0.0,0.0,0,0.0,0.0,0
755,1755,0,True,0,-0.08016416192478742,-10.0,-100.1,-0.08016416192478742,-0.34378144448090014,275,0.0,0.0,0,0.0,0.0,0,0.0,0.0,0,0.0,0.0,0,0.0,0.0,0,0.0,0.0,0,0.0,0.0,0,0.0,0.0,0,0.0,0.0,0,0.0,0.0,0,0.0,0.0,0
756,1756,0,True,0,-0.40016376645005064,-10.0,-100.1,-0.40016376645005064,-1.7824693803360696,274,0.0,0.0,0,0.0,0.0,0,0.0,0.0,0,0.0,0.0,0,0.0,0.0,0,0.0,0.0,0,0.0,0.0,0,0.0,0.0,0,0.0,0.0,0,0.0,0.0,0,0.0,0.0,0
769,1769,0,True,0,-0.140164150123412,-10.0,-100.1,-0.140164150123412,-0.6047168613267895,275,0.0,0.0,0,0.0,0.0,0,0.0,0.0,0,0.0,0.0,0,0.0,0.0,0,0.0,0.0,0,0.0,0.0,0,0.0,0.0,0,0.0,0.0,0,0.0,0.0,0,0.0,0.0,0
771,1771,0,True,0,-0.840162601818171,-10.0,-100.1,-0.840162601818171,-4.015561427505088,273,0.0,0.0,0,0.0,0.0,0,0.0,0.0,0,0.0,0.0,0,0.0,0.0,0,0.0,0.0,0,0.0,0.0,0,0.0,0.0,0,0.0,0.0,0,0.0,0.0,0,0.0,0.0,0
772,1772,0,True,0,-0.29016207067195293,-10.0,-100.1,-0.29016207067195293,-1.280101722837233,272,0.0,0.0,0,0.0,0.0,0,0.0,0.0,0,0.0,0.0,0,0.0,0.0,0,0.0,0.0,0,0.0,0.0,0,0.0,0.0,0,0.0,0.0,0,0.0,0.0,0,0.0,0.0,0
773,1773,0,True,0,-0.7601632387762403,-10.0,-100.1,-0.7601632387762403,-3.5732462946126042,274,0.0,0.0,0,0.0,0.0,0,0.0,0.0,0,0.0,0.0,0,0.0,0.0,0,0.0,0.0,0,0.0,0.0,0,0.0,0.0,0,0.0,0.0,0,0.0,0.0,0,0.0,0.0,0
774,1774,0,True,0,-0.23005842710071664,-10.0,-100.1,-0.23005842710071664,-1.7679539773822806,98,0.0,0.0,0,0.0,0.0,0,0.0,0.0,0,0.0,0.0,0,0.0,0.0,0,0.0,0.0,0,0.0,0.0,0,0.0,0.0,0,0.0,0.0,0,0.0,0.0,0,0.0,0.0,0
776,1776,0,True,0,-0.2001641466587918,-10.0,-100.1,-0.2001641466587918,-0.8690678742842393,275,0.0,0.0,0,0.0,0.0,0,0.0,0.0,0,0.0,0.0,0,0.0,0.0,0,0.0,0.0,0,0.0,0.0,0,0.0,0.0,0,0.0,0.0,0,0.0,0.0,0,0.0,0.0,0
778,1778,0,True,0,-0.030164415741745748,-10.0,-100.1,-0.030164415741745748,-0.1285088780837152,276,0.0,0.0,0,0.0,0.0,0,0.0,0.0,0,0.0,0.0,0,0.0,0.0,0,0.0,0.0,0,0.0,0.0,0,0.0,0.0,0,0.0,0.0,0,0.0,0.0,0,0.0,0.0,0
779,1779,0,True,0,-0.07016324731639177,-10.0,-100.1,-0.07016324731639177,-0.30115392384135997,274,0.0,0.0,0,0.0,0.0,0,0.0,0.0,0,0.0,0.0,0,0.0,0.0,0,0.0,0.0,0,0.0,0.0,0,0.0,0.0,0,0.0,0.0,0,0.0,0.0,0,0.0,0.0,0
780,1780,0,True,0,-0.6801588071427019,-10.0,-100.1,-0.6801588071427019,-3.212363364119975,266,0.0,0.0,0,0.0,0.0,0,0.0,0.0,0,0.0,0.0,0,0.0,0.0,0,0.0,0.0,0,0.0,0.0,0,0.0,0.0,0,0.0,0.0,0,0.0,0.0,0,0.0,0.0,0
781,1781,0,True,0,-0.41016387666965626,-10.0,-100.1,-0.41016387666965626,-1.8257053735202229,275,0.0,0.0,0,0.0,0.0,0,0.0,0.0,0,0.0,0.0,0,0.0,0.0,0,0.0,0.0,0,0.0,0.0,0,0.0,0.0,0,0.0,0.0,0,0.0,0.0,0,0.0,0.0,0
787,1787,0,True,0,-0.550163262324319,-10.0,-100.1,-0.550163262324319,-2.5014499850585263,274,0.0,0.0,0,0.0,0.0,0,0.0,0.0,0,0.0,0.0,0,0.0,0.0,0,0.0,0.0,0,0.0,0.0,0,0.0,0.0,0,0.0,0.0,0,0.0,0.0,0,0.0,0.0,0
788,1788,0,True,0,-0.09013581088867531,-10.0,-100.1,-0.09013581088867531,-0.42556059698724,228,0.0,0.0,0,0.0,0.0,0,0.0,0.0,0,0.0,0.0,0,0.0,0.0,0,0.0,0.0,0,0.0,0.0,0,0.0,0.0,0,0.0,0.0,0,0.0,0.0,0,0.0,0.0,0
792,1792,0,True,0,-0.6101632711851913,-10.0,-100.1,-0.6101632711851913,-2.799165552852258,274,0.0,0.0,0,0.0,0.0,0,0.0,0.0,0,0.0,0.0,0,0.0,0.0,0,0.0,0.0,0,0.0,0.0,0,0.0,0.0,0,0.0,0.0,0,0.0,0.0,0,0.0,0.0,0
795,1795,0,True,0,-0.18016269138846855,-10.0,-100.1,-0.18016269138846855,-0.7835005925536076,273,0.0,0.0,0,0.0,0.0,0,0.0,0.0,0,0.0,0.0,0,0.0,0.0,0,0.0,0.0,0,0.0,0.0,0,0.0,0.0,0,0.0,0.0,0,0.0,0.0,0,0.0,0.0,0
797,1797,0,True,0,-0.3401638277391044,-10.0,-100.1,-0.3401638277391044,-1.5038410078371929,274,0.0,0.0,0,0.0,0.0,0,0.0,0.0,0,0.0,0.0,0,0.0,0.0,0,0.0,0.0,0,0.0,0.0,0,0.0,0.0,0,0.0,0.0,0,0.0,0.0,0,0.0,0.0,0
799,1799,0,True,0,-0.26016386318413,-10.0,-100.1,-0.26016386318413,-1.1371323330962333,275,0.0,0.0,0,0.0,0.0,0,0.0,0.0,0,0.0,0.0,0,0.0,0.0,0,0.0,0.0,0,0.0,0.0,0,0.0,0.0,0,0.0,0.0,0,0.0,0.0,0,0.0,0.0,0
800,1800,0,True,0,-0.38016416866947783,-10.0,-100.1,-0.38016416866947783,-1.6857115014087516,275,0.0,0.0,0,0.0,0.0,0,0.0,0.0,0,0.0,0.0,0,0.0,0.0,0,0.0,0.0,0,0.0,0.0,0,0.0,0.0,0,0.0,0.0,0,0.0,0.0,0,0.0,0.0,0
802,1802,0,True,0,-0.41016385729510685,-10.0,-100.1,-0.41016385729510685,-1.8257051829335782,275,0.0,0.0,0,0.0,0.0,0,0.0,0.0,0,0.0,0.0,0,0.0,0.0,0,0.0,0.0,0,0.0,0.0,0,0.0,0.0,0,0.0,0.0,0,0.0,0.0,0,0.0,0.0,0
804,1804,0,True,0,-0.26016387458620277,-10.0,-100.1,-0.26016387458620277,-1.1371323455526392,275,0.0,0.0,0,0.0,0.0,0,0.0,0.0,0,0.0,0.0,0,0.0,0.0,0,0.0,0.0,0,0.0,0.0,0,0.0,0.0,0,0.0,0.0,0,0.0,0.0,0,0.0,0.0,0
807,1807,0,True,0,-0.27016267464209454,-10.0,-100.1,-0.27016267464209454,-1.186764655669999,273,0.0,0.0,0,0.0,0.0,0,0.0,0.0,0,0.0,0.0,0,0.0,0.0,0,0.0,0.0,0,0.0,0.0,0,0.0,0.0,0,0.0,0.0,0,0.0,0.0,0,0.0,0.0,0
810,1810,0,True,0,-0.8601638522292981,-10.0,-100.1,-0.8601638522292981,-4.106734760856427,275,0.0,0.0,0,0.0,0.0,0,0.0,0.0,0,0.0,0.0,0,0.0,0.0,0,0.0,0.0,0,0.0,0.0,0,0.0,0.0,0,0.0,0.0,0,0.0,0.0,0,0.0,0.0,0
811,1811,0,True,0,-0.5301638560107972,-10.0,-100.1,-0.5301638560107972,-2.3985561709823915,275,0.0,0.0,0,0.0,0.0,0,0.0,0.0,0,0.0,0.0,0,0.0,0.0,0,0.0,0.0,0,0.0,0.0,0,0.0,0.0,0,0.0,0.0,0,0.0,0.0,0,0.0,0.0,0
814,1814,0,True,0,-0.29016413964894516,-10.0,-100.1,-0.29016413964894516,-1.2726583049151272,275,0.0,0.0,0,0.0,0.0,0,0.0,0.0,0,0.0,0.0,0,0.0,0.0,0,0.0,0.0,0,0.0,0.0,0,0.0,0.0,0,0.0,0.0,0,0.0,0.0,0,0.0,0.0,0
816,1816,0,True,0,-0.940150826549645,-10.0,-100.1,-0.940150826549645,-4.83195878740282,253,0.0,0.0,0,0.0,0.0,0,0.0,0.0,0,0.0,0.0,0,0.0,0.0,0,0.0,0.0,0,0.0,0.0,0,0.0,0.0,0,0.0,0.0,0,0.0,0.0,0,0.0,0.0,0
823,1823,0,True,0,-0.1701638671837926,-10.0,-100.1,-0.1701638671837926,-0.7364460049440598,275,0.0,0.0,0,0.0,0.0,0,0.0,0.0,0,0.0,0.0,0,0.0,0.0,0,0.0,0.0,0,0.0,0.0,0,0.0,0.0,0,0.0,0.0,0,0.0,0.0,0,0.0,0.0,0
824,1824,0,True,0,-0.4401638726166037,-10.0,-100.1,-0.4401638726166037,-1.966935545455949,275,0.0,0.0,0,0.0,0.0,0,0.0,0.0,0,0.0,0.0,0,0.0,0.0,0,0.0,0.0,0,0.0,0.0,0,0.0,0.0,0,0.0,0.0,0,0.0,0.0,0,0.0,0.0,0
826,1826,0,True,0,-0.0400059256009619,-10.0,-100.1,-0.0400059256009619,-1.000147247346251,10,0.0,0.0,0,0.0,0.0,0,0.0,0.0,0,0.0,0.0,0,0.0,0.0,0,0.0,0.0,0,0.0,0.0,0,0.0,0.0,0,0.0,0.0,0,0.0,0.0,0,0.0,0.0,0
827,1827,0,True,0,-0.07016319091721183,-10.0,-100.1,-0.07016319091721183,-0.30115370679720654,274,0.0,0.0,0,0.0,0.0,0,0.0,0.0,0,0.0,0.0,0,0.0,0.0,0,0.0,0.0,0,0.0,0.0,0,0.0,0.0,0,0.0,0.0,0,0.0,0.0,0,0.0,0.0,0
835,1835,0,True,0,-0.03016444139846656,-10.0,-100.1,-0.03016444139846656,-0.1285089827218788,276,0.0,0.0,0,0.0,0.0,0,0.0,0.0,0,0.0,0.0,0,0.0,0.0,0,0.0,0.0,0,0.0,0.0,0,0.0,0.0,0,0.0,0.0,0,0.0,0.0,0,0.0,0.0,0
836,1836,0,True,0,-0.3601626554325232,-10.0,-100.1,-0.3601626554325232,-1.5993634070423688,273,0.0,0.0,0,0.0,0.0,0,0.0,0.0,0,0.0,0.0,0,0.0,0.0,0,0.0,0.0,0,0.0,0.0,0,0.0,0.0,0,0.0,0.0,0,0.0,0.0,0,0.0,0.0,0
841,1841,0,True,0,-1.0001238805723298,-10.0,-100.1,-1.0001238805723298,-6.095394674144216,208,0.0,0.0,0,0.0,0.0,0,0.0,0.0,0,0.0,0.0,0,0.0,0.0,0,0.0,0.0,0,0.0,0.0,0,0.0,0.0,0,0.0,0.0,0,0.0,0.0,0,0.0,0.0,0
842,1842,0,True,0,-0.5301638833919935,-10.0,-100.1,-0.5301638833919935,-2.3985564270350466,275,0.0,0.0,0,0.0,0.0,0,0.0,0.0,0,0.0,0.0,0,0.0,0.0,0,0.0,0.0,0,0.0,0.0,0,0.0,0.0,0,0.0,0.0,0,0.0,0.0,0,0.0,0.0,0
843,1843,0,True,0,-0.05016413885621165,-10.0,-100.1,-0.05016413885621165,-0.2145062346563646,275,0.0,0.0,0,0.0,0.0,0,0.0,0.0,0,0.0,0.0,0,0.0,0.0,0,0.0,0.0,0,0.0,0.0,0,0.0,0.0,0,0.0,0.0,0,0.0,0.0,0,0.0,0.0,0
845,1845,0,True,0,-0.02016383401865443,-10.0,-100.1,-0.02016383401865443,-0.08597995140139698,275,0.0,0.0,0,0.0,0.0,0,0.0,0.0,0,0.0,0.0,0,0.0,0.0,0,0.0,0.0,0,0.0,0.0,0,0.0,0.0,0,0.0,0.0,0,0.0,0.0,0,0.0,0.0,0
846,1846,0,True,0,-0.49014037414842854,-10.0,-100.1,-0.49014037414842854,-2.413169850632984,235,0.0,0.0,0,0.0,0.0,0,0.0,0.0,0,0.0,0.0,0,0.0,0.0,0,0.0,0.0,0,0.0,0.0,0,0.0,0.0,0,0.0,0.0,0,0.0,0.0,0,0.0,0.0,0
847,1847,0,True,0,-0.22016327995995763,-10.0,-100.1,-0.22016327995995763,-0.9598164139033409,274,0.0,0.0,0,0.0,0.0,0,0.0,0.0,0,0.0,0.0,0,0.0,0.0,0,0.0,0.0,0,0.0,0.0,0,0.0,0.0,0,0.0,0.0,0,0.0,0.0,0,0.0,0.0,0
854,1854,0,True,0,-0.7001632856860214,-10.0,-100.1,-0.7001632856860214,-3.2581493355298914,274,0.0,0.0,0,0.0,0.0,0,0.0,0.0,0,0.0,0.0,0,0.0,0.0,0,0.0,0.0,0,0.0,0.0,0,0.0,0.0,0,0.0,0.0,0,0.0,0.0,0,0.0,0.0,0
855,1855,0,True,0,-0.2901638617345028,-10.0,-100.1,-0.2901638617345028,-1.2726571234406632,275,0.0,0.0,0,0.0,0.0,0,0.0,0.0,0,0.0,0.0,0,0.0,0.0,0,0.0,0.0,0,0.0,0.0,0,0.0,0.0,0,0.0,0.0,0,0.0,0.0,0,0.0,0.0,0
856,1856,0,True,0,-0.20016385829761288,-10.0,-100.1,-0.20016385829761288,-0.8690666248855878,275,0.0,0.0,0,0.0,0.0,0,0.0,0.0,0,0.0,0.0,0,0.0,0.0,0,0.0,0.0,0,0.0,0.0,0,0.0,0.0,0,0.0,0.0,0,0.0,0.0,0,0.0,0.0,0
857,1857,0,True,0,-0.7200642676056406,-10.0,-100.1,-0.7200642676056406,-7.315012959147603,108,0.0,0.0,0,0.0,0.0,0,0.0,0.0,0,0.0,0.0,0,0.0,0.0,0,0.0,0.0,0,0.0,0.0,0,0.0,0.0,0,0.0,0.0,0,0.0,0.0,0,0.0,0.0,0
859,1859,0,True,0,-0.32010647299634426,-10.0,-100.1,-0.32010647299634426,-1.783664532598053,179,0.0,0.0,0,0.0,0.0,0,0.0,0.0,0,0.0,0.0,0,0.0,0.0,0,0.0,0.0,0,0.0,0.0,0,0.0,0.0,0,0.0,0.0,0,0.0,0.0,0,0.0,0.0,0
860,1860,0,True,0,-0.680163873669897,-10.0,-100.1,-0.680163873669897,-3.1478140753249795,275,0.0,0.0,0,0.0,0.0,0,0.0,0.0,0,0.0,0.0,0,0.0,0.0,0,0.0,0.0,0,0.0,0.0,0,0.0,0.0,0,0.0,0.0,0,0.0,0.0,0,0.0,0.0,0
861,1861,0,True,0,-0.11009913507989558,-10.0,-100.1,-0.11009913507989558,-0.611456743542613,167,0.0,0.0,0,0.0,0.0,0,0.0,0.0,0,0.0,0.0,0,0.0,0.0,0,0.0,0.0,0,0.0,0.0,0,0.0,0.0,0,0.0,0.0,0,0.0,0.0,0,0.0,0.0,0
862,1862,0,True,0,-0.2601638590689684,-10.0,-100.1,-0.2601638590689684,-1.1371322531851553,275,0.0,0.0,0,0.0,0.0,0,0.0,0.0,0,0.0,0.0,0,0.0,0.0,0,0.0,0.0,0,0.0,0.0,0,0.0,0.0,0,0.0,0.0,0,0.0,0.0,0,0.0,0.0,0
863,1863,0,True,0,-0.700163293004526,-10.0,-100.1,-0.700163293004526,-3.2581494904757164,274,0.0,0.0,0,0.0,0.0,0,0.0,0.0,0,0.0,0.0,0,0.0,0.0,0,0.0,0.0,0,0.0,0.0,0,0.0,0.0,0,0.0,0.0,0,0.0,0.0,0,0.0,0.0,0
864,1864,0,True,0,-0.15016471901484463,-10.0,-100.1,-0.15016471901484463,-0.6473245924526216,276,0.0,0.0,0,0.0,0.0,0,0.0,0.0,0,0.0,0.0,0,0.0,0.0,0,0.0,0.0,0,0.0,0.0,0,0.0,0.0,0,0.0,0.0,0,0.0,0.0,0,0.0,0.0,0
865,1865,0,True,0,-0.07016327651837516,-10.0,-100.1,-0.07016327651837516,-0.3011540658615183,274,0.0,0.0,0,0.0,0.0,0,0.0,0.0,0,0.0,0.0,0,0.0,0.0,0,0.0,0.0,0,0.0,0.0,0,0.0,0.0,0,0.0,0.0,0,0.0,0.0,0,0.0,0.0,0
874,1874,0,True,0,-0.34016355154440364,-10.0,-100.1,-0.34016355154440364,-1.5038400257336002,274,0.0,0.0,0,0.0,0.0,0,0.0,0.0,0,0.0,0.0,0,0.0,0.0,0,0.0,0.0,0,0.0,0.0,0,0.0,0.0,0,0.0,0.0,0,0.0,0.0,0,0.0,0.0,0
875,1875,0,True,0,-0.400036286721917,-10.0,-100.1,-0.400036286721917,-5.312605316134047,61,0.0,0.0,0,0.0,0.0,0,0.0,0.0,0,0.0,0.0,0,0.0,0.0,0,0.0,0.0,0,0.0,0.0,0,0.0,0.0,0,0.0,0.0,0,0.0,0.0,0,0.0,0.0,0
876,1876,0,True,0,-0.3801637722442566,-10.0,-100.1,-0.3801637722442566,-1.6857099517400274,275,0.0,0.0,0,0.0,0.0,0,0.0,0.0,0,0.0,0.0,0,0.0,0.0,0,0.0,0.0,0,0.0,0.0,0,0.0,0.0,0,0.0,0.0,0,0.0,0.0,0,0.0,0.0,0
877,1877,0,True,0,-0.18016445514716947,-10.0,-100.1,-0.18016445514716947,-0.7790903572003363,276,0.0,0.0,0,0.0,0.0,0,0.0,0.0,0,0.0,0.0,0,0.0,0.0,0,0.0,0.0,0,0.0,0.0,0,0.0,0.0,0,0.0,0.0,0,0.0,0.0,0,0.0,0.0,0
878,1878,0,True,0,-0.08016384211935612,-10.0,-100.1,-0.08016384211935612,-0.34378009514719937,275,0.0,0.0,0,0.0,0.0,0,0.0,0.0,0,0.0,0.0,0,0.0,0.0,0,0.0,0.0,0,0.0,0.0,0,0.0,0.0,0,0.0,0.0,0,0.0,0.0,0,0.0,0.0,0
880,1880,0,True,0,-0.3201638612988764,-10.0,-100.1,-0.3201638612988764,-1.4092324081773864,275,0.0,0.0,0,0.0,0.0,0,0.0,0.0,0,0.0,0.0,0,0.0,0.0,0,0.0,0.0,0,0.0,0.0,0,0.0,0.0,0,0.0,0.0,0,0.0,0.0,0,0.0,0.0,0
882,1882,0,True,0,-0.2001638778479512,-10.0,-100.1,-0.2001638778479512,-0.8690667647017267,275,0.0,0.0,0,0.0,0.0,0,0.0,0.0,0,0.0,0.0,0,0.0,0.0,0,0.0,0.0,0,0.0,0.0,0,0.0,0.0,0,0.0,0.0,0,0.0,0.0,0,0.0,0.0,0
885,1885,0,True,0,-0.050002939340997234,-10.0,-100.1,-0.050002939340997234,-996261.4946848133,5,0.0,0.0,0,0.0,0.0,0,0.0,0.0,0,0.0,0.0,0,0.0,0.0,0,0.0,0.0,0,0.0,0.0,0,0.0,0.0,0,0.0,0.0,0,0.0,0.0,0,0.0,0.0,0
889,1889,0,True,0,-0.6301644458744838,-10.0,-100.1,-0.6301644458744838,-2.8873041353012106,276,0.0,0.0,0,0.0,0.0,0,0.0,0.0,0,0.0,0.0,0,0.0,0.0,0,0.0,0.0,0,0.0,0.0,0,0.0,0.0,0,0.0,0.0,0,0.0,0.0,0,0.0,0.0,0
891,1891,0,True,0,-0.28015424810316547,-10.0,-100.1,-0.28015424810316547,-1.2670811575302663,259,0.0,0.0,0,0.0,0.0,0,0.0,0.0,0,0.0,0.0,0,0.0,0.0,0,0.0,0.0,0,0.0,0.0,0,0.0,0.0,0,0.0,0.0,0,0.0,0.0,0,0.0,0.0,0
898,1898,0,True,0,-0.6001647328391966,-10.0,-100.1,-0.6001647328391966,-2.7373722125575735,276,0.0,0.0,0,0.0,0.0,0,0.0,0.0,0,0.0,0.0,0,0.0,0.0,0,0.0,0.0,0,0.0,0.0,0,0.0,0.0,0,0.0,0.0,0,0.0,0.0,0,0.0,0.0,0
900,1900,0,True,0,-0.020164122654522502,-10.0,-100.1,-0.020164122654522502,-0.08598117997656325,275,0.0,0.0,0,0.0,0.0,0,0.0,0.0,0,0.0,0.0,0,0.0,0.0,0,0.0,0.0,0,0.0,0.0,0,0.0,0.0,0,0.0,0.0,0,0.0,0.0,0,0.0,0.0,0
907,1907,0,True,0,-0.7601635264792508,-10.0,-100.1,-0.7601635264792508,-3.5732475359876053,274,0.0,0.0,0,0.0,0.0,0,0.0,0.0,0,0.0,0.0,0,0.0,0.0,0,0.0,0.0,0,0.0,0.0,0,0.0,0.0,0,0.0,0.0,0,0.0,0.0,0,0.0,0.0,0
909,1909,0,True,0,-0.2801557684937142,-10.0,-100.1,-0.2801557684937142,-1.2593373021335779,262,0.0,0.0,0,0.0,0.0,0,0.0,0.0,0,0.0,0.0,0,0.0,0.0,0,0.0,0.0,0,0.0,0.0,0,0.0,0.0,0,0.0,0.0,0,0.0,0.0,0,0.0,0.0,0
910,1910,0,True,0,-0.24016268168080868,-10.0,-100.1,-0.24016268168080868,-1.0513626293470375,273,0.0,0.0,0,0.0,0.0,0,0.0,0.0,0,0.0,0.0,0,0.0,0.0,0,0.0,0.0,0,0.0,0.0,0,0.0,0.0,0,0.0,0.0,0,0.0,0.0,0,0.0,0.0,0
912,1912,0,True,0,-0.11016412323375761,-10.0,-100.1,-0.11016412323375761,-0.4738399918121596,275,0.0,0.0,0,0.0,0.0,0,0.0,0.0,0,0.0,0.0,0,0.0,0.0,0,0.0,0.0,0,0.0,0.0,0,0.0,0.0,0,0.0,0.0,0,0.0,0.0,0,0.0,0.0,0
913,1913,0,True,0,-0.8401647819931514,-10.0,-100.1,-0.8401647819931514,-3.9870458992592357,276,0.0,0.0,0,0.0,0.0,0,0.0,0.0,0,0.0,0.0,0,0.0,0.0,0,0.0,0.0,0,0.0,0.0,0,0.0,0.0,0,0.0,0.0,0,0.0,0.0,0,0.0,0.0,0
914,1914,0,True,0,-0.2901620939229178,-10.0,-100.1,-0.2901620939229178,-1.2801018052552506,272,0.0,0.0,0,0.0,0.0,0,0.0,0.0,0,0.0,0.0,0,0.0,0.0,0,0.0,0.0,0,0.0,0.0,0,0.0,0.0,0,0.0,0.0,0,0.0,0.0,0,0.0,0.0,0
921,1921,0,True,0,-0.5800611557274032,-10.0,-100.1,-0.5800611557274032,-5.3748367093444545,103,0.0,0.0,0,0.0,0.0,0,0.0,0.0,0,0.0,0.0,0,0.0,0.0,0,0.0,0.0,0,0.0,0.0,0,0.0,0.0,0,0.0,0.0,0,0.0,0.0,0,0.0,0.0,0
923,1923,0,True,0,-0.07016349662950723,-10.0,-100.1,-0.07016349662950723,-0.30115501273544376,274,0.0,0.0,0,0.0,0.0,0,0.0,0.0,0,0.0,0.0,0,0.0,0.0,0,0.0,0.0,0,0.0,0.0,0,0.0,0.0,0,0.0,0.0,0,0.0,0.0,0,0.0,0.0,0
925,1925,0,True,0,-0.38016446528173187,-10.0,-100.1,-0.38016446528173187,-1.6857128289546865,275,0.0,0.0,0,0.0,0.0,0,0.0,0.0,0,0.0,0.0,0,0.0,0.0,0,0.0,0.0,0,0.0,0.0,0,0.0,0.0,0,0.0,0.0,0,0.0,0.0,0,0.0,0.0,0
927,1927,0,True,0,-0.26016387051279577,-10.0,-100.1,-0.26016387051279577,-1.1371323205758561,275,0.0,0.0,0,0.0,0.0,0,0.0,0.0,0,0.0,0.0,0,0.0,0.0,0,0.0,0.0,0,0.0,0.0,0,0.0,0.0,0,0.0,0.0,0,0.0,0.0,0,0.0,0.0,0
928,1928,0,True,0,-0.4201361866668857,-10.0,-100.1,-0.4201361866668857,-2.0798478457005367,228,0.0,0.0,0,0.0,0.0,0,0.0,0.0,0,0.0,0.0,0,0.0,0.0,0,0.0,0.0,0,0.0,0.0,0,0.0,0.0,0,0.0,0.0,0,0.0,0.0,0,0.0,0.0,0
929,1929,0,True,0,-0.4401641522459724,-10.0,-100.1,-0.4401641522459724,-1.96693675456159,275,0.0,0.0,0,0.0,0.0,0,0.0,0.0,0,0.0,0.0,0,0.0,0.0,0,0.0,0.0,0,0.0,0.0,0,0.0,0.0,0,0.0,0.0,0,0.0,0.0,0,0.0,0.0,0
930,1930,0,True,0,-0.4301632888350832,-10.0,-100.1,-0.4301632888350832,-1.9235992523455003,274,0.0,0.0,0,0.0,0.0,0,0.0,0.0,0,0.0,0.0,0,0.0,0.0,0,0.0,0.0,0,0.0,0.0,0,0.0,0.0,0,0.0,0.0,0,0.0,0.0,0,0.0,0.0,0
931,1931,0,True,0,-0.5801546092939635,-10.0,-100.1,-0.5801546092939635,-2.7386969021353327,259,0.0,0.0,0,0.0,0.0,0,0.0,0.0,0,0.0,0.0,0,0.0,0.0,0,0.0,0.0,0,0.0,0.0,0,0.0,0.0,0,0.0,0.0,0,0.0,0.0,0,0.0,0.0,0
934,1934,0,True,0,-0.9601609095672887,-10.0,-100.1,-0.9601609095672887,-4.733872920042684,270,0.0,0.0,0,0.0,0.0,0,0.0,0.0,0,0.0,0.0,0,0.0,0.0,0,0.0,0.0,0,0.0,0.0,0,0.0,0.0,0,0.0,0.0,0,0.0,0.0,0,0.0,0.0,0
937,1937,0,True,0,-0.08016411261746173,-10.0,-100.1,-0.08016411261746173,-0.3437812681655682,275,0.0,0.0,0,0.0,0.0,0,0.0,0.0,0,0.0,0.0,0,0.0,0.0,0,0.0,0.0,0,0.0,0.0,0,0.0,0.0,0,0.0,0.0,0,0.0,0.0,0,0.0,0.0,0
941,1941,0,True,0,-0.63016474194608,-10.0,-100.1,-0.63016474194608,-2.887305363169566,276,0.0,0.0,0,0.0,0.0,0,0.0,0.0,0,0.0,0.0,0,0.0,0.0,0,0.0,0.0,0,0.0,0.0,0,0.0,0.0,0,0.0,0.0,0,0.0,0.0,0,0.0,0.0,0
943,1943,0,True,0,-0.3501641419716039,-10.0,-100.1,-0.3501641419716039,-1.5469029002393644,275,0.0,0.0,0,0.0,0.0,0,0.0,0.0,0,0.0,0.0,0,0.0,0.0,0,0.0,0.0,0,0.0,0.0,0,0.0,0.0,0,0.0,0.0,0,0.0,0.0,0,0.0,0.0,0
946,1946,0,True,0,-0.8201525822537087,-10.0,-100.1,-0.8201525822537087,-4.073770337644016,256,0.0,0.0,0,0.0,0.0,0,0.0,0.0,0,0.0,0.0,0,0.0,0.0,0,0.0,0.0,0,0.0,0.0,0,0.0,0.0,0,0.0,0.0,0,0.0,0.0,0,0.0,0.0,0
947,1947,0,True,0,-0.44016355217819936,-10.0,-100.1,-0.44016355217819936,-1.966934154780581,275,0.0,0.0,0,0.0,0.0,0,0.0,0.0,0,0.0,0.0,0,0.0,0.0,0,0.0,0.0,0,0.0,0.0,0,0.0,0.0,0,0.0,0.0,0,0.0,0.0,0,0.0,0.0,0
948,1948,0,True,0,-0.5001641706470017,-10.0,-100.1,-0.5001641706470017,-2.253308147153798,275,0.0,0.0,0,0.0,0.0,0,0.0,0.0,0,0.0,0.0,0,0.0,0.0,0,0.0,0.0,0,0.0,0.0,0,0.0,0.0,0,0.0,0.0,0,0.0,0.0,0,0.0,0.0,0
951,1951,0,True,0,-0.09016468685441612,-10.0,-100.1,-0.09016468685441612,-0.3863362342050602,276,0.0,0.0,0,0.0,0.0,0,0.0,0.0,0,0.0,0.0,0,0.0,0.0,0,0.0,0.0,0,0.0,0.0,0,0.0,0.0,0,0.0,0.0,0,0.0,0.0,0,0.0,0.0,0
953,1953,0,True,0,-0.6101636014734957,-10.0,-100.1,-0.6101636014734957,-2.7991669562966397,274,0.0,0.0,0,0.0,0.0,0,0.0,0.0,0,0.0,0.0,0,0.0,0.0,0,0.0,0.0,0,0.0,0.0,0,0.0,0.0,0,0.0,0.0,0,0.0,0.0,0,0.0,0.0,0
956,1956,0,True,0,-0.11016384796383186,-10.0,-100.1,-0.11016384796383186,-0.4738388406194712,275,0.0,0.0,0,0.0,0.0,0,0.0,0.0,0,0.0,0.0,0,0.0,0.0,0,0.0,0.0,0,0.0,0.0,0,0.0,0.0,0,0.0,0.0,0,0.0,0.0,0,0.0,0.0,0
957,1957,0,True,0,-0.9501638518775749,-10.0,-100.1,-0.9501638518775749,-4.615909848716777,275,0.0,0.0,0,0.0,0.0,0,0.0,0.0,0,0.0,0.0,0,0.0,0.0,0,0.0,0.0,0,0.0,0.0,0,0.0,0.0,0,0.0,0.0,0,0.0,0.0,0,0.0,0.0,0
958,1958,0,True,0,-0.20016387406258102,-10.0,-100.1,-0.20016387406258102,-0.8690667351706369,275,0.0,0.0,0,0.0,0.0,0,0.0,0.0,0,0.0,0.0,0,0.0,0.0,0,0.0,0.0,0,0.0,0.0,0,0.0,0.0,0,0.0,0.0,0,0.0,0.0,0,0.0,0.0,0
959,1959,0,True,0,-0.020164115196375253,-10.0,-100.1,-0.020164115196375253,-0.08598115076109673,275,0.0,0.0,0,0.0,0.0,0,0.0,0.0,0,0.0,0.0,0,0.0,0.0,0,0.0,0.0,0,0.0,0.0,0,0.0,0.0,0,0.0,0.0,0,0.0,0.0,0,0.0,0.0,0
966,1966,0,True,0,-0.25016348829431945,-10.0,-100.1,-0.25016348829431945,-1.0942785743435222,274,0.0,0.0,0,0.0,0.0,0,0.0,0.0,0,0.0,0.0,0,0.0,0.0,0,0.0,0.0,0,0.0,0.0,0,0.0,0.0,0,0.0,0.0,0,0.0,0.0,0,0.0,0.0,0
969,1969,0,True,0,-0.2701504532691252,-10.0,-100.1,-0.2701504532691252,-1.2382367382492308,252,0.0,0.0,0,0.0,0.0,0,0.0,0.0,0,0.0,0.0,0,0.0,0.0,0,0.0,0.0,0,0.0,0.0,0,0.0,0.0,0,0.0,0.0,0,0.0,0.0,0,0.0,0.0,0
970,1970,0,True,0,-0.23016386998374347,-10.0,-100.1,-0.23016386998374347,-1.0026157414135228,275,0.0,0.0,0,0.0,0.0,0,0.0,0.0,0,0.0,0.0,0,0.0,0.0,0,0.0,0.0,0,0.0,0.0,0,0.0,0.0,0,0.0,0.0,0,0.0,0.0,0,0.0,0.0,0
971,1971,0,True,0,-0.1001632608281103,-10.0,-100.1,-0.1001632608281103,-0.43119169346241115,274,0.0,0.0,0,0.0,0.0,0,0.0,0.0,0,0.0,0.0,0,0.0,0.0,0,0.0,0.0,0,0.0,0.0,0,0.0,0.0,0,0.0,0.0,0,0.0,0.0,0,0.0,0.0,0
973,1973,0,True,0,-0.2601638748123348,-10.0,-100.1,-0.2601638748123348,-1.1371323769368524,275,0.0,0.0,0,0.0,0.0,0,0.0,0.0,0,0.0,0.0,0,0.0,0.0,0,0.0,0.0,0,0.0,0.0,0,0.0,0.0,0,0.0,0.0,0,0.0,0.0,0,0.0,0.0,0
975,1975,0,True,0,-0.05016386816351585,-10.0,-100.1,-0.05016386816351585,-0.21450509028621204,275,0.0,0.0,0,0.0,0.0,0,0.0,0.0,0,0.0,0.0,0,0.0,0.0,0,0.0,0.0,0,0.0,0.0,0,0.0,0.0,0,0.0,0.0,0,0.0,0.0,0,0.0,0.0,0
976,1976,0,True,0,-0.16016328107802083,-10.0,-100.1,-0.16016328107802083,-0.6937364119651063,274,0.0,0.0,0,0.0,0.0,0,0.0,0.0,0,0.0,0.0,0,0.0,0.0,0,0.0,0.0,0,0.0,0.0,0,0.0,0.0,0,0.0,0.0,0,0.0,0.0,0,0.0,0.0,0
978,1978,0,True,0,-0.26016386357952453,-10.0,-100.1,-0.26016386357952453,-1.137132386734815,275,0.0,0.0,0,0.0,0.0,0,0.0,0.0,0,0.0,0.0,0,0.0,0.0,0,0.0,0.0,0,0.0,0.0,0,0.0,0.0,0,0.0,0.0,0,0.0,0.0,0,0.0,0.0,0
981,1981,0,True,0,-0.5801629810683566,-10.0,-100.1,-0.5801629810683566,-2.649523688057938,274,0.0,0.0,0,0.0,0.0,0,0.0,0.0,0,0.0,0.0,0,0.0,0.0,0,0.0,0.0,0,0.0,0.0,0,0.0,0.0,0,0.0,0.0,0,0.0,0.0,0,0.0,0.0,0
982,1982,0,True,0,-0.2101644362091979,-10.0,-100.1,-0.2101644362091979,-0.9117543613544244,276,0.0,0.0,0,0.0,0.0,0,0.0,0.0,0,0.0,0.0,0,0.0,0.0,0,0.0,0.0,0,0.0,0.0,0,0.0,0.0,0,0.0,0.0,0,0.0,0.0,0,0.0,0.0,0
983,1983,0,True,0,-0.20016387046647272,-10.0,-100.1,-0.20016387046647272,-0.8690667221832505,275,0.0,0.0,0,0.0,0.0,0,0.0,0.0,0,0.0,0.0,0,0.0,0.0,0,0.0,0.0,0,0.0,0.0,0,0.0,0.0,0,0.0,0.0,0,0.0,0.0,0,0.0,0.0,0
988,1988,0,True,0,-0.14016413675588768,-10.0,-100.1,-0.14016413675588768,-0.6047168119674243,275,0.0,0.0,0,0.0,0.0,0,0.0,0.0,0,0.0,0.0,0,0.0,0.0,0,0.0,0.0,0,0.0,0.0,0,0.0,0.0,0,0.0,0.0,0,0.0,0.0,0,0.0,0.0,0
989,1989,0,True,0,-0.41016388859696706,-10.0,-100.1,-0.41016388859696706,-1.8257053946463164,275,0.0,0.0,0,0.0,0.0,0,0.0,0.0,0,0.0,0.0,0,0.0,0.0,0,0.0,0.0,0,0.0,0.0,0,0.0,0.0,0,0.0,0.0,0,0.0,0.0,0,0.0,0.0,0
991,1991,0,True,0,-0.3201638914076478,-10.0,-100.1,-0.3201638914076478,-1.4092325619194113,275,0.0,0.0,0,0.0,0.0,0,0.0,0.0,0,0.0,0.0,0,0.0,0.0,0,0.0,0.0,0,0.0,0.0,0,0.0,0.0,0,0.0,0.0,0,0.0,0.0,0,0.0,0.0,0
992,1992,0,True,0,-0.7401641887376785,-10.0,-100.1,-0.7401641887376785,-3.4594946731697487,275,0.0,0.0,0,0.0,0.0,0,0.0,0.0,0,0.0,0.0,0,0.0,0.0,0,0.0,0.0,0,0.0,0.0,0,0.0,0.0,0,0.0,0.0,0,0.0,0.0,0,0.0,0.0,0
993,1993,0,True,0,-0.3801638285401674,-10.0,-100.1,-0.3801638285401674,-1.6857102847861145,275,0.0,0.0,0,0.0,0.0,0,0.0,0.0,0,0.0,0.0,0,0.0,0.0,0,0.0,0.0,0,0.0,0.0,0,0.0,0.0,0,0.0,0.0,0,0.0,0.0,0,0.0,0.0,0
996,1996,0,True,0,-0.08016414981451313,-10.0,-100.1,-0.08016414981451313,-0.343781399953182,275,0.0,0.0,0,0.0,0.0,0,0.0,0.0,0,0.0,0.0,0,0.0,0.0,0,0.0,0.0,0,0.0,0.0,0,0.0,0.0,0,0.0,0.0,0,0.0,0.0,0,0.0,0.0,0
999,1999,0,True,0,-0.6401632721239178,-10.0,-100.1,-0.6401632721239178,-2.9504372460095567,274,0.0,0.0,0,0.0,0.0,0,0.0,0.0,0,0.0,0.0,0,0.0,0.0,0,0.0,0.0,0,0.0,0.0,0,0.0,0.0,0,0.0,0.0,0,0.0,0.0,0,0.0,0.0,0
