time,open,high,low,close,tick_volume,spread,real_volume
2024-09-26 14:00:00+00:00,67.247,68.142,67.108,67.932,9799,17,0
2024-09-26 15:00:00+00:00,67.935,68.286,67.587,68.126,7193,17,0
2024-09-26 16:00:00+00:00,68.126,68.134,67.331,67.491,4926,17,0
2024-09-26 17:00:00+00:00,67.486,67.697,67.135,67.315,4220,17,0
2024-09-26 18:00:00+00:00,67.308,67.594,67.288,67.412,3626,17,0
2024-09-26 19:00:00+00:00,67.414,67.447,67.101,67.176,1546,17,0
2024-09-26 20:00:00+00:00,67.182,67.321,67.17,67.276,583,17,0
2024-09-26 22:00:00+00:00,67.309,67.384,67.308,67.383,144,17,0
2024-09-26 23:00:00+00:00,67.383,67.383,67.129,67.167,264,17,0
2024-09-27 00:00:00+00:00,67.166,67.196,66.875,66.98,1142,17,0
2024-09-27 01:00:00+00:00,66.976,67.24,66.915,67.195,2404,17,0
2024-09-27 02:00:00+00:00,67.202,67.255,67.067,67.249,1496,17,0
2024-09-27 03:00:00+00:00,67.244,67.372,67.175,67.326,1146,17,0
2024-09-27 04:00:00+00:00,67.329,67.399,67.271,67.366,684,17,0
2024-09-27 05:00:00+00:00,67.365,67.45,67.193,67.262,2026,17,0
2024-09-27 06:00:00+00:00,67.264,67.721,67.264,67.641,2789,17,0
2024-09-27 07:00:00+00:00,67.646,67.795,67.195,67.699,3217,17,0
2024-09-27 08:00:00+00:00,67.695,67.929,67.458,67.733,3498,17,0
2024-09-27 09:00:00+00:00,67.736,67.873,67.341,67.533,3491,17,0
2024-09-27 10:00:00+00:00,67.53,67.769,67.467,67.569,2775,17,0
2024-09-27 11:00:00+00:00,67.566,67.804,67.537,67.613,2441,17,0
2024-09-27 12:00:00+00:00,67.62,67.732,67.203,67.294,3009,17,0
2024-09-27 13:00:00+00:00,67.291,67.606,66.932,67.216,6755,17,0
2024-09-27 14:00:00+00:00,67.187,67.879,67.055,67.775,5417,17,0
2024-09-27 15:00:00+00:00,67.784,68.235,67.337,67.904,5037,17,0
2024-09-27 16:00:00+00:00,67.899,68.411,67.757,68.094,4679,17,0
2024-09-27 17:00:00+00:00,68.098,68.276,67.356,67.559,3612,17,0
2024-09-27 18:00:00+00:00,67.566,68.248,67.477,68.054,3462,17,0
2024-09-27 19:00:00+00:00,68.06,68.411,67.979,68.347,1680,17,0
2024-09-27 20:00:00+00:00,68.343,68.419,68.283,68.408,662,17,0
2024-09-29 22:00:00+00:00,67.992,68.018,67.667,67.782,759,26,0
2024-09-29 23:00:00+00:00,67.777,68.128,67.733,68.073,619,17,0
2024-09-30 00:00:00+00:00,68.079,68.207,67.963,68.19,1163,17,0
2024-09-30 01:00:00+00:00,68.188,68.774,67.888,68.048,5364,17,0
2024-09-30 02:00:00+00:00,68.053,68.526,67.935,68.397,2580,17,0
2024-09-30 03:00:00+00:00,68.401,68.468,68.205,68.241,1512,17,0
2024-09-30 04:00:00+00:00,68.24,68.367,68.234,68.318,727,17,0
2024-09-30 05:00:00+00:00,68.317,69.114,68.21,68.919,2573,17,0
2024-09-30 06:00:00+00:00,68.915,69.049,68.682,68.987,3461,17,0
2024-09-30 07:00:00+00:00,68.993,69.008,68.196,68.381,3598,17,0
2024-09-30 08:00:00+00:00,68.385,68.699,68.118,68.304,4720,17,0
2024-09-30 09:00:00+00:00,68.308,68.336,67.769,67.929,3594,17,0
2024-09-30 10:00:00+00:00,67.923,68.116,67.629,67.805,2721,17,0
2024-09-30 11:00:00+00:00,67.807,67.83,67.388,67.743,3160,17,0
2024-09-30 12:00:00+00:00,67.747,68.24,67.683,68.175,3737,17,0
2024-09-30 13:00:00+00:00,68.17,68.314,67.588,67.733,7494,17,0
2024-09-30 14:00:00+00:00,67.738,68.633,67.53,68.593,6869,17,0
2024-09-30 15:00:00+00:00,68.597,68.943,68.398,68.772,6299,17,0
2024-09-30 16:00:00+00:00,68.783,68.821,68.09,68.233,4153,17,0
2024-09-30 17:00:00+00:00,68.235,68.383,67.965,68.129,3533,17,0
2024-09-30 18:00:00+00:00,68.132,68.22,67.838,68.15,4360,17,0
2024-09-30 19:00:00+00:00,68.149,68.237,67.997,68.065,1487,17,0
2024-09-30 20:00:00+00:00,68.06,68.203,68.013,68.174,588,17,0
2024-09-30 22:00:00+00:00,68.161,68.168,68.104,68.127,186,17,0
2024-09-30 23:00:00+00:00,68.121,68.127,68.021,68.127,184,17,0
2024-10-01 00:00:00+00:00,68.128,68.182,67.974,68.07,915,17,0
2024-10-01 01:00:00+00:00,68.074,68.104,68.01,68.073,618,17,0
2024-10-01 02:00:00+00:00,68.073,68.233,67.998,68.159,657,17,0
2024-10-01 03:00:00+00:00,68.156,68.158,68.024,68.155,564,17,0
2024-10-01 04:00:00+00:00,68.154,68.159,68.074,68.137,514,17,0
2024-10-01 05:00:00+00:00,68.131,68.135,68.004,68.054,798,17,0
2024-10-01 06:00:00+00:00,68.055,68.129,67.816,67.826,1210,17,0
2024-10-01 07:00:00+00:00,67.829,67.84,67.167,67.196,3852,17,0
2024-10-01 08:00:00+00:00,67.188,67.218,66.402,66.486,5388,17,0
2024-10-01 09:00:00+00:00,66.498,66.912,66.167,66.879,4608,17,0
2024-10-01 10:00:00+00:00,66.876,67.706,66.876,67.667,4295,17,0
2024-10-01 11:00:00+00:00,67.67,67.79,67.356,67.426,3104,17,0
2024-10-01 12:00:00+00:00,67.414,67.623,66.96,66.981,4271,17,0
2024-10-01 13:00:00+00:00,66.977,70.219,66.861,69.854,13672,17,0
2024-10-01 14:00:00+00:00,69.863,70.365,69.529,70.348,12024,17,0
2024-10-01 15:00:00+00:00,70.356,71.105,70.205,70.592,9195,17,0
2024-10-01 16:00:00+00:00,70.597,71.259,70.338,71.131,8600,17,0
2024-10-01 17:00:00+00:00,71.133,71.662,69.804,69.863,7796,17,0
2024-10-01 18:00:00+00:00,69.876,70.196,69.509,69.923,6386,17,0
2024-10-01 19:00:00+00:00,69.921,70.21,69.835,70.136,2687,17,0
2024-10-01 20:00:00+00:00,70.143,70.507,70.139,70.428,1697,17,0
2024-10-01 22:00:00+00:00,70.62,70.791,70.552,70.598,366,26,0
2024-10-01 23:00:00+00:00,70.601,70.778,70.546,70.546,421,26,0
2024-10-02 00:00:00+00:00,70.55,70.775,70.327,70.611,1735,17,0
2024-10-02 01:00:00+00:00,70.617,70.823,70.541,70.759,1317,17,0
2024-10-02 02:00:00+00:00,70.76,70.857,70.439,70.615,1284,17,0
2024-10-02 03:00:00+00:00,70.613,70.758,70.554,70.637,856,17,0
2024-10-02 04:00:00+00:00,70.639,70.791,70.599,70.748,1002,17,0
2024-10-02 05:00:00+00:00,70.746,71.087,70.715,70.877,2155,17,0
2024-10-02 06:00:00+00:00,70.875,70.95,70.595,70.758,2098,17,0
2024-10-02 07:00:00+00:00,70.762,71.586,70.683,71.277,4687,17,0
2024-10-02 08:00:00+00:00,71.294,71.431,70.985,71.266,4753,17,0
2024-10-02 09:00:00+00:00,71.268,71.698,71.159,71.593,3329,17,0
2024-10-02 10:00:00+00:00,71.593,72.202,71.514,71.956,2958,17,0
2024-10-02 11:00:00+00:00,71.959,72.128,71.588,71.679,3356,17,0
2024-10-02 12:00:00+00:00,71.674,71.819,71.367,71.615,3793,17,0
2024-10-02 13:00:00+00:00,71.6,72.053,71.464,71.914,6105,17,0
2024-10-02 14:00:00+00:00,71.909,72.141,70.621,70.65,6612,17,0
2024-10-02 15:00:00+00:00,70.642,70.839,69.717,69.726,7705,17,0
2024-10-02 16:00:00+00:00,69.721,70.116,69.647,69.855,4827,17,0
2024-10-02 17:00:00+00:00,69.854,70.158,69.737,70.112,3383,17,0
2024-10-02 18:00:00+00:00,70.106,70.23,69.684,70.171,3686,17,0
2024-10-02 19:00:00+00:00,70.171,70.759,70.171,70.718,1374,17,0
2024-10-02 20:00:00+00:00,70.711,70.781,70.627,70.716,780,17,0
2024-10-02 22:00:00+00:00,70.628,70.633,70.493,70.493,203,26,0
2024-10-02 23:00:00+00:00,70.494,70.621,70.494,70.574,199,26,0
2024-10-03 00:00:00+00:00,70.57,70.648,70.426,70.52,943,17,0
2024-10-03 01:00:00+00:00,70.515,70.711,70.507,70.668,1163,17,0
2024-10-03 02:00:00+00:00,70.669,70.669,70.482,70.538,760,17,0
2024-10-03 03:00:00+00:00,70.536,70.809,70.535,70.761,1023,17,0
2024-10-03 04:00:00+00:00,70.766,70.78,70.651,70.706,723,17,0
2024-10-03 05:00:00+00:00,70.707,70.9,70.707,70.769,851,17,0
2024-10-03 06:00:00+00:00,70.768,70.951,70.636,70.924,1397,17,0
2024-10-03 07:00:00+00:00,70.921,71.092,70.508,70.641,3043,17,0
2024-10-03 08:00:00+00:00,70.642,71.146,70.32,70.573,5007,17,0
2024-10-03 09:00:00+00:00,70.574,71.558,70.276,71.052,4895,17,0
2024-10-03 10:00:00+00:00,71.055,71.472,71.055,71.281,3215,17,0
2024-10-03 11:00:00+00:00,71.273,71.582,70.404,71.097,4826,17,0
2024-10-03 12:00:00+00:00,71.093,71.591,71.013,71.479,4318,17,0
2024-10-03 13:00:00+00:00,71.478,71.895,71.182,71.678,6249,17,0
2024-10-03 14:00:00+00:00,71.675,73.62,71.653,72.547,10881,17,0
2024-10-03 15:00:00+00:00,72.559,72.931,72.393,72.805,6748,17,0
2024-10-03 16:00:00+00:00,72.801,73.462,72.738,73.332,4553,17,0
2024-10-03 17:00:00+00:00,73.333,73.423,72.664,73.079,5003,17,0
2024-10-03 18:00:00+00:00,73.082,73.658,72.889,73.492,4430,17,0
2024-10-03 19:00:00+00:00,73.492,73.755,73.432,73.566,2164,17,0
2024-10-03 20:00:00+00:00,73.569,73.6,73.271,73.316,1039,17,0
2024-10-03 22:00:00+00:00,73.633,73.648,73.459,73.496,321,26,0
2024-10-03 23:00:00+00:00,73.495,73.582,73.456,73.528,279,26,0
2024-10-04 00:00:00+00:00,73.525,73.611,73.383,73.566,1486,17,0
2024-10-04 01:00:00+00:00,73.565,73.57,73.281,73.387,1736,17,0
2024-10-04 02:00:00+00:00,73.388,73.534,73.375,73.423,1202,17,0
2024-10-04 03:00:00+00:00,73.428,73.503,73.253,73.306,942,17,0
2024-10-04 04:00:00+00:00,73.308,73.381,73.247,73.281,662,17,0
2024-10-04 05:00:00+00:00,73.279,73.369,73.201,73.293,881,17,0
2024-10-04 06:00:00+00:00,73.293,73.403,73.145,73.323,1503,17,0
2024-10-04 07:00:00+00:00,73.32,74.135,73.294,73.928,4308,17,0
2024-10-04 08:00:00+00:00,73.933,74.189,73.82,74.167,4527,17,0
2024-10-04 09:00:00+00:00,74.16,74.21,73.837,74.02,3333,17,0
2024-10-04 10:00:00+00:00,74.02,74.706,74.02,74.321,2978,17,0
2024-10-04 11:00:00+00:00,74.324,74.565,74.26,74.487,3468,17,0
2024-10-04 12:00:00+00:00,74.491,74.491,73.433,73.922,6801,17,0
2024-10-04 13:00:00+00:00,73.911,74.15,73.61,73.761,7053,17,0
2024-10-04 14:00:00+00:00,73.767,74.212,73.567,73.927,5635,17,0
2024-10-04 15:00:00+00:00,73.931,74.486,73.739,74.443,5662,17,0
2024-10-04 16:00:00+00:00,74.453,74.802,74.369,74.704,3867,17,0
2024-10-04 17:00:00+00:00,74.701,75.12,74.649,75.047,3108,17,0
2024-10-04 18:00:00+00:00,75.04,75.076,73.705,73.951,5384,17,0
2024-10-04 19:00:00+00:00,73.947,74.302,73.935,74.079,1918,17,0
2024-10-04 20:00:00+00:00,74.084,74.447,74.029,74.295,653,17,0
2024-10-06 22:00:00+00:00,73.419,73.673,73.222,73.634,1055,26,0
2024-10-06 23:00:00+00:00,73.633,73.637,73.47,73.493,484,26,0
2024-10-07 00:00:00+00:00,73.487,73.691,73.33,73.635,1188,17,0
2024-10-07 01:00:00+00:00,73.635,73.755,73.523,73.591,1698,17,0
2024-10-07 02:00:00+00:00,73.589,73.797,73.569,73.651,1334,17,0
2024-10-07 03:00:00+00:00,73.655,73.806,73.65,73.711,971,17,0
2024-10-07 04:00:00+00:00,73.712,73.796,73.66,73.717,555,17,0
2024-10-07 05:00:00+00:00,73.719,73.854,73.629,73.754,831,17,0
2024-10-07 06:00:00+00:00,73.753,74.009,73.679,73.819,1615,17,0
2024-10-07 07:00:00+00:00,73.825,74.853,73.825,74.608,3604,17,0
2024-10-07 08:00:00+00:00,74.62,75.493,74.62,75.443,4562,17,0
2024-10-07 09:00:00+00:00,75.445,75.752,75.251,75.563,3966,17,0
2024-10-07 10:00:00+00:00,75.561,75.902,75.547,75.844,2972,17,0
2024-10-07 11:00:00+00:00,75.839,75.949,75.339,75.379,3288,17,0
2024-10-07 12:00:00+00:00,75.379,75.55,74.562,74.641,4750,17,0
2024-10-07 13:00:00+00:00,74.628,75.638,74.61,75.09,6494,17,0
2024-10-07 14:00:00+00:00,75.084,75.835,74.973,75.611,5042,17,0
2024-10-07 15:00:00+00:00,75.623,76.668,75.606,76.668,5576,17,0
2024-10-07 16:00:00+00:00,76.662,76.734,76.144,76.571,3986,17,0
2024-10-07 17:00:00+00:00,76.578,76.734,76.427,76.503,3092,17,0
2024-10-07 18:00:00+00:00,76.504,76.935,76.333,76.894,3452,17,0
2024-10-07 19:00:00+00:00,76.892,76.926,76.72,76.839,1262,17,0
2024-10-07 20:00:00+00:00,76.837,76.92,76.754,76.782,687,17,0
2024-10-07 22:00:00+00:00,76.922,77.925,76.619,77.181,1857,26,0
2024-10-07 23:00:00+00:00,77.18,77.201,76.591,76.741,1493,26,0
2024-10-08 00:00:00+00:00,76.737,76.907,76.105,76.213,2285,17,0
2024-10-08 01:00:00+00:00,76.214,76.408,76.024,76.034,3151,17,0
2024-10-08 02:00:00+00:00,76.045,76.116,74.935,75.356,3547,17,0
2024-10-08 03:00:00+00:00,75.364,75.623,75.295,75.432,2174,17,0
2024-10-08 04:00:00+00:00,75.433,75.608,75.369,75.479,965,17,0
2024-10-08 05:00:00+00:00,75.478,75.555,75.328,75.379,1694,17,0
2024-10-08 06:00:00+00:00,75.383,75.692,75.133,75.538,2290,17,0
2024-10-08 07:00:00+00:00,75.538,75.633,75.083,75.244,3416,17,0
2024-10-08 08:00:00+00:00,75.263,75.586,74.891,75.078,4898,17,0
2024-10-08 09:00:00+00:00,75.077,75.286,74.714,75.18,3739,17,0
2024-10-08 10:00:00+00:00,75.176,75.328,74.95,75.175,2904,17,0
2024-10-08 11:00:00+00:00,75.173,75.485,74.867,75.062,2948,17,0
2024-10-08 12:00:00+00:00,75.063,75.442,75.011,75.137,3764,17,0
2024-10-08 13:00:00+00:00,75.137,75.307,73.774,73.989,10556,17,0
2024-10-08 14:00:00+00:00,73.992,73.999,72.723,73.255,8578,17,0
2024-10-08 15:00:00+00:00,73.26,73.409,72.724,73.103,5960,17,0
2024-10-08 16:00:00+00:00,73.101,73.429,72.309,72.517,4585,17,0
2024-10-08 17:00:00+00:00,72.513,74.183,72.446,73.606,7063,17,0
2024-10-08 18:00:00+00:00,73.607,73.833,72.94,73.322,5357,17,0
2024-10-08 19:00:00+00:00,73.327,73.632,73.302,73.472,1891,17,0
2024-10-08 20:00:00+00:00,73.473,73.559,73.147,73.357,1278,17,0
2024-10-08 22:00:00+00:00,73.476,73.679,73.443,73.504,863,26,0
2024-10-08 23:00:00+00:00,73.508,73.533,73.265,73.455,411,26,0
2024-10-09 00:00:00+00:00,73.46,73.546,73.267,73.477,1191,17,0
2024-10-09 01:00:00+00:00,73.486,73.756,73.185,73.301,3304,17,0
2024-10-09 02:00:00+00:00,73.292,73.375,73.099,73.282,2753,17,0
2024-10-09 03:00:00+00:00,73.277,73.443,73.154,73.361,1789,17,0
2024-10-09 04:00:00+00:00,73.361,73.485,73.311,73.348,712,17,0
2024-10-09 05:00:00+00:00,73.352,73.85,73.352,73.695,2724,17,0
2024-10-09 06:00:00+00:00,73.698,73.767,73.269,73.495,2603,17,0
2024-10-09 07:00:00+00:00,73.489,73.865,73.368,73.637,3404,17,0
2024-10-09 08:00:00+00:00,73.632,73.806,73.322,73.596,4480,17,0
2024-10-09 09:00:00+00:00,73.58,73.986,73.374,73.765,3298,17,0
2024-10-09 10:00:00+00:00,73.759,73.862,72.678,72.801,3956,17,0
2024-10-09 11:00:00+00:00,72.809,72.955,72.465,72.893,3511,17,0
2024-10-09 12:00:00+00:00,72.885,73.34,72.612,72.78,4816,17,0
2024-10-09 13:00:00+00:00,72.786,72.879,71.421,71.698,10559,17,0
2024-10-09 14:00:00+00:00,71.69,72.276,71.17,72.148,8899,17,0
2024-10-09 15:00:00+00:00,72.152,72.926,71.917,72.764,9038,17,0
2024-10-09 16:00:00+00:00,72.773,72.996,72.056,72.488,5674,17,0
2024-10-09 17:00:00+00:00,72.496,72.764,71.822,72.685,5015,17,0
2024-10-09 18:00:00+00:00,72.678,72.946,72.57,72.799,4065,17,0
2024-10-09 19:00:00+00:00,72.8,73.059,72.8,72.914,1322,17,0
2024-10-09 20:00:00+00:00,72.922,72.942,72.719,72.844,1013,17,0
2024-10-09 22:00:00+00:00,72.874,72.912,72.787,72.83,486,26,0
2024-10-09 23:00:00+00:00,72.833,72.901,72.804,72.832,313,26,0
2024-10-10 00:00:00+00:00,72.839,73.159,72.819,73.156,991,17,0
2024-10-10 01:00:00+00:00,73.154,73.192,72.86,72.992,2960,17,0
2024-10-10 02:00:00+00:00,72.985,73.342,72.874,73.282,2354,17,0
2024-10-10 03:00:00+00:00,73.28,73.428,73.221,73.263,1495,17,0
2024-10-10 04:00:00+00:00,73.261,73.389,73.259,73.322,474,17,0
2024-10-10 05:00:00+00:00,73.323,73.393,73.224,73.283,1521,17,0
2024-10-10 06:00:00+00:00,73.28,73.363,72.937,73.083,1766,17,0
2024-10-10 07:00:00+00:00,73.078,73.357,72.967,73.294,2407,17,0
2024-10-10 08:00:00+00:00,73.312,73.524,73.152,73.304,2905,17,0
2024-10-10 09:00:00+00:00,73.306,73.975,73.287,73.77,3110,17,0
2024-10-10 10:00:00+00:00,73.771,73.995,73.701,73.86,2487,17,0
2024-10-10 11:00:00+00:00,73.842,73.936,73.31,73.315,2481,17,0
2024-10-10 12:00:00+00:00,73.315,74.384,73.261,74.111,5235,17,0
2024-10-10 13:00:00+00:00,74.102,74.143,73.379,73.712,7609,17,0
2024-10-10 14:00:00+00:00,73.718,74.559,73.555,74.397,6760,17,0
2024-10-10 15:00:00+00:00,74.391,74.931,73.975,74.823,5445,17,0
2024-10-10 16:00:00+00:00,74.819,75.32,74.68,75.223,3957,17,0
2024-10-10 17:00:00+00:00,75.227,75.602,75.164,75.4,3274,17,0
2024-10-10 18:00:00+00:00,75.404,75.487,74.977,75.282,3328,17,0
2024-10-10 19:00:00+00:00,75.278,75.613,75.261,75.32,1666,17,0
2024-10-10 20:00:00+00:00,75.326,75.358,74.794,74.98,1605,17,0
2024-10-10 22:00:00+00:00,75.096,75.108,74.976,75.05,273,26,0
2024-10-10 23:00:00+00:00,75.05,75.247,74.993,75.046,475,26,0
2024-10-11 00:00:00+00:00,75.034,75.247,74.928,74.963,1254,26,0
2024-10-11 01:00:00+00:00,74.963,75.156,74.745,74.921,1787,26,0
2024-10-11 02:00:00+00:00,74.928,75.119,74.782,75.1,1308,26,0
2024-10-11 03:00:00+00:00,75.102,75.138,74.975,75.038,713,26,0
2024-10-11 04:00:00+00:00,75.041,75.11,74.967,75.07,614,26,0
2024-10-11 05:00:00+00:00,75.067,75.231,74.894,74.967,976,26,0
2024-10-11 06:00:00+00:00,74.965,74.987,74.228,74.365,2460,17,0
2024-10-11 07:00:00+00:00,74.371,74.587,73.963,74.416,3387,17,0
2024-10-11 08:00:00+00:00,74.425,74.856,74.27,74.386,4219,17,0
2024-10-11 09:00:00+00:00,74.389,74.832,74.137,74.674,3481,17,0
2024-10-11 10:00:00+00:00,74.674,74.868,74.421,74.624,2818,17,0
2024-10-11 11:00:00+00:00,74.626,74.755,74.494,74.619,2569,17,0
2024-10-11 12:00:00+00:00,74.614,74.868,74.471,74.581,3087,17,0
2024-10-11 13:00:00+00:00,74.574,74.956,74.388,74.591,5923,17,0
2024-10-11 14:00:00+00:00,74.59,75.394,74.235,75.378,5892,17,0
2024-10-11 15:00:00+00:00,75.38,75.41,74.634,74.85,5274,17,0
2024-10-11 16:00:00+00:00,74.845,74.966,74.637,74.777,3310,17,0
2024-10-11 17:00:00+00:00,74.782,75.25,74.441,75.079,3672,17,0
2024-10-11 18:00:00+00:00,75.076,75.166,74.767,74.913,3366,17,0
2024-10-11 19:00:00+00:00,74.914,75.064,74.609,74.979,1669,17,0
2024-10-11 20:00:00+00:00,74.98,75.184,74.925,75.015,782,17,0
2024-10-13 22:00:00+00:00,74.098,74.174,73.742,73.745,1395,26,0
2024-10-13 23:00:00+00:00,73.755,73.844,73.5,73.638,831,26,0
2024-10-14 00:00:00+00:00,73.633,73.975,73.49,73.967,1321,17,0
2024-10-14 01:00:00+00:00,73.966,74.041,73.61,73.845,5296,17,0
2024-10-14 02:00:00+00:00,73.848,74.06,73.616,74.017,2222,17,0
2024-10-14 03:00:00+00:00,74.015,74.233,73.985,74.07,1252,17,0
2024-10-14 04:00:00+00:00,74.072,74.109,74.002,74.049,444,17,0
2024-10-14 05:00:00+00:00,74.051,74.239,73.985,74.038,1636,17,0
2024-10-14 06:00:00+00:00,74.037,74.081,73.879,73.896,1785,17,0
2024-10-14 07:00:00+00:00,73.897,73.975,73.54,73.639,2520,17,0
2024-10-14 08:00:00+00:00,73.643,74.044,73.639,73.743,3663,17,0
2024-10-14 09:00:00+00:00,73.755,73.793,72.841,72.958,3905,17,0
2024-10-14 10:00:00+00:00,72.952,73.384,72.872,73.108,3077,17,0
2024-10-14 11:00:00+00:00,73.12,73.422,73.047,73.314,2812,17,0
2024-10-14 12:00:00+00:00,73.321,73.603,73.248,73.248,3120,17,0
2024-10-14 13:00:00+00:00,73.244,74.157,73.142,73.963,7021,17,0
2024-10-14 14:00:00+00:00,73.972,74.101,73.282,73.728,6394,17,0
2024-10-14 15:00:00+00:00,73.724,73.826,73.006,73.272,5374,17,0
2024-10-14 16:00:00+00:00,73.275,73.542,73.085,73.468,3711,17,0
2024-10-14 17:00:00+00:00,73.472,73.765,73.365,73.597,2792,17,0
2024-10-14 18:00:00+00:00,73.593,73.656,73.21,73.371,2828,17,0
2024-10-14 19:00:00+00:00,73.369,73.449,73.253,73.432,879,17,0
2024-10-14 20:00:00+00:00,73.437,73.517,72.078,72.262,1389,17,0
2024-10-14 22:00:00+00:00,71.36,71.614,71.31,71.43,660,26,0
2024-10-14 23:00:00+00:00,71.422,71.541,71.11,71.146,663,26,0
2024-10-15 00:00:00+00:00,71.149,71.406,70.998,71.264,2513,17,0
2024-10-15 01:00:00+00:00,71.26,71.457,70.987,71.035,3376,17,0
2024-10-15 02:00:00+00:00,71.04,71.202,70.993,71.092,1876,17,0
2024-10-15 03:00:00+00:00,71.091,71.323,70.983,71.165,1587,17,0
2024-10-15 04:00:00+00:00,71.16,71.161,70.985,71.025,923,17,0
2024-10-15 05:00:00+00:00,71.021,71.044,70.251,70.474,3030,17,0
2024-10-15 06:00:00+00:00,70.482,70.749,70.46,70.672,2425,17,0
2024-10-15 07:00:00+00:00,70.677,70.682,70.23,70.378,3734,17,0
2024-10-15 08:00:00+00:00,70.385,70.385,69.921,69.99,4484,17,0
2024-10-15 09:00:00+00:00,69.988,70.013,69.384,69.451,3562,17,0
2024-10-15 10:00:00+00:00,69.442,69.862,69.242,69.754,4286,17,0
2024-10-15 11:00:00+00:00,69.766,70.481,69.754,70.214,4176,17,0
2024-10-15 12:00:00+00:00,70.216,70.567,70.026,70.153,4427,17,0
2024-10-15 13:00:00+00:00,70.144,70.418,69.424,69.886,8312,17,0
2024-10-15 14:00:00+00:00,69.882,70.216,69.455,69.563,7177,17,0
2024-10-15 15:00:00+00:00,69.558,69.851,69.306,69.358,6007,17,0
2024-10-15 16:00:00+00:00,69.355,70.187,69.339,69.976,4056,17,0
2024-10-15 18:00:00+00:00,70.325,70.473,70.324,70.434,728,17,0
2024-10-15 19:00:00+00:00,70.434,70.544,70.353,70.375,1283,17,0
2024-10-15 20:00:00+00:00,70.379,70.448,70.33,70.375,587,17,0
2024-10-15 22:00:00+00:00,70.304,70.447,70.304,70.447,152,26,0
2024-10-15 23:00:00+00:00,70.446,70.559,70.446,70.457,235,26,0
2024-10-16 00:00:00+00:00,70.453,70.544,70.242,70.299,1195,17,0
2024-10-16 01:00:00+00:00,70.301,70.447,70.165,70.402,2142,17,0
2024-10-16 02:00:00+00:00,70.405,70.426,70.141,70.284,1618,17,0
2024-10-16 03:00:00+00:00,70.281,70.369,70.168,70.248,1185,17,0
2024-10-16 04:00:00+00:00,70.252,70.342,70.222,70.333,358,17,0
2024-10-16 05:00:00+00:00,70.331,70.343,70.155,70.298,1359,17,0
2024-10-16 06:00:00+00:00,70.296,70.316,70.11,70.231,2092,17,0
2024-10-16 07:00:00+00:00,70.228,70.704,70.113,70.128,2838,17,0
2024-10-16 08:00:00+00:00,70.117,70.375,69.846,70.015,4024,17,0
2024-10-16 09:00:00+00:00,70.02,70.233,69.761,70.097,2915,17,0
2024-10-16 10:00:00+00:00,70.097,70.097,69.51,69.637,2616,17,0
2024-10-16 11:00:00+00:00,69.637,69.87,69.549,69.708,2343,17,0
2024-10-16 12:00:00+00:00,69.711,70.39,69.655,70.241,4110,17,0
2024-10-16 13:00:00+00:00,70.247,70.387,69.703,69.716,6127,17,0
2024-10-16 14:00:00+00:00,69.72,70.104,69.657,69.739,5087,17,0
2024-10-16 15:00:00+00:00,69.741,69.901,69.128,69.855,6574,17,0
2024-10-16 16:00:00+00:00,69.849,70.001,69.727,69.755,3129,17,0
2024-10-16 17:00:00+00:00,69.753,70.148,69.747,69.886,2571,17,0
2024-10-16 18:00:00+00:00,69.885,70.047,69.717,69.87,2548,17,0
2024-10-16 19:00:00+00:00,69.879,70.051,69.778,69.965,1033,17,0
2024-10-16 20:00:00+00:00,69.964,70.161,69.933,70.02,609,17,0
2024-10-16 22:00:00+00:00,70.119,70.128,70.061,70.094,131,26,0
2024-10-16 23:00:00+00:00,70.097,70.173,70.09,70.113,126,26,0
2024-10-17 00:00:00+00:00,70.115,70.299,70.115,70.291,608,17,0
2024-10-17 01:00:00+00:00,70.29,70.394,70.161,70.379,1261,17,0
2024-10-17 02:00:00+00:00,70.381,70.516,69.929,70.111,1726,17,0
2024-10-17 03:00:00+00:00,70.108,70.211,70.008,70.025,933,17,0
2024-10-17 04:00:00+00:00,70.027,70.108,69.942,70.1,375,17,0
2024-10-17 05:00:00+00:00,70.102,70.166,69.987,70.006,726,17,0
2024-10-17 06:00:00+00:00,70.008,70.022,69.517,69.552,1663,17,0
2024-10-17 07:00:00+00:00,69.549,69.814,69.526,69.614,2542,17,0
2024-10-17 08:00:00+00:00,69.616,70.147,69.601,69.92,2787,17,0
2024-10-17 09:00:00+00:00,69.921,70.206,69.841,70.087,2078,17,0
2024-10-17 10:00:00+00:00,70.087,70.242,69.698,69.869,2087,17,0
2024-10-17 11:00:00+00:00,69.862,70.123,69.804,69.909,1893,17,0
2024-10-17 12:00:00+00:00,69.911,70.284,69.763,69.991,3510,17,0
2024-10-17 13:00:00+00:00,69.983,70.259,69.569,70.136,5203,17,0
2024-10-17 14:00:00+00:00,70.132,70.32,69.934,70.022,4311,17,0
2024-10-17 15:00:00+00:00,70.015,70.369,69.659,69.921,5956,17,0
2024-10-17 16:00:00+00:00,69.915,70.064,69.591,69.702,3006,17,0
2024-10-17 17:00:00+00:00,69.702,69.764,68.871,69.74,4915,17,0
2024-10-17 18:00:00+00:00,69.736,70.188,69.732,70.033,3010,17,0
2024-10-17 19:00:00+00:00,70.034,70.231,69.99,70.173,984,17,0
2024-10-17 20:00:00+00:00,70.168,70.239,70.085,70.223,506,17,0
2024-10-17 22:00:00+00:00,70.244,70.28,70.203,70.222,120,26,0
2024-10-17 23:00:00+00:00,70.22,70.293,70.22,70.237,169,17,0
2024-10-18 00:00:00+00:00,70.243,70.398,70.19,70.321,973,17,0
2024-10-18 01:00:00+00:00,70.323,70.451,70.163,70.189,2285,17,0
2024-10-18 02:00:00+00:00,70.194,70.573,70.182,70.413,1843,17,0
2024-10-18 03:00:00+00:00,70.409,70.457,70.152,70.257,1238,17,0
2024-10-18 04:00:00+00:00,70.26,70.394,70.237,70.375,490,17,0
2024-10-18 05:00:00+00:00,70.374,70.526,70.323,70.469,1382,17,0
2024-10-18 06:00:00+00:00,70.468,70.638,70.327,70.5,1923,17,0
2024-10-18 07:00:00+00:00,70.499,70.499,70.066,70.135,2524,17,0
2024-10-18 08:00:00+00:00,70.133,70.417,69.963,70.054,3175,17,0
2024-10-18 09:00:00+00:00,70.059,70.402,70.013,70.056,2377,17,0
2024-10-18 10:00:00+00:00,70.058,70.09,69.574,69.737,2656,17,0
2024-10-18 11:00:00+00:00,69.724,70.059,69.677,69.986,3162,17,0
2024-10-18 12:00:00+00:00,69.99,70.209,69.645,69.772,3363,17,0
2024-10-18 13:00:00+00:00,69.773,69.83,68.883,69.103,7408,17,0
2024-10-18 14:00:00+00:00,69.098,69.17,68.302,68.574,6949,17,0
2024-10-18 15:00:00+00:00,68.57,68.674,68.138,68.564,5609,17,0
2024-10-18 16:00:00+00:00,68.571,69.463,68.548,69.073,4940,17,0
2024-10-18 17:00:00+00:00,69.087,69.355,69.0,69.148,3482,17,0
2024-10-18 18:00:00+00:00,69.156,69.161,68.577,68.682,3196,17,0
2024-10-18 19:00:00+00:00,68.676,68.946,68.636,68.895,1354,17,0
2024-10-18 20:00:00+00:00,68.89,68.89,68.723,68.785,827,17,0
2024-10-20 22:00:00+00:00,68.91,68.934,68.42,68.655,831,17,0
2024-10-20 23:00:00+00:00,68.66,68.831,68.642,68.784,415,26,0
2024-10-21 00:00:00+00:00,68.782,68.926,68.693,68.914,988,17,0
2024-10-21 01:00:00+00:00,68.911,69.004,68.515,68.523,2821,17,0
2024-10-21 02:00:00+00:00,68.516,68.981,68.496,68.84,1941,17,0
2024-10-21 03:00:00+00:00,68.836,69.054,68.809,69.052,1198,17,0
2024-10-21 04:00:00+00:00,69.053,69.164,69.001,69.122,566,17,0
2024-10-21 05:00:00+00:00,69.117,69.157,68.876,68.926,1206,17,0
2024-10-21 06:00:00+00:00,68.932,69.156,68.912,69.077,1629,17,0
2024-10-21 07:00:00+00:00,69.078,69.318,68.973,69.306,2394,17,0
2024-10-21 08:00:00+00:00,69.297,69.548,69.182,69.417,2713,17,0
2024-10-21 09:00:00+00:00,69.415,69.838,69.415,69.785,2678,17,0
2024-10-21 10:00:00+00:00,69.786,70.14,69.694,70.105,2320,17,0
2024-10-21 11:00:00+00:00,70.099,70.298,70.07,70.146,2122,17,0
2024-10-21 12:00:00+00:00,70.147,70.198,69.728,69.986,3591,17,0
2024-10-21 13:00:00+00:00,69.982,70.254,69.715,69.909,5597,17,0
2024-10-21 14:00:00+00:00,69.914,69.917,69.307,69.374,4967,17,0
2024-10-21 15:00:00+00:00,69.366,69.875,69.207,69.851,5026,17,0
2024-10-21 16:00:00+00:00,69.842,70.038,69.787,69.958,2629,17,0
2024-10-21 17:00:00+00:00,69.959,70.336,69.927,70.192,2634,17,0
2024-10-21 18:00:00+00:00,70.194,70.217,69.795,70.011,2864,17,0
2024-10-21 19:00:00+00:00,70.01,70.042,69.754,69.77,970,17,0
2024-10-21 20:00:00+00:00,69.766,69.885,69.755,69.818,544,17,0
2024-10-21 22:00:00+00:00,69.863,69.885,69.831,69.869,135,26,0
2024-10-21 23:00:00+00:00,69.864,69.953,69.841,69.932,174,17,0
2024-10-22 00:00:00+00:00,69.93,69.949,69.701,69.718,822,17,0
2024-10-22 01:00:00+00:00,69.719,69.807,69.559,69.705,2458,17,0
2024-10-22 02:00:00+00:00,69.711,69.813,69.627,69.671,1734,17,0
2024-10-22 03:00:00+00:00,69.674,69.855,69.66,69.798,1191,17,0
2024-10-22 04:00:00+00:00,69.797,69.828,69.666,69.686,545,17,0
2024-10-22 05:00:00+00:00,69.685,69.726,69.583,69.627,1008,17,0
2024-10-22 06:00:00+00:00,69.629,69.9,69.629,69.751,1639,17,0
2024-10-22 07:00:00+00:00,69.75,69.777,69.28,69.568,3751,17,0
2024-10-22 08:00:00+00:00,69.569,69.87,69.466,69.795,4190,17,0
2024-10-22 09:00:00+00:00,69.792,70.777,69.711,70.505,4635,17,0
2024-10-22 10:00:00+00:00,70.509,70.819,70.478,70.65,2977,17,0
2024-10-22 11:00:00+00:00,70.643,70.866,70.459,70.595,2813,17,0
2024-10-22 12:00:00+00:00,70.601,70.806,70.413,70.571,3100,17,0
2024-10-22 13:00:00+00:00,70.567,71.706,70.309,71.132,7854,17,0
2024-10-22 14:00:00+00:00,71.146,71.522,70.72,71.248,8150,17,0
2024-10-22 15:00:00+00:00,71.247,71.778,71.14,71.718,4833,17,0
2024-10-22 16:00:00+00:00,71.72,72.012,71.665,71.688,3724,17,0
2024-10-22 17:00:00+00:00,71.701,71.77,71.479,71.503,2686,17,0
2024-10-22 18:00:00+00:00,71.504,71.728,71.414,71.598,2782,17,0
2024-10-22 19:00:00+00:00,71.598,71.613,71.386,71.417,1151,17,0
2024-10-22 20:00:00+00:00,71.414,71.425,71.288,71.296,560,17,0
2024-10-22 22:00:00+00:00,71.277,71.337,71.264,71.282,172,26,0
2024-10-22 23:00:00+00:00,71.283,71.353,71.283,71.351,159,17,0
2024-10-23 00:00:00+00:00,71.352,71.405,71.323,71.369,657,17,0
2024-10-23 01:00:00+00:00,71.371,71.436,71.272,71.375,1609,17,0
2024-10-23 02:00:00+00:00,71.374,71.574,71.351,71.455,1338,17,0
2024-10-23 03:00:00+00:00,71.465,71.547,71.424,71.514,812,17,0
2024-10-23 04:00:00+00:00,71.515,71.568,71.475,71.523,433,17,0
2024-10-23 05:00:00+00:00,71.519,71.638,71.488,71.529,1233,17,0
2024-10-23 06:00:00+00:00,71.526,71.529,71.115,71.218,1564,17,0
2024-10-23 07:00:00+00:00,71.219,71.319,71.095,71.12,2331,17,0
2024-10-23 08:00:00+00:00,71.117,71.245,70.901,70.965,2822,17,0
2024-10-23 09:00:00+00:00,70.961,71.072,70.723,70.82,2507,17,0
2024-10-23 10:00:00+00:00,70.817,70.835,70.147,70.229,3372,17,0
2024-10-23 11:00:00+00:00,70.235,70.421,70.045,70.356,3069,17,0
2024-10-23 12:00:00+00:00,70.362,70.607,70.241,70.482,3039,17,0
2024-10-23 13:00:00+00:00,70.479,71.248,70.327,71.124,5658,17,0
2024-10-23 14:00:00+00:00,71.125,71.389,70.528,70.678,6545,17,0
2024-10-23 15:00:00+00:00,70.673,70.899,70.337,70.617,5595,17,0
2024-10-23 16:00:00+00:00,70.605,70.732,70.314,70.566,3410,17,0
2024-10-23 17:00:00+00:00,70.564,70.887,70.38,70.743,3365,17,0
2024-10-23 18:00:00+00:00,70.747,70.793,70.537,70.695,2541,17,0
2024-10-23 19:00:00+00:00,70.696,70.949,70.665,70.923,878,17,0
2024-10-23 20:00:00+00:00,70.928,70.975,70.873,70.925,571,17,0
2024-10-23 22:00:00+00:00,70.918,71.026,70.907,70.999,212,17,0
2024-10-23 23:00:00+00:00,71.001,71.103,70.998,71.09,185,17,0
2024-10-24 00:00:00+00:00,71.077,71.552,71.035,71.507,1137,17,0
2024-10-24 01:00:00+00:00,71.495,71.553,71.389,71.443,1838,17,0
2024-10-24 02:00:00+00:00,71.442,71.681,71.392,71.662,1452,17,0
2024-10-24 03:00:00+00:00,71.66,71.685,71.563,71.569,901,17,0
2024-10-24 04:00:00+00:00,71.565,71.63,71.542,71.603,461,17,0
2024-10-24 05:00:00+00:00,71.602,71.63,71.459,71.465,1079,17,0
2024-10-24 06:00:00+00:00,71.462,71.527,71.392,71.456,1444,17,0
2024-10-24 07:00:00+00:00,71.455,71.924,71.455,71.879,2765,17,0
2024-10-24 08:00:00+00:00,71.885,72.068,71.659,71.837,3308,17,0
2024-10-24 09:00:00+00:00,71.844,72.181,71.835,72.079,2552,17,0
2024-10-24 10:00:00+00:00,72.086,72.218,71.335,71.398,2632,17,0
2024-10-24 11:00:00+00:00,71.393,71.483,70.935,70.958,3169,17,0
2024-10-24 12:00:00+00:00,70.956,71.311,70.829,71.072,3819,17,0
2024-10-24 13:00:00+00:00,71.063,71.448,70.901,71.113,5719,17,0
2024-10-24 14:00:00+00:00,71.109,71.176,69.865,70.131,6499,17,0
2024-10-24 15:00:00+00:00,70.12,70.374,69.856,69.904,5595,17,0
2024-10-24 16:00:00+00:00,69.91,70.137,69.677,69.795,3599,17,0
2024-10-24 17:00:00+00:00,69.794,70.056,69.794,69.994,2212,17,0
2024-10-24 18:00:00+00:00,70.001,70.279,69.839,70.218,2188,17,0
2024-10-24 19:00:00+00:00,70.215,70.452,70.21,70.432,1020,17,0
2024-10-24 20:00:00+00:00,70.43,70.431,70.265,70.306,516,17,0
2024-10-24 22:00:00+00:00,70.349,70.381,70.292,70.292,196,17,0
2024-10-24 23:00:00+00:00,70.295,70.335,70.261,70.326,222,17,0
2024-10-25 00:00:00+00:00,70.324,70.585,70.324,70.487,1033,17,0
2024-10-25 01:00:00+00:00,70.487,70.487,70.248,70.261,1944,17,0
2024-10-25 02:00:00+00:00,70.265,70.403,70.207,70.359,1251,17,0
2024-10-25 03:00:00+00:00,70.358,70.387,70.172,70.182,957,17,0
2024-10-25 04:00:00+00:00,70.183,70.246,70.146,70.208,482,17,0
2024-10-25 05:00:00+00:00,70.21,70.31,70.196,70.253,1054,17,0
2024-10-25 06:00:00+00:00,70.259,70.48,70.173,70.396,1472,17,0
2024-10-25 07:00:00+00:00,70.396,70.501,70.001,70.041,2238,17,0
2024-10-25 08:00:00+00:00,70.037,70.378,69.852,70.182,3571,17,0
2024-10-25 09:00:00+00:00,70.181,70.497,70.104,70.424,2631,17,0
2024-10-25 10:00:00+00:00,70.427,70.652,70.327,70.57,1872,17,0
2024-10-25 11:00:00+00:00,70.574,70.755,70.465,70.616,1837,17,0
2024-10-25 12:00:00+00:00,70.618,71.068,70.593,71.001,2685,17,0
2024-10-25 13:00:00+00:00,70.998,71.273,70.824,71.102,4373,17,0
2024-10-25 14:00:00+00:00,71.106,71.187,70.743,70.838,3873,17,0
2024-10-25 15:00:00+00:00,70.84,71.793,70.702,71.5,6017,17,0
2024-10-25 16:00:00+00:00,71.507,71.625,71.014,71.565,3861,17,0
2024-10-25 17:00:00+00:00,71.567,71.619,71.346,71.52,2414,17,0
2024-10-25 18:00:00+00:00,71.515,71.771,71.335,71.653,2701,17,0
2024-10-25 19:00:00+00:00,71.651,71.708,71.503,71.537,908,17,0
2024-10-25 20:00:00+00:00,71.544,71.566,71.453,71.499,525,17,0
2024-10-27 22:00:00+00:00,67.889,68.525,67.885,68.443,2386,17,0
2024-10-27 23:00:00+00:00,68.442,68.681,68.424,68.635,1217,17,0
2024-10-28 00:00:00+00:00,68.641,68.747,68.514,68.724,1420,17,0
2024-10-28 01:00:00+00:00,68.723,68.723,68.215,68.454,3338,17,0
2024-10-28 02:00:00+00:00,68.45,68.495,68.288,68.353,1354,17,0
2024-10-28 03:00:00+00:00,68.352,68.568,68.346,68.371,966,17,0
2024-10-28 04:00:00+00:00,68.368,68.395,68.238,68.391,818,17,0
2024-10-28 05:00:00+00:00,68.387,68.388,68.258,68.31,771,17,0
2024-10-28 06:00:00+00:00,68.314,68.649,68.293,68.541,1675,17,0
2024-10-28 07:00:00+00:00,68.536,68.659,68.406,68.442,1903,17,0
2024-10-28 08:00:00+00:00,68.447,68.47,68.018,68.147,3378,17,0
2024-10-28 09:00:00+00:00,68.141,68.156,67.024,67.111,4735,17,0
2024-10-28 10:00:00+00:00,67.106,67.465,67.03,67.36,3934,17,0
2024-10-28 11:00:00+00:00,67.355,67.594,67.21,67.233,3106,17,0
2024-10-28 12:00:00+00:00,67.23,67.381,67.05,67.054,3290,17,0
2024-10-28 13:00:00+00:00,67.04,67.748,66.798,67.707,6065,17,0
2024-10-28 14:00:00+00:00,67.702,68.036,67.427,67.976,4708,17,0
2024-10-28 15:00:00+00:00,67.983,68.002,67.452,67.804,3806,17,0
2024-10-28 16:00:00+00:00,67.804,67.967,67.43,67.502,3901,17,0
2024-10-28 17:00:00+00:00,67.499,67.657,67.41,67.596,2410,17,0
2024-10-28 18:00:00+00:00,67.598,67.744,67.184,67.421,3029,17,0
2024-10-28 19:00:00+00:00,67.43,67.833,67.311,67.806,2152,17,0
2024-10-28 20:00:00+00:00,67.801,67.894,67.749,67.851,805,17,0
2024-10-28 22:00:00+00:00,67.886,67.887,67.784,67.794,189,17,0
2024-10-28 23:00:00+00:00,67.798,67.823,67.736,67.795,207,17,0
2024-10-29 00:00:00+00:00,67.799,67.801,67.592,67.61,876,17,0
2024-10-29 01:00:00+00:00,67.612,67.652,67.458,67.484,1423,17,0
2024-10-29 02:00:00+00:00,67.483,67.614,67.453,67.483,1310,17,0
2024-10-29 03:00:00+00:00,67.48,67.496,67.231,67.255,851,17,0
2024-10-29 04:00:00+00:00,67.253,67.316,67.228,67.249,520,17,0
2024-10-29 05:00:00+00:00,67.251,67.293,67.112,67.204,924,17,0
2024-10-29 06:00:00+00:00,67.202,67.227,67.033,67.083,1119,17,0
2024-10-29 07:00:00+00:00,67.087,67.571,67.076,67.53,1612,17,0
2024-10-29 08:00:00+00:00,67.525,67.805,67.284,67.624,3670,17,0
2024-10-29 09:00:00+00:00,67.627,67.881,67.469,67.74,3266,17,0
2024-10-29 10:00:00+00:00,67.744,67.996,67.744,67.901,2498,17,0
2024-10-29 11:00:00+00:00,67.906,68.346,67.872,68.051,3359,17,0
2024-10-29 12:00:00+00:00,68.056,68.246,67.876,67.929,2803,17,0
2024-10-29 13:00:00+00:00,67.921,67.927,67.166,67.451,5600,17,0
2024-10-29 14:00:00+00:00,67.444,67.695,67.263,67.382,4360,17,0
2024-10-29 15:00:00+00:00,67.385,67.481,66.565,66.96,6162,17,0
2024-10-29 16:00:00+00:00,66.953,67.186,66.807,67.061,4200,17,0
2024-10-29 17:00:00+00:00,67.065,67.16,66.812,67.08,2886,17,0
2024-10-29 18:00:00+00:00,67.087,67.247,66.975,67.018,2846,17,0
2024-10-29 19:00:00+00:00,67.017,67.11,66.946,67.089,1008,17,0
2024-10-29 20:00:00+00:00,67.084,67.382,67.044,67.337,674,17,0
2024-10-29 22:00:00+00:00,67.22,67.315,67.214,67.28,129,26,0
2024-10-29 23:00:00+00:00,67.282,67.342,67.262,67.267,210,17,0
2024-10-30 00:00:00+00:00,67.257,67.289,67.125,67.168,1012,17,0
2024-10-30 01:00:00+00:00,67.17,67.409,67.106,67.311,1855,17,0
2024-10-30 02:00:00+00:00,67.31,67.392,67.229,67.282,1094,17,0
2024-10-30 03:00:00+00:00,67.285,67.462,67.27,67.447,975,17,0
2024-10-30 04:00:00+00:00,67.449,67.466,67.415,67.461,416,17,0
2024-10-30 05:00:00+00:00,67.459,67.558,67.422,67.51,894,17,0
2024-10-30 06:00:00+00:00,67.512,67.688,67.498,67.669,1252,17,0
2024-10-30 07:00:00+00:00,67.667,67.667,67.416,67.616,1679,17,0
2024-10-30 08:00:00+00:00,67.613,68.001,67.548,67.617,3364,17,0
2024-10-30 09:00:00+00:00,67.622,67.776,67.379,67.447,2990,17,0
2024-10-30 10:00:00+00:00,67.445,67.779,67.371,67.571,2649,17,0
2024-10-30 11:00:00+00:00,67.566,67.936,67.509,67.763,2072,17,0
2024-10-30 12:00:00+00:00,67.767,68.681,67.729,68.148,5688,17,0
2024-10-30 13:00:00+00:00,68.153,68.212,67.694,67.947,6119,17,0
2024-10-30 14:00:00+00:00,67.947,68.274,67.809,68.258,5506,17,0
2024-10-30 15:00:00+00:00,68.254,68.938,68.174,68.702,5138,17,0
2024-10-30 16:00:00+00:00,68.707,68.847,68.286,68.401,3848,17,0
2024-10-30 17:00:00+00:00,68.404,68.47,68.066,68.166,2574,17,0
2024-10-30 18:00:00+00:00,68.169,68.582,68.157,68.566,2619,17,0
2024-10-30 19:00:00+00:00,68.567,68.782,68.512,68.702,1139,17,0
2024-10-30 20:00:00+00:00,68.708,68.9,68.618,68.9,820,17,0
2024-10-30 22:00:00+00:00,68.85,68.85,68.739,68.768,267,17,0
2024-10-30 23:00:00+00:00,68.768,68.814,68.72,68.73,225,17,0
2024-10-31 00:00:00+00:00,68.731,68.777,68.665,68.705,754,17,0
2024-10-31 01:00:00+00:00,68.705,68.754,68.568,68.601,1660,17,0
2024-10-31 02:00:00+00:00,68.601,68.752,68.589,68.717,1308,17,0
2024-10-31 03:00:00+00:00,68.719,68.826,68.704,68.8,859,17,0
2024-10-31 04:00:00+00:00,68.799,68.856,68.788,68.83,465,17,0
2024-10-31 05:00:00+00:00,68.828,68.905,68.817,68.872,745,17,0
2024-10-31 06:00:00+00:00,68.871,68.89,68.713,68.786,1020,17,0
2024-10-31 07:00:00+00:00,68.793,68.793,68.448,68.56,1841,17,0
2024-10-31 08:00:00+00:00,68.557,68.613,68.08,68.534,3741,17,0
2024-10-31 09:00:00+00:00,68.561,68.888,68.293,68.691,3562,17,0
2024-10-31 10:00:00+00:00,68.695,68.995,68.443,68.587,3753,17,0
2024-10-31 11:00:00+00:00,68.592,68.961,68.527,68.877,3063,17,0
2024-10-31 12:00:00+00:00,68.883,69.132,68.757,69.064,3414,17,0
2024-10-31 13:00:00+00:00,69.068,69.4,68.931,69.135,5288,17,0
2024-10-31 14:00:00+00:00,69.139,69.407,68.985,69.279,5115,17,0
2024-10-31 15:00:00+00:00,69.286,69.523,69.13,69.205,4025,17,0
2024-10-31 16:00:00+00:00,69.205,69.27,68.776,68.969,4208,17,0
2024-10-31 17:00:00+00:00,68.971,69.093,68.697,68.988,2904,17,0
2024-10-31 18:00:00+00:00,68.99,70.383,68.898,70.252,7000,17,0
2024-10-31 19:00:00+00:00,70.26,70.544,70.192,70.29,3386,17,0
2024-10-31 20:00:00+00:00,70.292,70.419,70.119,70.153,1275,17,0
2024-10-31 22:00:00+00:00,70.22,70.389,70.179,70.322,312,26,0
2024-10-31 23:00:00+00:00,70.312,70.392,70.244,70.315,364,17,0
2024-11-01 00:00:00+00:00,70.32,70.432,70.158,70.208,1389,17,0
2024-11-01 01:00:00+00:00,70.196,70.382,70.154,70.261,2353,17,0
2024-11-01 02:00:00+00:00,70.259,70.364,70.087,70.137,1501,17,0
2024-11-01 03:00:00+00:00,70.137,70.365,70.066,70.337,938,17,0
2024-11-01 04:00:00+00:00,70.339,70.486,70.327,70.446,544,17,0
2024-11-01 05:00:00+00:00,70.449,70.457,70.338,70.405,854,17,0
2024-11-01 06:00:00+00:00,70.402,70.516,70.214,70.283,1377,17,0
2024-11-01 07:00:00+00:00,70.282,70.63,70.214,70.625,1840,17,0
2024-11-01 08:00:00+00:00,70.621,71.162,70.59,70.811,3709,17,0
2024-11-01 09:00:00+00:00,70.82,71.105,70.82,71.048,3355,17,0
2024-11-01 10:00:00+00:00,71.041,71.065,70.373,70.399,3199,17,0
2024-11-01 11:00:00+00:00,70.404,70.571,70.261,70.506,2627,17,0
2024-11-01 12:00:00+00:00,70.496,70.915,70.471,70.685,4860,17,0
2024-11-01 13:00:00+00:00,70.69,71.041,70.558,70.835,5488,17,0
2024-11-01 14:00:00+00:00,70.845,70.885,69.649,70.108,7570,17,0
2024-11-01 15:00:00+00:00,70.104,70.272,69.804,69.948,5254,17,0
2024-11-01 16:00:00+00:00,69.956,70.113,69.429,69.783,4972,17,0
2024-11-01 17:00:00+00:00,69.776,69.823,69.354,69.457,2896,17,0
2024-11-01 18:00:00+00:00,69.463,69.588,69.171,69.255,3192,17,0
2024-11-01 19:00:00+00:00,69.253,69.32,69.174,69.22,1093,17,0
2024-11-01 20:00:00+00:00,69.227,69.34,69.204,69.213,456,17,0
2024-11-03 23:00:00+00:00,70.174,70.347,70.129,70.285,1128,17,0
2024-11-04 00:00:00+00:00,70.29,70.574,70.227,70.469,865,17,0
2024-11-04 01:00:00+00:00,70.463,70.507,70.192,70.234,2026,17,0
2024-11-04 02:00:00+00:00,70.24,70.369,70.096,70.169,1432,17,0
2024-11-04 03:00:00+00:00,70.174,70.448,70.129,70.448,984,17,0
2024-11-04 04:00:00+00:00,70.448,70.498,70.385,70.4,473,17,0
2024-11-04 05:00:00+00:00,70.399,70.524,70.38,70.522,714,17,0
2024-11-04 06:00:00+00:00,70.521,70.611,70.464,70.529,900,17,0
2024-11-04 07:00:00+00:00,70.529,70.695,70.42,70.445,1199,17,0
2024-11-04 08:00:00+00:00,70.444,71.027,70.442,71.025,2857,17,0
2024-11-04 09:00:00+00:00,71.02,71.26,70.941,71.195,2551,17,0
2024-11-04 10:00:00+00:00,71.198,71.254,70.803,71.033,2196,17,0
2024-11-04 11:00:00+00:00,71.026,71.545,71.016,71.463,1955,17,0
2024-11-04 12:00:00+00:00,71.462,71.465,71.123,71.186,1744,17,0
2024-11-04 13:00:00+00:00,71.188,71.397,70.948,71.28,3420,17,0
2024-11-04 14:00:00+00:00,71.284,71.344,70.895,70.96,4730,17,0
2024-11-04 15:00:00+00:00,70.955,70.975,70.43,70.572,5169,17,0
2024-11-04 16:00:00+00:00,70.564,71.111,70.507,71.021,4576,17,0
2024-11-04 17:00:00+00:00,71.023,71.36,70.864,71.232,2915,17,0
2024-11-04 18:00:00+00:00,71.236,71.318,71.085,71.268,2272,17,0
2024-11-04 19:00:00+00:00,71.262,71.352,71.09,71.286,2247,17,0
2024-11-04 20:00:00+00:00,71.285,71.533,71.159,71.411,1536,17,0
2024-11-04 21:00:00+00:00,71.405,71.494,71.345,71.364,631,17,0
2024-11-04 23:00:00+00:00,71.289,71.314,71.193,71.195,124,26,0
2024-11-05 00:00:00+00:00,71.197,71.209,71.073,71.136,158,26,0
2024-11-05 01:00:00+00:00,71.131,71.219,71.028,71.148,1454,17,0
2024-11-05 02:00:00+00:00,71.149,71.338,71.094,71.263,1305,17,0
2024-11-05 03:00:00+00:00,71.265,71.365,71.224,71.317,748,17,0
2024-11-05 04:00:00+00:00,71.32,71.355,71.211,71.228,378,17,0
2024-11-05 05:00:00+00:00,71.227,71.303,71.163,71.167,741,17,0
2024-11-05 06:00:00+00:00,71.176,71.185,71.084,71.114,900,17,0
2024-11-05 07:00:00+00:00,71.109,71.379,71.109,71.352,1185,17,0
2024-11-05 08:00:00+00:00,71.354,71.461,71.18,71.32,2516,17,0
2024-11-05 09:00:00+00:00,71.342,71.751,71.277,71.571,3073,17,0
2024-11-05 10:00:00+00:00,71.576,71.691,71.404,71.47,2052,17,0
2024-11-05 11:00:00+00:00,71.471,71.594,71.338,71.452,1718,17,0
2024-11-05 12:00:00+00:00,71.448,71.787,71.431,71.694,1920,17,0
2024-11-05 13:00:00+00:00,71.695,71.74,71.419,71.499,3150,17,0
2024-11-05 14:00:00+00:00,71.507,72.059,71.507,71.86,4036,17,0
2024-11-05 15:00:00+00:00,71.873,72.179,71.738,72.116,3241,17,0
2024-11-05 16:00:00+00:00,72.123,72.361,72.038,72.224,3141,17,0
2024-11-05 17:00:00+00:00,72.224,72.327,71.532,71.646,2648,17,0
2024-11-05 18:00:00+00:00,71.647,71.676,71.129,71.373,2923,17,0
2024-11-05 19:00:00+00:00,71.365,71.914,71.314,71.83,3144,17,0
2024-11-05 20:00:00+00:00,71.826,71.965,71.708,71.804,1256,17,0
2024-11-05 21:00:00+00:00,71.794,71.905,71.663,71.667,578,17,0
2024-11-05 23:00:00+00:00,71.673,71.821,71.662,71.745,199,26,0
2024-11-06 00:00:00+00:00,71.75,71.787,71.397,71.454,439,26,0
2024-11-06 01:00:00+00:00,71.444,71.482,71.231,71.331,1677,26,0
2024-11-06 02:00:00+00:00,71.324,71.519,71.318,71.431,1417,17,0
2024-11-06 03:00:00+00:00,71.432,71.435,70.88,70.993,1709,17,0
2024-11-06 04:00:00+00:00,70.997,71.078,70.777,70.777,953,17,0
2024-11-06 05:00:00+00:00,70.772,70.932,70.42,70.436,1420,17,0
2024-11-06 06:00:00+00:00,70.44,70.662,69.918,70.524,2903,17,0
2024-11-06 07:00:00+00:00,70.529,71.001,70.487,70.971,2251,17,0
2024-11-06 08:00:00+00:00,70.964,71.009,70.363,70.503,3692,17,0
2024-11-06 09:00:00+00:00,70.505,70.923,69.998,70.908,3501,17,0
2024-11-06 10:00:00+00:00,70.9,71.078,70.455,70.703,3277,17,0
2024-11-06 11:00:00+00:00,70.704,70.881,70.573,70.878,2836,17,0
2024-11-06 12:00:00+00:00,70.878,70.898,70.093,70.234,3201,17,0
2024-11-06 13:00:00+00:00,70.231,70.233,69.463,69.832,5588,17,0
2024-11-06 14:00:00+00:00,69.846,71.167,69.744,71.073,6580,17,0
2024-11-06 15:00:00+00:00,71.079,72.29,70.889,72.208,7302,17,0
2024-11-06 16:00:00+00:00,72.214,72.318,71.338,71.614,6965,17,0
2024-11-06 17:00:00+00:00,71.616,71.863,71.525,71.734,3382,17,0
2024-11-06 18:00:00+00:00,71.729,71.777,71.306,71.39,2997,17,0
2024-11-06 19:00:00+00:00,71.395,71.786,71.24,71.415,3861,17,0
2024-11-06 20:00:00+00:00,71.412,71.712,71.412,71.583,1262,17,0
2024-11-06 21:00:00+00:00,71.588,71.614,71.488,71.595,581,17,0
2024-11-06 23:00:00+00:00,71.482,71.501,71.394,71.394,93,26,0
2024-11-07 00:00:00+00:00,71.392,71.449,71.377,71.385,160,26,0
2024-11-07 01:00:00+00:00,71.391,71.792,71.326,71.779,2379,17,0
2024-11-07 02:00:00+00:00,71.778,71.985,71.737,71.917,1555,17,0
2024-11-07 03:00:00+00:00,71.915,71.952,71.793,71.91,854,17,0
2024-11-07 04:00:00+00:00,71.914,71.945,71.71,71.722,525,17,0
2024-11-07 05:00:00+00:00,71.718,71.819,71.679,71.803,852,17,0
2024-11-07 06:00:00+00:00,71.802,71.823,71.5,71.592,1372,17,0
2024-11-07 07:00:00+00:00,71.594,71.601,71.234,71.321,1595,17,0
2024-11-07 08:00:00+00:00,71.322,71.408,70.991,71.111,2709,17,0
2024-11-07 09:00:00+00:00,71.119,71.38,70.883,70.964,2595,17,0
2024-11-07 10:00:00+00:00,70.962,71.032,70.647,70.76,2599,17,0
2024-11-07 11:00:00+00:00,70.767,70.864,70.372,70.567,2569,17,0
2024-11-07 12:00:00+00:00,70.569,70.818,70.469,70.713,2583,17,0
2024-11-07 13:00:00+00:00,70.724,71.206,70.724,71.015,4301,17,0
2024-11-07 14:00:00+00:00,71.02,71.336,70.453,70.965,6728,17,0
2024-11-07 15:00:00+00:00,70.969,71.315,70.576,71.278,5720,17,0
2024-11-07 16:00:00+00:00,71.276,71.831,71.129,71.546,6354,17,0
2024-11-07 17:00:00+00:00,71.553,72.262,71.522,72.239,3758,17,0
2024-11-07 18:00:00+00:00,72.245,72.518,72.185,72.271,3156,17,0
2024-11-07 19:00:00+00:00,72.27,72.423,71.883,71.948,3837,17,0
2024-11-07 20:00:00+00:00,71.945,72.03,71.677,71.718,1396,17,0
2024-11-07 21:00:00+00:00,71.72,71.921,71.709,71.907,559,17,0
2024-11-07 23:00:00+00:00,71.892,71.932,71.864,71.884,146,26,0
2024-11-08 00:00:00+00:00,71.883,71.914,71.841,71.909,187,17,0
2024-11-08 01:00:00+00:00,71.911,71.96,71.727,71.765,1732,17,0
2024-11-08 02:00:00+00:00,71.766,71.783,71.605,71.626,1245,17,0
2024-11-08 03:00:00+00:00,71.624,71.644,71.435,71.466,848,17,0
2024-11-08 04:00:00+00:00,71.462,71.536,71.458,71.518,427,17,0
2024-11-08 05:00:00+00:00,71.522,71.69,71.522,71.624,676,17,0
2024-11-08 06:00:00+00:00,71.619,71.629,71.392,71.428,1141,17,0
2024-11-08 07:00:00+00:00,71.428,71.563,71.351,71.421,1109,17,0
2024-11-08 08:00:00+00:00,71.421,71.448,70.785,70.885,3609,17,0
2024-11-08 09:00:00+00:00,70.894,71.11,70.779,70.917,2606,17,0
2024-11-08 10:00:00+00:00,70.912,70.969,70.683,70.833,2330,17,0
2024-11-08 11:00:00+00:00,70.83,71.348,70.813,71.15,2243,17,0
2024-11-08 12:00:00+00:00,71.149,71.3,70.716,70.794,2428,17,0
2024-11-08 13:00:00+00:00,70.796,71.193,70.69,71.114,3457,17,0
2024-11-08 14:00:00+00:00,71.11,71.27,70.503,70.563,5292,17,0
2024-11-08 15:00:00+00:00,70.564,70.564,69.847,70.052,5890,17,0
2024-11-08 16:00:00+00:00,70.046,70.19,69.741,69.809,4792,17,0
2024-11-08 17:00:00+00:00,69.814,70.335,69.797,70.302,3466,17,0
2024-11-08 18:00:00+00:00,70.299,70.331,69.961,70.005,2463,17,0
2024-11-08 19:00:00+00:00,70.0,70.319,69.981,70.253,2325,17,0
2024-11-08 20:00:00+00:00,70.253,70.352,70.186,70.193,1012,17,0
2024-11-10 23:00:00+00:00,70.179,70.195,69.94,70.031,359,26,0
2024-11-11 00:00:00+00:00,70.029,70.114,70.021,70.052,285,26,0
2024-11-11 01:00:00+00:00,70.048,70.055,69.751,69.897,1789,17,0
2024-11-11 02:00:00+00:00,69.9,69.965,69.744,69.946,1136,17,0
2024-11-11 03:00:00+00:00,69.942,69.952,69.774,69.859,607,17,0
2024-11-11 04:00:00+00:00,69.857,69.862,69.72,69.761,337,17,0
2024-11-11 05:00:00+00:00,69.764,70.054,69.764,69.868,974,17,0
2024-11-11 06:00:00+00:00,69.863,70.175,69.83,70.145,1314,17,0
2024-11-11 07:00:00+00:00,70.146,70.17,69.976,70.095,1353,17,0
2024-11-11 08:00:00+00:00,70.1,70.333,70.014,70.211,2923,17,0
2024-11-11 09:00:00+00:00,70.219,70.337,69.252,69.342,3736,17,0
2024-11-11 10:00:00+00:00,69.338,69.363,68.973,69.001,3200,17,0
2024-11-11 11:00:00+00:00,68.997,69.18,68.773,69.051,2562,17,0
2024-11-11 12:00:00+00:00,69.049,69.14,68.578,68.625,2600,17,0
2024-11-11 13:00:00+00:00,68.626,68.801,68.274,68.463,4221,17,0
2024-11-11 14:00:00+00:00,68.456,68.585,68.182,68.496,4944,17,0
2024-11-11 15:00:00+00:00,68.499,68.597,67.953,67.976,4309,17,0
2024-11-11 16:00:00+00:00,67.99,68.194,67.81,67.91,4079,17,0
2024-11-11 17:00:00+00:00,67.904,68.199,67.893,68.04,2481,17,0
2024-11-11 18:00:00+00:00,68.038,68.099,67.895,68.057,2294,17,0
2024-11-11 19:00:00+00:00,68.055,68.197,67.804,68.049,2915,17,0
2024-11-11 20:00:00+00:00,68.053,68.145,68.024,68.12,917,17,0
2024-11-11 21:00:00+00:00,68.114,68.151,68.004,68.005,418,17,0
2024-11-11 23:00:00+00:00,67.992,68.112,67.953,68.081,380,17,0
2024-11-12 00:00:00+00:00,68.083,68.144,68.082,68.12,290,17,0
2024-11-12 01:00:00+00:00,68.118,68.209,67.928,67.959,1503,17,0
2024-11-12 02:00:00+00:00,67.961,67.967,67.698,67.812,1098,17,0
2024-11-12 03:00:00+00:00,67.81,67.882,67.721,67.818,782,17,0
2024-11-12 04:00:00+00:00,67.811,67.908,67.796,67.849,391,17,0
2024-11-12 05:00:00+00:00,67.853,67.878,67.65,67.701,878,17,0
2024-11-12 06:00:00+00:00,67.698,67.854,67.664,67.811,1054,17,0
2024-11-12 07:00:00+00:00,67.806,68.056,67.717,68.002,1656,17,0
2024-11-12 08:00:00+00:00,67.998,68.147,67.934,68.08,2710,17,0
2024-11-12 09:00:00+00:00,68.082,68.442,67.915,68.414,3350,17,0
2024-11-12 10:00:00+00:00,68.412,68.488,68.282,68.33,2173,17,0
2024-11-12 11:00:00+00:00,68.335,68.663,68.208,68.429,2181,17,0
2024-11-12 12:00:00+00:00,68.434,68.61,67.948,68.465,2835,17,0
2024-11-12 13:00:00+00:00,68.461,68.732,68.317,68.712,3307,17,0
2024-11-12 14:00:00+00:00,68.707,68.984,68.5,68.702,4637,17,0
2024-11-12 15:00:00+00:00,68.706,68.824,67.881,67.943,4604,17,0
2024-11-12 16:00:00+00:00,67.937,68.494,67.663,68.234,5736,17,0
2024-11-12 17:00:00+00:00,68.238,68.375,67.977,68.287,3140,17,0
2024-11-12 18:00:00+00:00,68.286,68.299,67.868,67.925,2429,17,0
2024-11-12 19:00:00+00:00,67.918,68.179,67.884,68.138,2149,17,0
2024-11-12 20:00:00+00:00,68.139,68.189,67.827,67.879,1237,17,0
2024-11-12 21:00:00+00:00,67.876,67.933,67.828,67.846,493,17,0
2024-11-12 23:00:00+00:00,67.87,67.926,67.835,67.912,197,17,0
2024-11-13 00:00:00+00:00,67.917,67.93,67.887,67.895,129,17,0
2024-11-13 01:00:00+00:00,67.893,68.154,67.861,68.092,1588,17,0
2024-11-13 02:00:00+00:00,68.086,68.265,68.056,68.247,1038,17,0
2024-11-13 03:00:00+00:00,68.252,68.295,68.11,68.137,772,17,0
2024-11-13 04:00:00+00:00,68.135,68.173,68.083,68.138,368,17,0
2024-11-13 05:00:00+00:00,68.134,68.191,68.074,68.09,716,17,0
2024-11-13 06:00:00+00:00,68.084,68.186,68.02,68.11,1041,17,0
2024-11-13 07:00:00+00:00,68.111,68.212,67.945,68.074,1365,17,0
2024-11-13 08:00:00+00:00,68.069,68.194,67.864,68.165,2360,17,0
2024-11-13 09:00:00+00:00,68.184,68.692,68.146,68.471,2200,17,0
2024-11-13 10:00:00+00:00,68.464,68.672,68.373,68.547,1835,17,0
2024-11-13 11:00:00+00:00,68.546,68.645,68.013,68.261,2419,17,0
2024-11-13 12:00:00+00:00,68.268,68.394,67.957,68.203,2411,17,0
2024-11-13 13:00:00+00:00,68.202,68.357,67.629,67.804,3986,17,0
2024-11-13 14:00:00+00:00,67.811,67.863,66.872,66.872,6945,17,0
2024-11-13 15:00:00+00:00,66.868,67.986,66.794,67.808,6331,17,0
2024-11-13 16:00:00+00:00,67.819,68.412,67.802,68.068,5312,17,0
2024-11-13 17:00:00+00:00,68.081,68.63,68.039,68.411,3299,17,0
2024-11-13 18:00:00+00:00,68.414,68.592,68.302,68.496,2550,17,0
2024-11-13 19:00:00+00:00,68.495,68.605,68.033,68.042,3198,17,0
2024-11-13 20:00:00+00:00,68.044,68.086,67.729,67.89,1652,17,0
2024-11-13 21:00:00+00:00,67.898,67.947,67.812,67.915,629,17,0
2024-11-13 23:00:00+00:00,67.93,67.954,67.872,67.873,159,17,0
2024-11-14 00:00:00+00:00,67.878,68.124,67.873,68.117,240,17,0
2024-11-14 01:00:00+00:00,68.12,68.197,68.056,68.118,1433,17,0
2024-11-14 02:00:00+00:00,68.113,68.189,68.02,68.077,1163,17,0
2024-11-14 03:00:00+00:00,68.075,68.161,67.837,67.85,901,17,0
2024-11-14 04:00:00+00:00,67.855,68.005,67.848,67.991,534,17,0
2024-11-14 05:00:00+00:00,67.992,67.998,67.765,67.822,1021,17,0
2024-11-14 06:00:00+00:00,67.826,67.906,67.786,67.818,1113,17,0
2024-11-14 07:00:00+00:00,67.817,68.074,67.769,67.991,1483,17,0
2024-11-14 08:00:00+00:00,67.987,68.409,67.982,68.323,2368,17,0
2024-11-14 09:00:00+00:00,68.319,68.431,67.903,68.302,2869,17,0
2024-11-14 10:00:00+00:00,68.3,68.594,68.108,68.545,2326,17,0
2024-11-14 11:00:00+00:00,68.543,68.771,68.385,68.517,2088,17,0
2024-11-14 12:00:00+00:00,68.524,68.736,68.351,68.709,2260,17,0
2024-11-14 13:00:00+00:00,68.713,69.144,68.685,69.01,3658,17,0
2024-11-14 14:00:00+00:00,69.02,69.234,68.834,69.062,4591,17,0
2024-11-14 15:00:00+00:00,69.057,69.167,68.558,68.64,4354,17,0
2024-11-14 16:00:00+00:00,68.652,69.122,68.299,68.535,5934,17,0
2024-11-14 17:00:00+00:00,68.531,68.599,67.964,68.122,3385,17,0
2024-11-14 18:00:00+00:00,68.121,68.434,67.946,68.409,2328,17,0
2024-11-14 19:00:00+00:00,68.405,68.713,68.397,68.518,2430,17,0
2024-11-14 20:00:00+00:00,68.521,68.521,68.328,68.383,1264,17,0
2024-11-14 21:00:00+00:00,68.381,68.528,68.381,68.41,362,17,0
2024-11-14 23:00:00+00:00,68.411,68.45,68.396,68.41,101,26,0
2024-11-15 00:00:00+00:00,68.414,68.421,68.266,68.307,210,17,0
2024-11-15 01:00:00+00:00,68.31,68.351,68.1,68.149,1695,17,0
2024-11-15 02:00:00+00:00,68.149,68.177,68.033,68.085,971,17,0
2024-11-15 03:00:00+00:00,68.087,68.158,68.031,68.149,475,17,0
2024-11-15 04:00:00+00:00,68.151,68.152,67.847,67.925,515,17,0
2024-11-15 05:00:00+00:00,67.921,67.969,67.756,67.783,714,17,0
2024-11-15 06:00:00+00:00,67.785,67.804,67.606,67.622,1118,17,0
2024-11-15 07:00:00+00:00,67.624,67.679,67.353,67.364,1423,17,0
2024-11-15 08:00:00+00:00,67.365,67.829,67.316,67.691,2662,17,0
2024-11-15 09:00:00+00:00,67.709,67.865,67.41,67.752,2569,17,0
2024-11-15 10:00:00+00:00,67.747,67.866,67.51,67.782,2414,17,0
2024-11-15 11:00:00+00:00,67.78,68.342,67.712,68.337,2230,17,0
2024-11-15 12:00:00+00:00,68.333,68.501,68.203,68.306,2317,17,0
2024-11-15 13:00:00+00:00,68.312,68.483,67.799,67.83,3286,17,0
2024-11-15 14:00:00+00:00,67.838,68.09,67.671,68.014,4896,17,0
2024-11-15 15:00:00+00:00,68.009,68.351,67.683,68.224,4768,17,0
2024-11-15 16:00:00+00:00,68.219,68.444,67.34,67.452,5043,17,0
2024-11-15 17:00:00+00:00,67.456,67.544,66.879,66.986,3711,17,0
2024-11-15 18:00:00+00:00,66.984,67.02,66.706,66.816,2975,17,0
2024-11-15 19:00:00+00:00,66.822,67.127,66.817,66.959,2846,17,0
2024-11-15 20:00:00+00:00,66.96,66.976,66.823,66.911,1311,17,0
2024-11-15 21:00:00+00:00,66.917,66.975,66.863,66.887,334,17,0
2024-11-17 23:00:00+00:00,66.619,66.76,66.547,66.72,635,17,0
2024-11-18 00:00:00+00:00,66.72,67.053,66.702,67.038,645,17,0
2024-11-18 01:00:00+00:00,67.023,67.072,66.798,67.0,2126,17,0
2024-11-18 02:00:00+00:00,66.996,67.112,66.912,67.061,1344,17,0
2024-11-18 03:00:00+00:00,67.063,67.26,67.062,67.216,1077,17,0
2024-11-18 04:00:00+00:00,67.217,67.24,67.124,67.161,441,17,0
2024-11-18 05:00:00+00:00,67.161,67.17,66.968,66.987,965,17,0
2024-11-18 06:00:00+00:00,66.988,67.161,66.887,67.089,1397,17,0
2024-11-18 07:00:00+00:00,67.084,67.186,66.991,67.151,1340,17,0
2024-11-18 08:00:00+00:00,67.148,67.318,66.705,66.893,2708,17,0
2024-11-18 09:00:00+00:00,66.889,67.473,66.638,67.436,2854,17,0
2024-11-18 10:00:00+00:00,67.435,67.593,67.266,67.457,2120,17,0
2024-11-18 11:00:00+00:00,67.452,67.452,67.155,67.26,1823,17,0
2024-11-18 12:00:00+00:00,67.263,67.4,67.185,67.233,1985,17,0
2024-11-18 13:00:00+00:00,67.228,67.504,67.027,67.423,3395,17,0
2024-11-18 14:00:00+00:00,67.422,68.573,67.339,68.226,5698,17,0
2024-11-18 15:00:00+00:00,68.235,68.893,68.235,68.804,4289,17,0
2024-11-18 16:00:00+00:00,68.805,69.101,68.707,68.863,3811,17,0
2024-11-18 17:00:00+00:00,68.864,68.969,68.589,68.846,2850,17,0
2024-11-18 18:00:00+00:00,68.84,69.2,68.821,69.125,2141,17,0
2024-11-18 19:00:00+00:00,69.124,69.348,69.087,69.144,2635,17,0
2024-11-18 20:00:00+00:00,69.145,69.269,69.073,69.107,1027,17,0
2024-11-18 21:00:00+00:00,69.108,69.291,69.108,69.201,517,17,0
2024-11-18 23:00:00+00:00,68.971,68.971,68.884,68.916,235,17,0
2024-11-19 00:00:00+00:00,68.918,69.027,68.888,69.021,352,17,0
2024-11-19 01:00:00+00:00,69.022,69.258,68.999,69.205,1720,17,0
2024-11-19 02:00:00+00:00,69.207,69.262,69.046,69.066,1147,17,0
2024-11-19 03:00:00+00:00,69.07,69.316,69.04,69.304,967,17,0
2024-11-19 04:00:00+00:00,69.305,69.354,69.252,69.286,515,17,0
2024-11-19 05:00:00+00:00,69.287,69.287,69.147,69.229,944,17,0
2024-11-19 06:00:00+00:00,69.225,69.329,69.151,69.172,1326,17,0
2024-11-19 07:00:00+00:00,69.174,69.178,68.939,68.97,1441,17,0
2024-11-19 08:00:00+00:00,68.977,69.026,68.546,68.604,3125,17,0
2024-11-19 09:00:00+00:00,68.604,68.924,68.459,68.854,3504,17,0
2024-11-19 10:00:00+00:00,68.854,68.874,68.518,68.781,2506,17,0
2024-11-19 11:00:00+00:00,68.782,68.946,68.498,68.685,2333,17,0
2024-11-19 12:00:00+00:00,68.68,68.965,68.661,68.793,2164,17,0
2024-11-19 13:00:00+00:00,68.798,69.252,68.737,69.063,3866,17,0
2024-11-19 14:00:00+00:00,69.07,69.652,68.904,69.526,5435,17,0
2024-11-19 15:00:00+00:00,69.522,69.715,68.464,69.234,7575,17,0
2024-11-19 16:00:00+00:00,69.228,69.235,68.661,69.061,4964,17,0
2024-11-19 17:00:00+00:00,69.059,69.423,68.981,69.331,2895,17,0
2024-11-19 18:00:00+00:00,69.331,69.331,68.862,69.176,3009,17,0
2024-11-19 19:00:00+00:00,69.17,69.349,68.971,69.332,2824,17,0
2024-11-19 20:00:00+00:00,69.33,69.43,69.243,69.332,1148,17,0
2024-11-19 21:00:00+00:00,69.332,69.428,69.195,69.259,642,17,0
2024-11-19 23:00:00+00:00,69.285,69.296,69.233,69.284,176,17,0
2024-11-20 00:00:00+00:00,69.283,69.385,69.276,69.294,289,17,0
2024-11-20 01:00:00+00:00,69.295,69.346,69.121,69.158,1597,17,0
2024-11-20 02:00:00+00:00,69.159,69.284,69.121,69.275,1078,17,0
2024-11-20 03:00:00+00:00,69.277,69.309,69.16,69.173,684,17,0
2024-11-20 04:00:00+00:00,69.175,69.197,69.128,69.172,339,17,0
2024-11-20 05:00:00+00:00,69.17,69.232,69.13,69.166,795,17,0
2024-11-20 06:00:00+00:00,69.157,69.293,69.111,69.249,1111,17,0
2024-11-20 07:00:00+00:00,69.247,69.5,69.243,69.485,1358,17,0
2024-11-20 08:00:00+00:00,69.489,69.751,69.323,69.742,2468,17,0
2024-11-20 09:00:00+00:00,69.75,69.873,69.491,69.566,2375,17,0
2024-11-20 10:00:00+00:00,69.567,69.613,69.271,69.458,2081,17,0
2024-11-20 11:00:00+00:00,69.459,69.61,69.404,69.581,1798,17,0
2024-11-20 12:00:00+00:00,69.579,69.803,69.472,69.791,1845,17,0
2024-11-20 13:00:00+00:00,69.795,69.815,69.478,69.794,2712,17,0
2024-11-20 14:00:00+00:00,69.79,69.903,69.505,69.515,3541,17,0
2024-11-20 15:00:00+00:00,69.519,69.689,68.93,69.446,4459,17,0
2024-11-20 16:00:00+00:00,69.441,69.495,69.094,69.15,3438,17,0
2024-11-20 17:00:00+00:00,69.146,69.379,68.777,68.842,2459,17,0
2024-11-20 18:00:00+00:00,68.842,68.981,68.715,68.837,2027,17,0
2024-11-20 19:00:00+00:00,68.834,68.978,68.606,68.866,2166,17,0
2024-11-20 20:00:00+00:00,68.868,69.047,68.818,69.026,887,17,0
2024-11-20 21:00:00+00:00,69.022,69.13,68.943,68.977,617,17,0
2024-11-20 23:00:00+00:00,68.967,69.033,68.938,68.981,157,17,0
2024-11-21 00:00:00+00:00,68.982,69.029,68.905,69.021,283,17,0
2024-11-21 01:00:00+00:00,69.018,69.078,68.916,69.039,1423,17,0
2024-11-21 02:00:00+00:00,69.042,69.126,68.971,68.989,1076,17,0
2024-11-21 03:00:00+00:00,68.987,69.027,68.819,68.863,806,17,0
2024-11-21 04:00:00+00:00,68.86,68.919,68.814,68.823,386,17,0
2024-11-21 05:00:00+00:00,68.829,68.978,68.807,68.867,762,17,0
2024-11-21 06:00:00+00:00,68.866,69.114,68.813,69.1,991,17,0
2024-11-21 07:00:00+00:00,69.101,69.393,69.075,69.34,1363,17,0
2024-11-21 08:00:00+00:00,69.34,69.648,69.336,69.584,2482,17,0
2024-11-21 09:00:00+00:00,69.598,69.738,69.376,69.679,2456,17,0
2024-11-21 10:00:00+00:00,69.68,69.876,69.548,69.857,2170,17,0
2024-11-21 11:00:00+00:00,69.858,70.248,69.775,70.206,2310,17,0
2024-11-21 12:00:00+00:00,70.203,70.306,69.996,70.047,2186,17,0
2024-11-21 13:00:00+00:00,70.045,70.141,69.836,70.072,3005,17,0
2024-11-21 14:00:00+00:00,70.078,70.212,69.698,69.874,4719,17,0
2024-11-21 15:00:00+00:00,69.875,70.037,69.586,69.908,4308,17,0
2024-11-21 16:00:00+00:00,69.906,70.064,69.609,69.651,3866,17,0
2024-11-21 17:00:00+00:00,69.652,69.751,69.373,69.472,3298,17,0
2024-11-21 18:00:00+00:00,69.468,69.84,69.345,69.762,2857,17,0
2024-11-21 19:00:00+00:00,69.761,70.164,69.736,70.097,2190,17,0
2024-11-21 20:00:00+00:00,70.094,70.184,70.045,70.134,1023,17,0
2024-11-21 21:00:00+00:00,70.138,70.168,69.983,70.017,584,17,0
2024-11-21 23:00:00+00:00,70.026,70.078,70.016,70.031,151,17,0
2024-11-22 00:00:00+00:00,70.03,70.12,70.01,70.051,278,17,0
2024-11-22 01:00:00+00:00,70.051,70.363,70.003,70.313,1771,17,0
2024-11-22 02:00:00+00:00,70.307,70.423,70.229,70.387,1205,17,0
2024-11-22 03:00:00+00:00,70.389,70.473,70.163,70.201,1049,17,0
2024-11-22 04:00:00+00:00,70.199,70.226,70.105,70.153,536,17,0
2024-11-22 05:00:00+00:00,70.153,70.166,69.997,70.002,1256,17,0
2024-11-22 06:00:00+00:00,70.003,70.134,69.999,70.045,1288,17,0
2024-11-22 07:00:00+00:00,70.043,70.519,70.003,70.5,1660,17,0
2024-11-22 08:00:00+00:00,70.498,70.651,70.345,70.406,2841,17,0
2024-11-22 09:00:00+00:00,70.401,70.472,69.854,70.179,3252,17,0
2024-11-22 10:00:00+00:00,70.181,70.411,69.983,70.076,3091,17,0
2024-11-22 11:00:00+00:00,70.078,70.099,69.566,69.607,2678,17,0
2024-11-22 12:00:00+00:00,69.616,69.689,69.199,69.587,3168,17,0
2024-11-22 13:00:00+00:00,69.584,69.734,69.283,69.618,3195,17,0
2024-11-22 14:00:00+00:00,69.617,70.563,69.617,70.505,4900,17,0
2024-11-22 15:00:00+00:00,70.515,71.083,70.402,70.904,4329,17,0
2024-11-22 16:00:00+00:00,70.915,70.949,70.483,70.788,3981,17,0
2024-11-22 17:00:00+00:00,70.786,71.069,70.755,71.069,2187,17,0
2024-11-22 18:00:00+00:00,71.07,71.277,71.052,71.21,2206,17,0
2024-11-22 19:00:00+00:00,71.207,71.379,71.028,71.169,2762,17,0
2024-11-22 20:00:00+00:00,71.168,71.312,70.935,71.046,1328,17,0
2024-11-22 21:00:00+00:00,71.047,71.172,71.033,71.119,545,17,0
2024-11-24 23:00:00+00:00,71.13,71.27,71.118,71.128,340,26,0
2024-11-25 00:00:00+00:00,71.129,71.2,71.05,71.111,470,17,0
2024-11-25 01:00:00+00:00,71.116,71.275,70.972,71.001,1652,17,0
2024-11-25 02:00:00+00:00,71.003,71.042,70.75,70.795,1240,17,0
2024-11-25 03:00:00+00:00,70.801,70.894,70.684,70.871,1014,17,0
2024-11-25 04:00:00+00:00,70.872,70.942,70.697,70.712,654,17,0
2024-11-25 05:00:00+00:00,70.713,70.76,70.477,70.538,1221,17,0
2024-11-25 06:00:00+00:00,70.541,70.678,70.42,70.643,1327,17,0
2024-11-25 07:00:00+00:00,70.64,70.656,70.326,70.395,1632,17,0
2024-11-25 08:00:00+00:00,70.394,70.611,70.251,70.526,2785,17,0
2024-11-25 09:00:00+00:00,70.535,70.813,70.36,70.479,2752,17,0
2024-11-25 10:00:00+00:00,70.478,70.944,70.404,70.714,2548,17,0
2024-11-25 11:00:00+00:00,70.7,71.04,70.69,71.026,2353,17,0
2024-11-25 12:00:00+00:00,71.027,71.083,70.762,71.019,2156,17,0
2024-11-25 13:00:00+00:00,71.024,71.036,70.457,70.622,3037,17,0
2024-11-25 14:00:00+00:00,70.617,70.67,69.338,69.664,8519,17,0
2024-11-25 15:00:00+00:00,69.672,69.802,68.963,68.984,5269,17,0
2024-11-25 16:00:00+00:00,68.995,69.552,68.839,68.918,5505,17,0
2024-11-25 17:00:00+00:00,68.915,69.253,68.824,68.861,3438,17,0
2024-11-25 18:00:00+00:00,68.859,68.891,68.615,68.788,2425,17,0
2024-11-25 19:00:00+00:00,68.783,68.928,68.729,68.884,2312,17,0
2024-11-25 20:00:00+00:00,68.88,68.978,68.88,68.964,890,17,0
2024-11-25 21:00:00+00:00,68.963,68.979,68.906,68.972,416,17,0
2024-11-25 23:00:00+00:00,68.736,68.787,68.49,68.507,456,17,0
2024-11-26 00:00:00+00:00,68.505,68.635,68.505,68.525,493,17,0
2024-11-26 01:00:00+00:00,68.525,68.735,68.453,68.706,1610,17,0
2024-11-26 02:00:00+00:00,68.704,68.996,68.697,68.922,1227,17,0
2024-11-26 03:00:00+00:00,68.922,69.072,68.894,69.001,752,17,0
2024-11-26 04:00:00+00:00,69.005,69.08,68.985,69.026,396,17,0
2024-11-26 05:00:00+00:00,69.025,69.071,68.926,69.005,767,17,0
2024-11-26 06:00:00+00:00,69.006,69.14,68.876,68.918,1158,17,0
2024-11-26 07:00:00+00:00,68.915,69.053,68.771,68.861,1440,17,0
2024-11-26 08:00:00+00:00,68.861,69.292,68.82,69.192,2724,17,0
2024-11-26 09:00:00+00:00,69.198,69.388,69.12,69.332,2369,17,0
2024-11-26 10:00:00+00:00,69.338,69.539,69.267,69.38,1885,17,0
2024-11-26 11:00:00+00:00,69.368,69.543,69.282,69.414,1508,17,0
2024-11-26 12:00:00+00:00,69.421,69.576,68.996,69.125,2108,17,0
2024-11-26 13:00:00+00:00,69.123,69.564,69.123,69.411,2931,17,0
2024-11-26 14:00:00+00:00,69.418,70.147,69.047,69.459,6102,17,0
2024-11-26 15:00:00+00:00,69.455,69.724,69.149,69.495,4334,17,0
2024-11-26 16:00:00+00:00,69.492,69.518,69.037,69.06,3985,17,0
2024-11-26 17:00:00+00:00,69.058,69.058,68.111,68.139,3970,17,0
2024-11-26 18:00:00+00:00,68.139,68.666,67.933,68.308,4550,17,0
2024-11-26 19:00:00+00:00,68.314,68.794,68.3,68.545,2867,17,0
2024-11-26 20:00:00+00:00,68.54,68.568,68.395,68.527,1275,17,0
2024-11-26 21:00:00+00:00,68.531,68.697,68.476,68.693,610,17,0
2024-11-26 23:00:00+00:00,68.668,68.766,68.666,68.715,215,17,0
2024-11-27 00:00:00+00:00,68.72,68.741,68.62,68.704,338,17,0
2024-11-27 01:00:00+00:00,68.705,68.711,68.471,68.476,1657,17,0
2024-11-27 02:00:00+00:00,68.476,68.699,68.442,68.679,1330,17,0
2024-11-27 03:00:00+00:00,68.675,68.742,68.486,68.707,975,17,0
2024-11-27 04:00:00+00:00,68.707,68.718,68.6,68.631,464,17,0
2024-11-27 05:00:00+00:00,68.632,68.786,68.604,68.696,919,17,0
2024-11-27 06:00:00+00:00,68.696,68.887,68.601,68.81,1361,17,0
2024-11-27 07:00:00+00:00,68.815,69.051,68.732,68.907,1684,17,0
2024-11-27 08:00:00+00:00,68.907,69.1,68.667,68.951,2784,17,0
2024-11-27 09:00:00+00:00,68.951,69.183,68.535,68.939,2911,17,0
2024-11-27 10:00:00+00:00,68.938,69.094,68.724,68.85,2289,17,0
2024-11-27 11:00:00+00:00,68.852,69.051,68.721,68.9,1919,17,0
2024-11-27 12:00:00+00:00,68.894,69.133,68.766,69.068,1904,17,0
2024-11-27 13:00:00+00:00,69.067,69.22,68.883,69.095,3008,17,0
2024-11-27 14:00:00+00:00,69.086,69.14,68.452,68.989,4904,17,0
2024-11-27 15:00:00+00:00,68.992,69.049,68.412,68.74,5007,17,0
2024-11-27 16:00:00+00:00,68.736,68.923,68.266,68.28,4286,17,0
2024-11-27 17:00:00+00:00,68.276,68.317,68.067,68.104,3168,17,0
2024-11-27 18:00:00+00:00,68.109,68.223,68.023,68.182,2378,17,0
2024-11-27 19:00:00+00:00,68.185,68.639,68.146,68.629,2768,17,0
2024-11-27 20:00:00+00:00,68.625,68.644,68.494,68.597,797,17,0
2024-11-27 21:00:00+00:00,68.592,68.645,68.562,68.645,421,17,0
2024-11-27 23:00:00+00:00,68.642,68.642,68.597,68.629,129,17,0
2024-11-28 00:00:00+00:00,68.629,68.695,68.627,68.652,160,17,0
2024-11-28 01:00:00+00:00,68.65,68.65,68.459,68.529,1480,17,0
2024-11-28 02:00:00+00:00,68.533,68.585,68.455,68.555,831,17,0
2024-11-28 03:00:00+00:00,68.552,68.559,68.364,68.4,649,17,0
2024-11-28 04:00:00+00:00,68.399,68.442,68.286,68.3,351,17,0
2024-11-28 05:00:00+00:00,68.299,68.503,68.264,68.455,736,17,0
2024-11-28 06:00:00+00:00,68.459,68.622,68.441,68.501,899,17,0
2024-11-28 07:00:00+00:00,68.502,68.517,68.268,68.301,1384,17,0
2024-11-28 08:00:00+00:00,68.297,68.399,68.114,68.284,2321,17,0
2024-11-28 09:00:00+00:00,68.281,68.873,68.191,68.784,1937,17,0
2024-11-28 10:00:00+00:00,68.78,69.081,68.772,69.074,2047,17,0
2024-11-28 11:00:00+00:00,69.073,69.142,68.952,69.073,1504,17,0
2024-11-28 12:00:00+00:00,69.071,69.088,68.835,68.946,1426,17,0
2024-11-28 13:00:00+00:00,68.946,69.006,68.808,68.961,1776,17,0
2024-11-28 14:00:00+00:00,68.965,68.985,68.684,68.79,2115,17,0
2024-11-28 15:00:00+00:00,68.791,68.813,68.669,68.675,1720,17,0
2024-11-28 16:00:00+00:00,68.682,68.736,68.412,68.618,2930,17,0
2024-11-28 17:00:00+00:00,68.623,69.0,68.61,68.917,1449,17,0
2024-11-28 18:00:00+00:00,68.917,68.917,68.826,68.861,218,17,0
2024-11-28 23:00:00+00:00,68.681,68.72,68.647,68.688,156,26,0
2024-11-29 00:00:00+00:00,68.69,68.69,68.575,68.597,318,17,0
2024-11-29 01:00:00+00:00,68.602,68.89,68.486,68.823,1516,17,0
2024-11-29 02:00:00+00:00,68.821,68.96,68.743,68.894,1148,17,0
2024-11-29 03:00:00+00:00,68.897,69.053,68.892,69.027,1102,17,0
2024-11-29 04:00:00+00:00,69.025,69.037,68.954,68.987,436,17,0
2024-11-29 05:00:00+00:00,68.987,69.026,68.921,68.947,741,17,0
2024-11-29 06:00:00+00:00,68.948,69.013,68.898,68.992,921,17,0
2024-11-29 07:00:00+00:00,68.993,68.993,68.337,68.358,1673,17,0
2024-11-29 08:00:00+00:00,68.362,68.863,68.272,68.433,2960,17,0
2024-11-29 09:00:00+00:00,68.426,68.671,68.166,68.235,2697,17,0
2024-11-29 10:00:00+00:00,68.238,68.338,68.096,68.101,2329,17,0
2024-11-29 11:00:00+00:00,68.111,68.437,68.095,68.242,1977,17,0
2024-11-29 12:00:00+00:00,68.248,69.255,68.222,69.14,2818,17,0
2024-11-29 13:00:00+00:00,69.151,69.21,68.921,69.091,3313,17,0
2024-11-29 14:00:00+00:00,69.087,69.429,68.917,69.299,4631,17,0
2024-11-29 15:00:00+00:00,69.307,69.513,69.095,69.319,3900,17,0
2024-11-29 16:00:00+00:00,69.312,69.493,68.534,68.66,4689,17,0
2024-11-29 17:00:00+00:00,68.666,68.729,68.358,68.488,3399,17,0
2024-11-29 18:00:00+00:00,68.484,68.523,68.354,68.475,1157,17,0
2024-12-01 23:00:00+00:00,68.024,68.237,67.989,68.138,728,26,0
2024-12-02 00:00:00+00:00,68.14,68.181,68.018,68.019,534,17,0
2024-12-02 01:00:00+00:00,68.019,68.126,67.833,68.12,1879,17,0
2024-12-02 02:00:00+00:00,68.116,68.338,68.107,68.285,1550,17,0
2024-12-02 03:00:00+00:00,68.277,68.298,68.204,68.207,685,17,0
2024-12-02 04:00:00+00:00,68.205,68.246,68.149,68.196,406,17,0
2024-12-02 05:00:00+00:00,68.194,68.3,68.135,68.241,740,17,0
2024-12-02 06:00:00+00:00,68.245,68.568,68.245,68.413,1194,17,0
2024-12-02 07:00:00+00:00,68.407,68.493,68.31,68.356,1444,17,0
2024-12-02 08:00:00+00:00,68.356,68.66,68.196,68.426,3140,17,0
2024-12-02 09:00:00+00:00,68.431,68.606,68.302,68.557,3292,17,0
2024-12-02 10:00:00+00:00,68.558,68.663,68.394,68.54,2433,17,0
2024-12-02 11:00:00+00:00,68.525,68.735,68.481,68.678,1725,17,0
2024-12-02 12:00:00+00:00,68.679,68.795,68.523,68.641,1847,17,0
2024-12-02 13:00:00+00:00,68.644,68.953,68.576,68.798,2690,17,0
2024-12-02 14:00:00+00:00,68.796,68.935,68.017,68.135,4536,17,0
2024-12-02 15:00:00+00:00,68.139,68.611,68.0,68.32,4992,17,0
2024-12-02 16:00:00+00:00,68.322,68.333,67.581,67.64,4718,17,0
2024-12-02 17:00:00+00:00,67.634,67.933,67.566,67.864,3072,17,0
2024-12-02 18:00:00+00:00,67.867,67.914,67.659,67.796,2227,17,0
2024-12-02 19:00:00+00:00,67.792,68.039,67.73,67.958,2080,17,0
2024-12-02 20:00:00+00:00,67.956,67.968,67.823,67.892,852,17,0
2024-12-02 21:00:00+00:00,67.89,68.043,67.89,68.011,394,17,0
2024-12-03 00:00:00+00:00,67.997,68.021,67.993,68.003,82,17,0
2024-12-03 01:00:00+00:00,68.003,68.084,67.875,67.886,1532,17,0
2024-12-03 02:00:00+00:00,67.885,67.927,67.76,67.808,1106,17,0
2024-12-03 03:00:00+00:00,67.8,68.014,67.775,68.007,792,17,0
2024-12-03 04:00:00+00:00,68.005,68.065,67.963,68.027,459,17,0
2024-12-03 05:00:00+00:00,68.026,68.092,67.963,68.065,662,17,0
2024-12-03 06:00:00+00:00,68.067,68.234,68.067,68.167,1046,17,0
2024-12-03 07:00:00+00:00,68.167,68.267,68.101,68.202,1120,17,0
2024-12-03 08:00:00+00:00,68.203,68.698,68.168,68.692,2035,17,0
2024-12-03 09:00:00+00:00,68.697,68.788,68.541,68.734,2218,17,0
2024-12-03 10:00:00+00:00,68.739,68.752,68.492,68.531,1801,17,0
2024-12-03 11:00:00+00:00,68.538,68.77,68.497,68.713,1612,17,0
2024-12-03 12:00:00+00:00,68.719,69.149,68.718,69.078,1970,17,0
2024-12-03 13:00:00+00:00,69.079,69.291,68.886,69.054,3254,17,0
2024-12-03 14:00:00+00:00,69.047,69.167,68.586,68.8,4306,17,0
2024-12-03 15:00:00+00:00,68.804,69.541,68.704,69.506,4524,17,0
2024-12-03 16:00:00+00:00,69.505,69.891,69.359,69.834,4116,17,0
2024-12-03 17:00:00+00:00,69.838,70.008,69.703,69.738,2590,17,0
2024-12-03 18:00:00+00:00,69.736,69.899,69.562,69.882,2232,17,0
2024-12-03 19:00:00+00:00,69.877,69.994,69.66,69.811,2300,17,0
2024-12-03 20:00:00+00:00,69.812,69.847,69.73,69.756,898,17,0
2024-12-03 21:00:00+00:00,69.756,69.761,69.599,69.71,552,17,0
2024-12-03 23:00:00+00:00,69.756,69.814,69.722,69.78,198,26,0
2024-12-04 00:00:00+00:00,69.784,69.814,69.701,69.735,224,17,0
2024-12-04 01:00:00+00:00,69.733,69.778,69.625,69.652,1348,17,0
2024-12-04 02:00:00+00:00,69.658,69.796,69.629,69.753,1104,17,0
2024-12-04 03:00:00+00:00,69.752,69.783,69.674,69.748,709,17,0
2024-12-04 04:00:00+00:00,69.744,69.882,69.716,69.872,534,17,0
2024-12-04 05:00:00+00:00,69.871,69.907,69.803,69.9,747,17,0
2024-12-04 06:00:00+00:00,69.894,69.934,69.841,69.891,1059,17,0
2024-12-04 07:00:00+00:00,69.892,69.97,69.803,69.838,1169,17,0
2024-12-04 08:00:00+00:00,69.839,69.95,69.621,69.715,2371,17,0
2024-12-04 09:00:00+00:00,69.715,70.103,69.7,70.091,2390,17,0
2024-12-04 10:00:00+00:00,70.092,70.259,69.948,70.024,2748,17,0
2024-12-04 11:00:00+00:00,70.013,70.041,69.797,69.874,1649,17,0
2024-12-04 12:00:00+00:00,69.873,69.887,69.506,69.785,2064,17,0
2024-12-04 13:00:00+00:00,69.784,70.06,69.701,70.026,2656,17,0
2024-12-04 14:00:00+00:00,70.018,70.11,69.666,69.799,3937,17,0
2024-12-04 15:00:00+00:00,69.793,69.81,69.361,69.64,5269,17,0
2024-12-04 16:00:00+00:00,69.646,69.676,69.17,69.226,4256,17,0
2024-12-04 17:00:00+00:00,69.229,69.314,68.362,68.552,2899,17,0
2024-12-04 18:00:00+00:00,68.568,68.779,68.325,68.397,4553,17,0
2024-12-04 19:00:00+00:00,68.389,68.682,68.273,68.551,2915,17,0
2024-12-04 20:00:00+00:00,68.554,68.715,68.526,68.612,1286,17,0
2024-12-04 21:00:00+00:00,68.616,68.639,68.42,68.453,555,17,0
2024-12-04 23:00:00+00:00,68.475,68.547,68.453,68.528,248,17,0
2024-12-05 00:00:00+00:00,68.534,68.568,68.476,68.535,276,17,0
2024-12-05 01:00:00+00:00,68.537,68.596,68.394,68.426,1300,17,0
2024-12-05 02:00:00+00:00,68.425,68.477,68.327,68.348,952,17,0
2024-12-05 03:00:00+00:00,68.345,68.413,68.25,68.378,790,17,0
2024-12-05 04:00:00+00:00,68.377,68.412,68.316,68.327,310,17,0
2024-12-05 05:00:00+00:00,68.327,68.36,68.27,68.293,607,17,0
2024-12-05 06:00:00+00:00,68.287,68.363,68.228,68.346,955,17,0
2024-12-05 07:00:00+00:00,68.345,68.453,68.176,68.346,1532,17,0
2024-12-05 08:00:00+00:00,68.345,68.582,68.235,68.506,2295,17,0
2024-12-05 09:00:00+00:00,68.496,68.746,68.378,68.631,2487,17,0
2024-12-05 10:00:00+00:00,68.629,68.713,68.442,68.586,2620,17,0
2024-12-05 11:00:00+00:00,68.58,68.862,67.79,67.866,3857,17,0
2024-12-05 12:00:00+00:00,67.876,68.58,67.756,68.268,4457,17,0
2024-12-05 13:00:00+00:00,68.278,68.897,68.225,68.791,3500,17,0
2024-12-05 14:00:00+00:00,68.791,68.873,68.481,68.83,4676,17,0
2024-12-05 15:00:00+00:00,68.833,68.845,68.276,68.598,4028,17,0
2024-12-05 16:00:00+00:00,68.606,68.659,67.998,68.305,4070,17,0
2024-12-05 17:00:00+00:00,68.299,68.318,68.011,68.022,2657,17,0
2024-12-05 18:00:00+00:00,68.022,68.479,67.966,68.318,2434,17,0
2024-12-05 19:00:00+00:00,68.322,68.375,68.034,68.321,2350,17,0
2024-12-05 20:00:00+00:00,68.318,68.429,68.184,68.224,883,17,0
2024-12-05 21:00:00+00:00,68.218,68.291,68.14,68.149,437,17,0
2024-12-05 23:00:00+00:00,68.159,68.199,68.116,68.183,213,17,0
2024-12-06 00:00:00+00:00,68.185,68.234,68.131,68.132,206,17,0
2024-12-06 01:00:00+00:00,68.128,68.181,67.758,67.763,1329,17,0
2024-12-06 02:00:00+00:00,67.768,67.98,67.756,67.959,1168,17,0
2024-12-06 03:00:00+00:00,67.962,68.076,67.956,68.048,1092,17,0
2024-12-06 04:00:00+00:00,68.05,68.089,67.988,68.082,439,17,0
2024-12-06 05:00:00+00:00,68.086,68.113,67.975,68.104,840,17,0
2024-12-06 06:00:00+00:00,68.105,68.148,67.997,68.007,930,17,0
2024-12-06 07:00:00+00:00,68.01,68.01,67.79,67.848,1058,17,0
2024-12-06 08:00:00+00:00,67.85,68.124,67.763,67.819,2159,17,0
2024-12-06 09:00:00+00:00,67.819,67.979,67.703,67.82,2414,17,0
2024-12-06 10:00:00+00:00,67.82,67.867,67.488,67.488,1924,17,0
2024-12-06 11:00:00+00:00,67.49,67.527,67.314,67.348,1986,17,0
2024-12-06 12:00:00+00:00,67.344,67.624,67.26,67.276,2051,17,0
2024-12-06 13:00:00+00:00,67.279,67.486,67.169,67.209,3319,17,0
2024-12-06 14:00:00+00:00,67.206,67.519,67.003,67.121,4949,17,0
2024-12-06 15:00:00+00:00,67.124,67.181,66.789,67.126,3894,17,0
2024-12-06 16:00:00+00:00,67.128,67.283,67.036,67.263,3609,17,0
2024-12-06 17:00:00+00:00,67.273,67.342,67.082,67.242,2365,17,0
2024-12-06 18:00:00+00:00,67.243,67.48,67.22,67.379,2056,16,0
2024-12-06 19:00:00+00:00,67.383,67.398,66.904,66.928,2274,15,0
2024-12-06 20:00:00+00:00,66.934,67.038,66.908,67.014,1164,15,0
2024-12-06 21:00:00+00:00,67.017,67.021,66.97,66.972,351,16,0
2024-12-08 23:00:00+00:00,66.968,67.158,66.947,67.153,485,17,0
2024-12-09 00:00:00+00:00,67.153,67.17,66.986,67.012,499,17,0
2024-12-09 01:00:00+00:00,67.009,67.373,66.985,67.358,1478,17,0
2024-12-09 02:00:00+00:00,67.354,67.404,67.217,67.304,1082,17,0
2024-12-09 03:00:00+00:00,67.301,67.343,67.192,67.302,832,17,0
2024-12-09 04:00:00+00:00,67.305,67.342,67.26,67.318,529,17,0
2024-12-09 05:00:00+00:00,67.319,67.453,67.29,67.423,912,17,0
2024-12-09 06:00:00+00:00,67.422,67.449,67.376,67.439,856,17,0
2024-12-09 07:00:00+00:00,67.436,67.77,67.268,67.755,1595,17,0
2024-12-09 08:00:00+00:00,67.752,68.081,67.658,67.994,2497,17,0
2024-12-09 09:00:00+00:00,67.985,67.989,67.693,67.751,2359,17,0
2024-12-09 10:00:00+00:00,67.749,68.002,67.702,67.782,1790,17,0
2024-12-09 11:00:00+00:00,67.789,68.003,67.741,67.906,1440,17,0
2024-12-09 12:00:00+00:00,67.906,67.941,67.753,67.844,1698,17,0
2024-12-09 13:00:00+00:00,67.849,68.21,67.828,68.07,2512,17,0
2024-12-09 14:00:00+00:00,68.07,68.265,67.88,68.241,3538,17,0
2024-12-09 15:00:00+00:00,68.245,68.648,68.165,68.429,3211,17,0
2024-12-09 16:00:00+00:00,68.436,68.604,68.201,68.304,3761,17,0
2024-12-09 17:00:00+00:00,68.299,68.392,68.207,68.345,2161,17,0
2024-12-09 18:00:00+00:00,68.349,68.413,68.274,68.281,1621,17,0
2024-12-09 19:00:00+00:00,68.28,68.334,68.003,68.09,2071,17,0
2024-12-09 20:00:00+00:00,68.086,68.086,67.902,67.91,793,17,0
2024-12-09 21:00:00+00:00,67.912,67.999,67.883,67.976,448,17,0
2024-12-09 23:00:00+00:00,67.896,67.947,67.885,67.92,131,17,0
2024-12-10 00:00:00+00:00,67.921,67.947,67.893,67.897,189,17,0
2024-12-10 01:00:00+00:00,67.899,68.137,67.874,67.949,1521,17,0
2024-12-10 02:00:00+00:00,67.951,68.045,67.821,67.869,1005,17,0
2024-12-10 03:00:00+00:00,67.872,67.918,67.79,67.836,876,17,0
2024-12-10 04:00:00+00:00,67.838,67.879,67.747,67.749,432,17,0
2024-12-10 05:00:00+00:00,67.749,67.78,67.693,67.751,718,17,0
2024-12-10 06:00:00+00:00,67.748,67.866,67.685,67.837,946,17,0
2024-12-10 07:00:00+00:00,67.836,67.897,67.739,67.844,985,17,0
2024-12-10 08:00:00+00:00,67.852,68.175,67.811,68.131,2521,17,0
2024-12-10 09:00:00+00:00,68.136,68.185,67.799,67.998,2360,17,0
2024-12-10 10:00:00+00:00,68.005,68.026,67.623,67.656,1948,17,0
2024-12-10 11:00:00+00:00,67.655,67.826,67.508,67.728,1856,17,0
2024-12-10 12:00:00+00:00,67.727,67.96,67.709,67.952,1813,17,0
2024-12-10 13:00:00+00:00,67.951,68.097,67.821,68.078,2569,17,0
2024-12-10 14:00:00+00:00,68.076,68.34,68.004,68.151,4023,17,0
2024-12-10 15:00:00+00:00,68.146,68.663,68.066,68.62,3290,17,0
2024-12-10 16:00:00+00:00,68.617,68.779,68.491,68.728,3214,17,0
2024-12-10 17:00:00+00:00,68.73,68.73,68.522,68.614,1875,17,0
2024-12-10 18:00:00+00:00,68.615,68.615,68.394,68.455,1559,17,0
2024-12-10 19:00:00+00:00,68.454,68.598,68.026,68.118,2397,17,0
2024-12-10 20:00:00+00:00,68.122,68.216,68.063,68.121,1053,17,0
2024-12-10 21:00:00+00:00,68.113,68.224,68.065,68.201,514,17,0
2024-12-10 23:00:00+00:00,68.175,68.264,68.168,68.215,178,17,0
2024-12-11 00:00:00+00:00,68.213,68.303,68.212,68.273,229,17,0
2024-12-11 01:00:00+00:00,68.271,68.603,68.263,68.577,1039,17,0
2024-12-11 02:00:00+00:00,68.576,68.767,68.561,68.692,904,17,0
2024-12-11 03:00:00+00:00,68.688,68.749,68.649,68.696,632,17,0
2024-12-11 04:00:00+00:00,68.695,68.715,68.638,68.66,404,17,0
2024-12-11 05:00:00+00:00,68.659,68.79,68.652,68.736,593,17,0
2024-12-11 06:00:00+00:00,68.738,68.86,68.669,68.829,894,17,0
2024-12-11 07:00:00+00:00,68.826,68.826,68.402,68.462,1400,17,0
2024-12-11 08:00:00+00:00,68.405,68.634,68.405,68.634,1679,17,0
2024-12-11 09:00:00+00:00,68.644,69.056,68.568,68.933,2196,17,0
2024-12-11 10:00:00+00:00,68.935,69.07,68.846,68.933,1625,17,0
2024-12-11 11:00:00+00:00,68.934,69.228,68.836,69.108,1581,17,0
2024-12-11 12:00:00+00:00,69.111,69.301,69.082,69.102,1781,17,0
2024-12-11 13:00:00+00:00,69.097,69.237,68.988,69.089,2784,17,0
2024-12-11 14:00:00+00:00,69.094,69.197,68.866,69.159,4072,17,0
2024-12-11 15:00:00+00:00,69.16,69.338,68.765,69.157,4385,17,0
2024-12-11 16:00:00+00:00,69.151,69.698,69.093,69.561,3969,17,0
2024-12-11 17:00:00+00:00,69.564,69.706,69.515,69.626,2148,17,0
2024-12-11 18:00:00+00:00,69.631,69.862,69.466,69.782,1886,17,0
2024-12-11 19:00:00+00:00,69.779,70.096,69.762,70.063,2226,17,0
2024-12-11 20:00:00+00:00,70.058,70.14,69.918,69.92,1078,17,0
2024-12-11 21:00:00+00:00,69.922,69.968,69.871,69.889,365,17,0
2024-12-11 23:00:00+00:00,69.996,70.007,69.918,69.937,213,17,0
2024-12-12 00:00:00+00:00,69.939,70.011,69.911,69.985,350,17,0
2024-12-12 01:00:00+00:00,69.984,70.015,69.779,69.826,1508,17,0
2024-12-12 02:00:00+00:00,69.827,69.907,69.792,69.881,1013,17,0
2024-12-12 03:00:00+00:00,69.886,69.989,69.86,69.911,719,17,0
2024-12-12 04:00:00+00:00,69.913,69.974,69.86,69.972,328,17,0
2024-12-12 05:00:00+00:00,69.973,70.139,69.934,70.049,879,17,0
2024-12-12 06:00:00+00:00,70.053,70.107,69.952,70.001,1213,17,0
2024-12-12 07:00:00+00:00,70.003,70.128,69.936,70.124,1043,17,0
2024-12-12 08:00:00+00:00,70.124,70.268,70.049,70.249,1709,17,0
2024-12-12 09:00:00+00:00,70.247,70.315,70.032,70.124,1843,17,0
2024-12-12 10:00:00+00:00,70.131,70.166,69.855,69.859,1510,17,0
2024-12-12 11:00:00+00:00,69.858,70.039,69.714,70.016,1970,17,0
2024-12-12 12:00:00+00:00,70.016,70.119,69.88,69.968,1916,17,0
2024-12-12 13:00:00+00:00,69.97,69.992,69.677,69.831,2646,17,0
2024-12-12 14:00:00+00:00,69.836,70.06,69.208,69.254,4566,17,0
2024-12-12 15:00:00+00:00,69.253,69.303,68.868,68.929,4406,17,0
2024-12-12 16:00:00+00:00,68.932,69.367,68.774,69.353,3795,17,0
2024-12-12 17:00:00+00:00,69.357,70.109,69.357,69.933,4017,17,0
2024-12-12 18:00:00+00:00,69.933,70.099,69.729,69.783,2300,17,0
2024-12-12 19:00:00+00:00,69.776,69.908,69.618,69.82,2497,17,0
2024-12-12 20:00:00+00:00,69.817,69.91,69.748,69.792,879,17,0
2024-12-12 21:00:00+00:00,69.788,69.807,69.676,69.683,443,17,0
2024-12-12 23:00:00+00:00,69.61,69.61,69.528,69.598,206,17,0
2024-12-13 00:00:00+00:00,69.595,69.601,69.532,69.589,204,17,0
2024-12-13 01:00:00+00:00,69.587,69.67,69.567,69.592,1216,17,0
2024-12-13 02:00:00+00:00,69.588,69.728,69.581,69.641,967,17,0
2024-12-13 03:00:00+00:00,69.638,69.691,69.586,69.658,722,17,0
2024-12-13 04:00:00+00:00,69.655,69.774,69.638,69.754,434,17,0
2024-12-13 05:00:00+00:00,69.756,69.764,69.619,69.68,792,17,0
2024-12-13 06:00:00+00:00,69.68,69.789,69.658,69.773,1020,17,0
2024-12-13 07:00:00+00:00,69.772,69.965,69.641,69.939,1058,17,0
2024-12-13 08:00:00+00:00,69.928,69.928,69.655,69.672,2064,17,0
2024-12-13 09:00:00+00:00,69.676,70.124,69.606,70.04,2017,17,0
2024-12-13 10:00:00+00:00,70.038,70.447,70.033,70.428,1548,17,0
2024-12-13 11:00:00+00:00,70.42,70.541,70.234,70.326,1534,17,0
2024-12-13 12:00:00+00:00,70.323,70.348,70.034,70.074,1552,17,0
2024-12-13 13:00:00+00:00,70.074,70.146,69.88,69.967,2410,17,0
2024-12-13 14:00:00+00:00,69.959,70.436,69.868,70.267,4041,17,0
2024-12-13 15:00:00+00:00,70.272,70.473,70.06,70.413,3323,17,0
2024-12-13 16:00:00+00:00,70.421,70.709,70.26,70.665,3016,17,0
2024-12-13 17:00:00+00:00,70.665,70.838,70.61,70.716,2079,17,0
2024-12-13 18:00:00+00:00,70.719,70.933,70.666,70.794,1654,17,0
2024-12-13 19:00:00+00:00,70.789,70.958,70.748,70.793,1717,17,0
2024-12-13 20:00:00+00:00,70.794,70.797,70.676,70.702,926,17,0
2024-12-13 21:00:00+00:00,70.695,70.769,70.613,70.682,509,17,0
2024-12-15 23:00:00+00:00,70.626,70.754,70.56,70.676,433,17,0
2024-12-16 00:00:00+00:00,70.674,70.684,70.561,70.598,399,17,0
2024-12-16 01:00:00+00:00,70.601,70.685,70.499,70.65,1368,17,0
2024-12-16 02:00:00+00:00,70.65,70.653,70.477,70.505,1108,17,0
2024-12-16 03:00:00+00:00,70.507,70.545,70.463,70.498,825,17,0
2024-12-16 04:00:00+00:00,70.504,70.62,70.426,70.447,501,17,0
2024-12-16 05:00:00+00:00,70.448,70.504,70.381,70.4,642,17,0
2024-12-16 06:00:00+00:00,70.395,70.515,70.361,70.468,1030,17,0
2024-12-16 07:00:00+00:00,70.467,70.597,70.418,70.503,1326,17,0
2024-12-16 08:00:00+00:00,70.497,70.601,70.164,70.192,2074,17,0
2024-12-16 09:00:00+00:00,70.196,70.297,70.114,70.114,1891,17,0
2024-12-16 10:00:00+00:00,70.115,70.318,70.085,70.123,1679,17,0
2024-12-16 11:00:00+00:00,70.129,70.223,69.973,70.106,1587,17,0
2024-12-16 12:00:00+00:00,70.111,70.281,70.03,70.264,1427,17,0
2024-12-16 13:00:00+00:00,70.266,70.411,70.21,70.373,1845,17,0
2024-12-16 14:00:00+00:00,70.375,70.676,70.345,70.414,3441,17,0
2024-12-16 15:00:00+00:00,70.418,70.734,70.303,70.501,3524,17,0
2024-12-16 16:00:00+00:00,70.505,70.522,70.064,70.144,3098,17,0
2024-12-16 17:00:00+00:00,70.145,70.572,70.091,70.503,2339,17,0
2024-12-16 18:00:00+00:00,70.505,70.62,70.207,70.264,2019,17,0
2024-12-16 19:00:00+00:00,70.267,70.408,70.147,70.177,1891,17,0
2024-12-16 20:00:00+00:00,70.175,70.216,70.102,70.173,929,17,0
2024-12-16 21:00:00+00:00,70.169,70.195,70.118,70.195,350,17,0
2024-12-16 23:00:00+00:00,70.164,70.245,70.156,70.179,201,17,0
2024-12-17 00:00:00+00:00,70.182,70.279,70.163,70.27,223,17,0
2024-12-17 01:00:00+00:00,70.269,70.321,70.122,70.289,1464,17,0
2024-12-17 02:00:00+00:00,70.291,70.319,70.165,70.204,799,17,0
2024-12-17 03:00:00+00:00,70.205,70.233,70.132,70.205,696,17,0
2024-12-17 04:00:00+00:00,70.206,70.225,70.175,70.197,272,17,0
2024-12-17 05:00:00+00:00,70.198,70.419,70.15,70.395,819,17,0
2024-12-17 06:00:00+00:00,70.388,70.477,70.38,70.438,779,17,0
2024-12-17 07:00:00+00:00,70.434,70.507,70.229,70.241,1053,17,0
2024-12-17 08:00:00+00:00,70.244,70.253,69.531,69.635,2824,17,0
2024-12-17 09:00:00+00:00,69.638,69.884,69.516,69.802,1985,17,0
2024-12-17 10:00:00+00:00,69.802,69.847,69.586,69.652,1501,17,0
2024-12-17 11:00:00+00:00,69.65,69.761,69.493,69.494,1520,17,0
2024-12-17 12:00:00+00:00,69.492,69.678,69.353,69.445,1922,17,0
2024-12-17 13:00:00+00:00,69.44,69.659,69.357,69.403,2882,17,0
2024-12-17 14:00:00+00:00,69.406,69.613,69.081,69.208,4499,17,0
2024-12-17 15:00:00+00:00,69.203,69.29,68.813,68.865,3517,17,0
2024-12-17 16:00:00+00:00,68.862,69.243,68.842,69.192,3606,17,0
2024-12-17 17:00:00+00:00,69.187,69.514,69.12,69.473,2188,17,0
2024-12-17 18:00:00+00:00,69.475,69.709,69.336,69.664,1753,17,0
2024-12-17 19:00:00+00:00,69.66,69.739,69.498,69.727,1869,17,0
2024-12-17 20:00:00+00:00,69.729,69.801,69.677,69.735,794,17,0
2024-12-17 21:00:00+00:00,69.725,69.861,69.678,69.815,486,17,0
2024-12-17 23:00:00+00:00,69.754,69.771,69.693,69.705,198,17,0
2024-12-18 00:00:00+00:00,69.71,69.743,69.623,69.646,292,17,0
2024-12-18 01:00:00+00:00,69.651,69.838,69.571,69.777,1140,17,0
2024-12-18 02:00:00+00:00,69.775,69.839,69.657,69.698,768,17,0
2024-12-18 03:00:00+00:00,69.698,69.717,69.591,69.629,659,17,0
2024-12-18 04:00:00+00:00,69.628,69.717,69.589,69.667,390,17,0
2024-12-18 05:00:00+00:00,69.667,69.747,69.611,69.632,701,17,0
2024-12-18 06:00:00+00:00,69.634,69.728,69.593,69.69,809,17,0
2024-12-18 07:00:00+00:00,69.694,69.986,69.694,69.986,1027,17,0
2024-12-18 08:00:00+00:00,69.991,70.109,69.912,70.018,1806,17,0
2024-12-18 09:00:00+00:00,70.026,70.244,69.978,70.12,1954,17,0
2024-12-18 10:00:00+00:00,70.12,70.226,69.973,69.975,1631,17,0
2024-12-18 11:00:00+00:00,69.975,70.142,69.939,70.065,1203,17,0
2024-12-18 12:00:00+00:00,70.066,70.371,70.036,70.319,1080,17,0
2024-12-18 13:00:00+00:00,70.321,70.367,70.132,70.22,1966,17,0
2024-12-18 14:00:00+00:00,70.224,70.519,69.989,70.211,3264,17,0
2024-12-18 15:00:00+00:00,70.213,70.568,70.138,70.505,3297,17,0
2024-12-18 16:00:00+00:00,70.508,70.741,70.359,70.572,3314,17,0
2024-12-18 17:00:00+00:00,70.572,70.584,70.053,70.135,2345,17,0
2024-12-18 18:00:00+00:00,70.134,70.38,70.016,70.09,2119,17,0
2024-12-18 19:00:00+00:00,70.096,70.301,69.687,69.714,2842,17,0
2024-12-18 20:00:00+00:00,69.716,69.735,69.346,69.397,2045,17,0
2024-12-18 21:00:00+00:00,69.396,69.516,69.368,69.389,840,17,0
2024-12-18 23:00:00+00:00,69.389,69.454,69.362,69.365,322,17,0
2024-12-19 00:00:00+00:00,69.365,69.466,69.362,69.399,382,17,0
2024-12-19 01:00:00+00:00,69.4,69.617,69.372,69.551,1795,17,0
2024-12-19 02:00:00+00:00,69.55,69.578,69.37,69.551,1142,17,0
2024-12-19 03:00:00+00:00,69.552,69.647,69.499,69.604,811,17,0
2024-12-19 04:00:00+00:00,69.605,69.615,69.478,69.519,451,17,0
2024-12-19 05:00:00+00:00,69.519,69.551,69.382,69.468,847,17,0
2024-12-19 06:00:00+00:00,69.467,69.717,69.451,69.664,1085,17,0
2024-12-19 07:00:00+00:00,69.667,69.667,69.38,69.497,1194,17,0
2024-12-19 08:00:00+00:00,69.501,69.602,69.213,69.566,2335,17,0
2024-12-19 09:00:00+00:00,69.564,69.938,69.564,69.91,1971,17,0
2024-12-19 10:00:00+00:00,69.913,70.072,69.809,69.881,1510,17,0
2024-12-19 11:00:00+00:00,69.879,69.942,69.674,69.733,1453,17,0
2024-12-19 12:00:00+00:00,69.728,69.819,69.593,69.694,1814,17,0
2024-12-19 13:00:00+00:00,69.692,70.36,69.687,70.302,2871,17,0
2024-12-19 14:00:00+00:00,70.302,70.493,70.162,70.248,4503,17,0
2024-12-19 15:00:00+00:00,70.247,70.278,69.572,69.595,4348,17,0
2024-12-19 16:00:00+00:00,69.591,69.716,69.189,69.265,4495,17,0
2024-12-19 17:00:00+00:00,69.263,69.373,69.126,69.293,2850,17,0
2024-12-19 18:00:00+00:00,69.294,69.439,69.261,69.345,2101,17,0
2024-12-19 19:00:00+00:00,69.339,69.361,69.126,69.149,2119,17,0
2024-12-19 20:00:00+00:00,69.15,69.184,69.038,69.048,857,17,0
2024-12-19 21:00:00+00:00,69.051,69.173,69.036,69.157,314,17,0
2024-12-19 23:00:00+00:00,69.128,69.176,69.112,69.119,160,17,0
2024-12-20 00:00:00+00:00,69.119,69.121,68.982,69.015,383,17,0
2024-12-20 01:00:00+00:00,69.018,69.075,68.928,69.019,1239,17,0
2024-12-20 02:00:00+00:00,69.022,69.027,68.885,68.92,850,17,0
2024-12-20 03:00:00+00:00,68.917,68.967,68.799,68.837,873,17,0
2024-12-20 04:00:00+00:00,68.84,68.922,68.84,68.869,413,17,0
2024-12-20 05:00:00+00:00,68.869,68.932,68.828,68.92,630,17,0
2024-12-20 06:00:00+00:00,68.916,69.103,68.907,68.989,1015,17,0
2024-12-20 07:00:00+00:00,68.99,69.009,68.817,68.862,1060,17,0
2024-12-20 08:00:00+00:00,68.865,69.092,68.794,68.797,2101,17,0
2024-12-20 09:00:00+00:00,68.8,68.8,68.558,68.592,2023,17,0
2024-12-20 10:00:00+00:00,68.593,68.675,68.493,68.531,1862,17,0
2024-12-20 11:00:00+00:00,68.527,68.572,68.354,68.403,1417,17,0
2024-12-20 12:00:00+00:00,68.405,69.043,68.405,69.001,1985,17,0
2024-12-20 13:00:00+00:00,69.003,69.097,68.612,68.613,2567,17,0
2024-12-20 14:00:00+00:00,68.617,68.956,68.378,68.461,4155,17,0
2024-12-20 15:00:00+00:00,68.467,69.035,68.449,69.014,3536,17,0
2024-12-20 16:00:00+00:00,69.026,69.346,68.85,69.238,3295,17,0
2024-12-20 17:00:00+00:00,69.243,69.562,69.178,69.512,2026,17,0
2024-12-20 18:00:00+00:00,69.511,69.745,69.448,69.498,1916,17,0
2024-12-20 19:00:00+00:00,69.502,69.511,69.265,69.401,2300,17,0
2024-12-20 20:00:00+00:00,69.407,69.544,69.319,69.435,1106,17,0
2024-12-20 21:00:00+00:00,69.431,69.444,69.365,69.421,409,17,0
2024-12-22 23:00:00+00:00,69.391,69.527,69.362,69.478,469,17,0
2024-12-23 00:00:00+00:00,69.479,69.578,69.472,69.532,410,17,0
2024-12-23 01:00:00+00:00,69.532,69.758,69.503,69.718,1220,17,0
2024-12-23 02:00:00+00:00,69.719,69.801,69.65,69.754,900,17,0
2024-12-23 03:00:00+00:00,69.755,69.756,69.625,69.726,540,17,0
2024-12-23 04:00:00+00:00,69.723,69.79,69.708,69.716,486,17,0
2024-12-23 05:00:00+00:00,69.719,69.736,69.635,69.667,672,17,0
2024-12-23 06:00:00+00:00,69.664,69.726,69.598,69.664,719,17,0
2024-12-23 07:00:00+00:00,69.663,69.778,69.542,69.597,962,17,0
2024-12-23 08:00:00+00:00,69.599,69.72,69.425,69.672,2057,17,0
2024-12-23 09:00:00+00:00,69.668,69.815,69.36,69.361,1910,17,0
2024-12-23 10:00:00+00:00,69.368,69.456,69.096,69.113,1691,17,0
2024-12-23 11:00:00+00:00,69.114,69.284,69.031,69.055,1390,17,0
2024-12-23 12:00:00+00:00,69.06,69.281,68.946,68.961,1383,17,0
2024-12-23 13:00:00+00:00,68.96,69.129,68.882,68.932,1989,17,0
2024-12-23 14:00:00+00:00,68.936,69.303,68.927,68.944,3489,17,0
2024-12-23 15:00:00+00:00,68.956,69.04,68.547,68.566,2876,17,0
2024-12-23 16:00:00+00:00,68.569,68.822,68.489,68.557,2624,17,0
2024-12-23 17:00:00+00:00,68.56,68.992,68.533,68.967,1922,17,0
2024-12-23 18:00:00+00:00,68.968,69.303,68.817,69.292,1999,17,0
2024-12-23 19:00:00+00:00,69.291,69.397,69.064,69.341,2319,17,0
2024-12-23 20:00:00+00:00,69.34,69.384,69.225,69.37,834,17,0
2024-12-23 21:00:00+00:00,69.37,69.505,69.36,69.499,388,17,0
2024-12-23 23:00:00+00:00,69.358,69.368,69.284,69.323,245,17,0
2024-12-24 00:00:00+00:00,69.326,69.377,69.302,69.333,205,17,0
2024-12-24 01:00:00+00:00,69.333,69.429,69.294,69.302,1133,17,0
2024-12-24 02:00:00+00:00,69.303,69.523,69.303,69.36,977,17,0
2024-12-24 03:00:00+00:00,69.361,69.37,69.227,69.242,790,17,0
2024-12-24 04:00:00+00:00,69.241,69.408,69.228,69.384,945,17,0
2024-12-24 05:00:00+00:00,69.383,69.462,69.35,69.394,605,17,0
2024-12-24 06:00:00+00:00,69.394,69.457,69.356,69.381,830,17,0
2024-12-24 07:00:00+00:00,69.382,69.525,69.374,69.508,865,17,0
2024-12-24 08:00:00+00:00,69.509,69.683,69.481,69.61,1314,17,0
2024-12-24 09:00:00+00:00,69.61,69.693,69.508,69.548,1336,17,0
2024-12-24 10:00:00+00:00,69.549,69.747,69.427,69.744,1295,17,0
2024-12-24 11:00:00+00:00,69.743,69.829,69.653,69.66,1274,17,0
2024-12-24 12:00:00+00:00,69.66,69.748,69.362,69.657,2619,17,0
2024-12-24 13:00:00+00:00,69.656,69.803,69.505,69.803,1631,17,0
2024-12-24 14:00:00+00:00,69.807,70.133,69.696,69.913,3465,17,0
2024-12-24 15:00:00+00:00,69.91,70.266,69.879,70.037,2238,17,0
2024-12-24 16:00:00+00:00,70.036,70.231,69.977,70.107,2052,17,0
2024-12-24 17:00:00+00:00,70.106,70.106,69.839,69.884,1713,17,0
2024-12-24 18:00:00+00:00,69.879,70.035,69.753,69.903,1157,17,0
2024-12-25 23:00:00+00:00,70.05,70.123,70.01,70.046,216,26,0
2024-12-26 00:00:00+00:00,70.049,70.125,70.024,70.107,256,17,0
2024-12-26 01:00:00+00:00,70.11,70.181,70.068,70.106,1012,17,0
2024-12-26 02:00:00+00:00,70.11,70.175,70.022,70.094,702,17,0
2024-12-26 03:00:00+00:00,70.095,70.285,70.095,70.196,669,17,0
2024-12-26 04:00:00+00:00,70.197,70.207,70.075,70.091,371,17,0
2024-12-26 05:00:00+00:00,70.092,70.096,69.903,70.021,907,17,0
2024-12-26 06:00:00+00:00,70.022,70.051,69.953,70.015,856,17,0
2024-12-26 07:00:00+00:00,70.017,70.117,69.971,70.094,1006,17,0
2024-12-26 08:00:00+00:00,70.094,70.276,70.065,70.215,1401,17,0
2024-12-26 09:00:00+00:00,70.22,70.364,70.22,70.334,802,17,0
2024-12-26 10:00:00+00:00,70.335,70.387,70.198,70.344,821,17,0
2024-12-26 11:00:00+00:00,70.346,70.374,70.281,70.335,672,17,0
2024-12-26 12:00:00+00:00,70.337,70.395,70.149,70.37,1062,17,0
2024-12-26 13:00:00+00:00,70.374,70.547,70.31,70.353,1591,17,0
2024-12-26 14:00:00+00:00,70.353,70.566,70.187,70.217,2481,17,0
2024-12-26 15:00:00+00:00,70.222,70.284,69.837,70.004,2627,17,0
2024-12-26 16:00:00+00:00,69.995,70.075,69.718,69.856,2177,17,0
2024-12-26 17:00:00+00:00,69.857,69.867,69.658,69.729,1538,17,0
2024-12-26 18:00:00+00:00,69.734,69.78,69.516,69.617,1687,17,0
2024-12-26 19:00:00+00:00,69.611,69.676,69.186,69.426,2072,17,0
2024-12-26 20:00:00+00:00,69.424,69.424,69.33,69.385,617,17,0
2024-12-26 21:00:00+00:00,69.387,69.502,69.385,69.487,355,17,0
2024-12-26 23:00:00+00:00,69.478,69.516,69.445,69.516,185,17,0
2024-12-27 00:00:00+00:00,69.513,69.513,69.351,69.354,169,17,0
2024-12-27 01:00:00+00:00,69.356,69.476,69.275,69.463,1345,17,0
2024-12-27 02:00:00+00:00,69.465,69.51,69.38,69.434,817,17,0
2024-12-27 03:00:00+00:00,69.438,69.539,69.394,69.535,626,17,0
2024-12-27 04:00:00+00:00,69.535,69.535,69.438,69.456,373,17,0
2024-12-27 05:00:00+00:00,69.45,69.499,69.415,69.437,535,17,0
2024-12-27 06:00:00+00:00,69.436,69.454,69.338,69.428,882,17,0
2024-12-27 07:00:00+00:00,69.428,69.686,69.421,69.653,1043,17,0
2024-12-27 08:00:00+00:00,69.651,69.71,69.534,69.649,1930,17,0
2024-12-27 09:00:00+00:00,69.65,69.78,69.476,69.691,1574,17,0
2024-12-27 10:00:00+00:00,69.691,70.027,69.63,70.01,1725,17,0
2024-12-27 11:00:00+00:00,70.012,70.128,69.95,69.982,1263,17,0
2024-12-27 12:00:00+00:00,69.984,70.192,69.941,70.103,1169,17,0
2024-12-27 13:00:00+00:00,70.106,70.204,69.988,70.193,1866,17,0
2024-12-27 14:00:00+00:00,70.188,70.391,70.162,70.228,2971,17,0
2024-12-27 15:00:00+00:00,70.23,70.241,69.878,70.105,3175,17,0
2024-12-27 16:00:00+00:00,70.1,70.348,70.035,70.152,2856,17,0
2024-12-27 17:00:00+00:00,70.158,70.183,69.925,70.096,2040,17,0
2024-12-27 18:00:00+00:00,70.101,70.486,70.087,70.467,1936,17,0
2024-12-27 19:00:00+00:00,70.462,70.564,70.249,70.265,1914,17,0
2024-12-27 20:00:00+00:00,70.262,70.262,69.978,70.054,839,17,0
2024-12-27 21:00:00+00:00,70.048,70.12,70.011,70.054,362,17,0
2024-12-29 23:00:00+00:00,70.094,70.319,70.082,70.252,545,17,0
2024-12-30 00:00:00+00:00,70.255,70.301,70.174,70.276,421,17,0
2024-12-30 01:00:00+00:00,70.279,70.531,70.236,70.531,1177,17,0
2024-12-30 02:00:00+00:00,70.529,70.535,70.424,70.433,770,17,0
2024-12-30 03:00:00+00:00,70.434,70.467,70.393,70.457,507,17,0
2024-12-30 04:00:00+00:00,70.459,70.5,70.401,70.483,362,17,0
2024-12-30 05:00:00+00:00,70.485,70.518,70.411,70.425,567,17,0
2024-12-30 06:00:00+00:00,70.43,70.481,70.319,70.344,870,17,0
2024-12-30 07:00:00+00:00,70.346,70.389,70.278,70.333,1172,17,0
2024-12-30 08:00:00+00:00,70.335,70.464,70.013,70.035,2419,17,0
2024-12-30 09:00:00+00:00,70.047,70.496,70.026,70.341,1907,17,0
2024-12-30 10:00:00+00:00,70.344,70.406,70.094,70.279,1934,17,0
2024-12-30 11:00:00+00:00,70.28,70.552,70.234,70.489,1442,17,0
2024-12-30 12:00:00+00:00,70.494,70.805,70.489,70.63,1636,17,0
2024-12-30 13:00:00+00:00,70.631,70.853,70.521,70.762,2093,17,0
2024-12-30 14:00:00+00:00,70.768,71.09,70.768,70.992,3058,17,0
2024-12-30 15:00:00+00:00,70.993,71.234,70.762,71.035,3132,17,0
2024-12-30 16:00:00+00:00,71.04,71.199,70.685,71.029,2937,17,0
2024-12-30 17:00:00+00:00,71.03,71.311,71.03,71.082,1883,17,0
2024-12-30 18:00:00+00:00,71.084,71.162,70.83,70.853,1650,17,0
2024-12-30 19:00:00+00:00,70.85,70.9,70.565,70.812,2258,17,0
2024-12-30 20:00:00+00:00,70.806,71.061,70.795,70.911,1049,17,0
2024-12-30 21:00:00+00:00,70.913,70.964,70.882,70.928,325,17,0
2024-12-30 23:00:00+00:00,70.863,70.982,70.859,70.982,145,17,0
2024-12-31 00:00:00+00:00,70.976,71.016,70.955,70.998,166,17,0
2024-12-31 01:00:00+00:00,70.999,71.353,70.999,71.243,1076,17,0
2024-12-31 02:00:00+00:00,71.242,71.242,71.126,71.16,830,17,0
2024-12-31 03:00:00+00:00,71.155,71.199,71.08,71.096,737,17,0
2024-12-31 04:00:00+00:00,71.093,71.429,71.089,71.388,1044,17,0
2024-12-31 05:00:00+00:00,71.384,71.422,71.321,71.36,660,17,0
2024-12-31 06:00:00+00:00,71.358,71.485,71.343,71.465,1098,17,0
2024-12-31 07:00:00+00:00,71.461,71.468,71.307,71.326,833,17,0
2024-12-31 08:00:00+00:00,71.326,71.374,71.161,71.278,1678,17,0
2024-12-31 09:00:00+00:00,71.272,71.397,71.109,71.137,1683,17,0
2024-12-31 10:00:00+00:00,71.136,71.348,71.107,71.253,1277,17,0
2024-12-31 11:00:00+00:00,71.249,71.419,71.199,71.311,1376,17,0
2024-12-31 12:00:00+00:00,71.313,71.46,70.73,70.739,2257,17,0
2024-12-31 13:00:00+00:00,70.733,70.924,70.638,70.89,1953,17,0
2024-12-31 14:00:00+00:00,70.897,71.33,70.897,71.309,2800,17,0
2024-12-31 15:00:00+00:00,71.305,71.485,71.09,71.414,2597,17,0
2024-12-31 16:00:00+00:00,71.415,71.575,71.337,71.473,2135,17,0
2024-12-31 17:00:00+00:00,71.471,71.579,71.364,71.548,1651,17,0
2024-12-31 18:00:00+00:00,71.546,71.758,71.509,71.588,1482,17,0
2024-12-31 19:00:00+00:00,71.579,71.689,71.432,71.671,1669,17,0
2024-12-31 20:00:00+00:00,71.677,71.678,71.531,71.549,480,17,0
2024-12-31 21:00:00+00:00,71.544,71.603,71.489,71.558,320,17,0
2025-01-01 23:00:00+00:00,71.722,71.796,71.619,71.796,241,26,0
2025-01-02 00:00:00+00:00,71.796,71.802,71.692,71.792,410,26,0
2025-01-02 01:00:00+00:00,71.793,72.016,71.749,71.889,1846,17,0
2025-01-02 02:00:00+00:00,71.889,71.923,71.775,71.878,984,17,0
2025-01-02 03:00:00+00:00,71.879,71.884,71.731,71.769,796,17,0
2025-01-02 04:00:00+00:00,71.771,71.775,71.641,71.69,383,17,0
2025-01-02 05:00:00+00:00,71.692,71.699,71.629,71.654,622,17,0
2025-01-02 06:00:00+00:00,71.654,71.716,71.555,71.669,898,17,0
2025-01-02 07:00:00+00:00,71.667,71.839,71.659,71.674,1184,17,0
2025-01-02 08:00:00+00:00,71.676,71.78,71.523,71.68,2340,17,0
2025-01-02 09:00:00+00:00,71.702,72.136,71.656,72.128,2223,17,0
2025-01-02 10:00:00+00:00,72.131,72.495,72.131,72.453,2415,17,0
2025-01-02 11:00:00+00:00,72.448,72.584,72.324,72.519,1602,17,0
2025-01-02 12:00:00+00:00,72.514,72.553,72.353,72.48,1589,17,0
2025-01-02 13:00:00+00:00,72.482,72.582,72.235,72.524,2389,17,0
2025-01-02 14:00:00+00:00,72.518,73.079,72.51,73.042,4012,17,0
2025-01-02 15:00:00+00:00,73.046,73.275,72.913,73.149,3730,17,0
2025-01-02 16:00:00+00:00,73.154,73.393,72.906,73.267,4280,17,0
2025-01-02 17:00:00+00:00,73.269,73.325,72.912,73.019,2696,17,0
2025-01-02 18:00:00+00:00,73.015,73.015,72.746,72.865,2361,17,0
2025-01-02 19:00:00+00:00,72.859,73.082,72.707,72.878,2472,17,0
2025-01-02 20:00:00+00:00,72.881,72.903,72.71,72.749,997,17,0
2025-01-02 21:00:00+00:00,72.754,72.789,72.714,72.751,393,17,0
2025-01-02 23:00:00+00:00,72.737,72.767,72.718,72.741,152,17,0
2025-01-03 00:00:00+00:00,72.742,72.835,72.735,72.821,232,17,0
2025-01-03 01:00:00+00:00,72.826,72.964,72.826,72.887,1430,17,0
2025-01-03 02:00:00+00:00,72.883,73.089,72.835,72.907,1404,17,0
2025-01-03 03:00:00+00:00,72.908,73.018,72.885,72.999,853,17,0
2025-01-03 04:00:00+00:00,73.0,73.025,72.943,72.943,393,17,0
2025-01-03 05:00:00+00:00,72.94,72.951,72.841,72.875,704,17,0
2025-01-03 06:00:00+00:00,72.867,72.876,72.759,72.779,1138,17,0
2025-01-03 07:00:00+00:00,72.777,72.816,72.703,72.71,985,17,0
2025-01-03 08:00:00+00:00,72.711,72.862,72.61,72.63,1876,17,0
2025-01-03 09:00:00+00:00,72.631,72.737,72.369,72.46,2088,17,0
2025-01-03 10:00:00+00:00,72.468,72.594,72.37,72.422,1511,17,0
2025-01-03 11:00:00+00:00,72.419,72.597,72.337,72.54,1037,17,0
2025-01-03 12:00:00+00:00,72.701,72.759,72.626,72.693,317,17,0
2025-01-03 13:00:00+00:00,72.692,73.144,72.586,73.05,2583,17,0
2025-01-03 14:00:00+00:00,73.044,73.205,72.947,73.121,3770,17,0
2025-01-03 15:00:00+00:00,73.117,73.391,73.117,73.355,2933,17,0
2025-01-03 16:00:00+00:00,73.36,73.569,73.221,73.569,2570,17,0
2025-01-03 17:00:00+00:00,73.571,73.799,73.511,73.776,1800,17,0
2025-01-03 18:00:00+00:00,73.777,73.822,73.454,73.588,2026,17,0
2025-01-03 19:00:00+00:00,73.583,73.656,73.452,73.656,1753,17,0
2025-01-03 20:00:00+00:00,73.657,73.685,73.534,73.568,722,17,0
2025-01-03 21:00:00+00:00,73.564,73.587,73.529,73.583,305,17,0
2025-01-05 23:00:00+00:00,73.634,73.756,73.611,73.653,563,17,0
2025-01-06 00:00:00+00:00,73.658,73.705,73.416,73.426,562,17,0
2025-01-06 01:00:00+00:00,73.431,73.859,73.431,73.637,1761,17,0
2025-01-06 02:00:00+00:00,73.639,73.639,73.439,73.467,1188,17,0
2025-01-06 03:00:00+00:00,73.47,73.497,73.29,73.31,716,17,0
2025-01-06 04:00:00+00:00,73.311,73.375,73.142,73.151,522,17,0
2025-01-06 05:00:00+00:00,73.153,73.226,73.116,73.205,790,17,0
2025-01-06 06:00:00+00:00,73.204,73.266,73.148,73.249,894,17,0
2025-01-06 07:00:00+00:00,73.243,73.37,73.142,73.202,1379,17,0
2025-01-06 08:00:00+00:00,73.2,73.239,73.043,73.205,2049,17,0
2025-01-06 09:00:00+00:00,73.21,73.393,73.106,73.291,1954,17,0
2025-01-06 10:00:00+00:00,73.287,73.558,73.227,73.438,1644,17,0
2025-01-06 11:00:00+00:00,73.443,73.751,73.361,73.733,2202,17,0
2025-01-06 12:00:00+00:00,73.737,74.114,73.717,73.934,1986,17,0
2025-01-06 13:00:00+00:00,73.922,74.017,73.587,73.742,2920,17,0
2025-01-06 14:00:00+00:00,73.746,74.382,73.73,74.33,4381,17,0
2025-01-06 15:00:00+00:00,74.335,74.455,73.557,73.629,3643,17,0
2025-01-06 16:00:00+00:00,73.628,73.873,73.463,73.737,3777,17,0
2025-01-06 17:00:00+00:00,73.741,73.744,73.126,73.16,2651,17,0
2025-01-06 18:00:00+00:00,73.161,73.191,72.763,72.918,2497,17,0
2025-01-06 19:00:00+00:00,72.915,73.271,72.876,73.085,2264,17,0
2025-01-06 20:00:00+00:00,73.084,73.109,72.969,73.021,857,17,0
2025-01-06 21:00:00+00:00,73.016,73.087,72.933,73.0,429,17,0
2025-01-06 23:00:00+00:00,72.881,72.911,72.842,72.875,234,17,0
2025-01-07 00:00:00+00:00,72.876,72.935,72.848,72.888,278,17,0
2025-01-07 01:00:00+00:00,72.888,72.945,72.734,72.939,1372,17,0
2025-01-07 02:00:00+00:00,72.936,73.015,72.855,72.957,1143,17,0
2025-01-07 03:00:00+00:00,72.962,73.042,72.887,73.037,898,17,0
2025-01-07 04:00:00+00:00,73.036,73.04,72.948,73.002,405,17,0
2025-01-07 05:00:00+00:00,73.004,73.082,72.982,73.058,808,17,0
2025-01-07 06:00:00+00:00,73.059,73.096,72.92,73.009,988,17,0
2025-01-07 07:00:00+00:00,73.004,73.052,72.817,72.831,1354,17,0
2025-01-07 08:00:00+00:00,72.832,73.064,72.68,72.69,2270,17,0
2025-01-07 09:00:00+00:00,72.702,73.074,72.686,73.041,2845,17,0
2025-01-07 10:00:00+00:00,73.037,73.424,72.992,73.377,2305,17,0
2025-01-07 11:00:00+00:00,73.378,73.715,73.374,73.693,2055,17,0
2025-01-07 12:00:00+00:00,73.694,73.748,73.564,73.6,1914,17,0
2025-01-07 13:00:00+00:00,73.605,73.678,73.405,73.592,3002,17,0
2025-01-07 14:00:00+00:00,73.605,73.854,73.363,73.764,3610,17,0
2025-01-07 15:00:00+00:00,73.764,73.81,73.578,73.783,3491,17,0
2025-01-07 16:00:00+00:00,73.787,73.953,73.342,73.62,3544,17,0
2025-01-07 17:00:00+00:00,73.622,73.868,73.61,73.851,2211,17,0
2025-01-07 18:00:00+00:00,73.851,74.014,73.748,73.768,1774,17,0
2025-01-07 19:00:00+00:00,73.765,73.954,73.657,73.919,1729,17,0
2025-01-07 20:00:00+00:00,73.919,73.946,73.725,73.753,832,17,0
2025-01-07 21:00:00+00:00,73.764,73.912,73.726,73.901,626,17,0
2025-01-07 23:00:00+00:00,74.094,74.197,74.047,74.105,409,26,0
2025-01-08 00:00:00+00:00,74.104,74.153,74.061,74.092,320,17,0
2025-01-08 01:00:00+00:00,74.076,74.199,74.03,74.145,1367,17,0
2025-01-08 02:00:00+00:00,74.144,74.155,73.945,73.997,872,17,0
2025-01-08 03:00:00+00:00,73.992,74.13,73.945,73.998,738,17,0
2025-01-08 04:00:00+00:00,73.998,74.121,73.977,74.05,352,17,0
2025-01-08 05:00:00+00:00,74.045,74.303,74.044,74.279,684,17,0
2025-01-08 06:00:00+00:00,74.28,74.332,74.078,74.094,1257,17,0
2025-01-08 07:00:00+00:00,74.098,74.239,74.007,74.239,1125,17,0
2025-01-08 08:00:00+00:00,74.237,74.649,74.2,74.623,2625,17,0
2025-01-08 09:00:00+00:00,74.627,74.644,74.369,74.503,2198,17,0
2025-01-08 10:00:00+00:00,74.507,74.611,73.776,73.848,2621,17,0
2025-01-08 11:00:00+00:00,73.853,74.137,73.661,74.083,3192,17,0
2025-01-08 12:00:00+00:00,74.087,74.292,73.993,74.158,2330,17,0
2025-01-08 13:00:00+00:00,74.155,74.264,73.776,73.966,3162,17,0
2025-01-08 14:00:00+00:00,73.968,74.063,73.677,73.876,4321,17,0
2025-01-08 15:00:00+00:00,73.874,73.998,73.461,73.516,4757,17,0
2025-01-08 16:00:00+00:00,73.517,73.518,72.729,72.871,4897,17,0
2025-01-08 17:00:00+00:00,72.875,72.977,72.706,72.825,2861,17,0
2025-01-08 18:00:00+00:00,72.824,72.878,72.666,72.736,1898,17,0
2025-01-08 19:00:00+00:00,72.705,72.983,72.705,72.916,1999,17,0
2025-01-08 20:00:00+00:00,72.919,72.98,72.822,72.89,1063,17,0
2025-01-08 21:00:00+00:00,72.89,72.892,72.795,72.821,446,17,0
2025-01-08 23:00:00+00:00,72.736,72.769,72.71,72.724,129,17,0
2025-01-09 00:00:00+00:00,72.723,72.75,72.672,72.75,218,17,0
2025-01-09 01:00:00+00:00,72.749,72.778,72.32,72.393,1762,17,0
2025-01-09 02:00:00+00:00,72.388,72.588,72.388,72.571,989,17,0
2025-01-09 03:00:00+00:00,72.569,72.739,72.557,72.695,771,17,0
2025-01-09 04:00:00+00:00,72.684,72.699,72.614,72.674,418,17,0
2025-01-09 05:00:00+00:00,72.671,72.824,72.591,72.806,847,17,0
2025-01-09 06:00:00+00:00,72.805,72.914,72.761,72.871,1011,17,0
2025-01-09 07:00:00+00:00,72.869,72.941,72.571,72.58,1432,17,0
2025-01-09 08:00:00+00:00,72.578,72.949,72.56,72.623,2300,17,0
2025-01-09 09:00:00+00:00,72.642,72.788,72.489,72.753,2133,17,0
2025-01-09 10:00:00+00:00,72.758,72.909,72.62,72.876,2045,17,0
2025-01-09 11:00:00+00:00,72.872,72.996,72.795,72.947,1409,17,0
2025-01-09 12:00:00+00:00,72.95,73.19,72.917,73.133,1485,17,0
2025-01-09 13:00:00+00:00,73.132,73.181,72.909,73.062,2329,17,0
2025-01-09 14:00:00+00:00,73.057,73.309,72.984,73.132,2932,17,0
2025-01-09 15:00:00+00:00,73.129,73.605,73.105,73.465,2051,17,0
2025-01-09 16:00:00+00:00,73.458,73.671,73.376,73.569,2329,17,0
2025-01-09 17:00:00+00:00,73.571,73.691,73.389,73.553,1733,17,0
2025-01-09 18:00:00+00:00,73.553,73.629,73.382,73.466,1817,17,0
2025-01-09 19:00:00+00:00,73.466,73.678,73.321,73.678,2045,17,0
2025-01-09 20:00:00+00:00,73.676,73.688,73.576,73.66,675,17,0
2025-01-09 21:00:00+00:00,73.66,73.696,73.548,73.683,418,17,0
2025-01-09 23:00:00+00:00,73.639,73.64,73.59,73.626,186,26,0
2025-01-10 00:00:00+00:00,73.628,73.665,73.59,73.655,232,17,0
2025-01-10 01:00:00+00:00,73.654,73.759,73.451,73.497,1431,17,0
2025-01-10 02:00:00+00:00,73.492,73.603,73.426,73.486,1062,17,0
2025-01-10 03:00:00+00:00,73.484,73.572,73.438,73.473,659,17,0
2025-01-10 04:00:00+00:00,73.471,73.655,73.462,73.631,414,17,0
2025-01-10 05:00:00+00:00,73.632,73.777,73.631,73.705,637,17,0
2025-01-10 06:00:00+00:00,73.704,73.791,73.615,73.735,1000,17,0
2025-01-10 07:00:00+00:00,73.736,74.02,73.732,73.93,1288,17,0
2025-01-10 08:00:00+00:00,73.928,74.424,73.845,74.29,2547,17,0
2025-01-10 09:00:00+00:00,74.294,75.013,74.207,74.998,3632,17,0
2025-01-10 10:00:00+00:00,75.0,75.161,74.877,75.106,3212,17,0
2025-01-10 11:00:00+00:00,75.108,75.974,75.073,75.746,3433,17,0
2025-01-10 12:00:00+00:00,75.75,75.87,75.407,75.855,4282,17,0
2025-01-10 13:00:00+00:00,75.848,76.252,75.702,76.131,5295,17,0
2025-01-10 14:00:00+00:00,76.124,77.013,75.957,76.307,7614,17,0
2025-01-10 15:00:00+00:00,76.301,76.403,75.175,75.181,7088,17,0
2025-01-10 16:00:00+00:00,75.188,75.581,74.739,75.405,7881,17,0
2025-01-10 17:00:00+00:00,75.41,75.745,75.31,75.622,4143,17,0
2025-01-10 18:00:00+00:00,75.616,75.775,75.4,75.736,3041,17,0
2025-01-10 19:00:00+00:00,75.742,76.026,75.619,75.812,3124,17,0
2025-01-10 20:00:00+00:00,75.813,75.935,75.769,75.9,1366,17,0
2025-01-10 21:00:00+00:00,75.895,75.952,75.794,75.859,624,17,0
2025-01-12 23:00:00+00:00,76.779,77.456,76.705,77.147,2258,26,0
2025-01-13 00:00:00+00:00,77.15,77.407,77.061,77.276,1270,17,0
2025-01-13 01:00:00+00:00,77.272,77.408,77.056,77.143,2628,17,0
2025-01-13 02:00:00+00:00,77.146,77.271,76.913,77.01,1380,17,0
2025-01-13 03:00:00+00:00,77.007,77.034,76.849,76.944,1290,17,0
2025-01-13 04:00:00+00:00,76.947,77.244,76.893,77.16,1217,17,0
2025-01-13 05:00:00+00:00,77.16,77.221,77.018,77.208,1446,17,0
2025-01-13 06:00:00+00:00,77.209,77.283,77.075,77.168,1662,17,0
2025-01-13 07:00:00+00:00,77.173,77.178,76.751,76.872,2536,17,0
2025-01-13 08:00:00+00:00,76.866,77.578,76.804,77.459,4543,17,0
2025-01-13 09:00:00+00:00,77.465,77.523,76.538,76.564,4514,17,0
2025-01-13 10:00:00+00:00,76.567,77.189,76.482,77.055,3875,17,0
2025-01-13 11:00:00+00:00,77.062,77.41,77.005,77.143,3258,17,0
2025-01-13 12:00:00+00:00,77.14,77.337,76.843,77.143,3617,17,0
2025-01-13 13:00:00+00:00,77.141,77.154,76.686,76.832,5297,17,0
2025-01-13 14:00:00+00:00,76.833,76.901,76.383,76.747,5899,17,0
2025-01-13 15:00:00+00:00,76.739,77.282,76.539,77.251,4979,17,0
2025-01-13 16:00:00+00:00,77.258,77.712,77.249,77.59,6309,17,0
2025-01-13 17:00:00+00:00,77.59,77.744,77.273,77.608,4463,17,0
2025-01-13 18:00:00+00:00,77.607,77.803,77.354,77.368,3572,17,0
2025-01-13 19:00:00+00:00,77.364,77.63,77.257,77.523,3381,17,0
2025-01-13 20:00:00+00:00,77.525,77.54,77.234,77.253,1530,17,0
2025-01-13 21:00:00+00:00,77.254,77.352,77.22,77.317,920,17,0
2025-01-13 23:00:00+00:00,77.302,77.388,77.267,77.364,322,26,0
2025-01-14 00:00:00+00:00,77.369,77.37,77.212,77.282,333,17,0
2025-01-14 01:00:00+00:00,77.276,77.313,77.113,77.206,2199,17,0
2025-01-14 02:00:00+00:00,77.202,77.254,76.925,77.045,1569,17,0
2025-01-14 03:00:00+00:00,77.046,77.24,76.999,77.19,1259,17,0
2025-01-14 04:00:00+00:00,77.192,77.192,77.009,77.019,629,17,0
2025-01-14 05:00:00+00:00,77.021,77.092,76.93,77.009,1035,17,0
2025-01-14 06:00:00+00:00,77.006,77.074,76.843,76.937,1334,17,0
2025-01-14 07:00:00+00:00,76.94,77.058,76.697,76.866,2362,17,0
2025-01-14 08:00:00+00:00,76.875,77.32,76.874,77.154,3573,17,0
2025-01-14 09:00:00+00:00,77.175,77.581,77.169,77.526,3240,17,0
2025-01-14 10:00:00+00:00,77.523,77.543,76.704,76.805,3363,17,0
2025-01-14 11:00:00+00:00,76.812,77.303,76.777,77.283,2630,17,0
2025-01-14 12:00:00+00:00,77.272,77.287,77.009,77.012,2470,17,0
2025-01-14 13:00:00+00:00,77.017,77.102,76.687,76.958,4339,17,0
2025-01-14 14:00:00+00:00,76.954,77.063,76.404,76.484,6095,17,0
2025-01-14 15:00:00+00:00,76.488,76.9,76.262,76.751,5365,17,0
2025-01-14 16:00:00+00:00,76.745,76.879,76.286,76.621,6064,17,0
2025-01-14 17:00:00+00:00,76.62,76.941,76.536,76.646,3764,17,0
2025-01-14 18:00:00+00:00,76.645,76.735,76.434,76.559,2773,17,0
2025-01-14 19:00:00+00:00,76.561,76.726,76.362,76.441,2923,17,0
2025-01-14 20:00:00+00:00,76.439,76.725,76.388,76.693,1262,17,0
2025-01-14 21:00:00+00:00,76.689,77.031,76.606,76.821,910,17,0
2025-01-14 23:00:00+00:00,76.7,76.831,76.683,76.772,272,26,0
2025-01-15 00:00:00+00:00,76.769,76.789,76.728,76.758,215,26,0
2025-01-15 01:00:00+00:00,76.749,76.766,76.467,76.479,1650,17,0
2025-01-15 02:00:00+00:00,76.479,76.479,76.27,76.404,1635,17,0
2025-01-15 03:00:00+00:00,76.406,76.551,76.35,76.444,983,17,0
2025-01-15 04:00:00+00:00,76.442,76.701,76.393,76.658,727,17,0
2025-01-15 05:00:00+00:00,76.65,76.765,76.545,76.745,981,17,0
2025-01-15 06:00:00+00:00,76.746,76.995,76.704,76.909,1428,17,0
2025-01-15 07:00:00+00:00,76.909,77.136,76.724,76.855,2232,17,0
2025-01-15 08:00:00+00:00,76.847,76.972,76.438,76.455,3698,17,0
2025-01-15 09:00:00+00:00,76.462,76.632,76.151,76.564,3418,17,0
2025-01-15 10:00:00+00:00,76.567,76.841,76.46,76.518,2704,17,0
2025-01-15 11:00:00+00:00,76.513,76.66,76.432,76.629,2243,17,0
2025-01-15 12:00:00+00:00,76.63,76.867,76.589,76.791,2780,17,0
2025-01-15 13:00:00+00:00,76.793,77.195,76.722,77.15,4425,17,0
2025-01-15 14:00:00+00:00,77.154,77.77,77.039,77.755,4532,17,0
2025-01-15 15:00:00+00:00,77.76,77.864,77.391,77.434,4881,17,0
2025-01-15 16:00:00+00:00,77.43,78.405,77.401,78.144,6337,17,0
2025-01-15 17:00:00+00:00,78.145,78.393,77.998,78.345,3872,17,0
2025-01-15 18:00:00+00:00,78.337,78.588,78.145,78.463,3437,17,0
2025-01-15 19:00:00+00:00,78.468,79.102,78.438,79.08,4066,17,0
2025-01-15 20:00:00+00:00,79.071,79.373,79.036,79.138,2194,17,0
2025-01-15 21:00:00+00:00,79.134,79.207,78.984,79.014,889,17,0
2025-01-15 23:00:00+00:00,78.894,79.037,78.866,78.982,356,26,0
2025-01-16 00:00:00+00:00,78.974,79.11,78.929,78.98,515,17,0
2025-01-16 01:00:00+00:00,78.976,79.124,78.713,78.738,2908,17,0
2025-01-16 02:00:00+00:00,78.735,78.957,78.652,78.849,2123,17,0
2025-01-16 03:00:00+00:00,78.848,79.08,78.823,78.983,1472,17,0
2025-01-16 04:00:00+00:00,78.983,79.006,78.832,78.848,815,17,0
2025-01-16 05:00:00+00:00,78.849,78.849,78.63,78.693,1865,17,0
2025-01-16 06:00:00+00:00,78.689,78.993,78.649,78.844,2543,17,0
2025-01-16 07:00:00+00:00,78.846,78.958,78.716,78.818,2099,17,0
2025-01-16 08:00:00+00:00,78.81,78.824,78.434,78.563,3912,17,0
2025-01-16 09:00:00+00:00,78.569,78.658,78.419,78.581,2973,17,0
2025-01-16 10:00:00+00:00,78.574,78.665,78.296,78.36,2805,17,0
2025-01-16 11:00:00+00:00,78.365,78.37,77.703,77.794,2774,17,0
2025-01-16 12:00:00+00:00,77.798,78.145,77.687,78.024,3819,17,0
2025-01-16 13:00:00+00:00,78.017,78.497,77.95,78.486,3922,17,0
2025-01-16 14:00:00+00:00,78.491,78.557,78.026,78.262,5679,17,0
2025-01-16 15:00:00+00:00,78.258,78.296,77.459,77.85,6026,17,0
2025-01-16 16:00:00+00:00,77.848,77.887,76.864,77.506,7854,17,0
2025-01-16 17:00:00+00:00,77.502,77.958,77.32,77.896,4971,17,0
2025-01-16 18:00:00+00:00,77.9,78.003,77.378,77.455,3436,17,0
2025-01-16 19:00:00+00:00,77.454,77.902,77.284,77.857,3069,17,0
2025-01-16 20:00:00+00:00,77.857,77.857,77.656,77.768,1339,17,0
2025-01-16 21:00:00+00:00,77.765,77.79,77.714,77.744,601,17,0
2025-01-16 23:00:00+00:00,77.686,77.848,77.667,77.831,254,26,0
2025-01-17 00:00:00+00:00,77.833,77.943,77.787,77.901,398,26,0
2025-01-17 01:00:00+00:00,77.896,78.076,77.871,78.034,1910,17,0
2025-01-17 02:00:00+00:00,78.03,78.14,77.98,78.091,1322,17,0
2025-01-17 03:00:00+00:00,78.089,78.198,78.046,78.141,910,17,0
2025-01-17 04:00:00+00:00,78.14,78.299,78.14,78.294,639,17,0
2025-01-17 05:00:00+00:00,78.296,78.372,78.151,78.179,1436,17,0
2025-01-17 06:00:00+00:00,78.177,78.243,78.082,78.104,1556,17,0
2025-01-17 07:00:00+00:00,78.105,78.316,77.916,78.242,2245,17,0
2025-01-17 08:00:00+00:00,78.244,78.398,77.974,78.13,3335,17,0
2025-01-17 09:00:00+00:00,78.127,78.207,77.715,78.015,3376,17,0
2025-01-17 10:00:00+00:00,78.023,78.306,77.844,78.041,3008,17,0
2025-01-17 11:00:00+00:00,78.041,78.215,77.754,77.817,2501,17,0
2025-01-17 12:00:00+00:00,77.813,77.925,77.486,77.651,2935,17,0
2025-01-17 13:00:00+00:00,77.651,77.681,77.088,77.356,4609,17,0
2025-01-17 14:00:00+00:00,77.342,77.738,77.058,77.571,5221,17,0
2025-01-17 15:00:00+00:00,77.567,77.716,77.058,77.071,5043,17,0
2025-01-17 16:00:00+00:00,77.064,77.607,77.018,77.601,4795,17,0
2025-01-17 17:00:00+00:00,77.6,77.631,77.261,77.344,2949,17,0
2025-01-17 18:00:00+00:00,77.34,77.469,77.226,77.322,2522,17,0
2025-01-17 19:00:00+00:00,77.321,77.608,77.093,77.205,2648,17,0
2025-01-17 20:00:00+00:00,77.204,77.375,77.111,77.302,1123,17,0
2025-01-17 21:00:00+00:00,77.298,77.391,77.259,77.331,573,17,0
2025-01-19 23:00:00+00:00,77.424,77.606,77.381,77.533,729,17,0
2025-01-20 00:00:00+00:00,77.534,77.722,77.518,77.571,642,17,0
2025-01-20 01:00:00+00:00,77.572,77.647,77.195,77.355,2408,17,0
2025-01-20 02:00:00+00:00,77.355,77.373,77.122,77.226,1920,17,0
2025-01-20 03:00:00+00:00,77.226,77.409,77.166,77.298,1215,17,0
2025-01-20 04:00:00+00:00,77.299,77.324,77.191,77.228,475,17,0
2025-01-20 05:00:00+00:00,77.227,77.286,77.152,77.174,884,17,0
2025-01-20 06:00:00+00:00,77.175,77.244,76.918,77.071,1413,17,0
2025-01-20 07:00:00+00:00,77.066,77.235,77.025,77.105,1432,17,0
2025-01-20 08:00:00+00:00,77.113,77.268,76.934,76.999,3104,17,0
2025-01-20 09:00:00+00:00,76.994,77.113,76.66,76.809,2569,17,0
2025-01-20 10:00:00+00:00,76.809,77.007,76.746,76.863,2087,17,0
2025-01-20 11:00:00+00:00,76.868,77.139,76.793,77.076,1852,17,0
2025-01-20 12:00:00+00:00,77.073,77.469,77.068,77.337,1951,17,0
2025-01-20 13:00:00+00:00,77.332,77.483,75.788,75.851,5528,17,0
2025-01-20 14:00:00+00:00,75.853,76.433,75.839,76.077,6366,17,0
2025-01-20 15:00:00+00:00,76.074,76.33,75.725,75.904,4481,17,0
2025-01-20 16:00:00+00:00,75.903,76.389,75.86,76.38,4242,17,0
2025-01-20 17:00:00+00:00,76.383,76.597,75.848,76.417,3369,17,0
2025-01-20 18:00:00+00:00,76.419,76.455,76.24,76.274,1184,17,0
2025-01-20 19:00:00+00:00,76.274,76.335,76.215,76.217,211,17,0
2025-01-20 23:00:00+00:00,76.213,76.259,76.134,76.239,286,26,0
2025-01-21 00:00:00+00:00,76.242,76.29,75.962,76.068,822,17,0
2025-01-21 01:00:00+00:00,76.063,76.837,75.942,76.538,4236,17,0
2025-01-21 02:00:00+00:00,76.533,77.007,76.525,76.708,2597,17,0
2025-01-21 03:00:00+00:00,76.703,76.781,76.57,76.604,1519,17,0
2025-01-21 04:00:00+00:00,76.607,76.688,76.447,76.476,751,17,0
2025-01-21 05:00:00+00:00,76.482,76.691,76.48,76.614,1108,17,0
2025-01-21 06:00:00+00:00,76.611,76.65,76.339,76.378,1460,17,0
2025-01-21 07:00:00+00:00,76.381,76.455,76.237,76.289,1625,17,0
2025-01-21 08:00:00+00:00,76.293,76.411,75.877,75.916,3345,17,0
2025-01-21 09:00:00+00:00,75.92,76.108,75.779,75.79,3154,17,0
2025-01-21 10:00:00+00:00,75.787,75.858,75.378,75.416,3147,17,0
2025-01-21 11:00:00+00:00,75.416,75.441,75.076,75.119,3158,17,0
2025-01-21 12:00:00+00:00,75.126,75.56,75.126,75.477,2940,17,0
2025-01-21 13:00:00+00:00,75.481,75.538,74.941,74.98,3764,17,0
2025-01-21 14:00:00+00:00,74.987,75.841,74.933,75.642,5197,17,0
2025-01-21 15:00:00+00:00,75.636,75.997,75.479,75.917,4647,17,0
2025-01-21 16:00:00+00:00,75.91,76.125,75.778,75.837,4213,17,0
2025-01-21 17:00:00+00:00,75.834,76.176,75.556,75.61,3048,17,0
2025-01-21 18:00:00+00:00,75.612,75.736,75.5,75.589,2880,17,0
2025-01-21 19:00:00+00:00,75.584,75.914,75.334,75.901,2766,17,0
2025-01-21 20:00:00+00:00,75.9,75.952,75.815,75.931,1177,17,0
2025-01-21 21:00:00+00:00,75.935,75.948,75.736,75.813,571,17,0
2025-01-21 23:00:00+00:00,75.694,75.696,75.532,75.586,340,26,0
2025-01-22 00:00:00+00:00,75.588,75.744,75.564,75.736,343,17,0
2025-01-22 01:00:00+00:00,75.734,75.756,75.51,75.624,1666,17,0
2025-01-22 02:00:00+00:00,75.619,75.639,75.461,75.579,1333,17,0
2025-01-22 03:00:00+00:00,75.578,75.696,75.557,75.641,807,17,0
2025-01-22 04:00:00+00:00,75.641,75.723,75.618,75.635,420,17,0
2025-01-22 05:00:00+00:00,75.635,75.665,75.511,75.537,804,17,0
2025-01-22 06:00:00+00:00,75.533,75.533,75.249,75.267,1448,17,0
2025-01-22 07:00:00+00:00,75.274,75.353,75.138,75.31,1868,17,0
2025-01-22 08:00:00+00:00,75.31,75.694,75.252,75.632,2639,17,0
2025-01-22 09:00:00+00:00,75.626,76.112,75.609,76.035,3107,17,0
2025-01-22 10:00:00+00:00,76.039,76.254,75.934,76.186,2247,17,0
2025-01-22 11:00:00+00:00,76.188,76.268,75.807,75.897,1787,17,0
2025-01-22 12:00:00+00:00,75.897,75.964,75.527,75.663,2090,17,0
2025-01-22 13:00:00+00:00,75.662,75.864,75.369,75.816,3599,17,0
2025-01-22 14:00:00+00:00,75.829,75.871,75.198,75.236,4540,17,0
2025-01-22 15:00:00+00:00,75.238,75.888,75.154,75.48,5530,17,0
2025-01-22 16:00:00+00:00,75.474,75.709,75.169,75.678,5265,17,0
2025-01-22 17:00:00+00:00,75.684,75.998,75.557,75.705,3064,17,0
2025-01-22 18:00:00+00:00,75.706,75.712,75.296,75.41,2464,17,0
2025-01-22 19:00:00+00:00,75.403,75.445,75.249,75.283,2029,17,0
2025-01-22 20:00:00+00:00,75.282,75.362,75.251,75.276,673,17,0
2025-01-22 21:00:00+00:00,75.278,75.303,75.203,75.266,441,17,0
2025-01-22 23:00:00+00:00,75.083,75.083,75.007,75.04,286,17,0
2025-01-23 00:00:00+00:00,75.042,75.095,75.033,75.085,285,17,0
2025-01-23 01:00:00+00:00,75.086,75.151,75.022,75.036,1297,17,0
2025-01-23 02:00:00+00:00,75.036,75.091,74.98,75.047,742,17,0
2025-01-23 03:00:00+00:00,75.047,75.099,75.007,75.007,498,17,0
2025-01-23 04:00:00+00:00,75.01,75.032,74.983,74.988,232,17,0
2025-01-23 05:00:00+00:00,74.989,75.091,74.982,75.01,595,17,0
2025-01-23 06:00:00+00:00,75.013,75.076,74.865,74.897,1319,17,0
2025-01-23 07:00:00+00:00,74.898,75.119,74.834,75.096,1192,17,0
2025-01-23 08:00:00+00:00,75.097,75.527,75.062,75.364,2468,17,0
2025-01-23 09:00:00+00:00,75.371,75.505,75.134,75.134,2261,17,0
2025-01-23 10:00:00+00:00,75.129,75.376,75.019,75.345,2145,17,0
2025-01-23 11:00:00+00:00,75.344,75.693,75.344,75.614,1964,17,0
2025-01-23 12:00:00+00:00,75.605,75.637,75.376,75.58,1951,17,0
2025-01-23 13:00:00+00:00,75.582,75.63,75.192,75.408,2797,17,0
2025-01-23 14:00:00+00:00,75.406,75.794,75.188,75.767,3498,17,0
2025-01-23 15:00:00+00:00,75.763,75.809,75.422,75.498,3118,17,0
2025-01-23 16:00:00+00:00,75.496,75.655,74.231,74.627,8538,17,0
2025-01-23 17:00:00+00:00,74.643,75.054,74.497,74.904,4524,17,0
2025-01-23 18:00:00+00:00,74.908,74.959,74.386,74.532,2826,17,0
2025-01-23 19:00:00+00:00,74.534,74.614,74.231,74.33,2560,17,0
2025-01-23 20:00:00+00:00,74.336,74.385,74.078,74.126,1497,17,0
2025-01-23 21:00:00+00:00,74.128,74.149,74.005,74.134,760,17,0
2025-01-23 23:00:00+00:00,74.078,74.131,74.019,74.082,320,17,0
2025-01-24 00:00:00+00:00,74.079,74.118,74.047,74.074,315,17,0
2025-01-24 01:00:00+00:00,74.072,74.21,73.832,74.197,1619,17,0
2025-01-24 02:00:00+00:00,74.194,74.423,74.187,74.4,1380,17,0
2025-01-24 03:00:00+00:00,74.403,74.415,74.202,74.295,1052,17,0
2025-01-24 04:00:00+00:00,74.294,74.42,74.276,74.359,555,17,0
2025-01-24 05:00:00+00:00,74.356,74.424,74.323,74.397,668,17,0
2025-01-24 06:00:00+00:00,74.395,74.439,74.318,74.354,1101,17,0
2025-01-24 07:00:00+00:00,74.356,74.525,74.283,74.495,1630,17,0
2025-01-24 08:00:00+00:00,74.497,74.599,74.234,74.424,2625,17,0
2025-01-24 09:00:00+00:00,74.419,74.773,74.383,74.63,2580,17,0
2025-01-24 10:00:00+00:00,74.624,74.857,74.55,74.82,1893,17,0
2025-01-24 11:00:00+00:00,74.819,74.894,74.622,74.731,1991,17,0
2025-01-24 12:00:00+00:00,74.726,74.933,74.69,74.803,1886,17,0
2025-01-24 13:00:00+00:00,74.804,74.958,74.533,74.608,2387,17,0
2025-01-24 14:00:00+00:00,74.61,75.001,74.214,74.238,4299,17,0
2025-01-24 15:00:00+00:00,74.243,74.46,73.995,74.103,4608,17,0
2025-01-24 16:00:00+00:00,74.099,74.479,73.929,73.961,3831,17,0
2025-01-24 17:00:00+00:00,73.963,74.238,73.892,74.17,2737,17,0
2025-01-24 18:00:00+00:00,74.166,74.612,74.091,74.578,2577,17,0
2025-01-24 19:00:00+00:00,74.582,74.623,74.329,74.446,2185,17,0
2025-01-24 20:00:00+00:00,74.448,74.548,74.371,74.381,1008,17,0
2025-01-24 21:00:00+00:00,74.38,74.395,74.315,74.319,455,17,0
2025-01-26 23:00:00+00:00,74.044,74.1,73.864,73.91,723,17,0
2025-01-27 00:00:00+00:00,73.909,73.967,73.478,73.579,946,17,0
2025-01-27 01:00:00+00:00,73.579,73.677,73.43,73.549,2207,17,0
2025-01-27 02:00:00+00:00,73.549,73.821,73.475,73.807,1254,17,0
2025-01-27 03:00:00+00:00,73.806,73.989,73.759,73.955,919,17,0
2025-01-27 04:00:00+00:00,73.956,73.97,73.824,73.841,439,17,0
2025-01-27 05:00:00+00:00,73.84,73.856,73.717,73.74,575,17,0
2025-01-27 06:00:00+00:00,73.741,73.961,73.693,73.93,1265,17,0
2025-01-27 07:00:00+00:00,73.928,74.071,73.848,73.908,1603,17,0
2025-01-27 08:00:00+00:00,73.911,74.319,73.911,74.279,2522,17,0
2025-01-27 09:00:00+00:00,74.279,74.624,74.078,74.467,2412,17,0
2025-01-27 10:00:00+00:00,74.465,74.858,74.434,74.439,2630,17,0
2025-01-27 11:00:00+00:00,74.435,74.478,73.989,74.0,2500,17,0
2025-01-27 12:00:00+00:00,74.008,74.073,73.753,73.847,2464,17,0
2025-01-27 13:00:00+00:00,73.852,74.162,73.769,74.133,2406,17,0
2025-01-27 14:00:00+00:00,74.129,74.252,73.906,74.193,3888,17,0
2025-01-27 15:00:00+00:00,74.19,74.301,73.194,73.284,4699,17,0
2025-01-27 16:00:00+00:00,73.278,73.306,72.422,72.467,4756,17,0
2025-01-27 17:00:00+00:00,72.465,72.681,72.17,72.368,3647,17,0
2025-01-27 18:00:00+00:00,72.374,72.781,72.374,72.733,2392,17,0
2025-01-27 19:00:00+00:00,72.731,73.035,72.709,72.76,2279,17,0
2025-01-27 20:00:00+00:00,72.766,72.955,72.746,72.837,1043,17,0
2025-01-27 21:00:00+00:00,72.836,72.88,72.779,72.853,468,17,0
2025-01-27 23:00:00+00:00,72.905,72.908,72.814,72.839,330,17,0
2025-01-28 00:00:00+00:00,72.841,72.894,72.826,72.839,326,17,0
2025-01-28 01:00:00+00:00,72.834,73.088,72.834,72.961,1204,17,0
2025-01-28 02:00:00+00:00,72.955,73.02,72.856,72.978,1021,17,0
2025-01-28 03:00:00+00:00,72.975,73.002,72.81,72.91,914,17,0
2025-01-28 04:00:00+00:00,72.912,73.264,72.912,73.093,1488,17,0
2025-01-28 05:00:00+00:00,73.094,73.282,73.063,73.221,846,17,0
2025-01-28 06:00:00+00:00,73.22,73.29,73.153,73.205,780,17,0
2025-01-28 07:00:00+00:00,73.208,73.572,73.173,73.549,1473,17,0
2025-01-28 08:00:00+00:00,73.543,73.574,73.157,73.368,1924,17,0
2025-01-28 09:00:00+00:00,73.368,73.474,73.093,73.143,2218,17,0
2025-01-28 10:00:00+00:00,73.141,73.412,73.021,73.35,2300,17,0
2025-01-28 11:00:00+00:00,73.352,73.451,73.182,73.384,1686,17,0
2025-01-28 12:00:00+00:00,73.387,73.512,73.314,73.379,1777,17,0
2025-01-28 13:00:00+00:00,73.374,73.875,73.298,73.549,2977,17,0
2025-01-28 14:00:00+00:00,73.559,73.98,72.954,73.167,4715,17,0
2025-01-28 15:00:00+00:00,73.161,73.344,72.824,72.951,3886,17,0
2025-01-28 16:00:00+00:00,72.952,73.088,72.648,72.789,3683,17,0
2025-01-28 17:00:00+00:00,72.78,73.139,72.75,72.821,2474,17,0
2025-01-28 18:00:00+00:00,72.824,73.535,72.721,73.515,2717,17,0
2025-01-28 19:00:00+00:00,73.522,73.678,73.322,73.504,3071,17,0
2025-01-28 20:00:00+00:00,73.499,73.637,73.452,73.586,1021,17,0
2025-01-28 21:00:00+00:00,73.59,73.68,73.443,73.588,707,17,0
2025-01-28 23:00:00+00:00,73.531,73.578,73.437,73.46,212,17,0
2025-01-29 00:00:00+00:00,73.459,73.539,73.443,73.53,239,17,0
2025-01-29 01:00:00+00:00,73.534,73.596,73.359,73.364,581,17,0
2025-01-29 02:00:00+00:00,73.363,73.431,73.296,73.298,581,17,0
2025-01-29 03:00:00+00:00,73.298,73.348,73.197,73.317,646,17,0
2025-01-29 04:00:00+00:00,73.318,73.347,73.256,73.283,370,17,0
2025-01-29 05:00:00+00:00,73.284,73.288,73.188,73.224,409,17,0
2025-01-29 06:00:00+00:00,73.227,73.449,73.226,73.334,734,17,0
2025-01-29 07:00:00+00:00,73.336,73.603,73.292,73.459,1167,17,0
2025-01-29 08:00:00+00:00,73.46,73.674,73.123,73.127,2383,17,0
2025-01-29 09:00:00+00:00,73.133,73.144,72.611,72.729,2786,17,0
2025-01-29 10:00:00+00:00,72.724,72.841,72.575,72.661,1833,17,0
2025-01-29 11:00:00+00:00,72.663,73.145,72.58,72.812,1991,17,0
2025-01-29 12:00:00+00:00,72.814,73.187,72.764,73.153,1962,17,0
2025-01-29 13:00:00+00:00,73.15,73.28,72.936,73.018,2312,17,0
2025-01-29 14:00:00+00:00,73.032,73.102,72.72,72.975,3554,17,0
2025-01-29 15:00:00+00:00,72.975,73.377,72.901,73.152,4361,17,0
2025-01-29 16:00:00+00:00,73.159,73.225,72.784,73.104,3959,17,0
2025-01-29 17:00:00+00:00,73.109,73.13,72.243,72.278,3162,17,0
2025-01-29 18:00:00+00:00,72.281,72.642,72.04,72.589,2796,17,0
2025-01-29 19:00:00+00:00,72.594,72.694,72.286,72.606,2987,17,0
2025-01-29 20:00:00+00:00,72.605,72.649,72.483,72.619,992,17,0
2025-01-29 21:00:00+00:00,72.623,72.73,72.574,72.696,419,17,0
2025-01-29 23:00:00+00:00,72.703,72.725,72.526,72.582,319,17,0
2025-01-30 00:00:00+00:00,72.578,72.594,72.515,72.529,237,17,0
2025-01-30 01:00:00+00:00,72.528,72.558,72.424,72.555,715,17,0
2025-01-30 02:00:00+00:00,72.553,72.553,72.278,72.316,719,17,0
2025-01-30 03:00:00+00:00,72.317,72.377,72.299,72.328,496,17,0
2025-01-30 04:00:00+00:00,72.327,72.355,72.194,72.194,517,17,0
2025-01-30 05:00:00+00:00,72.192,72.368,72.185,72.332,515,17,0
2025-01-30 06:00:00+00:00,72.332,72.409,72.32,72.342,509,17,0
2025-01-30 07:00:00+00:00,72.343,72.391,72.206,72.258,1169,17,0
2025-01-30 08:00:00+00:00,72.262,72.351,71.927,72.054,2241,17,0
2025-01-30 09:00:00+00:00,72.058,72.101,71.71,71.799,2155,17,0
2025-01-30 10:00:00+00:00,71.798,72.17,71.752,72.163,2066,17,0
2025-01-30 11:00:00+00:00,72.168,72.436,72.144,72.275,1946,17,0
2025-01-30 12:00:00+00:00,72.279,72.399,72.098,72.363,2061,17,0
2025-01-30 13:00:00+00:00,72.363,72.42,72.017,72.017,2326,17,0
2025-01-30 14:00:00+00:00,72.016,72.78,71.988,72.608,3602,17,0
2025-01-30 15:00:00+00:00,72.616,73.207,72.526,73.079,3625,17,0
2025-01-30 16:00:00+00:00,73.08,73.144,72.469,72.498,3578,17,0
2025-01-30 17:00:00+00:00,72.504,72.612,72.395,72.441,2370,17,0
2025-01-30 18:00:00+00:00,72.443,72.844,72.402,72.494,2346,17,0
2025-01-30 19:00:00+00:00,72.494,72.598,72.331,72.555,2166,17,0
2025-01-30 20:00:00+00:00,72.554,73.473,72.457,72.558,3997,17,0
2025-01-30 21:00:00+00:00,72.564,72.959,72.542,72.884,1536,17,0
2025-01-30 23:00:00+00:00,72.835,72.842,72.686,72.83,352,26,0
2025-01-31 00:00:00+00:00,72.831,72.878,72.797,72.815,358,17,0
2025-01-31 01:00:00+00:00,72.817,73.049,72.698,72.848,1180,17,0
2025-01-31 02:00:00+00:00,72.846,73.146,72.836,72.986,805,17,0
2025-01-31 03:00:00+00:00,72.983,73.099,72.952,73.09,538,17,0
2025-01-31 04:00:00+00:00,73.091,73.109,73.033,73.053,380,17,0
2025-01-31 05:00:00+00:00,73.055,73.1,72.974,72.985,428,17,0
2025-01-31 06:00:00+00:00,72.982,73.026,72.942,72.969,576,17,0
2025-01-31 07:00:00+00:00,72.973,72.993,72.598,72.622,1203,17,0
2025-01-31 08:00:00+00:00,72.615,72.75,72.479,72.693,2420,17,0
2025-01-31 09:00:00+00:00,72.689,72.698,72.219,72.326,2200,17,0
2025-01-31 10:00:00+00:00,72.32,72.433,72.118,72.275,2418,17,0
2025-01-31 11:00:00+00:00,72.274,72.3,72.056,72.265,1733,17,0
2025-01-31 12:00:00+00:00,72.27,72.567,72.223,72.557,2000,17,0
2025-01-31 13:00:00+00:00,72.558,72.781,72.49,72.547,1996,17,0
2025-01-31 14:00:00+00:00,72.554,72.726,71.696,71.72,4418,17,0
2025-01-31 15:00:00+00:00,71.725,72.511,71.654,72.237,4245,17,0
2025-01-31 16:00:00+00:00,72.232,72.669,72.222,72.528,3911,17,0
2025-01-31 17:00:00+00:00,72.533,72.613,71.736,71.901,4690,17,0
2025-01-31 18:00:00+00:00,71.901,72.984,71.857,72.817,5424,17,0
2025-01-31 19:00:00+00:00,72.81,72.831,72.022,72.075,3810,17,0
2025-01-31 20:00:00+00:00,72.073,72.959,72.034,72.783,2923,17,0
2025-01-31 21:00:00+00:00,72.778,73.356,72.713,73.33,2420,17,0
2025-02-02 23:00:00+00:00,73.761,73.818,73.306,73.479,2392,17,0
2025-02-03 00:00:00+00:00,73.478,73.559,73.06,73.185,2043,17,0
2025-02-03 01:00:00+00:00,73.181,73.387,73.137,73.199,1757,17,0
2025-02-03 02:00:00+00:00,73.194,73.225,72.972,73.004,1662,17,0
2025-02-03 03:00:00+00:00,73.003,73.383,72.996,73.284,1334,17,0
2025-02-03 04:00:00+00:00,73.282,73.423,73.222,73.389,985,17,0
2025-02-03 05:00:00+00:00,73.389,73.45,73.345,73.393,773,17,0
2025-02-03 06:00:00+00:00,73.389,73.509,73.333,73.364,1174,17,0
2025-02-03 07:00:00+00:00,73.361,73.731,73.32,73.513,2127,17,0
2025-02-03 08:00:00+00:00,73.51,73.893,73.434,73.473,3523,17,0
2025-02-03 09:00:00+00:00,73.478,73.595,73.191,73.581,3332,17,0
2025-02-03 10:00:00+00:00,73.584,73.924,73.37,73.597,3330,17,0
2025-02-03 11:00:00+00:00,73.599,74.055,73.575,74.036,2403,17,0
2025-02-03 12:00:00+00:00,74.034,74.047,73.85,73.925,2551,17,0
2025-02-03 13:00:00+00:00,73.929,74.01,73.389,74.003,4012,17,0
2025-02-03 14:00:00+00:00,74.008,74.234,72.552,72.682,7714,17,0
2025-02-03 15:00:00+00:00,72.672,72.844,71.724,72.066,9345,17,0
2025-02-03 16:00:00+00:00,72.058,72.632,72.016,72.127,6820,17,0
2025-02-03 17:00:00+00:00,72.132,72.53,72.059,72.15,4361,17,0
2025-02-03 18:00:00+00:00,72.156,72.547,72.108,72.53,3078,17,0
2025-02-03 19:00:00+00:00,72.534,72.751,72.47,72.685,3086,17,0
2025-02-03 20:00:00+00:00,72.685,72.743,72.404,72.473,1289,17,0
2025-02-03 21:00:00+00:00,72.474,72.518,71.904,71.934,2043,17,0
2025-02-03 23:00:00+00:00,72.018,72.128,71.992,72.08,346,26,0
2025-02-04 00:00:00+00:00,72.082,72.083,71.917,71.94,363,17,0
2025-02-04 01:00:00+00:00,71.941,72.057,71.832,71.932,1335,17,0
2025-02-04 02:00:00+00:00,71.933,71.989,71.841,71.964,764,17,0
2025-02-04 03:00:00+00:00,71.965,72.101,71.957,71.992,610,17,0
2025-02-04 04:00:00+00:00,71.996,72.022,71.854,71.855,433,17,0
2025-02-04 05:00:00+00:00,71.856,71.886,71.448,71.499,1948,17,0
2025-02-04 06:00:00+00:00,71.495,71.729,71.452,71.654,1260,17,0
2025-02-04 07:00:00+00:00,71.653,71.771,71.56,71.626,1464,17,0
2025-02-04 08:00:00+00:00,71.628,71.749,71.232,71.236,2833,17,0
2025-02-04 09:00:00+00:00,71.24,71.672,71.24,71.531,2725,17,0
2025-02-04 10:00:00+00:00,71.526,71.741,71.329,71.706,2730,17,0
2025-02-04 11:00:00+00:00,71.703,71.716,71.402,71.525,1919,17,0
2025-02-04 12:00:00+00:00,71.524,71.54,71.225,71.302,2051,17,0
2025-02-04 13:00:00+00:00,71.305,71.338,70.739,70.866,4071,17,0
2025-02-04 14:00:00+00:00,70.868,72.668,70.409,72.384,9227,17,0
2025-02-04 15:00:00+00:00,72.372,73.038,72.267,72.396,6525,17,0
2025-02-04 16:00:00+00:00,72.401,72.661,71.984,72.636,5063,17,0
2025-02-04 17:00:00+00:00,72.642,72.738,72.223,72.392,3038,17,0
2025-02-04 18:00:00+00:00,72.392,72.858,72.389,72.754,2560,17,0
2025-02-04 19:00:00+00:00,72.75,72.768,71.936,72.284,3902,17,0
2025-02-04 20:00:00+00:00,72.277,72.41,72.149,72.312,1909,17,0
2025-02-04 21:00:00+00:00,72.314,72.429,72.247,72.401,771,17,0
2025-02-04 23:00:00+00:00,72.47,72.47,72.301,72.318,217,17,0
2025-02-05 00:00:00+00:00,72.318,72.496,72.27,72.471,397,17,0
2025-02-05 01:00:00+00:00,72.468,72.675,72.319,72.399,3127,17,0
2025-02-05 02:00:00+00:00,72.394,72.407,72.161,72.165,1237,17,0
2025-02-05 03:00:00+00:00,72.166,72.235,72.088,72.209,692,17,0
2025-02-05 04:00:00+00:00,72.21,72.215,72.115,72.143,338,17,0
2025-02-05 05:00:00+00:00,72.144,72.411,72.12,72.359,665,17,0
2025-02-05 06:00:00+00:00,72.358,72.47,72.346,72.352,979,17,0
2025-02-05 07:00:00+00:00,72.349,72.349,72.097,72.271,1411,17,0
2025-02-05 08:00:00+00:00,72.275,72.357,71.968,71.974,2620,17,0
2025-02-05 09:00:00+00:00,71.981,72.148,71.791,72.001,2194,17,0
2025-02-05 10:00:00+00:00,71.998,72.009,71.67,71.86,2189,17,0
2025-02-05 11:00:00+00:00,71.867,71.962,71.548,71.617,2357,17,0
2025-02-05 12:00:00+00:00,71.612,71.764,71.456,71.518,1856,17,0
2025-02-05 13:00:00+00:00,71.523,71.85,71.49,71.702,2651,17,0
2025-02-05 14:00:00+00:00,71.7,71.842,71.321,71.743,3880,17,0
2025-02-05 15:00:00+00:00,71.754,71.754,71.177,71.372,4463,17,0
2025-02-05 16:00:00+00:00,71.368,71.397,70.795,70.923,4359,17,0
2025-02-05 17:00:00+00:00,70.925,71.14,70.86,71.06,2645,17,0
2025-02-05 18:00:00+00:00,71.063,71.085,70.83,70.886,2011,17,0
2025-02-05 19:00:00+00:00,70.885,70.992,70.772,70.947,1958,17,0
2025-02-05 20:00:00+00:00,70.948,71.053,70.931,70.997,754,17,0
2025-02-05 21:00:00+00:00,70.998,71.01,70.908,70.98,371,17,0
2025-02-05 23:00:00+00:00,70.898,71.003,70.888,70.992,181,26,0
2025-02-06 00:00:00+00:00,70.995,71.064,70.96,70.96,233,17,0
2025-02-06 01:00:00+00:00,70.954,71.023,70.921,70.994,1134,17,0
2025-02-06 02:00:00+00:00,70.991,71.084,70.935,71.073,865,17,0
2025-02-06 03:00:00+00:00,71.073,71.083,70.928,70.958,551,17,0
2025-02-06 04:00:00+00:00,70.959,70.988,70.907,70.933,261,17,0
2025-02-06 05:00:00+00:00,70.932,71.124,70.929,71.112,497,17,0
2025-02-06 06:00:00+00:00,71.111,71.162,71.041,71.054,736,17,0
2025-02-06 07:00:00+00:00,71.055,71.152,70.868,70.967,1128,17,0
2025-02-06 08:00:00+00:00,70.974,71.219,70.897,71.091,2162,17,0
2025-02-06 09:00:00+00:00,71.092,71.346,71.027,71.194,1794,17,0
2025-02-06 10:00:00+00:00,71.2,71.563,71.184,71.428,1863,17,0
2025-02-06 11:00:00+00:00,71.432,71.494,71.141,71.186,1989,17,0
2025-02-06 12:00:00+00:00,71.187,71.333,71.092,71.155,1646,17,0
2025-02-06 13:00:00+00:00,71.158,71.424,71.087,71.379,2292,17,0
2025-02-06 14:00:00+00:00,71.376,71.543,70.459,70.521,4664,17,0
2025-02-06 15:00:00+00:00,70.526,71.607,70.526,71.089,6842,17,0
2025-02-06 16:00:00+00:00,71.1,71.264,70.849,70.898,4216,17,0
2025-02-06 17:00:00+00:00,70.904,70.923,70.431,70.486,2800,17,0
2025-02-06 18:00:00+00:00,70.482,70.654,70.259,70.282,2046,17,0
2025-02-06 19:00:00+00:00,70.284,70.521,70.269,70.354,2172,17,0
2025-02-06 20:00:00+00:00,70.349,70.441,70.297,70.412,815,17,0
2025-02-06 21:00:00+00:00,70.411,70.413,70.296,70.356,455,17,0
2025-02-06 23:00:00+00:00,70.356,70.393,70.318,70.341,216,17,0
2025-02-07 00:00:00+00:00,70.331,70.409,70.324,70.408,242,17,0
2025-02-07 01:00:00+00:00,70.41,70.581,70.375,70.581,852,17,0
2025-02-07 02:00:00+00:00,70.586,70.757,70.574,70.731,888,17,0
2025-02-07 03:00:00+00:00,70.733,70.783,70.699,70.715,613,17,0
2025-02-07 04:00:00+00:00,70.715,70.717,70.604,70.681,458,17,0
2025-02-07 05:00:00+00:00,70.68,70.821,70.667,70.688,632,17,0
2025-02-07 06:00:00+00:00,70.685,70.866,70.675,70.844,791,17,0
2025-02-07 07:00:00+00:00,70.843,71.014,70.765,70.769,1223,17,0
2025-02-07 08:00:00+00:00,70.77,71.134,70.744,71.071,2237,17,0
2025-02-07 09:00:00+00:00,71.065,71.07,70.753,71.033,2020,17,0
2025-02-07 10:00:00+00:00,71.034,71.13,70.913,71.019,1826,17,0
2025-02-07 11:00:00+00:00,71.024,71.028,70.708,70.867,1575,17,0
2025-02-07 12:00:00+00:00,70.865,71.01,70.769,70.819,1515,17,0
2025-02-07 13:00:00+00:00,70.815,70.961,70.763,70.816,2626,17,0
2025-02-07 14:00:00+00:00,70.814,71.168,70.665,70.991,3528,17,0
2025-02-07 15:00:00+00:00,70.981,71.088,70.609,70.754,3432,17,0
2025-02-07 16:00:00+00:00,70.759,70.832,70.416,70.452,3736,17,0
2025-02-07 17:00:00+00:00,70.458,70.747,70.433,70.705,2705,17,0
2025-02-07 18:00:00+00:00,70.707,70.849,70.654,70.678,1889,17,0
2025-02-07 19:00:00+00:00,70.674,70.997,70.674,70.758,2016,17,0
2025-02-07 20:00:00+00:00,70.756,70.856,70.718,70.787,849,17,0
2025-02-07 21:00:00+00:00,70.783,70.834,70.748,70.791,359,17,0
2025-02-09 23:00:00+00:00,70.851,70.968,70.851,70.953,499,17,0
2025-02-10 00:00:00+00:00,70.951,71.12,70.948,71.104,432,17,0
2025-02-10 01:00:00+00:00,71.104,71.218,71.07,71.181,1449,17,0
2025-02-10 02:00:00+00:00,71.179,71.358,71.157,71.215,922,17,0
2025-02-10 03:00:00+00:00,71.217,71.259,71.114,71.194,683,17,0
2025-02-10 04:00:00+00:00,71.194,71.271,71.164,71.264,373,17,0
2025-02-10 05:00:00+00:00,71.265,71.369,71.24,71.248,602,17,0
2025-02-10 06:00:00+00:00,71.247,71.344,71.15,71.344,829,17,0
2025-02-10 07:00:00+00:00,71.338,71.38,71.178,71.198,1002,17,0
2025-02-10 08:00:00+00:00,71.187,71.369,71.082,71.291,1820,17,0
2025-02-10 09:00:00+00:00,71.3,71.557,71.216,71.49,1717,17,0
2025-02-10 10:00:00+00:00,71.488,71.703,71.365,71.698,1562,17,0
2025-02-10 11:00:00+00:00,71.699,71.851,71.566,71.705,1515,17,0
2025-02-10 12:00:00+00:00,71.703,71.776,71.635,71.738,1194,17,0
2025-02-10 13:00:00+00:00,71.741,71.846,71.569,71.579,2258,17,0
2025-02-10 14:00:00+00:00,71.575,71.817,71.549,71.754,3322,17,0
2025-02-10 15:00:00+00:00,71.75,71.954,71.432,71.814,3062,17,0
2025-02-10 16:00:00+00:00,71.819,72.243,71.707,72.074,2930,17,0
2025-02-10 17:00:00+00:00,72.071,72.253,72.033,72.119,2019,17,0
2025-02-10 18:00:00+00:00,72.112,72.136,71.912,71.926,1501,17,0
2025-02-10 19:00:00+00:00,71.925,72.227,71.885,72.197,1714,17,0
2025-02-10 20:00:00+00:00,72.194,72.212,72.122,72.178,623,17,0
2025-02-10 21:00:00+00:00,72.177,72.223,72.166,72.222,250,17,0
2025-02-10 23:00:00+00:00,72.152,72.208,72.128,72.149,244,17,0
2025-02-11 00:00:00+00:00,72.145,72.15,72.08,72.097,201,17,0
2025-02-11 01:00:00+00:00,72.094,72.158,72.051,72.086,982,17,0
2025-02-11 02:00:00+00:00,72.084,72.338,72.027,72.165,1090,17,0
2025-02-11 03:00:00+00:00,72.161,72.233,72.105,72.215,615,17,0
2025-02-11 04:00:00+00:00,72.215,72.308,72.202,72.211,390,17,0
2025-02-11 05:00:00+00:00,72.213,72.396,72.213,72.356,586,17,0
2025-02-11 06:00:00+00:00,72.354,72.491,72.343,72.411,726,17,0
2025-02-11 07:00:00+00:00,72.405,72.672,72.359,72.618,1190,17,0
2025-02-11 08:00:00+00:00,72.614,72.823,72.562,72.741,2134,17,0
2025-02-11 09:00:00+00:00,72.754,72.947,72.686,72.93,1965,17,0
2025-02-11 10:00:00+00:00,72.935,73.056,72.85,72.962,1698,17,0
2025-02-11 11:00:00+00:00,72.956,72.956,72.783,72.911,1515,17,0
2025-02-11 12:00:00+00:00,72.917,73.137,72.916,73.09,1804,17,0
2025-02-11 13:00:00+00:00,73.092,73.365,73.054,73.076,2668,17,0
2025-02-11 14:00:00+00:00,73.081,73.244,72.829,73.057,3643,17,0
2025-02-11 15:00:00+00:00,73.041,73.041,72.582,72.775,3911,17,0
2025-02-11 16:00:00+00:00,72.774,73.047,72.736,73.024,3070,17,0
2025-02-11 17:00:00+00:00,73.025,73.111,72.92,72.999,2058,17,0
2025-02-11 18:00:00+00:00,73.001,73.178,72.941,73.097,1824,17,0
2025-02-11 19:00:00+00:00,73.1,73.175,73.037,73.165,1849,17,0
2025-02-11 20:00:00+00:00,73.161,73.178,73.011,73.013,716,17,0
2025-02-11 21:00:00+00:00,73.009,73.024,72.924,72.992,561,17,0
2025-02-11 23:00:00+00:00,72.94,72.963,72.91,72.932,105,26,0
2025-02-12 00:00:00+00:00,72.928,73.01,72.879,72.899,231,17,0
2025-02-12 01:00:00+00:00,72.9,72.941,72.724,72.818,954,17,0
2025-02-12 02:00:00+00:00,72.818,72.933,72.796,72.864,830,17,0
2025-02-12 03:00:00+00:00,72.864,72.928,72.803,72.806,763,17,0
2025-02-12 04:00:00+00:00,72.804,72.881,72.781,72.786,365,17,0
2025-02-12 05:00:00+00:00,72.785,72.813,72.751,72.77,541,17,0
2025-02-12 06:00:00+00:00,72.771,72.875,72.756,72.846,776,17,0
2025-02-12 07:00:00+00:00,72.847,72.987,72.541,72.652,1367,17,0
2025-02-12 08:00:00+00:00,72.646,72.691,72.294,72.353,2294,17,0
2025-02-12 09:00:00+00:00,72.352,72.476,72.234,72.339,1750,17,0
2025-02-12 10:00:00+00:00,72.342,72.405,72.101,72.144,1952,17,0
2025-02-12 11:00:00+00:00,72.136,72.413,72.096,72.351,1514,17,0
2025-02-12 12:00:00+00:00,72.351,72.434,72.22,72.366,1512,17,0
2025-02-12 13:00:00+00:00,72.372,72.48,72.236,72.379,2861,17,0
2025-02-12 14:00:00+00:00,72.384,72.384,71.884,72.087,4267,17,0
2025-02-12 15:00:00+00:00,72.086,72.181,71.824,71.837,4021,17,0
2025-02-12 16:00:00+00:00,71.833,72.114,71.732,71.854,4335,17,0
2025-02-12 17:00:00+00:00,71.848,71.903,71.382,71.546,3879,17,0
2025-02-12 18:00:00+00:00,71.543,71.553,71.249,71.283,2183,17,0
2025-02-12 19:00:00+00:00,71.277,71.357,71.166,71.26,1788,17,0
2025-02-12 20:00:00+00:00,71.263,71.268,71.138,71.148,748,17,0
2025-02-12 21:00:00+00:00,71.153,71.451,71.033,71.136,1061,17,0
2025-02-12 23:00:00+00:00,71.145,71.167,71.08,71.088,221,17,0
2025-02-13 00:00:00+00:00,71.085,71.163,71.062,71.159,257,17,0
2025-02-13 01:00:00+00:00,71.155,71.163,70.666,70.703,1511,17,0
2025-02-13 02:00:00+00:00,70.704,70.744,70.575,70.598,903,17,0
2025-02-13 03:00:00+00:00,70.597,70.606,70.515,70.571,776,17,0
2025-02-13 04:00:00+00:00,70.575,70.583,70.482,70.531,350,17,0
2025-02-13 05:00:00+00:00,70.533,70.61,70.511,70.564,679,17,0
2025-02-13 06:00:00+00:00,70.56,70.706,70.528,70.528,1238,17,0
2025-02-13 07:00:00+00:00,70.527,70.73,70.424,70.641,1592,17,0
2025-02-13 08:00:00+00:00,70.64,70.871,70.526,70.78,2331,17,0
2025-02-13 09:00:00+00:00,70.782,70.929,70.314,70.316,2390,17,0
2025-02-13 10:00:00+00:00,70.319,70.383,70.152,70.196,1940,17,0
2025-02-13 11:00:00+00:00,70.193,70.543,70.166,70.499,1984,17,0
2025-02-13 12:00:00+00:00,70.497,70.587,70.226,70.281,1693,17,0
2025-02-13 13:00:00+00:00,70.289,70.512,70.226,70.358,2155,17,0
2025-02-13 14:00:00+00:00,70.354,70.987,70.276,70.963,3289,17,0
2025-02-13 15:00:00+00:00,70.957,71.131,70.778,70.892,3550,17,0
2025-02-13 16:00:00+00:00,70.896,71.287,70.822,71.146,2823,17,0
2025-02-13 17:00:00+00:00,71.144,71.266,71.039,71.043,2076,17,0
2025-02-13 18:00:00+00:00,71.042,71.299,71.016,71.096,2010,17,0
2025-02-13 19:00:00+00:00,71.092,71.221,71.034,71.199,1898,17,0
2025-02-13 20:00:00+00:00,71.198,71.299,71.181,71.251,612,17,0
2025-02-13 21:00:00+00:00,71.257,71.331,71.211,71.284,340,17,0
2025-02-13 23:00:00+00:00,71.301,71.344,71.251,71.278,180,26,0
2025-02-14 00:00:00+00:00,71.277,71.277,71.161,71.161,200,17,0
2025-02-14 01:00:00+00:00,71.158,71.407,71.138,71.282,1033,17,0
2025-02-14 02:00:00+00:00,71.279,71.358,71.219,71.256,755,17,0
2025-02-14 03:00:00+00:00,71.258,71.316,71.21,71.229,510,17,0
2025-02-14 04:00:00+00:00,71.226,71.322,71.177,71.31,302,17,0
2025-02-14 05:00:00+00:00,71.314,71.345,71.201,71.264,569,17,0
2025-02-14 06:00:00+00:00,71.263,71.308,71.181,71.305,772,17,0
2025-02-14 07:00:00+00:00,71.307,71.563,71.303,71.519,1060,17,0
2025-02-14 08:00:00+00:00,71.514,71.613,71.357,71.453,1717,17,0
2025-02-14 09:00:00+00:00,71.451,71.563,71.255,71.343,1727,17,0
2025-02-14 10:00:00+00:00,71.341,71.513,71.248,71.326,1516,17,0
2025-02-14 11:00:00+00:00,71.323,71.723,71.076,71.641,2005,17,0
2025-02-14 12:00:00+00:00,71.643,71.86,71.451,71.756,2423,17,0
2025-02-14 13:00:00+00:00,71.758,71.877,71.277,71.326,2420,17,0
2025-02-14 14:00:00+00:00,71.333,71.543,71.253,71.503,3546,17,0
2025-02-14 15:00:00+00:00,71.513,71.518,70.796,71.007,3532,17,0
2025-02-14 16:00:00+00:00,71.014,71.059,70.581,70.881,3081,17,0
2025-02-14 17:00:00+00:00,70.884,70.946,70.705,70.746,2115,17,0
2025-02-14 18:00:00+00:00,70.747,70.799,70.508,70.69,1648,17,0
2025-02-14 19:00:00+00:00,70.688,70.885,70.613,70.654,2051,17,0
2025-02-14 20:00:00+00:00,70.651,70.713,70.565,70.688,971,17,0
2025-02-14 21:00:00+00:00,70.684,70.719,70.592,70.62,445,17,0
2025-02-16 23:00:00+00:00,70.362,70.447,70.126,70.284,614,26,0
2025-02-17 00:00:00+00:00,70.291,70.428,70.253,70.37,718,17,0
2025-02-17 01:00:00+00:00,70.372,70.604,70.316,70.516,1304,17,0
2025-02-17 02:00:00+00:00,70.52,70.749,70.474,70.642,937,17,0
2025-02-17 03:00:00+00:00,70.646,70.812,70.633,70.729,751,17,0
2025-02-17 04:00:00+00:00,70.73,70.75,70.682,70.739,383,17,0
2025-02-17 05:00:00+00:00,70.736,70.848,70.698,70.753,794,17,0
2025-02-17 06:00:00+00:00,70.755,70.878,70.751,70.801,901,17,0
2025-02-17 07:00:00+00:00,70.797,70.807,70.517,70.688,1127,17,0
2025-02-17 08:00:00+00:00,70.685,71.114,70.685,70.944,2087,17,0
2025-02-17 09:00:00+00:00,70.953,71.045,70.78,70.872,1755,17,0
2025-02-17 10:00:00+00:00,70.868,71.187,70.718,70.937,2510,17,0
2025-02-17 11:00:00+00:00,70.939,70.954,70.545,70.635,1899,17,0
2025-02-17 12:00:00+00:00,70.631,70.705,70.492,70.685,1295,17,0
2025-02-17 13:00:00+00:00,70.682,70.904,70.595,70.812,1700,17,0
2025-02-17 14:00:00+00:00,70.812,70.923,70.765,70.874,1577,17,0
2025-02-17 15:00:00+00:00,70.868,71.024,70.69,70.74,1493,17,0
2025-02-17 16:00:00+00:00,70.732,71.142,70.697,71.121,1910,17,0
2025-02-17 17:00:00+00:00,71.122,71.274,71.089,71.269,1235,17,0
2025-02-17 18:00:00+00:00,71.264,71.338,71.199,71.281,728,17,0
2025-02-17 19:00:00+00:00,71.276,71.301,71.252,71.296,127,17,0
2025-02-17 23:00:00+00:00,71.183,71.232,71.163,71.217,184,17,0
2025-02-18 00:00:00+00:00,71.212,71.349,71.207,71.267,246,17,0
2025-02-18 01:00:00+00:00,71.27,71.313,71.126,71.128,894,17,0
2025-02-18 02:00:00+00:00,71.127,71.297,71.079,71.238,889,17,0
2025-02-18 03:00:00+00:00,71.239,71.495,71.226,71.388,794,17,0
2025-02-18 04:00:00+00:00,71.386,71.42,71.288,71.419,390,17,0
2025-02-18 05:00:00+00:00,71.421,71.47,71.374,71.406,679,17,0
2025-02-18 06:00:00+00:00,71.405,71.477,71.358,71.447,860,17,0
2025-02-18 07:00:00+00:00,71.45,71.568,71.286,71.406,1049,17,0
2025-02-18 08:00:00+00:00,71.402,71.613,71.276,71.599,2022,17,0
2025-02-18 09:00:00+00:00,71.599,71.894,71.564,71.605,1766,17,0
2025-02-18 10:00:00+00:00,71.6,72.009,71.506,71.825,2306,17,0
2025-02-18 11:00:00+00:00,71.829,71.829,71.226,71.258,1776,17,0
2025-02-18 12:00:00+00:00,71.263,71.337,71.059,71.117,2356,17,0
2025-02-18 13:00:00+00:00,71.12,71.28,70.872,70.994,2884,17,0
2025-02-18 14:00:00+00:00,70.988,71.55,70.959,71.404,3867,17,0
2025-02-18 15:00:00+00:00,71.403,71.669,71.188,71.408,3262,17,0
2025-02-18 16:00:00+00:00,71.414,71.712,71.412,71.619,3022,17,0
2025-02-18 17:00:00+00:00,71.62,71.744,71.414,71.453,2113,17,0
2025-02-18 18:00:00+00:00,71.441,71.852,71.304,71.79,2041,17,0
2025-02-18 19:00:00+00:00,71.786,71.842,71.678,71.778,1772,17,0
2025-02-18 20:00:00+00:00,71.773,71.796,71.719,71.728,582,17,0
2025-02-18 21:00:00+00:00,71.733,71.796,71.706,71.763,378,17,0
2025-02-18 23:00:00+00:00,71.705,71.723,71.679,71.697,190,17,0
2025-02-19 00:00:00+00:00,71.698,71.789,71.67,71.768,187,17,0
2025-02-19 01:00:00+00:00,71.772,72.03,71.744,71.948,1200,17,0
2025-02-19 02:00:00+00:00,71.949,71.993,71.835,71.874,934,17,0
2025-02-19 03:00:00+00:00,71.876,71.876,71.787,71.824,581,17,0
2025-02-19 04:00:00+00:00,71.824,71.956,71.779,71.926,352,17,0
2025-02-19 05:00:00+00:00,71.927,72.04,71.905,72.035,521,17,0
2025-02-19 06:00:00+00:00,72.036,72.097,71.984,72.096,656,17,0
2025-02-19 07:00:00+00:00,72.098,72.272,72.084,72.228,1005,17,0
2025-02-19 08:00:00+00:00,72.223,72.412,72.146,72.389,1540,17,0
2025-02-19 09:00:00+00:00,72.388,72.423,72.27,72.374,1321,17,0
2025-02-19 10:00:00+00:00,72.373,72.513,72.144,72.255,1642,17,0
2025-02-19 11:00:00+00:00,72.254,72.502,72.197,72.443,1367,17,0
2025-02-19 12:00:00+00:00,72.44,72.482,72.318,72.337,1387,17,0
2025-02-19 13:00:00+00:00,72.334,72.568,72.314,72.443,2081,17,0
2025-02-19 14:00:00+00:00,72.442,72.863,72.411,72.783,2688,17,0
2025-02-19 15:00:00+00:00,72.778,72.795,72.166,72.197,2935,17,0
2025-02-19 16:00:00+00:00,72.2,72.583,72.2,72.29,2919,17,0
2025-02-19 17:00:00+00:00,72.285,72.396,72.208,72.251,1833,17,0
2025-02-19 18:00:00+00:00,72.254,72.295,71.944,71.99,1773,17,0
2025-02-19 19:00:00+00:00,71.993,72.149,71.957,72.062,1654,17,0
2025-02-19 20:00:00+00:00,72.059,72.179,72.053,72.152,626,17,0
2025-02-19 21:00:00+00:00,72.153,72.204,72.007,72.108,468,17,0
2025-02-19 23:00:00+00:00,71.965,72.074,71.956,72.074,238,17,0
2025-02-20 00:00:00+00:00,72.074,72.098,72.008,72.079,231,17,0
2025-02-20 01:00:00+00:00,72.084,72.12,71.742,71.798,1045,17,0
2025-02-20 02:00:00+00:00,71.797,71.846,71.751,71.813,797,17,0
2025-02-20 03:00:00+00:00,71.814,71.82,71.737,71.773,503,17,0
2025-02-20 04:00:00+00:00,71.774,71.786,71.69,71.71,330,17,0
2025-02-20 05:00:00+00:00,71.711,71.858,71.699,71.85,464,17,0
2025-02-20 06:00:00+00:00,71.85,72.034,71.842,71.959,808,17,0
2025-02-20 07:00:00+00:00,71.959,72.292,71.935,72.277,1093,17,0
2025-02-20 08:00:00+00:00,72.273,72.296,71.769,71.91,2038,17,0
2025-02-20 09:00:00+00:00,71.922,72.16,71.795,72.149,1668,17,0
2025-02-20 10:00:00+00:00,72.149,72.293,72.005,72.251,1677,17,0
2025-02-20 11:00:00+00:00,72.249,72.343,72.17,72.279,1311,17,0
2025-02-20 12:00:00+00:00,72.272,72.466,72.177,72.456,1550,17,0
2025-02-20 13:00:00+00:00,72.454,72.513,72.211,72.461,1908,17,0
2025-02-20 14:00:00+00:00,72.455,72.637,72.331,72.435,2753,17,0
2025-02-20 15:00:00+00:00,72.434,72.635,72.296,72.469,2892,17,0
2025-02-20 16:00:00+00:00,72.458,72.874,72.44,72.672,2499,17,0
2025-02-20 17:00:00+00:00,72.67,73.095,72.605,72.758,2705,17,0
2025-02-20 18:00:00+00:00,72.76,73.026,72.67,72.879,1873,17,0
2025-02-20 19:00:00+00:00,72.871,72.871,72.322,72.468,2503,17,0
2025-02-20 20:00:00+00:00,72.467,72.479,72.386,72.429,637,17,0
2025-02-20 21:00:00+00:00,72.427,72.5,72.422,72.44,277,17,0
2025-02-20 23:00:00+00:00,72.563,72.711,72.553,72.637,276,17,0
2025-02-21 00:00:00+00:00,72.643,72.689,72.595,72.625,204,17,0
2025-02-21 01:00:00+00:00,72.624,72.703,72.357,72.371,1094,17,0
2025-02-21 02:00:00+00:00,72.37,72.44,72.316,72.408,896,17,0
2025-02-21 03:00:00+00:00,72.407,72.45,72.337,72.411,573,17,0
2025-02-21 04:00:00+00:00,72.416,72.462,72.366,72.368,276,17,0
2025-02-21 05:00:00+00:00,72.368,72.392,72.249,72.268,577,17,0
2025-02-21 06:00:00+00:00,72.268,72.33,72.204,72.224,796,17,0
2025-02-21 07:00:00+00:00,72.225,72.272,72.109,72.157,678,17,0
2025-02-21 08:00:00+00:00,72.159,72.188,71.837,71.884,1878,17,0
2025-02-21 09:00:00+00:00,71.885,72.123,71.863,72.037,1577,17,0
2025-02-21 10:00:00+00:00,72.034,72.054,71.579,71.65,1666,17,0
2025-02-21 11:00:00+00:00,71.654,71.838,71.64,71.707,1517,17,0
2025-02-21 12:00:00+00:00,71.704,71.95,71.704,71.836,1379,17,0
2025-02-21 13:00:00+00:00,71.841,72.188,71.765,72.03,2083,17,0
2025-02-21 14:00:00+00:00,72.025,72.025,71.241,71.301,4876,17,0
2025-02-21 15:00:00+00:00,71.296,71.36,70.87,70.931,3491,17,0
2025-02-21 16:00:00+00:00,70.93,71.093,70.794,70.922,2490,17,0
2025-02-21 17:00:00+00:00,70.933,71.007,70.781,70.863,1797,17,0
2025-02-21 18:00:00+00:00,70.856,70.896,70.46,70.462,1836,17,0
2025-02-21 19:00:00+00:00,70.455,70.528,70.239,70.302,1991,17,0
2025-02-21 20:00:00+00:00,70.297,70.322,70.156,70.167,948,17,0
2025-02-21 21:00:00+00:00,70.171,70.231,70.134,70.187,489,17,0
2025-02-23 23:00:00+00:00,70.261,70.419,70.234,70.331,639,17,0
2025-02-24 00:00:00+00:00,70.332,70.401,70.266,70.33,518,17,0
2025-02-24 01:00:00+00:00,70.331,70.331,70.052,70.247,1532,17,0
2025-02-24 02:00:00+00:00,70.239,70.438,70.102,70.285,1091,17,0
2025-02-24 03:00:00+00:00,70.284,70.33,70.197,70.198,625,17,0
2025-02-24 04:00:00+00:00,70.195,70.208,70.104,70.109,397,17,0
2025-02-24 05:00:00+00:00,70.109,70.216,70.088,70.187,576,17,0
2025-02-24 06:00:00+00:00,70.186,70.282,70.158,70.257,790,17,0
2025-02-24 07:00:00+00:00,70.253,70.328,70.015,70.166,1200,17,0
2025-02-24 08:00:00+00:00,70.169,70.344,69.962,70.294,2188,17,0
2025-02-24 09:00:00+00:00,70.288,70.38,70.166,70.215,1457,17,0
2025-02-24 10:00:00+00:00,70.213,70.609,70.207,70.369,1811,17,0
2025-02-24 11:00:00+00:00,70.368,70.532,70.329,70.456,1326,17,0
2025-02-24 12:00:00+00:00,70.451,70.478,70.232,70.275,1416,17,0
2025-02-24 13:00:00+00:00,70.277,70.371,70.137,70.186,1998,17,0
2025-02-24 14:00:00+00:00,70.179,70.524,70.145,70.285,3256,17,0
2025-02-24 15:00:00+00:00,70.288,70.787,70.234,70.408,4031,17,0
2025-02-24 16:00:00+00:00,70.411,70.797,70.333,70.648,2779,17,0
2025-02-24 17:00:00+00:00,70.648,70.782,70.557,70.602,1954,17,0
2025-02-24 18:00:00+00:00,70.6,70.796,70.585,70.661,1393,17,0
2025-02-24 19:00:00+00:00,70.656,70.687,70.483,70.615,1625,17,0
2025-02-24 20:00:00+00:00,70.613,70.845,70.524,70.707,1072,17,0
2025-02-24 21:00:00+00:00,70.705,70.817,70.705,70.767,441,17,0
2025-02-24 23:00:00+00:00,70.856,70.864,70.742,70.748,178,17,0
2025-02-25 00:00:00+00:00,70.749,70.824,70.625,70.646,316,17,0
2025-02-25 01:00:00+00:00,70.645,70.969,70.626,70.945,1097,17,0
2025-02-25 02:00:00+00:00,70.942,71.159,70.938,71.0,866,17,0
2025-02-25 03:00:00+00:00,71.003,71.078,70.976,71.048,599,17,0
2025-02-25 04:00:00+00:00,71.052,71.147,71.047,71.075,368,17,0
2025-02-25 05:00:00+00:00,71.076,71.124,71.008,71.06,482,17,0
2025-02-25 06:00:00+00:00,71.061,71.069,70.945,71.005,669,17,0
2025-02-25 07:00:00+00:00,71.008,71.008,70.703,70.713,996,17,0
2025-02-25 08:00:00+00:00,70.717,70.973,70.65,70.654,1614,17,0
2025-02-25 09:00:00+00:00,70.663,70.82,70.564,70.564,1423,17,0
2025-02-25 10:00:00+00:00,70.569,70.789,70.53,70.556,1361,17,0
2025-02-25 11:00:00+00:00,70.557,70.647,70.402,70.408,1094,17,0
2025-02-25 12:00:00+00:00,70.413,70.472,70.031,70.057,1608,17,0
2025-02-25 13:00:00+00:00,70.057,70.268,70.004,70.056,2329,17,0
2025-02-25 14:00:00+00:00,70.061,70.359,70.041,70.068,2729,17,0
2025-02-25 15:00:00+00:00,70.062,70.075,68.797,68.798,5431,17,0
2025-02-25 16:00:00+00:00,68.796,68.961,68.6,68.803,3700,17,0
2025-02-25 17:00:00+00:00,68.806,68.854,68.609,68.755,2295,17,0
2025-02-25 18:00:00+00:00,68.754,68.886,68.677,68.834,2133,17,0
2025-02-25 19:00:00+00:00,68.835,69.015,68.693,68.941,1862,17,0
2025-02-25 20:00:00+00:00,68.943,69.075,68.912,69.007,786,17,0
2025-02-25 21:00:00+00:00,69.005,69.113,68.761,69.008,881,17,0
2025-02-25 23:00:00+00:00,69.008,69.024,68.964,69.005,221,17,0
2025-02-26 00:00:00+00:00,69.008,69.079,68.983,68.99,287,17,0
2025-02-26 01:00:00+00:00,68.988,69.149,68.951,69.067,950,17,0
2025-02-26 02:00:00+00:00,69.065,69.09,68.914,68.998,751,17,0
2025-02-26 03:00:00+00:00,68.997,69.036,68.886,68.967,586,17,0
2025-02-26 04:00:00+00:00,68.967,69.065,68.944,69.022,302,17,0
2025-02-26 05:00:00+00:00,69.022,69.097,68.99,68.995,507,17,0
2025-02-26 06:00:00+00:00,68.998,69.06,68.929,69.045,742,17,0
2025-02-26 07:00:00+00:00,69.04,69.15,68.97,69.11,1013,17,0
2025-02-26 08:00:00+00:00,69.117,69.142,68.763,68.829,2081,17,0
2025-02-26 09:00:00+00:00,68.827,69.189,68.801,68.889,1901,17,0
2025-02-26 10:00:00+00:00,68.895,68.94,68.747,68.917,1917,17,0
2025-02-26 11:00:00+00:00,68.918,68.988,68.718,68.782,1725,17,0
2025-02-26 12:00:00+00:00,68.776,68.822,68.572,68.657,1890,17,0
2025-02-26 13:00:00+00:00,68.658,68.899,68.616,68.677,2376,17,0
2025-02-26 14:00:00+00:00,68.681,69.072,68.63,68.826,3831,17,0
2025-02-26 15:00:00+00:00,68.828,69.03,68.407,68.601,3869,17,0
2025-02-26 16:00:00+00:00,68.601,69.061,68.593,68.644,3834,17,0
2025-02-26 17:00:00+00:00,68.644,68.81,68.275,68.664,3150,17,0
2025-02-26 18:00:00+00:00,68.66,68.679,68.367,68.38,2018,17,0
2025-02-26 19:00:00+00:00,68.382,68.792,68.349,68.733,2510,17,0
2025-02-26 20:00:00+00:00,68.734,68.8,68.592,68.661,951,17,0
2025-02-26 21:00:00+00:00,68.664,68.706,68.624,68.67,456,17,0
2025-02-26 23:00:00+00:00,68.641,68.707,68.602,68.687,178,17,0
2025-02-27 00:00:00+00:00,68.685,68.72,68.587,68.608,279,17,0
2025-02-27 01:00:00+00:00,68.605,68.74,68.557,68.675,1014,17,0
2025-02-27 02:00:00+00:00,68.674,68.767,68.673,68.698,592,17,0
2025-02-27 03:00:00+00:00,68.699,68.729,68.63,68.651,348,17,0
2025-02-27 04:00:00+00:00,68.648,68.651,68.582,68.638,206,17,0
2025-02-27 05:00:00+00:00,68.638,68.683,68.572,68.649,432,17,0
2025-02-27 06:00:00+00:00,68.65,68.722,68.62,68.631,595,17,0
2025-02-27 07:00:00+00:00,68.635,68.809,68.486,68.751,1076,17,0
2025-02-27 08:00:00+00:00,68.749,68.909,68.682,68.866,1522,17,0
2025-02-27 09:00:00+00:00,68.878,69.181,68.814,69.173,1454,17,0
2025-02-27 10:00:00+00:00,69.172,69.201,69.058,69.168,1286,17,0
2025-02-27 11:00:00+00:00,69.168,69.27,69.116,69.124,1277,17,0
2025-02-27 12:00:00+00:00,69.121,69.344,69.062,69.179,1391,17,0
2025-02-27 13:00:00+00:00,69.177,69.752,69.119,69.268,3207,17,0
2025-02-27 14:00:00+00:00,69.262,69.825,69.198,69.463,3758,17,0
2025-02-27 15:00:00+00:00,69.471,70.042,69.413,69.901,3094,17,0
2025-02-27 16:00:00+00:00,69.901,69.965,69.698,69.857,2474,17,0
2025-02-27 17:00:00+00:00,69.859,70.368,69.833,69.98,2484,17,0
2025-02-27 18:00:00+00:00,69.985,70.289,69.899,70.172,2085,17,0
2025-02-27 19:00:00+00:00,70.173,70.288,70.09,70.152,2065,17,0
2025-02-27 20:00:00+00:00,70.151,70.151,69.968,69.976,1016,17,0
2025-02-27 21:00:00+00:00,69.977,69.996,69.918,69.942,429,17,0
2025-02-27 23:00:00+00:00,69.953,69.989,69.899,69.989,179,17,0
2025-02-28 00:00:00+00:00,69.992,69.996,69.888,69.888,250,17,0
2025-02-28 01:00:00+00:00,69.895,69.965,69.82,69.821,1064,17,0
2025-02-28 02:00:00+00:00,69.823,69.969,69.782,69.924,975,17,0
2025-02-28 03:00:00+00:00,69.925,69.951,69.809,69.821,759,17,0
2025-02-28 04:00:00+00:00,69.82,69.863,69.756,69.832,457,17,0
2025-02-28 05:00:00+00:00,69.83,69.868,69.7,69.794,693,17,0
2025-02-28 06:00:00+00:00,69.793,69.812,69.619,69.641,922,17,0
2025-02-28 07:00:00+00:00,69.641,69.641,69.466,69.551,1265,17,0
2025-02-28 08:00:00+00:00,69.549,69.576,69.301,69.355,1867,17,0
2025-02-28 09:00:00+00:00,69.354,69.578,69.342,69.45,1781,17,0
2025-02-28 10:00:00+00:00,69.439,69.481,69.193,69.231,1820,17,0
2025-02-28 11:00:00+00:00,69.228,69.357,69.123,69.293,1584,17,0
2025-02-28 12:00:00+00:00,69.29,69.393,69.126,69.195,1580,17,0
2025-02-28 13:00:00+00:00,69.192,69.467,69.184,69.338,2169,17,0
2025-02-28 14:00:00+00:00,69.344,69.45,69.029,69.072,3483,17,0
2025-02-28 15:00:00+00:00,69.07,69.708,68.975,69.654,3341,17,0
2025-02-28 16:00:00+00:00,69.653,69.738,69.32,69.534,2978,17,0
2025-02-28 17:00:00+00:00,69.531,69.808,69.464,69.702,2335,17,0
2025-02-28 18:00:00+00:00,69.698,70.067,69.454,69.84,3062,17,0
2025-02-28 19:00:00+00:00,69.842,69.89,69.426,69.583,2757,17,0
2025-02-28 20:00:00+00:00,69.582,69.895,69.57,69.861,983,17,0
2025-02-28 21:00:00+00:00,69.87,69.897,69.767,69.768,539,17,0
2025-03-02 23:00:00+00:00,69.907,70.025,69.907,69.976,484,17,0
2025-03-03 00:00:00+00:00,69.972,70.126,69.961,70.091,510,17,0
2025-03-03 01:00:00+00:00,70.088,70.311,70.062,70.26,1067,17,0
2025-03-03 02:00:00+00:00,70.261,70.378,70.062,70.077,927,17,0
2025-03-03 03:00:00+00:00,70.078,70.108,69.832,69.979,848,17,0
2025-03-03 04:00:00+00:00,69.983,69.983,69.858,69.933,436,17,0
2025-03-03 05:00:00+00:00,69.931,69.931,69.711,69.799,676,17,0
2025-03-03 06:00:00+00:00,69.799,69.8,69.63,69.697,974,17,0
2025-03-03 07:00:00+00:00,69.696,69.78,69.584,69.621,1248,17,0
2025-03-03 08:00:00+00:00,69.628,69.762,69.163,69.186,2243,17,0
2025-03-03 09:00:00+00:00,69.194,69.302,69.079,69.105,1978,17,0
2025-03-03 10:00:00+00:00,69.104,69.581,69.088,69.522,1881,17,0
2025-03-03 11:00:00+00:00,69.521,69.722,69.466,69.678,1381,17,0
2025-03-03 12:00:00+00:00,69.675,69.956,69.572,69.956,1724,17,0
2025-03-03 13:00:00+00:00,69.962,70.1,69.77,69.888,2516,17,0
2025-03-03 14:00:00+00:00,69.884,70.14,69.492,69.561,3794,17,0
2025-03-03 15:00:00+00:00,69.565,69.565,68.954,69.311,4764,17,0
2025-03-03 16:00:00+00:00,69.306,69.488,69.056,69.294,3909,17,0
2025-03-03 17:00:00+00:00,69.289,69.533,69.228,69.296,2475,17,0
2025-03-03 18:00:00+00:00,69.291,69.301,67.735,68.098,6922,17,0
2025-03-03 19:00:00+00:00,68.102,68.276,67.829,68.077,4210,17,0
2025-03-03 20:00:00+00:00,68.072,68.182,67.891,68.102,2361,17,0
2025-03-03 21:00:00+00:00,68.101,68.271,68.061,68.239,751,17,0
2025-03-03 23:00:00+00:00,68.164,68.212,68.067,68.077,262,17,0
2025-03-04 00:00:00+00:00,68.078,68.115,68.007,68.074,360,17,0
2025-03-04 01:00:00+00:00,68.074,68.078,67.759,67.794,1828,17,0
2025-03-04 02:00:00+00:00,67.792,67.997,67.786,67.836,1143,17,0
2025-03-04 03:00:00+00:00,67.834,68.056,67.816,67.923,979,17,0
2025-03-04 04:00:00+00:00,67.926,67.935,67.841,67.904,563,17,0
2025-03-04 05:00:00+00:00,67.902,67.986,67.567,67.718,1222,17,0
2025-03-04 06:00:00+00:00,67.716,67.881,67.681,67.81,1126,17,0
2025-03-04 07:00:00+00:00,67.802,67.807,67.567,67.591,1717,17,0
2025-03-04 08:00:00+00:00,67.593,67.681,67.331,67.383,2816,17,0
2025-03-04 09:00:00+00:00,67.378,67.557,67.237,67.332,2477,17,0
2025-03-04 10:00:00+00:00,67.325,67.639,67.264,67.526,2336,17,0
2025-03-04 11:00:00+00:00,67.524,67.71,67.183,67.263,2405,17,0
2025-03-04 12:00:00+00:00,67.262,67.283,66.888,66.933,2117,17,0
2025-03-04 13:00:00+00:00,66.939,67.446,66.939,67.244,3408,17,0
2025-03-04 14:00:00+00:00,67.251,67.618,66.557,66.611,4786,17,0
2025-03-04 15:00:00+00:00,66.617,67.314,66.535,67.05,5670,17,0
2025-03-04 16:00:00+00:00,67.049,67.588,66.869,67.568,4655,17,0
2025-03-04 17:00:00+00:00,67.572,67.8,67.39,67.739,3037,17,0
2025-03-04 18:00:00+00:00,67.741,67.968,67.683,67.932,2744,17,0
2025-03-04 19:00:00+00:00,67.924,68.085,67.863,68.061,2470,17,0
2025-03-04 20:00:00+00:00,68.062,68.223,67.932,67.944,1357,17,0
2025-03-04 21:00:00+00:00,67.948,68.004,67.409,67.641,1589,17,0
2025-03-04 23:00:00+00:00,67.729,67.735,67.601,67.651,257,26,0
2025-03-05 00:00:00+00:00,67.646,67.671,67.558,67.664,345,17,0
2025-03-05 01:00:00+00:00,67.659,67.699,67.485,67.558,1838,17,0
2025-03-05 02:00:00+00:00,67.561,67.636,67.278,67.281,1504,17,0
2025-03-05 03:00:00+00:00,67.278,67.457,67.261,67.422,1186,17,0
2025-03-05 04:00:00+00:00,67.421,67.444,67.325,67.425,511,17,0
2025-03-05 05:00:00+00:00,67.429,67.522,67.391,67.435,720,17,0
2025-03-05 06:00:00+00:00,67.433,67.603,67.417,67.6,868,17,0
2025-03-05 07:00:00+00:00,67.599,67.821,67.59,67.603,1608,17,0
2025-03-05 08:00:00+00:00,67.598,67.66,67.303,67.393,3006,17,0
2025-03-05 09:00:00+00:00,67.392,67.632,67.133,67.153,2716,17,0
2025-03-05 10:00:00+00:00,67.154,67.228,66.76,66.811,2443,17,0
2025-03-05 11:00:00+00:00,66.807,66.981,66.66,66.686,2169,17,0
2025-03-05 12:00:00+00:00,66.693,66.955,66.666,66.69,2269,17,0
2025-03-05 13:00:00+00:00,66.692,66.932,66.406,66.415,3691,17,0
2025-03-05 14:00:00+00:00,66.411,66.459,65.695,65.728,4545,17,0
2025-03-05 15:00:00+00:00,65.733,66.126,65.421,65.55,5583,17,0
2025-03-05 16:00:00+00:00,65.549,65.559,64.991,65.187,4845,17,0
2025-03-05 17:00:00+00:00,65.182,66.016,65.063,65.942,4043,17,0
2025-03-05 18:00:00+00:00,65.944,66.171,65.679,66.148,3498,17,0
2025-03-05 19:00:00+00:00,66.141,66.199,65.866,66.094,2924,17,0
2025-03-05 20:00:00+00:00,66.099,66.243,66.046,66.207,1258,17,0
2025-03-05 21:00:00+00:00,66.208,66.21,66.054,66.101,528,17,0
2025-03-05 23:00:00+00:00,66.169,66.202,66.132,66.175,254,17,0
2025-03-06 00:00:00+00:00,66.174,66.26,66.145,66.181,298,17,0
2025-03-06 01:00:00+00:00,66.182,66.473,66.159,66.454,1027,17,0
2025-03-06 02:00:00+00:00,66.457,66.572,66.441,66.526,823,17,0
2025-03-06 03:00:00+00:00,66.524,66.537,66.35,66.394,588,17,0
2025-03-06 04:00:00+00:00,66.396,66.524,66.329,66.457,421,17,0
2025-03-06 05:00:00+00:00,66.456,66.471,66.187,66.212,687,17,0
2025-03-06 06:00:00+00:00,66.212,66.498,66.181,66.457,1051,17,0
2025-03-06 07:00:00+00:00,66.452,66.603,66.442,66.506,1382,17,0
2025-03-06 08:00:00+00:00,66.502,66.533,65.859,66.135,2834,17,0
2025-03-06 09:00:00+00:00,66.137,66.449,65.917,66.273,2919,17,0
2025-03-06 10:00:00+00:00,66.271,66.4,65.962,65.973,2552,17,0
2025-03-06 11:00:00+00:00,65.971,66.487,65.912,66.415,2488,17,0
2025-03-06 12:00:00+00:00,66.423,66.591,66.36,66.404,1943,17,0
2025-03-06 13:00:00+00:00,66.401,66.565,66.061,66.218,3338,17,0
2025-03-06 14:00:00+00:00,66.213,66.537,66.073,66.4,4555,17,0
2025-03-06 15:00:00+00:00,66.398,66.709,65.472,65.563,7422,17,0
2025-03-06 16:00:00+00:00,65.568,65.836,65.392,65.405,5365,17,0
2025-03-06 17:00:00+00:00,65.408,66.157,65.373,66.024,4573,17,0
2025-03-06 18:00:00+00:00,66.03,66.252,65.978,66.104,3128,17,0
2025-03-06 19:00:00+00:00,66.092,66.355,65.994,66.233,2925,17,0
2025-03-06 20:00:00+00:00,66.234,66.26,65.95,65.984,1846,17,0
2025-03-06 21:00:00+00:00,65.982,66.161,65.982,66.055,666,17,0
2025-03-06 23:00:00+00:00,66.046,66.103,66.02,66.103,124,17,0
2025-03-07 00:00:00+00:00,66.102,66.111,65.908,66.002,321,17,0
2025-03-07 01:00:00+00:00,66.004,66.214,65.89,66.148,1033,17,0
2025-03-07 02:00:00+00:00,66.146,66.326,66.143,66.31,761,17,0
2025-03-07 03:00:00+00:00,66.306,66.314,66.086,66.135,688,17,0
2025-03-07 04:00:00+00:00,66.13,66.147,66.049,66.078,413,17,0
2025-03-07 05:00:00+00:00,66.075,66.194,66.053,66.138,575,17,0
2025-03-07 06:00:00+00:00,66.14,66.302,66.063,66.182,871,17,0
2025-03-07 07:00:00+00:00,66.176,66.658,66.124,66.607,1403,17,0
2025-03-07 08:00:00+00:00,66.602,66.952,66.539,66.87,2687,17,0
2025-03-07 09:00:00+00:00,66.877,67.043,66.822,67.02,2121,17,0
2025-03-07 10:00:00+00:00,67.025,67.285,66.882,67.273,1900,17,0
2025-03-07 11:00:00+00:00,67.275,67.321,67.009,67.042,1731,17,0
2025-03-07 12:00:00+00:00,67.04,67.387,66.889,67.192,2526,17,0
2025-03-07 13:00:00+00:00,67.194,67.194,66.818,66.818,3294,17,0
2025-03-07 14:00:00+00:00,66.813,67.7,66.704,67.591,5361,17,0
2025-03-07 15:00:00+00:00,67.596,67.934,66.573,67.348,6560,17,0
2025-03-07 16:00:00+00:00,67.332,67.332,66.751,66.844,5307,17,0
2025-03-07 17:00:00+00:00,66.849,67.125,66.634,66.749,3870,17,0
2025-03-07 18:00:00+00:00,66.744,66.91,66.53,66.79,2875,17,0
2025-03-07 19:00:00+00:00,66.79,67.117,66.623,66.784,2652,17,0
2025-03-07 20:00:00+00:00,66.784,66.896,66.739,66.808,1276,17,0
2025-03-07 21:00:00+00:00,66.807,66.864,66.795,66.81,411,17,0
2025-03-09 22:00:00+00:00,66.596,66.678,66.488,66.491,505,17,0
2025-03-09 23:00:00+00:00,66.494,66.511,66.284,66.337,539,17,0
2025-03-10 00:00:00+00:00,66.335,66.632,66.316,66.601,719,17,0
2025-03-10 01:00:00+00:00,66.604,66.654,66.401,66.489,1246,17,0
2025-03-10 02:00:00+00:00,66.484,66.582,66.381,66.424,1060,17,0
2025-03-10 03:00:00+00:00,66.431,66.472,66.325,66.41,785,17,0
2025-03-10 04:00:00+00:00,66.409,66.542,66.409,66.448,351,17,0
2025-03-10 05:00:00+00:00,66.447,66.518,66.271,66.395,803,17,0
2025-03-10 06:00:00+00:00,66.397,66.652,66.331,66.634,912,17,0
2025-03-10 07:00:00+00:00,66.635,66.904,66.538,66.854,1622,17,0
2025-03-10 08:00:00+00:00,66.856,67.002,66.625,66.718,2952,17,0
2025-03-10 09:00:00+00:00,66.729,67.097,66.636,66.943,2432,17,0
2025-03-10 10:00:00+00:00,66.945,67.035,66.734,66.944,2017,17,0
2025-03-10 11:00:00+00:00,66.947,67.239,66.929,67.172,2074,17,0
2025-03-10 12:00:00+00:00,67.163,67.321,67.078,67.267,1995,17,0
2025-03-10 13:00:00+00:00,67.262,67.268,66.322,66.382,4523,17,0
2025-03-10 14:00:00+00:00,66.376,66.558,66.104,66.174,5179,17,0
2025-03-10 15:00:00+00:00,66.171,66.492,66.171,66.37,3709,17,0
2025-03-10 16:00:00+00:00,66.37,66.467,65.935,66.12,3350,17,0
2025-03-10 17:00:00+00:00,66.116,66.144,65.676,65.771,2582,17,0
2025-03-10 18:00:00+00:00,65.769,65.819,65.592,65.6,2227,17,0
2025-03-10 19:00:00+00:00,65.6,65.785,65.534,65.701,1472,17,0
2025-03-10 20:00:00+00:00,65.703,65.739,65.668,65.694,395,17,0
2025-03-10 22:00:00+00:00,65.583,65.59,65.483,65.501,238,17,0
2025-03-10 23:00:00+00:00,65.496,65.515,65.397,65.49,297,17,0
2025-03-11 00:00:00+00:00,65.49,65.49,65.26,65.283,851,17,0
2025-03-11 01:00:00+00:00,65.285,65.565,65.046,65.495,1575,17,0
2025-03-11 02:00:00+00:00,65.495,65.793,65.434,65.646,1139,17,0
2025-03-11 03:00:00+00:00,65.644,65.758,65.618,65.668,744,17,0
2025-03-11 04:00:00+00:00,65.666,65.694,65.624,65.655,389,17,0
2025-03-11 05:00:00+00:00,65.655,65.806,65.578,65.741,799,17,0
2025-03-11 06:00:00+00:00,65.744,65.92,65.69,65.85,1033,17,0
2025-03-11 07:00:00+00:00,65.852,66.021,65.726,65.998,1415,17,0
2025-03-11 08:00:00+00:00,66.003,66.087,65.86,66.084,2261,17,0
2025-03-11 09:00:00+00:00,66.078,66.252,66.002,66.13,1647,17,0
2025-03-11 10:00:00+00:00,66.13,66.54,66.103,66.435,1688,17,0
2025-03-11 11:00:00+00:00,66.445,66.61,66.333,66.586,1624,17,0
2025-03-11 12:00:00+00:00,66.586,66.667,66.333,66.342,2084,17,0
2025-03-11 13:00:00+00:00,66.351,66.852,66.35,66.598,3484,17,0
2025-03-11 14:00:00+00:00,66.597,66.707,66.214,66.251,4256,17,0
2025-03-11 15:00:00+00:00,66.25,66.704,66.216,66.449,3749,17,0
2025-03-11 16:00:00+00:00,66.449,66.559,66.011,66.058,3211,17,0
2025-03-11 17:00:00+00:00,66.053,66.107,65.908,65.951,2443,17,0
2025-03-11 18:00:00+00:00,65.949,66.294,65.744,66.187,2925,17,0
2025-03-11 19:00:00+00:00,66.185,66.324,66.105,66.188,1628,17,0
2025-03-11 20:00:00+00:00,66.185,66.414,66.185,66.328,607,17,0
2025-03-11 22:00:00+00:00,66.264,66.341,66.261,66.333,130,17,0
2025-03-11 23:00:00+00:00,66.331,66.452,66.311,66.366,244,17,0
2025-03-12 00:00:00+00:00,66.373,66.434,66.201,66.351,575,17,0
2025-03-12 01:00:00+00:00,66.352,66.45,66.234,66.389,1083,17,0
2025-03-12 02:00:00+00:00,66.39,66.54,66.319,66.401,744,17,0
2025-03-12 03:00:00+00:00,66.402,66.471,66.348,66.403,576,17,0
2025-03-12 04:00:00+00:00,66.404,66.502,66.401,66.449,304,17,0
2025-03-12 05:00:00+00:00,66.45,66.501,66.3,66.333,700,17,0
2025-03-12 06:00:00+00:00,66.329,66.339,65.977,65.981,798,17,0
2025-03-12 07:00:00+00:00,65.977,66.297,65.871,66.237,1493,17,0
2025-03-12 08:00:00+00:00,66.241,66.452,66.193,66.254,2381,17,0
2025-03-12 09:00:00+00:00,66.264,66.451,66.165,66.428,1882,17,0
2025-03-12 10:00:00+00:00,66.429,66.733,66.421,66.621,1840,17,0
2025-03-12 11:00:00+00:00,66.622,66.762,66.55,66.745,1619,17,0
2025-03-12 12:00:00+00:00,66.743,66.981,66.657,66.819,2586,17,0
2025-03-12 13:00:00+00:00,66.819,67.193,66.689,66.971,3899,17,0
2025-03-12 14:00:00+00:00,66.977,67.39,66.915,67.334,3857,17,0
2025-03-12 15:00:00+00:00,67.339,67.48,66.987,67.343,3305,17,0
2025-03-12 16:00:00+00:00,67.341,67.573,67.277,67.395,2766,17,0
2025-03-12 17:00:00+00:00,67.401,67.532,67.347,67.369,2106,17,0
2025-03-12 18:00:00+00:00,67.362,67.528,67.351,67.453,1784,17,0
2025-03-12 19:00:00+00:00,67.45,67.472,67.305,67.427,956,17,0
2025-03-12 20:00:00+00:00,67.423,67.471,67.383,67.446,380,17,0
2025-03-12 22:00:00+00:00,67.453,67.513,67.425,67.436,157,17,0
2025-03-12 23:00:00+00:00,67.437,67.487,67.37,67.395,181,17,0
2025-03-13 00:00:00+00:00,67.394,67.399,67.253,67.336,517,17,0
2025-03-13 01:00:00+00:00,67.332,67.396,67.222,67.247,903,17,0
2025-03-13 02:00:00+00:00,67.251,67.511,67.226,67.446,711,17,0
2025-03-13 03:00:00+00:00,67.447,67.479,67.318,67.381,580,17,0
2025-03-13 04:00:00+00:00,67.383,67.399,67.284,67.342,396,17,0
2025-03-13 05:00:00+00:00,67.345,67.345,67.194,67.197,682,17,0
2025-03-13 06:00:00+00:00,67.2,67.253,67.136,67.191,909,17,0
2025-03-13 07:00:00+00:00,67.194,67.546,67.154,67.455,1541,17,0
2025-03-13 08:00:00+00:00,67.458,67.663,67.317,67.365,2472,17,0
2025-03-13 09:00:00+00:00,67.377,67.471,66.988,66.996,2255,17,0
2025-03-13 10:00:00+00:00,66.993,67.164,66.885,67.105,1944,17,0
2025-03-13 11:00:00+00:00,67.121,67.342,66.976,67.03,1735,17,0
2025-03-13 12:00:00+00:00,67.025,67.142,66.85,66.939,2197,17,0
2025-03-13 13:00:00+00:00,66.933,66.95,66.692,66.802,3203,17,0
2025-03-13 14:00:00+00:00,66.794,67.064,66.58,66.869,3957,17,0
2025-03-13 15:00:00+00:00,66.873,66.955,66.108,66.527,4565,17,0
2025-03-13 16:00:00+00:00,66.536,66.778,66.314,66.402,3983,17,0
2025-03-13 17:00:00+00:00,66.408,66.485,66.152,66.174,2825,17,0
2025-03-13 18:00:00+00:00,66.162,66.339,66.106,66.282,2491,17,0
2025-03-13 19:00:00+00:00,66.281,66.392,66.24,66.28,1188,17,0
2025-03-13 20:00:00+00:00,66.284,66.458,66.277,66.458,672,17,0
2025-03-13 22:00:00+00:00,66.539,66.585,66.455,66.556,191,26,0
2025-03-13 23:00:00+00:00,66.554,66.618,66.528,66.528,256,17,0
2025-03-14 00:00:00+00:00,66.528,66.605,66.426,66.562,703,17,0
2025-03-14 01:00:00+00:00,66.563,66.62,66.436,66.599,1172,17,0
2025-03-14 02:00:00+00:00,66.602,66.737,66.581,66.714,650,17,0
2025-03-14 03:00:00+00:00,66.715,66.851,66.692,66.742,630,17,0
2025-03-14 04:00:00+00:00,66.739,66.761,66.718,66.744,303,17,0
2025-03-14 05:00:00+00:00,66.744,66.798,66.682,66.788,589,17,0
2025-03-14 06:00:00+00:00,66.791,66.998,66.664,66.998,967,17,0
2025-03-14 07:00:00+00:00,66.987,67.122,66.913,67.033,1353,17,0
2025-03-14 08:00:00+00:00,67.029,67.181,66.87,67.147,2010,17,0
2025-03-14 09:00:00+00:00,67.155,67.158,66.882,67.048,1627,17,0
2025-03-14 10:00:00+00:00,67.05,67.058,66.809,66.861,1615,17,0
2025-03-14 11:00:00+00:00,66.866,67.025,66.692,66.749,1840,17,0
2025-03-14 12:00:00+00:00,66.749,66.97,66.744,66.896,2034,17,0
2025-03-14 13:00:00+00:00,66.888,66.894,66.334,66.691,4123,17,0
2025-03-14 14:00:00+00:00,66.686,66.697,66.331,66.675,3334,17,0
2025-03-14 15:00:00+00:00,66.673,66.802,66.559,66.732,2331,17,0
2025-03-14 16:00:00+00:00,66.728,66.829,66.658,66.799,2221,17,0
2025-03-14 17:00:00+00:00,66.803,67.028,66.741,66.804,1996,17,0
2025-03-14 18:00:00+00:00,66.798,66.996,66.793,66.937,1374,17,0
2025-03-14 19:00:00+00:00,66.937,66.994,66.875,66.899,710,17,0
2025-03-14 20:00:00+00:00,66.895,66.932,66.848,66.895,430,17,0
2025-03-16 22:00:00+00:00,67.401,67.522,67.303,67.312,574,26,0
2025-03-16 23:00:00+00:00,67.316,67.486,67.262,67.397,407,26,0
2025-03-17 00:00:00+00:00,67.391,67.689,67.371,67.675,703,17,0
2025-03-17 01:00:00+00:00,67.672,68.093,67.617,67.683,1617,17,0
2025-03-17 02:00:00+00:00,67.685,67.696,67.405,67.425,770,17,0
2025-03-17 03:00:00+00:00,67.423,67.423,67.239,67.332,601,17,0
2025-03-17 04:00:00+00:00,67.334,67.442,67.334,67.393,404,17,0
2025-03-17 05:00:00+00:00,67.392,67.505,67.349,67.371,584,17,0
2025-03-17 06:00:00+00:00,67.366,67.466,67.275,67.442,712,17,0
2025-03-17 07:00:00+00:00,67.441,67.529,67.355,67.46,1056,17,0
2025-03-17 08:00:00+00:00,67.46,67.517,67.269,67.448,2015,17,0
2025-03-17 09:00:00+00:00,67.453,67.658,67.372,67.597,1767,17,0
2025-03-17 10:00:00+00:00,67.596,67.783,67.471,67.764,1466,17,0
2025-03-17 11:00:00+00:00,67.763,67.891,67.696,67.81,1307,17,0
2025-03-17 12:00:00+00:00,67.812,67.827,67.663,67.788,1373,17,0
2025-03-17 13:00:00+00:00,67.789,67.818,67.438,67.596,2582,17,0
2025-03-17 14:00:00+00:00,67.592,67.612,67.121,67.15,3019,17,0
2025-03-17 15:00:00+00:00,67.155,67.453,67.001,67.363,3262,17,0
2025-03-17 16:00:00+00:00,67.361,67.438,67.144,67.249,2474,17,0
2025-03-17 17:00:00+00:00,67.251,67.518,67.225,67.497,1561,17,0
2025-03-17 18:00:00+00:00,67.5,67.587,67.256,67.299,1831,17,0
2025-03-17 19:00:00+00:00,67.298,67.397,67.27,67.292,727,17,0
2025-03-17 20:00:00+00:00,67.293,67.338,67.267,67.294,317,17,0
2025-03-17 22:00:00+00:00,67.141,67.169,67.065,67.121,208,17,0
2025-03-17 23:00:00+00:00,67.122,67.206,67.108,67.173,205,17,0
2025-03-18 00:00:00+00:00,67.175,67.283,67.175,67.232,585,17,0
2025-03-18 01:00:00+00:00,67.233,67.492,67.179,67.451,1255,17,0
2025-03-18 02:00:00+00:00,67.453,67.614,67.423,67.604,737,17,0
2025-03-18 03:00:00+00:00,67.603,67.603,67.464,67.492,610,17,0
2025-03-18 04:00:00+00:00,67.489,67.568,67.471,67.507,296,17,0
2025-03-18 05:00:00+00:00,67.505,67.713,67.478,67.711,656,17,0
2025-03-18 06:00:00+00:00,67.712,67.732,67.649,67.696,781,17,0
2025-03-18 07:00:00+00:00,67.695,67.938,67.663,67.922,918,17,0
2025-03-18 08:00:00+00:00,67.922,68.202,67.887,68.102,1752,17,0
2025-03-18 09:00:00+00:00,68.114,68.392,68.081,68.359,2018,17,0
2025-03-18 10:00:00+00:00,68.355,68.466,68.18,68.233,1915,17,0
2025-03-18 11:00:00+00:00,68.234,68.294,68.051,68.284,1625,17,0
2025-03-18 12:00:00+00:00,68.284,68.339,68.054,68.151,1716,17,0
2025-03-18 13:00:00+00:00,68.155,68.163,67.673,67.724,3115,17,0
2025-03-18 14:00:00+00:00,67.724,67.724,67.467,67.523,3320,17,0
2025-03-18 15:00:00+00:00,67.526,67.587,67.042,67.05,2723,17,0
2025-03-18 16:00:00+00:00,67.046,67.104,66.579,66.62,3484,17,0
2025-03-18 17:00:00+00:00,66.614,67.313,66.553,66.815,4101,17,0
2025-03-18 18:00:00+00:00,66.808,66.911,66.64,66.705,2278,17,0
2025-03-18 19:00:00+00:00,66.699,66.782,66.674,66.767,973,17,0
2025-03-18 20:00:00+00:00,66.765,66.771,66.431,66.613,725,17,0
2025-03-18 22:00:00+00:00,66.586,66.667,66.552,66.646,198,17,0
2025-03-18 23:00:00+00:00,66.648,66.677,66.604,66.652,187,17,0
2025-03-19 00:00:00+00:00,66.651,66.698,66.558,66.656,775,17,0
2025-03-19 01:00:00+00:00,66.656,66.656,66.402,66.426,1364,17,0
2025-03-19 02:00:00+00:00,66.424,66.597,66.421,66.533,807,17,0
2025-03-19 03:00:00+00:00,66.532,66.596,66.495,66.535,728,17,0
2025-03-19 04:00:00+00:00,66.538,66.558,66.462,66.484,401,17,0
2025-03-19 05:00:00+00:00,66.488,66.508,66.349,66.403,679,17,0
2025-03-19 06:00:00+00:00,66.403,66.406,66.185,66.288,913,17,0
2025-03-19 07:00:00+00:00,66.288,66.538,66.285,66.415,1302,17,0
2025-03-19 08:00:00+00:00,66.419,66.586,66.085,66.104,2402,17,0
2025-03-19 09:00:00+00:00,66.109,66.359,66.061,66.335,1976,17,0
2025-03-19 10:00:00+00:00,66.329,66.578,66.315,66.571,1741,17,0
2025-03-19 11:00:00+00:00,66.57,66.741,66.526,66.719,1356,17,0
2025-03-19 12:00:00+00:00,66.72,66.762,66.529,66.735,1713,17,0
2025-03-19 13:00:00+00:00,66.743,66.863,66.489,66.694,2853,17,0
2025-03-19 14:00:00+00:00,66.699,67.001,66.623,66.894,3018,17,0
2025-03-19 15:00:00+00:00,66.899,67.277,66.886,66.987,2735,17,0
2025-03-19 16:00:00+00:00,66.986,67.385,66.812,67.293,3010,17,0
2025-03-19 17:00:00+00:00,67.289,67.36,66.913,66.949,1999,17,0
2025-03-19 18:00:00+00:00,66.956,66.985,66.681,66.933,2594,17,0
2025-03-19 19:00:00+00:00,66.931,67.068,66.929,66.982,1016,17,0
2025-03-19 20:00:00+00:00,66.978,67.022,66.942,66.975,493,17,0
2025-03-19 22:00:00+00:00,66.991,67.051,66.958,67.029,165,17,0
2025-03-19 23:00:00+00:00,67.032,67.072,67.014,67.042,160,17,0
2025-03-20 00:00:00+00:00,67.04,67.087,66.956,67.046,479,17,0
2025-03-20 01:00:00+00:00,67.045,67.223,67.036,67.127,1194,17,0
2025-03-20 02:00:00+00:00,67.127,67.284,67.115,67.181,763,17,0
2025-03-20 03:00:00+00:00,67.179,67.279,67.149,67.261,556,17,0
2025-03-20 04:00:00+00:00,67.259,67.291,67.238,67.251,304,17,0
2025-03-20 05:00:00+00:00,67.25,67.252,67.175,67.193,455,17,0
2025-03-20 06:00:00+00:00,67.191,67.341,67.156,67.299,634,17,0
2025-03-20 07:00:00+00:00,67.3,67.328,67.066,67.277,904,17,0
2025-03-20 08:00:00+00:00,67.28,67.471,67.263,67.333,1654,17,0
2025-03-20 09:00:00+00:00,67.336,67.398,66.975,67.023,2021,17,0
2025-03-20 10:00:00+00:00,67.016,67.062,66.737,66.888,1887,17,0
2025-03-20 11:00:00+00:00,66.89,67.189,66.873,67.186,1497,17,0
2025-03-20 12:00:00+00:00,67.186,67.191,66.88,66.909,1700,17,0
2025-03-20 13:00:00+00:00,66.915,66.941,66.58,66.805,3069,17,0
2025-03-20 14:00:00+00:00,66.798,67.877,66.782,67.837,4422,17,0
2025-03-20 15:00:00+00:00,67.841,68.16,67.797,67.911,3251,17,0
2025-03-20 16:00:00+00:00,67.916,68.033,67.806,67.973,2325,17,0
2025-03-20 17:00:00+00:00,67.972,68.074,67.884,68.014,1712,17,0
2025-03-20 18:00:00+00:00,68.014,68.119,67.933,68.109,1821,17,0
2025-03-20 19:00:00+00:00,68.112,68.204,68.102,68.156,781,17,0
2025-03-20 20:00:00+00:00,68.161,68.301,68.161,68.296,410,17,0
2025-03-20 22:00:00+00:00,68.464,68.568,68.359,68.425,321,17,0
2025-03-20 23:00:00+00:00,68.425,68.499,68.406,68.467,288,17,0
2025-03-21 00:00:00+00:00,68.466,68.519,68.375,68.432,626,17,0
2025-03-21 01:00:00+00:00,68.43,68.531,68.302,68.326,1260,17,0
2025-03-21 02:00:00+00:00,68.324,68.338,68.22,68.277,727,17,0
2025-03-21 03:00:00+00:00,68.276,68.378,68.25,68.349,635,17,0
2025-03-21 04:00:00+00:00,68.347,68.359,68.192,68.212,307,17,0
2025-03-21 05:00:00+00:00,68.214,68.283,68.154,68.265,615,17,0
2025-03-21 06:00:00+00:00,68.267,68.348,68.053,68.136,794,17,0
2025-03-21 07:00:00+00:00,68.138,68.227,68.062,68.13,1124,17,0
2025-03-21 08:00:00+00:00,68.135,68.328,67.993,68.012,2046,17,0
2025-03-21 09:00:00+00:00,68.025,68.134,67.796,67.87,1728,17,0
2025-03-21 10:00:00+00:00,67.872,67.883,67.682,67.744,1438,17,0
2025-03-21 11:00:00+00:00,67.742,67.795,67.631,67.66,1271,17,0
2025-03-21 12:00:00+00:00,67.659,67.996,67.611,67.835,1733,17,0
2025-03-21 13:00:00+00:00,67.83,67.9,67.578,67.784,3202,17,0
2025-03-21 14:00:00+00:00,67.78,68.245,67.766,68.228,2704,17,0
2025-03-21 15:00:00+00:00,68.23,68.247,67.809,67.873,2254,17,0
2025-03-21 16:00:00+00:00,67.87,68.309,67.837,68.27,2363,17,0
2025-03-21 17:00:00+00:00,68.273,68.319,68.164,68.189,1523,17,0
2025-03-21 18:00:00+00:00,68.184,68.273,68.093,68.27,1361,17,0
2025-03-21 19:00:00+00:00,68.268,68.281,68.08,68.139,655,17,0
2025-03-21 20:00:00+00:00,68.143,68.242,68.143,68.228,312,17,0
2025-03-23 22:00:00+00:00,68.247,68.276,68.066,68.241,373,26,0
2025-03-23 23:00:00+00:00,68.245,68.325,68.189,68.321,230,17,0
2025-03-24 00:00:00+00:00,68.321,68.372,68.08,68.085,464,17,0
2025-03-24 01:00:00+00:00,68.086,68.297,67.883,67.904,1227,17,0
2025-03-24 02:00:00+00:00,67.905,68.075,67.891,67.957,704,17,0
2025-03-24 03:00:00+00:00,67.958,67.993,67.859,67.966,626,17,0
2025-03-24 04:00:00+00:00,67.969,67.983,67.915,67.916,259,17,0
2025-03-24 05:00:00+00:00,67.915,68.099,67.907,68.068,559,17,0
2025-03-24 06:00:00+00:00,68.069,68.234,68.062,68.191,731,17,0
2025-03-24 07:00:00+00:00,68.191,68.451,68.168,68.394,941,17,0
2025-03-24 08:00:00+00:00,68.392,68.395,67.98,68.133,1855,17,0
2025-03-24 09:00:00+00:00,68.134,68.493,68.019,68.475,1807,17,0
2025-03-24 10:00:00+00:00,68.474,68.787,68.461,68.77,1489,17,0
2025-03-24 11:00:00+00:00,68.774,68.814,68.611,68.646,1385,17,0
2025-03-24 12:00:00+00:00,68.644,68.685,68.288,68.311,1628,17,0
2025-03-24 13:00:00+00:00,68.318,68.607,68.158,68.558,2951,17,0
2025-03-24 14:00:00+00:00,68.563,68.997,68.378,68.89,3757,17,0
2025-03-24 15:00:00+00:00,68.884,69.115,68.801,69.065,2129,17,0
2025-03-24 16:00:00+00:00,69.066,69.215,68.83,68.997,2390,17,0
2025-03-24 17:00:00+00:00,68.992,68.994,68.691,68.852,1861,17,0
2025-03-24 18:00:00+00:00,68.856,69.059,68.796,69.05,1839,17,0
2025-03-24 19:00:00+00:00,69.052,69.149,69.041,69.111,725,17,0
2025-03-24 20:00:00+00:00,69.107,69.122,69.032,69.038,375,17,0
2025-03-24 22:00:00+00:00,69.109,69.125,69.048,69.075,203,17,0
2025-03-24 23:00:00+00:00,69.075,69.082,69.022,69.03,125,17,0
2025-03-25 00:00:00+00:00,69.027,69.058,68.928,69.009,450,17,0
2025-03-25 01:00:00+00:00,69.009,69.065,68.891,68.913,948,17,0
2025-03-25 02:00:00+00:00,68.917,69.076,68.903,68.937,637,17,0
2025-03-25 03:00:00+00:00,68.933,69.009,68.924,68.983,408,17,0
2025-03-25 04:00:00+00:00,68.978,68.992,68.926,68.95,264,17,0
2025-03-25 05:00:00+00:00,68.947,69.084,68.923,68.987,480,17,0
2025-03-25 06:00:00+00:00,68.983,69.004,68.751,68.941,788,17,0
2025-03-25 07:00:00+00:00,68.941,69.279,68.933,69.273,1051,17,0
2025-03-25 08:00:00+00:00,69.274,69.328,69.126,69.246,1741,17,0
2025-03-25 09:00:00+00:00,69.244,69.452,69.226,69.435,1273,17,0
2025-03-25 10:00:00+00:00,69.434,69.489,69.303,69.379,1211,17,0
2025-03-25 11:00:00+00:00,69.38,69.5,69.27,69.485,1063,17,0
2025-03-25 12:00:00+00:00,69.49,69.51,69.338,69.493,1374,17,0
2025-03-25 13:00:00+00:00,69.491,69.544,69.383,69.455,2064,17,0
2025-03-25 14:00:00+00:00,69.453,69.469,68.951,68.962,2997,17,0
2025-03-25 15:00:00+00:00,68.965,69.076,68.795,68.848,2162,17,0
2025-03-25 16:00:00+00:00,68.845,68.903,68.408,68.685,3608,17,0
2025-03-25 17:00:00+00:00,68.684,68.801,68.552,68.747,1740,17,0
2025-03-25 18:00:00+00:00,68.747,68.916,68.696,68.861,1556,17,0
2025-03-25 19:00:00+00:00,68.861,69.059,68.855,69.027,805,17,0
2025-03-25 20:00:00+00:00,69.023,69.127,68.969,69.055,464,17,0
2025-03-25 22:00:00+00:00,69.123,69.277,69.102,69.129,280,26,0
2025-03-25 23:00:00+00:00,69.128,69.155,69.128,69.137,109,26,0
2025-03-26 00:00:00+00:00,69.135,69.173,69.093,69.156,338,17,0
2025-03-26 01:00:00+00:00,69.153,69.239,69.051,69.198,760,17,0
2025-03-26 02:00:00+00:00,69.201,69.21,69.076,69.157,571,17,0
2025-03-26 03:00:00+00:00,69.155,69.162,69.017,69.037,500,17,0
2025-03-26 04:00:00+00:00,69.038,69.073,68.976,68.985,333,17,0
2025-03-26 05:00:00+00:00,68.992,69.154,68.975,69.119,515,17,0
2025-03-26 06:00:00+00:00,69.12,69.194,69.056,69.168,669,17,0
2025-03-26 07:00:00+00:00,69.167,69.209,68.924,68.978,1193,17,0
2025-03-26 08:00:00+00:00,68.982,69.243,68.968,69.175,1717,17,0
2025-03-26 09:00:00+00:00,69.179,69.395,69.063,69.334,1470,17,0
2025-03-26 10:00:00+00:00,69.334,69.549,69.233,69.486,1241,17,0
2025-03-26 11:00:00+00:00,69.486,69.59,69.416,69.465,1191,17,0
2025-03-26 12:00:00+00:00,69.463,69.547,69.362,69.467,1455,17,0
2025-03-26 13:00:00+00:00,69.472,69.775,69.39,69.742,2719,17,0
2025-03-26 14:00:00+00:00,69.735,69.845,69.633,69.809,2294,17,0
2025-03-26 15:00:00+00:00,69.813,70.044,69.584,69.905,2381,17,0
2025-03-26 16:00:00+00:00,69.904,69.908,69.609,69.668,2423,17,0
2025-03-26 17:00:00+00:00,69.663,69.703,69.33,69.423,1897,17,0
2025-03-26 18:00:00+00:00,69.426,69.564,69.39,69.48,1472,17,0
2025-03-26 19:00:00+00:00,69.472,69.617,69.462,69.567,777,17,0
2025-03-26 20:00:00+00:00,69.566,69.839,69.566,69.791,396,17,0
2025-03-26 22:00:00+00:00,69.653,69.66,69.509,69.561,260,17,0
2025-03-26 23:00:00+00:00,69.561,69.572,69.464,69.564,339,17,0
2025-03-27 00:00:00+00:00,69.569,69.665,69.569,69.629,594,17,0
2025-03-27 01:00:00+00:00,69.634,69.686,69.531,69.599,924,17,0
2025-03-27 02:00:00+00:00,69.6,69.691,69.6,69.654,523,17,0
2025-03-27 03:00:00+00:00,69.656,69.662,69.541,69.594,573,17,0
2025-03-27 04:00:00+00:00,69.594,69.635,69.574,69.59,305,17,0
2025-03-27 05:00:00+00:00,69.589,69.602,69.435,69.436,547,17,0
2025-03-27 06:00:00+00:00,69.435,69.475,69.316,69.323,980,17,0
2025-03-27 07:00:00+00:00,69.319,69.378,69.221,69.256,1213,17,0
2025-03-27 08:00:00+00:00,69.265,69.35,69.068,69.179,1790,17,0
2025-03-27 09:00:00+00:00,69.188,69.369,69.145,69.256,1408,17,0
2025-03-27 10:00:00+00:00,69.252,69.506,69.229,69.27,1460,17,0
2025-03-27 11:00:00+00:00,69.267,69.382,69.165,69.373,1351,17,0
2025-03-27 12:00:00+00:00,69.379,69.542,69.302,69.542,1709,17,0
2025-03-27 13:00:00+00:00,69.545,69.561,68.969,69.41,3473,17,0
2025-03-27 14:00:00+00:00,69.41,69.78,69.207,69.725,2918,17,0
2025-03-27 15:00:00+00:00,69.725,69.79,69.413,69.469,2500,17,0
2025-03-27 16:00:00+00:00,69.47,69.676,69.417,69.523,2333,17,0
2025-03-27 17:00:00+00:00,69.521,69.704,69.441,69.616,1745,17,0
2025-03-27 18:00:00+00:00,69.611,69.786,69.556,69.752,1369,17,0
2025-03-27 19:00:00+00:00,69.752,69.77,69.613,69.617,577,17,0
2025-03-27 20:00:00+00:00,69.617,69.73,69.617,69.729,278,17,0
2025-03-27 22:00:00+00:00,69.695,69.718,69.664,69.683,28,17,0
2025-03-27 23:00:00+00:00,69.704,69.713,69.702,69.702,12,17,0
2025-03-28 00:00:00+00:00,69.705,69.808,69.629,69.726,576,17,0
2025-03-28 01:00:00+00:00,69.73,69.869,69.676,69.696,881,17,0
2025-03-28 02:00:00+00:00,69.695,69.832,69.64,69.741,777,17,0
2025-03-28 03:00:00+00:00,69.742,69.814,69.718,69.737,608,17,0
2025-03-28 04:00:00+00:00,69.735,69.735,69.546,69.633,790,17,0
2025-03-28 05:00:00+00:00,69.629,69.647,69.451,69.546,679,17,0
2025-03-28 06:00:00+00:00,69.548,69.694,69.542,69.596,732,17,0
2025-03-28 07:00:00+00:00,69.597,69.597,69.361,69.39,949,17,0
2025-03-28 08:00:00+00:00,69.394,69.724,69.367,69.709,1678,17,0
2025-03-28 09:00:00+00:00,69.708,69.889,69.634,69.815,1541,17,0
2025-03-28 10:00:00+00:00,69.816,69.844,69.537,69.593,1397,17,0
2025-03-28 11:00:00+00:00,69.594,69.768,69.509,69.759,1305,17,0
2025-03-28 12:00:00+00:00,69.759,69.889,69.724,69.788,1606,17,0
2025-03-28 13:00:00+00:00,69.795,69.808,69.383,69.491,3288,17,0
2025-03-28 14:00:00+00:00,69.492,69.561,69.044,69.228,3453,17,0
2025-03-28 15:00:00+00:00,69.23,69.358,68.972,68.999,2795,17,0
2025-03-28 16:00:00+00:00,68.994,69.188,68.733,69.07,3014,17,0
2025-03-28 17:00:00+00:00,69.071,69.222,69.046,69.091,1892,17,0
2025-03-28 18:00:00+00:00,69.092,69.224,69.047,69.092,1526,17,0
2025-03-28 19:00:00+00:00,69.091,69.125,68.907,68.933,805,17,0
2025-03-28 20:00:00+00:00,68.939,69.007,68.912,68.927,398,17,0
2025-03-30 22:00:00+00:00,69.457,69.493,69.212,69.269,494,26,0
2025-03-30 23:00:00+00:00,69.27,69.29,69.076,69.258,528,17,0
2025-03-31 00:00:00+00:00,69.26,69.3,68.637,68.724,1225,17,0
2025-03-31 01:00:00+00:00,68.724,69.06,68.714,68.954,1775,17,0
2025-03-31 02:00:00+00:00,68.952,68.952,68.724,68.853,1174,17,0
2025-03-31 03:00:00+00:00,68.854,68.89,68.795,68.826,698,17,0
2025-03-31 04:00:00+00:00,68.824,68.931,68.798,68.812,432,17,0
2025-03-31 05:00:00+00:00,68.808,69.049,68.799,69.038,807,17,0
2025-03-31 06:00:00+00:00,69.039,69.191,68.999,69.105,1353,17,0
2025-03-31 07:00:00+00:00,69.105,69.638,68.853,69.63,2432,17,0
2025-03-31 08:00:00+00:00,69.637,69.921,69.445,69.656,2952,17,0
2025-03-31 09:00:00+00:00,69.652,69.685,69.209,69.273,2142,17,0
2025-03-31 10:00:00+00:00,69.271,69.542,69.189,69.33,1506,17,0
2025-03-31 11:00:00+00:00,69.332,69.469,69.169,69.397,1734,17,0
2025-03-31 12:00:00+00:00,69.401,69.615,69.199,69.58,1941,17,0
2025-03-31 13:00:00+00:00,69.576,70.191,69.324,70.187,4047,17,0
2025-03-31 14:00:00+00:00,70.176,70.829,70.118,70.712,3996,17,0
2025-03-31 15:00:00+00:00,70.716,71.181,70.669,71.178,2619,17,0
2025-03-31 16:00:00+00:00,71.176,71.557,71.136,71.444,2210,17,0
2025-03-31 17:00:00+00:00,71.44,71.44,71.191,71.201,2309,17,0
2025-03-31 18:00:00+00:00,71.197,71.385,71.167,71.282,1914,17,0
2025-03-31 19:00:00+00:00,71.281,71.33,71.18,71.193,869,17,0
2025-03-31 20:00:00+00:00,71.188,71.219,71.066,71.187,448,17,0
2025-03-31 22:00:00+00:00,71.068,71.152,71.046,71.152,196,17,0
2025-03-31 23:00:00+00:00,71.154,71.187,71.106,71.114,213,17,0
2025-04-01 00:00:00+00:00,71.117,71.213,71.061,71.137,682,17,0
2025-04-01 01:00:00+00:00,71.135,71.358,71.092,71.301,1386,17,0
2025-04-01 02:00:00+00:00,71.303,71.452,71.265,71.384,783,17,0
2025-04-01 03:00:00+00:00,71.384,71.439,71.318,71.403,699,17,0
2025-04-01 04:00:00+00:00,71.397,71.41,71.345,71.398,384,17,0
2025-04-01 05:00:00+00:00,71.396,71.431,71.324,71.34,744,17,0
2025-04-01 06:00:00+00:00,71.343,71.468,71.293,71.445,1231,17,0
2025-04-01 07:00:00+00:00,71.448,71.45,70.931,70.937,1998,17,0
2025-04-01 08:00:00+00:00,70.939,71.082,70.856,71.016,2299,17,0
2025-04-01 09:00:00+00:00,71.017,71.443,70.977,71.414,1713,17,0
2025-04-01 10:00:00+00:00,71.416,71.704,71.314,71.396,2238,17,0
2025-04-01 11:00:00+00:00,71.398,71.398,71.06,71.101,1908,17,0
2025-04-01 12:00:00+00:00,71.109,71.289,71.024,71.221,1869,17,0
2025-04-01 13:00:00+00:00,71.225,71.797,71.185,71.392,3201,17,0
2025-04-01 14:00:00+00:00,71.389,71.537,71.143,71.287,4195,17,0
2025-04-01 15:00:00+00:00,71.289,71.434,71.055,71.09,3496,17,0
2025-04-01 16:00:00+00:00,71.086,71.192,70.924,70.997,2387,17,0
2025-04-01 17:00:00+00:00,70.996,71.111,70.936,71.011,1830,17,0
2025-04-01 18:00:00+00:00,71.012,71.029,70.788,70.899,2137,17,0
2025-04-01 19:00:00+00:00,70.897,71.012,70.878,70.953,861,17,0
2025-04-01 20:00:00+00:00,70.947,71.017,70.853,70.913,453,17,0
2025-04-01 22:00:00+00:00,70.908,70.998,70.902,70.971,178,26,0
2025-04-01 23:00:00+00:00,70.969,71.007,70.951,70.996,127,17,0
2025-04-02 00:00:00+00:00,70.996,71.007,70.863,70.906,830,17,0
2025-04-02 01:00:00+00:00,70.904,71.001,70.829,70.969,1144,17,0
2025-04-02 02:00:00+00:00,70.971,71.079,70.922,71.059,864,17,0
2025-04-02 03:00:00+00:00,71.057,71.057,70.918,70.978,529,17,0
2025-04-02 04:00:00+00:00,70.98,71.002,70.944,70.963,321,17,0
2025-04-02 05:00:00+00:00,70.968,70.999,70.835,70.849,609,17,0
2025-04-02 06:00:00+00:00,70.847,71.001,70.742,70.769,1281,17,0
2025-04-02 07:00:00+00:00,70.775,70.823,70.43,70.519,1648,17,0
2025-04-02 08:00:00+00:00,70.524,70.908,70.477,70.886,2322,17,0
2025-04-02 09:00:00+00:00,70.884,70.989,70.805,70.885,1708,17,0
2025-04-02 10:00:00+00:00,70.883,70.888,70.464,70.493,1806,17,0
2025-04-02 11:00:00+00:00,70.49,70.802,70.453,70.576,1752,17,0
2025-04-02 12:00:00+00:00,70.582,70.622,70.338,70.545,2120,17,0
2025-04-02 13:00:00+00:00,70.54,70.901,70.515,70.865,3719,17,0
2025-04-02 14:00:00+00:00,70.86,71.247,70.796,71.081,4098,17,0
2025-04-02 15:00:00+00:00,71.077,71.225,70.703,71.141,3752,17,0
2025-04-02 16:00:00+00:00,71.14,71.606,71.118,71.434,2641,17,0
2025-04-02 17:00:00+00:00,71.432,71.603,71.352,71.584,1787,17,0
2025-04-02 18:00:00+00:00,71.582,71.655,71.357,71.492,2137,17,0
2025-04-02 19:00:00+00:00,71.494,71.596,71.462,71.552,1012,17,0
2025-04-02 20:00:00+00:00,71.547,71.98,70.403,70.63,2761,17,0
2025-04-02 22:00:00+00:00,69.752,69.87,69.254,69.544,907,39,0
2025-04-02 23:00:00+00:00,69.528,69.578,69.001,69.083,745,26,0
2025-04-03 00:00:00+00:00,69.063,69.528,69.007,69.495,2230,26,0
2025-04-03 01:00:00+00:00,69.489,69.768,69.186,69.489,2198,26,0
2025-04-03 02:00:00+00:00,69.495,69.732,69.385,69.67,950,26,0
2025-04-03 03:00:00+00:00,69.681,69.832,69.601,69.77,687,26,0
2025-04-03 04:00:00+00:00,69.765,69.769,69.634,69.733,389,26,0
2025-04-03 05:00:00+00:00,69.728,69.733,69.461,69.461,644,26,0
2025-04-03 06:00:00+00:00,69.467,69.572,69.211,69.213,1227,26,0
2025-04-03 07:00:00+00:00,69.225,69.256,68.718,69.176,2343,26,0
2025-04-03 08:00:00+00:00,69.181,69.306,68.753,68.765,2013,17,0
2025-04-03 09:00:00+00:00,68.768,68.881,68.277,68.289,1739,17,0
2025-04-03 10:00:00+00:00,68.292,68.385,67.948,68.051,1764,26,0
2025-04-03 11:00:00+00:00,68.063,68.094,66.937,67.234,3719,17,0
2025-04-03 12:00:00+00:00,67.224,67.268,66.248,66.713,5418,17,0
2025-04-03 13:00:00+00:00,66.709,66.904,66.143,66.313,7220,17,0
2025-04-03 14:00:00+00:00,66.306,66.657,65.838,65.838,5443,17,0
2025-04-03 15:00:00+00:00,65.845,66.435,65.751,66.319,4850,17,0
2025-04-03 16:00:00+00:00,66.318,66.566,66.254,66.501,3523,17,0
2025-04-03 17:00:00+00:00,66.504,66.864,66.21,66.722,2728,17,0
2025-04-03 18:00:00+00:00,66.719,66.749,66.427,66.598,2406,17,0
2025-04-03 19:00:00+00:00,66.595,66.595,66.398,66.443,1052,17,0
2025-04-03 20:00:00+00:00,66.442,66.459,66.262,66.33,524,17,0
2025-04-03 22:00:00+00:00,66.413,66.441,66.26,66.268,160,26,0
2025-04-03 23:00:00+00:00,66.276,66.468,66.258,66.428,186,26,0
2025-04-04 00:00:00+00:00,66.431,66.577,66.32,66.341,676,17,0
2025-04-04 01:00:00+00:00,66.337,66.395,66.155,66.28,818,26,0
2025-04-04 02:00:00+00:00,66.283,66.363,66.142,66.195,595,17,0
2025-04-04 03:00:00+00:00,66.195,66.217,65.96,66.065,874,17,0
2025-04-04 04:00:00+00:00,66.061,66.097,65.768,65.813,825,17,0
2025-04-04 05:00:00+00:00,65.816,66.099,65.789,66.018,953,17,0
2025-04-04 06:00:00+00:00,66.022,66.129,65.543,65.579,1185,17,0
2025-04-04 07:00:00+00:00,65.582,65.606,65.031,65.041,2653,17,0
2025-04-04 08:00:00+00:00,65.046,65.122,64.08,64.096,4033,17,0
2025-04-04 09:00:00+00:00,64.09,64.515,63.968,64.29,4296,17,0
2025-04-04 10:00:00+00:00,64.306,64.635,61.849,62.334,10061,17,0
2025-04-04 11:00:00+00:00,62.338,62.444,60.603,61.469,11281,17,0
2025-04-04 12:00:00+00:00,61.479,62.363,61.062,61.606,8271,17,0
2025-04-04 13:00:00+00:00,61.6,62.14,60.987,61.329,8184,17,0
2025-04-04 14:00:00+00:00,61.321,61.426,60.239,61.034,7594,17,0
2025-04-04 15:00:00+00:00,61.027,62.942,61.011,61.484,13063,17,0
2025-04-04 16:00:00+00:00,61.488,61.952,61.278,61.69,6534,17,0
2025-04-04 17:00:00+00:00,61.697,61.942,61.353,61.907,4744,17,0
2025-04-04 18:00:00+00:00,61.903,62.194,61.695,62.11,4102,17,0
2025-04-04 19:00:00+00:00,62.112,62.685,62.035,62.476,2426,17,0
2025-04-04 20:00:00+00:00,62.491,62.51,62.255,62.284,723,17,0
2025-04-06 22:00:00+00:00,60.124,60.373,59.368,59.623,1492,26,0
2025-04-06 23:00:00+00:00,59.613,59.8,59.449,59.601,1009,26,0
2025-04-07 00:00:00+00:00,59.618,59.953,59.227,59.875,2486,26,0
2025-04-07 01:00:00+00:00,59.872,60.518,59.775,60.383,3651,17,0
2025-04-07 02:00:00+00:00,60.379,60.516,59.91,60.21,3144,26,0
2025-04-07 03:00:00+00:00,60.215,60.414,59.934,60.121,2395,17,0
2025-04-07 04:00:00+00:00,60.128,60.807,60.013,60.154,2397,17,0
2025-04-07 05:00:00+00:00,60.157,60.724,59.982,60.014,2619,17,0
2025-04-07 06:00:00+00:00,60.023,60.292,59.294,59.615,4170,17,0
2025-04-07 07:00:00+00:00,59.618,59.776,58.772,59.347,6709,17,0
2025-04-07 08:00:00+00:00,59.35,59.909,59.219,59.291,5817,17,0
2025-04-07 09:00:00+00:00,59.282,59.742,58.982,59.38,5433,17,0
2025-04-07 10:00:00+00:00,59.374,60.213,59.314,60.141,6071,17,0
2025-04-07 11:00:00+00:00,60.132,60.567,60.018,60.121,6686,17,0
2025-04-07 12:00:00+00:00,60.13,61.031,59.951,60.738,8592,17,0
2025-04-07 13:00:00+00:00,60.724,61.193,59.86,61.13,12386,17,0
2025-04-07 14:00:00+00:00,61.125,63.631,60.668,60.911,24772,17,0
2025-04-07 15:00:00+00:00,60.917,61.278,59.727,60.621,16499,17,0
2025-04-07 16:00:00+00:00,60.616,61.075,60.349,60.58,8738,17,0
2025-04-07 17:00:00+00:00,60.591,61.489,60.59,61.024,9645,17,0
2025-04-07 18:00:00+00:00,61.02,61.231,60.383,60.602,7542,17,0
2025-04-07 19:00:00+00:00,60.611,61.052,60.437,60.702,4982,17,0
2025-04-07 20:00:00+00:00,60.712,60.912,60.691,60.895,1350,17,0
2025-04-07 22:00:00+00:00,60.923,61.117,60.886,61.113,363,26,0
2025-04-07 23:00:00+00:00,61.104,61.185,60.97,61.025,399,26,0
2025-04-08 00:00:00+00:00,61.022,61.429,60.805,61.024,1691,26,0
2025-04-08 01:00:00+00:00,61.017,61.215,60.82,61.214,2773,17,0
2025-04-08 02:00:00+00:00,61.218,61.505,61.173,61.4,1345,17,0
2025-04-08 03:00:00+00:00,61.403,61.423,61.122,61.32,1546,17,0
2025-04-08 04:00:00+00:00,61.317,61.466,61.283,61.458,757,17,0
2025-04-08 05:00:00+00:00,61.463,61.483,61.094,61.139,1785,17,0
2025-04-08 06:00:00+00:00,61.135,61.277,60.931,61.207,2765,17,0
2025-04-08 07:00:00+00:00,61.204,61.296,59.954,60.168,5416,17,0
2025-04-08 08:00:00+00:00,60.183,60.81,60.025,60.693,5887,17,0
2025-04-08 09:00:00+00:00,60.686,60.781,60.377,60.551,4963,17,0
2025-04-08 10:00:00+00:00,60.556,60.919,60.471,60.497,3638,17,0
2025-04-08 11:00:00+00:00,60.501,60.998,60.409,60.983,3972,17,0
2025-04-08 12:00:00+00:00,60.987,61.065,60.703,60.87,3860,17,0
2025-04-08 13:00:00+00:00,60.865,61.422,60.481,60.975,8339,17,0
2025-04-08 14:00:00+00:00,60.979,61.408,60.552,60.557,8498,17,0
2025-04-08 15:00:00+00:00,60.55,61.203,60.176,61.105,8542,17,0
2025-04-08 16:00:00+00:00,61.095,61.095,59.372,59.54,9527,17,0
2025-04-08 17:00:00+00:00,59.548,60.014,59.031,59.67,10911,17,0
2025-04-08 18:00:00+00:00,59.675,59.725,58.57,58.749,4747,17,0
2025-04-08 19:00:00+00:00,58.757,58.805,57.653,58.228,6077,17,0
2025-04-08 20:00:00+00:00,58.229,58.352,57.84,57.906,1486,17,0
2025-04-08 22:00:00+00:00,57.976,58.062,57.297,57.592,666,26,0
2025-04-08 23:00:00+00:00,57.598,57.613,56.909,57.272,1153,26,0
2025-04-09 00:00:00+00:00,57.266,57.742,56.409,56.496,2767,26,0
2025-04-09 01:00:00+00:00,56.5,57.148,56.438,57.124,4043,26,0
2025-04-09 02:00:00+00:00,57.136,57.425,57.112,57.277,2704,17,0
2025-04-09 03:00:00+00:00,57.273,57.445,56.707,56.74,2325,17,0
2025-04-09 04:00:00+00:00,56.736,56.838,56.53,56.689,2193,17,0
2025-04-09 05:00:00+00:00,56.695,57.234,56.419,57.169,3014,17,0
2025-04-09 06:00:00+00:00,57.177,57.78,57.167,57.709,3707,17,0
2025-04-09 07:00:00+00:00,57.713,57.867,57.247,57.578,7204,17,0
2025-04-09 08:00:00+00:00,57.593,57.757,56.832,57.335,6656,17,0
2025-04-09 09:00:00+00:00,57.333,57.651,56.644,56.648,5279,17,0
2025-04-09 10:00:00+00:00,56.644,57.12,56.188,56.904,5913,17,0
2025-04-09 11:00:00+00:00,56.897,56.919,54.767,55.034,14180,17,0
2025-04-09 12:00:00+00:00,55.029,56.054,55.022,55.773,8356,17,0
2025-04-09 13:00:00+00:00,55.767,57.64,55.744,57.01,15927,17,0
2025-04-09 14:00:00+00:00,56.998,57.252,55.72,55.771,11326,17,0
2025-04-09 15:00:00+00:00,55.766,57.162,55.729,56.821,9343,17,0
2025-04-09 16:00:00+00:00,56.822,57.196,56.638,56.892,5550,17,0
2025-04-09 17:00:00+00:00,56.897,61.842,56.067,61.26,21806,17,0
2025-04-09 18:00:00+00:00,61.237,62.492,61.005,61.108,9890,17,0
2025-04-09 19:00:00+00:00,61.115,62.354,61.115,62.043,4379,17,0
2025-04-09 20:00:00+00:00,62.054,62.433,61.878,62.196,1904,17,0
2025-04-09 22:00:00+00:00,62.705,62.755,62.428,62.606,473,26,0
2025-04-09 23:00:00+00:00,62.611,62.685,62.387,62.452,487,26,0
2025-04-10 00:00:00+00:00,62.444,62.598,61.682,61.799,2436,26,0
2025-04-10 01:00:00+00:00,61.803,61.9,61.11,61.463,4440,26,0
2025-04-10 02:00:00+00:00,61.454,61.701,61.236,61.311,2186,17,0
2025-04-10 03:00:00+00:00,61.317,61.398,60.988,61.17,1768,17,0
2025-04-10 04:00:00+00:00,61.174,61.271,60.992,61.259,929,26,0
2025-04-10 05:00:00+00:00,61.259,61.437,61.024,61.384,1680,17,0
2025-04-10 06:00:00+00:00,61.378,61.733,61.378,61.607,3222,17,0
2025-04-10 07:00:00+00:00,61.613,61.786,60.182,60.276,6291,17,0
2025-04-10 08:00:00+00:00,60.289,60.529,59.798,59.857,6507,17,0
2025-04-10 09:00:00+00:00,59.848,60.432,59.675,60.318,4833,17,0
2025-04-10 10:00:00+00:00,60.33,60.573,60.158,60.315,4221,17,0
2025-04-10 11:00:00+00:00,60.301,60.547,59.855,60.117,4157,17,0
2025-04-10 12:00:00+00:00,60.101,60.398,59.624,59.789,5141,17,0
2025-04-10 13:00:00+00:00,59.782,60.042,58.754,58.795,9867,17,0
2025-04-10 14:00:00+00:00,58.798,59.498,58.36,58.774,11168,17,0
2025-04-10 15:00:00+00:00,58.77,60.02,58.762,59.192,8030,17,0
2025-04-10 16:00:00+00:00,59.185,59.326,58.608,59.169,8638,17,0
2025-04-10 17:00:00+00:00,59.165,59.813,58.849,59.697,7627,17,0
2025-04-10 18:00:00+00:00,59.692,60.091,59.353,59.983,6757,17,0
2025-04-10 19:00:00+00:00,59.987,60.133,59.63,60.001,4608,17,0
2025-04-10 20:00:00+00:00,60.002,60.033,59.686,59.738,1045,17,0
2025-04-10 22:00:00+00:00,59.708,59.777,59.636,59.655,283,26,0
2025-04-10 23:00:00+00:00,59.662,59.676,59.375,59.405,594,26,0
2025-04-11 00:00:00+00:00,59.403,59.646,59.214,59.398,2677,26,0
2025-04-11 01:00:00+00:00,59.395,59.573,59.169,59.298,3091,17,0
2025-04-11 02:00:00+00:00,59.295,59.338,59.041,59.287,2373,17,0
2025-04-11 03:00:00+00:00,59.282,59.562,59.271,59.372,1770,17,0
2025-04-11 04:00:00+00:00,59.377,59.529,59.29,59.488,930,17,0
2025-04-11 05:00:00+00:00,59.491,60.213,59.423,60.193,2131,17,0
2025-04-11 06:00:00+00:00,60.199,60.679,60.111,60.49,2894,17,0
2025-04-11 07:00:00+00:00,60.484,60.551,59.978,60.436,4862,17,0
2025-04-11 08:00:00+00:00,60.45,60.471,59.417,59.739,7590,17,0
2025-04-11 09:00:00+00:00,59.731,60.053,59.15,60.044,6290,17,0
2025-04-11 10:00:00+00:00,60.062,60.304,59.615,59.717,5047,17,0
2025-04-11 11:00:00+00:00,59.72,59.835,59.417,59.58,3982,17,0
2025-04-11 12:00:00+00:00,59.574,59.953,59.548,59.591,4170,17,0
2025-04-11 13:00:00+00:00,59.596,59.955,59.113,59.643,9178,17,0
2025-04-11 14:00:00+00:00,59.649,59.837,59.349,59.585,9352,17,0
2025-04-11 15:00:00+00:00,59.578,60.157,59.485,60.13,7383,17,0
2025-04-11 16:00:00+00:00,60.134,60.529,60.016,60.517,4007,17,0
2025-04-11 17:00:00+00:00,60.517,61.289,60.474,61.113,4993,17,0
2025-04-11 18:00:00+00:00,61.11,61.174,60.811,60.998,4450,17,0
2025-04-11 19:00:00+00:00,61.002,61.214,60.938,60.986,1890,17,0
2025-04-11 20:00:00+00:00,60.981,61.052,60.933,60.992,608,17,0
2025-04-13 22:00:00+00:00,61.136,61.146,60.694,60.713,1053,17,0
2025-04-13 23:00:00+00:00,60.71,60.996,60.578,60.789,1193,17,0
2025-04-14 00:00:00+00:00,60.791,61.155,60.789,60.949,1334,17,0
2025-04-14 01:00:00+00:00,60.949,60.976,60.678,60.882,2605,17,0
2025-04-14 02:00:00+00:00,60.88,60.913,60.627,60.752,1234,17,0
2025-04-14 03:00:00+00:00,60.753,60.833,60.627,60.761,857,17,0
2025-04-14 04:00:00+00:00,60.763,60.838,60.707,60.804,503,17,0
2025-04-14 05:00:00+00:00,60.808,61.122,60.779,61.02,1274,17,0
2025-04-14 06:00:00+00:00,61.022,61.207,60.879,60.929,1760,17,0
2025-04-14 07:00:00+00:00,60.929,61.361,60.741,61.142,2886,17,0
2025-04-14 08:00:00+00:00,61.141,61.46,60.925,61.428,3160,17,0
2025-04-14 09:00:00+00:00,61.426,61.614,61.265,61.512,2005,17,0
2025-04-14 10:00:00+00:00,61.513,61.831,61.465,61.818,1592,17,0
2025-04-14 11:00:00+00:00,61.816,62.126,61.734,61.781,2320,17,0
2025-04-14 12:00:00+00:00,61.781,61.921,61.668,61.82,2420,17,0
2025-04-14 13:00:00+00:00,61.817,61.817,61.047,61.173,5272,17,0
2025-04-14 14:00:00+00:00,61.187,61.456,61.043,61.195,2855,17,0
2025-04-14 15:00:00+00:00,61.199,61.228,60.502,60.572,4921,17,0
2025-04-14 16:00:00+00:00,60.578,60.724,60.151,60.445,4253,17,0
2025-04-14 17:00:00+00:00,60.446,60.818,60.31,60.672,4107,17,0
2025-04-14 18:00:00+00:00,60.67,61.174,60.657,61.096,2157,17,0
2025-04-14 19:00:00+00:00,61.096,61.245,61.096,61.153,1169,17,0
2025-04-14 20:00:00+00:00,61.153,61.226,61.121,61.153,408,17,0
2025-04-14 22:00:00+00:00,61.05,61.141,61.037,61.09,148,17,0
2025-04-14 23:00:00+00:00,61.091,61.141,61.047,61.141,143,17,0
2025-04-15 00:00:00+00:00,61.147,61.391,61.112,61.275,777,17,0
2025-04-15 01:00:00+00:00,61.271,61.306,61.107,61.141,1159,17,0
2025-04-15 02:00:00+00:00,61.142,61.24,61.075,61.152,711,17,0
2025-04-15 03:00:00+00:00,61.15,61.235,61.061,61.216,496,17,0
2025-04-15 04:00:00+00:00,61.217,61.305,61.181,61.293,385,17,0
2025-04-15 05:00:00+00:00,61.299,61.38,61.113,61.281,964,17,0
2025-04-15 06:00:00+00:00,61.282,61.45,61.159,61.405,1273,17,0
2025-04-15 07:00:00+00:00,61.399,61.583,61.308,61.372,1864,17,0
2025-04-15 08:00:00+00:00,61.374,61.408,60.823,61.022,3085,17,0
2025-04-15 09:00:00+00:00,61.021,61.155,60.595,60.612,2207,17,0
2025-04-15 10:00:00+00:00,60.599,61.008,60.535,60.694,2161,17,0
2025-04-15 11:00:00+00:00,60.705,60.919,60.54,60.579,2408,17,0
2025-04-15 12:00:00+00:00,60.571,60.683,60.436,60.584,2337,17,0
2025-04-15 13:00:00+00:00,60.567,61.238,60.564,61.172,4169,17,0
2025-04-15 14:00:00+00:00,61.176,61.349,60.624,60.897,6591,17,0
2025-04-15 15:00:00+00:00,60.893,60.934,60.41,60.525,4014,17,0
2025-04-15 16:00:00+00:00,60.525,60.851,60.513,60.688,2241,17,0
2025-04-15 17:00:00+00:00,60.688,60.882,60.624,60.75,2090,17,0
2025-04-15 18:00:00+00:00,60.753,60.909,60.668,60.87,1669,17,0
2025-04-15 19:00:00+00:00,60.869,61.032,60.848,60.954,867,17,0
2025-04-15 20:00:00+00:00,60.954,60.978,60.895,60.975,491,17,0
2025-04-15 22:00:00+00:00,60.88,60.9,60.825,60.86,196,17,0
2025-04-15 23:00:00+00:00,60.856,60.894,60.719,60.877,282,17,0
2025-04-16 00:00:00+00:00,60.873,60.905,60.74,60.791,669,17,0
2025-04-16 01:00:00+00:00,60.786,60.948,60.657,60.729,1192,17,0
2025-04-16 02:00:00+00:00,60.732,60.75,60.554,60.573,843,17,0
2025-04-16 03:00:00+00:00,60.569,60.617,60.513,60.529,577,17,0
2025-04-16 04:00:00+00:00,60.523,60.712,60.523,60.645,352,17,0
2025-04-16 05:00:00+00:00,60.642,60.642,59.864,59.918,2440,17,0
2025-04-16 06:00:00+00:00,59.911,60.18,59.884,60.052,1637,17,0
2025-04-16 07:00:00+00:00,60.057,60.477,60.02,60.313,2159,17,0
2025-04-16 08:00:00+00:00,60.313,61.583,60.228,61.232,6111,17,0
2025-04-16 09:00:00+00:00,61.234,61.47,61.154,61.215,2761,17,0
2025-04-16 10:00:00+00:00,61.215,61.397,61.128,61.273,2090,17,0
2025-04-16 11:00:00+00:00,61.276,61.349,61.167,61.309,1704,17,0
2025-04-16 12:00:00+00:00,61.306,61.688,61.177,61.595,2057,17,0
2025-04-16 13:00:00+00:00,61.593,61.806,61.302,61.598,4027,17,0
2025-04-16 14:00:00+00:00,61.598,62.138,61.539,61.814,5093,17,0
2025-04-16 15:00:00+00:00,61.806,62.024,61.538,61.879,4257,17,0
2025-04-16 16:00:00+00:00,61.88,61.941,61.601,61.918,2635,17,0
2025-04-16 17:00:00+00:00,61.92,62.1,61.578,61.626,2789,17,0
2025-04-16 18:00:00+00:00,61.634,62.278,61.519,62.0,3369,17,0
2025-04-16 19:00:00+00:00,62.002,62.272,61.907,62.059,1891,17,0
2025-04-16 20:00:00+00:00,62.055,62.07,61.911,61.958,659,17,0
2025-04-16 22:00:00+00:00,62.042,62.35,62.04,62.18,420,17,0
2025-04-16 23:00:00+00:00,62.186,62.249,62.114,62.244,313,17,0
2025-04-17 00:00:00+00:00,62.243,62.29,61.942,62.115,1501,17,0
2025-04-17 01:00:00+00:00,62.121,62.275,62.001,62.238,1503,17,0
2025-04-17 02:00:00+00:00,62.234,62.443,62.17,62.403,1017,17,0
2025-04-17 03:00:00+00:00,62.399,62.492,62.344,62.484,764,17,0
2025-04-17 04:00:00+00:00,62.485,62.65,62.367,62.608,978,17,0
2025-04-17 05:00:00+00:00,62.609,62.784,62.524,62.546,902,17,0
2025-04-17 06:00:00+00:00,62.553,62.576,62.211,62.247,1432,17,0
2025-04-17 07:00:00+00:00,62.25,62.423,62.139,62.278,1899,17,0
2025-04-17 08:00:00+00:00,62.293,62.461,62.188,62.438,2095,17,0
2025-04-17 09:00:00+00:00,62.439,62.442,62.151,62.41,2122,17,0
2025-04-17 10:00:00+00:00,62.411,62.558,62.302,62.487,1966,17,0
2025-04-17 11:00:00+00:00,62.498,62.701,62.429,62.559,2069,17,0
2025-04-17 12:00:00+00:00,62.563,62.96,62.493,62.744,2863,17,0
2025-04-17 13:00:00+00:00,62.735,62.846,62.403,62.617,4290,17,0
2025-04-17 14:00:00+00:00,62.61,62.884,62.547,62.822,4072,17,0
2025-04-17 15:00:00+00:00,62.823,63.711,62.815,63.641,4290,17,0
2025-04-17 16:00:00+00:00,63.65,64.105,63.602,64.059,4473,17,0
2025-04-17 17:00:00+00:00,64.064,64.096,63.652,63.914,2859,17,0
2025-04-17 18:00:00+00:00,63.911,64.142,63.726,63.817,2737,17,0
2025-04-17 19:00:00+00:00,63.818,63.83,63.507,63.593,1317,17,0
2025-04-17 20:00:00+00:00,63.592,63.687,63.565,63.634,548,17,0
2025-04-20 22:00:00+00:00,63.139,63.316,62.98,63.084,471,26,0
2025-04-20 23:00:00+00:00,63.088,63.146,62.911,63.062,288,26,0
2025-04-21 00:00:00+00:00,63.067,63.341,62.995,63.035,803,17,0
2025-04-21 01:00:00+00:00,63.039,63.062,62.625,62.84,2432,17,0
2025-04-21 02:00:00+00:00,62.843,62.897,62.722,62.835,946,17,0
2025-04-21 03:00:00+00:00,62.839,62.976,62.729,62.964,778,17,0
2025-04-21 04:00:00+00:00,62.961,62.987,62.722,62.805,405,17,0
2025-04-21 05:00:00+00:00,62.81,63.062,62.784,63.062,844,17,0
2025-04-21 06:00:00+00:00,63.06,63.119,62.88,62.962,1147,17,0
2025-04-21 07:00:00+00:00,62.963,62.994,62.786,62.797,979,17,0
2025-04-21 08:00:00+00:00,62.799,62.95,62.406,62.497,2104,17,0
2025-04-21 09:00:00+00:00,62.495,62.537,62.006,62.01,1669,17,0
2025-04-21 10:00:00+00:00,62.007,62.406,62.005,62.308,1477,17,0
2025-04-21 11:00:00+00:00,62.317,62.487,62.224,62.408,1647,17,0
2025-04-21 12:00:00+00:00,62.405,62.497,62.255,62.36,1544,17,0
2025-04-21 13:00:00+00:00,62.355,62.458,61.681,61.831,4793,17,0
2025-04-21 14:00:00+00:00,61.827,62.481,61.775,62.25,4615,17,0
2025-04-21 15:00:00+00:00,62.243,62.406,61.955,61.973,3623,17,0
2025-04-21 16:00:00+00:00,61.975,62.236,61.883,62.097,2432,17,0
2025-04-21 17:00:00+00:00,62.097,62.404,62.041,62.387,2009,17,0
2025-04-21 18:00:00+00:00,62.38,62.644,62.144,62.603,2006,17,0
2025-04-21 19:00:00+00:00,62.603,62.794,62.577,62.767,1132,17,0
2025-04-21 20:00:00+00:00,62.769,62.769,62.577,62.644,404,17,0
2025-04-21 22:00:00+00:00,62.689,62.721,62.645,62.689,111,26,0
2025-04-21 23:00:00+00:00,62.686,62.877,62.658,62.877,218,17,0
2025-04-22 00:00:00+00:00,62.873,63.018,62.776,62.889,714,17,0
2025-04-22 01:00:00+00:00,62.881,63.127,62.842,62.896,1455,17,0
2025-04-22 02:00:00+00:00,62.892,62.943,62.688,62.753,883,17,0
2025-04-22 03:00:00+00:00,62.754,62.785,62.626,62.679,762,17,0
2025-04-22 04:00:00+00:00,62.683,62.761,62.68,62.728,250,17,0
2025-04-22 05:00:00+00:00,62.725,62.852,62.646,62.664,692,17,0
2025-04-22 06:00:00+00:00,62.671,63.05,62.635,63.018,1354,17,0
2025-04-22 07:00:00+00:00,63.02,63.261,62.924,63.232,1816,17,0
2025-04-22 08:00:00+00:00,63.235,63.44,62.97,63.164,2520,17,0
2025-04-22 09:00:00+00:00,63.167,63.421,63.156,63.387,1555,17,0
2025-04-22 10:00:00+00:00,63.389,63.429,63.13,63.185,1523,17,0
2025-04-22 11:00:00+00:00,63.183,63.4,63.051,63.181,1539,17,0
2025-04-22 12:00:00+00:00,63.176,63.256,63.028,63.205,2251,17,0
2025-04-22 13:00:00+00:00,63.212,63.267,62.801,62.963,4123,17,0
2025-04-22 14:00:00+00:00,62.963,63.334,62.928,63.167,3644,17,0
2025-04-22 15:00:00+00:00,63.159,64.08,63.102,64.056,4042,17,0
2025-04-22 16:00:00+00:00,64.057,64.229,63.999,64.134,3038,17,0
2025-04-22 17:00:00+00:00,64.132,64.152,63.389,63.52,5088,17,0
2025-04-22 18:00:00+00:00,63.524,63.671,63.308,63.374,2392,17,0
2025-04-22 19:00:00+00:00,63.371,63.41,63.3,63.395,1096,17,0
2025-04-22 20:00:00+00:00,63.394,63.464,63.315,63.383,696,17,0
2025-04-22 22:00:00+00:00,63.997,64.308,63.838,64.233,849,26,0
2025-04-22 23:00:00+00:00,64.235,64.266,64.068,64.087,411,17,0
2025-04-23 00:00:00+00:00,64.088,64.232,63.873,64.175,1504,17,0
2025-04-23 01:00:00+00:00,64.176,64.18,63.853,63.901,2166,17,0
2025-04-23 02:00:00+00:00,63.903,64.003,63.847,63.882,881,17,0
2025-04-23 03:00:00+00:00,63.883,64.077,63.757,64.038,749,17,0
2025-04-23 04:00:00+00:00,64.035,64.093,64.0,64.085,491,17,0
2025-04-23 05:00:00+00:00,64.086,64.231,64.057,64.204,843,17,0
2025-04-23 06:00:00+00:00,64.204,64.667,64.166,64.538,1865,17,0
2025-04-23 07:00:00+00:00,64.536,64.629,64.398,64.45,1954,17,0
2025-04-23 08:00:00+00:00,64.451,64.708,64.292,64.572,2225,17,0
2025-04-23 09:00:00+00:00,64.583,64.653,64.15,64.36,2070,17,0
2025-04-23 10:00:00+00:00,64.361,64.429,64.097,64.179,2098,17,0
2025-04-23 11:00:00+00:00,64.18,64.185,63.505,63.505,2666,17,0
2025-04-23 12:00:00+00:00,63.506,63.6,62.486,63.073,5569,17,0
2025-04-23 13:00:00+00:00,63.069,63.772,62.782,63.333,7698,17,0
2025-04-23 14:00:00+00:00,63.338,63.445,61.37,62.342,10599,17,0
2025-04-23 15:00:00+00:00,62.333,62.63,61.599,61.694,6731,17,0
2025-04-23 16:00:00+00:00,61.695,62.455,61.557,61.915,5104,17,0
2025-04-23 17:00:00+00:00,61.92,61.993,61.528,61.95,3085,17,0
2025-04-23 18:00:00+00:00,61.949,62.249,61.941,62.051,2679,17,0
2025-04-23 19:00:00+00:00,62.057,62.219,61.969,62.155,1259,17,0
2025-04-23 20:00:00+00:00,62.159,62.239,62.115,62.226,644,17,0
2025-04-23 22:00:00+00:00,62.007,62.121,62.003,62.043,160,26,0
2025-04-23 23:00:00+00:00,62.047,62.132,62.047,62.112,124,26,0
2025-04-24 00:00:00+00:00,62.115,62.251,61.926,62.15,795,26,0
2025-04-24 01:00:00+00:00,62.154,62.362,62.128,62.255,1190,17,0
2025-04-24 02:00:00+00:00,62.258,62.306,62.05,62.069,735,17,0
2025-04-24 03:00:00+00:00,62.066,62.21,62.016,62.17,634,17,0
2025-04-24 04:00:00+00:00,62.165,62.206,62.106,62.188,339,17,0
2025-04-24 05:00:00+00:00,62.184,62.218,61.997,61.997,578,17,0
2025-04-24 06:00:00+00:00,62.001,62.593,62.001,62.578,1489,17,0
2025-04-24 07:00:00+00:00,62.572,62.821,62.544,62.699,1931,17,0
2025-04-24 08:00:00+00:00,62.708,62.797,62.293,62.392,2543,17,0
2025-04-24 09:00:00+00:00,62.395,62.529,62.121,62.45,2091,17,0
2025-04-24 10:00:00+00:00,62.453,62.873,62.407,62.801,1806,17,0
2025-04-24 11:00:00+00:00,62.803,63.088,62.73,62.917,2212,17,0
2025-04-24 12:00:00+00:00,62.918,63.12,62.641,62.754,2773,17,0
2025-04-24 13:00:00+00:00,62.759,63.1,62.572,62.755,4735,17,0
2025-04-24 14:00:00+00:00,62.754,62.797,61.808,62.511,5801,17,0
2025-04-24 15:00:00+00:00,62.508,62.515,62.008,62.148,4715,17,0
2025-04-24 16:00:00+00:00,62.142,62.794,61.992,62.707,3274,17,0
2025-04-24 17:00:00+00:00,62.708,62.768,62.521,62.755,2376,17,0
2025-04-24 18:00:00+00:00,62.756,62.765,62.476,62.491,1775,17,0
2025-04-24 19:00:00+00:00,62.489,62.54,62.392,62.523,966,17,0
2025-04-24 20:00:00+00:00,62.522,62.605,62.518,62.584,458,17,0
2025-04-24 22:00:00+00:00,62.636,62.665,62.595,62.63,134,17,0
2025-04-24 23:00:00+00:00,62.634,62.65,62.599,62.628,156,17,0
2025-04-25 00:00:00+00:00,62.628,62.914,62.602,62.826,832,17,0
2025-04-25 01:00:00+00:00,62.827,62.888,62.588,62.634,1250,17,0
2025-04-25 02:00:00+00:00,62.632,62.811,62.631,62.79,903,17,0
2025-04-25 03:00:00+00:00,62.784,63.027,62.777,62.941,873,17,0
2025-04-25 04:00:00+00:00,62.943,63.134,62.917,63.098,578,17,0
2025-04-25 05:00:00+00:00,63.099,63.116,62.819,62.84,933,17,0
2025-04-25 06:00:00+00:00,62.837,63.06,62.642,63.054,1514,17,0
2025-04-25 07:00:00+00:00,63.056,63.091,62.558,62.648,2570,17,0
2025-04-25 08:00:00+00:00,62.667,62.781,62.382,62.549,2548,17,0
2025-04-25 09:00:00+00:00,62.548,62.581,62.103,62.254,2518,17,0
2025-04-25 10:00:00+00:00,62.253,62.674,61.632,61.654,4000,17,0
2025-04-25 11:00:00+00:00,61.66,61.887,61.607,61.817,3163,17,0
2025-04-25 12:00:00+00:00,61.816,61.887,61.623,61.755,2413,17,0
2025-04-25 13:00:00+00:00,61.758,62.396,61.672,62.268,4282,17,0
2025-04-25 14:00:00+00:00,62.277,62.494,62.081,62.221,3853,17,0
2025-04-25 15:00:00+00:00,62.217,62.739,62.206,62.711,3362,17,0
2025-04-25 16:00:00+00:00,62.712,62.897,62.615,62.787,2305,17,0
2025-04-25 17:00:00+00:00,62.789,63.069,62.529,62.569,3299,17,0
2025-04-25 18:00:00+00:00,62.575,62.925,62.544,62.856,2285,17,0
2025-04-25 19:00:00+00:00,62.857,63.114,62.857,62.965,1289,17,0
2025-04-25 20:00:00+00:00,62.957,63.159,62.896,62.943,599,17,0
2025-04-27 22:00:00+00:00,62.932,63.439,62.849,63.114,894,26,0
2025-04-27 23:00:00+00:00,63.116,63.163,62.812,62.85,608,26,0
2025-04-28 00:00:00+00:00,62.85,63.007,62.809,62.898,1232,17,0
2025-04-28 01:00:00+00:00,62.901,63.119,62.689,62.708,2128,17,0
2025-04-28 02:00:00+00:00,62.707,62.76,62.626,62.65,956,17,0
2025-04-28 03:00:00+00:00,62.648,63.029,62.639,62.915,1096,17,0
2025-04-28 04:00:00+00:00,62.917,63.089,62.882,63.047,498,17,0
2025-04-28 05:00:00+00:00,63.048,63.196,63.0,63.175,1237,17,0
2025-04-28 06:00:00+00:00,63.179,63.26,62.96,63.06,1570,17,0
2025-04-28 07:00:00+00:00,63.06,63.06,62.824,62.864,1962,17,0
2025-04-28 08:00:00+00:00,62.871,62.954,62.632,62.672,2115,17,0
2025-04-28 09:00:00+00:00,62.676,62.709,62.49,62.493,1726,17,0
2025-04-28 10:00:00+00:00,62.497,62.569,62.317,62.475,1751,17,0
2025-04-28 11:00:00+00:00,62.481,62.686,62.37,62.616,2018,17,0
2025-04-28 12:00:00+00:00,62.621,62.831,62.434,62.681,2506,17,0
2025-04-28 13:00:00+00:00,62.677,62.926,62.123,62.146,4852,17,0
2025-04-28 14:00:00+00:00,62.149,62.289,61.803,61.877,5986,17,0
2025-04-28 15:00:00+00:00,61.876,61.992,61.438,61.58,4942,17,0
2025-04-28 16:00:00+00:00,61.579,61.666,61.293,61.367,2833,17,0
2025-04-28 17:00:00+00:00,61.368,61.614,61.237,61.569,2439,17,0
2025-04-28 18:00:00+00:00,61.565,61.857,61.539,61.72,2066,17,0
2025-04-28 19:00:00+00:00,61.718,61.811,61.706,61.747,956,17,0
2025-04-28 20:00:00+00:00,61.75,61.75,61.582,61.585,466,17,0
2025-04-28 22:00:00+00:00,61.69,61.783,61.629,61.691,217,26,0
2025-04-28 23:00:00+00:00,61.689,61.748,61.683,61.728,179,17,0
2025-04-29 00:00:00+00:00,61.729,61.729,61.502,61.585,1084,17,0
2025-04-29 01:00:00+00:00,61.586,61.715,61.487,61.647,1748,17,0
2025-04-29 02:00:00+00:00,61.647,61.793,61.375,61.407,1381,17,0
2025-04-29 03:00:00+00:00,61.401,61.5,61.288,61.392,1014,17,0
2025-04-29 04:00:00+00:00,61.392,61.403,61.217,61.259,616,17,0
2025-04-29 05:00:00+00:00,61.255,61.303,60.966,61.147,1591,17,0
2025-04-29 06:00:00+00:00,61.152,61.293,61.019,61.117,1565,17,0
2025-04-29 07:00:00+00:00,61.116,61.195,60.809,60.909,2133,17,0
2025-04-29 08:00:00+00:00,60.917,61.35,60.644,60.665,3145,17,0
2025-04-29 09:00:00+00:00,60.672,61.167,60.64,60.909,3129,17,0
2025-04-29 10:00:00+00:00,60.912,61.044,60.578,60.757,2418,17,0
2025-04-29 11:00:00+00:00,60.745,60.841,60.525,60.798,2481,17,0
2025-04-29 12:00:00+00:00,60.797,60.958,60.451,60.579,3044,17,0
2025-04-29 13:00:00+00:00,60.583,60.891,60.52,60.641,5279,17,0
2025-04-29 14:00:00+00:00,60.644,60.711,60.174,60.481,4776,17,0
2025-04-29 15:00:00+00:00,60.476,60.819,60.351,60.386,4133,17,0
2025-04-29 16:00:00+00:00,60.391,60.51,60.043,60.088,3144,17,0
2025-04-29 17:00:00+00:00,60.088,60.433,60.085,60.378,2552,17,0
2025-04-29 18:00:00+00:00,60.373,60.389,60.0,60.09,2688,17,0
2025-04-29 19:00:00+00:00,60.089,60.188,60.006,60.037,1165,17,0
2025-04-29 20:00:00+00:00,60.036,60.057,59.898,59.913,646,17,0
2025-04-29 22:00:00+00:00,59.943,60.022,59.943,59.979,212,17,0
2025-04-29 23:00:00+00:00,59.975,60.01,59.949,60.01,148,17,0
2025-04-30 00:00:00+00:00,60.012,60.07,59.937,59.987,839,17,0
2025-04-30 01:00:00+00:00,59.988,60.158,59.95,59.959,1513,17,0
2025-04-30 02:00:00+00:00,59.958,60.121,59.597,59.638,1229,17,0
2025-04-30 03:00:00+00:00,59.636,59.69,59.429,59.46,1298,17,0
2025-04-30 04:00:00+00:00,59.464,59.504,59.314,59.397,769,17,0
2025-04-30 05:00:00+00:00,59.402,59.537,59.28,59.366,1295,17,0
2025-04-30 06:00:00+00:00,59.367,59.503,59.299,59.465,1892,17,0
2025-04-30 07:00:00+00:00,59.465,59.469,59.066,59.214,2318,17,0
2025-04-30 08:00:00+00:00,59.227,59.276,58.945,59.134,2753,17,0
2025-04-30 09:00:00+00:00,59.131,59.808,59.127,59.805,3056,17,0
2025-04-30 10:00:00+00:00,59.794,59.806,59.513,59.697,1969,17,0
2025-04-30 11:00:00+00:00,59.693,59.759,59.565,59.671,1969,17,0
2025-04-30 12:00:00+00:00,59.671,59.845,59.157,59.307,3086,17,0
2025-04-30 13:00:00+00:00,59.302,59.729,58.887,58.933,5143,17,0
2025-04-30 14:00:00+00:00,58.929,59.588,58.88,59.238,5885,17,0
2025-04-30 15:00:00+00:00,59.234,59.848,57.733,57.892,9114,17,0
2025-04-30 16:00:00+00:00,57.896,58.517,57.665,57.766,6374,17,0
2025-04-30 17:00:00+00:00,57.76,58.243,57.747,57.982,3129,17,0
2025-04-30 18:00:00+00:00,57.989,58.786,57.792,57.913,5048,17,0
2025-04-30 19:00:00+00:00,57.914,57.941,57.772,57.889,1614,17,0
2025-04-30 20:00:00+00:00,57.897,58.141,57.876,57.999,1278,17,0
2025-04-30 22:00:00+00:00,58.095,58.16,58.021,58.058,331,17,0
2025-04-30 23:00:00+00:00,58.057,58.15,58.017,58.06,297,17,0
2025-05-01 00:00:00+00:00,58.061,58.13,57.91,57.964,1288,17,0
2025-05-01 01:00:00+00:00,57.962,57.979,57.841,57.967,986,17,0
2025-05-01 02:00:00+00:00,57.966,58.004,57.883,57.979,723,17,0
2025-05-01 03:00:00+00:00,57.979,58.031,57.727,57.764,829,17,0
2025-05-01 04:00:00+00:00,57.767,57.9,57.767,57.848,686,17,0
2025-05-01 05:00:00+00:00,57.843,57.979,57.832,57.894,907,17,0
2025-05-01 06:00:00+00:00,57.889,57.93,57.468,57.555,1264,17,0
2025-05-01 07:00:00+00:00,57.56,57.579,57.191,57.238,2064,17,0
2025-05-01 08:00:00+00:00,57.232,57.436,56.71,56.914,2955,17,0
2025-05-01 09:00:00+00:00,56.915,56.975,56.382,56.411,2676,17,0
2025-05-01 10:00:00+00:00,56.41,56.465,56.116,56.26,2826,17,0
2025-05-01 11:00:00+00:00,56.261,56.88,56.215,56.811,3278,17,0
2025-05-01 12:00:00+00:00,56.811,57.538,56.657,57.388,3837,17,0
2025-05-01 13:00:00+00:00,57.379,58.589,57.217,58.179,7874,17,0
2025-05-01 14:00:00+00:00,58.191,58.719,58.158,58.2,5817,17,0
2025-05-01 15:00:00+00:00,58.194,58.452,57.833,57.86,4913,17,0
2025-05-01 16:00:00+00:00,57.865,58.129,57.462,57.951,4978,17,0
2025-05-01 17:00:00+00:00,57.953,58.411,57.922,58.196,2996,17,0
2025-05-01 18:00:00+00:00,58.197,59.189,58.17,58.79,5608,17,0
2025-05-01 19:00:00+00:00,58.794,58.946,58.715,58.774,1865,17,0
2025-05-01 20:00:00+00:00,58.77,58.833,58.68,58.728,901,17,0
2025-05-01 22:00:00+00:00,58.492,58.526,58.426,58.519,198,26,0
2025-05-01 23:00:00+00:00,58.516,58.64,58.516,58.611,169,17,0
2025-05-02 00:00:00+00:00,58.61,59.177,58.605,59.16,1500,17,0
2025-05-02 01:00:00+00:00,59.158,59.413,59.129,59.383,1453,17,0
2025-05-02 02:00:00+00:00,59.383,59.538,59.31,59.473,921,17,0
2025-05-02 03:00:00+00:00,59.472,59.472,59.299,59.419,826,17,0
2025-05-02 04:00:00+00:00,59.421,59.446,59.254,59.365,783,17,0
2025-05-02 05:00:00+00:00,59.363,59.382,59.189,59.205,886,17,0
2025-05-02 06:00:00+00:00,59.202,59.403,59.005,59.038,1355,17,0
2025-05-02 07:00:00+00:00,59.04,59.208,58.859,58.868,2362,17,0
2025-05-02 08:00:00+00:00,58.88,59.153,58.525,58.549,3019,17,0
2025-05-02 09:00:00+00:00,58.554,58.705,58.385,58.583,2507,17,0
2025-05-02 10:00:00+00:00,58.58,58.734,58.47,58.661,2032,17,0
2025-05-02 11:00:00+00:00,58.667,58.899,58.247,58.356,2490,17,0
2025-05-02 12:00:00+00:00,58.355,58.919,58.193,58.885,3430,17,0
2025-05-02 13:00:00+00:00,58.873,59.005,57.813,57.996,5710,17,0
2025-05-02 14:00:00+00:00,57.994,58.386,57.446,58.039,7326,17,0
2025-05-02 15:00:00+00:00,58.049,58.37,57.746,58.129,4465,17,0
2025-05-02 16:00:00+00:00,58.134,58.695,57.505,57.71,4536,17,0
2025-05-02 17:00:00+00:00,57.708,58.06,57.476,57.892,3136,17,0
2025-05-02 18:00:00+00:00,57.884,58.168,57.83,57.878,2700,17,0
2025-05-02 19:00:00+00:00,57.881,58.326,57.83,58.275,1398,17,0
2025-05-02 20:00:00+00:00,58.268,58.36,58.208,58.212,582,17,0
2025-05-04 22:00:00+00:00,55.646,56.079,55.358,55.979,2566,26,0
2025-05-04 23:00:00+00:00,55.975,56.3,55.593,55.675,1368,26,0
2025-05-05 00:00:00+00:00,55.681,56.056,55.55,55.812,1261,26,0
2025-05-05 01:00:00+00:00,55.816,56.124,55.675,55.914,1351,17,0
2025-05-05 02:00:00+00:00,55.918,56.021,55.759,55.822,906,17,0
2025-05-05 03:00:00+00:00,55.818,55.878,55.672,55.814,963,17,0
2025-05-05 04:00:00+00:00,55.818,55.835,55.66,55.732,580,17,0
2025-05-05 05:00:00+00:00,55.736,56.149,55.732,56.105,771,17,0
2025-05-05 06:00:00+00:00,56.108,56.443,56.108,56.345,1272,17,0
2025-05-05 07:00:00+00:00,56.34,56.858,56.242,56.635,2932,17,0
2025-05-05 08:00:00+00:00,56.635,56.965,56.552,56.772,3279,17,0
2025-05-05 09:00:00+00:00,56.768,57.252,56.642,57.233,2599,17,0
2025-05-05 10:00:00+00:00,57.235,57.333,57.073,57.156,1722,17,0
2025-05-05 11:00:00+00:00,57.154,57.435,57.071,57.086,2043,17,0
2025-05-05 12:00:00+00:00,57.089,57.217,56.688,57.021,2764,17,0
2025-05-05 13:00:00+00:00,57.017,57.379,56.956,57.206,4303,17,0
2025-05-05 14:00:00+00:00,57.219,57.22,56.373,56.481,4834,17,0
2025-05-05 15:00:00+00:00,56.48,56.645,56.224,56.624,3614,17,0
2025-05-05 16:00:00+00:00,56.62,57.039,56.62,56.824,3185,17,0
2025-05-05 17:00:00+00:00,56.825,57.024,56.73,56.973,2376,17,0
2025-05-05 18:00:00+00:00,56.969,57.05,56.837,56.92,2051,17,0
2025-05-05 19:00:00+00:00,56.919,56.953,56.749,56.785,1061,17,0
2025-05-05 20:00:00+00:00,56.785,56.982,56.746,56.94,533,17,0
2025-05-05 22:00:00+00:00,56.872,56.952,56.846,56.934,190,17,0
2025-05-05 23:00:00+00:00,56.934,56.951,56.898,56.905,137,17,0
2025-05-06 00:00:00+00:00,56.9,57.095,56.784,57.084,814,17,0
2025-05-06 01:00:00+00:00,57.081,57.842,57.075,57.761,4472,17,0
2025-05-06 02:00:00+00:00,57.757,57.869,57.526,57.755,2137,17,0
2025-05-06 03:00:00+00:00,57.754,57.855,57.715,57.774,1052,17,0
2025-05-06 04:00:00+00:00,57.776,57.842,57.739,57.811,486,17,0
2025-05-06 05:00:00+00:00,57.807,57.84,57.663,57.668,1049,17,0
2025-05-06 06:00:00+00:00,57.666,58.037,57.659,57.988,1551,17,0
2025-05-06 07:00:00+00:00,57.988,58.252,57.947,58.1,2261,17,0
2025-05-06 08:00:00+00:00,58.104,58.344,57.889,58.322,3110,17,0
2025-05-06 09:00:00+00:00,58.326,58.563,58.237,58.492,2813,17,0
2025-05-06 10:00:00+00:00,58.493,58.566,57.97,57.98,2367,17,0
2025-05-06 11:00:00+00:00,57.992,58.201,57.99,58.181,1989,17,0
2025-05-06 12:00:00+00:00,58.182,58.457,58.094,58.389,2446,17,0
2025-05-06 13:00:00+00:00,58.397,59.095,58.277,59.043,5041,17,0
2025-05-06 14:00:00+00:00,59.039,59.378,58.897,59.011,3655,17,0
2025-05-06 15:00:00+00:00,59.013,59.352,58.965,59.28,3011,17,0
2025-05-06 16:00:00+00:00,59.267,59.518,58.792,58.821,3667,17,0
2025-05-06 17:00:00+00:00,58.82,59.066,58.79,59.066,2327,17,0
2025-05-06 18:00:00+00:00,59.065,59.164,58.707,58.754,2109,17,0
2025-05-06 19:00:00+00:00,58.746,58.848,58.655,58.818,948,17,0
2025-05-06 20:00:00+00:00,58.821,58.85,58.579,58.603,733,17,0
2025-05-06 22:00:00+00:00,59.084,59.355,59.041,59.137,614,26,0
2025-05-06 23:00:00+00:00,59.14,59.327,59.04,59.233,460,26,0
2025-05-07 00:00:00+00:00,59.225,59.415,59.178,59.384,1343,17,0
2025-05-07 01:00:00+00:00,59.387,59.406,59.094,59.195,2184,17,0
2025-05-07 02:00:00+00:00,59.197,59.26,59.103,59.252,1340,17,0
2025-05-07 03:00:00+00:00,59.254,59.29,59.163,59.261,888,17,0
2025-05-07 04:00:00+00:00,59.259,59.409,59.243,59.394,548,17,0
2025-05-07 05:00:00+00:00,59.395,59.444,59.288,59.347,756,17,0
2025-05-07 06:00:00+00:00,59.344,59.611,59.283,59.575,1380,17,0
2025-05-07 07:00:00+00:00,59.579,59.841,59.543,59.721,2097,17,0
2025-05-07 08:00:00+00:00,59.719,59.913,59.419,59.435,2378,17,0
2025-05-07 09:00:00+00:00,59.434,59.479,59.027,59.125,2432,17,0
2025-05-07 10:00:00+00:00,59.129,59.302,58.963,59.236,1997,17,0
2025-05-07 11:00:00+00:00,59.242,59.441,59.199,59.382,1867,17,0
2025-05-07 12:00:00+00:00,59.387,59.402,58.763,58.896,2571,17,0
2025-05-07 13:00:00+00:00,58.887,58.892,58.375,58.6,4000,17,0
2025-05-07 14:00:00+00:00,58.6,58.713,58.233,58.449,3977,17,0
2025-05-07 15:00:00+00:00,58.45,58.837,58.029,58.154,4180,17,0
2025-05-07 16:00:00+00:00,58.153,58.273,57.97,58.164,2421,17,0
2025-05-07 17:00:00+00:00,58.161,58.231,57.791,57.934,2035,17,0
2025-05-07 18:00:00+00:00,57.932,58.022,57.545,57.888,3029,17,0
2025-05-07 19:00:00+00:00,57.889,57.902,57.602,57.817,1783,17,0
2025-05-07 20:00:00+00:00,57.808,57.824,57.623,57.667,577,17,0
2025-05-07 22:00:00+00:00,57.583,57.657,57.583,57.615,134,26,0
2025-05-07 23:00:00+00:00,57.617,57.793,57.609,57.792,203,17,0
2025-05-08 00:00:00+00:00,57.79,57.896,57.699,57.885,967,17,0
2025-05-08 01:00:00+00:00,57.886,58.193,57.845,58.162,1660,17,0
2025-05-08 02:00:00+00:00,58.161,58.198,58.04,58.177,900,17,0
2025-05-08 03:00:00+00:00,58.168,58.322,58.158,58.289,649,17,0
2025-05-08 04:00:00+00:00,58.287,58.365,58.15,58.219,527,17,0
2025-05-08 05:00:00+00:00,58.218,58.36,58.142,58.345,1037,17,0
2025-05-08 06:00:00+00:00,58.346,58.357,57.85,58.015,2076,17,0
2025-05-08 07:00:00+00:00,58.016,58.206,57.922,58.116,1901,17,0
2025-05-08 08:00:00+00:00,58.116,58.481,58.04,58.462,2454,17,0
2025-05-08 09:00:00+00:00,58.463,58.588,58.318,58.511,1942,17,0
2025-05-08 10:00:00+00:00,58.512,58.886,58.396,58.791,1642,17,0
2025-05-08 11:00:00+00:00,58.79,58.909,58.68,58.839,1746,17,0
2025-05-08 12:00:00+00:00,58.838,58.955,58.484,58.594,2472,17,0
2025-05-08 13:00:00+00:00,58.604,59.262,58.499,59.199,4035,17,0
2025-05-08 14:00:00+00:00,59.203,59.538,59.06,59.256,4136,17,0
2025-05-08 15:00:00+00:00,59.255,59.706,59.154,59.642,4535,17,0
2025-05-08 16:00:00+00:00,59.639,59.697,59.308,59.651,2359,17,0
2025-05-08 17:00:00+00:00,59.648,59.648,59.499,59.614,1562,17,0
2025-05-08 18:00:00+00:00,59.609,59.756,59.521,59.636,1740,17,0
2025-05-08 19:00:00+00:00,59.637,59.74,59.587,59.692,967,17,0
2025-05-08 20:00:00+00:00,59.691,59.913,59.686,59.901,513,17,0
2025-05-08 22:00:00+00:00,59.875,59.907,59.818,59.819,188,17,0
2025-05-08 23:00:00+00:00,59.82,59.878,59.763,59.796,181,17,0
2025-05-09 00:00:00+00:00,59.794,59.842,59.604,59.625,812,17,0
2025-05-09 01:00:00+00:00,59.623,59.813,59.592,59.63,1356,17,0
2025-05-09 02:00:00+00:00,59.632,59.866,59.557,59.781,1004,17,0
2025-05-09 03:00:00+00:00,59.779,59.847,59.697,59.756,733,17,0
2025-05-09 04:00:00+00:00,59.754,59.909,59.733,59.899,1016,17,0
2025-05-09 05:00:00+00:00,59.897,59.98,59.849,59.878,877,17,0
2025-05-09 06:00:00+00:00,59.882,60.096,59.859,59.957,1244,17,0
2025-05-09 07:00:00+00:00,59.955,60.391,59.845,60.271,1990,17,0
2025-05-09 08:00:00+00:00,60.272,60.464,60.229,60.443,1614,17,0
2025-05-09 09:00:00+00:00,60.448,60.692,60.35,60.666,1334,17,0
2025-05-09 10:00:00+00:00,60.67,60.831,60.632,60.769,1474,17,0
2025-05-09 11:00:00+00:00,60.768,61.064,60.59,60.868,2494,17,0
2025-05-09 12:00:00+00:00,60.873,60.899,60.515,60.525,2007,17,0
2025-05-09 13:00:00+00:00,60.521,60.547,59.954,60.138,4229,17,0
2025-05-09 14:00:00+00:00,60.138,60.373,59.878,60.27,3313,17,0
2025-05-09 15:00:00+00:00,60.263,60.46,60.171,60.31,2652,17,0
2025-05-09 16:00:00+00:00,60.313,60.544,60.135,60.485,1973,17,0
2025-05-09 17:00:00+00:00,60.488,60.663,60.425,60.516,1784,17,0
2025-05-09 18:00:00+00:00,60.511,60.74,60.494,60.641,1518,17,0
2025-05-09 19:00:00+00:00,60.642,60.728,60.53,60.577,769,17,0
2025-05-09 20:00:00+00:00,60.574,60.711,60.556,60.711,297,17,0
2025-05-11 22:00:00+00:00,61.03,61.068,60.903,60.974,548,17,0
2025-05-11 23:00:00+00:00,60.968,61.062,60.929,60.953,527,17,0
2025-05-12 00:00:00+00:00,60.947,60.947,60.659,60.725,1137,17,0
2025-05-12 01:00:00+00:00,60.731,60.899,60.615,60.68,2038,17,0
2025-05-12 02:00:00+00:00,60.678,60.975,60.678,60.946,996,17,0
2025-05-12 03:00:00+00:00,60.947,61.045,60.893,60.988,629,17,0
2025-05-12 04:00:00+00:00,60.989,61.083,60.926,61.067,388,17,0
2025-05-12 05:00:00+00:00,61.072,61.459,61.011,61.452,1003,17,0
2025-05-12 06:00:00+00:00,61.454,61.674,61.35,61.538,1664,17,0
2025-05-12 07:00:00+00:00,61.542,62.978,61.533,62.327,6269,17,0
2025-05-12 08:00:00+00:00,62.33,62.431,61.845,62.266,3922,17,0
2025-05-12 09:00:00+00:00,62.27,62.694,62.259,62.495,2480,17,0
2025-05-12 10:00:00+00:00,62.496,62.873,62.324,62.854,1846,17,0
2025-05-12 11:00:00+00:00,62.844,63.185,62.812,63.008,2387,17,0
2025-05-12 12:00:00+00:00,63.0,63.111,62.825,62.94,2178,17,0
2025-05-12 13:00:00+00:00,62.949,62.977,62.402,62.447,3764,17,0
2025-05-12 14:00:00+00:00,62.451,62.767,62.037,62.053,4030,17,0
2025-05-12 15:00:00+00:00,62.053,62.263,61.852,61.885,3500,17,0
2025-05-12 16:00:00+00:00,61.882,62.01,61.715,61.953,2000,17,0
2025-05-12 17:00:00+00:00,61.948,61.948,61.794,61.815,1445,17,0
2025-05-12 18:00:00+00:00,61.814,61.823,61.433,61.623,1897,17,0
2025-05-12 19:00:00+00:00,61.621,61.621,61.309,61.459,880,17,0
2025-05-12 20:00:00+00:00,61.457,61.753,61.456,61.706,495,17,0
2025-05-12 22:00:00+00:00,61.584,61.661,61.521,61.528,171,17,0
2025-05-12 23:00:00+00:00,61.531,61.67,61.531,61.558,187,17,0
2025-05-13 00:00:00+00:00,61.561,61.577,61.292,61.332,617,17,0
2025-05-13 01:00:00+00:00,61.338,61.563,61.291,61.316,1206,17,0
2025-05-13 02:00:00+00:00,61.315,61.398,61.312,61.36,773,17,0
2025-05-13 03:00:00+00:00,61.361,61.485,61.258,61.375,612,17,0
2025-05-13 04:00:00+00:00,61.373,61.501,61.337,61.447,447,17,0
2025-05-13 05:00:00+00:00,61.45,61.558,61.432,61.521,806,17,0
2025-05-13 06:00:00+00:00,61.526,61.725,61.325,61.589,1521,17,0
2025-05-13 07:00:00+00:00,61.585,61.762,61.533,61.564,1645,17,0
2025-05-13 08:00:00+00:00,61.591,62.001,61.371,61.903,2752,17,0
2025-05-13 09:00:00+00:00,61.907,62.008,61.735,61.975,1857,17,0
2025-05-13 10:00:00+00:00,61.978,62.162,61.944,62.111,1470,17,0
2025-05-13 11:00:00+00:00,62.106,62.349,61.996,62.301,1405,17,0
2025-05-13 12:00:00+00:00,62.296,62.471,62.199,62.46,2182,17,0
2025-05-13 13:00:00+00:00,62.458,62.467,62.12,62.33,3048,17,0
2025-05-13 14:00:00+00:00,62.335,63.055,62.25,62.604,3656,17,0
2025-05-13 15:00:00+00:00,62.605,63.269,62.539,63.265,2831,17,0
2025-05-13 16:00:00+00:00,63.262,63.474,63.189,63.442,2714,17,0
2025-05-13 17:00:00+00:00,63.438,63.473,63.28,63.335,1636,17,0
2025-05-13 18:00:00+00:00,63.329,63.386,63.202,63.296,1515,17,0
2025-05-13 19:00:00+00:00,63.295,63.336,63.203,63.219,681,17,0
2025-05-13 20:00:00+00:00,63.219,63.328,63.141,63.215,574,17,0
2025-05-13 22:00:00+00:00,63.16,63.201,63.128,63.161,162,17,0
2025-05-13 23:00:00+00:00,63.162,63.248,63.16,63.235,142,17,0
2025-05-14 00:00:00+00:00,63.233,63.237,63.0,63.01,558,17,0
2025-05-14 01:00:00+00:00,63.012,63.065,62.894,62.963,1088,17,0
2025-05-14 02:00:00+00:00,62.963,63.013,62.772,62.901,873,17,0
2025-05-14 03:00:00+00:00,62.899,62.942,62.781,62.879,564,17,0
2025-05-14 04:00:00+00:00,62.879,62.976,62.849,62.861,395,17,0
2025-05-14 05:00:00+00:00,62.856,63.075,62.801,62.926,816,17,0
2025-05-14 06:00:00+00:00,62.931,63.058,62.844,62.941,1143,17,0
2025-05-14 07:00:00+00:00,62.933,63.22,62.887,63.085,1674,17,0
2025-05-14 08:00:00+00:00,63.084,63.129,62.786,62.961,1957,17,0
2025-05-14 09:00:00+00:00,62.959,63.075,62.404,62.509,1912,17,0
2025-05-14 10:00:00+00:00,62.505,62.615,62.357,62.501,1326,17,0
2025-05-14 11:00:00+00:00,62.499,62.652,62.404,62.596,1383,17,0
2025-05-14 12:00:00+00:00,62.592,62.668,62.425,62.612,1730,17,0
2025-05-14 13:00:00+00:00,62.617,63.117,62.617,63.025,2827,17,0
2025-05-14 14:00:00+00:00,63.029,63.132,62.559,62.969,3717,17,0
2025-05-14 15:00:00+00:00,62.968,62.985,62.53,62.737,2941,17,0
2025-05-14 16:00:00+00:00,62.737,63.064,62.72,62.948,1974,17,0
2025-05-14 17:00:00+00:00,62.952,63.032,62.811,62.908,1586,17,0
2025-05-14 18:00:00+00:00,62.899,62.915,62.487,62.507,1662,17,0
2025-05-14 19:00:00+00:00,62.505,62.56,62.37,62.384,612,17,0
2025-05-14 20:00:00+00:00,62.382,62.499,62.32,62.474,430,17,0
2025-05-14 22:00:00+00:00,62.359,62.458,61.655,61.669,751,17,0
2025-05-14 23:00:00+00:00,61.668,61.74,61.433,61.74,853,26,0
2025-05-15 00:00:00+00:00,61.745,61.924,61.636,61.676,1284,17,0
2025-05-15 01:00:00+00:00,61.677,61.864,61.348,61.476,2049,17,0
2025-05-15 02:00:00+00:00,61.483,61.536,61.161,61.203,1032,17,0
2025-05-15 03:00:00+00:00,61.201,61.535,60.939,61.325,1580,17,0
2025-05-15 04:00:00+00:00,61.332,61.363,61.18,61.265,643,17,0
2025-05-15 05:00:00+00:00,61.26,61.26,60.948,60.952,1125,17,0
2025-05-15 06:00:00+00:00,60.954,61.345,60.525,60.641,2899,17,0
2025-05-15 07:00:00+00:00,60.637,60.854,60.345,60.794,3734,17,0
2025-05-15 08:00:00+00:00,60.797,60.946,60.147,60.245,3545,17,0
2025-05-15 09:00:00+00:00,60.242,60.423,60.07,60.135,2610,17,0
2025-05-15 10:00:00+00:00,60.133,60.626,60.127,60.6,1945,17,0
2025-05-15 11:00:00+00:00,60.597,60.743,60.393,60.73,1807,17,0
2025-05-15 12:00:00+00:00,60.733,60.956,60.553,60.927,2641,17,0
2025-05-15 13:00:00+00:00,60.92,61.526,60.656,61.323,6272,17,0
2025-05-15 14:00:00+00:00,61.32,61.441,60.742,60.853,4257,17,0
2025-05-15 15:00:00+00:00,60.85,61.246,60.67,61.153,3574,17,0
2025-05-15 16:00:00+00:00,61.147,61.349,61.086,61.163,2092,17,0
2025-05-15 17:00:00+00:00,61.171,61.294,61.053,61.234,1641,17,0
2025-05-15 18:00:00+00:00,61.238,61.32,61.024,61.219,1692,17,0
2025-05-15 19:00:00+00:00,61.224,61.366,61.214,61.318,859,17,0
2025-05-15 20:00:00+00:00,61.324,61.324,61.234,61.26,317,17,0
2025-05-15 22:00:00+00:00,61.191,61.258,61.174,61.223,166,26,0
2025-05-15 23:00:00+00:00,61.216,61.326,61.199,61.308,183,17,0
2025-05-16 00:00:00+00:00,61.31,61.334,61.071,61.071,902,17,0
2025-05-16 01:00:00+00:00,61.076,61.235,61.027,61.195,1605,17,0
2025-05-16 02:00:00+00:00,61.194,61.314,61.103,61.189,1041,17,0
2025-05-16 03:00:00+00:00,61.187,61.288,61.053,61.227,999,17,0
2025-05-16 04:00:00+00:00,61.225,61.822,61.191,61.453,1063,17,0
2025-05-16 05:00:00+00:00,61.449,61.459,61.089,61.115,1407,17,0
2025-05-16 06:00:00+00:00,61.118,61.128,60.745,60.891,1713,17,0
2025-05-16 07:00:00+00:00,60.885,61.192,60.883,61.172,2122,17,0
2025-05-16 08:00:00+00:00,61.174,61.248,60.773,60.851,3001,17,0
2025-05-16 09:00:00+00:00,60.851,61.228,60.784,61.048,2251,17,0
2025-05-16 10:00:00+00:00,61.05,61.461,60.96,61.453,1841,17,0
2025-05-16 11:00:00+00:00,61.446,61.47,61.202,61.274,1688,17,0
2025-05-16 12:00:00+00:00,61.274,61.536,61.094,61.485,2153,17,0
2025-05-16 13:00:00+00:00,61.481,61.592,61.285,61.387,2799,17,0
2025-05-16 14:00:00+00:00,61.378,61.594,61.138,61.541,2797,17,0
2025-05-16 15:00:00+00:00,61.541,62.023,61.521,61.99,2783,17,0
2025-05-16 16:00:00+00:00,61.992,62.139,61.844,61.928,2067,17,0
2025-05-16 17:00:00+00:00,61.924,62.054,61.791,62.02,1527,17,0
2025-05-16 18:00:00+00:00,62.023,62.076,61.86,61.976,1493,17,0
2025-05-16 19:00:00+00:00,61.975,61.975,61.689,61.774,718,17,0
2025-05-16 20:00:00+00:00,61.773,61.852,61.728,61.789,441,17,0
2025-05-18 22:00:00+00:00,61.259,62.053,61.171,62.03,822,26,0
2025-05-18 23:00:00+00:00,62.022,62.06,61.811,62.011,381,26,0
2025-05-19 00:00:00+00:00,62.019,62.026,61.839,61.897,683,26,0
2025-05-19 01:00:00+00:00,61.904,61.964,61.665,61.696,1521,17,0
2025-05-19 02:00:00+00:00,61.698,61.856,61.667,61.746,1120,17,0
2025-05-19 03:00:00+00:00,61.748,61.776,61.607,61.643,964,17,0
2025-05-19 04:00:00+00:00,61.648,61.751,61.544,61.574,636,17,0
2025-05-19 05:00:00+00:00,61.575,61.643,61.529,61.56,902,17,0
2025-05-19 06:00:00+00:00,61.56,61.574,61.331,61.374,1207,17,0
2025-05-19 07:00:00+00:00,61.374,61.659,61.273,61.583,2251,17,0
2025-05-19 08:00:00+00:00,61.583,61.644,61.343,61.479,2386,17,0
2025-05-19 09:00:00+00:00,61.482,61.689,61.313,61.34,1951,17,0
2025-05-19 10:00:00+00:00,61.337,61.354,60.936,61.047,1722,17,0
2025-05-19 11:00:00+00:00,61.048,61.389,61.037,61.329,1476,17,0
2025-05-19 12:00:00+00:00,61.333,61.825,61.308,61.796,1932,17,0
2025-05-19 13:00:00+00:00,61.793,61.936,61.426,61.672,3563,17,0
2025-05-19 14:00:00+00:00,61.669,62.012,61.596,61.685,3015,17,0
2025-05-19 15:00:00+00:00,61.689,62.439,61.668,62.429,3067,17,0
2025-05-19 16:00:00+00:00,62.427,62.626,62.0,62.194,3620,17,0
2025-05-19 17:00:00+00:00,62.184,62.211,61.514,61.675,3248,17,0
2025-05-19 18:00:00+00:00,61.674,62.201,61.647,61.812,2283,17,0
2025-05-19 19:00:00+00:00,61.812,62.078,61.737,62.07,942,17,0
2025-05-19 20:00:00+00:00,62.069,62.09,62.012,62.037,294,17,0
2025-05-19 22:00:00+00:00,62.049,62.094,62.039,62.074,115,17,0
2025-05-19 23:00:00+00:00,62.076,62.135,62.073,62.11,122,17,0
2025-05-20 00:00:00+00:00,62.112,62.235,62.06,62.082,808,17,0
2025-05-20 01:00:00+00:00,62.077,62.137,61.934,62.093,1353,17,0
2025-05-20 02:00:00+00:00,62.095,62.166,61.921,62.015,1023,17,0
2025-05-20 03:00:00+00:00,62.015,62.101,61.969,62.061,734,17,0
2025-05-20 04:00:00+00:00,62.062,62.067,61.831,61.84,581,17,0
2025-05-20 05:00:00+00:00,61.839,61.953,61.805,61.847,737,17,0
2025-05-20 06:00:00+00:00,61.846,62.115,61.744,62.098,1358,17,0
2025-05-20 07:00:00+00:00,62.095,62.106,61.503,61.559,1941,17,0
2025-05-20 08:00:00+00:00,61.572,62.519,61.558,61.961,4126,17,0
2025-05-20 09:00:00+00:00,61.963,62.11,61.735,61.917,2238,17,0
2025-05-20 10:00:00+00:00,61.918,62.025,61.825,61.914,1875,17,0
2025-05-20 11:00:00+00:00,61.909,62.015,61.658,61.727,1779,17,0
2025-05-20 12:00:00+00:00,61.73,61.941,61.73,61.915,1832,17,0
2025-05-20 13:00:00+00:00,61.92,62.185,61.441,61.571,3410,17,0
2025-05-20 14:00:00+00:00,61.574,61.806,61.462,61.666,2807,17,0
2025-05-20 15:00:00+00:00,61.658,61.783,61.395,61.601,2805,17,0
2025-05-20 16:00:00+00:00,61.594,62.247,61.509,62.193,2280,17,0
2025-05-20 17:00:00+00:00,62.193,62.323,61.907,61.957,1796,17,0
2025-05-20 18:00:00+00:00,61.951,62.165,61.829,62.159,1826,17,0
2025-05-20 19:00:00+00:00,62.156,62.244,62.137,62.216,784,17,0
2025-05-20 20:00:00+00:00,62.217,62.255,62.058,62.179,409,17,0
2025-05-20 22:00:00+00:00,62.755,64.017,62.731,63.36,2312,26,0
2025-05-20 23:00:00+00:00,63.359,63.463,62.843,62.863,965,26,0
2025-05-21 00:00:00+00:00,62.85,62.96,62.696,62.793,2596,17,0
2025-05-21 01:00:00+00:00,62.79,63.117,62.61,62.943,2069,17,0
2025-05-21 02:00:00+00:00,62.944,63.098,62.775,62.895,1277,17,0
2025-05-21 03:00:00+00:00,62.892,62.941,62.805,62.882,917,17,0
2025-05-21 04:00:00+00:00,62.884,63.145,62.862,62.975,860,17,0
2025-05-21 05:00:00+00:00,62.97,63.047,62.822,62.872,1232,17,0
2025-05-21 06:00:00+00:00,62.878,62.878,62.532,62.685,1603,17,0
2025-05-21 07:00:00+00:00,62.679,62.835,62.501,62.781,1964,17,0
2025-05-21 08:00:00+00:00,62.8,62.906,62.661,62.695,2802,17,0
2025-05-21 09:00:00+00:00,62.699,63.002,62.592,62.71,2190,17,0
2025-05-21 10:00:00+00:00,62.714,62.787,62.391,62.429,1779,17,0
2025-05-21 11:00:00+00:00,62.427,62.512,62.315,62.481,1784,17,0
2025-05-21 12:00:00+00:00,62.473,62.89,62.461,62.697,2103,17,0
2025-05-21 13:00:00+00:00,62.705,62.738,62.28,62.379,2834,17,0
2025-05-21 14:00:00+00:00,62.383,62.457,61.809,61.824,4039,17,0
2025-05-21 15:00:00+00:00,61.823,61.989,61.519,61.641,3787,17,0
2025-05-21 16:00:00+00:00,61.635,61.869,61.151,61.827,3345,17,0
2025-05-21 17:00:00+00:00,61.825,61.993,61.304,61.526,3585,17,0
2025-05-21 18:00:00+00:00,61.53,61.542,61.309,61.409,2557,17,0
2025-05-21 19:00:00+00:00,61.41,61.499,61.201,61.219,1375,17,0
2025-05-21 20:00:00+00:00,61.223,61.273,61.184,61.228,331,17,0
2025-05-21 22:00:00+00:00,61.069,61.202,61.069,61.152,338,17,0
2025-05-21 23:00:00+00:00,61.152,61.254,61.136,61.208,227,17,0
2025-05-22 00:00:00+00:00,61.209,61.258,61.051,61.116,1027,17,0
2025-05-22 01:00:00+00:00,61.115,61.257,61.01,61.243,1667,17,0
2025-05-22 02:00:00+00:00,61.243,61.41,61.243,61.378,932,17,0
2025-05-22 03:00:00+00:00,61.382,61.497,61.348,61.395,750,17,0
2025-05-22 04:00:00+00:00,61.397,61.536,61.397,61.512,369,17,0
2025-05-22 05:00:00+00:00,61.509,61.595,61.487,61.595,624,17,0
2025-05-22 06:00:00+00:00,61.6,61.605,60.36,60.44,3426,17,0
2025-05-22 07:00:00+00:00,60.44,60.858,60.245,60.829,3500,17,0
2025-05-22 08:00:00+00:00,60.837,61.025,60.673,60.685,2773,17,0
2025-05-22 09:00:00+00:00,60.689,60.807,60.466,60.537,2550,17,0
2025-05-22 10:00:00+00:00,60.535,60.61,60.158,60.162,2649,17,0
2025-05-22 11:00:00+00:00,60.16,60.543,60.11,60.33,2245,17,0
2025-05-22 12:00:00+00:00,60.332,60.605,60.317,60.376,2575,17,0
2025-05-22 13:00:00+00:00,60.377,60.777,60.35,60.422,4106,17,0
2025-05-22 14:00:00+00:00,60.425,60.985,60.257,60.709,4044,17,0
2025-05-22 15:00:00+00:00,60.714,61.006,60.483,60.531,3168,17,0
2025-05-22 16:00:00+00:00,60.531,61.108,60.531,61.057,2132,17,0
2025-05-22 17:00:00+00:00,61.063,61.112,60.784,61.001,2082,17,0
2025-05-22 18:00:00+00:00,61.002,61.13,60.884,61.036,1495,17,0
2025-05-22 19:00:00+00:00,61.042,61.143,60.726,60.756,857,17,0
2025-05-22 20:00:00+00:00,60.755,60.766,60.578,60.678,472,17,0
2025-05-22 22:00:00+00:00,60.612,60.743,60.606,60.606,171,17,0
2025-05-22 23:00:00+00:00,60.608,60.623,60.562,60.622,143,17,0
2025-05-23 00:00:00+00:00,60.617,60.743,60.565,60.721,865,17,0
2025-05-23 01:00:00+00:00,60.717,60.795,60.612,60.65,1056,17,0
2025-05-23 02:00:00+00:00,60.648,60.686,60.489,60.543,887,17,0
2025-05-23 03:00:00+00:00,60.548,60.703,60.548,60.619,649,17,0
2025-05-23 04:00:00+00:00,60.618,60.749,60.571,60.596,588,17,0
2025-05-23 05:00:00+00:00,60.599,60.78,60.551,60.664,805,17,0
2025-05-23 06:00:00+00:00,60.667,60.715,60.479,60.502,1470,17,0
2025-05-23 07:00:00+00:00,60.508,60.695,60.389,60.591,2051,17,0
2025-05-23 08:00:00+00:00,60.589,60.711,60.494,60.585,2578,17,0
2025-05-23 09:00:00+00:00,60.584,61.017,60.555,60.996,2369,17,0
2025-05-23 10:00:00+00:00,60.997,61.148,60.911,61.132,1557,17,0
2025-05-23 11:00:00+00:00,61.133,61.222,60.046,60.274,4252,17,0
2025-05-23 12:00:00+00:00,60.288,60.539,59.872,60.255,4956,17,0
2025-05-23 13:00:00+00:00,60.262,61.024,60.088,60.947,5633,17,0
2025-05-23 14:00:00+00:00,60.949,61.68,60.949,61.281,4537,17,0
2025-05-23 15:00:00+00:00,61.276,61.64,61.143,61.434,3719,17,0
2025-05-23 16:00:00+00:00,61.43,61.516,61.078,61.209,2695,17,0
2025-05-23 17:00:00+00:00,61.207,61.533,61.165,61.362,2134,17,0
2025-05-23 18:00:00+00:00,61.367,61.521,61.236,61.507,1811,17,0
2025-05-23 19:00:00+00:00,61.504,61.577,61.376,61.453,692,17,0
2025-05-23 20:00:00+00:00,61.448,61.554,61.368,61.535,370,17,0
2025-05-25 22:00:00+00:00,61.764,61.885,61.692,61.795,544,26,0
2025-05-25 23:00:00+00:00,61.786,61.961,61.739,61.744,397,26,0
2025-05-26 00:00:00+00:00,61.734,61.842,61.563,61.578,680,17,0
2025-05-26 01:00:00+00:00,61.571,61.665,61.395,61.539,1397,17,0
2025-05-26 02:00:00+00:00,61.542,61.567,61.326,61.359,816,17,0
2025-05-26 03:00:00+00:00,61.355,61.583,61.342,61.499,603,17,0
2025-05-26 04:00:00+00:00,61.5,61.615,61.5,61.584,263,17,0
2025-05-26 05:00:00+00:00,61.586,61.642,61.507,61.571,722,17,0
2025-05-26 06:00:00+00:00,61.568,61.586,61.442,61.553,911,17,0
2025-05-26 07:00:00+00:00,61.55,61.667,61.363,61.628,1461,17,0
2025-05-26 08:00:00+00:00,61.632,61.831,61.54,61.64,1531,17,0
2025-05-26 09:00:00+00:00,61.641,61.743,61.34,61.406,1136,17,0
2025-05-26 10:00:00+00:00,61.404,61.422,61.115,61.127,946,17,0
2025-05-26 11:00:00+00:00,61.132,61.279,61.123,61.259,901,17,0
2025-05-26 12:00:00+00:00,61.258,61.409,61.216,61.292,1041,17,0
2025-05-26 13:00:00+00:00,61.294,61.356,61.085,61.097,1561,17,0
2025-05-26 14:00:00+00:00,61.1,61.223,61.065,61.144,1210,17,0
2025-05-26 15:00:00+00:00,61.146,61.463,61.146,61.446,1411,17,0
2025-05-26 16:00:00+00:00,61.448,61.462,61.269,61.3,829,17,0
2025-05-26 17:00:00+00:00,61.304,61.384,61.265,61.348,282,17,0
2025-05-26 18:00:00+00:00,61.342,61.377,61.338,61.339,50,17,0
2025-05-26 22:00:00+00:00,61.292,61.313,61.182,61.243,126,17,0
2025-05-26 23:00:00+00:00,61.242,61.267,61.206,61.262,114,17,0
2025-05-27 00:00:00+00:00,61.259,61.495,61.145,61.483,574,17,0
2025-05-27 01:00:00+00:00,61.482,61.523,61.09,61.152,926,17,0
2025-05-27 02:00:00+00:00,61.149,61.161,60.993,61.139,648,17,0
2025-05-27 03:00:00+00:00,61.142,61.164,61.037,61.111,527,17,0
2025-05-27 04:00:00+00:00,61.109,61.147,61.017,61.026,246,17,0
2025-05-27 05:00:00+00:00,61.023,61.158,60.865,61.097,1027,17,0
2025-05-27 06:00:00+00:00,61.106,61.488,61.095,61.327,1209,17,0
2025-05-27 07:00:00+00:00,61.33,61.333,60.984,61.015,1694,17,0
2025-05-27 08:00:00+00:00,61.025,61.422,61.025,61.382,2263,17,0
2025-05-27 09:00:00+00:00,61.382,61.67,61.365,61.434,1714,17,0
2025-05-27 10:00:00+00:00,61.434,61.508,61.163,61.169,1553,17,0
2025-05-27 11:00:00+00:00,61.18,61.281,60.955,60.979,1535,17,0
2025-05-27 12:00:00+00:00,60.976,61.359,60.789,61.074,3493,17,0
2025-05-27 13:00:00+00:00,61.081,61.175,60.579,60.907,4452,17,0
2025-05-27 14:00:00+00:00,60.909,60.96,60.261,60.338,3482,17,0
2025-05-27 15:00:00+00:00,60.341,60.482,60.076,60.261,3284,17,0
2025-05-27 16:00:00+00:00,60.26,60.657,60.26,60.535,2097,17,0
2025-05-27 17:00:00+00:00,60.532,60.567,60.337,60.517,1627,17,0
2025-05-27 18:00:00+00:00,60.522,60.768,60.51,60.729,1683,17,0
2025-05-27 19:00:00+00:00,60.724,60.795,60.716,60.789,481,17,0
2025-05-27 20:00:00+00:00,60.792,60.947,60.792,60.891,372,17,0
2025-05-27 22:00:00+00:00,60.9,60.942,60.841,60.931,159,17,0
2025-05-27 23:00:00+00:00,60.927,61.02,60.879,60.995,238,17,0
2025-05-28 00:00:00+00:00,60.995,61.196,60.966,61.118,671,17,0
2025-05-28 01:00:00+00:00,61.117,61.182,60.922,60.962,1138,17,0
2025-05-28 02:00:00+00:00,60.96,61.095,60.918,61.079,737,17,0
2025-05-28 03:00:00+00:00,61.075,61.098,60.874,60.925,655,17,0
2025-05-28 04:00:00+00:00,60.926,61.043,60.921,60.961,505,17,0
2025-05-28 05:00:00+00:00,60.963,61.052,60.883,60.905,785,17,0
2025-05-28 06:00:00+00:00,60.913,60.918,60.624,60.716,1209,17,0
2025-05-28 07:00:00+00:00,60.718,61.158,60.718,61.119,1687,17,0
2025-05-28 08:00:00+00:00,61.128,61.149,60.683,60.801,2155,17,0
2025-05-28 09:00:00+00:00,60.8,61.207,60.74,61.104,1562,17,0
2025-05-28 10:00:00+00:00,61.099,61.373,61.062,61.271,1457,17,0
2025-05-28 11:00:00+00:00,61.267,61.327,61.106,61.189,1418,17,0
2025-05-28 12:00:00+00:00,61.19,61.549,61.163,61.545,1694,17,0
2025-05-28 13:00:00+00:00,61.547,61.822,61.477,61.551,3147,17,0
2025-05-28 14:00:00+00:00,61.556,61.7,61.361,61.437,2704,17,0
2025-05-28 15:00:00+00:00,61.438,62.277,61.407,62.081,3344,17,0
2025-05-28 16:00:00+00:00,62.082,62.126,61.636,61.954,3318,17,0
2025-05-28 17:00:00+00:00,61.956,61.999,61.591,61.715,1725,17,0
2025-05-28 18:00:00+00:00,61.717,61.845,61.287,61.338,1785,17,0
2025-05-28 19:00:00+00:00,61.338,61.354,61.238,61.319,870,17,0
2025-05-28 20:00:00+00:00,61.325,61.615,61.294,61.61,914,17,0
2025-05-28 22:00:00+00:00,61.532,61.754,61.529,61.74,216,26,0
2025-05-28 23:00:00+00:00,61.74,62.162,61.72,61.94,863,17,0
2025-05-29 00:00:00+00:00,61.942,62.26,61.867,62.256,1760,17,0
2025-05-29 01:00:00+00:00,62.259,62.42,62.129,62.366,2074,17,0
2025-05-29 02:00:00+00:00,62.364,62.408,62.283,62.38,1103,17,0
2025-05-29 03:00:00+00:00,62.382,62.412,62.277,62.351,836,17,0
2025-05-29 04:00:00+00:00,62.35,62.476,62.285,62.467,490,17,0
2025-05-29 05:00:00+00:00,62.467,62.635,62.434,62.623,771,17,0
2025-05-29 06:00:00+00:00,62.622,62.704,62.453,62.645,1170,17,0
2025-05-29 07:00:00+00:00,62.641,62.776,62.505,62.708,1982,17,0
2025-05-29 08:00:00+00:00,62.708,62.741,62.177,62.264,2157,17,0
2025-05-29 09:00:00+00:00,62.267,62.48,62.224,62.455,1745,17,0
2025-05-29 10:00:00+00:00,62.46,62.467,61.605,61.695,1846,17,0
2025-05-29 11:00:00+00:00,61.699,61.934,61.684,61.737,1732,17,0
2025-05-29 12:00:00+00:00,61.738,61.834,61.228,61.333,2886,17,0
2025-05-29 13:00:00+00:00,61.326,61.459,60.668,60.717,3840,17,0
2025-05-29 14:00:00+00:00,60.713,60.939,60.256,60.826,4022,17,0
2025-05-29 15:00:00+00:00,60.824,60.927,60.594,60.774,3407,17,0
2025-05-29 16:00:00+00:00,60.787,60.966,60.601,60.631,2717,17,0
2025-05-29 17:00:00+00:00,60.634,60.74,60.506,60.532,1730,17,0
2025-05-29 18:00:00+00:00,60.536,60.676,60.49,60.601,1531,17,0
2025-05-29 19:00:00+00:00,60.602,60.665,60.521,60.581,845,17,0
2025-05-29 20:00:00+00:00,60.577,60.641,60.553,60.615,327,17,0
2025-05-29 22:00:00+00:00,60.569,60.608,60.496,60.524,211,17,0
2025-05-29 23:00:00+00:00,60.524,60.547,60.447,60.484,187,17,0
2025-05-30 00:00:00+00:00,60.483,60.603,60.339,60.423,827,17,0
2025-05-30 01:00:00+00:00,60.421,60.427,60.141,60.363,1676,17,0
2025-05-30 02:00:00+00:00,60.357,60.393,60.202,60.341,1028,17,0
2025-05-30 03:00:00+00:00,60.343,60.343,60.206,60.298,762,17,0
2025-05-30 04:00:00+00:00,60.3,60.352,60.249,60.34,372,17,0
2025-05-30 05:00:00+00:00,60.339,60.453,60.334,60.4,847,17,0
2025-05-30 06:00:00+00:00,60.402,60.415,60.216,60.326,1324,17,0
2025-05-30 07:00:00+00:00,60.325,60.788,60.217,60.687,2103,17,0
2025-05-30 08:00:00+00:00,60.687,60.935,60.649,60.912,2314,17,0
2025-05-30 09:00:00+00:00,60.91,61.054,60.861,60.924,1564,17,0
2025-05-30 10:00:00+00:00,60.924,61.16,60.924,61.137,1128,17,0
2025-05-30 11:00:00+00:00,61.138,61.334,60.362,60.586,2027,17,0
2025-05-30 12:00:00+00:00,60.573,60.665,59.61,59.866,6282,17,0
2025-05-30 13:00:00+00:00,59.871,60.561,59.769,59.887,5461,17,0
2025-05-30 14:00:00+00:00,59.887,60.322,59.797,60.157,4403,17,0
2025-05-30 15:00:00+00:00,60.165,60.4,59.682,59.799,3953,17,0
2025-05-30 16:00:00+00:00,59.799,59.971,59.365,59.826,3676,17,0
2025-05-30 17:00:00+00:00,59.816,60.33,59.785,60.101,3390,17,0
2025-05-30 18:00:00+00:00,60.1,60.48,60.097,60.221,2524,17,0
2025-05-30 19:00:00+00:00,60.221,60.405,60.114,60.339,1556,17,0
2025-05-30 20:00:00+00:00,60.335,60.426,60.259,60.29,690,17,0
2025-06-01 22:00:00+00:00,61.622,61.697,61.244,61.335,1379,26,0
2025-06-01 23:00:00+00:00,61.332,61.477,61.25,61.434,669,26,0
2025-06-02 00:00:00+00:00,61.432,61.626,61.353,61.612,853,26,0
2025-06-02 01:00:00+00:00,61.609,61.902,61.545,61.742,720,17,0
2025-06-02 02:00:00+00:00,61.746,62.068,61.742,62.034,634,26,0
2025-06-02 03:00:00+00:00,62.037,62.07,61.68,61.817,1064,17,0
2025-06-02 04:00:00+00:00,61.821,62.0,61.791,61.825,479,17,0
2025-06-02 05:00:00+00:00,61.821,61.934,61.802,61.887,650,17,0
2025-06-02 06:00:00+00:00,61.89,61.994,61.688,61.902,1193,17,0
2025-06-02 07:00:00+00:00,61.896,62.056,61.68,61.847,2905,17,0
2025-06-02 08:00:00+00:00,61.848,62.333,61.837,62.263,2834,17,0
2025-06-02 09:00:00+00:00,62.26,62.502,62.047,62.496,2067,17,0
2025-06-02 10:00:00+00:00,62.499,62.774,62.306,62.762,1965,17,0
2025-06-02 11:00:00+00:00,62.761,62.805,62.609,62.714,1728,17,0
2025-06-02 12:00:00+00:00,62.718,63.14,62.718,62.933,2715,17,0
2025-06-02 13:00:00+00:00,62.936,63.242,62.058,62.093,5078,17,0
2025-06-02 14:00:00+00:00,62.07,62.387,61.908,62.251,4579,17,0
2025-06-02 15:00:00+00:00,62.25,62.435,61.925,62.323,3500,17,0
2025-06-02 16:00:00+00:00,62.325,62.662,62.2,62.552,2175,17,0
2025-06-02 17:00:00+00:00,62.556,62.577,62.222,62.406,1740,17,0
2025-06-02 18:00:00+00:00,62.409,62.464,61.685,62.307,3918,17,0
2025-06-02 19:00:00+00:00,62.308,62.499,62.306,62.488,930,17,0
2025-06-02 20:00:00+00:00,62.483,62.65,62.483,62.613,593,17,0
2025-06-02 22:00:00+00:00,62.565,62.639,62.428,62.511,312,26,0
2025-06-02 23:00:00+00:00,62.509,62.543,62.434,62.493,290,26,0
2025-06-03 00:00:00+00:00,62.492,62.592,62.327,62.337,744,17,0
2025-06-03 01:00:00+00:00,62.339,62.657,62.288,62.421,3059,17,0
2025-06-03 02:00:00+00:00,62.422,62.493,62.266,62.354,1247,17,0
2025-06-03 03:00:00+00:00,62.356,62.422,62.236,62.26,777,17,0
2025-06-03 04:00:00+00:00,62.261,62.297,62.162,62.197,419,17,0
2025-06-03 05:00:00+00:00,62.2,62.239,62.101,62.125,771,17,0
2025-06-03 06:00:00+00:00,62.123,62.297,62.062,62.229,1208,17,0
2025-06-03 07:00:00+00:00,62.236,62.588,62.123,62.453,2045,17,0
2025-06-03 08:00:00+00:00,62.454,62.517,62.104,62.132,2514,17,0
2025-06-03 09:00:00+00:00,62.137,62.296,61.934,61.95,1781,17,0
2025-06-03 10:00:00+00:00,61.95,62.221,61.851,62.209,1760,17,0
2025-06-03 11:00:00+00:00,62.215,62.475,62.164,62.472,1429,17,0
2025-06-03 12:00:00+00:00,62.479,62.852,62.463,62.572,2431,17,0
2025-06-03 13:00:00+00:00,62.576,62.667,62.284,62.521,3716,17,0
2025-06-03 14:00:00+00:00,62.523,63.184,62.523,63.116,3239,17,0
2025-06-03 15:00:00+00:00,63.115,63.267,62.987,63.087,2772,17,0
2025-06-03 16:00:00+00:00,63.086,63.1,62.888,63.071,1822,17,0
2025-06-03 17:00:00+00:00,63.069,63.21,62.697,62.965,1950,17,0
2025-06-03 18:00:00+00:00,62.958,63.062,62.818,62.955,1944,17,0
2025-06-03 19:00:00+00:00,62.953,63.034,62.786,62.809,764,17,0
2025-06-03 20:00:00+00:00,62.808,62.909,62.788,62.885,434,17,0
2025-06-03 22:00:00+00:00,62.792,62.866,62.774,62.789,208,17,0
2025-06-03 23:00:00+00:00,62.786,62.829,62.593,62.663,320,17,0
2025-06-04 00:00:00+00:00,62.67,62.772,62.637,62.668,822,17,0
2025-06-04 01:00:00+00:00,62.667,62.801,62.649,62.765,1140,17,0
2025-06-04 02:00:00+00:00,62.766,62.774,62.609,62.626,757,17,0
2025-06-04 03:00:00+00:00,62.623,62.645,62.561,62.604,477,17,0
2025-06-04 04:00:00+00:00,62.599,62.642,62.534,62.56,436,17,0
2025-06-04 05:00:00+00:00,62.562,62.593,62.494,62.576,571,17,0
2025-06-04 06:00:00+00:00,62.581,62.76,62.574,62.614,1173,17,0
2025-06-04 07:00:00+00:00,62.621,62.859,62.549,62.814,1285,17,0
2025-06-04 08:00:00+00:00,62.815,62.975,62.655,62.692,1710,17,0
2025-06-04 09:00:00+00:00,62.684,63.13,62.497,63.105,1648,17,0
2025-06-04 10:00:00+00:00,63.105,63.147,62.793,62.912,1275,17,0
2025-06-04 11:00:00+00:00,62.91,62.91,62.723,62.865,1244,17,0
2025-06-04 12:00:00+00:00,62.859,62.928,62.315,62.472,2291,17,0
2025-06-04 13:00:00+00:00,62.476,63.212,62.408,63.065,4347,17,0
2025-06-04 14:00:00+00:00,63.054,63.309,62.608,62.634,5148,17,0
2025-06-04 15:00:00+00:00,62.63,62.84,61.587,62.025,7244,17,0
2025-06-04 16:00:00+00:00,62.022,62.24,61.882,62.026,3200,17,0
2025-06-04 17:00:00+00:00,62.026,62.154,61.988,62.077,1830,17,0
2025-06-04 18:00:00+00:00,62.075,62.458,62.022,62.315,1742,17,0
2025-06-04 19:00:00+00:00,62.32,62.338,62.183,62.22,669,17,0
2025-06-04 20:00:00+00:00,62.219,62.219,62.074,62.159,421,17,0
2025-06-04 22:00:00+00:00,62.106,62.135,61.985,62.036,250,17,0
2025-06-04 23:00:00+00:00,62.038,62.043,61.967,62.02,183,17,0
2025-06-05 00:00:00+00:00,62.021,62.081,61.914,62.027,574,17,0
2025-06-05 01:00:00+00:00,62.022,62.188,61.93,62.146,1063,17,0
2025-06-05 02:00:00+00:00,62.146,62.17,62.009,62.052,504,17,0
2025-06-05 03:00:00+00:00,62.051,62.061,61.974,61.976,409,17,0
2025-06-05 04:00:00+00:00,61.974,61.997,61.892,61.994,290,17,0
2025-06-05 05:00:00+00:00,61.997,62.126,61.942,62.053,590,17,0
2025-06-05 06:00:00+00:00,62.055,62.284,62.025,62.252,895,17,0
2025-06-05 07:00:00+00:00,62.249,62.533,62.233,62.408,1389,17,0
2025-06-05 08:00:00+00:00,62.409,62.495,62.206,62.439,1824,17,0
2025-06-05 09:00:00+00:00,62.437,62.487,62.212,62.396,1703,17,0
2025-06-05 10:00:00+00:00,62.397,62.604,62.352,62.55,1183,17,0
2025-06-05 11:00:00+00:00,62.552,62.552,62.281,62.435,1311,17,0
2025-06-05 12:00:00+00:00,62.439,63.011,62.424,62.999,2244,17,0
2025-06-05 13:00:00+00:00,62.998,63.303,62.979,63.125,3589,17,0
2025-06-05 14:00:00+00:00,63.124,63.272,62.923,63.101,3398,17,0
2025-06-05 15:00:00+00:00,63.106,63.214,62.763,62.893,2883,17,0
2025-06-05 16:00:00+00:00,62.895,62.918,62.635,62.679,2167,17,0
2025-06-05 17:00:00+00:00,62.677,62.808,62.612,62.801,1438,17,0
2025-06-05 18:00:00+00:00,62.801,62.833,62.663,62.788,1497,17,0
2025-06-05 19:00:00+00:00,62.788,62.833,62.678,62.735,894,17,0
2025-06-05 20:00:00+00:00,62.73,62.789,62.617,62.651,422,17,0
2025-06-05 22:00:00+00:00,62.534,62.569,62.482,62.498,165,17,0
2025-06-05 23:00:00+00:00,62.498,62.622,62.466,62.573,289,17,0
2025-06-06 00:00:00+00:00,62.577,62.658,62.516,62.644,588,17,0
2025-06-06 01:00:00+00:00,62.643,62.661,62.531,62.544,903,17,0
2025-06-06 02:00:00+00:00,62.545,62.568,62.466,62.476,607,17,0
2025-06-06 03:00:00+00:00,62.476,62.573,62.46,62.558,474,17,0
2025-06-06 04:00:00+00:00,62.557,62.577,62.505,62.538,422,17,0
2025-06-06 05:00:00+00:00,62.537,62.548,62.383,62.44,663,17,0
2025-06-06 06:00:00+00:00,62.438,62.67,62.358,62.556,994,17,0
2025-06-06 07:00:00+00:00,62.554,62.554,62.184,62.323,1675,17,0
2025-06-06 08:00:00+00:00,62.342,62.554,62.285,62.495,1871,17,0
2025-06-06 09:00:00+00:00,62.495,62.575,62.324,62.575,1647,17,0
2025-06-06 10:00:00+00:00,62.575,62.813,62.531,62.775,1238,17,0
2025-06-06 11:00:00+00:00,62.779,62.787,62.624,62.639,1011,17,0
2025-06-06 12:00:00+00:00,62.636,63.027,62.543,63.006,1920,17,0
2025-06-06 13:00:00+00:00,62.999,64.011,62.859,63.84,4412,17,0
2025-06-06 14:00:00+00:00,63.829,63.966,63.347,63.786,3892,17,0
2025-06-06 15:00:00+00:00,63.782,63.979,63.538,63.955,3023,17,0
2025-06-06 16:00:00+00:00,63.954,64.073,63.84,63.875,1790,17,0
2025-06-06 17:00:00+00:00,63.873,63.889,63.732,63.754,1351,17,0
2025-06-06 18:00:00+00:00,63.752,64.073,63.675,64.034,1602,17,0
2025-06-06 19:00:00+00:00,64.035,64.063,63.923,63.943,740,17,0
2025-06-06 20:00:00+00:00,63.946,64.064,63.928,64.039,315,17,0
2025-06-08 22:00:00+00:00,64.012,64.012,63.832,63.93,550,17,0
2025-06-08 23:00:00+00:00,63.929,64.002,63.84,63.893,505,17,0
2025-06-09 00:00:00+00:00,63.887,63.913,63.789,63.819,629,17,0
2025-06-09 01:00:00+00:00,63.819,63.88,63.764,63.84,1203,17,0
2025-06-09 02:00:00+00:00,63.841,63.889,63.79,63.81,781,17,0
2025-06-09 03:00:00+00:00,63.816,63.88,63.732,63.825,585,17,0
2025-06-09 04:00:00+00:00,63.828,63.865,63.766,63.795,356,17,0
2025-06-09 05:00:00+00:00,63.797,63.858,63.763,63.813,621,17,0
2025-06-09 06:00:00+00:00,63.813,63.819,63.661,63.67,997,17,0
2025-06-09 07:00:00+00:00,63.672,63.738,63.476,63.706,1364,17,0
2025-06-09 08:00:00+00:00,63.708,63.971,63.609,63.904,2066,17,0
2025-06-09 09:00:00+00:00,63.908,64.051,63.837,63.978,1388,17,0
2025-06-09 10:00:00+00:00,63.977,64.179,63.947,64.047,1168,17,0
2025-06-09 11:00:00+00:00,64.046,64.298,63.988,64.208,1222,17,0
2025-06-09 12:00:00+00:00,64.203,64.375,64.155,64.199,1478,17,0
2025-06-09 13:00:00+00:00,64.203,64.215,63.64,63.774,3105,17,0
2025-06-09 14:00:00+00:00,63.776,64.278,63.753,64.263,2665,17,0
2025-06-09 15:00:00+00:00,64.269,64.467,64.156,64.256,2533,17,0
2025-06-09 16:00:00+00:00,64.257,64.257,63.961,64.146,1900,17,0
2025-06-09 17:00:00+00:00,64.144,64.238,64.012,64.129,1390,17,0
2025-06-09 18:00:00+00:00,64.123,64.554,64.107,64.524,1588,17,0
2025-06-09 19:00:00+00:00,64.525,64.592,64.38,64.461,845,17,0
2025-06-09 20:00:00+00:00,64.459,64.582,64.457,64.545,361,17,0
2025-06-09 22:00:00+00:00,64.453,64.484,64.418,64.445,201,17,0
2025-06-09 23:00:00+00:00,64.447,64.492,64.443,64.49,179,17,0
2025-06-10 00:00:00+00:00,64.491,64.574,64.449,64.526,628,17,0
2025-06-10 01:00:00+00:00,64.525,64.728,64.476,64.704,1284,17,0
2025-06-10 02:00:00+00:00,64.701,64.78,64.671,64.722,811,17,0
2025-06-10 03:00:00+00:00,64.724,64.744,64.492,64.542,598,17,0
2025-06-10 04:00:00+00:00,64.54,64.584,64.517,64.549,331,17,0
2025-06-10 05:00:00+00:00,64.55,64.626,64.436,64.516,1140,17,0
2025-06-10 06:00:00+00:00,64.513,64.651,64.444,64.459,1359,17,0
2025-06-10 07:00:00+00:00,64.46,64.611,64.293,64.408,1942,17,0
2025-06-10 08:00:00+00:00,64.411,64.63,64.35,64.599,2070,17,0
2025-06-10 09:00:00+00:00,64.603,64.77,64.459,64.537,1687,17,0
2025-06-10 10:00:00+00:00,64.543,64.787,64.523,64.747,1207,17,0
2025-06-10 11:00:00+00:00,64.751,64.838,64.636,64.813,1443,17,0
2025-06-10 12:00:00+00:00,64.818,64.897,64.544,64.566,1494,17,0
2025-06-10 13:00:00+00:00,64.571,64.956,64.489,64.95,2865,17,0
2025-06-10 14:00:00+00:00,64.954,65.092,64.77,65.039,2508,17,0
2025-06-10 15:00:00+00:00,65.039,65.32,64.758,64.866,2942,17,0
2025-06-10 16:00:00+00:00,64.867,64.978,64.483,64.49,2033,17,0
2025-06-10 17:00:00+00:00,64.488,64.537,64.234,64.345,2042,17,0
2025-06-10 18:00:00+00:00,64.339,64.39,63.701,63.837,2514,17,0
2025-06-10 19:00:00+00:00,63.836,64.063,63.792,64.01,947,17,0
2025-06-10 20:00:00+00:00,64.007,64.039,63.867,63.874,567,17,0
2025-06-10 22:00:00+00:00,63.736,63.815,63.726,63.792,240,17,0
2025-06-10 23:00:00+00:00,63.795,63.869,63.755,63.851,372,17,0
2025-06-11 00:00:00+00:00,63.855,63.865,63.677,63.79,632,17,0
2025-06-11 01:00:00+00:00,63.794,63.966,63.77,63.934,1330,17,0
2025-06-11 02:00:00+00:00,63.935,63.945,63.842,63.878,745,17,0
2025-06-11 03:00:00+00:00,63.877,64.018,63.859,64.006,626,17,0
2025-06-11 05:00:00+00:00,64.008,64.118,63.994,64.093,705,17,0
2025-06-11 06:00:00+00:00,64.098,64.166,63.889,63.956,1110,17,0
2025-06-11 07:00:00+00:00,63.96,64.305,63.942,64.237,1639,17,0
2025-06-11 08:00:00+00:00,64.254,64.331,64.101,64.186,2073,17,0
2025-06-11 09:00:00+00:00,64.181,64.736,63.747,64.705,3540,17,0
2025-06-11 10:00:00+00:00,64.703,65.031,64.629,64.997,2414,17,0
2025-06-11 11:00:00+00:00,64.982,65.158,64.86,65.149,1585,17,0
2025-06-11 12:00:00+00:00,65.146,65.453,64.878,65.334,3353,17,0
2025-06-11 13:00:00+00:00,65.329,65.451,65.033,65.432,3414,17,0
2025-06-11 14:00:00+00:00,65.428,65.618,65.162,65.268,3440,17,0
2025-06-11 15:00:00+00:00,65.272,65.783,65.043,65.715,3440,17,0
2025-06-11 16:00:00+00:00,65.71,65.728,65.551,65.675,1998,17,0
2025-06-11 17:00:00+00:00,65.674,66.331,65.588,66.23,2362,17,0
2025-06-11 18:00:00+00:00,66.224,67.266,66.149,66.958,5740,17,0
2025-06-11 19:00:00+00:00,66.96,67.043,66.632,66.79,2313,17,0
2025-06-11 20:00:00+00:00,66.795,66.966,66.714,66.927,923,17,0
2025-06-11 22:00:00+00:00,67.601,67.814,67.425,67.779,720,26,0
2025-06-11 23:00:00+00:00,67.77,67.797,67.117,67.368,804,26,0
2025-06-12 00:00:00+00:00,67.363,67.471,66.938,66.998,2559,26,0
2025-06-12 01:00:00+00:00,66.999,67.085,66.541,66.668,2691,26,0
2025-06-12 02:00:00+00:00,66.666,66.742,66.562,66.615,811,26,0
2025-06-12 03:00:00+00:00,66.621,66.783,66.456,66.72,903,26,0
2025-06-12 04:00:00+00:00,66.719,66.783,66.685,66.746,463,17,0
2025-06-12 05:00:00+00:00,66.74,66.783,66.486,66.502,662,17,0
2025-06-12 06:00:00+00:00,66.508,66.617,66.454,66.589,1225,17,0
2025-06-12 07:00:00+00:00,66.589,66.629,66.147,66.256,2410,17,0
2025-06-12 08:00:00+00:00,66.259,66.499,66.159,66.414,3565,17,0
2025-06-12 09:00:00+00:00,66.409,66.448,65.922,66.026,2763,17,0
2025-06-12 10:00:00+00:00,66.029,66.096,65.87,65.962,2209,17,0
2025-06-12 11:00:00+00:00,65.961,66.035,65.607,65.726,2285,17,0
2025-06-12 12:00:00+00:00,65.726,66.079,65.67,66.046,2689,17,0
2025-06-12 13:00:00+00:00,66.045,66.412,65.782,66.323,5123,17,0
2025-06-12 14:00:00+00:00,66.326,66.648,66.317,66.473,3923,17,0
2025-06-12 15:00:00+00:00,66.478,67.146,66.328,67.08,5941,17,0
2025-06-12 16:00:00+00:00,67.085,67.197,66.473,66.907,4893,17,0
2025-06-12 17:00:00+00:00,66.908,67.091,66.834,67.025,2671,17,0
2025-06-12 18:00:00+00:00,67.031,67.142,66.608,66.862,2418,17,0
2025-06-12 19:00:00+00:00,66.864,66.964,66.826,66.934,760,17,0
2025-06-12 20:00:00+00:00,66.928,67.459,66.903,67.441,868,17,0
2025-06-12 22:00:00+00:00,67.229,67.308,67.173,67.192,249,26,0
2025-06-12 23:00:00+00:00,67.187,68.128,67.169,67.953,789,26,0
2025-06-13 00:00:00+00:00,67.974,72.563,67.658,71.638,14441,26,0
2025-06-13 01:00:00+00:00,71.626,72.437,71.043,71.792,10600,26,0
2025-06-13 02:00:00+00:00,71.783,74.74,71.668,73.613,13867,26,0
2025-06-13 03:00:00+00:00,73.602,73.828,71.925,72.217,7272,39,0
2025-06-13 04:00:00+00:00,72.207,73.223,71.728,71.733,3824,39,0
2025-06-13 05:00:00+00:00,71.74,72.379,71.441,71.501,4431,26,0
2025-06-13 06:00:00+00:00,71.508,71.83,70.255,70.329,8714,26,0
2025-06-13 07:00:00+00:00,70.32,70.849,69.446,70.348,7567,26,0
2025-06-13 08:00:00+00:00,70.348,71.651,70.34,71.308,6415,17,0
2025-06-13 09:00:00+00:00,71.305,72.052,70.746,72.052,5883,26,0
2025-06-13 10:00:00+00:00,72.044,72.679,71.86,72.055,7318,26,0
2025-06-13 11:00:00+00:00,72.035,72.11,71.052,71.504,5084,17,0
2025-06-13 12:00:00+00:00,71.51,72.235,71.421,72.075,4753,17,0
2025-06-13 13:00:00+00:00,72.07,72.225,70.849,70.964,7421,17,0
2025-06-13 14:00:00+00:00,70.948,71.63,70.068,70.342,7880,17,0
2025-06-13 15:00:00+00:00,70.351,71.019,70.224,70.621,6604,17,0
2025-06-13 16:00:00+00:00,70.63,70.725,70.13,70.635,4566,17,0
2025-06-13 17:00:00+00:00,70.639,71.717,70.602,71.57,5124,17,0
2025-06-13 18:00:00+00:00,71.574,72.2,71.09,72.177,6701,17,0
2025-06-13 19:00:00+00:00,72.193,72.293,71.244,71.456,4513,17,0
2025-06-13 20:00:00+00:00,71.456,72.01,71.447,71.86,2145,17,0
2025-06-15 22:00:00+00:00,73.192,73.478,72.698,72.748,2361,26,0
2025-06-15 23:00:00+00:00,72.739,73.258,72.625,72.708,2397,26,0
2025-06-16 00:00:00+00:00,72.697,72.744,71.923,72.108,2494,26,0
2025-06-16 01:00:00+00:00,72.1,72.314,71.332,72.278,5392,26,0
2025-06-16 02:00:00+00:00,72.286,72.372,71.845,72.127,2709,26,0
2025-06-16 03:00:00+00:00,72.121,72.172,71.691,71.957,1610,26,0
2025-06-16 04:00:00+00:00,71.956,72.212,71.917,72.023,984,26,0
2025-06-16 05:00:00+00:00,72.022,72.143,71.53,71.79,2217,26,0
2025-06-16 06:00:00+00:00,71.797,72.096,71.366,71.974,3045,26,0
2025-06-16 07:00:00+00:00,71.978,72.132,71.003,71.122,3442,26,0
2025-06-16 08:00:00+00:00,71.121,71.302,70.759,70.788,4636,17,0
2025-06-16 09:00:00+00:00,70.805,70.992,70.568,70.821,2669,26,0
2025-06-16 10:00:00+00:00,70.824,71.185,70.31,70.329,2467,26,0
2025-06-16 11:00:00+00:00,70.321,70.864,70.278,70.352,3058,17,0
2025-06-16 12:00:00+00:00,70.353,70.645,69.696,69.983,4499,17,0
2025-06-16 13:00:00+00:00,69.974,70.821,68.349,68.525,10554,17,0
2025-06-16 14:00:00+00:00,68.508,69.182,67.823,68.579,10475,17,0
2025-06-16 15:00:00+00:00,68.599,69.767,68.569,69.705,6873,17,0
2025-06-16 16:00:00+00:00,69.699,70.229,69.369,70.203,4845,17,0
2025-06-16 17:00:00+00:00,70.204,70.38,69.677,69.986,4491,17,0
2025-06-16 18:00:00+00:00,69.98,70.4,69.668,69.743,4235,17,0
2025-06-16 19:00:00+00:00,69.742,69.955,69.71,69.9,1657,17,0
2025-06-16 20:00:00+00:00,69.904,70.03,69.749,70.0,1056,17,0
2025-06-16 22:00:00+00:00,69.528,71.354,69.463,71.001,1735,26,0
2025-06-16 23:00:00+00:00,70.999,72.018,70.729,71.645,2298,26,0
2025-06-17 00:00:00+00:00,71.633,71.887,70.468,70.642,5494,26,0
2025-06-17 01:00:00+00:00,70.654,70.897,70.093,70.869,3568,26,0
2025-06-17 02:00:00+00:00,70.869,71.705,70.522,70.877,5398,26,0
2025-06-17 03:00:00+00:00,70.877,70.992,70.313,70.512,2960,26,0
2025-06-17 04:00:00+00:00,70.504,70.816,70.503,70.766,1108,26,0
2025-06-17 05:00:00+00:00,70.763,70.922,70.496,70.592,1739,26,0
2025-06-17 06:00:00+00:00,70.584,70.607,69.598,69.858,3002,26,0
2025-06-17 07:00:00+00:00,69.858,71.433,69.846,71.075,3920,17,0
2025-06-17 08:00:00+00:00,71.07,71.341,70.608,71.132,3895,17,0
2025-06-17 09:00:00+00:00,71.138,71.419,70.805,71.219,3141,26,0
2025-06-17 10:00:00+00:00,71.22,71.574,71.057,71.423,2511,17,0
2025-06-17 11:00:00+00:00,71.425,71.802,71.22,71.655,3153,17,0
2025-06-17 12:00:00+00:00,71.652,71.827,71.068,71.363,3918,17,0
2025-06-17 13:00:00+00:00,71.358,72.278,70.847,72.1,6891,17,0
2025-06-17 14:00:00+00:00,72.095,72.475,71.702,71.899,6196,17,0
2025-06-17 15:00:00+00:00,71.903,72.349,71.446,71.939,6825,17,0
2025-06-17 16:00:00+00:00,71.934,72.684,71.69,72.234,6090,17,0
2025-06-17 17:00:00+00:00,72.228,72.881,72.105,72.76,4465,17,0
2025-06-17 18:00:00+00:00,72.764,73.62,72.659,73.458,5276,17,0
2025-06-17 19:00:00+00:00,73.453,73.624,72.936,73.153,3725,17,0
2025-06-17 20:00:00+00:00,73.166,73.465,73.05,73.298,1904,17,0
2025-06-17 22:00:00+00:00,73.496,73.845,73.426,73.541,738,26,0
2025-06-17 23:00:00+00:00,73.537,73.711,73.312,73.435,676,26,0
2025-06-18 00:00:00+00:00,73.436,73.591,73.05,73.321,2141,26,0
2025-06-18 01:00:00+00:00,73.319,73.331,72.876,72.961,2318,26,0
2025-06-18 02:00:00+00:00,72.957,73.403,72.859,73.392,1349,17,0
2025-06-18 03:00:00+00:00,73.384,73.509,73.162,73.37,1570,26,0
2025-06-18 04:00:00+00:00,73.374,73.438,73.086,73.109,773,26,0
2025-06-18 05:00:00+00:00,73.116,73.14,72.483,72.98,2265,26,0
2025-06-18 06:00:00+00:00,72.988,73.161,72.421,72.972,3091,26,0
2025-06-18 07:00:00+00:00,72.963,73.099,72.509,72.718,3380,26,0
2025-06-18 08:00:00+00:00,72.748,73.003,72.157,72.219,3565,17,0
2025-06-18 09:00:00+00:00,72.221,72.467,71.956,72.456,3528,26,0
2025-06-18 10:00:00+00:00,72.446,73.396,72.42,73.184,4295,17,0
2025-06-18 11:00:00+00:00,73.153,73.483,72.969,73.218,3418,17,0
2025-06-18 12:00:00+00:00,73.213,73.574,73.123,73.329,3882,17,0
2025-06-18 13:00:00+00:00,73.324,74.076,73.232,73.959,6857,17,0
2025-06-18 14:00:00+00:00,73.962,74.02,71.164,71.843,14762,17,0
2025-06-18 15:00:00+00:00,71.828,72.451,71.523,72.189,5660,17,0
2025-06-18 16:00:00+00:00,72.182,72.69,71.702,72.666,5079,17,0
2025-06-18 17:00:00+00:00,72.651,73.27,72.613,72.947,4098,17,0
2025-06-18 18:00:00+00:00,72.949,73.556,72.844,73.41,3962,17,0
2025-06-18 19:00:00+00:00,73.407,73.794,71.989,73.005,5430,17,0
2025-06-18 20:00:00+00:00,73.012,73.354,72.928,72.998,1451,17,0
2025-06-18 22:00:00+00:00,72.938,73.351,72.896,73.23,607,26,0
2025-06-18 23:00:00+00:00,73.238,73.291,73.117,73.179,318,26,0
2025-06-19 00:00:00+00:00,73.186,73.244,72.663,72.732,1319,26,0
2025-06-19 01:00:00+00:00,72.73,73.613,72.452,73.061,3193,26,0
2025-06-19 02:00:00+00:00,73.056,73.359,72.971,73.265,1401,26,0
2025-06-19 03:00:00+00:00,73.26,73.324,73.13,73.219,784,26,0
2025-06-19 04:00:00+00:00,73.215,73.34,73.106,73.312,705,26,0
2025-06-19 05:00:00+00:00,73.305,73.86,73.268,73.506,1563,26,0
2025-06-19 06:00:00+00:00,73.503,74.165,73.403,74.156,2097,26,0
2025-06-19 07:00:00+00:00,74.151,74.296,73.543,73.773,3189,17,0
2025-06-19 08:00:00+00:00,73.774,73.952,73.525,73.628,4137,17,0
2025-06-19 09:00:00+00:00,73.624,73.888,73.276,73.498,2910,17,0
2025-06-19 10:00:00+00:00,73.497,74.053,73.392,73.975,3107,17,0
2025-06-19 11:00:00+00:00,73.979,74.388,73.893,74.348,2667,17,0
2025-06-19 12:00:00+00:00,74.345,74.405,74.102,74.161,3045,17,0
2025-06-19 13:00:00+00:00,74.157,74.878,74.037,74.561,5464,17,0
2025-06-19 14:00:00+00:00,74.555,75.162,74.34,74.999,4949,17,0
2025-06-19 15:00:00+00:00,74.999,75.529,74.408,74.889,6970,17,0
2025-06-19 16:00:00+00:00,74.891,75.445,74.658,75.398,4043,17,0
2025-06-19 17:00:00+00:00,75.407,75.407,74.933,75.049,1054,17,0
2025-06-19 22:00:00+00:00,72.743,73.14,72.66,73.037,772,39,0
2025-06-19 23:00:00+00:00,73.038,73.553,73.023,73.535,762,26,0
2025-06-20 00:00:00+00:00,73.543,74.018,73.41,73.76,2859,26,0
2025-06-20 01:00:00+00:00,73.762,73.923,73.195,73.276,2312,17,0
2025-06-20 02:00:00+00:00,73.271,73.537,73.158,73.411,1628,17,0
2025-06-20 03:00:00+00:00,73.414,73.506,73.332,73.412,1070,17,0
2025-06-20 04:00:00+00:00,73.413,73.762,73.413,73.654,972,26,0
2025-06-20 05:00:00+00:00,73.657,73.861,72.773,72.929,1797,26,0
2025-06-20 06:00:00+00:00,72.924,73.544,72.913,73.44,2484,26,0
2025-06-20 07:00:00+00:00,73.435,73.728,73.091,73.639,3409,17,0
2025-06-20 08:00:00+00:00,73.651,74.007,73.615,73.654,3835,17,0
2025-06-20 09:00:00+00:00,73.651,73.997,73.468,73.569,2959,17,0
2025-06-20 10:00:00+00:00,73.571,73.728,73.246,73.662,2776,17,0
2025-06-20 11:00:00+00:00,73.664,73.823,72.06,72.943,5575,17,0
2025-06-20 12:00:00+00:00,72.931,73.256,72.614,73.054,4348,26,0
2025-06-20 13:00:00+00:00,73.051,73.315,72.561,72.871,6466,17,0
2025-06-20 14:00:00+00:00,72.866,73.514,72.835,73.406,5702,17,0
2025-06-20 15:00:00+00:00,73.401,73.487,72.891,73.405,5753,17,0
2025-06-20 16:00:00+00:00,73.403,73.492,72.867,73.249,3813,17,0
2025-06-20 17:00:00+00:00,73.26,73.882,72.892,73.815,4815,17,0
2025-06-20 18:00:00+00:00,73.809,73.814,73.164,73.601,4154,17,0
2025-06-20 19:00:00+00:00,73.601,73.832,73.545,73.662,1815,17,0
2025-06-20 20:00:00+00:00,73.668,73.777,73.636,73.722,848,17,0
2025-06-22 22:00:00+00:00,76.266,76.277,74.841,74.937,4412,17,0
2025-06-22 23:00:00+00:00,74.933,75.461,74.889,75.376,2450,17,0
2025-06-23 00:00:00+00:00,75.376,75.753,75.22,75.493,2902,17,0
2025-06-23 01:00:00+00:00,75.487,75.641,74.614,74.91,4624,17,0
2025-06-23 02:00:00+00:00,74.914,75.129,74.692,74.851,2439,17,0
2025-06-23 03:00:00+00:00,74.846,74.985,74.529,74.901,1693,17,0
2025-06-23 04:00:00+00:00,74.903,74.997,74.495,74.511,951,17,0
2025-06-23 05:00:00+00:00,74.516,74.754,74.141,74.709,2220,17,0
2025-06-23 06:00:00+00:00,74.704,74.777,74.379,74.533,2506,17,0
2025-06-23 07:00:00+00:00,74.536,74.616,73.564,73.773,4691,17,0
2025-06-23 08:00:00+00:00,73.776,73.85,72.81,73.426,5499,17,0
2025-06-23 09:00:00+00:00,73.427,74.005,73.416,73.972,3431,17,0
2025-06-23 10:00:00+00:00,73.961,74.452,73.752,74.251,3639,17,0
2025-06-23 11:00:00+00:00,74.243,74.572,73.905,73.983,3027,17,0
2025-06-23 12:00:00+00:00,73.984,74.028,73.003,73.421,4198,17,0
2025-06-23 13:00:00+00:00,73.429,74.125,73.001,73.354,8255,17,0
2025-06-23 14:00:00+00:00,73.351,73.386,72.265,72.731,7539,17,0
2025-06-23 15:00:00+00:00,72.736,73.805,72.571,73.419,6403,17,0
2025-06-23 16:00:00+00:00,73.423,73.995,71.259,72.009,11363,17,0
2025-06-23 17:00:00+00:00,72.016,72.041,68.745,69.043,17907,17,0
2025-06-23 18:00:00+00:00,69.048,69.248,67.959,68.248,10919,17,0
2025-06-23 19:00:00+00:00,68.242,68.642,67.687,67.73,3778,17,0
2025-06-23 20:00:00+00:00,67.737,67.792,66.911,67.1,3879,17,0
2025-06-23 22:00:00+00:00,65.922,65.969,64.842,65.307,3243,26,0
2025-06-23 23:00:00+00:00,65.3,65.568,64.11,65.568,2077,26,0
2025-06-24 00:00:00+00:00,65.573,66.208,65.051,65.729,5645,17,0
2025-06-24 01:00:00+00:00,65.725,66.353,65.661,66.105,4482,17,0
2025-06-24 02:00:00+00:00,66.102,66.91,66.092,66.577,4820,17,0
2025-06-24 03:00:00+00:00,66.571,66.697,65.972,66.604,2480,17,0
2025-06-24 04:00:00+00:00,66.599,66.655,66.168,66.347,1559,17,0
2025-06-24 05:00:00+00:00,66.351,66.395,65.396,65.543,2522,17,0
2025-06-24 06:00:00+00:00,65.55,65.598,64.392,65.191,6344,17,0
2025-06-24 07:00:00+00:00,65.203,66.642,65.203,66.132,7488,17,0
2025-06-24 08:00:00+00:00,66.129,66.635,65.605,65.953,6601,17,0
2025-06-24 09:00:00+00:00,65.955,66.192,65.679,66.011,4131,17,0
2025-06-24 10:00:00+00:00,66.01,66.533,65.869,66.318,3842,17,0
2025-06-24 11:00:00+00:00,66.292,66.435,65.573,65.783,4789,17,0
2025-06-24 12:00:00+00:00,65.774,65.847,65.135,65.543,4952,17,0
2025-06-24 13:00:00+00:00,65.555,66.131,64.603,65.201,10473,17,0
2025-06-24 14:00:00+00:00,65.205,65.282,64.437,64.978,6533,17,0
2025-06-24 15:00:00+00:00,64.968,65.211,64.205,64.259,5776,17,0
2025-06-24 16:00:00+00:00,64.252,64.401,63.71,63.931,4145,17,0
2025-06-24 17:00:00+00:00,63.937,64.618,63.899,64.552,2895,17,0
2025-06-24 18:00:00+00:00,64.555,64.595,63.977,64.39,3590,17,0
2025-06-24 19:00:00+00:00,64.389,64.818,64.192,64.623,1983,17,0
2025-06-24 20:00:00+00:00,64.627,64.789,64.582,64.773,926,17,0
2025-06-24 22:00:00+00:00,64.928,64.928,64.696,64.766,432,17,0
2025-06-24 23:00:00+00:00,64.77,64.792,64.667,64.778,304,17,0
2025-06-25 00:00:00+00:00,64.777,64.854,64.644,64.692,814,17,0
2025-06-25 01:00:00+00:00,64.695,64.987,64.695,64.906,1698,17,0
2025-06-25 02:00:00+00:00,64.911,65.001,64.777,64.839,1026,17,0
2025-06-25 03:00:00+00:00,64.84,65.009,64.804,64.844,809,17,0
2025-06-25 04:00:00+00:00,64.847,64.97,64.732,64.804,499,17,0
2025-06-25 05:00:00+00:00,64.807,65.119,64.708,65.088,1020,17,0
2025-06-25 06:00:00+00:00,65.086,65.209,64.877,65.105,1621,17,0
2025-06-25 07:00:00+00:00,65.101,65.282,65.048,65.148,2406,17,0
2025-06-25 08:00:00+00:00,65.152,65.169,64.704,64.938,3274,17,0
2025-06-25 09:00:00+00:00,64.938,64.965,64.505,64.756,2423,17,0
2025-06-25 10:00:00+00:00,64.744,64.744,64.399,64.605,1742,17,0
2025-06-25 11:00:00+00:00,64.607,64.653,64.164,64.39,2310,17,0
2025-06-25 12:00:00+00:00,64.417,64.684,64.148,64.665,2716,17,0
2025-06-25 13:00:00+00:00,64.654,64.893,64.342,64.492,4131,17,0
2025-06-25 14:00:00+00:00,64.496,65.094,64.366,64.838,5836,17,0
2025-06-25 15:00:00+00:00,64.843,65.266,64.814,65.137,4471,17,0
2025-06-25 16:00:00+00:00,65.152,65.589,65.022,65.226,3288,17,0
2025-06-25 17:00:00+00:00,65.228,65.399,64.857,64.876,2876,17,0
2025-06-25 18:00:00+00:00,64.884,64.983,64.448,64.823,3226,17,0
2025-06-25 19:00:00+00:00,64.822,64.871,64.653,64.783,1174,17,0
2025-06-25 20:00:00+00:00,64.778,64.784,64.638,64.648,442,17,0
2025-06-25 22:00:00+00:00,64.677,64.796,64.624,64.762,335,17,0
2025-06-25 23:00:00+00:00,64.762,64.783,64.532,64.557,419,17,0
2025-06-26 00:00:00+00:00,64.56,64.657,64.405,64.615,768,17,0
2025-06-26 01:00:00+00:00,64.613,64.778,64.572,64.747,1492,17,0
2025-06-26 02:00:00+00:00,64.745,64.888,64.698,64.774,861,17,0
2025-06-26 03:00:00+00:00,64.77,64.793,64.603,64.699,661,17,0
2025-06-26 04:00:00+00:00,64.697,64.753,64.648,64.708,380,17,0
2025-06-26 05:00:00+00:00,64.707,64.768,64.653,64.704,716,17,0
2025-06-26 06:00:00+00:00,64.701,65.075,64.635,65.017,1479,17,0
2025-06-26 07:00:00+00:00,65.005,65.011,64.469,64.631,2077,17,0
2025-06-26 08:00:00+00:00,64.646,64.71,64.324,64.373,2700,17,0
2025-06-26 09:00:00+00:00,64.367,64.63,64.18,64.56,2444,17,0
2025-06-26 10:00:00+00:00,64.561,64.876,64.524,64.782,2270,17,0
2025-06-26 11:00:00+00:00,64.782,64.862,64.642,64.829,1756,17,0
2025-06-26 12:00:00+00:00,64.83,64.953,64.459,64.543,2263,17,0
2025-06-26 13:00:00+00:00,64.549,65.17,64.492,64.936,4812,17,0
2025-06-26 14:00:00+00:00,64.932,65.661,64.858,65.619,4425,17,0
2025-06-26 15:00:00+00:00,65.624,65.901,65.329,65.37,4218,17,0
2025-06-26 16:00:00+00:00,65.375,65.628,65.249,65.559,2604,17,0
2025-06-26 17:00:00+00:00,65.552,65.574,64.898,64.971,4110,17,0
2025-06-26 18:00:00+00:00,64.974,65.014,64.516,64.808,2880,17,0
2025-06-26 19:00:00+00:00,64.805,65.013,64.786,64.949,1212,16,0
2025-06-26 20:00:00+00:00,64.954,65.054,64.774,64.778,642,18,0
2025-06-26 22:00:00+00:00,64.867,64.896,64.755,64.858,294,18,0
2025-06-26 23:00:00+00:00,64.859,64.887,64.83,64.844,212,18,0
2025-06-27 00:00:00+00:00,64.844,64.95,64.771,64.879,708,18,0
2025-06-27 01:00:00+00:00,64.893,65.104,64.893,65.081,1356,18,0
2025-06-27 02:00:00+00:00,65.076,65.166,65.025,65.079,790,18,0
2025-06-27 03:00:00+00:00,65.08,65.111,64.957,64.962,617,18,0
2025-06-27 04:00:00+00:00,64.963,65.13,64.952,65.063,398,18,0
2025-06-27 05:00:00+00:00,65.06,65.175,65.018,65.112,863,18,0
2025-06-27 06:00:00+00:00,65.114,65.211,64.965,65.032,1541,18,0
2025-06-27 07:00:00+00:00,65.035,65.294,64.978,65.055,2215,18,0
2025-06-27 08:00:00+00:00,65.072,65.358,65.02,65.278,2598,18,0
2025-06-27 09:00:00+00:00,65.28,65.334,65.081,65.11,2001,18,0
2025-06-27 10:00:00+00:00,65.111,65.262,64.74,64.774,1678,18,0
2025-06-27 11:00:00+00:00,64.775,65.247,64.762,65.191,1995,18,0
2025-06-27 12:00:00+00:00,65.191,65.269,64.91,65.029,2175,18,0
2025-06-27 13:00:00+00:00,65.033,65.38,65.032,65.266,3766,18,0
2025-06-27 14:00:00+00:00,65.273,65.408,65.042,65.266,3155,18,0
2025-06-27 15:00:00+00:00,65.268,65.487,64.227,64.659,6273,18,0
2025-06-27 16:00:00+00:00,64.661,64.767,64.388,64.575,3661,18,0
2025-06-27 17:00:00+00:00,64.579,64.965,64.457,64.933,3207,18,0
2025-06-27 18:00:00+00:00,64.934,65.043,64.728,64.763,2650,18,0
2025-06-27 19:00:00+00:00,64.758,64.769,64.505,64.568,957,18,0
2025-06-27 20:00:00+00:00,64.572,64.642,64.505,64.566,574,18,0
2025-06-29 22:00:00+00:00,64.309,64.435,64.121,64.186,681,18,0
2025-06-29 23:00:00+00:00,64.186,64.305,64.157,64.213,450,18,0
2025-06-30 00:00:00+00:00,64.209,64.23,63.904,64.071,933,18,0
2025-06-30 01:00:00+00:00,64.068,64.255,64.032,64.229,1710,18,0
2025-06-30 02:00:00+00:00,64.224,64.671,64.214,64.573,1468,18,0
2025-06-30 03:00:00+00:00,64.572,64.643,64.497,64.544,612,18,0
2025-06-30 04:00:00+00:00,64.546,64.672,64.522,64.607,357,18,0
2025-06-30 05:00:00+00:00,64.605,64.833,64.582,64.821,687,18,0
2025-06-30 06:00:00+00:00,64.819,64.83,64.464,64.487,1276,18,0
2025-06-30 07:00:00+00:00,64.483,64.818,64.392,64.578,2061,18,0
2025-06-30 08:00:00+00:00,64.582,65.191,64.561,64.893,2608,18,0
2025-06-30 09:00:00+00:00,64.893,65.05,64.533,64.743,2426,18,0
2025-06-30 10:00:00+00:00,64.743,64.865,64.611,64.669,2033,18,0
2025-06-30 11:00:00+00:00,64.679,64.763,64.549,64.753,1915,18,0
2025-06-30 12:00:00+00:00,64.752,64.902,64.686,64.777,1981,18,0
2025-06-30 13:00:00+00:00,64.783,64.855,64.42,64.739,4041,18,0
2025-06-30 14:00:00+00:00,64.717,64.847,64.248,64.291,3578,18,0
2025-06-30 15:00:00+00:00,64.296,64.456,64.089,64.283,3536,18,0
2025-06-30 16:00:00+00:00,64.287,64.565,64.221,64.565,2507,18,0
2025-06-30 17:00:00+00:00,64.563,64.621,64.354,64.382,1916,18,0
2025-06-30 18:00:00+00:00,64.387,64.595,64.294,64.448,1893,18,0
2025-06-30 19:00:00+00:00,64.45,64.47,64.307,64.452,788,18,0
2025-06-30 20:00:00+00:00,64.451,64.553,64.387,64.438,446,18,0
2025-06-30 22:00:00+00:00,64.355,64.413,64.344,64.377,196,18,0
2025-06-30 23:00:00+00:00,64.374,64.377,64.28,64.303,166,18,0
2025-07-01 00:00:00+00:00,64.301,64.368,64.242,64.311,497,18,0
2025-07-01 01:00:00+00:00,64.312,64.345,64.169,64.18,779,18,0
2025-07-01 02:00:00+00:00,64.184,64.213,64.064,64.181,694,18,0
2025-07-01 03:00:00+00:00,64.183,64.219,64.092,64.153,489,18,0
2025-07-01 04:00:00+00:00,64.154,64.221,64.131,64.182,314,18,0
2025-07-01 05:00:00+00:00,64.175,64.304,64.124,64.291,676,18,0
2025-07-01 06:00:00+00:00,64.287,64.658,64.287,64.62,1392,18,0
2025-07-01 07:00:00+00:00,64.618,64.663,64.099,64.516,2203,18,0
2025-07-01 08:00:00+00:00,64.516,64.699,64.441,64.487,2468,18,0
2025-07-01 09:00:00+00:00,64.487,64.591,64.287,64.326,1999,18,0
2025-07-01 10:00:00+00:00,64.328,65.259,64.321,65.124,2088,18,0
2025-07-01 11:00:00+00:00,65.119,65.154,64.907,65.042,1987,18,0
2025-07-01 12:00:00+00:00,65.043,65.301,64.805,65.217,2471,18,0
2025-07-01 13:00:00+00:00,65.221,65.265,64.686,64.768,3533,18,0
2025-07-01 14:00:00+00:00,64.756,64.916,64.495,64.656,3331,18,0
2025-07-01 15:00:00+00:00,64.653,65.058,64.596,65.055,4157,18,0
2025-07-01 16:00:00+00:00,65.052,65.126,64.849,65.024,2703,18,0
2025-07-01 17:00:00+00:00,65.023,65.048,64.776,64.864,1763,18,0
2025-07-01 18:00:00+00:00,64.869,64.952,64.711,64.924,1749,18,0
2025-07-01 19:00:00+00:00,64.926,65.079,64.868,65.05,815,18,0
2025-07-01 20:00:00+00:00,65.051,65.112,64.89,64.929,575,18,0
2025-07-01 22:00:00+00:00,64.825,64.875,64.755,64.771,234,18,0
2025-07-01 23:00:00+00:00,64.767,64.767,64.723,64.726,171,18,0
2025-07-02 00:00:00+00:00,64.723,64.881,64.678,64.678,642,18,0
2025-07-02 01:00:00+00:00,64.676,64.789,64.663,64.778,861,18,0
2025-07-02 02:00:00+00:00,64.78,64.853,64.761,64.787,601,18,0
2025-07-02 03:00:00+00:00,64.786,64.79,64.714,64.764,390,18,0
2025-07-02 04:00:00+00:00,64.761,64.809,64.741,64.804,187,18,0
2025-07-02 05:00:00+00:00,64.803,64.885,64.724,64.853,825,18,0
2025-07-02 06:00:00+00:00,64.852,64.884,64.57,64.646,1043,18,0
2025-07-02 07:00:00+00:00,64.647,65.084,64.537,65.04,1808,18,0
2025-07-02 08:00:00+00:00,65.046,65.088,64.74,65.021,2647,18,0
2025-07-02 09:00:00+00:00,65.023,65.344,64.963,65.226,2099,18,0
2025-07-02 10:00:00+00:00,65.223,65.589,65.152,65.515,1720,18,0
2025-07-02 11:00:00+00:00,65.514,65.72,65.514,65.614,1415,18,0
2025-07-02 12:00:00+00:00,65.618,65.618,65.301,65.407,1861,18,0
2025-07-02 13:00:00+00:00,65.403,65.487,64.996,65.039,3038,18,0
2025-07-02 14:00:00+00:00,65.038,65.139,64.643,65.056,4268,18,0
2025-07-02 15:00:00+00:00,65.052,65.981,65.008,65.791,4231,18,0
2025-07-02 16:00:00+00:00,65.8,66.138,65.6,66.113,2860,18,0
2025-07-02 17:00:00+00:00,66.113,66.802,66.066,66.744,3204,18,0
2025-07-02 18:00:00+00:00,66.747,66.784,66.417,66.524,3005,18,0
2025-07-02 19:00:00+00:00,66.529,66.673,66.429,66.455,901,18,0
2025-07-02 20:00:00+00:00,66.456,66.715,66.43,66.619,664,18,0
2025-07-02 22:00:00+00:00,66.586,66.586,66.451,66.451,203,18,0
2025-07-02 23:00:00+00:00,66.45,66.484,66.375,66.376,152,18,0
2025-07-03 00:00:00+00:00,66.374,66.512,66.324,66.328,702,18,0
2025-07-03 01:00:00+00:00,66.328,66.345,66.012,66.033,1259,18,0
2025-07-03 02:00:00+00:00,66.038,66.083,65.935,66.056,618,18,0
2025-07-03 03:00:00+00:00,66.055,66.169,66.006,66.147,555,18,0
2025-07-03 04:00:00+00:00,66.147,66.188,66.099,66.144,348,18,0
2025-07-03 05:00:00+00:00,66.141,66.171,66.036,66.077,627,18,0
2025-07-03 06:00:00+00:00,66.076,66.246,65.972,66.062,1337,18,0
2025-07-03 07:00:00+00:00,66.06,66.122,65.831,66.006,1976,18,0
2025-07-03 08:00:00+00:00,66.005,66.208,65.844,66.116,2722,18,0
2025-07-03 09:00:00+00:00,66.111,66.162,65.862,66.055,1926,18,0
2025-07-03 10:00:00+00:00,66.066,66.521,66.066,66.483,1861,18,0
2025-07-03 11:00:00+00:00,66.469,66.689,66.328,66.56,1706,18,0
2025-07-03 12:00:00+00:00,66.554,66.629,66.259,66.536,2751,18,0
2025-07-03 13:00:00+00:00,66.531,66.535,66.133,66.297,3394,18,0
2025-07-03 14:00:00+00:00,66.3,66.622,65.718,66.127,3877,18,0
2025-07-03 15:00:00+00:00,66.129,66.205,65.75,66.148,4279,18,0
2025-07-03 16:00:00+00:00,66.147,66.162,65.937,66.033,2316,18,0
2025-07-03 17:00:00+00:00,66.033,66.273,66.021,66.148,1537,18,0
2025-07-03 18:00:00+00:00,66.148,66.307,66.046,66.288,1824,18,0
2025-07-03 19:00:00+00:00,66.287,66.427,66.282,66.377,526,18,0
2025-07-03 20:00:00+00:00,66.384,66.395,66.316,66.333,203,18,0
2025-07-03 22:00:00+00:00,66.285,66.346,66.247,66.329,129,18,0
2025-07-03 23:00:00+00:00,66.329,66.346,66.297,66.319,80,18,0
2025-07-04 00:00:00+00:00,66.316,66.328,66.163,66.285,357,18,0
2025-07-04 01:00:00+00:00,66.28,66.334,66.046,66.048,652,18,0
2025-07-04 02:00:00+00:00,66.045,66.072,65.949,65.961,360,18,0
2025-07-04 03:00:00+00:00,65.959,66.023,65.894,66.01,322,18,0
2025-07-04 04:00:00+00:00,66.015,66.148,65.974,66.132,224,18,0
2025-07-04 05:00:00+00:00,66.126,66.196,66.054,66.143,405,18,0
2025-07-04 06:00:00+00:00,66.145,66.159,65.865,65.926,917,18,0
2025-07-04 07:00:00+00:00,65.926,66.263,65.911,66.183,1410,18,0
2025-07-04 08:00:00+00:00,66.182,66.186,65.682,65.749,2244,18,0
2025-07-04 09:00:00+00:00,65.748,65.8,65.251,65.488,2458,18,0
2025-07-04 10:00:00+00:00,65.488,65.7,65.441,65.672,1427,18,0
2025-07-04 11:00:00+00:00,65.671,65.743,65.556,65.7,1238,18,0
2025-07-04 12:00:00+00:00,65.698,65.83,65.591,65.624,1489,18,0
2025-07-04 13:00:00+00:00,65.615,65.68,65.407,65.569,2306,18,0
2025-07-04 14:00:00+00:00,65.573,65.752,65.476,65.682,1935,18,0
2025-07-04 15:00:00+00:00,65.681,65.828,65.479,65.611,2284,18,0
2025-07-04 16:00:00+00:00,65.612,65.698,65.511,65.645,1015,18,0
2025-07-06 22:00:00+00:00,65.021,65.29,64.905,65.249,1134,18,0
2025-07-06 23:00:00+00:00,65.245,65.32,65.04,65.069,773,18,0
2025-07-07 00:00:00+00:00,65.063,65.063,64.698,65.045,1173,18,0
2025-07-07 01:00:00+00:00,65.03,65.136,64.723,64.999,1745,18,0
2025-07-07 02:00:00+00:00,64.994,65.145,64.935,65.082,840,18,0
2025-07-07 03:00:00+00:00,65.085,65.262,65.042,65.134,521,18,0
2025-07-07 04:00:00+00:00,65.136,65.42,65.125,65.366,572,18,0
2025-07-07 05:00:00+00:00,65.362,65.491,65.335,65.396,719,18,0
2025-07-07 06:00:00+00:00,65.398,65.544,65.353,65.54,1243,18,0
2025-07-07 07:00:00+00:00,65.544,65.734,65.402,65.696,1950,18,0
2025-07-07 08:00:00+00:00,65.7,66.123,65.309,66.044,3805,18,0
2025-07-07 09:00:00+00:00,66.044,66.26,65.857,66.23,2294,18,0
2025-07-07 10:00:00+00:00,66.231,66.26,66.019,66.074,1822,18,0
2025-07-07 11:00:00+00:00,66.077,66.193,65.981,66.058,1345,18,0
2025-07-07 12:00:00+00:00,66.059,66.401,65.955,66.252,1896,18,0
2025-07-07 13:00:00+00:00,66.25,66.697,66.106,66.416,3994,18,0
2025-07-07 14:00:00+00:00,66.436,66.935,66.218,66.679,3787,18,0
2025-07-07 15:00:00+00:00,66.681,66.767,66.43,66.727,3218,18,0
2025-07-07 16:00:00+00:00,66.725,67.109,66.381,66.84,3424,18,0
2025-07-07 17:00:00+00:00,66.839,66.867,66.513,66.598,2690,18,0
2025-07-07 18:00:00+00:00,66.601,67.401,66.377,67.17,3754,18,0
2025-07-07 19:00:00+00:00,67.171,67.22,67.06,67.07,902,18,0
2025-07-07 20:00:00+00:00,67.066,67.197,67.066,67.118,485,18,0
2025-07-07 22:00:00+00:00,66.881,66.901,66.744,66.779,270,18,0
2025-07-07 23:00:00+00:00,66.781,66.874,66.779,66.81,309,18,0
2025-07-08 00:00:00+00:00,66.809,66.861,66.587,66.643,606,18,0
2025-07-08 01:00:00+00:00,66.648,66.68,66.433,66.618,996,18,0
2025-07-08 02:00:00+00:00,66.621,66.698,66.482,66.668,723,18,0
2025-07-08 03:00:00+00:00,66.67,66.736,66.622,66.662,501,18,0
2025-07-08 04:00:00+00:00,66.664,66.668,66.594,66.61,363,18,0
2025-07-08 05:00:00+00:00,66.612,66.824,66.523,66.734,746,18,0
2025-07-08 06:00:00+00:00,66.732,66.807,66.532,66.534,1224,18,0
2025-07-08 07:00:00+00:00,66.538,66.91,66.538,66.573,2083,18,0
2025-07-08 08:00:00+00:00,66.572,66.686,66.406,66.484,2509,18,0
2025-07-08 09:00:00+00:00,66.485,66.733,66.43,66.481,1993,18,0
2025-07-08 10:00:00+00:00,66.481,66.867,66.466,66.853,1535,18,0
2025-07-08 11:00:00+00:00,66.851,66.959,66.757,66.878,1506,18,0
2025-07-08 12:00:00+00:00,66.876,67.045,66.771,66.973,1593,18,0
2025-07-08 13:00:00+00:00,66.975,67.01,66.653,66.883,3022,18,0
2025-07-08 14:00:00+00:00,66.888,67.262,66.62,67.185,3535,18,0
2025-07-08 15:00:00+00:00,67.185,67.587,67.094,67.488,3042,18,0
2025-07-08 16:00:00+00:00,67.492,67.789,67.391,67.774,2415,18,0
2025-07-08 17:00:00+00:00,67.771,67.967,67.593,67.65,2016,18,0
2025-07-08 18:00:00+00:00,67.651,67.658,67.352,67.477,1796,18,0
2025-07-08 19:00:00+00:00,67.475,67.579,67.377,67.403,708,18,0
2025-07-08 20:00:00+00:00,67.403,67.486,67.286,67.322,640,18,0
2025-07-08 22:00:00+00:00,67.105,67.177,67.082,67.159,196,30,0
2025-07-08 23:00:00+00:00,67.159,67.184,67.085,67.114,135,18,0
2025-07-09 00:00:00+00:00,67.113,67.228,67.03,67.205,544,18,0
2025-07-09 01:00:00+00:00,67.209,67.23,67.064,67.192,1159,18,0
2025-07-09 02:00:00+00:00,67.194,67.242,67.136,67.156,707,18,0
2025-07-09 03:00:00+00:00,67.162,67.297,67.159,67.281,599,18,0
2025-07-09 04:00:00+00:00,67.279,67.286,67.167,67.167,292,18,0
2025-07-09 05:00:00+00:00,67.165,67.203,67.092,67.173,598,18,0
2025-07-09 06:00:00+00:00,67.171,67.296,67.103,67.266,1111,18,0
2025-07-09 07:00:00+00:00,67.274,67.699,67.263,67.668,1642,18,0
2025-07-09 08:00:00+00:00,67.666,67.931,67.638,67.892,2011,18,0
2025-07-09 09:00:00+00:00,67.894,67.905,67.557,67.636,1878,18,0
2025-07-09 10:00:00+00:00,67.635,67.685,67.449,67.53,1687,18,0
2025-07-09 11:00:00+00:00,67.529,67.603,67.405,67.536,1426,18,0
2025-07-09 12:00:00+00:00,67.534,67.652,67.188,67.39,2048,18,0
2025-07-09 13:00:00+00:00,67.393,67.393,66.75,66.941,3907,18,0
2025-07-09 14:00:00+00:00,66.94,67.431,66.769,67.354,4106,18,0
2025-07-09 15:00:00+00:00,67.351,67.693,67.285,67.67,3139,18,0
2025-07-09 16:00:00+00:00,67.677,67.781,67.38,67.701,2026,18,0
2025-07-09 17:00:00+00:00,67.704,67.823,67.51,67.616,1527,18,0
2025-07-09 18:00:00+00:00,67.617,67.624,67.265,67.289,1579,18,0
2025-07-09 19:00:00+00:00,67.293,67.346,67.217,67.299,734,18,0
2025-07-09 20:00:00+00:00,67.294,67.334,67.262,67.303,293,18,0
2025-07-09 22:00:00+00:00,67.174,67.232,67.151,67.179,131,18,0
2025-07-09 23:00:00+00:00,67.176,67.205,67.098,67.138,177,18,0
2025-07-10 00:00:00+00:00,67.143,67.15,67.005,67.063,487,18,0
2025-07-10 01:00:00+00:00,67.064,67.334,67.064,67.194,832,18,0
2025-07-10 02:00:00+00:00,67.194,67.316,67.177,67.276,523,18,0
2025-07-10 03:00:00+00:00,67.281,67.31,67.219,67.277,434,18,0
2025-07-10 04:00:00+00:00,67.274,67.437,67.246,67.41,366,18,0
2025-07-10 05:00:00+00:00,67.415,67.436,67.309,67.352,507,18,0
2025-07-10 06:00:00+00:00,67.351,67.526,67.247,67.359,1202,18,0
2025-07-10 07:00:00+00:00,67.355,67.448,67.163,67.244,1749,18,0
2025-07-10 08:00:00+00:00,67.268,67.383,66.907,67.034,2275,18,0
2025-07-10 09:00:00+00:00,67.046,67.178,66.988,67.044,1997,18,0
2025-07-10 10:00:00+00:00,67.048,67.183,66.954,67.115,1246,18,0
2025-07-10 11:00:00+00:00,67.113,67.607,66.447,66.625,3662,18,0
2025-07-10 12:00:00+00:00,66.62,66.898,66.611,66.811,2311,18,0
2025-07-10 13:00:00+00:00,66.807,66.897,65.703,65.936,6511,18,0
2025-07-10 14:00:00+00:00,65.947,66.375,65.917,66.113,3543,18,0
2025-07-10 15:00:00+00:00,66.11,66.207,65.632,65.728,3397,18,0
2025-07-10 16:00:00+00:00,65.729,66.063,65.715,65.819,2074,18,0
2025-07-10 17:00:00+00:00,65.817,65.89,65.615,65.699,1722,18,0
2025-07-10 18:00:00+00:00,65.7,65.986,65.533,65.896,2231,18,0
2025-07-10 19:00:00+00:00,65.899,65.976,65.855,65.95,721,18,0
2025-07-10 20:00:00+00:00,65.951,65.953,65.857,65.918,375,18,0
2025-07-10 22:00:00+00:00,65.884,65.884,65.83,65.856,123,18,0
2025-07-10 23:00:00+00:00,65.856,65.876,65.747,65.785,164,18,0
2025-07-11 00:00:00+00:00,65.79,65.888,65.626,65.645,1043,18,0
2025-07-11 01:00:00+00:00,65.646,66.091,65.605,66.056,1068,18,0
2025-07-11 02:00:00+00:00,66.052,66.078,65.822,65.832,532,18,0
2025-07-11 03:00:00+00:00,65.828,65.914,65.741,65.837,579,18,0
2025-07-11 04:00:00+00:00,65.838,65.868,65.65,65.675,428,18,0
2025-07-11 05:00:00+00:00,65.674,65.916,65.674,65.815,828,18,0
2025-07-11 06:00:00+00:00,65.82,66.164,65.801,66.045,1164,18,0
2025-07-11 07:00:00+00:00,66.043,66.086,65.767,65.813,1974,18,0
2025-07-11 08:00:00+00:00,65.8,65.991,65.52,65.585,2659,18,0
2025-07-11 09:00:00+00:00,65.588,65.869,65.541,65.752,2117,18,0
2025-07-11 10:00:00+00:00,65.746,66.053,65.718,65.953,1946,18,0
2025-07-11 11:00:00+00:00,65.952,66.492,65.909,66.435,1807,18,0
2025-07-11 12:00:00+00:00,66.429,66.448,66.154,66.21,2055,18,0
2025-07-11 13:00:00+00:00,66.215,66.863,66.148,66.611,3549,18,0
2025-07-11 14:00:00+00:00,66.609,67.212,66.545,67.098,3632,18,0
2025-07-11 15:00:00+00:00,67.099,67.479,67.093,67.429,2653,18,0
2025-07-11 16:00:00+00:00,67.43,67.436,67.147,67.202,2092,18,0
2025-07-11 17:00:00+00:00,67.206,67.428,67.143,67.409,1375,18,0
2025-07-11 18:00:00+00:00,67.412,67.487,67.181,67.469,1871,18,0
2025-07-11 19:00:00+00:00,67.471,67.542,67.401,67.508,769,18,0
2025-07-11 20:00:00+00:00,67.511,67.626,67.411,67.555,592,18,0
2025-07-13 22:00:00+00:00,67.61,67.613,67.252,67.264,722,18,0
2025-07-13 23:00:00+00:00,67.262,67.373,67.256,67.358,429,18,0
2025-07-14 00:00:00+00:00,67.359,67.435,67.264,67.398,701,18,0
2025-07-14 01:00:00+00:00,67.393,67.445,67.202,67.259,1070,18,0
2025-07-14 02:00:00+00:00,67.253,67.342,67.214,67.34,613,18,0
2025-07-14 03:00:00+00:00,67.343,67.381,67.296,67.366,466,18,0
2025-07-14 04:00:00+00:00,67.368,67.448,67.332,67.401,287,18,0
2025-07-14 05:00:00+00:00,67.394,67.418,67.301,67.317,555,18,0
2025-07-14 06:00:00+00:00,67.325,67.487,67.273,67.412,1024,18,0
2025-07-14 07:00:00+00:00,67.406,68.119,67.205,67.961,2656,18,0
2025-07-14 08:00:00+00:00,67.965,68.041,67.704,67.8,2574,18,0
2025-07-14 09:00:00+00:00,67.795,68.121,67.61,68.107,1834,18,0
2025-07-14 10:00:00+00:00,68.11,68.352,68.11,68.197,1758,18,0
2025-07-14 11:00:00+00:00,68.188,68.283,67.989,68.25,1619,18,0
2025-07-14 12:00:00+00:00,68.252,68.365,67.84,67.895,2277,18,0
2025-07-14 13:00:00+00:00,67.896,67.926,67.021,67.064,5000,18,0
2025-07-14 14:00:00+00:00,67.067,67.16,66.761,66.844,3545,18,0
2025-07-14 15:00:00+00:00,66.849,67.036,66.146,66.235,6276,18,0
2025-07-14 16:00:00+00:00,66.234,66.409,66.156,66.302,2605,18,0
2025-07-14 17:00:00+00:00,66.309,66.379,65.914,65.939,2078,18,0
2025-07-14 18:00:00+00:00,65.946,66.142,65.849,66.011,2034,18,0
2025-07-14 19:00:00+00:00,66.012,66.158,65.882,65.952,952,18,0
2025-07-14 20:00:00+00:00,65.957,65.971,65.87,65.914,443,18,0
2025-07-14 22:00:00+00:00,65.862,65.928,65.859,65.884,160,18,0
2025-07-14 23:00:00+00:00,65.882,65.925,65.877,65.885,116,18,0
2025-07-15 00:00:00+00:00,65.881,65.886,65.662,65.71,513,18,0
2025-07-15 01:00:00+00:00,65.711,65.825,65.629,65.78,1052,18,0
2025-07-15 02:00:00+00:00,65.778,65.784,65.608,65.647,672,18,0
2025-07-15 03:00:00+00:00,65.645,65.647,65.518,65.585,553,18,0
2025-07-15 04:00:00+00:00,65.589,65.605,65.479,65.582,317,18,0
2025-07-15 05:00:00+00:00,65.586,65.816,65.585,65.742,833,18,0
2025-07-15 06:00:00+00:00,65.736,65.85,65.398,65.51,1487,18,0
2025-07-15 07:00:00+00:00,65.508,65.533,65.294,65.423,1972,18,0
2025-07-15 08:00:00+00:00,65.434,65.637,65.339,65.609,2409,18,0
2025-07-15 09:00:00+00:00,65.605,66.06,65.534,65.606,2245,18,0
2025-07-15 10:00:00+00:00,65.605,65.744,65.48,65.722,1822,18,0
2025-07-15 11:00:00+00:00,65.715,65.997,65.619,65.95,1960,18,0
2025-07-15 12:00:00+00:00,65.949,66.124,65.798,65.824,2785,18,0
2025-07-15 13:00:00+00:00,65.832,66.075,65.604,65.692,4318,18,0
2025-07-15 14:00:00+00:00,65.697,65.889,65.428,65.704,3615,18,0
2025-07-15 15:00:00+00:00,65.709,66.14,65.452,65.594,4512,18,0
2025-07-15 16:00:00+00:00,65.598,65.746,65.306,65.328,2369,18,0
2025-07-15 17:00:00+00:00,65.325,65.55,65.321,65.436,2069,18,0
2025-07-15 18:00:00+00:00,65.44,65.631,65.381,65.571,1866,18,0
2025-07-15 19:00:00+00:00,65.57,65.653,65.557,65.622,739,18,0
2025-07-15 20:00:00+00:00,65.617,65.704,65.563,65.698,479,18,0
2025-07-15 22:00:00+00:00,65.696,65.712,65.642,65.653,242,18,0
2025-07-15 23:00:00+00:00,65.655,65.742,65.653,65.717,181,18,0
2025-07-16 00:00:00+00:00,65.717,65.759,65.632,65.727,476,18,0
2025-07-16 01:00:00+00:00,65.73,65.833,65.703,65.818,684,18,0
2025-07-16 02:00:00+00:00,65.82,65.82,65.601,65.639,547,18,0
2025-07-16 03:00:00+00:00,65.637,65.681,65.576,65.604,341,18,0
2025-07-16 04:00:00+00:00,65.605,65.636,65.564,65.613,203,18,0
2025-07-16 05:00:00+00:00,65.615,65.761,65.615,65.624,688,18,0
2025-07-16 06:00:00+00:00,65.622,65.818,65.581,65.691,1093,18,0
2025-07-16 07:00:00+00:00,65.68,65.686,65.423,65.434,1321,18,0
2025-07-16 08:00:00+00:00,65.432,65.436,65.241,65.294,1565,18,0
2025-07-16 09:00:00+00:00,65.293,65.354,65.019,65.139,1843,18,0
2025-07-16 10:00:00+00:00,65.138,65.325,65.013,65.048,1555,18,0
2025-07-16 11:00:00+00:00,65.041,65.094,64.683,64.687,1821,18,0
2025-07-16 12:00:00+00:00,64.683,64.918,64.634,64.855,2132,18,0
2025-07-16 13:00:00+00:00,64.86,65.101,64.605,64.695,3510,18,0
2025-07-16 14:00:00+00:00,64.7,64.874,64.422,64.71,4455,18,0
2025-07-16 15:00:00+00:00,64.715,64.997,64.559,64.861,5605,18,0
2025-07-16 16:00:00+00:00,64.857,65.279,64.756,65.212,3207,18,0
2025-07-16 17:00:00+00:00,65.213,65.53,65.085,65.502,2892,18,0
2025-07-16 18:00:00+00:00,65.501,65.604,65.152,65.487,2589,18,0
2025-07-16 19:00:00+00:00,65.493,65.565,65.326,65.496,858,18,0
2025-07-16 20:00:00+00:00,65.496,65.515,65.397,65.409,401,18,0
2025-07-16 22:00:00+00:00,65.314,65.421,65.295,65.402,181,18,0
2025-07-16 23:00:00+00:00,65.402,65.441,65.373,65.425,132,18,0
2025-07-17 00:00:00+00:00,65.428,65.693,65.391,65.603,590,18,0
2025-07-17 01:00:00+00:00,65.605,65.683,65.466,65.501,853,18,0
2025-07-17 02:00:00+00:00,65.502,65.541,65.401,65.508,419,18,0
2025-07-17 03:00:00+00:00,65.506,65.649,65.469,65.561,462,18,0
2025-07-17 04:00:00+00:00,65.557,65.557,65.423,65.449,379,18,0
2025-07-17 05:00:00+00:00,65.45,65.49,65.418,65.484,513,18,0
2025-07-17 06:00:00+00:00,65.481,65.485,65.199,65.223,902,18,0
2025-07-17 07:00:00+00:00,65.225,65.265,65.024,65.079,1408,18,0
2025-07-17 08:00:00+00:00,65.084,65.428,65.023,65.227,2236,18,0
2025-07-17 09:00:00+00:00,65.229,65.352,65.008,65.25,1746,18,0
2025-07-17 10:00:00+00:00,65.246,65.526,65.245,65.413,1653,18,0
2025-07-17 11:00:00+00:00,65.41,65.497,65.233,65.454,1769,18,0
2025-07-17 12:00:00+00:00,65.458,65.749,65.353,65.383,2448,18,0
2025-07-17 13:00:00+00:00,65.389,65.53,65.109,65.336,3953,18,0
2025-07-17 14:00:00+00:00,65.335,65.677,65.132,65.664,3397,18,0
2025-07-17 15:00:00+00:00,65.668,65.922,65.618,65.798,3692,18,0
2025-07-17 16:00:00+00:00,65.803,66.157,65.746,66.109,2375,18,0
2025-07-17 17:00:00+00:00,66.111,66.168,65.919,65.967,1839,18,0
2025-07-17 18:00:00+00:00,65.962,66.318,65.954,66.304,1826,18,0
2025-07-17 19:00:00+00:00,66.307,66.347,66.225,66.291,534,18,0
2025-07-17 20:00:00+00:00,66.289,66.312,66.256,66.293,248,18,0
2025-07-17 22:00:00+00:00,66.26,66.264,66.189,66.203,181,18,0
2025-07-17 23:00:00+00:00,66.203,66.204,66.153,66.168,155,18,0
2025-07-18 00:00:00+00:00,66.169,66.318,66.122,66.286,580,18,0
2025-07-18 01:00:00+00:00,66.287,66.337,66.092,66.145,1059,18,0
2025-07-18 02:00:00+00:00,66.146,66.195,66.075,66.152,693,18,0
2025-07-18 03:00:00+00:00,66.15,66.165,66.053,66.117,531,18,0
2025-07-18 04:00:00+00:00,66.115,66.547,66.095,66.472,822,18,0
2025-07-18 05:00:00+00:00,66.47,66.522,66.352,66.375,984,18,0
2025-07-18 06:00:00+00:00,66.379,66.915,66.309,66.763,2278,18,0
2025-07-18 07:00:00+00:00,66.757,66.757,66.34,66.422,2425,18,0
2025-07-18 08:00:00+00:00,66.422,66.682,66.291,66.67,2661,18,0
2025-07-18 09:00:00+00:00,66.674,67.098,66.581,66.982,2856,18,0
2025-07-18 10:00:00+00:00,66.982,67.041,66.647,66.672,2010,18,0
2025-07-18 11:00:00+00:00,66.672,67.095,66.569,67.09,1826,18,0
2025-07-18 12:00:00+00:00,67.095,67.471,66.996,67.029,3189,18,0
2025-07-18 13:00:00+00:00,67.015,67.122,66.723,66.862,4035,18,0
2025-07-18 14:00:00+00:00,66.867,67.205,66.865,67.096,3656,18,0
2025-07-18 15:00:00+00:00,67.093,67.127,65.924,66.37,7530,18,0
2025-07-18 16:00:00+00:00,66.368,66.368,65.976,66.002,2537,18,0
2025-07-18 17:00:00+00:00,66.001,66.172,65.902,65.933,1739,18,0
2025-07-18 18:00:00+00:00,65.928,66.141,65.869,66.103,1841,18,0
2025-07-18 19:00:00+00:00,66.102,66.163,65.941,66.005,845,18,0
2025-07-18 20:00:00+00:00,66.01,66.084,65.983,66.018,414,18,0
2025-07-20 22:00:00+00:00,66.068,66.185,66.068,66.16,482,18,0
2025-07-20 23:00:00+00:00,66.158,66.164,66.045,66.072,359,18,0
2025-07-21 00:00:00+00:00,66.071,66.134,65.945,66.071,563,18,0
2025-07-21 01:00:00+00:00,66.069,66.19,66.003,66.06,1445,18,0
2025-07-21 02:00:00+00:00,66.062,66.094,65.951,66.006,792,18,0
2025-07-21 03:00:00+00:00,66.01,66.119,65.997,66.095,453,18,0
2025-07-21 04:00:00+00:00,66.094,66.12,66.031,66.036,254,18,0
2025-07-21 05:00:00+00:00,66.039,66.328,66.026,66.211,719,18,0
2025-07-21 06:00:00+00:00,66.209,66.289,65.793,65.888,1523,18,0
2025-07-21 07:00:00+00:00,65.887,66.101,65.786,65.884,2059,18,0
2025-07-21 08:00:00+00:00,65.9,66.12,65.579,65.636,2703,18,0
2025-07-21 09:00:00+00:00,65.635,65.821,65.496,65.8,2179,18,0
2025-07-21 10:00:00+00:00,65.799,65.919,65.663,65.835,1658,18,0
2025-07-21 11:00:00+00:00,65.831,66.058,65.817,65.906,1739,18,0
2025-07-21 12:00:00+00:00,65.901,66.004,65.666,65.695,2094,18,0
2025-07-21 13:00:00+00:00,65.697,65.884,65.373,65.42,3851,18,0
2025-07-21 14:00:00+00:00,65.42,65.606,65.127,65.53,3545,18,0
2025-07-21 15:00:00+00:00,65.524,65.81,65.39,65.41,3079,18,0
2025-07-21 16:00:00+00:00,65.414,65.741,65.414,65.482,1809,18,0
2025-07-21 17:00:00+00:00,65.48,65.92,65.454,65.873,1728,18,0
2025-07-21 18:00:00+00:00,65.874,65.933,65.656,65.683,1813,18,0
2025-07-21 19:00:00+00:00,65.683,65.74,65.638,65.649,510,18,0
2025-07-21 20:00:00+00:00,65.647,65.697,65.618,65.634,235,18,0
2025-07-21 22:00:00+00:00,65.648,65.722,65.648,65.693,179,18,0
2025-07-21 23:00:00+00:00,65.693,65.709,65.678,65.689,109,18,0
2025-07-22 00:00:00+00:00,65.687,65.702,65.552,65.571,535,18,0
2025-07-22 01:00:00+00:00,65.573,65.579,65.252,65.28,1356,18,0
2025-07-22 02:00:00+00:00,65.284,65.315,65.166,65.31,914,18,0
2025-07-22 03:00:00+00:00,65.306,65.318,65.196,65.238,577,18,0
2025-07-22 04:00:00+00:00,65.237,65.24,65.056,65.159,555,18,0
2025-07-22 05:00:00+00:00,65.16,65.404,65.112,65.31,941,18,0
2025-07-22 06:00:00+00:00,65.311,65.579,65.278,65.5,1410,18,0
2025-07-22 07:00:00+00:00,65.495,65.525,65.044,65.062,1915,18,0
2025-07-22 08:00:00+00:00,65.061,65.316,64.9,65.128,2827,18,0
2025-07-22 09:00:00+00:00,65.127,65.351,65.065,65.166,2466,18,0
2025-07-22 10:00:00+00:00,65.167,65.362,65.079,65.253,2105,18,0
2025-07-22 11:00:00+00:00,65.253,65.406,65.088,65.139,1962,18,0
2025-07-22 12:00:00+00:00,65.144,65.648,65.101,65.217,2372,18,0
2025-07-22 13:00:00+00:00,65.216,65.367,64.782,64.91,4705,18,0
2025-07-22 14:00:00+00:00,64.926,65.189,64.727,64.859,4083,18,0
2025-07-22 15:00:00+00:00,64.861,65.236,64.759,64.882,3697,18,0
2025-07-22 16:00:00+00:00,64.88,65.038,64.698,65.003,2125,18,0
2025-07-22 17:00:00+00:00,65.0,65.202,64.861,64.985,2040,18,0
2025-07-22 18:00:00+00:00,64.979,65.412,64.852,65.403,2241,18,0
2025-07-22 19:00:00+00:00,65.401,65.506,65.366,65.375,798,18,0
2025-07-22 20:00:00+00:00,65.375,65.509,65.311,65.358,575,18,0
2025-07-22 22:00:00+00:00,65.33,65.416,65.312,65.312,218,18,0
2025-07-22 23:00:00+00:00,65.314,65.516,65.312,65.454,330,18,0
2025-07-23 00:00:00+00:00,65.454,65.518,65.348,65.477,860,18,0
2025-07-23 01:00:00+00:00,65.478,65.605,65.272,65.329,1964,18,0
2025-07-23 02:00:00+00:00,65.33,65.45,65.231,65.299,1114,18,0
2025-07-23 03:00:00+00:00,65.296,65.351,65.249,65.309,779,18,0
2025-07-23 04:00:00+00:00,65.307,65.398,65.289,65.338,434,18,0
2025-07-23 05:00:00+00:00,65.34,65.469,65.29,65.335,1008,18,0
2025-07-23 06:00:00+00:00,65.334,65.334,65.016,65.169,1391,18,0
2025-07-23 07:00:00+00:00,65.171,65.35,65.06,65.074,1683,18,0
2025-07-23 08:00:00+00:00,65.083,65.156,64.886,64.951,2381,18,0
2025-07-23 09:00:00+00:00,64.957,65.157,64.758,64.818,2013,18,0
2025-07-23 10:00:00+00:00,64.81,64.854,64.579,64.704,1877,18,0
2025-07-23 11:00:00+00:00,64.712,64.778,64.594,64.687,1468,18,0
2025-07-23 12:00:00+00:00,64.688,64.931,64.625,64.865,1957,18,0
2025-07-23 13:00:00+00:00,64.868,65.103,64.615,64.709,3467,18,0
2025-07-23 14:00:00+00:00,64.713,64.973,64.58,64.75,3696,18,0
2025-07-23 15:00:00+00:00,64.751,64.974,64.593,64.954,3272,18,0
2025-07-23 16:00:00+00:00,64.948,65.156,64.866,64.966,2592,18,0
2025-07-23 17:00:00+00:00,64.965,65.187,64.915,65.043,1868,18,0
2025-07-23 18:00:00+00:00,65.05,65.314,65.005,65.225,1759,18,0
2025-07-23 19:00:00+00:00,65.229,65.351,65.224,65.291,656,18,0
2025-07-23 20:00:00+00:00,65.292,65.327,65.215,65.267,391,18,0
2025-07-23 22:00:00+00:00,65.227,65.266,65.183,65.261,166,18,0
2025-07-23 23:00:00+00:00,65.259,65.263,65.222,65.255,117,18,0
2025-07-24 00:00:00+00:00,65.256,65.378,65.235,65.268,628,18,0
2025-07-24 01:00:00+00:00,65.269,65.394,65.196,65.247,1208,18,0
2025-07-24 02:00:00+00:00,65.25,65.277,65.174,65.268,800,18,0
2025-07-24 03:00:00+00:00,65.263,65.368,65.25,65.35,635,18,0
2025-07-24 04:00:00+00:00,65.35,65.418,65.316,65.411,355,18,0
2025-07-24 05:00:00+00:00,65.411,65.416,65.187,65.228,855,18,0
2025-07-24 06:00:00+00:00,65.229,66.022,65.224,65.696,2287,18,0
2025-07-24 07:00:00+00:00,65.684,65.711,65.465,65.537,2041,18,0
2025-07-24 08:00:00+00:00,65.56,65.853,65.498,65.651,2737,18,0
2025-07-24 09:00:00+00:00,65.654,66.106,65.619,65.951,2098,18,0
2025-07-24 10:00:00+00:00,65.952,65.952,65.569,65.736,1730,18,0
2025-07-24 11:00:00+00:00,65.735,65.771,65.453,65.588,1736,18,0
2025-07-24 12:00:00+00:00,65.57,65.864,65.401,65.842,2074,18,0
2025-07-24 13:00:00+00:00,65.846,65.976,65.471,65.786,4087,18,0
2025-07-24 14:00:00+00:00,65.789,66.139,65.666,66.02,3612,18,0
2025-07-24 15:00:00+00:00,66.013,66.166,65.675,66.064,3562,18,0
2025-07-24 16:00:00+00:00,66.056,66.101,65.172,65.19,3916,18,0
2025-07-24 17:00:00+00:00,65.188,65.352,65.125,65.219,2734,18,0
2025-07-24 18:00:00+00:00,65.214,65.92,65.195,65.885,2156,18,0
2025-07-24 19:00:00+00:00,65.886,66.055,65.885,65.965,866,18,0
2025-07-24 20:00:00+00:00,65.964,65.973,65.813,65.935,478,18,0
2025-07-24 22:00:00+00:00,65.863,65.898,65.842,65.885,116,18,0
2025-07-24 23:00:00+00:00,65.885,65.966,65.885,65.96,138,18,0
2025-07-25 00:00:00+00:00,65.956,65.987,65.852,65.852,496,18,0
2025-07-25 01:00:00+00:00,65.851,66.144,65.786,66.098,1449,18,0
2025-07-25 02:00:00+00:00,66.096,66.218,66.072,66.087,813,18,0
2025-07-25 03:00:00+00:00,66.084,66.13,65.857,65.881,843,18,0
2025-07-25 04:00:00+00:00,65.887,65.991,65.869,65.898,365,18,0
2025-07-25 05:00:00+00:00,65.893,66.299,65.88,66.244,883,18,0
2025-07-25 06:00:00+00:00,66.244,66.427,66.131,66.296,1237,18,0
2025-07-25 07:00:00+00:00,66.293,66.347,65.985,66.061,1686,18,0
2025-07-25 08:00:00+00:00,66.07,66.273,65.94,66.013,2265,18,0
2025-07-25 09:00:00+00:00,66.014,66.127,65.802,65.974,2039,18,0
2025-07-25 10:00:00+00:00,65.976,66.079,65.83,66.065,1616,18,0
2025-07-25 11:00:00+00:00,66.066,66.074,65.921,66.015,1263,18,0
2025-07-25 12:00:00+00:00,66.017,66.285,65.945,66.25,2093,18,0
2025-07-25 13:00:00+00:00,66.247,66.288,65.548,65.593,3758,18,0
2025-07-25 14:00:00+00:00,65.591,65.673,65.254,65.318,3713,18,0
2025-07-25 15:00:00+00:00,65.321,65.4,64.99,65.047,2975,18,0
2025-07-25 16:00:00+00:00,65.042,65.209,65.02,65.096,1898,18,0
2025-07-25 17:00:00+00:00,65.097,65.266,64.829,64.902,1892,18,0
2025-07-25 18:00:00+00:00,64.895,64.998,64.835,64.899,1639,18,0
2025-07-25 19:00:00+00:00,64.901,64.961,64.779,64.805,716,18,0
2025-07-25 20:00:00+00:00,64.805,64.842,64.764,64.792,352,18,0
2025-07-27 22:00:00+00:00,64.951,65.051,64.83,64.837,400,18,0
2025-07-27 23:00:00+00:00,64.84,65.01,64.84,65.006,335,18,0
2025-07-28 00:00:00+00:00,65.009,65.123,64.982,65.12,446,18,0
2025-07-28 01:00:00+00:00,65.115,65.272,65.044,65.093,1240,18,0
2025-07-28 02:00:00+00:00,65.088,65.204,65.054,65.195,581,18,0
2025-07-28 03:00:00+00:00,65.192,65.192,64.995,65.074,594,18,0
2025-07-28 04:00:00+00:00,65.071,65.224,65.064,65.221,268,18,0
2025-07-28 05:00:00+00:00,65.219,65.341,65.147,65.227,704,18,0
2025-07-28 06:00:00+00:00,65.229,65.508,65.194,65.431,1243,18,0
2025-07-28 07:00:00+00:00,65.428,65.467,64.987,65.07,1819,18,0
2025-07-28 08:00:00+00:00,65.073,65.487,65.021,65.473,2057,18,0
2025-07-28 09:00:00+00:00,65.455,65.542,65.296,65.503,1743,18,0
2025-07-28 10:00:00+00:00,65.499,65.667,65.434,65.575,1467,18,0
2025-07-28 11:00:00+00:00,65.577,65.956,65.56,65.921,1652,18,0
2025-07-28 12:00:00+00:00,65.922,66.213,65.922,66.152,2567,18,0
2025-07-28 13:00:00+00:00,66.149,66.749,66.011,66.53,5751,18,0
2025-07-28 14:00:00+00:00,66.529,66.647,66.153,66.21,3413,18,0
2025-07-28 15:00:00+00:00,66.209,66.286,65.972,66.161,3009,18,0
2025-07-28 16:00:00+00:00,66.165,66.319,66.155,66.262,1651,18,0
2025-07-28 17:00:00+00:00,66.262,66.346,66.089,66.269,1434,18,0
2025-07-28 18:00:00+00:00,66.271,66.648,66.14,66.624,2005,18,0
2025-07-28 19:00:00+00:00,66.624,66.853,66.541,66.813,688,18,0
2025-07-28 20:00:00+00:00,66.811,66.824,66.662,66.697,491,18,0
2025-07-28 22:00:00+00:00,66.756,66.758,66.662,66.671,143,18,0
2025-07-28 23:00:00+00:00,66.67,66.676,66.634,66.657,122,18,0
2025-07-29 00:00:00+00:00,66.655,66.668,66.514,66.564,570,18,0
2025-07-29 01:00:00+00:00,66.565,66.565,66.359,66.361,914,18,0
2025-07-29 02:00:00+00:00,66.361,66.515,66.339,66.498,666,18,0
2025-07-29 03:00:00+00:00,66.501,66.501,66.294,66.299,485,18,0
2025-07-29 04:00:00+00:00,66.302,66.339,66.275,66.32,280,18,0
2025-07-29 05:00:00+00:00,66.322,66.42,66.228,66.41,568,18,0
2025-07-29 06:00:00+00:00,66.41,66.495,66.324,66.367,994,18,0
2025-07-29 07:00:00+00:00,66.373,66.566,66.271,66.315,1939,18,0
2025-07-29 08:00:00+00:00,66.329,66.937,66.296,66.909,2216,18,0
2025-07-29 09:00:00+00:00,66.913,66.939,66.72,66.75,1552,18,0
2025-07-29 10:00:00+00:00,66.748,66.876,66.405,66.425,1499,18,0
2025-07-29 11:00:00+00:00,66.426,66.564,66.346,66.544,1395,18,0
2025-07-29 12:00:00+00:00,66.542,66.905,66.486,66.878,1742,18,0
2025-07-29 13:00:00+00:00,66.87,67.229,66.754,67.19,3220,18,0
2025-07-29 14:00:00+00:00,67.182,67.291,67.097,67.143,2919,18,0
2025-07-29 15:00:00+00:00,67.142,67.438,67.073,67.365,3092,18,0
2025-07-29 16:00:00+00:00,67.368,67.541,67.291,67.379,1784,18,0
2025-07-29 17:00:00+00:00,67.381,68.794,67.298,68.604,5037,18,0
2025-07-29 18:00:00+00:00,68.607,69.38,68.384,69.097,4720,18,0
2025-07-29 19:00:00+00:00,69.103,69.137,68.9,68.99,1456,18,0
2025-07-29 20:00:00+00:00,68.989,69.162,68.791,68.803,1086,18,0
2025-07-29 22:00:00+00:00,68.804,68.887,68.795,68.868,219,18,0
2025-07-29 23:00:00+00:00,68.867,68.867,68.758,68.778,206,18,0
2025-07-30 00:00:00+00:00,68.78,68.897,68.717,68.844,1173,18,0
2025-07-30 01:00:00+00:00,68.841,68.85,68.631,68.833,1987,18,0
2025-07-30 02:00:00+00:00,68.841,68.857,68.725,68.741,888,18,0
2025-07-30 03:00:00+00:00,68.746,68.856,68.61,68.838,899,18,0
2025-07-30 04:00:00+00:00,68.84,68.927,68.825,68.854,380,18,0
2025-07-30 05:00:00+00:00,68.856,68.866,68.695,68.722,578,18,0
2025-07-30 06:00:00+00:00,68.72,68.926,68.607,68.855,1366,18,0
2025-07-30 07:00:00+00:00,68.859,69.347,68.797,69.281,2001,18,0
2025-07-30 08:00:00+00:00,69.291,69.33,68.401,68.518,3276,18,0
2025-07-30 09:00:00+00:00,68.517,68.524,68.278,68.36,1906,18,0
2025-07-30 10:00:00+00:00,68.363,68.395,68.04,68.143,1761,18,0
2025-07-30 11:00:00+00:00,68.143,68.565,68.057,68.513,1802,18,0
2025-07-30 12:00:00+00:00,68.516,69.206,68.516,69.128,4007,18,0
2025-07-30 13:00:00+00:00,69.124,69.307,68.893,69.095,4136,18,0
2025-07-30 14:00:00+00:00,69.097,69.214,68.843,69.182,3645,18,0
2025-07-30 15:00:00+00:00,69.181,69.771,69.123,69.696,3420,18,0
2025-07-30 16:00:00+00:00,69.699,69.842,69.536,69.753,2494,18,0
2025-07-30 17:00:00+00:00,69.749,70.016,69.671,69.889,1952,18,0
2025-07-30 18:00:00+00:00,69.882,69.893,69.405,69.697,3426,18,0
2025-07-30 19:00:00+00:00,69.693,69.972,69.576,69.908,1613,18,0
2025-07-30 20:00:00+00:00,69.9,69.908,69.79,69.834,715,18,0
2025-07-30 22:00:00+00:00,69.668,69.765,69.668,69.711,240,18,0
2025-07-30 23:00:00+00:00,69.713,69.833,69.687,69.833,189,18,0
2025-07-31 00:00:00+00:00,69.83,69.859,69.631,69.651,984,18,0
2025-07-31 01:00:00+00:00,69.655,69.668,69.451,69.486,1175,18,0
2025-07-31 02:00:00+00:00,69.488,69.497,69.371,69.459,758,18,0
2025-07-31 03:00:00+00:00,69.458,69.477,69.356,69.361,583,18,0
2025-07-31 04:00:00+00:00,69.366,69.435,69.273,69.297,535,18,0
2025-07-31 05:00:00+00:00,69.297,69.446,69.246,69.441,832,18,0
2025-07-31 06:00:00+00:00,69.445,69.588,69.247,69.364,1619,18,0
2025-07-31 07:00:00+00:00,69.363,69.687,69.287,69.589,1892,18,0
2025-07-31 08:00:00+00:00,69.591,69.622,69.211,69.374,2519,18,0
2025-07-31 09:00:00+00:00,69.373,69.389,68.838,68.858,2177,18,0
2025-07-31 10:00:00+00:00,68.858,69.167,68.821,69.152,1601,18,0
2025-07-31 11:00:00+00:00,69.153,69.25,68.862,69.121,2052,18,0
2025-07-31 12:00:00+00:00,69.122,69.16,68.941,69.042,1809,18,0
2025-07-31 13:00:00+00:00,69.044,69.14,68.699,68.943,3577,18,0
2025-07-31 14:00:00+00:00,68.939,69.347,68.586,68.595,3132,18,0
2025-07-31 15:00:00+00:00,68.593,68.662,68.067,68.207,4341,18,0
2025-07-31 16:00:00+00:00,68.207,68.955,68.174,68.795,2675,18,0
2025-07-31 17:00:00+00:00,68.777,68.864,68.413,68.565,2474,18,0
2025-07-31 18:00:00+00:00,68.57,68.948,68.366,68.707,2338,18,0
2025-07-31 19:00:00+00:00,68.707,68.709,68.532,68.677,1058,18,0
2025-07-31 20:00:00+00:00,68.674,68.951,68.63,68.876,902,18,0
2025-07-31 22:00:00+00:00,68.877,68.877,68.758,68.84,213,18,0
2025-07-31 23:00:00+00:00,68.84,68.859,68.767,68.804,226,18,0
2025-08-01 00:00:00+00:00,68.81,68.832,68.635,68.647,929,18,0
2025-08-01 01:00:00+00:00,68.646,68.761,68.601,68.752,1093,18,0
2025-08-01 02:00:00+00:00,68.749,68.82,68.552,68.66,1059,18,0
2025-08-01 03:00:00+00:00,68.661,68.83,68.621,68.823,688,18,0
2025-08-01 04:00:00+00:00,68.821,68.969,68.807,68.859,601,18,0
2025-08-01 05:00:00+00:00,68.858,68.889,68.673,68.74,807,18,0
2025-08-01 06:00:00+00:00,68.745,68.905,68.481,68.623,1589,18,0
2025-08-01 07:00:00+00:00,68.62,68.75,68.368,68.636,2662,18,0
2025-08-01 08:00:00+00:00,68.638,68.937,68.164,68.307,3259,18,0
2025-08-01 09:00:00+00:00,68.307,68.542,68.133,68.504,2549,18,0
2025-08-01 10:00:00+00:00,68.506,68.61,67.955,67.999,2231,18,0
2025-08-01 11:00:00+00:00,68.005,68.212,67.889,68.14,2145,18,0
2025-08-01 12:00:00+00:00,68.135,68.837,68.088,68.609,4363,18,0
2025-08-01 13:00:00+00:00,68.614,68.914,67.772,67.833,6323,18,0
2025-08-01 14:00:00+00:00,67.829,67.829,66.626,66.681,7626,18,0
2025-08-01 15:00:00+00:00,66.69,66.996,66.641,66.852,4847,18,0
2025-08-01 16:00:00+00:00,66.848,67.139,66.464,66.9,3898,18,0
2025-08-01 17:00:00+00:00,66.899,67.09,66.674,66.713,3443,18,0
2025-08-01 18:00:00+00:00,66.719,66.804,66.505,66.685,2543,18,0
2025-08-01 19:00:00+00:00,66.692,66.73,66.516,66.638,1325,18,0
2025-08-01 20:00:00+00:00,66.642,66.757,66.521,66.564,573,18,0
2025-08-03 22:00:00+00:00,66.075,66.439,66.063,66.185,925,18,0
2025-08-03 23:00:00+00:00,66.187,66.329,66.146,66.308,726,18,0
2025-08-04 00:00:00+00:00,66.31,66.467,66.181,66.467,1079,18,0
2025-08-04 01:00:00+00:00,66.458,66.527,66.182,66.513,1707,18,0
2025-08-04 02:00:00+00:00,66.512,66.606,66.438,66.552,1006,18,0
2025-08-04 03:00:00+00:00,66.558,66.606,66.472,66.543,726,18,0
2025-08-04 04:00:00+00:00,66.543,66.618,66.431,66.5,485,18,0
2025-08-04 05:00:00+00:00,66.502,66.717,66.473,66.693,705,18,0
2025-08-04 06:00:00+00:00,66.691,66.936,66.688,66.873,1116,18,0
2025-08-04 07:00:00+00:00,66.873,67.053,66.698,66.819,2091,18,0
2025-08-04 08:00:00+00:00,66.811,66.849,65.728,65.838,3197,18,0
2025-08-04 09:00:00+00:00,65.836,66.047,65.759,65.762,2722,18,0
2025-08-04 10:00:00+00:00,65.758,65.889,65.523,65.583,2101,18,0
2025-08-04 11:00:00+00:00,65.588,65.595,65.385,65.41,2129,18,0
2025-08-04 12:00:00+00:00,65.406,65.482,64.949,64.979,3034,18,0
2025-08-04 13:00:00+00:00,64.982,65.231,64.917,65.084,4386,18,0
2025-08-04 14:00:00+00:00,65.086,66.315,65.004,66.247,4962,18,0
2025-08-04 15:00:00+00:00,66.229,66.391,65.97,66.163,4090,18,0
2025-08-04 16:00:00+00:00,66.166,66.23,65.64,65.693,2513,18,0
2025-08-04 17:00:00+00:00,65.697,65.829,65.597,65.682,1861,18,0
2025-08-04 18:00:00+00:00,65.68,65.848,65.479,65.585,1714,18,0
2025-08-04 19:00:00+00:00,65.581,65.661,65.374,65.527,842,18,0
2025-08-04 20:00:00+00:00,65.522,65.609,65.515,65.578,424,18,0
2025-08-04 22:00:00+00:00,65.627,65.66,65.604,65.652,169,18,0
2025-08-04 23:00:00+00:00,65.65,65.688,65.633,65.677,162,18,0
2025-08-05 00:00:00+00:00,65.678,65.736,65.573,65.59,555,18,0
2025-08-05 01:00:00+00:00,65.59,65.762,65.574,65.629,1206,18,0
2025-08-05 02:00:00+00:00,65.63,65.654,65.465,65.503,637,18,0
2025-08-05 03:00:00+00:00,65.503,65.557,65.396,65.548,599,18,0
2025-08-05 04:00:00+00:00,65.55,65.595,65.505,65.567,309,18,0
2025-08-05 05:00:00+00:00,65.57,65.705,65.396,65.657,785,18,0
2025-08-05 06:00:00+00:00,65.653,65.752,65.458,65.486,1085,18,0
2025-08-05 07:00:00+00:00,65.49,65.651,65.164,65.38,2221,18,0
2025-08-05 08:00:00+00:00,65.389,65.705,65.218,65.299,2675,18,0
2025-08-05 09:00:00+00:00,65.298,65.39,64.831,64.833,2170,18,0
2025-08-05 10:00:00+00:00,64.835,65.066,64.823,64.922,1718,18,0
2025-08-05 11:00:00+00:00,64.926,65.165,64.897,65.088,1769,18,0
2025-08-05 12:00:00+00:00,65.091,65.19,64.554,64.729,3572,18,0
2025-08-05 13:00:00+00:00,64.741,65.096,64.66,64.927,3768,18,0
2025-08-05 14:00:00+00:00,64.924,65.144,64.598,64.869,3913,18,0
2025-08-05 15:00:00+00:00,64.866,64.985,64.676,64.765,3313,18,0
2025-08-05 16:00:00+00:00,64.766,65.155,64.437,64.679,3630,18,0
2025-08-05 17:00:00+00:00,64.679,64.97,64.51,64.73,2770,18,0
2025-08-05 18:00:00+00:00,64.737,64.781,64.472,64.515,1847,18,0
2025-08-05 19:00:00+00:00,64.516,64.599,64.493,64.56,604,18,0
2025-08-05 20:00:00+00:00,64.557,64.636,64.463,64.573,461,18,0
2025-08-05 22:00:00+00:00,64.552,64.609,64.536,64.596,216,18,0
2025-08-05 23:00:00+00:00,64.595,64.64,64.576,64.624,160,18,0
2025-08-06 00:00:00+00:00,64.62,64.706,64.608,64.694,441,18,0
2025-08-06 01:00:00+00:00,64.693,64.872,64.682,64.833,715,18,0
2025-08-06 02:00:00+00:00,64.831,64.9,64.787,64.83,523,18,0
2025-08-06 03:00:00+00:00,64.829,64.937,64.822,64.919,418,18,0
2025-08-06 04:00:00+00:00,64.917,64.974,64.89,64.928,327,18,0
2025-08-06 05:00:00+00:00,64.93,64.93,64.792,64.859,543,18,0
2025-08-06 06:00:00+00:00,64.859,65.015,64.839,64.989,971,18,0
2025-08-06 07:00:00+00:00,64.985,65.241,64.953,65.046,1597,18,0
2025-08-06 08:00:00+00:00,65.044,65.51,64.993,65.411,1948,18,0
2025-08-06 09:00:00+00:00,65.413,65.603,65.296,65.556,1849,18,0
2025-08-06 10:00:00+00:00,65.553,65.665,65.466,65.598,1441,18,0
2025-08-06 11:00:00+00:00,65.599,65.634,65.387,65.506,1426,18,0
2025-08-06 12:00:00+00:00,65.511,65.571,65.15,65.475,2444,18,0
2025-08-06 13:00:00+00:00,65.471,66.019,65.386,65.694,3489,18,0
2025-08-06 14:00:00+00:00,65.685,65.86,64.761,65.271,6104,18,0
2025-08-06 15:00:00+00:00,65.278,65.429,64.213,64.252,5085,18,0
2025-08-06 16:00:00+00:00,64.248,64.985,64.016,64.654,5724,18,0
2025-08-06 17:00:00+00:00,64.65,64.69,64.146,64.173,2953,18,0
2025-08-06 18:00:00+00:00,64.169,64.277,63.461,63.495,4135,18,0
2025-08-06 19:00:00+00:00,63.492,63.549,63.02,63.446,2326,18,0
2025-08-06 20:00:00+00:00,63.446,63.624,63.384,63.59,747,18,0
2025-08-06 22:00:00+00:00,63.679,63.712,63.58,63.622,275,18,0
2025-08-06 23:00:00+00:00,63.62,63.73,63.608,63.663,306,18,0
2025-08-07 00:00:00+00:00,63.667,63.998,63.629,63.994,885,18,0
2025-08-07 01:00:00+00:00,63.991,64.267,63.967,64.207,1346,18,0
2025-08-07 02:00:00+00:00,64.21,64.361,64.161,64.265,806,18,0
2025-08-07 03:00:00+00:00,64.265,64.35,64.222,64.329,574,18,0
2025-08-07 04:00:00+00:00,64.327,64.327,64.097,64.115,543,18,0
2025-08-07 05:00:00+00:00,64.117,64.154,63.973,64.047,815,18,0
2025-08-07 06:00:00+00:00,64.044,64.166,63.998,64.084,1245,18,0
2025-08-07 07:00:00+00:00,64.085,64.256,64.022,64.05,2200,18,0
2025-08-07 08:00:00+00:00,64.061,64.097,63.465,63.884,3926,18,0
2025-08-07 09:00:00+00:00,63.903,64.186,63.837,64.179,2186,18,0
2025-08-07 10:00:00+00:00,64.181,64.421,64.05,64.194,2093,18,0
2025-08-07 11:00:00+00:00,64.189,64.276,63.868,63.93,2112,18,0
2025-08-07 12:00:00+00:00,63.928,64.175,63.918,64.032,2226,18,0
2025-08-07 13:00:00+00:00,64.035,64.063,63.576,63.809,3976,18,0
2025-08-07 14:00:00+00:00,63.811,63.909,63.418,63.43,3414,18,0
2025-08-07 15:00:00+00:00,63.431,63.669,63.258,63.419,3164,18,0
2025-08-07 16:00:00+00:00,63.419,63.852,63.414,63.588,2316,18,0
2025-08-07 17:00:00+00:00,63.588,63.659,63.191,63.449,2130,18,0
2025-08-07 18:00:00+00:00,63.451,63.524,63.163,63.225,1634,18,0
2025-08-07 19:00:00+00:00,63.224,63.231,63.098,63.138,596,18,0
2025-08-07 20:00:00+00:00,63.132,63.252,63.121,63.206,493,18,0
2025-08-07 22:00:00+00:00,63.196,63.25,63.187,63.209,221,18,0
2025-08-07 23:00:00+00:00,63.211,63.23,63.152,63.173,191,18,0
2025-08-08 00:00:00+00:00,63.176,63.232,63.142,63.225,593,18,0
2025-08-08 01:00:00+00:00,63.224,63.309,63.195,63.216,885,18,0
2025-08-08 02:00:00+00:00,63.22,63.314,63.095,63.189,762,18,0
2025-08-08 03:00:00+00:00,63.19,63.22,63.072,63.201,594,18,0
2025-08-08 04:00:00+00:00,63.199,63.202,63.098,63.104,279,18,0
2025-08-08 05:00:00+00:00,63.107,63.125,62.937,62.939,732,18,0
2025-08-08 06:00:00+00:00,62.935,62.976,62.587,62.698,1353,18,0
2025-08-08 07:00:00+00:00,62.7,63.323,62.654,63.255,2040,18,0
2025-08-08 08:00:00+00:00,63.25,63.472,62.979,63.45,2633,18,0
2025-08-08 09:00:00+00:00,63.449,63.595,63.243,63.564,1829,18,0
2025-08-08 10:00:00+00:00,63.564,63.79,63.435,63.657,2145,18,0
2025-08-08 11:00:00+00:00,63.642,63.691,63.352,63.44,1564,18,0
2025-08-08 12:00:00+00:00,63.443,63.644,63.362,63.48,1923,18,0
2025-08-08 13:00:00+00:00,63.471,63.893,63.201,63.733,3828,18,0
2025-08-08 14:00:00+00:00,63.73,63.752,62.176,62.888,8774,18,0
2025-08-08 15:00:00+00:00,62.89,63.672,62.834,63.554,4745,18,0
2025-08-08 16:00:00+00:00,63.563,63.636,63.325,63.441,2664,18,0
2025-08-08 17:00:00+00:00,63.433,63.751,63.135,63.268,2898,18,0
2025-08-08 18:00:00+00:00,63.26,63.381,63.007,63.009,2412,18,0
2025-08-08 19:00:00+00:00,63.01,63.116,62.93,62.961,989,18,0
2025-08-08 20:00:00+00:00,62.966,62.982,62.738,62.773,1064,18,0
2025-08-10 22:00:00+00:00,62.904,62.992,62.863,62.878,487,18,0
2025-08-10 23:00:00+00:00,62.881,62.932,62.733,62.75,404,18,0
2025-08-11 00:00:00+00:00,62.749,62.759,62.353,62.425,930,18,0
2025-08-11 01:00:00+00:00,62.429,62.812,62.429,62.795,1484,18,0
2025-08-11 02:00:00+00:00,62.792,62.857,62.689,62.816,808,18,0
2025-08-11 03:00:00+00:00,62.818,62.88,62.775,62.817,662,18,0
2025-08-11 04:00:00+00:00,62.818,62.851,62.678,62.722,446,18,0
2025-08-11 05:00:00+00:00,62.72,62.826,62.668,62.805,640,18,0
2025-08-11 06:00:00+00:00,62.802,62.98,62.435,62.596,1777,18,0
2025-08-11 07:00:00+00:00,62.591,62.726,62.408,62.441,2147,18,0
2025-08-11 08:00:00+00:00,62.44,62.96,62.44,62.768,2815,18,0
2025-08-11 09:00:00+00:00,62.768,63.184,62.731,63.135,1901,18,0
2025-08-11 10:00:00+00:00,63.131,63.301,63.124,63.256,1224,18,0
2025-08-11 11:00:00+00:00,63.254,63.552,63.226,63.53,1522,18,0
2025-08-11 12:00:00+00:00,63.53,63.571,63.372,63.493,1677,18,0
2025-08-11 13:00:00+00:00,63.487,63.683,63.332,63.416,3172,18,0
2025-08-11 14:00:00+00:00,63.42,63.695,62.952,62.984,3453,18,0
2025-08-11 15:00:00+00:00,62.982,63.479,62.939,63.088,3887,18,0
2025-08-11 16:00:00+00:00,63.084,63.415,63.051,63.357,2156,18,0
2025-08-11 17:00:00+00:00,63.351,63.473,63.15,63.254,1878,18,0
2025-08-11 18:00:00+00:00,63.255,63.459,63.201,63.292,1918,18,0
2025-08-11 19:00:00+00:00,63.295,63.442,63.295,63.352,687,18,0
2025-08-11 20:00:00+00:00,63.357,63.386,63.288,63.309,313,18,0
2025-08-11 22:00:00+00:00,63.28,63.41,63.266,63.41,286,18,0
2025-08-11 23:00:00+00:00,63.406,63.415,63.339,63.37,131,18,0
2025-08-12 00:00:00+00:00,63.369,63.494,63.331,63.337,591,18,0
2025-08-12 01:00:00+00:00,63.336,63.349,63.158,63.265,954,18,0
2025-08-12 02:00:00+00:00,63.267,63.356,63.208,63.327,635,18,0
2025-08-12 03:00:00+00:00,63.329,63.448,63.311,63.393,505,18,0
2025-08-12 04:00:00+00:00,63.39,63.565,63.37,63.535,376,18,0
2025-08-12 05:00:00+00:00,63.537,63.554,63.435,63.468,726,18,0
2025-08-12 06:00:00+00:00,63.466,63.558,63.239,63.401,1192,18,0
2025-08-12 07:00:00+00:00,63.399,63.51,63.327,63.416,1758,18,0
2025-08-12 08:00:00+00:00,63.421,63.484,63.05,63.115,2426,18,0
2025-08-12 09:00:00+00:00,63.115,63.345,63.057,63.298,1650,18,0
2025-08-12 10:00:00+00:00,63.296,63.595,63.069,63.24,1757,18,0
2025-08-12 11:00:00+00:00,63.245,63.253,62.781,62.825,1690,18,0
2025-08-12 12:00:00+00:00,62.823,62.947,62.626,62.747,2269,18,0
2025-08-12 13:00:00+00:00,62.75,62.985,62.577,62.818,3637,18,0
2025-08-12 14:00:00+00:00,62.82,62.98,62.782,62.896,2582,18,0
2025-08-12 15:00:00+00:00,62.898,63.129,62.558,62.654,2890,18,0
2025-08-12 16:00:00+00:00,62.654,62.744,62.441,62.565,1891,18,0
2025-08-12 17:00:00+00:00,62.564,62.801,62.532,62.621,1963,18,0
2025-08-12 18:00:00+00:00,62.622,62.662,62.47,62.604,1597,18,0
2025-08-12 19:00:00+00:00,62.605,62.63,62.529,62.551,590,18,0
2025-08-12 20:00:00+00:00,62.562,62.581,62.471,62.521,398,18,0
2025-08-12 22:00:00+00:00,62.445,62.493,62.41,62.47,204,18,0
2025-08-12 23:00:00+00:00,62.472,62.531,62.472,62.52,110,18,0
2025-08-13 00:00:00+00:00,62.515,62.524,62.458,62.5,393,18,0
2025-08-13 01:00:00+00:00,62.496,62.541,62.36,62.49,968,18,0
2025-08-13 02:00:00+00:00,62.495,62.499,62.298,62.327,560,18,0
2025-08-13 03:00:00+00:00,62.329,62.532,62.319,62.528,486,18,0
2025-08-13 04:00:00+00:00,62.529,62.597,62.497,62.55,332,18,0
2025-08-13 05:00:00+00:00,62.553,62.61,62.413,62.428,511,18,0
2025-08-13 06:00:00+00:00,62.431,62.659,62.204,62.528,1234,18,0
2025-08-13 07:00:00+00:00,62.526,62.526,62.229,62.309,1585,18,0
2025-08-13 08:00:00+00:00,62.308,62.345,61.901,62.183,2255,18,0
2025-08-13 09:00:00+00:00,62.183,62.383,62.06,62.099,1725,18,0
2025-08-13 10:00:00+00:00,62.102,62.156,61.976,61.995,1278,18,0
2025-08-13 11:00:00+00:00,61.99,62.238,61.981,62.184,1285,18,0
2025-08-13 12:00:00+00:00,62.18,62.627,62.123,62.477,2000,18,0
2025-08-13 13:00:00+00:00,62.488,62.502,62.193,62.236,2784,18,0
2025-08-13 14:00:00+00:00,62.23,62.326,61.534,61.648,3928,18,0
2025-08-13 15:00:00+00:00,61.646,61.882,61.342,61.404,3344,18,0
2025-08-13 16:00:00+00:00,61.409,61.731,61.345,61.608,2318,18,0
2025-08-13 17:00:00+00:00,61.61,62.068,61.572,61.91,2281,18,0
2025-08-13 18:00:00+00:00,61.913,62.056,61.826,61.848,1988,18,0
2025-08-13 19:00:00+00:00,61.845,62.165,61.845,62.078,687,18,0
2025-08-13 20:00:00+00:00,62.086,62.112,62.043,62.095,313,18,0
2025-08-13 22:00:00+00:00,62.093,62.112,62.031,62.097,135,18,0
2025-08-13 23:00:00+00:00,62.088,62.152,62.081,62.101,163,18,0
2025-08-14 00:00:00+00:00,62.1,62.199,62.071,62.185,601,18,0
2025-08-14 01:00:00+00:00,62.188,62.193,62.053,62.173,981,18,0
2025-08-14 02:00:00+00:00,62.176,62.278,62.121,62.204,604,18,0
2025-08-14 03:00:00+00:00,62.206,62.242,62.132,62.156,482,18,0
2025-08-14 04:00:00+00:00,62.16,62.203,62.144,62.193,269,18,0
2025-08-14 05:00:00+00:00,62.19,62.339,62.089,62.227,851,18,0
2025-08-14 06:00:00+00:00,62.228,62.375,62.086,62.286,1311,18,0
2025-08-14 07:00:00+00:00,62.284,62.369,62.067,62.124,1587,18,0
2025-08-14 08:00:00+00:00,62.128,62.317,62.021,62.118,2163,18,0
2025-08-14 09:00:00+00:00,62.12,62.335,62.116,62.281,1708,18,0
2025-08-14 10:00:00+00:00,62.277,62.324,61.867,61.939,1377,18,0
2025-08-14 11:00:00+00:00,61.939,62.272,61.919,62.215,1438,18,0
2025-08-14 12:00:00+00:00,62.22,62.526,62.106,62.377,1921,18,0
2025-08-14 13:00:00+00:00,62.375,63.005,62.331,62.726,3705,18,0
2025-08-14 14:00:00+00:00,62.734,62.823,62.44,62.663,2995,18,0
2025-08-14 15:00:00+00:00,62.669,63.101,62.656,62.953,2898,18,0
2025-08-14 16:00:00+00:00,62.958,63.114,62.88,62.928,1950,18,0
2025-08-14 17:00:00+00:00,62.925,63.054,62.696,63.007,1969,18,0
2025-08-14 18:00:00+00:00,62.999,63.202,62.902,63.161,1877,18,0
2025-08-14 19:00:00+00:00,63.16,63.206,63.121,63.155,642,18,0
2025-08-14 20:00:00+00:00,63.155,63.174,63.074,63.091,392,18,0
2025-08-14 22:00:00+00:00,62.962,63.072,62.962,63.01,182,18,0
2025-08-14 23:00:00+00:00,63.007,63.034,62.965,63.028,131,18,0
2025-08-15 00:00:00+00:00,63.032,63.278,62.936,62.97,708,18,0
2025-08-15 01:00:00+00:00,62.969,63.066,62.903,63.064,903,18,0
2025-08-15 02:00:00+00:00,63.061,63.075,62.939,62.988,576,18,0
2025-08-15 03:00:00+00:00,62.987,63.025,62.885,62.936,450,18,0
2025-08-15 04:00:00+00:00,62.936,62.982,62.809,62.858,318,18,0
2025-08-15 05:00:00+00:00,62.856,63.0,62.788,62.921,606,18,0
2025-08-15 06:00:00+00:00,62.926,62.933,62.688,62.757,1135,18,0
2025-08-15 07:00:00+00:00,62.753,62.762,62.548,62.614,1551,18,0
2025-08-15 08:00:00+00:00,62.611,62.685,62.318,62.35,1977,18,0
2025-08-15 09:00:00+00:00,62.348,62.708,62.339,62.684,1558,18,0
2025-08-15 10:00:00+00:00,62.68,62.766,62.557,62.697,1238,18,0
2025-08-15 11:00:00+00:00,62.686,62.795,62.445,62.769,1324,18,0
2025-08-15 12:00:00+00:00,62.766,62.784,62.466,62.493,1760,18,0
2025-08-15 13:00:00+00:00,62.494,62.494,62.031,62.402,3681,18,0
2025-08-15 14:00:00+00:00,62.405,62.674,62.167,62.539,2887,18,0
2025-08-15 15:00:00+00:00,62.529,62.663,62.281,62.307,2835,18,0
2025-08-15 16:00:00+00:00,62.31,62.402,62.144,62.378,2016,18,0
2025-08-15 17:00:00+00:00,62.375,62.47,62.201,62.229,1537,18,0
2025-08-15 18:00:00+00:00,62.237,62.237,61.859,62.211,2026,18,0
2025-08-15 19:00:00+00:00,62.211,62.303,61.959,62.28,1134,18,0
2025-08-15 20:00:00+00:00,62.276,62.34,62.25,62.291,518,18,0
2025-08-17 22:00:00+00:00,61.692,61.909,61.675,61.78,578,18,0
2025-08-17 23:00:00+00:00,61.781,61.801,61.693,61.712,333,18,0
2025-08-18 00:00:00+00:00,61.713,61.959,61.678,61.938,668,18,0
2025-08-18 01:00:00+00:00,61.937,61.958,61.661,61.929,1744,18,0
2025-08-18 02:00:00+00:00,61.928,61.993,61.864,61.923,1058,18,0
2025-08-18 03:00:00+00:00,61.92,62.052,61.845,62.023,893,18,0
2025-08-18 04:00:00+00:00,62.024,62.095,61.988,62.012,504,18,0
2025-08-18 05:00:00+00:00,62.013,62.085,61.962,62.057,858,18,0
2025-08-18 06:00:00+00:00,62.06,62.408,62.033,62.269,1594,18,0
2025-08-18 07:00:00+00:00,62.267,62.267,61.839,61.856,1839,18,0
2025-08-18 08:00:00+00:00,61.858,62.193,61.809,62.063,2140,18,0
2025-08-18 09:00:00+00:00,62.066,62.523,62.003,62.407,1784,18,0
2025-08-18 10:00:00+00:00,62.407,62.445,62.093,62.352,1594,18,0
2025-08-18 11:00:00+00:00,62.342,62.394,62.134,62.265,1633,18,0
2025-08-18 12:00:00+00:00,62.266,62.323,62.018,62.094,2050,18,0
2025-08-18 13:00:00+00:00,62.086,62.117,61.422,61.682,3910,18,0
2025-08-18 14:00:00+00:00,61.678,62.122,61.526,62.024,3258,18,0
2025-08-18 15:00:00+00:00,62.029,62.288,61.953,62.279,3093,18,0
2025-08-18 16:00:00+00:00,62.287,62.379,62.174,62.343,2122,18,0
2025-08-18 17:00:00+00:00,62.341,62.974,62.295,62.634,3131,18,0
2025-08-18 18:00:00+00:00,62.63,62.793,62.556,62.645,2413,18,0
2025-08-18 19:00:00+00:00,62.646,62.664,62.434,62.584,1209,18,0
2025-08-18 20:00:00+00:00,62.581,62.653,62.557,62.593,398,18,0
2025-08-18 22:00:00+00:00,62.443,62.583,62.405,62.555,228,18,0
2025-08-18 23:00:00+00:00,62.556,62.596,62.538,62.576,180,18,0
2025-08-19 00:00:00+00:00,62.581,62.596,62.47,62.499,515,18,0
2025-08-19 01:00:00+00:00,62.498,62.498,62.315,62.342,1139,18,0
2025-08-19 02:00:00+00:00,62.343,62.375,62.243,62.273,660,18,0
2025-08-19 03:00:00+00:00,62.274,62.373,62.243,62.274,547,18,0
2025-08-19 04:00:00+00:00,62.273,62.273,62.158,62.183,327,18,0
2025-08-19 05:00:00+00:00,62.182,62.232,62.068,62.195,724,18,0
2025-08-19 06:00:00+00:00,62.201,62.406,62.186,62.233,1309,18,0
2025-08-19 07:00:00+00:00,62.23,62.24,61.989,62.101,1996,18,0
2025-08-19 08:00:00+00:00,62.113,62.248,61.906,61.921,2407,18,0
2025-08-19 09:00:00+00:00,61.918,62.087,61.814,62.032,1864,18,0
2025-08-19 10:00:00+00:00,62.032,62.098,61.788,61.843,1576,18,0
2025-08-19 11:00:00+00:00,61.844,62.164,61.779,62.115,1821,18,0
2025-08-19 12:00:00+00:00,62.115,62.189,61.826,61.894,1979,18,0
2025-08-19 13:00:00+00:00,61.901,62.196,61.65,61.944,2764,18,0
2025-08-19 14:00:00+00:00,61.941,62.196,61.856,62.029,2663,18,0
2025-08-19 15:00:00+00:00,62.025,62.162,61.754,61.768,2632,18,0
2025-08-19 16:00:00+00:00,61.767,61.97,61.725,61.751,1800,18,0
2025-08-19 17:00:00+00:00,61.749,61.813,61.603,61.672,1615,18,0
2025-08-19 18:00:00+00:00,61.675,61.904,61.606,61.855,1559,18,0
2025-08-19 19:00:00+00:00,61.856,61.975,61.755,61.846,701,18,0
2025-08-19 20:00:00+00:00,61.849,61.998,61.82,61.965,449,18,0
2025-08-19 22:00:00+00:00,61.906,62.031,61.9,62.029,144,18,0
2025-08-19 23:00:00+00:00,62.027,62.068,62.018,62.04,171,18,0
2025-08-20 00:00:00+00:00,62.039,62.053,61.973,62.039,362,18,0
2025-08-20 01:00:00+00:00,62.035,62.125,61.82,61.827,988,18,0
2025-08-20 02:00:00+00:00,61.827,61.89,61.779,61.836,740,18,0
2025-08-20 03:00:00+00:00,61.832,61.905,61.762,61.816,568,18,0
2025-08-20 04:00:00+00:00,61.815,61.946,61.8,61.923,312,18,0
2025-08-20 05:00:00+00:00,61.925,62.139,61.909,62.131,621,18,0
2025-08-20 06:00:00+00:00,62.129,62.301,62.107,62.246,1225,18,0
2025-08-20 07:00:00+00:00,62.247,62.481,62.149,62.388,1604,18,0
2025-08-20 08:00:00+00:00,62.397,62.647,62.217,62.567,2120,18,0
2025-08-20 09:00:00+00:00,62.569,62.569,62.149,62.174,1364,18,0
2025-08-20 10:00:00+00:00,62.171,62.493,62.074,62.437,1485,18,0
2025-08-20 11:00:00+00:00,62.444,62.614,62.428,62.537,1227,18,0
2025-08-20 12:00:00+00:00,62.538,62.572,62.292,62.47,1797,18,0
2025-08-20 13:00:00+00:00,62.474,62.62,62.302,62.413,3124,18,0
2025-08-20 14:00:00+00:00,62.416,62.68,62.189,62.214,3673,18,0
2025-08-20 15:00:00+00:00,62.21,62.825,62.047,62.795,3387,18,0
2025-08-20 16:00:00+00:00,62.798,62.941,62.59,62.739,2273,18,0
2025-08-20 17:00:00+00:00,62.736,62.751,62.524,62.538,1744,18,0
2025-08-20 18:00:00+00:00,62.544,62.824,62.486,62.809,2013,18,0
2025-08-20 19:00:00+00:00,62.807,62.887,62.798,62.831,634,18,0
2025-08-20 20:00:00+00:00,62.832,62.901,62.788,62.798,274,18,0
2025-08-20 22:00:00+00:00,62.816,62.856,62.797,62.824,120,18,0
2025-08-20 23:00:00+00:00,62.823,62.83,62.782,62.791,91,18,0
2025-08-21 00:00:00+00:00,62.792,62.851,62.74,62.756,409,18,0
2025-08-21 01:00:00+00:00,62.751,63.104,62.696,62.917,1096,18,0
2025-08-21 02:00:00+00:00,62.915,62.968,62.862,62.864,665,18,0
2025-08-21 03:00:00+00:00,62.866,62.951,62.83,62.931,459,18,0
2025-08-21 04:00:00+00:00,62.929,62.996,62.868,62.956,297,18,0
2025-08-21 05:00:00+00:00,62.961,63.054,62.897,63.021,581,18,0
2025-08-21 06:00:00+00:00,63.025,63.18,62.954,63.135,1152,18,0
2025-08-21 07:00:00+00:00,63.132,63.31,63.09,63.102,1577,18,0
2025-08-21 08:00:00+00:00,63.1,63.267,63.054,63.241,1531,18,0
2025-08-21 09:00:00+00:00,63.24,63.305,63.083,63.274,1558,18,0
2025-08-21 10:00:00+00:00,63.278,63.386,63.139,63.173,1211,18,0
2025-08-21 11:00:00+00:00,63.178,63.224,62.91,63.025,1509,18,0
2025-08-21 12:00:00+00:00,63.022,63.19,62.769,62.813,1755,18,0
2025-08-21 13:00:00+00:00,62.807,62.85,62.458,62.531,3291,18,0
2025-08-21 14:00:00+00:00,62.53,63.037,62.502,62.921,3080,18,0
2025-08-21 15:00:00+00:00,62.924,63.264,62.783,63.147,3262,18,0
2025-08-21 16:00:00+00:00,63.148,63.46,63.032,63.384,2161,18,0
2025-08-21 17:00:00+00:00,63.384,63.53,63.274,63.446,1641,18,0
2025-08-21 18:00:00+00:00,63.451,63.588,63.34,63.412,1793,18,0
2025-08-21 19:00:00+00:00,63.415,63.427,63.29,63.346,723,18,0
2025-08-21 20:00:00+00:00,63.345,63.4,63.31,63.368,282,18,0
2025-08-21 22:00:00+00:00,63.39,63.391,63.35,63.375,114,18,0
2025-08-21 23:00:00+00:00,63.379,63.393,63.368,63.386,87,18,0
2025-08-22 00:00:00+00:00,63.385,63.436,63.367,63.402,376,18,0
2025-08-22 01:00:00+00:00,63.404,63.409,63.223,63.243,1027,18,0
2025-08-22 02:00:00+00:00,63.246,63.343,63.218,63.294,562,18,0
2025-08-22 03:00:00+00:00,63.297,63.376,63.226,63.316,465,18,0
2025-08-22 04:00:00+00:00,63.316,63.431,63.286,63.392,297,18,0
2025-08-22 05:00:00+00:00,63.391,63.512,63.338,63.493,606,18,0
2025-08-22 06:00:00+00:00,63.496,63.6,63.46,63.55,1021,18,0
2025-08-22 07:00:00+00:00,63.549,63.704,63.309,63.509,1659,18,0
2025-08-22 08:00:00+00:00,63.506,63.61,63.25,63.34,1894,18,0
2025-08-22 09:00:00+00:00,63.34,63.481,63.225,63.287,1291,18,0
2025-08-22 10:00:00+00:00,63.286,63.468,63.196,63.428,1028,18,0
2025-08-22 11:00:00+00:00,63.429,63.754,63.402,63.557,1381,18,0
2025-08-22 12:00:00+00:00,63.557,63.634,63.448,63.56,1549,18,0
2025-08-22 13:00:00+00:00,63.551,63.697,63.419,63.553,2579,18,0
2025-08-22 14:00:00+00:00,63.553,63.808,63.444,63.612,3558,18,0
2025-08-22 15:00:00+00:00,63.615,63.723,63.289,63.527,3193,18,0
2025-08-22 16:00:00+00:00,63.521,63.6,63.319,63.497,2196,18,0
2025-08-22 17:00:00+00:00,63.497,63.721,63.443,63.528,2111,18,0
2025-08-22 18:00:00+00:00,63.537,63.705,63.5,63.694,1570,18,0
2025-08-22 19:00:00+00:00,63.689,63.74,63.661,63.705,745,18,0
2025-08-22 20:00:00+00:00,63.705,63.714,63.643,63.671,262,18,0
2025-08-24 22:00:00+00:00,63.649,63.671,63.599,63.621,209,18,0
2025-08-24 23:00:00+00:00,63.621,63.648,63.607,63.619,127,18,0
2025-08-25 00:00:00+00:00,63.621,63.674,63.607,63.666,327,18,0
2025-08-25 01:00:00+00:00,63.671,63.671,63.415,63.498,1038,18,0
2025-08-25 02:00:00+00:00,63.499,63.75,63.492,63.604,606,18,0
2025-08-25 03:00:00+00:00,63.603,63.657,63.566,63.652,450,18,0
2025-08-25 04:00:00+00:00,63.653,63.691,63.597,63.608,224,18,0
2025-08-25 05:00:00+00:00,63.606,63.705,63.517,63.695,476,18,0
2025-08-25 06:00:00+00:00,63.698,63.788,63.548,63.661,868,18,0
2025-08-25 07:00:00+00:00,63.66,63.748,63.492,63.647,1185,18,0
2025-08-25 08:00:00+00:00,63.665,63.894,63.638,63.838,1498,18,0
2025-08-25 09:00:00+00:00,63.837,63.851,63.679,63.82,1055,18,0
2025-08-25 10:00:00+00:00,63.82,64.059,63.812,63.948,1139,18,0
2025-08-25 11:00:00+00:00,63.933,64.07,63.922,63.972,944,18,0
2025-08-25 12:00:00+00:00,63.962,64.003,63.876,63.923,925,18,0
2025-08-25 13:00:00+00:00,63.91,64.582,63.833,64.397,2858,18,0
2025-08-25 14:00:00+00:00,64.399,64.578,64.382,64.52,1735,18,0
2025-08-25 15:00:00+00:00,64.518,64.838,64.5,64.793,1869,18,0
2025-08-25 16:00:00+00:00,64.794,64.954,64.708,64.901,1326,18,0
2025-08-25 17:00:00+00:00,64.901,64.917,64.767,64.825,1294,18,0
2025-08-25 18:00:00+00:00,64.822,64.844,64.572,64.62,1552,18,0
2025-08-25 19:00:00+00:00,64.616,64.668,64.514,64.652,646,18,0
2025-08-25 20:00:00+00:00,64.648,64.671,64.575,64.618,290,18,0
2025-08-25 22:00:00+00:00,64.595,64.606,64.56,64.562,96,18,0
2025-08-25 23:00:00+00:00,64.564,64.584,64.532,64.553,119,18,0
2025-08-26 00:00:00+00:00,64.554,64.567,64.222,64.268,942,18,0
2025-08-26 01:00:00+00:00,64.272,64.344,64.248,64.303,826,18,0
2025-08-26 02:00:00+00:00,64.305,64.402,64.263,64.362,633,18,0
2025-08-26 03:00:00+00:00,64.365,64.372,64.286,64.342,389,18,0
2025-08-26 04:00:00+00:00,64.343,64.356,64.285,64.299,259,18,0
2025-08-26 05:00:00+00:00,64.297,64.341,64.246,64.272,489,18,0
2025-08-26 06:00:00+00:00,64.276,64.366,64.144,64.256,1093,18,0
2025-08-26 07:00:00+00:00,64.243,64.312,63.991,64.015,1510,18,0
2025-08-26 08:00:00+00:00,64.015,64.166,63.84,63.885,1925,18,0
2025-08-26 09:00:00+00:00,63.879,63.927,63.516,63.556,1438,18,0
2025-08-26 10:00:00+00:00,63.557,63.624,63.441,63.473,1269,18,0
2025-08-26 11:00:00+00:00,63.471,63.633,63.43,63.491,1234,18,0
2025-08-26 12:00:00+00:00,63.493,63.608,63.446,63.56,1537,18,0
2025-08-26 13:00:00+00:00,63.564,63.754,63.544,63.705,2365,18,0
2025-08-26 14:00:00+00:00,63.705,64.077,63.662,63.719,2179,18,0
2025-08-26 15:00:00+00:00,63.72,63.72,63.132,63.309,3559,18,0
2025-08-26 16:00:00+00:00,63.311,63.368,63.121,63.183,2063,18,0
2025-08-26 17:00:00+00:00,63.194,63.269,63.12,63.193,1385,18,0
2025-08-26 18:00:00+00:00,63.188,63.263,63.001,63.133,1492,18,0
2025-08-26 19:00:00+00:00,63.135,63.211,63.082,63.156,656,18,0
2025-08-26 20:00:00+00:00,63.157,63.229,63.154,63.156,359,18,0
2025-08-26 22:00:00+00:00,63.188,63.257,63.171,63.255,143,18,0
2025-08-26 23:00:00+00:00,63.257,63.278,63.247,63.256,108,18,0
2025-08-27 00:00:00+00:00,63.259,63.266,63.158,63.158,365,18,0
2025-08-27 01:00:00+00:00,63.161,63.161,62.972,63.016,1087,18,0
2025-08-27 02:00:00+00:00,63.016,63.185,62.996,63.156,749,18,0
2025-08-27 03:00:00+00:00,63.156,63.17,63.087,63.093,329,18,0
2025-08-27 04:00:00+00:00,63.09,63.151,63.049,63.078,210,18,0
2025-08-27 05:00:00+00:00,63.079,63.124,62.934,62.993,512,18,0
2025-08-27 06:00:00+00:00,62.995,63.13,62.856,63.018,1322,18,0
2025-08-27 07:00:00+00:00,63.033,63.093,62.811,63.009,1570,18,0
2025-08-27 08:00:00+00:00,63.015,63.11,62.781,62.837,1825,18,0
2025-08-27 09:00:00+00:00,62.835,63.052,62.793,63.032,1445,18,0
2025-08-27 10:00:00+00:00,63.031,63.053,62.837,62.967,1335,18,0
2025-08-27 11:00:00+00:00,62.967,63.34,62.912,63.267,1299,18,0
2025-08-27 12:00:00+00:00,63.271,63.464,63.157,63.434,1656,18,0
2025-08-27 13:00:00+00:00,63.442,63.592,63.161,63.48,2715,18,0
2025-08-27 14:00:00+00:00,63.473,63.826,63.409,63.596,2529,18,0
2025-08-27 15:00:00+00:00,63.596,63.686,63.29,63.639,2826,18,0
2025-08-27 16:00:00+00:00,63.636,63.791,63.576,63.697,1911,18,0
2025-08-27 17:00:00+00:00,63.692,63.793,63.603,63.708,1389,18,0
2025-08-27 18:00:00+00:00,63.714,64.018,63.714,63.768,1504,18,0
2025-08-27 19:00:00+00:00,63.77,63.77,63.652,63.662,661,18,0
2025-08-27 20:00:00+00:00,63.663,63.665,63.592,63.612,406,18,0
2025-08-27 22:00:00+00:00,63.545,63.595,63.545,63.561,148,18,0
2025-08-27 23:00:00+00:00,63.559,63.586,63.539,63.584,164,18,0
2025-08-28 00:00:00+00:00,63.585,63.612,63.481,63.563,522,18,0
2025-08-28 01:00:00+00:00,63.567,63.593,63.49,63.557,828,18,0
2025-08-28 02:00:00+00:00,63.558,63.558,63.402,63.44,508,18,0
2025-08-28 03:00:00+00:00,63.442,63.501,63.393,63.417,434,18,0
2025-08-28 04:00:00+00:00,63.417,63.437,63.33,63.345,318,18,0
2025-08-28 05:00:00+00:00,63.343,63.385,63.267,63.348,619,18,0
2025-08-28 06:00:00+00:00,63.346,63.49,63.304,63.466,1030,18,0
2025-08-28 07:00:00+00:00,63.464,63.754,63.315,63.551,1599,18,0
2025-08-28 08:00:00+00:00,63.553,63.731,63.332,63.435,1992,18,0
2025-08-28 09:00:00+00:00,63.439,63.648,63.432,63.558,1361,18,0
2025-08-28 10:00:00+00:00,63.556,63.77,63.534,63.658,1157,18,0
2025-08-28 11:00:00+00:00,63.659,63.929,63.605,63.832,1144,18,0
2025-08-28 12:00:00+00:00,63.835,63.887,63.673,63.864,1419,18,0
2025-08-28 13:00:00+00:00,63.869,63.88,63.489,63.538,2791,18,0
2025-08-28 14:00:00+00:00,63.537,63.597,63.215,63.508,2714,18,0
2025-08-28 15:00:00+00:00,63.506,63.7,63.161,63.434,2567,18,0
2025-08-28 16:00:00+00:00,63.434,63.547,63.322,63.357,1821,18,0
2025-08-28 17:00:00+00:00,63.356,64.13,63.315,64.085,2166,18,0
2025-08-28 18:00:00+00:00,64.081,64.463,64.006,64.041,2454,18,0
2025-08-28 19:00:00+00:00,64.04,64.191,63.984,64.085,746,18,0
2025-08-28 20:00:00+00:00,64.089,64.149,64.06,64.078,330,18,0
2025-08-28 22:00:00+00:00,64.02,64.05,63.92,63.979,100,18,0
2025-08-28 23:00:00+00:00,63.985,64.008,63.933,63.948,129,18,0
2025-08-29 00:00:00+00:00,63.953,64.024,63.874,63.963,371,18,0
2025-08-29 01:00:00+00:00,63.967,63.989,63.853,63.865,450,18,0
2025-08-29 02:00:00+00:00,63.862,63.895,63.791,63.853,332,18,0
2025-08-29 03:00:00+00:00,63.852,63.965,63.848,63.946,261,18,0
2025-08-29 04:00:00+00:00,63.943,64.002,63.926,63.956,166,18,0
2025-08-29 05:00:00+00:00,63.952,64.077,63.911,64.021,323,18,0
2025-08-29 06:00:00+00:00,64.024,64.144,63.865,63.984,668,18,0
2025-08-29 07:00:00+00:00,63.98,64.109,63.785,64.003,1176,18,0
2025-08-29 08:00:00+00:00,64.01,64.154,63.879,63.921,2316,18,0
2025-08-29 09:00:00+00:00,63.921,64.064,63.744,63.981,1733,18,0
2025-08-29 10:00:00+00:00,63.982,64.16,63.844,64.079,1300,18,0
2025-08-29 11:00:00+00:00,64.076,64.178,63.997,64.152,1205,18,0
2025-08-29 12:00:00+00:00,64.146,64.299,64.065,64.23,1308,18,0
2025-08-29 13:00:00+00:00,64.234,64.26,64.013,64.126,2642,18,0
2025-08-29 14:00:00+00:00,64.124,64.233,63.661,63.859,2902,18,0
2025-08-29 15:00:00+00:00,63.863,64.072,63.679,63.933,2393,18,0
2025-08-29 16:00:00+00:00,63.931,63.962,63.624,63.747,1687,18,0
2025-08-29 17:00:00+00:00,63.747,63.88,63.66,63.762,1483,18,0
2025-08-29 18:00:00+00:00,63.757,63.849,63.678,63.748,1247,18,0
2025-08-29 19:00:00+00:00,63.749,63.78,63.678,63.704,465,18,0
2025-08-29 20:00:00+00:00,63.708,63.785,63.695,63.741,216,18,0
2025-08-31 22:00:00+00:00,63.688,63.759,63.688,63.718,128,18,0
2025-08-31 23:00:00+00:00,63.715,63.726,63.671,63.712,103,18,0
2025-09-01 00:00:00+00:00,63.709,63.71,63.603,63.664,228,18,0
2025-09-01 01:00:00+00:00,63.661,63.661,63.417,63.474,687,18,0
2025-09-01 02:00:00+00:00,63.468,63.565,63.404,63.517,481,18,0
2025-09-01 03:00:00+00:00,63.518,63.565,63.481,63.501,316,18,0
2025-09-01 04:00:00+00:00,63.5,63.508,63.465,63.485,132,18,0
2025-09-01 05:00:00+00:00,63.488,63.569,63.443,63.55,347,18,0
2025-09-01 06:00:00+00:00,63.553,63.939,63.543,63.875,765,18,0
2025-09-01 07:00:00+00:00,63.879,64.15,63.802,64.047,1094,18,0
2025-09-01 08:00:00+00:00,64.039,64.221,63.928,64.221,1316,18,0
2025-09-01 09:00:00+00:00,64.216,64.519,64.216,64.452,1335,18,0
2025-09-01 10:00:00+00:00,64.45,64.45,64.285,64.356,876,18,0
2025-09-01 11:00:00+00:00,64.347,64.454,64.347,64.448,761,18,0
2025-09-01 12:00:00+00:00,64.447,64.591,64.446,64.541,1135,18,0
2025-09-01 13:00:00+00:00,64.546,64.599,64.388,64.557,1627,18,0
2025-09-01 14:00:00+00:00,64.549,64.576,64.403,64.426,1303,18,0
2025-09-01 15:00:00+00:00,64.423,64.614,64.346,64.471,1687,18,0
2025-09-01 16:00:00+00:00,64.469,64.526,64.343,64.423,909,18,0
2025-09-01 17:00:00+00:00,64.415,64.454,64.376,64.394,355,18,0
2025-09-01 18:00:00+00:00,64.392,64.415,64.365,64.415,66,18,0
2025-09-01 22:00:00+00:00,64.282,64.338,64.257,64.291,135,18,0
2025-09-01 23:00:00+00:00,64.293,64.369,64.289,64.366,100,18,0
2025-09-02 00:00:00+00:00,64.368,64.566,64.342,64.548,401,18,0
2025-09-02 01:00:00+00:00,64.542,64.803,64.539,64.717,636,18,0
2025-09-02 02:00:00+00:00,64.71,64.715,64.605,64.677,464,18,0
2025-09-02 03:00:00+00:00,64.676,64.716,64.613,64.668,355,18,0
2025-09-02 04:00:00+00:00,64.665,64.687,64.598,64.598,200,18,0
2025-09-02 05:00:00+00:00,64.611,64.714,64.577,64.679,355,18,0
2025-09-02 06:00:00+00:00,64.683,64.832,64.58,64.792,838,18,0
2025-09-02 07:00:00+00:00,64.791,64.983,64.782,64.906,1238,18,0
2025-09-02 08:00:00+00:00,64.916,65.507,64.903,65.469,1970,18,0
2025-09-02 09:00:00+00:00,65.468,65.721,65.351,65.66,1404,18,0
2025-09-02 10:00:00+00:00,65.663,65.7,65.552,65.612,1088,18,0
2025-09-02 11:00:00+00:00,65.608,65.649,65.416,65.465,1514,18,0
2025-09-02 12:00:00+00:00,65.462,65.543,64.253,64.285,3034,18,0
2025-09-02 13:00:00+00:00,64.29,64.893,64.246,64.696,4599,18,0
2025-09-02 14:00:00+00:00,64.703,65.03,64.474,64.94,3453,18,0
2025-09-02 15:00:00+00:00,64.937,65.292,64.864,65.155,3196,18,0
2025-09-02 16:00:00+00:00,65.157,65.489,65.113,65.409,1872,18,0
2025-09-02 17:00:00+00:00,65.405,65.494,65.24,65.318,1619,18,0
2025-09-02 18:00:00+00:00,65.317,65.426,65.227,65.298,1748,18,0
2025-09-02 19:00:00+00:00,65.296,65.438,65.282,65.342,702,18,0
2025-09-02 20:00:00+00:00,65.342,65.389,65.229,65.266,426,18,0
2025-09-02 22:00:00+00:00,65.304,65.309,65.255,65.3,135,18,0
2025-09-02 23:00:00+00:00,65.301,65.35,65.275,65.291,141,18,0
2025-09-03 00:00:00+00:00,65.294,65.371,65.246,65.345,382,18,0
2025-09-03 01:00:00+00:00,65.35,65.429,65.282,65.29,776,18,0
2025-09-03 02:00:00+00:00,65.29,65.337,65.217,65.237,524,18,0
2025-09-03 03:00:00+00:00,65.239,65.251,65.069,65.102,432,18,0
2025-09-03 04:00:00+00:00,65.106,65.168,65.09,65.145,246,18,0
2025-09-03 05:00:00+00:00,65.143,65.183,65.048,65.087,426,18,0
2025-09-03 06:00:00+00:00,65.086,65.211,65.039,65.126,894,18,0
2025-09-03 07:00:00+00:00,65.128,65.198,64.961,65.047,1517,18,0
2025-09-03 08:00:00+00:00,65.051,65.267,64.908,65.134,1835,18,0
2025-09-03 09:00:00+00:00,65.137,65.137,64.067,64.168,3597,18,0
2025-09-03 10:00:00+00:00,64.17,64.235,63.81,63.902,2463,18,0
2025-09-03 11:00:00+00:00,63.904,64.202,63.895,64.023,2185,18,0
2025-09-03 12:00:00+00:00,64.021,64.178,63.833,64.169,2032,18,0
2025-09-03 13:00:00+00:00,64.176,64.446,63.919,63.984,4238,18,0
2025-09-03 14:00:00+00:00,63.983,63.983,63.624,63.748,3616,18,0
2025-09-03 15:00:00+00:00,63.744,64.536,63.57,64.441,3822,18,0
2025-09-03 16:00:00+00:00,64.461,64.52,63.735,63.761,3269,18,0
2025-09-03 17:00:00+00:00,63.762,63.845,63.508,63.603,1947,18,0
2025-09-03 18:00:00+00:00,63.606,63.776,63.598,63.622,1678,18,0
2025-09-03 19:00:00+00:00,63.622,63.729,63.553,63.69,650,18,0
2025-09-03 20:00:00+00:00,63.689,63.718,63.594,63.655,485,18,0
2025-09-03 22:00:00+00:00,63.525,63.584,63.507,63.548,223,18,0
2025-09-03 23:00:00+00:00,63.547,63.56,63.517,63.537,162,18,0
2025-09-04 00:00:00+00:00,63.541,63.544,63.409,63.494,598,18,0
2025-09-04 01:00:00+00:00,63.493,63.493,63.319,63.377,918,18,0
2025-09-04 02:00:00+00:00,63.376,63.421,63.283,63.403,766,18,0
2025-09-04 03:00:00+00:00,63.402,63.414,63.223,63.307,606,18,0
2025-09-04 04:00:00+00:00,63.313,63.313,63.23,63.298,252,18,0
2025-09-04 05:00:00+00:00,63.3,63.333,63.169,63.249,650,18,0
2025-09-04 06:00:00+00:00,63.252,63.298,62.971,63.009,1461,18,0
2025-09-04 07:00:00+00:00,63.008,63.116,62.815,62.907,1735,18,0
2025-09-04 08:00:00+00:00,62.905,63.477,62.872,63.117,3211,18,0
2025-09-04 09:00:00+00:00,63.113,63.182,62.902,62.991,1574,18,0
2025-09-04 10:00:00+00:00,62.994,63.09,62.666,62.73,1659,18,0
2025-09-04 11:00:00+00:00,62.734,63.211,62.682,63.104,1581,18,0
2025-09-04 12:00:00+00:00,63.107,63.162,62.901,62.972,1797,18,0
2025-09-04 13:00:00+00:00,62.979,63.097,62.502,62.921,3533,18,0
2025-09-04 14:00:00+00:00,62.918,63.299,62.743,63.255,3994,18,0
2025-09-04 15:00:00+00:00,63.251,63.419,63.108,63.196,2446,18,0
2025-09-04 16:00:00+00:00,63.184,63.384,63.021,63.314,2247,18,0
2025-09-04 17:00:00+00:00,63.313,63.402,63.155,63.295,1670,18,0
2025-09-04 18:00:00+00:00,63.293,63.354,63.108,63.141,1660,18,0
2025-09-04 19:00:00+00:00,63.14,63.148,62.97,63.052,781,18,0
2025-09-04 20:00:00+00:00,63.055,63.087,62.992,62.997,399,18,0
2025-09-04 22:00:00+00:00,63.053,63.086,62.95,62.997,186,18,0
2025-09-04 23:00:00+00:00,62.996,63.037,62.989,63.013,166,18,0
2025-09-05 00:00:00+00:00,63.011,63.04,62.927,62.995,379,18,0
2025-09-05 01:00:00+00:00,63.0,63.027,62.832,62.934,882,18,0
2025-09-05 02:00:00+00:00,62.932,63.077,62.888,63.051,544,18,0
2025-09-05 03:00:00+00:00,63.052,63.081,63.023,63.034,332,18,0
2025-09-05 04:00:00+00:00,63.032,63.112,63.015,63.035,293,18,0
2025-09-05 05:00:00+00:00,63.036,63.126,62.993,63.057,532,18,0
2025-09-05 06:00:00+00:00,63.054,63.138,62.785,62.916,1295,18,0
2025-09-05 07:00:00+00:00,62.916,62.998,62.76,62.886,1538,18,0
2025-09-05 08:00:00+00:00,62.887,63.107,62.766,63.089,2078,18,0
2025-09-05 09:00:00+00:00,63.095,63.206,62.88,63.094,1482,18,0
2025-09-05 10:00:00+00:00,63.09,63.098,62.531,62.614,1624,18,0
2025-09-05 11:00:00+00:00,62.626,62.872,62.586,62.606,1421,18,0
2025-09-05 12:00:00+00:00,62.607,62.69,61.525,61.903,4430,18,0
2025-09-05 13:00:00+00:00,61.909,62.142,61.693,61.849,4963,18,0
2025-09-05 14:00:00+00:00,61.849,61.849,61.414,61.542,3430,18,0
2025-09-05 15:00:00+00:00,61.544,61.657,61.2,61.256,3325,18,0
2025-09-05 16:00:00+00:00,61.254,61.589,61.201,61.572,1987,18,0
2025-09-05 17:00:00+00:00,61.571,61.587,61.335,61.474,1741,18,0
2025-09-05 18:00:00+00:00,61.468,61.804,61.448,61.786,1798,18,0
2025-09-05 19:00:00+00:00,61.788,61.794,61.66,61.752,839,18,0
2025-09-05 20:00:00+00:00,61.755,61.787,61.685,61.705,443,18,0
2025-09-07 22:00:00+00:00,61.709,61.825,61.579,61.688,887,18,0
2025-09-07 23:00:00+00:00,61.685,61.947,61.64,61.942,750,18,0
2025-09-08 00:00:00+00:00,61.945,62.0,61.845,61.924,647,18,0
2025-09-08 01:00:00+00:00,61.922,62.396,61.833,62.31,1729,18,0
2025-09-08 02:00:00+00:00,62.312,62.352,62.233,62.33,642,18,0
2025-09-08 03:00:00+00:00,62.332,62.354,62.293,62.333,415,18,0
2025-09-08 04:00:00+00:00,62.333,62.358,62.273,62.297,309,18,0
2025-09-08 05:00:00+00:00,62.296,62.552,62.277,62.519,673,18,0
2025-09-08 06:00:00+00:00,62.521,62.781,62.437,62.672,1515,18,0
2025-09-08 07:00:00+00:00,62.67,62.735,62.486,62.512,1614,18,0
2025-09-08 08:00:00+00:00,62.52,62.704,62.441,62.621,1872,18,0
2025-09-08 09:00:00+00:00,62.627,62.861,62.616,62.822,1420,18,0
2025-09-08 10:00:00+00:00,62.819,62.936,62.692,62.839,1699,18,0
2025-09-08 11:00:00+00:00,62.831,63.037,62.654,62.915,1507,18,0
2025-09-08 12:00:00+00:00,62.915,62.959,62.676,62.713,1665,18,0
2025-09-08 13:00:00+00:00,62.728,62.775,61.778,61.825,3618,18,0
2025-09-08 14:00:00+00:00,61.826,62.145,61.687,61.966,3152,18,0
2025-09-08 15:00:00+00:00,61.966,62.361,61.959,62.154,2678,18,0
2025-09-08 16:00:00+00:00,62.149,62.252,61.887,61.94,1740,18,0
2025-09-08 17:00:00+00:00,61.941,62.145,61.913,61.952,1435,18,0
2025-09-08 18:00:00+00:00,61.949,62.121,61.893,62.052,1505,18,0
2025-09-08 19:00:00+00:00,62.051,62.135,62.031,62.09,458,18,0
2025-09-08 20:00:00+00:00,62.087,62.192,62.087,62.173,228,18,0
2025-09-08 22:00:00+00:00,62.155,62.157,62.108,62.142,116,18,0
2025-09-08 23:00:00+00:00,62.143,62.182,62.143,62.145,116,18,0
2025-09-09 00:00:00+00:00,62.148,62.212,62.092,62.138,394,18,0
2025-09-09 01:00:00+00:00,62.141,62.255,62.074,62.207,682,18,0
2025-09-09 02:00:00+00:00,62.206,62.328,62.199,62.278,536,18,0
2025-09-09 03:00:00+00:00,62.281,62.345,62.232,62.296,369,18,0
2025-09-09 04:00:00+00:00,62.294,62.432,62.281,62.428,308,18,0
2025-09-09 05:00:00+00:00,62.431,62.432,62.337,62.34,577,18,0
2025-09-09 06:00:00+00:00,62.344,62.564,62.302,62.477,1156,18,0
2025-09-09 07:00:00+00:00,62.475,62.695,62.404,62.577,1365,18,0
2025-09-09 08:00:00+00:00,62.572,62.866,62.56,62.707,1927,18,0
2025-09-09 09:00:00+00:00,62.705,62.729,62.363,62.431,1836,18,0
2025-09-09 10:00:00+00:00,62.428,62.54,62.309,62.465,1434,18,0
2025-09-09 11:00:00+00:00,62.463,62.595,62.399,62.544,1196,18,0
2025-09-09 12:00:00+00:00,62.544,62.756,62.509,62.572,1724,18,0
2025-09-09 13:00:00+00:00,62.576,63.224,62.535,63.026,5445,18,0
2025-09-09 14:00:00+00:00,63.029,63.163,62.764,63.085,3274,18,0
2025-09-09 15:00:00+00:00,63.09,63.346,62.606,62.656,3398,18,0
2025-09-09 16:00:00+00:00,62.658,62.686,62.433,62.522,1797,18,0
2025-09-09 17:00:00+00:00,62.517,62.658,62.407,62.426,1383,18,0
2025-09-09 18:00:00+00:00,62.424,62.473,62.279,62.452,1474,18,0
2025-09-09 19:00:00+00:00,62.457,62.508,62.398,62.402,567,18,0
2025-09-09 20:00:00+00:00,62.404,62.477,62.371,62.421,436,18,0
2025-09-09 22:00:00+00:00,62.512,62.792,62.506,62.768,247,18,0
2025-09-09 23:00:00+00:00,62.771,62.875,62.699,62.754,376,18,0
2025-09-10 00:00:00+00:00,62.751,62.807,62.645,62.799,725,18,0
2025-09-10 01:00:00+00:00,62.8,62.883,62.733,62.852,680,18,0
2025-09-10 02:00:00+00:00,62.854,62.937,62.823,62.853,406,18,0
2025-09-10 03:00:00+00:00,62.853,62.944,62.835,62.937,408,18,0
2025-09-10 04:00:00+00:00,62.935,63.002,62.907,62.999,275,18,0
2025-09-10 05:00:00+00:00,63.0,63.088,62.951,63.004,517,18,0
2025-09-10 06:00:00+00:00,63.006,63.147,62.859,62.959,1288,18,0
2025-09-10 07:00:00+00:00,62.961,63.052,62.787,62.852,1422,18,0
2025-09-10 08:00:00+00:00,62.854,63.053,62.768,62.979,1819,18,0
2025-09-10 09:00:00+00:00,62.98,63.034,62.7,62.754,1370,18,0
2025-09-10 10:00:00+00:00,62.752,62.987,62.649,62.975,1124,18,0
2025-09-10 11:00:00+00:00,62.979,63.048,62.918,62.952,1013,18,0
2025-09-10 12:00:00+00:00,62.953,63.186,62.903,62.975,1529,18,0
2025-09-10 13:00:00+00:00,62.983,63.177,62.798,62.983,2406,18,0
2025-09-10 14:00:00+00:00,62.988,63.182,62.704,62.971,2976,18,0
2025-09-10 15:00:00+00:00,62.968,63.69,62.921,63.661,4030,18,0
2025-09-10 16:00:00+00:00,63.666,63.776,63.614,63.694,1872,18,0
2025-09-10 17:00:00+00:00,63.69,63.69,63.462,63.493,1351,18,0
2025-09-10 18:00:00+00:00,63.497,63.562,63.374,63.518,1202,18,0
2025-09-10 19:00:00+00:00,63.517,63.598,63.487,63.52,610,18,0
2025-09-10 20:00:00+00:00,63.516,63.523,63.467,63.486,249,18,0
2025-09-10 22:00:00+00:00,63.448,63.518,63.446,63.516,99,18,0
2025-09-10 23:00:00+00:00,63.516,63.522,63.494,63.5,64,18,0
2025-09-11 00:00:00+00:00,63.494,63.531,63.458,63.47,287,18,0
2025-09-11 01:00:00+00:00,63.467,63.467,63.349,63.431,521,18,0
2025-09-11 02:00:00+00:00,63.432,63.451,63.335,63.379,313,18,0
2025-09-11 03:00:00+00:00,63.383,63.399,63.3,63.3,294,18,0
2025-09-11 04:00:00+00:00,63.295,63.333,63.247,63.269,220,18,0
2025-09-11 05:00:00+00:00,63.271,63.273,63.156,63.217,534,18,0
2025-09-11 06:00:00+00:00,63.221,63.375,63.221,63.31,775,18,0
2025-09-11 07:00:00+00:00,63.313,63.358,63.229,63.318,1232,18,0
2025-09-11 08:00:00+00:00,63.336,63.393,62.935,63.116,1873,18,0
2025-09-11 09:00:00+00:00,63.114,63.305,63.025,63.116,1281,18,0
2025-09-11 10:00:00+00:00,63.119,63.12,62.835,62.891,1321,18,0
2025-09-11 11:00:00+00:00,62.891,62.938,62.616,62.764,1318,18,0
2025-09-11 12:00:00+00:00,62.747,62.772,62.434,62.511,2128,18,0
2025-09-11 13:00:00+00:00,62.507,62.507,62.032,62.452,3596,18,0
2025-09-11 14:00:00+00:00,62.451,62.479,62.085,62.239,2757,18,0
2025-09-11 15:00:00+00:00,62.237,62.365,62.053,62.223,2389,18,0
2025-09-11 16:00:00+00:00,62.228,62.249,62.088,62.229,1372,18,0
2025-09-11 17:00:00+00:00,62.223,62.341,62.131,62.215,1234,18,0
2025-09-11 18:00:00+00:00,62.212,62.223,61.99,62.038,1632,18,0
2025-09-11 19:00:00+00:00,62.037,62.079,61.968,62.009,590,18,0
2025-09-11 20:00:00+00:00,62.011,62.07,62.011,62.066,254,18,0
2025-09-11 22:00:00+00:00,62.062,62.062,61.929,61.98,139,18,0
2025-09-11 23:00:00+00:00,61.982,61.983,61.925,61.938,142,18,0
2025-09-12 00:00:00+00:00,61.934,61.944,61.782,61.806,524,18,0
2025-09-12 01:00:00+00:00,61.809,61.837,61.614,61.626,797,18,0
2025-09-12 02:00:00+00:00,61.626,61.672,61.543,61.551,597,18,0
2025-09-12 03:00:00+00:00,61.55,61.604,61.506,61.585,502,18,0
2025-09-12 04:00:00+00:00,61.587,61.63,61.555,61.572,248,18,0
2025-09-12 05:00:00+00:00,61.574,61.677,61.55,61.636,431,18,0
2025-09-12 06:00:00+00:00,61.632,61.647,61.456,61.503,1003,18,0
2025-09-12 07:00:00+00:00,61.502,61.905,61.442,61.84,1686,18,0
2025-09-12 08:00:00+00:00,61.837,62.209,61.829,62.12,1842,18,0
2025-09-12 09:00:00+00:00,62.118,62.576,62.094,62.332,1846,18,0
2025-09-12 10:00:00+00:00,62.337,62.783,62.334,62.746,1505,18,0
2025-09-12 11:00:00+00:00,62.744,63.192,62.699,63.186,1960,18,0
2025-09-12 12:00:00+00:00,63.188,63.693,63.023,63.248,4646,18,0
2025-09-12 13:00:00+00:00,63.252,63.27,62.885,63.09,3959,18,0
2025-09-12 14:00:00+00:00,63.086,63.199,62.897,63.027,2274,18,0
2025-09-12 15:00:00+00:00,63.029,63.214,62.946,62.974,2147,18,0
2025-09-12 16:00:00+00:00,62.988,63.023,62.321,62.321,2054,18,0
2025-09-12 17:00:00+00:00,62.321,62.413,62.217,62.279,1725,18,0
2025-09-12 18:00:00+00:00,62.271,62.494,62.257,62.31,1627,18,0
2025-09-12 19:00:00+00:00,62.309,62.368,62.266,62.279,770,18,0
2025-09-12 20:00:00+00:00,62.272,62.445,62.257,62.33,373,18,0
2025-09-14 22:00:00+00:00,62.323,62.451,62.28,62.416,470,18,0
2025-09-14 23:00:00+00:00,62.412,62.447,62.395,62.425,276,18,0
2025-09-15 00:00:00+00:00,62.424,62.617,62.413,62.614,396,18,0
2025-09-15 01:00:00+00:00,62.616,62.79,62.612,62.76,752,18,0
2025-09-15 02:00:00+00:00,62.758,62.785,62.707,62.765,482,18,0
2025-09-15 03:00:00+00:00,62.764,62.888,62.734,62.835,476,18,0
2025-09-15 04:00:00+00:00,62.839,62.839,62.779,62.791,219,18,0
2025-09-15 05:00:00+00:00,62.791,62.873,62.762,62.85,491,18,0
2025-09-15 06:00:00+00:00,62.851,62.986,62.667,62.674,1057,18,0
2025-09-15 07:00:00+00:00,62.673,62.827,62.59,62.764,1309,18,0
2025-09-15 08:00:00+00:00,62.781,62.823,62.668,62.758,1868,18,0
2025-09-15 09:00:00+00:00,62.755,62.865,62.528,62.754,1499,18,0
2025-09-15 10:00:00+00:00,62.753,62.785,62.525,62.55,1176,18,0
2025-09-15 11:00:00+00:00,62.548,62.804,62.514,62.695,1185,18,0
2025-09-15 12:00:00+00:00,62.696,62.8,62.625,62.677,1403,18,0
2025-09-15 13:00:00+00:00,62.685,63.132,62.657,63.082,2757,18,0
2025-09-15 14:00:00+00:00,63.087,63.401,63.068,63.175,2697,18,0
2025-09-15 15:00:00+00:00,63.178,63.182,62.817,62.854,2488,18,0
2025-09-15 16:00:00+00:00,62.861,63.047,62.789,62.962,1376,18,0
2025-09-15 17:00:00+00:00,62.965,63.208,62.965,63.051,1245,18,0
2025-09-15 18:00:00+00:00,63.053,63.116,62.929,63.074,1178,18,0
2025-09-15 19:00:00+00:00,63.073,63.095,62.978,63.043,552,18,0
2025-09-15 20:00:00+00:00,63.039,63.09,63.039,63.057,207,18,0
2025-09-15 22:00:00+00:00,63.068,63.092,63.049,63.06,159,18,0
2025-09-15 23:00:00+00:00,63.064,63.071,63.04,63.052,104,18,0
2025-09-16 00:00:00+00:00,63.053,63.125,63.028,63.086,404,18,0
2025-09-16 01:00:00+00:00,63.088,63.246,63.073,63.174,761,18,0
2025-09-16 02:00:00+00:00,63.172,63.245,63.134,63.155,510,18,0
2025-09-16 03:00:00+00:00,63.157,63.212,63.118,63.177,346,18,0
2025-09-16 04:00:00+00:00,63.176,63.226,63.171,63.2,216,18,0
2025-09-16 05:00:00+00:00,63.198,63.207,63.066,63.179,532,18,0
2025-09-16 06:00:00+00:00,63.18,63.272,62.938,63.02,1096,18,0
2025-09-16 07:00:00+00:00,63.014,63.014,62.684,62.797,1530,18,0
2025-09-16 08:00:00+00:00,62.792,63.014,62.642,62.722,1875,18,0
2025-09-16 09:00:00+00:00,62.718,62.922,62.631,62.873,1382,18,0
2025-09-16 10:00:00+00:00,62.877,63.096,62.862,63.047,1113,18,0
2025-09-16 11:00:00+00:00,63.045,63.477,63.016,63.353,1564,18,0
2025-09-16 12:00:00+00:00,63.357,63.903,63.336,63.814,2401,18,0
2025-09-16 13:00:00+00:00,63.807,63.968,63.602,63.745,2858,18,0
2025-09-16 14:00:00+00:00,63.74,63.987,63.486,63.966,2613,18,0
2025-09-16 15:00:00+00:00,63.962,64.199,63.907,64.169,2231,18,0
2025-09-16 16:00:00+00:00,64.17,64.224,64.085,64.159,1415,18,0
2025-09-16 17:00:00+00:00,64.159,64.398,64.159,64.334,1271,18,0
2025-09-16 18:00:00+00:00,64.333,64.333,64.117,64.12,1429,18,0
2025-09-16 19:00:00+00:00,64.12,64.258,64.058,64.21,751,18,0
2025-09-16 20:00:00+00:00,64.211,64.25,64.177,64.203,357,18,0
2025-09-16 22:00:00+00:00,64.139,64.304,64.127,64.289,256,18,0
2025-09-16 23:00:00+00:00,64.286,64.286,64.203,64.271,138,18,0
2025-09-17 00:00:00+00:00,64.27,64.283,64.148,64.169,388,18,0
2025-09-17 01:00:00+00:00,64.166,64.182,64.065,64.112,752,18,0
2025-09-17 02:00:00+00:00,64.114,64.126,64.04,64.077,411,18,0
2025-09-17 03:00:00+00:00,64.075,64.079,64.002,64.015,359,18,0
2025-09-17 04:00:00+00:00,64.018,64.103,64.006,64.066,262,18,0
2025-09-17 05:00:00+00:00,64.066,64.092,63.965,64.04,440,18,0
2025-09-17 06:00:00+00:00,64.039,64.17,63.958,64.072,1067,18,0
2025-09-17 07:00:00+00:00,64.07,64.088,63.802,63.832,1251,18,0
2025-09-17 08:00:00+00:00,63.832,63.887,63.62,63.739,1536,18,0
2025-09-17 09:00:00+00:00,63.738,63.902,63.686,63.727,1085,18,0
2025-09-17 10:00:00+00:00,63.721,63.775,63.488,63.633,1088,18,0
2025-09-17 11:00:00+00:00,63.632,63.878,63.565,63.869,1082,18,0
2025-09-17 12:00:00+00:00,63.866,63.975,63.795,63.856,1274,18,0
2025-09-17 13:00:00+00:00,63.85,64.096,63.834,64.036,2014,18,0
2025-09-17 14:00:00+00:00,64.034,64.238,63.778,64.005,2628,18,0
2025-09-17 15:00:00+00:00,64.008,64.094,63.644,63.962,2451,18,0
2025-09-17 16:00:00+00:00,63.963,64.087,63.849,63.926,1500,18,0
2025-09-17 17:00:00+00:00,63.927,64.019,63.855,63.961,1252,18,0
2025-09-17 18:00:00+00:00,63.966,63.994,63.346,63.434,3118,18,0
2025-09-17 19:00:00+00:00,63.434,63.655,63.422,63.603,1394,18,0
2025-09-17 20:00:00+00:00,63.608,63.718,63.578,63.659,287,18,0
2025-09-17 22:00:00+00:00,63.606,63.766,63.604,63.766,178,18,0
2025-09-17 23:00:00+00:00,63.764,63.78,63.705,63.735,136,18,0
2025-09-18 00:00:00+00:00,63.733,63.733,63.46,63.469,654,18,0
2025-09-18 01:00:00+00:00,63.47,63.472,63.216,63.341,1314,18,0
2025-09-18 02:00:00+00:00,63.342,63.494,63.323,63.484,639,18,0
2025-09-18 03:00:00+00:00,63.482,63.614,63.482,63.55,578,18,0
2025-09-18 04:00:00+00:00,63.55,63.581,63.426,63.454,340,18,0
2025-09-18 05:00:00+00:00,63.453,63.463,63.327,63.383,636,18,0
2025-09-18 06:00:00+00:00,63.38,63.491,63.282,63.407,1232,18,0
2025-09-18 07:00:00+00:00,63.407,63.551,63.218,63.319,1546,18,0
2025-09-18 08:00:00+00:00,63.325,63.881,63.271,63.823,2037,18,0
2025-09-18 09:00:00+00:00,63.822,63.836,63.106,63.13,1981,18,0
2025-09-18 10:00:00+00:00,63.125,63.676,63.084,63.553,1744,18,0
2025-09-18 11:00:00+00:00,63.564,64.083,63.564,63.99,1628,18,0
2025-09-18 12:00:00+00:00,63.991,64.112,63.787,63.788,1782,18,0
2025-09-18 13:00:00+00:00,63.794,63.868,63.53,63.716,3405,18,0
2025-09-18 14:00:00+00:00,63.72,64.177,63.717,63.782,2757,18,0
2025-09-18 15:00:00+00:00,63.785,63.968,63.159,63.452,3911,18,0
2025-09-18 16:00:00+00:00,63.454,63.466,63.191,63.221,1649,18,0
2025-09-18 17:00:00+00:00,63.221,63.245,63.0,63.087,1517,18,0
2025-09-18 18:00:00+00:00,63.086,63.4,63.083,63.39,1637,18,0
2025-09-18 19:00:00+00:00,63.388,63.399,63.303,63.341,646,18,0
2025-09-18 20:00:00+00:00,63.341,63.379,63.258,63.298,399,18,0
2025-09-18 22:00:00+00:00,63.2,63.245,63.182,63.188,102,18,0
2025-09-18 23:00:00+00:00,63.19,63.203,63.161,63.181,113,18,0
2025-09-19 00:00:00+00:00,63.187,63.276,63.144,63.219,492,18,0
2025-09-19 01:00:00+00:00,63.22,63.317,63.146,63.258,1004,18,0
2025-09-19 02:00:00+00:00,63.261,63.276,63.097,63.124,812,18,0
2025-09-19 03:00:00+00:00,63.117,63.144,63.055,63.114,520,18,0
2025-09-19 04:00:00+00:00,63.115,63.125,62.964,63.035,399,18,0
2025-09-19 05:00:00+00:00,63.037,63.115,62.824,62.91,799,18,0
2025-09-19 06:00:00+00:00,62.906,63.074,62.904,63.028,1145,18,0
2025-09-19 07:00:00+00:00,63.028,63.211,62.84,62.864,1588,18,0
2025-09-19 08:00:00+00:00,62.857,62.964,62.642,62.689,1787,18,0
2025-09-19 09:00:00+00:00,62.692,62.784,62.547,62.649,1623,18,0
2025-09-19 10:00:00+00:00,62.649,63.037,62.5,62.858,1415,18,0
2025-09-19 11:00:00+00:00,62.86,63.174,62.787,62.897,1556,18,0
2025-09-19 12:00:00+00:00,62.896,62.977,62.748,62.941,1878,18,0
2025-09-19 13:00:00+00:00,62.946,62.971,62.555,62.746,3074,18,0
2025-09-19 14:00:00+00:00,62.749,63.145,62.551,62.698,2709,18,0
2025-09-19 15:00:00+00:00,62.7,62.727,62.174,62.439,2884,18,0
2025-09-19 16:00:00+00:00,62.435,62.534,62.356,62.388,1650,18,0
2025-09-19 17:00:00+00:00,62.388,62.509,62.311,62.482,1382,18,0
2025-09-19 18:00:00+00:00,62.476,62.513,62.298,62.377,1353,18,0
2025-09-19 19:00:00+00:00,62.376,62.391,62.27,62.296,612,18,0
2025-09-19 20:00:00+00:00,62.298,62.352,62.281,62.322,300,18,0
2025-09-21 22:00:00+00:00,62.439,62.455,62.373,62.444,364,18,0
2025-09-21 23:00:00+00:00,62.443,62.472,62.42,62.468,243,18,0
2025-09-22 00:00:00+00:00,62.469,62.545,62.44,62.525,424,18,0
2025-09-22 01:00:00+00:00,62.524,62.714,62.486,62.632,788,18,0
2025-09-22 02:00:00+00:00,62.633,62.735,62.633,62.644,643,18,0
2025-09-22 03:00:00+00:00,62.643,62.764,62.638,62.719,413,18,0
2025-09-22 04:00:00+00:00,62.72,62.734,62.671,62.728,190,18,0
2025-09-22 05:00:00+00:00,62.726,62.855,62.699,62.718,567,18,0
2025-09-22 06:00:00+00:00,62.722,62.92,62.663,62.787,1031,18,0
2025-09-22 07:00:00+00:00,62.793,62.91,62.621,62.708,1356,18,0
2025-09-22 08:00:00+00:00,62.716,62.74,62.382,62.408,1768,18,0
2025-09-22 09:00:00+00:00,62.424,62.461,62.162,62.201,1276,18,0
2025-09-22 10:00:00+00:00,62.2,62.2,61.841,61.882,1402,18,0
2025-09-22 11:00:00+00:00,61.882,62.011,61.788,61.812,1192,18,0
2025-09-22 12:00:00+00:00,61.81,61.969,61.644,61.722,1647,18,0
2025-09-22 13:00:00+00:00,61.716,61.92,61.561,61.865,2763,18,0
2025-09-22 14:00:00+00:00,61.864,62.124,61.79,62.109,2124,18,0
2025-09-22 15:00:00+00:00,62.109,62.192,61.968,62.122,2056,18,0
2025-09-22 16:00:00+00:00,62.119,62.17,62.012,62.092,1106,18,0
2025-09-22 17:00:00+00:00,62.089,62.366,62.089,62.246,1419,18,0
2025-09-22 18:00:00+00:00,62.244,62.297,62.014,62.244,1546,18,0
2025-09-22 19:00:00+00:00,62.24,62.277,62.215,62.216,478,18,0
2025-09-22 20:00:00+00:00,62.217,62.315,62.216,62.286,229,18,0
2025-09-22 22:00:00+00:00,62.259,62.27,62.18,62.19,129,18,0
2025-09-22 23:00:00+00:00,62.189,62.266,62.139,62.263,176,18,0
2025-09-23 00:00:00+00:00,62.261,62.312,62.173,62.183,334,18,0
2025-09-23 01:00:00+00:00,62.182,62.182,61.946,61.957,1060,18,0
2025-09-23 02:00:00+00:00,61.957,61.978,61.842,61.882,746,18,0
2025-09-23 03:00:00+00:00,61.885,61.887,61.808,61.827,402,18,0
2025-09-23 04:00:00+00:00,61.826,61.915,61.801,61.859,286,18,0
2025-09-23 05:00:00+00:00,61.856,61.98,61.758,61.822,582,18,0
2025-09-23 06:00:00+00:00,61.821,62.046,61.784,61.903,1007,18,0
2025-09-23 07:00:00+00:00,61.893,62.152,61.785,62.15,1250,18,0
2025-09-23 08:00:00+00:00,62.145,62.255,61.855,62.118,1811,18,0
2025-09-23 09:00:00+00:00,62.123,62.6,62.066,62.56,1499,18,0
2025-09-23 10:00:00+00:00,62.564,62.942,62.536,62.874,1627,18,0
2025-09-23 11:00:00+00:00,62.873,62.969,62.761,62.929,1379,18,0
2025-09-23 12:00:00+00:00,62.933,63.092,62.848,63.005,1538,18,0
2025-09-23 13:00:00+00:00,63.009,63.25,62.882,63.225,2579,18,0
2025-09-23 14:00:00+00:00,63.225,63.559,63.207,63.461,3056,18,0
2025-09-23 15:00:00+00:00,63.462,63.778,63.435,63.496,2276,18,0
2025-09-23 16:00:00+00:00,63.497,63.566,63.22,63.26,1294,18,0
2025-09-23 17:00:00+00:00,63.263,63.398,63.096,63.19,1462,18,0
2025-09-23 18:00:00+00:00,63.196,63.463,63.138,63.444,1488,18,0
2025-09-23 19:00:00+00:00,63.451,63.695,63.448,63.577,1060,18,0
2025-09-23 20:00:00+00:00,63.58,63.604,63.483,63.525,402,18,0
2025-09-23 22:00:00+00:00,63.591,63.706,63.544,63.688,261,18,0
2025-09-23 23:00:00+00:00,63.689,63.689,63.595,63.595,141,18,0
2025-09-24 00:00:00+00:00,63.6,63.621,63.511,63.591,487,18,0
2025-09-24 01:00:00+00:00,63.591,63.611,63.473,63.502,878,18,0
2025-09-24 02:00:00+00:00,63.501,63.501,63.404,63.45,473,18,0
2025-09-24 03:00:00+00:00,63.451,63.501,63.444,63.5,371,18,0
2025-09-24 04:00:00+00:00,63.502,63.502,63.394,63.395,228,18,0
2025-09-24 05:00:00+00:00,63.394,63.52,63.313,63.392,630,18,0
2025-09-24 06:00:00+00:00,63.396,63.459,63.285,63.416,950,18,0
2025-09-24 07:00:00+00:00,63.411,63.717,63.317,63.644,1374,18,0
2025-09-24 08:00:00+00:00,63.646,63.688,63.135,63.296,1627,18,0
2025-09-24 09:00:00+00:00,63.295,63.667,63.243,63.64,1438,18,0
2025-09-24 10:00:00+00:00,63.635,64.057,63.635,63.916,1664,18,0
2025-09-24 11:00:00+00:00,63.905,64.044,63.853,64.022,1228,18,0
2025-09-24 12:00:00+00:00,64.02,64.304,63.998,64.092,1653,18,0
2025-09-24 13:00:00+00:00,64.085,64.3,64.023,64.223,2269,18,0
2025-09-24 14:00:00+00:00,64.224,64.407,63.944,64.4,2450,18,0
2025-09-24 15:00:00+00:00,64.415,64.69,64.394,64.573,2659,18,0
2025-09-24 16:00:00+00:00,64.574,64.672,64.44,64.643,1600,18,0
2025-09-24 17:00:00+00:00,64.648,64.893,64.636,64.764,1402,18,0
2025-09-24 18:00:00+00:00,64.766,64.896,64.662,64.71,1564,18,0
2025-09-24 19:00:00+00:00,64.716,64.724,64.644,64.653,682,18,0
2025-09-24 20:00:00+00:00,64.654,64.696,64.639,64.644,308,18,0
2025-09-24 22:00:00+00:00,64.593,64.619,64.538,64.585,251,18,0
2025-09-24 23:00:00+00:00,64.584,64.587,64.522,64.548,191,18,0
2025-09-25 00:00:00+00:00,64.547,64.757,64.506,64.717,696,18,0
2025-09-25 01:00:00+00:00,64.72,64.738,64.497,64.539,935,18,0
2025-09-25 02:00:00+00:00,64.539,64.622,64.477,64.598,560,18,0
2025-09-25 03:00:00+00:00,64.6,64.605,64.485,64.55,513,18,0
2025-09-25 04:00:00+00:00,64.553,64.573,64.499,64.51,228,18,0
2025-09-25 05:00:00+00:00,64.509,64.596,64.436,64.586,464,18,0
2025-09-25 06:00:00+00:00,64.587,64.728,64.512,64.66,964,18,0
2025-09-25 07:00:00+00:00,64.659,64.675,64.291,64.516,1664,18,0
2025-09-25 08:00:00+00:00,64.518,64.553,64.095,64.149,2009,18,0
2025-09-25 09:00:00+00:00,64.148,64.506,64.109,64.427,1546,18,0
2025-09-25 10:00:00+00:00,64.425,64.668,64.281,64.608,1756,18,0
2025-09-25 11:00:00+00:00,64.607,64.669,64.39,64.511,2206,18,0
2025-09-25 12:00:00+00:00,64.509,64.561,64.264,64.403,2262,18,0
2025-09-25 13:00:00+00:00,64.4,64.41,63.971,64.069,3116,18,0
2025-09-25 14:00:00+00:00,64.069,64.171,63.905,64.044,2476,18,0
2025-09-25 15:00:00+00:00,64.048,64.799,64.018,64.686,2773,18,0
2025-09-25 16:00:00+00:00,64.685,64.697,64.46,64.519,1914,18,0
2025-09-25 17:00:00+00:00,64.518,64.858,64.442,64.653,2411,18,0
2025-09-25 18:00:00+00:00,64.656,65.08,64.592,65.038,1920,18,0
2025-09-25 19:00:00+00:00,65.037,65.153,64.932,65.123,954,18,0
2025-09-25 20:00:00+00:00,65.121,65.13,64.984,65.041,534,18,0
2025-09-25 22:00:00+00:00,65.06,65.126,65.033,65.095,226,18,0
2025-09-25 23:00:00+00:00,65.102,65.114,65.016,65.039,283,18,0
2025-09-26 00:00:00+00:00,65.044,65.073,64.983,65.036,493,18,0
2025-09-26 01:00:00+00:00,65.033,65.176,64.942,65.105,888,18,0
2025-09-26 02:00:00+00:00,65.107,65.113,65.001,65.02,533,18,0
2025-09-26 03:00:00+00:00,65.02,65.048,64.929,64.971,443,18,0
2025-09-26 04:00:00+00:00,64.967,65.035,64.932,64.943,303,18,0
2025-09-26 05:00:00+00:00,64.943,65.065,64.941,64.993,604,18,0
2025-09-26 06:00:00+00:00,64.993,65.177,64.918,64.944,1096,18,0
2025-09-26 07:00:00+00:00,64.949,65.094,64.829,64.905,1947,18,0
2025-09-26 08:00:00+00:00,64.911,64.988,64.79,64.94,1770,18,0
2025-09-26 09:00:00+00:00,64.939,64.973,64.53,64.539,1491,18,0
2025-09-26 10:00:00+00:00,64.538,64.737,64.467,64.649,1232,18,0
2025-09-26 11:00:00+00:00,64.651,64.926,64.632,64.66,1306,18,0
2025-09-26 12:00:00+00:00,64.659,65.137,64.596,65.007,1525,18,0
2025-09-26 13:00:00+00:00,65.02,65.359,65.02,65.321,2449,18,0
2025-09-26 14:00:00+00:00,65.32,66.146,65.32,66.11,3357,18,0
2025-09-26 15:00:00+00:00,66.116,66.187,65.906,65.946,2873,18,0
2025-09-26 16:00:00+00:00,65.949,65.998,65.536,65.621,2407,18,0
2025-09-26 17:00:00+00:00,65.626,65.683,65.168,65.416,2284,18,0
2025-09-26 18:00:00+00:00,65.418,65.592,65.244,65.336,2233,18,0
2025-09-26 19:00:00+00:00,65.337,65.35,65.049,65.091,1003,18,0
2025-09-26 20:00:00+00:00,65.094,65.18,65.027,65.029,493,18,0
2025-09-28 22:00:00+00:00,64.858,64.927,64.816,64.904,548,18,0
2025-09-28 23:00:00+00:00,64.903,64.98,64.788,64.934,575,18,0
2025-09-29 00:00:00+00:00,64.933,64.941,64.814,64.933,631,18,0
2025-09-29 01:00:00+00:00,64.935,65.064,64.835,64.896,1248,18,0
2025-09-29 02:00:00+00:00,64.893,65.121,64.817,65.067,863,18,0
2025-09-29 03:00:00+00:00,65.067,65.125,64.979,65.024,486,18,0
2025-09-29 04:00:00+00:00,65.027,65.163,64.998,65.114,367,18,0
2025-09-29 05:00:00+00:00,65.116,65.152,65.041,65.08,669,18,0
2025-09-29 06:00:00+00:00,65.08,65.194,64.88,65.097,1199,18,0
2025-09-29 07:00:00+00:00,65.094,65.094,64.675,64.77,1705,18,0
2025-09-29 08:00:00+00:00,64.767,64.82,64.517,64.788,2250,18,0
2025-09-29 09:00:00+00:00,64.785,64.785,64.349,64.392,1963,18,0
2025-09-29 10:00:00+00:00,64.393,64.482,64.222,64.263,1563,18,0
2025-09-29 11:00:00+00:00,64.264,64.355,64.148,64.254,1543,18,0
2025-09-29 12:00:00+00:00,64.252,64.388,63.979,64.302,2285,18,0
2025-09-29 13:00:00+00:00,64.305,64.305,63.437,63.48,3922,18,0
2025-09-29 14:00:00+00:00,63.489,63.66,63.374,63.402,2621,18,0
2025-09-29 15:00:00+00:00,63.403,63.471,62.947,63.121,3017,18,0
2025-09-29 16:00:00+00:00,63.124,63.264,63.077,63.143,1533,18,0
2025-09-29 17:00:00+00:00,63.145,63.145,62.852,62.892,1414,18,0
2025-09-29 18:00:00+00:00,62.887,63.321,62.823,63.041,1901,18,0
2025-09-29 19:00:00+00:00,63.045,63.08,62.934,63.035,861,18,0
2025-09-29 20:00:00+00:00,63.04,63.068,62.95,62.955,456,18,0
2025-09-29 22:00:00+00:00,62.892,62.939,62.886,62.932,138,18,0
2025-09-29 23:00:00+00:00,62.931,62.959,62.896,62.901,143,18,0
2025-09-30 00:00:00+00:00,62.898,62.904,62.826,62.872,509,18,0
2025-09-30 01:00:00+00:00,62.868,63.015,62.815,62.997,1118,18,0
2025-09-30 02:00:00+00:00,62.993,62.993,62.849,62.876,583,18,0
2025-09-30 03:00:00+00:00,62.879,62.909,62.716,62.905,615,18,0
2025-09-30 04:00:00+00:00,62.904,62.951,62.844,62.889,406,18,0
2025-09-30 05:00:00+00:00,62.886,63.039,62.835,62.996,832,18,0
2025-09-30 06:00:00+00:00,62.995,63.055,62.874,62.982,1124,18,0
2025-09-30 07:00:00+00:00,62.978,62.994,62.476,62.573,2024,18,0
2025-09-30 08:00:00+00:00,62.571,62.788,62.262,62.759,2378,18,0
2025-09-30 09:00:00+00:00,62.754,62.818,62.482,62.497,2032,18,0
2025-09-30 10:00:00+00:00,62.498,62.933,62.444,62.744,1852,18,0
2025-09-30 11:00:00+00:00,62.744,62.849,62.061,62.107,2116,18,0
2025-09-30 12:00:00+00:00,62.114,62.287,61.84,62.159,4485,18,0
2025-09-30 13:00:00+00:00,62.171,62.581,62.122,62.486,3802,18,0
2025-09-30 14:00:00+00:00,62.496,62.545,62.018,62.046,2922,18,0
2025-09-30 15:00:00+00:00,62.035,62.817,62.026,62.555,4650,18,0
2025-09-30 16:00:00+00:00,62.556,62.775,62.507,62.526,2571,18,0
2025-09-30 17:00:00+00:00,62.53,62.57,62.205,62.233,1734,18,0
2025-09-30 18:00:00+00:00,62.237,62.39,62.157,62.388,1757,18,0
2025-09-30 19:00:00+00:00,62.388,62.43,62.306,62.335,830,18,0
2025-09-30 20:00:00+00:00,62.337,62.384,62.278,62.278,518,18,0
2025-09-30 22:00:00+00:00,62.34,62.353,62.252,62.28,248,18,0
2025-09-30 23:00:00+00:00,62.281,62.329,62.263,62.295,173,18,0
2025-10-01 00:00:00+00:00,62.292,62.378,62.003,62.013,717,18,0
2025-10-01 01:00:00+00:00,62.012,62.336,62.012,62.278,859,18,0
2025-10-01 02:00:00+00:00,62.277,62.362,62.212,62.256,572,18,0
2025-10-01 03:00:00+00:00,62.255,62.336,62.193,62.323,465,18,0
2025-10-01 04:00:00+00:00,62.322,62.422,62.294,62.404,406,18,0
2025-10-01 05:00:00+00:00,62.403,62.456,62.234,62.237,496,18,0
2025-10-01 06:00:00+00:00,62.235,62.448,62.22,62.38,1191,18,0
2025-10-01 07:00:00+00:00,62.385,62.629,62.342,62.56,1715,18,0
2025-10-01 08:00:00+00:00,62.559,62.684,61.824,62.001,2870,18,0
2025-10-01 09:00:00+00:00,62.002,62.073,61.446,61.683,2411,18,0
2025-10-01 10:00:00+00:00,61.679,62.197,61.663,62.016,1944,18,0
2025-10-01 11:00:00+00:00,62.019,62.034,61.8,61.933,1626,18,0
2025-10-01 12:00:00+00:00,61.936,61.982,61.586,61.7,2571,18,0
2025-10-01 13:00:00+00:00,61.695,61.94,61.217,61.385,3789,18,0
2025-10-01 14:00:00+00:00,61.387,61.817,61.272,61.664,4151,18,0
2025-10-01 15:00:00+00:00,61.666,61.876,61.261,61.608,4158,18,0
2025-10-01 16:00:00+00:00,61.604,62.084,61.572,61.62,2843,18,0
2025-10-01 17:00:00+00:00,61.62,61.78,61.502,61.599,2035,18,0
2025-10-01 18:00:00+00:00,61.6,61.775,61.504,61.737,1877,18,0
2025-10-01 19:00:00+00:00,61.742,61.901,61.726,61.778,832,18,0
2025-10-01 20:00:00+00:00,61.78,61.817,61.596,61.642,494,18,0
2025-10-01 22:00:00+00:00,61.515,61.516,61.381,61.391,243,18,0
2025-10-01 23:00:00+00:00,61.393,61.73,61.393,61.622,490,18,0
2025-10-02 00:00:00+00:00,61.623,62.301,61.606,61.741,1806,18,0
2025-10-02 01:00:00+00:00,61.743,61.916,61.673,61.882,1090,18,0
2025-10-02 02:00:00+00:00,61.883,62.059,61.855,61.971,783,18,0
2025-10-02 03:00:00+00:00,61.964,61.987,61.798,61.923,537,18,0
2025-10-02 04:00:00+00:00,61.922,61.942,61.823,61.841,494,18,0
2025-10-02 05:00:00+00:00,61.842,62.037,61.842,61.864,798,18,0
2025-10-02 06:00:00+00:00,61.864,61.877,61.6,61.673,1373,18,0
2025-10-02 07:00:00+00:00,61.674,61.826,61.496,61.695,1786,18,0
2025-10-02 08:00:00+00:00,61.699,61.864,61.517,61.66,2927,18,0
2025-10-02 09:00:00+00:00,61.657,61.682,61.03,61.196,2492,18,0
2025-10-02 10:00:00+00:00,61.196,61.522,61.126,61.311,2088,18,0
2025-10-02 11:00:00+00:00,61.313,61.403,61.114,61.296,1801,18,0
2025-10-02 12:00:00+00:00,61.294,61.341,61.154,61.237,2038,18,0
2025-10-02 13:00:00+00:00,61.231,61.441,60.872,61.295,3910,18,0
2025-10-02 14:00:00+00:00,61.294,61.616,60.764,60.826,4338,18,0
2025-10-02 15:00:00+00:00,60.832,60.914,60.467,60.623,3093,18,0
2025-10-02 16:00:00+00:00,60.625,60.681,60.231,60.421,2257,18,0
2025-10-02 17:00:00+00:00,60.417,60.489,60.23,60.242,1482,18,0
2025-10-02 18:00:00+00:00,60.246,60.416,60.212,60.35,1559,18,0
2025-10-02 19:00:00+00:00,60.356,60.467,60.352,60.443,574,18,0
2025-10-02 20:00:00+00:00,60.444,60.585,60.444,60.523,497,18,0
2025-10-02 22:00:00+00:00,60.547,60.553,60.47,60.487,220,18,0
2025-10-02 23:00:00+00:00,60.486,60.537,60.436,60.528,204,18,0
2025-10-03 00:00:00+00:00,60.529,60.529,60.398,60.438,618,18,0
2025-10-03 01:00:00+00:00,60.441,60.607,60.441,60.528,697,18,0
2025-10-03 02:00:00+00:00,60.528,60.544,60.459,60.511,440,18,0
2025-10-03 03:00:00+00:00,60.509,60.669,60.503,60.617,516,18,0
2025-10-03 04:00:00+00:00,60.617,60.694,60.587,60.679,273,18,0
2025-10-03 05:00:00+00:00,60.678,60.812,60.653,60.794,681,18,0
2025-10-03 06:00:00+00:00,60.794,60.988,60.762,60.901,1265,18,0
2025-10-03 07:00:00+00:00,60.903,61.042,60.731,60.752,1813,18,0
2025-10-03 08:00:00+00:00,60.762,61.154,60.688,61.142,2349,18,0
2025-10-03 09:00:00+00:00,61.143,61.164,60.521,60.627,1984,18,0
2025-10-03 10:00:00+00:00,60.623,60.771,60.491,60.53,1647,18,0
2025-10-03 11:00:00+00:00,60.532,60.746,60.438,60.493,1624,18,0
2025-10-03 12:00:00+00:00,60.49,60.679,60.36,60.658,1952,18,0
2025-10-03 13:00:00+00:00,60.661,60.806,60.466,60.687,3537,18,0
2025-10-03 14:00:00+00:00,60.688,61.031,60.534,60.808,3447,18,0
2025-10-03 15:00:00+00:00,60.809,61.048,60.671,60.826,3385,18,0
2025-10-03 16:00:00+00:00,60.826,60.976,60.782,60.921,1909,18,0
2025-10-03 17:00:00+00:00,60.919,60.976,60.798,60.913,1614,18,0
2025-10-03 18:00:00+00:00,60.916,60.946,60.494,60.585,1732,18,0
2025-10-03 19:00:00+00:00,60.586,60.677,60.523,60.546,848,18,0
2025-10-03 20:00:00+00:00,60.541,60.642,60.432,60.562,655,18,0
2025-10-05 22:00:00+00:00,61.315,61.37,61.136,61.197,1276,18,0
2025-10-05 23:00:00+00:00,61.2,61.382,61.168,61.368,967,18,0
2025-10-06 00:00:00+00:00,61.37,61.581,61.295,61.535,1183,18,0
2025-10-06 01:00:00+00:00,61.54,61.562,61.424,61.547,602,18,0
2025-10-06 02:00:00+00:00,61.548,61.572,61.494,61.509,512,18,0
2025-10-06 03:00:00+00:00,61.51,61.575,61.495,61.565,349,18,0
2025-10-06 04:00:00+00:00,61.566,61.672,61.537,61.62,539,18,0
2025-10-06 05:00:00+00:00,61.617,61.633,61.335,61.497,849,18,0
2025-10-06 06:00:00+00:00,61.495,61.495,61.217,61.483,1498,18,0
2025-10-06 07:00:00+00:00,61.482,61.785,61.298,61.357,2441,18,0
2025-10-06 08:00:00+00:00,61.343,61.736,61.263,61.661,2620,18,0
2025-10-06 09:00:00+00:00,61.664,61.813,61.551,61.75,1813,18,0
2025-10-06 10:00:00+00:00,61.751,61.846,61.461,61.474,1419,18,0
2025-10-06 11:00:00+00:00,61.476,61.523,60.808,61.024,2060,18,0
2025-10-06 12:00:00+00:00,61.021,61.388,61.009,61.151,2067,18,0
2025-10-06 13:00:00+00:00,61.159,61.671,61.016,61.651,3549,18,0
2025-10-06 14:00:00+00:00,61.655,61.673,61.028,61.082,3403,18,0
2025-10-06 15:00:00+00:00,61.075,61.607,60.972,61.515,3220,18,0
2025-10-06 16:00:00+00:00,61.504,61.746,61.394,61.423,1985,18,0
2025-10-06 17:00:00+00:00,61.423,61.572,61.273,61.506,1515,18,0
2025-10-06 18:00:00+00:00,61.503,61.625,61.357,61.469,1424,18,0
2025-10-06 19:00:00+00:00,61.469,61.581,61.441,61.529,582,18,0
2025-10-06 20:00:00+00:00,61.527,61.601,61.505,61.507,330,18,0
2025-10-06 22:00:00+00:00,61.508,61.538,61.461,61.466,109,18,0
2025-10-06 23:00:00+00:00,61.464,61.491,61.431,61.455,125,18,0
2025-10-07 00:00:00+00:00,61.457,61.492,61.414,61.463,417,18,0
2025-10-07 01:00:00+00:00,61.462,61.589,61.458,61.526,387,18,0
2025-10-07 02:00:00+00:00,61.526,61.68,61.514,61.645,450,18,0
2025-10-07 03:00:00+00:00,61.647,61.698,61.613,61.652,305,18,0
2025-10-07 04:00:00+00:00,61.65,61.65,61.446,61.478,453,18,0
2025-10-07 05:00:00+00:00,61.479,61.71,61.455,61.664,541,18,0
2025-10-07 06:00:00+00:00,61.663,61.79,61.552,61.596,1021,18,0
2025-10-07 07:00:00+00:00,61.594,61.649,61.269,61.43,1718,18,0
2025-10-07 08:00:00+00:00,61.427,61.667,61.259,61.271,1878,18,0
2025-10-07 09:00:00+00:00,61.272,61.339,61.043,61.309,1746,18,0
2025-10-07 10:00:00+00:00,61.307,61.468,61.223,61.368,1322,18,0
2025-10-07 11:00:00+00:00,61.366,61.586,61.333,61.495,1384,18,0
2025-10-07 12:00:00+00:00,61.497,61.555,61.086,61.114,1867,18,0
2025-10-07 13:00:00+00:00,61.111,61.566,60.5,61.396,4803,18,0
2025-10-07 14:00:00+00:00,61.399,61.43,60.924,61.335,3605,18,0
2025-10-07 15:00:00+00:00,61.329,61.53,61.142,61.27,3089,18,0
2025-10-07 16:00:00+00:00,61.273,61.328,61.081,61.178,2250,18,0
2025-10-07 17:00:00+00:00,61.181,61.42,61.123,61.254,1444,18,0
2025-10-07 18:00:00+00:00,61.257,61.688,61.241,61.683,1633,18,0
2025-10-07 19:00:00+00:00,61.686,61.789,61.631,61.769,663,18,0
2025-10-07 20:00:00+00:00,61.768,61.778,61.699,61.762,370,18,0
2025-10-07 22:00:00+00:00,61.808,61.861,61.765,61.83,172,18,0
2025-10-07 23:00:00+00:00,61.832,61.839,61.786,61.8,167,18,0
2025-10-08 00:00:00+00:00,61.805,61.879,61.73,61.835,571,18,0
2025-10-08 01:00:00+00:00,61.832,61.919,61.803,61.881,492,18,0
2025-10-08 02:00:00+00:00,61.883,62.001,61.878,61.948,388,18,0
2025-10-08 03:00:00+00:00,61.947,62.01,61.893,61.902,452,18,0
2025-10-08 04:00:00+00:00,61.903,61.942,61.844,61.895,267,18,0
2025-10-08 05:00:00+00:00,61.901,61.967,61.87,61.933,382,18,0
2025-10-08 06:00:00+00:00,61.934,62.088,61.901,62.044,1111,18,0
2025-10-08 07:00:00+00:00,62.046,62.121,61.891,62.002,1522,18,0
2025-10-08 08:00:00+00:00,61.998,62.03,61.78,61.94,2153,18,0
2025-10-08 09:00:00+00:00,61.939,62.297,61.892,62.161,1771,18,0
2025-10-08 10:00:00+00:00,62.166,62.255,61.938,62.081,1447,18,0
2025-10-08 11:00:00+00:00,62.064,62.355,62.06,62.315,1011,18,0
2025-10-08 12:00:00+00:00,62.313,62.424,62.211,62.247,1628,18,0
2025-10-08 13:00:00+00:00,62.244,62.302,61.742,61.851,3107,18,0
2025-10-08 14:00:00+00:00,61.845,62.175,61.739,62.147,2845,18,0
2025-10-08 15:00:00+00:00,62.152,62.497,62.148,62.42,2629,18,0
2025-10-08 16:00:00+00:00,62.416,62.486,62.035,62.229,1814,18,0
2025-10-08 17:00:00+00:00,62.225,62.381,62.187,62.32,1266,18,0
2025-10-08 18:00:00+00:00,62.314,62.34,62.01,62.025,1581,18,0
2025-10-08 19:00:00+00:00,62.024,62.067,62.0,62.016,667,18,0
2025-10-08 20:00:00+00:00,62.012,62.062,61.982,62.013,289,18,0
2025-10-08 22:00:00+00:00,61.683,61.821,61.651,61.782,318,18,0
2025-10-08 23:00:00+00:00,61.782,61.783,61.527,61.656,605,18,0
2025-10-09 00:00:00+00:00,61.661,61.682,61.462,61.556,842,18,0
2025-10-09 01:00:00+00:00,61.566,61.777,61.401,61.714,2141,18,0
2025-10-09 02:00:00+00:00,61.713,61.772,61.588,61.655,1052,18,0
2025-10-09 03:00:00+00:00,61.652,61.78,61.652,61.722,630,18,0
2025-10-09 04:00:00+00:00,61.722,61.809,61.722,61.782,346,18,0
2025-10-09 05:00:00+00:00,61.781,62.24,61.781,62.208,1182,18,0
2025-10-09 06:00:00+00:00,62.212,62.241,62.031,62.193,1442,18,0
2025-10-09 07:00:00+00:00,62.194,62.358,62.143,62.299,1431,18,0
2025-10-09 08:00:00+00:00,62.297,62.397,62.089,62.293,2027,18,0
2025-10-09 09:00:00+00:00,62.296,62.444,61.93,61.989,1987,18,0
2025-10-09 10:00:00+00:00,61.979,62.002,61.668,61.737,1750,18,0
2025-10-09 11:00:00+00:00,61.739,62.04,61.739,61.848,1447,18,0
2025-10-09 12:00:00+00:00,61.844,62.186,61.764,62.138,1712,18,0
2025-10-09 13:00:00+00:00,62.136,62.403,61.846,61.873,3033,18,0
2025-10-09 14:00:00+00:00,61.872,62.146,61.673,61.875,3388,18,0
2025-10-09 15:00:00+00:00,61.87,62.035,61.509,61.533,3015,18,0
2025-10-09 16:00:00+00:00,61.529,61.687,61.004,61.054,2322,18,0
2025-10-09 17:00:00+00:00,61.056,61.159,60.863,61.057,2017,18,0
2025-10-09 18:00:00+00:00,61.061,61.187,60.954,60.981,1736,18,0
2025-10-09 19:00:00+00:00,60.983,61.146,60.892,61.09,873,18,0
2025-10-09 20:00:00+00:00,61.088,61.125,61.045,61.125,333,18,0
2025-10-09 22:00:00+00:00,61.099,61.137,61.063,61.137,138,18,0
2025-10-09 23:00:00+00:00,61.141,61.231,61.141,61.181,188,18,0
2025-10-10 00:00:00+00:00,61.18,61.264,61.119,61.256,437,18,0
2025-10-10 01:00:00+00:00,61.256,61.269,61.052,61.199,791,18,0
2025-10-10 02:00:00+00:00,61.201,61.234,61.067,61.129,573,18,0
2025-10-10 03:00:00+00:00,61.126,61.136,60.982,60.985,576,18,0
2025-10-10 04:00:00+00:00,60.985,60.993,60.827,60.857,343,18,0
2025-10-10 05:00:00+00:00,60.855,61.024,60.847,60.987,642,18,0
2025-10-10 06:00:00+00:00,60.99,61.039,60.745,60.763,1510,18,0
2025-10-10 07:00:00+00:00,60.762,60.957,60.649,60.836,1882,18,0
2025-10-10 08:00:00+00:00,60.847,61.085,60.718,60.861,2151,18,0
2025-10-10 09:00:00+00:00,60.861,60.909,60.597,60.744,1921,18,0
2025-10-10 10:00:00+00:00,60.743,60.792,60.329,60.334,1548,18,0
2025-10-10 11:00:00+00:00,60.334,60.539,60.256,60.32,1431,18,0
2025-10-10 12:00:00+00:00,60.318,60.332,59.785,59.899,2417,18,0
2025-10-10 13:00:00+00:00,59.894,59.961,59.204,59.804,5635,18,0
2025-10-10 14:00:00+00:00,59.806,60.107,59.435,59.726,4153,18,0
2025-10-10 15:00:00+00:00,59.721,59.742,58.569,58.583,7085,18,0
2025-10-10 16:00:00+00:00,58.585,58.768,58.354,58.55,4265,18,0
2025-10-10 17:00:00+00:00,58.558,58.742,58.523,58.591,1898,18,0
2025-10-10 18:00:00+00:00,58.598,58.619,58.359,58.446,1140,18,0
2025-10-10 19:00:00+00:00,58.448,58.62,58.421,58.468,1502,18,0
2025-10-10 20:00:00+00:00,58.463,58.527,58.414,58.418,505,18,0
2025-10-12 22:00:00+00:00,59.083,59.343,58.903,58.931,1677,18,0
2025-10-12 23:00:00+00:00,58.935,59.215,58.831,59.2,976,18,0
2025-10-13 00:00:00+00:00,59.203,59.401,58.973,59.317,1431,18,0
2025-10-13 01:00:00+00:00,59.316,59.572,59.204,59.509,2227,18,0
2025-10-13 02:00:00+00:00,59.512,59.614,59.436,59.457,965,18,0
2025-10-13 03:00:00+00:00,59.455,59.542,59.308,59.347,894,18,0
2025-10-13 04:00:00+00:00,59.345,59.421,59.271,59.275,605,18,0
2025-10-13 05:00:00+00:00,59.275,59.452,59.254,59.401,1069,18,0
2025-10-13 06:00:00+00:00,59.399,59.479,59.305,59.467,1721,18,0
2025-10-13 07:00:00+00:00,59.454,59.521,59.211,59.386,2230,18,0
2025-10-13 08:00:00+00:00,59.381,59.642,59.262,59.613,2814,18,0
2025-10-13 09:00:00+00:00,59.613,59.749,59.474,59.671,1671,18,0
2025-10-13 10:00:00+00:00,59.669,59.734,59.434,59.546,1560,18,0
2025-10-13 11:00:00+00:00,59.545,59.683,59.269,59.355,2087,18,0
2025-10-13 12:00:00+00:00,59.355,59.429,58.948,59.009,2448,18,0
2025-10-13 13:00:00+00:00,59.012,59.42,58.846,59.4,4153,18,0
2025-10-13 14:00:00+00:00,59.397,59.682,59.307,59.551,3569,18,0
2025-10-13 15:00:00+00:00,59.555,59.625,59.051,59.132,3121,18,0
2025-10-13 16:00:00+00:00,59.128,59.35,59.103,59.292,1876,18,0
2025-10-13 17:00:00+00:00,59.294,59.442,59.258,59.369,1397,18,0
2025-10-13 18:00:00+00:00,59.364,59.376,59.069,59.112,1759,18,0
2025-10-13 19:00:00+00:00,59.11,59.37,59.101,59.306,719,18,0
2025-10-13 20:00:00+00:00,59.302,59.359,59.182,59.233,480,18,0
2025-10-13 22:00:00+00:00,59.23,59.282,59.228,59.282,124,18,0
2025-10-13 23:00:00+00:00,59.28,59.28,59.235,59.256,94,18,0
2025-10-14 00:00:00+00:00,59.255,59.403,59.248,59.375,511,18,0
2025-10-14 01:00:00+00:00,59.376,59.424,59.28,59.306,1047,18,0
2025-10-14 02:00:00+00:00,59.308,59.348,59.225,59.244,843,18,0
2025-10-14 03:00:00+00:00,59.243,59.339,59.198,59.323,650,18,0
2025-10-14 04:00:00+00:00,59.322,59.331,59.045,59.103,745,18,0
2025-10-14 05:00:00+00:00,59.105,59.107,58.713,58.75,1465,18,0
2025-10-14 06:00:00+00:00,58.744,58.989,58.633,58.679,1788,18,0
2025-10-14 07:00:00+00:00,58.671,58.696,58.021,58.267,3142,18,0
2025-10-14 08:00:00+00:00,58.275,58.303,57.704,57.921,3668,18,0
2025-10-14 09:00:00+00:00,57.918,58.033,57.632,57.975,2627,18,0
2025-10-14 10:00:00+00:00,57.974,58.053,57.316,57.415,2614,18,0
2025-10-14 11:00:00+00:00,57.428,57.974,57.428,57.927,2455,18,0
2025-10-14 12:00:00+00:00,57.931,58.002,57.627,57.738,2565,18,0
2025-10-14 13:00:00+00:00,57.734,58.321,57.694,57.972,5346,18,0
2025-10-14 14:00:00+00:00,57.966,58.143,57.721,57.893,4080,18,0
2025-10-14 15:00:00+00:00,57.889,58.223,57.641,58.127,3983,18,0
2025-10-14 16:00:00+00:00,58.123,58.464,58.1,58.295,2576,18,0
2025-10-14 17:00:00+00:00,58.304,58.567,58.304,58.417,1942,18,0
2025-10-14 18:00:00+00:00,58.412,58.495,58.218,58.436,1994,18,0
2025-10-14 19:00:00+00:00,58.432,58.462,57.995,58.07,1545,18,0
2025-10-14 20:00:00+00:00,58.072,58.328,58.071,58.284,505,18,0
2025-10-14 22:00:00+00:00,58.328,58.39,58.251,58.306,212,18,0
2025-10-14 23:00:00+00:00,58.304,58.34,58.247,58.259,240,18,0
2025-10-15 00:00:00+00:00,58.258,58.269,58.158,58.233,608,18,0
2025-10-15 01:00:00+00:00,58.231,58.283,58.131,58.229,1047,18,0
2025-10-15 02:00:00+00:00,58.231,58.331,58.058,58.061,808,18,0
2025-10-15 03:00:00+00:00,58.063,58.25,57.97,58.115,884,18,0
2025-10-15 04:00:00+00:00,58.116,58.161,58.053,58.118,366,18,0
2025-10-15 05:00:00+00:00,58.122,58.237,58.116,58.187,914,18,0
2025-10-15 06:00:00+00:00,58.187,58.43,58.157,58.351,1521,18,0
2025-10-15 07:00:00+00:00,58.343,58.343,58.065,58.275,1647,18,0
2025-10-15 08:00:00+00:00,58.27,58.462,58.116,58.227,1928,18,0
2025-10-15 09:00:00+00:00,58.228,58.402,58.128,58.273,1731,18,0
2025-10-15 10:00:00+00:00,58.277,58.39,58.163,58.279,1244,18,0
2025-10-15 11:00:00+00:00,58.275,58.462,58.181,58.384,1359,18,0
2025-10-15 12:00:00+00:00,58.387,58.94,58.347,58.851,2341,18,0
2025-10-15 13:00:00+00:00,58.85,58.859,58.376,58.452,3700,18,0
2025-10-15 14:00:00+00:00,58.457,58.524,58.205,58.219,2863,18,0
2025-10-15 15:00:00+00:00,58.223,58.279,57.871,57.978,3182,18,0
2025-10-15 16:00:00+00:00,57.974,58.108,57.783,58.098,2161,18,0
2025-10-15 17:00:00+00:00,58.105,58.157,57.82,57.938,2273,18,0
2025-10-15 18:00:00+00:00,57.939,58.145,57.789,58.13,1775,18,0
2025-10-15 19:00:00+00:00,58.132,58.216,58.011,58.043,691,18,0
2025-10-15 20:00:00+00:00,58.046,58.376,58.044,58.292,1053,18,0
2025-10-15 22:00:00+00:00,58.336,58.358,58.189,58.191,214,18,0
2025-10-15 23:00:00+00:00,58.193,58.22,58.088,58.217,283,18,0
2025-10-16 00:00:00+00:00,58.214,58.508,58.214,58.335,843,18,0
2025-10-16 01:00:00+00:00,58.332,58.4,58.199,58.237,922,18,0
2025-10-16 02:00:00+00:00,58.24,58.308,58.179,58.242,668,18,0
2025-10-16 03:00:00+00:00,58.244,58.378,58.179,58.373,636,18,0
2025-10-16 04:00:00+00:00,58.369,58.4,58.329,58.345,334,18,0
2025-10-16 05:00:00+00:00,58.345,58.383,58.165,58.283,861,18,0
2025-10-16 06:00:00+00:00,58.284,58.458,58.238,58.358,1179,18,0
2025-10-16 07:00:00+00:00,58.354,58.616,58.218,58.542,1987,18,0
2025-10-16 08:00:00+00:00,58.549,58.571,58.125,58.203,2384,18,0
2025-10-16 09:00:00+00:00,58.205,58.317,58.006,58.038,1861,18,0
2025-10-16 10:00:00+00:00,58.033,58.218,57.987,58.183,1487,18,0
2025-10-16 11:00:00+00:00,58.182,58.454,58.164,58.175,1318,18,0
2025-10-16 12:00:00+00:00,58.175,58.232,58.067,58.085,1729,18,0
2025-10-16 13:00:00+00:00,58.074,58.2,57.804,57.957,3222,18,0
2025-10-16 14:00:00+00:00,57.961,57.985,57.755,57.895,2758,18,0
2025-10-16 15:00:00+00:00,57.894,58.156,57.253,57.646,4146,18,0
2025-10-16 16:00:00+00:00,57.646,57.971,57.035,57.309,5328,18,0
2025-10-16 17:00:00+00:00,57.304,57.436,56.895,56.948,4769,18,0
2025-10-16 18:00:00+00:00,56.952,57.216,56.774,57.122,3290,18,0
2025-10-16 19:00:00+00:00,57.115,57.139,56.938,57.043,1215,18,0
2025-10-16 20:00:00+00:00,57.042,57.075,56.954,57.012,533,18,0
2025-10-16 22:00:00+00:00,56.981,57.07,56.981,57.012,265,18,0
2025-10-16 23:00:00+00:00,57.007,57.02,56.894,56.918,340,18,0
2025-10-17 00:00:00+00:00,56.913,56.969,56.841,56.969,845,18,0
2025-10-17 01:00:00+00:00,56.968,56.968,56.622,56.632,1513,18,0
2025-10-17 02:00:00+00:00,56.629,56.864,56.51,56.808,1180,18,0
2025-10-17 03:00:00+00:00,56.81,56.897,56.704,56.819,1088,18,0
2025-10-17 04:00:00+00:00,56.818,56.997,56.772,56.791,1189,18,0
2025-10-17 05:00:00+00:00,56.792,56.871,56.752,56.78,1124,18,0
2025-10-17 06:00:00+00:00,56.782,56.944,56.542,56.576,1772,18,0
2025-10-17 07:00:00+00:00,56.568,56.787,56.429,56.678,3069,18,0
2025-10-17 08:00:00+00:00,56.681,56.735,56.254,56.316,2834,18,0
2025-10-17 09:00:00+00:00,56.312,56.531,56.135,56.347,2583,18,0
2025-10-17 10:00:00+00:00,56.353,56.809,56.274,56.638,2461,18,0
2025-10-17 11:00:00+00:00,56.637,57.067,56.602,57.029,3724,18,0
2025-10-17 12:00:00+00:00,57.027,57.27,56.943,57.153,3261,18,0
2025-10-17 13:00:00+00:00,57.149,57.191,56.697,56.9,5670,18,0
2025-10-17 14:00:00+00:00,56.894,57.113,56.813,57.014,4685,18,0
2025-10-17 15:00:00+00:00,57.011,57.228,56.77,57.071,3898,18,0
2025-10-17 16:00:00+00:00,57.07,57.197,56.753,56.846,2192,18,0
2025-10-17 17:00:00+00:00,56.843,57.178,56.752,57.003,2383,18,0
2025-10-17 18:00:00+00:00,57.0,57.308,56.995,57.154,2254,18,0
2025-10-17 19:00:00+00:00,57.156,57.239,57.073,57.124,828,18,0
2025-10-17 20:00:00+00:00,57.124,57.296,57.12,57.148,584,18,0
2025-10-19 22:00:00+00:00,57.355,57.421,57.089,57.139,793,18,0
2025-10-19 23:00:00+00:00,57.141,57.202,56.938,56.945,519,18,0
2025-10-20 00:00:00+00:00,56.947,57.015,56.88,56.978,762,18,0
2025-10-20 01:00:00+00:00,56.977,57.055,56.753,56.887,1379,18,0
2025-10-20 02:00:00+00:00,56.886,57.029,56.865,56.932,825,18,0
2025-10-20 03:00:00+00:00,56.935,57.015,56.893,56.958,657,18,0
2025-10-20 04:00:00+00:00,56.957,56.992,56.892,56.97,446,18,0
2025-10-20 05:00:00+00:00,56.969,56.976,56.793,56.812,584,18,0
2025-10-20 06:00:00+00:00,56.812,56.841,56.549,56.62,1272,18,0
2025-10-20 07:00:00+00:00,56.612,56.89,56.582,56.659,1641,18,0
2025-10-20 08:00:00+00:00,56.658,56.961,56.628,56.937,2122,18,0
2025-10-20 09:00:00+00:00,56.935,57.061,56.79,56.845,1537,18,0
2025-10-20 10:00:00+00:00,56.848,57.03,56.676,56.736,1479,18,0
2025-10-20 11:00:00+00:00,56.732,56.775,56.532,56.721,1425,18,0
2025-10-20 12:00:00+00:00,56.72,56.823,56.509,56.568,1896,18,0
2025-10-20 13:00:00+00:00,56.58,56.764,55.956,56.547,4624,18,0
2025-10-20 14:00:00+00:00,56.553,56.744,56.367,56.567,2769,18,0
2025-10-20 15:00:00+00:00,56.563,56.879,56.331,56.476,3082,18,0
2025-10-20 16:00:00+00:00,56.473,56.667,56.473,56.604,1867,18,0
2025-10-20 17:00:00+00:00,56.606,56.981,56.535,56.897,1771,18,0
2025-10-20 18:00:00+00:00,56.892,57.065,56.818,56.893,1387,18,0
2025-10-20 19:00:00+00:00,56.895,57.013,56.803,56.974,603,18,0
2025-10-20 20:00:00+00:00,56.98,57.019,56.893,56.917,247,18,0
2025-10-20 22:00:00+00:00,56.911,56.971,56.905,56.928,114,18,0
2025-10-20 23:00:00+00:00,56.933,56.962,56.895,56.962,103,18,0
2025-10-21 00:00:00+00:00,56.959,57.002,56.851,56.96,322,18,0
2025-10-21 01:00:00+00:00,56.964,56.973,56.585,56.792,611,18,0
2025-10-21 02:00:00+00:00,56.787,56.891,56.749,56.809,394,18,0
2025-10-21 03:00:00+00:00,56.807,56.847,56.772,56.835,213,18,0
2025-10-21 04:00:00+00:00,56.832,56.897,56.79,56.863,261,18,0
2025-10-21 05:00:00+00:00,56.861,57.105,56.845,57.007,541,18,0
2025-10-21 06:00:00+00:00,57.009,57.176,56.847,56.864,902,18,0
2025-10-21 07:00:00+00:00,56.861,56.861,56.663,56.71,1330,18,0
2025-10-21 08:00:00+00:00,56.714,57.266,56.703,57.161,1776,18,0
2025-10-21 09:00:00+00:00,57.174,57.358,56.955,57.341,1601,18,0
2025-10-21 10:00:00+00:00,57.341,57.6,57.315,57.498,1460,18,0
2025-10-21 11:00:00+00:00,57.491,57.65,57.314,57.367,1326,18,0
2025-10-21 12:00:00+00:00,57.36,57.751,57.345,57.44,1711,18,0
2025-10-21 13:00:00+00:00,57.438,57.438,56.397,56.397,4246,18,0
2025-10-21 14:00:00+00:00,56.391,57.017,56.337,56.804,3542,18,0
2025-10-21 15:00:00+00:00,56.809,57.412,56.733,57.322,3337,18,0
2025-10-21 16:00:00+00:00,57.333,58.03,57.164,57.179,3528,18,0
2025-10-21 17:00:00+00:00,57.173,57.491,56.952,57.209,2165,18,0
2025-10-21 18:00:00+00:00,57.204,57.334,57.095,57.295,1692,18,0
2025-10-21 19:00:00+00:00,57.291,57.405,57.26,57.379,594,18,0
2025-10-21 20:00:00+00:00,57.381,57.588,57.381,57.554,535,18,0
2025-10-21 22:00:00+00:00,57.52,57.601,57.516,57.552,254,18,0
2025-10-21 23:00:00+00:00,57.551,57.605,57.497,57.511,194,18,0
2025-10-22 00:00:00+00:00,57.51,57.537,57.375,57.411,752,18,0
2025-10-22 01:00:00+00:00,57.406,57.459,57.311,57.405,1222,18,0
2025-10-22 02:00:00+00:00,57.404,57.727,57.398,57.674,859,18,0
2025-10-22 03:00:00+00:00,57.674,58.354,57.673,58.138,2378,18,0
2025-10-22 04:00:00+00:00,58.133,58.24,58.106,58.172,722,18,0
2025-10-22 05:00:00+00:00,58.173,58.312,58.158,58.22,1410,18,0
2025-10-22 06:00:00+00:00,58.224,58.463,58.17,58.271,1714,18,0
2025-10-22 07:00:00+00:00,58.27,58.314,58.012,58.128,2129,18,0
2025-10-22 08:00:00+00:00,58.127,58.381,58.055,58.211,2504,18,0
2025-10-22 09:00:00+00:00,58.212,58.292,58.011,58.114,1891,18,0
2025-10-22 10:00:00+00:00,58.114,58.36,57.889,58.252,1878,18,0
2025-10-22 11:00:00+00:00,58.258,58.49,58.141,58.29,1722,18,0
2025-10-22 12:00:00+00:00,58.293,58.568,58.149,58.162,2099,18,0
2025-10-22 13:00:00+00:00,58.167,58.772,58.105,58.681,3323,18,0
2025-10-22 14:00:00+00:00,58.675,58.744,58.395,58.548,3371,18,0
2025-10-22 15:00:00+00:00,58.542,58.872,58.275,58.712,3608,18,0
2025-10-22 16:00:00+00:00,58.716,58.793,58.223,58.638,3840,18,0
2025-10-22 17:00:00+00:00,58.636,58.707,58.35,58.392,2413,18,0
2025-10-22 18:00:00+00:00,58.392,58.587,58.348,58.537,2080,18,0
2025-10-22 19:00:00+00:00,58.538,59.774,58.525,59.355,4714,18,0
2025-10-22 20:00:00+00:00,59.352,59.613,58.834,59.445,2814,18,0
2025-10-22 22:00:00+00:00,59.699,59.839,59.633,59.724,889,18,0
2025-10-22 23:00:00+00:00,59.724,60.08,59.715,60.005,1292,18,0
2025-10-23 00:00:00+00:00,60.012,60.186,59.832,59.889,1626,18,0
2025-10-23 01:00:00+00:00,59.881,59.923,59.645,59.741,2091,18,0
2025-10-23 02:00:00+00:00,59.742,60.046,59.679,59.986,1536,18,0
2025-10-23 03:00:00+00:00,59.987,60.263,59.889,60.141,1948,18,0
2025-10-23 04:00:00+00:00,60.14,60.495,60.133,60.359,1337,18,0
2025-10-23 05:00:00+00:00,60.36,60.794,60.348,60.78,2424,18,0
2025-10-23 06:00:00+00:00,60.784,60.788,60.287,60.363,3138,18,0
2025-10-23 07:00:00+00:00,60.365,60.589,60.297,60.336,3201,18,0
2025-10-23 08:00:00+00:00,60.336,61.24,60.305,61.236,3709,18,0
2025-10-23 09:00:00+00:00,61.236,61.669,61.202,61.639,2984,18,0
2025-10-23 10:00:00+00:00,61.638,61.734,61.339,61.484,3204,18,0
2025-10-23 11:00:00+00:00,61.484,61.921,61.193,61.456,3706,18,0
2025-10-23 12:00:00+00:00,61.468,61.607,60.984,61.591,4297,18,0
2025-10-23 13:00:00+00:00,61.599,61.968,60.987,61.51,7897,18,0
2025-10-23 14:00:00+00:00,61.512,61.525,61.156,61.311,4052,18,0
2025-10-23 15:00:00+00:00,61.318,61.903,61.12,61.893,4468,18,0
2025-10-23 16:00:00+00:00,61.886,62.064,61.577,61.873,3094,18,0
2025-10-23 17:00:00+00:00,61.869,61.936,61.328,61.532,3273,18,0
2025-10-23 18:00:00+00:00,61.536,61.71,61.421,61.553,2665,18,0
2025-10-23 19:00:00+00:00,61.557,61.642,61.406,61.472,1188,18,0
2025-10-23 20:00:00+00:00,61.476,61.551,61.433,61.519,683,18,0
2025-10-23 22:00:00+00:00,61.459,61.547,61.433,61.542,151,18,0
2025-10-23 23:00:00+00:00,61.539,61.542,61.375,61.483,195,18,0
2025-10-24 00:00:00+00:00,61.482,61.541,61.271,61.417,907,18,0
2025-10-24 01:00:00+00:00,61.416,61.416,61.084,61.1,1294,18,0
2025-10-24 02:00:00+00:00,61.099,61.266,61.052,61.231,959,18,0
2025-10-24 03:00:00+00:00,61.228,61.377,61.158,61.242,883,18,0
2025-10-24 04:00:00+00:00,61.246,61.408,61.228,61.341,519,18,0
2025-10-24 05:00:00+00:00,61.345,61.407,61.289,61.309,762,18,0
2025-10-24 06:00:00+00:00,61.311,61.485,61.203,61.255,1398,18,0
2025-10-24 07:00:00+00:00,61.254,61.807,61.18,61.787,2021,18,0
2025-10-24 08:00:00+00:00,61.786,61.936,61.47,61.505,2768,18,0
2025-10-24 09:00:00+00:00,61.494,61.644,61.43,61.498,1982,18,0
2025-10-24 10:00:00+00:00,61.494,61.731,61.466,61.719,1798,18,0
2025-10-24 11:00:00+00:00,61.72,62.256,61.692,62.235,2074,18,0
2025-10-24 12:00:00+00:00,62.239,62.381,61.544,61.623,3189,18,0
2025-10-24 13:00:00+00:00,61.628,61.985,61.595,61.914,3915,18,0
2025-10-24 14:00:00+00:00,61.911,62.206,61.761,62.008,3427,18,0
2025-10-24 15:00:00+00:00,62.013,62.224,61.935,62.097,2809,18,0
2025-10-24 16:00:00+00:00,62.092,62.132,61.739,61.758,2169,18,0
2025-10-24 17:00:00+00:00,61.756,61.77,61.351,61.392,2412,18,0
2025-10-24 18:00:00+00:00,61.396,61.538,61.262,61.416,2271,18,0
2025-10-24 19:00:00+00:00,61.414,61.438,61.249,61.337,1002,18,0
2025-10-24 20:00:00+00:00,61.332,61.332,61.229,61.26,438,18,0
2025-10-26 22:00:00+00:00,61.864,61.984,61.746,61.832,884,18,0
2025-10-26 23:00:00+00:00,61.827,61.87,61.677,61.74,557,18,0
2025-10-27 00:00:00+00:00,61.734,61.841,61.562,61.569,975,18,0
2025-10-27 01:00:00+00:00,61.57,61.6,61.348,61.366,1879,18,0
2025-10-27 02:00:00+00:00,61.368,61.57,61.358,61.567,841,18,0
2025-10-27 03:00:00+00:00,61.566,61.567,61.306,61.347,650,18,0
2025-10-27 04:00:00+00:00,61.346,61.602,61.31,61.573,461,18,0
2025-10-27 05:00:00+00:00,61.575,61.701,61.522,61.68,817,18,0
2025-10-27 06:00:00+00:00,61.679,61.77,61.521,61.558,1080,18,0
2025-10-27 07:00:00+00:00,61.562,61.636,61.188,61.443,1846,18,0
2025-10-27 08:00:00+00:00,61.447,61.463,60.544,60.544,3492,18,0
2025-10-27 09:00:00+00:00,60.54,60.851,60.502,60.651,2797,18,0
2025-10-27 10:00:00+00:00,60.655,61.009,60.595,60.737,2462,18,0
2025-10-27 11:00:00+00:00,60.736,61.318,60.718,61.272,2145,18,0
2025-10-27 12:00:00+00:00,61.27,61.392,61.043,61.378,1950,18,0
2025-10-27 13:00:00+00:00,61.381,61.686,61.164,61.62,3503,18,0
2025-10-27 14:00:00+00:00,61.626,61.791,61.281,61.708,3234,18,0
2025-10-27 15:00:00+00:00,61.712,61.84,61.398,61.489,2972,18,0
2025-10-27 16:00:00+00:00,61.485,61.575,61.284,61.419,3187,18,0
2025-10-27 17:00:00+00:00,61.42,61.528,61.165,61.277,2167,18,0
2025-10-27 18:00:00+00:00,61.284,61.339,60.949,61.231,2083,18,0
2025-10-27 19:00:00+00:00,61.232,61.312,61.136,61.239,770,18,0
2025-10-27 20:00:00+00:00,61.242,61.425,61.192,61.419,494,18,0
2025-10-27 22:00:00+00:00,61.269,61.28,61.152,61.153,163,18,0
2025-10-27 23:00:00+00:00,61.154,61.154,61.064,61.089,237,18,0
2025-10-28 00:00:00+00:00,61.095,61.103,60.888,60.913,706,18,0
2025-10-28 01:00:00+00:00,60.916,61.178,60.907,61.162,1274,18,0
2025-10-28 02:00:00+00:00,61.163,61.195,60.983,61.091,814,18,0
2025-10-28 03:00:00+00:00,61.087,61.134,61.046,61.047,568,18,0
2025-10-28 04:00:00+00:00,61.045,61.071,60.927,60.969,450,18,0
2025-10-28 05:00:00+00:00,60.968,61.073,60.88,60.998,889,18,0
2025-10-28 06:00:00+00:00,61.0,61.093,60.857,60.88,1330,18,0
2025-10-28 07:00:00+00:00,60.892,61.131,60.302,60.347,2432,18,0
2025-10-28 08:00:00+00:00,60.351,60.395,59.748,60.049,4483,18,0
2025-10-28 09:00:00+00:00,60.06,60.199,59.898,60.174,3066,18,0
2025-10-28 10:00:00+00:00,60.176,60.459,60.098,60.244,2331,18,0
2025-10-28 11:00:00+00:00,60.243,60.482,60.127,60.303,2077,18,0
2025-10-28 12:00:00+00:00,60.309,60.468,59.92,60.092,2687,18,0
2025-10-28 13:00:00+00:00,60.106,60.594,60.106,60.406,3990,18,0
2025-10-28 14:00:00+00:00,60.392,60.534,59.802,59.847,3609,18,0
2025-10-28 15:00:00+00:00,59.843,60.01,59.605,59.748,3443,18,0
2025-10-28 16:00:00+00:00,59.744,60.093,59.697,59.918,3993,18,0
2025-10-28 17:00:00+00:00,59.917,60.153,59.896,60.076,2221,18,0
2025-10-28 18:00:00+00:00,60.084,60.11,59.78,59.862,2491,18,0
2025-10-28 19:00:00+00:00,59.863,59.92,59.738,59.817,1027,18,0
2025-10-28 20:00:00+00:00,59.818,60.098,59.746,60.032,707,18,0
2025-10-28 22:00:00+00:00,60.052,60.052,59.973,59.991,180,18,0
2025-10-28 23:00:00+00:00,59.994,60.111,59.978,60.074,185,18,0
2025-10-29 00:00:00+00:00,60.072,60.153,60.014,60.031,553,18,0
2025-10-29 01:00:00+00:00,60.03,60.251,60.009,60.167,1054,18,0
2025-10-29 02:00:00+00:00,60.162,60.181,59.804,59.891,1062,18,0
2025-10-29 03:00:00+00:00,59.891,60.007,59.858,60.0,640,18,0
2025-10-29 04:00:00+00:00,60.0,60.0,59.845,59.845,361,18,0
2025-10-29 05:00:00+00:00,59.843,60.044,59.824,59.954,786,18,0
2025-10-29 06:00:00+00:00,59.956,60.202,59.952,60.2,1179,18,0
2025-10-29 07:00:00+00:00,60.199,60.361,60.075,60.115,1601,18,0
2025-10-29 08:00:00+00:00,60.113,60.135,59.555,59.602,3239,18,0
2025-10-29 09:00:00+00:00,59.612,60.214,59.588,60.027,2379,18,0
2025-10-29 10:00:00+00:00,60.025,60.247,59.935,60.216,1846,18,0
2025-10-29 11:00:00+00:00,60.215,60.357,60.133,60.223,1619,18,0
2025-10-29 12:00:00+00:00,60.222,60.222,59.899,60.04,1924,18,0
2025-10-29 13:00:00+00:00,60.047,60.329,59.921,60.211,3069,18,0
2025-10-29 14:00:00+00:00,60.219,60.735,60.217,60.703,3298,18,0
2025-10-29 15:00:00+00:00,60.705,60.807,60.592,60.68,2563,18,0
2025-10-29 16:00:00+00:00,60.683,60.838,60.415,60.46,2958,18,0
2025-10-29 17:00:00+00:00,60.46,60.536,60.341,60.491,1910,18,0
2025-10-29 18:00:00+00:00,60.484,60.542,60.165,60.321,3463,18,0
2025-10-29 19:00:00+00:00,60.32,60.435,60.133,60.195,1939,18,0
2025-10-29 20:00:00+00:00,60.197,60.274,60.165,60.249,577,18,0
2025-10-29 22:00:00+00:00,60.162,60.162,60.014,60.03,254,18,0
2025-10-29 23:00:00+00:00,60.029,60.078,59.973,60.078,330,18,0
2025-10-30 00:00:00+00:00,60.08,60.272,60.071,60.221,868,18,0
2025-10-30 01:00:00+00:00,60.217,60.245,60.039,60.104,1392,18,0
2025-10-30 02:00:00+00:00,60.104,60.12,59.906,59.929,1158,18,0
2025-10-30 03:00:00+00:00,59.929,60.224,59.929,60.204,871,18,0
2025-10-30 04:00:00+00:00,60.203,60.257,59.819,60.008,1853,18,0
2025-10-30 05:00:00+00:00,60.003,60.096,59.931,60.011,1265,18,0
2025-10-30 06:00:00+00:00,60.005,60.122,59.868,59.937,1485,18,0
2025-10-30 07:00:00+00:00,59.933,60.059,59.685,59.74,1856,18,0
2025-10-30 08:00:00+00:00,59.742,60.047,59.722,59.956,2294,18,0
2025-10-30 09:00:00+00:00,59.954,60.069,59.792,59.91,2016,18,0
2025-10-30 10:00:00+00:00,59.909,60.108,59.803,59.918,1822,18,0
2025-10-30 11:00:00+00:00,59.917,60.053,59.812,59.949,1504,18,0
2025-10-30 12:00:00+00:00,59.951,60.0,59.64,59.797,2393,18,0
2025-10-30 13:00:00+00:00,59.792,59.939,59.474,59.7,3855,18,0
2025-10-30 14:00:00+00:00,59.695,60.352,59.665,60.24,3909,18,0
2025-10-30 15:00:00+00:00,60.238,60.507,60.213,60.285,2883,18,0
2025-10-30 16:00:00+00:00,60.285,60.537,60.273,60.508,2192,18,0
2025-10-30 17:00:00+00:00,60.514,60.607,60.392,60.485,1561,18,0
2025-10-30 18:00:00+00:00,60.48,60.509,60.214,60.284,1961,18,0
2025-10-30 19:00:00+00:00,60.281,60.313,60.037,60.062,1041,18,0
2025-10-30 20:00:00+00:00,60.062,60.138,60.044,60.099,613,18,0
2025-10-30 22:00:00+00:00,60.03,60.098,60.024,60.064,166,18,0
2025-10-30 23:00:00+00:00,60.061,60.115,60.044,60.106,194,18,0
2025-10-31 00:00:00+00:00,60.104,60.107,59.978,60.067,410,18,0
2025-10-31 01:00:00+00:00,60.067,60.2,60.037,60.106,849,18,0
2025-10-31 02:00:00+00:00,60.106,60.135,59.956,60.059,592,18,0
2025-10-31 03:00:00+00:00,60.057,60.057,59.918,59.941,492,18,0
2025-10-31 04:00:00+00:00,59.936,59.991,59.919,59.969,266,18,0
2025-10-31 05:00:00+00:00,59.966,60.001,59.867,59.91,519,18,0
2025-10-31 06:00:00+00:00,59.912,60.069,59.873,60.05,1027,18,0
2025-10-31 07:00:00+00:00,60.059,60.277,60.036,60.243,1501,18,0
2025-10-31 08:00:00+00:00,60.242,60.324,59.974,59.986,2194,18,0
2025-10-31 09:00:00+00:00,59.983,60.16,59.833,59.898,2024,18,0
2025-10-31 10:00:00+00:00,59.901,60.209,59.792,60.171,1812,18,0
2025-10-31 11:00:00+00:00,60.171,60.246,60.069,60.155,1500,18,0
2025-10-31 12:00:00+00:00,60.153,60.678,60.121,60.63,3491,18,0
2025-10-31 13:00:00+00:00,60.637,61.168,60.611,60.991,4131,18,0
2025-10-31 14:00:00+00:00,60.984,61.0,60.31,60.731,3294,18,0
2025-10-31 15:00:00+00:00,60.735,60.914,60.275,60.453,3926,18,0
2025-10-31 16:00:00+00:00,60.448,60.625,60.276,60.584,3275,18,0
2025-10-31 17:00:00+00:00,60.581,60.794,60.559,60.684,2082,18,0
2025-10-31 18:00:00+00:00,60.688,60.834,60.613,60.651,1640,18,0
2025-10-31 19:00:00+00:00,60.652,60.751,60.615,60.682,752,18,0
2025-10-31 20:00:00+00:00,60.681,60.735,60.59,60.695,541,18,0
2025-11-02 23:00:00+00:00,61.165,61.22,61.081,61.176,177,30,0
2025-11-03 00:00:00+00:00,61.172,61.202,61.017,61.039,195,30,0
2025-11-03 01:00:00+00:00,61.049,61.223,60.891,60.946,465,30,0
2025-11-03 02:00:00+00:00,60.953,61.138,60.953,61.037,294,18,0
2025-11-03 03:00:00+00:00,61.031,61.054,60.927,61.053,397,18,0
2025-11-03 04:00:00+00:00,61.051,61.051,60.895,60.922,272,18,0
2025-11-03 05:00:00+00:00,60.925,61.239,60.921,61.209,522,18,0
2025-11-03 06:00:00+00:00,61.208,61.291,61.128,61.216,887,18,0
2025-11-03 07:00:00+00:00,61.221,61.254,60.992,61.073,1245,18,0
2025-11-03 08:00:00+00:00,61.071,61.121,60.639,60.642,1998,18,0
2025-11-03 09:00:00+00:00,60.644,60.8,60.498,60.768,1509,18,0
2025-11-03 10:00:00+00:00,60.77,61.011,60.574,60.991,1607,18,0
2025-11-03 11:00:00+00:00,60.99,60.993,60.394,60.635,1526,18,0
2025-11-03 12:00:00+00:00,60.634,60.79,60.6,60.676,1349,18,0
2025-11-03 13:00:00+00:00,60.68,60.84,60.575,60.654,2092,18,0
2025-11-03 14:00:00+00:00,60.65,60.963,60.435,60.682,3665,18,0
2025-11-03 15:00:00+00:00,60.687,60.844,60.341,60.798,3283,18,0
2025-11-03 16:00:00+00:00,60.794,61.282,60.788,61.123,2924,18,0
2025-11-03 17:00:00+00:00,61.115,61.211,60.975,61.104,1599,18,0
2025-11-03 18:00:00+00:00,61.102,61.142,60.784,60.798,1509,18,0
2025-11-03 19:00:00+00:00,60.804,60.936,60.581,60.827,1838,18,0
2025-11-03 20:00:00+00:00,60.832,60.893,60.764,60.893,743,18,0
2025-11-03 21:00:00+00:00,60.89,60.892,60.783,60.84,306,18,0
2025-11-03 23:00:00+00:00,60.758,60.838,60.732,60.837,146,18,0
2025-11-04 00:00:00+00:00,60.837,60.837,60.705,60.712,192,18,0
2025-11-04 01:00:00+00:00,60.714,60.779,60.668,60.746,761,18,0
2025-11-04 02:00:00+00:00,60.745,60.746,60.595,60.602,513,18,0
2025-11-04 03:00:00+00:00,60.602,60.76,60.601,60.74,549,18,0
2025-11-04 04:00:00+00:00,60.742,60.745,60.662,60.677,322,18,0
2025-11-04 05:00:00+00:00,60.678,60.719,60.624,60.674,707,18,0
2025-11-04 06:00:00+00:00,60.675,60.699,60.579,60.597,870,18,0
2025-11-04 07:00:00+00:00,60.596,60.668,60.383,60.42,1168,18,0
2025-11-04 08:00:00+00:00,60.424,60.434,59.886,60.027,2409,18,0
2025-11-04 09:00:00+00:00,60.037,60.152,59.914,59.966,1696,18,0
2025-11-04 10:00:00+00:00,59.963,60.07,59.778,59.935,1502,18,0
2025-11-04 11:00:00+00:00,59.938,60.026,59.839,60.003,1164,18,0
2025-11-04 12:00:00+00:00,60.009,60.18,59.936,60.099,1415,18,0
2025-11-04 13:00:00+00:00,60.093,60.118,59.83,59.83,2061,18,0
2025-11-04 14:00:00+00:00,59.834,60.445,59.834,60.339,3505,18,0
2025-11-04 15:00:00+00:00,60.346,60.58,60.25,60.571,2548,18,0
2025-11-04 16:00:00+00:00,60.573,60.645,60.408,60.547,2634,18,0
2025-11-04 17:00:00+00:00,60.548,60.717,60.409,60.605,1850,18,0
2025-11-04 18:00:00+00:00,60.603,60.686,60.338,60.473,2025,18,0
2025-11-04 19:00:00+00:00,60.473,60.55,60.327,60.369,2004,18,0
2025-11-04 20:00:00+00:00,60.368,60.397,60.19,60.217,822,18,0
2025-11-04 21:00:00+00:00,60.21,60.267,60.169,60.259,426,18,0
2025-11-04 23:00:00+00:00,60.172,60.206,60.103,60.121,185,18,0
2025-11-05 00:00:00+00:00,60.121,60.174,60.043,60.094,308,18,0
2025-11-05 01:00:00+00:00,60.096,60.154,59.857,59.952,1155,18,0
2025-11-05 02:00:00+00:00,59.953,60.097,59.938,60.053,796,18,0
2025-11-05 03:00:00+00:00,60.056,60.33,60.041,60.312,748,18,0
2025-11-05 04:00:00+00:00,60.309,60.392,60.263,60.322,485,18,0
2025-11-05 05:00:00+00:00,60.322,60.483,60.308,60.476,688,18,0
2025-11-05 06:00:00+00:00,60.478,60.53,60.35,60.394,864,18,0
2025-11-05 07:00:00+00:00,60.394,60.437,60.231,60.402,1453,18,0
2025-11-05 08:00:00+00:00,60.404,60.549,60.209,60.462,2144,18,0
2025-11-05 09:00:00+00:00,60.462,60.805,60.406,60.687,2032,18,0
2025-11-05 10:00:00+00:00,60.69,60.889,60.669,60.706,1586,18,0
2025-11-05 11:00:00+00:00,60.709,60.844,60.337,60.355,1390,18,0
2025-11-05 12:00:00+00:00,60.353,60.353,59.997,60.164,1763,18,0
2025-11-05 13:00:00+00:00,60.169,60.212,59.96,60.07,1963,18,0
2025-11-05 14:00:00+00:00,60.069,60.099,59.872,59.997,2681,18,0
2025-11-05 15:00:00+00:00,59.993,60.559,59.95,60.534,3497,18,0
2025-11-05 16:00:00+00:00,60.539,60.659,59.652,59.678,4460,18,0
2025-11-05 17:00:00+00:00,59.683,59.755,59.493,59.626,2449,18,0
2025-11-05 18:00:00+00:00,59.624,59.701,59.509,59.665,1641,18,0
2025-11-05 19:00:00+00:00,59.662,59.683,59.399,59.454,1866,18,0
2025-11-05 20:00:00+00:00,59.462,59.531,59.458,59.473,634,18,0
2025-11-05 21:00:00+00:00,59.479,59.53,59.473,59.499,327,18,0
2025-11-05 23:00:00+00:00,59.521,59.562,59.455,59.455,250,18,0
2025-11-06 00:00:00+00:00,59.458,59.523,59.441,59.518,247,18,0
2025-11-06 01:00:00+00:00,59.516,59.589,59.435,59.492,909,18,0
2025-11-06 02:00:00+00:00,59.491,59.629,59.445,59.618,728,18,0
2025-11-06 03:00:00+00:00,59.615,59.681,59.574,59.665,447,18,0
2025-11-06 04:00:00+00:00,59.663,59.733,59.634,59.653,359,18,0
2025-11-06 05:00:00+00:00,59.654,59.747,59.649,59.736,482,18,0
2025-11-06 06:00:00+00:00,59.734,59.802,59.636,59.793,751,18,0
2025-11-06 07:00:00+00:00,59.794,59.856,59.632,59.641,1342,18,0
2025-11-06 08:00:00+00:00,59.653,60.189,59.338,60.165,2780,18,0
2025-11-06 09:00:00+00:00,60.162,60.341,59.916,59.99,2326,18,0
2025-11-06 10:00:00+00:00,59.992,60.053,59.786,60.006,2025,18,0
2025-11-06 11:00:00+00:00,60.009,60.046,59.749,59.8,1646,18,0
2025-11-06 12:00:00+00:00,59.801,60.024,59.801,59.974,1835,18,0
2025-11-06 13:00:00+00:00,59.98,60.021,59.589,59.659,2494,18,0
2025-11-06 14:00:00+00:00,59.655,59.746,59.043,59.051,4780,18,0
2025-11-06 15:00:00+00:00,59.05,59.118,58.747,59.018,4435,18,0
2025-11-06 16:00:00+00:00,59.018,59.308,58.852,58.903,3809,18,0
2025-11-06 17:00:00+00:00,58.903,59.22,58.856,59.178,2542,18,0
2025-11-06 18:00:00+00:00,59.174,59.324,58.969,59.207,2129,18,0
2025-11-06 19:00:00+00:00,59.198,59.392,59.165,59.351,2032,18,0
2025-11-06 20:00:00+00:00,59.354,59.576,59.354,59.39,1178,18,0
2025-11-06 21:00:00+00:00,59.393,59.458,59.379,59.448,328,18,0
2025-11-06 23:00:00+00:00,59.616,59.616,59.524,59.546,224,18,0
2025-11-07 00:00:00+00:00,59.543,59.575,59.522,59.534,195,18,0
2025-11-07 01:00:00+00:00,59.537,59.642,59.478,59.561,1161,18,0
2025-11-07 02:00:00+00:00,59.566,59.686,59.509,59.641,819,18,0
2025-11-07 03:00:00+00:00,59.64,59.658,59.494,59.561,501,18,0
2025-11-07 04:00:00+00:00,59.561,59.706,59.48,59.621,528,18,0
2025-11-07 05:00:00+00:00,59.62,59.732,59.574,59.732,667,18,0
2025-11-07 06:00:00+00:00,59.721,60.039,59.704,60.023,1064,18,0
2025-11-07 07:00:00+00:00,60.024,60.069,59.867,59.959,1520,18,0
2025-11-07 08:00:00+00:00,59.959,60.102,59.76,60.003,2135,18,0
2025-11-07 09:00:00+00:00,59.998,60.215,59.882,60.182,1797,18,0
2025-11-07 10:00:00+00:00,60.181,60.322,59.984,60.046,1845,18,0
2025-11-07 11:00:00+00:00,60.041,60.041,59.769,59.873,2040,18,0
2025-11-07 12:00:00+00:00,59.869,59.98,59.771,59.858,1726,18,0
2025-11-07 13:00:00+00:00,59.844,59.902,59.686,59.765,2209,18,0
2025-11-07 14:00:00+00:00,59.764,59.974,59.469,59.804,4671,18,0
2025-11-07 15:00:00+00:00,59.809,59.821,59.408,59.462,4542,18,0
2025-11-07 16:00:00+00:00,59.451,59.689,59.431,59.639,3350,18,0
2025-11-07 17:00:00+00:00,59.643,59.805,59.231,59.415,2940,18,0
2025-11-07 18:00:00+00:00,59.415,59.736,59.415,59.644,2178,18,0
2025-11-07 19:00:00+00:00,59.643,59.739,59.578,59.737,2008,18,0
2025-11-07 20:00:00+00:00,59.734,59.739,59.541,59.694,1069,18,0
2025-11-07 21:00:00+00:00,59.691,59.783,59.689,59.713,331,18,0
2025-11-09 23:00:00+00:00,59.651,59.787,59.619,59.766,296,18,0
2025-11-10 00:00:00+00:00,59.765,59.855,59.633,59.838,335,18,0
2025-11-10 01:00:00+00:00,59.84,60.117,59.84,59.961,1044,18,0
2025-11-10 02:00:00+00:00,60.009,60.053,60.004,60.053,49,18,0
2025-11-10 03:00:00+00:00,60.052,60.131,60.033,60.048,558,18,0
2025-11-10 04:00:00+00:00,60.053,60.144,60.053,60.089,393,18,0
2025-11-10 05:00:00+00:00,60.089,60.223,60.089,60.204,430,18,0
2025-11-10 06:00:00+00:00,60.202,60.233,60.115,60.173,589,18,0
2025-11-10 07:00:00+00:00,60.175,60.251,60.012,60.109,1273,18,0
2025-11-10 08:00:00+00:00,60.108,60.333,59.872,59.967,2363,18,0
2025-11-10 09:00:00+00:00,59.963,60.343,59.915,60.24,1829,18,0
2025-11-10 10:00:00+00:00,60.244,60.27,59.726,59.73,1898,18,0
2025-11-10 11:00:00+00:00,59.734,59.904,59.677,59.758,1489,18,0
2025-11-10 12:00:00+00:00,59.758,59.982,59.758,59.942,1327,18,0
2025-11-10 13:00:00+00:00,59.939,59.989,59.838,59.864,1620,18,0
2025-11-10 14:00:00+00:00,59.853,60.107,59.474,59.513,3196,18,0
2025-11-10 15:00:00+00:00,59.519,59.775,59.425,59.447,2824,18,0
2025-11-10 16:00:00+00:00,59.444,59.559,59.322,59.46,2796,18,0
2025-11-10 17:00:00+00:00,59.461,59.89,59.461,59.887,1848,18,0
2025-11-10 18:00:00+00:00,59.888,59.953,59.806,59.89,1575,18,0
2025-11-10 19:00:00+00:00,59.891,60.115,59.891,60.012,1604,18,0
2025-11-10 20:00:00+00:00,60.013,60.087,60.002,60.052,705,18,0
2025-11-10 21:00:00+00:00,60.049,60.073,60.013,60.023,205,18,0
2025-11-10 23:00:00+00:00,59.956,59.961,59.884,59.9,128,18,0
2025-11-11 00:00:00+00:00,59.901,59.966,59.898,59.916,174,18,0
2025-11-11 01:00:00+00:00,59.917,59.939,59.799,59.815,608,18,0
2025-11-11 02:00:00+00:00,59.811,59.915,59.768,59.882,425,18,0
2025-11-11 03:00:00+00:00,59.88,60.028,59.874,59.898,395,18,0
2025-11-11 04:00:00+00:00,59.898,59.942,59.846,59.902,306,18,0
2025-11-11 05:00:00+00:00,59.902,59.914,59.704,59.727,466,18,0
2025-11-11 06:00:00+00:00,59.722,59.825,59.672,59.769,669,18,0
2025-11-11 07:00:00+00:00,59.774,59.805,59.585,59.671,1063,18,0
2025-11-11 08:00:00+00:00,59.683,59.967,59.636,59.935,2030,18,0
2025-11-11 09:00:00+00:00,59.936,60.387,59.928,60.305,1915,18,0
2025-11-11 10:00:00+00:00,60.307,60.448,60.121,60.27,1196,18,0
2025-11-11 11:00:00+00:00,60.269,60.499,60.179,60.493,989,18,0
2025-11-11 12:00:00+00:00,60.353,60.445,60.351,60.367,312,18,0
2025-11-11 13:00:00+00:00,60.362,60.717,60.291,60.678,545,18,0
2025-11-11 14:00:00+00:00,60.689,60.932,60.484,60.904,2146,18,0
2025-11-11 15:00:00+00:00,60.898,60.923,60.707,60.887,1808,18,0
2025-11-11 16:00:00+00:00,60.882,61.201,60.847,61.026,2396,18,0
2025-11-11 17:00:00+00:00,61.028,61.127,60.834,60.925,1872,18,0
2025-11-11 18:00:00+00:00,60.924,61.02,60.859,60.934,1374,18,0
2025-11-11 19:00:00+00:00,60.931,61.088,60.89,60.971,1634,18,0
2025-11-11 20:00:00+00:00,60.972,61.005,60.843,60.865,840,18,0
2025-11-11 21:00:00+00:00,60.869,61.004,60.86,60.998,330,18,0
2025-11-11 23:00:00+00:00,60.935,61.016,60.924,60.971,164,18,0
2025-11-12 00:00:00+00:00,60.969,60.986,60.887,60.926,320,18,0
2025-11-12 01:00:00+00:00,60.929,60.947,60.804,60.871,870,18,0
2025-11-12 02:00:00+00:00,60.871,60.909,60.811,60.828,644,18,0
2025-11-12 03:00:00+00:00,60.83,60.86,60.737,60.758,463,18,0
2025-11-12 04:00:00+00:00,60.759,60.851,60.756,60.788,377,18,0
2025-11-12 05:00:00+00:00,60.789,60.799,60.707,60.758,459,18,0
2025-11-12 06:00:00+00:00,60.759,60.826,60.734,60.738,564,18,0
2025-11-12 07:00:00+00:00,60.739,60.808,60.656,60.656,1161,18,0
2025-11-12 08:00:00+00:00,60.656,60.749,60.54,60.553,1786,18,0
2025-11-12 09:00:00+00:00,60.562,60.632,60.384,60.408,1582,18,0
2025-11-12 10:00:00+00:00,60.399,60.587,60.344,60.587,1640,18,0
2025-11-12 11:00:00+00:00,60.583,60.647,60.299,60.314,1353,18,0
2025-11-12 12:00:00+00:00,60.315,60.425,60.306,60.381,1349,18,0
2025-11-12 13:00:00+00:00,60.385,60.408,59.979,60.008,2682,18,0
2025-11-12 14:00:00+00:00,60.012,60.029,59.074,59.095,4084,18,0
2025-11-12 15:00:00+00:00,59.09,59.341,58.886,58.902,3262,18,0
2025-11-12 16:00:00+00:00,58.899,58.97,58.418,58.548,3787,18,0
2025-11-12 17:00:00+00:00,58.549,58.72,58.482,58.569,2398,18,0
2025-11-12 18:00:00+00:00,58.572,58.594,58.298,58.361,1457,18,0
2025-11-12 19:00:00+00:00,58.354,58.503,58.33,58.36,1664,18,0
2025-11-12 20:00:00+00:00,58.356,58.469,58.315,58.436,845,18,0
2025-11-12 21:00:00+00:00,58.44,58.448,58.337,58.349,425,18,0
2025-11-12 23:00:00+00:00,58.277,58.331,58.185,58.203,356,18,0
2025-11-13 00:00:00+00:00,58.206,58.331,58.206,58.263,470,18,0
2025-11-13 01:00:00+00:00,58.266,58.346,58.111,58.301,1765,18,0
2025-11-13 02:00:00+00:00,58.303,58.465,58.283,58.371,810,18,0
2025-11-13 03:00:00+00:00,58.371,58.496,58.341,58.491,548,18,0
2025-11-13 04:00:00+00:00,58.489,58.504,58.37,58.408,429,18,0
2025-11-13 05:00:00+00:00,58.409,58.458,58.324,58.4,487,18,0
2025-11-13 06:00:00+00:00,58.397,58.517,58.363,58.47,801,18,0
2025-11-13 07:00:00+00:00,58.468,58.553,58.367,58.404,1216,18,0
2025-11-13 08:00:00+00:00,58.399,58.443,58.201,58.31,2100,18,0
2025-11-13 09:00:00+00:00,58.305,58.366,58.142,58.352,1970,18,0
2025-11-13 10:00:00+00:00,58.351,58.819,58.351,58.754,1998,18,0
2025-11-13 11:00:00+00:00,58.747,58.862,58.708,58.825,1282,18,0
2025-11-13 12:00:00+00:00,58.827,58.959,58.772,58.879,1319,18,0
2025-11-13 13:00:00+00:00,58.875,59.145,58.813,59.045,2223,18,0
2025-11-13 14:00:00+00:00,59.048,59.071,58.842,58.939,2964,18,0
2025-11-13 15:00:00+00:00,58.938,59.068,58.707,58.773,3257,18,0
2025-11-13 16:00:00+00:00,58.768,58.981,58.73,58.951,3569,18,0
2025-11-13 17:00:00+00:00,58.941,58.941,58.702,58.784,2864,18,0
2025-11-13 18:00:00+00:00,58.783,58.818,58.478,58.605,2369,18,0
2025-11-13 19:00:00+00:00,58.598,58.782,58.485,58.686,2463,18,0
2025-11-13 20:00:00+00:00,58.682,58.701,58.499,58.551,1304,18,0
2025-11-13 21:00:00+00:00,58.55,58.649,58.539,58.649,407,18,0
2025-11-13 23:00:00+00:00,58.726,58.945,58.711,58.915,474,18,0
2025-11-14 00:00:00+00:00,58.911,59.155,58.9,59.025,804,18,0
2025-11-14 01:00:00+00:00,59.02,60.468,59.012,60.083,3951,18,0
2025-11-14 02:00:00+00:00,60.086,60.175,59.623,59.824,2852,18,0
2025-11-14 03:00:00+00:00,59.822,59.893,59.425,59.518,1458,18,0
2025-11-14 04:00:00+00:00,59.52,59.569,59.445,59.474,809,18,0
2025-11-14 05:00:00+00:00,59.473,59.646,59.465,59.515,1050,18,0
2025-11-14 06:00:00+00:00,59.522,59.626,59.318,59.418,1386,18,0
2025-11-14 07:00:00+00:00,59.42,59.56,59.308,59.529,1866,18,0
2025-11-14 08:00:00+00:00,59.532,59.591,59.161,59.248,3162,18,0
2025-11-14 09:00:00+00:00,59.25,59.885,59.236,59.733,2742,18,0
2025-11-14 10:00:00+00:00,59.728,60.234,59.699,60.234,2784,18,0
2025-11-14 11:00:00+00:00,60.23,60.232,59.264,59.462,3613,18,0
2025-11-14 12:00:00+00:00,59.464,59.667,59.387,59.403,3073,18,0
2025-11-14 13:00:00+00:00,59.405,59.756,59.345,59.639,3482,18,0
2025-11-14 14:00:00+00:00,59.635,59.933,59.543,59.9,4660,18,0
2025-11-14 15:00:00+00:00,59.901,60.173,59.804,60.131,3901,18,0
2025-11-14 16:00:00+00:00,60.134,60.245,59.977,60.028,3590,18,0
2025-11-14 17:00:00+00:00,60.03,60.156,59.886,60.059,2457,18,0
2025-11-14 18:00:00+00:00,60.056,60.122,59.92,59.947,2209,18,0
2025-11-14 19:00:00+00:00,59.942,60.026,59.808,59.939,2411,18,0
2025-11-14 20:00:00+00:00,59.934,59.934,59.752,59.765,989,18,0
2025-11-14 21:00:00+00:00,59.769,59.899,59.715,59.818,398,18,0
2025-11-16 23:00:00+00:00,59.479,59.486,59.328,59.429,755,18,0
2025-11-17 00:00:00+00:00,59.428,59.46,59.24,59.449,980,18,0
2025-11-17 01:00:00+00:00,59.448,59.454,59.263,59.331,1339,18,0
2025-11-17 02:00:00+00:00,59.331,59.384,59.216,59.354,828,18,0
2025-11-17 03:00:00+00:00,59.353,59.41,59.323,59.372,582,18,0
2025-11-17 04:00:00+00:00,59.372,59.423,59.282,59.289,299,18,0
2025-11-17 05:00:00+00:00,59.291,59.375,59.264,59.335,594,18,0
2025-11-17 06:00:00+00:00,59.336,59.397,59.212,59.29,619,18,0
2025-11-17 07:00:00+00:00,59.292,59.531,59.217,59.49,1387,18,0
2025-11-17 08:00:00+00:00,59.486,59.649,59.359,59.421,2143,18,0
2025-11-17 09:00:00+00:00,59.417,59.643,59.386,59.593,2197,18,0
2025-11-17 10:00:00+00:00,59.593,60.041,59.572,59.941,2178,18,0
2025-11-17 11:00:00+00:00,59.939,59.994,59.823,59.981,1581,18,0
2025-11-17 12:00:00+00:00,59.981,60.029,59.777,59.974,1380,18,0
2025-11-17 13:00:00+00:00,59.97,60.286,59.947,60.154,2195,18,0
2025-11-17 14:00:00+00:00,60.16,60.16,59.854,59.906,3009,18,0
2025-11-17 15:00:00+00:00,59.905,60.014,59.753,59.814,2819,18,0
2025-11-17 16:00:00+00:00,59.814,60.077,59.758,59.975,2765,18,0
2025-11-17 17:00:00+00:00,59.979,60.088,59.864,59.926,1900,18,0
2025-11-17 18:00:00+00:00,59.929,60.039,59.876,59.912,1570,18,0
2025-11-17 19:00:00+00:00,59.909,59.964,59.668,59.678,1807,18,0
2025-11-17 20:00:00+00:00,59.677,59.785,59.67,59.7,1052,18,0
2025-11-17 21:00:00+00:00,59.7,59.723,59.636,59.694,349,18,0
2025-11-17 23:00:00+00:00,59.68,59.708,59.653,59.708,232,18,0
2025-11-18 00:00:00+00:00,59.707,59.783,59.579,59.631,465,18,0
2025-11-18 01:00:00+00:00,59.632,59.659,59.453,59.485,1419,18,0
2025-11-18 02:00:00+00:00,59.484,59.589,59.474,59.555,812,18,0
2025-11-18 03:00:00+00:00,59.554,59.58,59.482,59.495,685,18,0
2025-11-18 04:00:00+00:00,59.493,59.493,59.359,59.42,805,18,0
2025-11-18 05:00:00+00:00,59.417,59.479,59.389,59.429,789,18,0
2025-11-18 06:00:00+00:00,59.43,59.44,59.267,59.328,972,18,0
2025-11-18 07:00:00+00:00,59.332,59.472,59.266,59.314,1912,18,0
2025-11-18 08:00:00+00:00,59.31,59.686,59.248,59.602,2776,18,0
2025-11-18 09:00:00+00:00,59.605,59.713,59.364,59.548,2304,18,0
2025-11-18 10:00:00+00:00,59.543,59.894,59.537,59.859,1822,18,0
2025-11-18 11:00:00+00:00,59.858,59.967,59.764,59.957,1545,18,0
2025-11-18 12:00:00+00:00,59.953,59.955,59.76,59.889,2010,18,0
2025-11-18 13:00:00+00:00,59.89,60.089,59.755,59.78,2402,18,0
2025-11-18 14:00:00+00:00,59.776,59.789,59.407,59.493,4400,18,0
2025-11-18 15:00:00+00:00,59.491,59.812,59.337,59.799,5029,18,0
2025-11-18 16:00:00+00:00,59.794,60.043,59.736,59.952,3858,18,0
2025-11-18 17:00:00+00:00,59.947,60.291,59.764,60.278,3232,18,0
2025-11-18 18:00:00+00:00,60.275,60.815,60.275,60.607,4322,18,0
2025-11-18 19:00:00+00:00,60.602,60.791,60.555,60.721,2278,18,0
2025-11-18 20:00:00+00:00,60.715,60.808,60.63,60.673,1630,18,0
2025-11-18 21:00:00+00:00,60.672,60.672,60.454,60.558,859,18,0
2025-11-18 23:00:00+00:00,60.62,60.659,60.566,60.591,312,18,0
2025-11-19 00:00:00+00:00,60.588,60.594,60.444,60.478,540,18,0
2025-11-19 01:00:00+00:00,60.478,60.493,60.277,60.359,1714,18,0
2025-11-19 02:00:00+00:00,60.364,60.544,60.359,60.497,970,18,0
2025-11-19 03:00:00+00:00,60.495,60.566,60.372,60.39,1022,18,0
2025-11-19 04:00:00+00:00,60.391,60.478,60.387,60.443,599,18,0
2025-11-19 05:00:00+00:00,60.443,60.578,60.443,60.49,932,18,0
2025-11-19 06:00:00+00:00,60.494,60.519,60.331,60.373,1167,18,0
2025-11-19 07:00:00+00:00,60.374,60.467,60.239,60.277,1651,18,0
2025-11-19 08:00:00+00:00,60.276,60.291,59.975,60.108,2746,18,0
2025-11-19 09:00:00+00:00,60.109,60.443,60.049,60.294,2385,18,0
2025-11-19 10:00:00+00:00,60.296,60.314,60.071,60.129,2143,18,0
2025-11-19 11:00:00+00:00,60.127,60.131,59.415,59.465,2708,18,0
2025-11-19 12:00:00+00:00,59.46,59.513,59.025,59.042,3063,18,0
2025-11-19 13:00:00+00:00,59.042,59.109,58.653,59.103,4233,18,0
2025-11-19 14:00:00+00:00,59.108,59.151,58.637,58.86,3869,18,0
2025-11-19 15:00:00+00:00,58.862,59.225,58.828,59.007,3895,18,0
2025-11-19 16:00:00+00:00,59.003,59.317,58.943,59.054,4355,18,0
2025-11-19 17:00:00+00:00,59.049,59.214,58.881,59.109,2991,18,0
2025-11-19 18:00:00+00:00,59.106,59.282,59.006,59.187,2153,18,0
2025-11-19 19:00:00+00:00,59.189,59.307,59.154,59.247,2292,18,0
2025-11-19 20:00:00+00:00,59.247,59.284,59.162,59.268,1117,18,0
2025-11-19 21:00:00+00:00,59.271,59.381,59.258,59.354,510,18,0
2025-11-19 23:00:00+00:00,59.359,59.461,59.354,59.457,234,18,0
2025-11-20 00:00:00+00:00,59.454,59.583,59.356,59.428,565,18,0
2025-11-20 01:00:00+00:00,59.43,59.45,59.341,59.417,1383,18,0
2025-11-20 02:00:00+00:00,59.413,59.514,59.291,59.296,1091,18,0
2025-11-20 03:00:00+00:00,59.301,59.429,59.301,59.368,906,18,0
2025-11-20 04:00:00+00:00,59.367,59.434,59.302,59.391,492,18,0
2025-11-20 05:00:00+00:00,59.39,59.475,59.333,59.34,720,18,0
2025-11-20 06:00:00+00:00,59.34,59.395,59.292,59.337,1069,18,0
2025-11-20 07:00:00+00:00,59.333,59.584,59.208,59.323,1722,18,0
2025-11-20 08:00:00+00:00,59.327,59.657,59.326,59.594,2503,18,0
2025-11-20 09:00:00+00:00,59.592,59.724,59.492,59.631,2677,18,0
2025-11-20 10:00:00+00:00,59.63,59.904,59.614,59.773,2271,18,0
2025-11-20 11:00:00+00:00,59.771,59.811,59.615,59.704,1654,18,0
2025-11-20 12:00:00+00:00,59.71,59.9,59.71,59.831,1570,18,0
2025-11-20 13:00:00+00:00,59.832,59.898,59.5,59.572,2726,18,0
2025-11-20 14:00:00+00:00,59.567,59.814,59.483,59.67,3763,18,0
2025-11-20 15:00:00+00:00,59.676,60.034,59.577,59.87,3216,18,0
2025-11-20 16:00:00+00:00,59.865,59.873,58.864,58.891,7108,18,0
2025-11-20 17:00:00+00:00,58.886,59.03,58.539,59.013,5922,18,0
2025-11-20 18:00:00+00:00,59.015,59.185,58.813,58.884,3765,18,0
2025-11-20 19:00:00+00:00,58.885,59.006,58.725,58.95,2939,18,0
2025-11-20 20:00:00+00:00,58.948,58.954,58.592,58.657,1835,18,0
2025-11-20 21:00:00+00:00,58.659,58.729,58.644,58.699,499,18,0
2025-11-20 23:00:00+00:00,58.602,58.604,58.399,58.406,511,18,0
2025-11-21 00:00:00+00:00,58.409,58.531,58.397,58.517,436,18,0
2025-11-21 01:00:00+00:00,58.517,58.578,58.27,58.289,1743,18,0
2025-11-21 02:00:00+00:00,58.289,58.295,58.131,58.193,1242,18,0
2025-11-21 03:00:00+00:00,58.192,58.215,58.075,58.093,1058,18,0
2025-11-21 04:00:00+00:00,58.09,58.103,57.954,57.992,697,18,0
2025-11-21 05:00:00+00:00,57.994,58.288,57.99,58.225,1278,18,0
2025-11-21 06:00:00+00:00,58.226,58.341,58.163,58.188,1289,18,0
2025-11-21 07:00:00+00:00,58.182,58.182,57.734,57.734,2652,18,0
2025-11-21 08:00:00+00:00,57.74,58.154,57.693,58.099,3836,18,0
2025-11-21 09:00:00+00:00,58.095,58.228,57.673,57.679,2932,18,0
2025-11-21 10:00:00+00:00,57.678,57.678,57.367,57.418,2990,18,0
2025-11-21 11:00:00+00:00,57.419,57.906,57.419,57.829,2457,18,0
2025-11-21 12:00:00+00:00,57.826,58.536,57.646,58.418,5358,18,0
2025-11-21 13:00:00+00:00,58.418,58.503,58.167,58.222,3036,18,0
2025-11-21 14:00:00+00:00,58.22,58.22,57.318,57.406,5490,18,0
2025-11-21 15:00:00+00:00,57.41,57.874,57.34,57.551,7437,18,0
2025-11-21 16:00:00+00:00,57.548,57.819,57.385,57.75,5264,18,0
2025-11-21 17:00:00+00:00,57.753,57.938,57.662,57.778,2847,18,0
2025-11-21 18:00:00+00:00,57.777,57.92,57.644,57.786,2630,18,0
2025-11-21 19:00:00+00:00,57.785,58.119,57.765,57.817,2152,18,0
2025-11-21 20:00:00+00:00,57.82,57.995,57.788,57.887,1455,18,0
2025-11-21 21:00:00+00:00,57.882,57.933,57.858,57.932,414,18,0
2025-11-23 23:00:00+00:00,57.755,57.806,57.57,57.689,978,18,0
2025-11-24 00:00:00+00:00,57.69,57.776,57.657,57.768,499,18,0
2025-11-24 01:00:00+00:00,57.771,57.969,57.759,57.897,1563,18,0
2025-11-24 02:00:00+00:00,57.894,57.955,57.825,57.87,952,18,0
2025-11-24 03:00:00+00:00,57.874,57.997,57.863,57.997,573,18,0
2025-11-24 04:00:00+00:00,57.995,58.057,57.953,57.977,557,18,0
2025-11-24 05:00:00+00:00,57.977,58.039,57.942,58.017,761,18,0
2025-11-24 06:00:00+00:00,58.018,58.174,58.017,58.136,983,18,0
2025-11-24 07:00:00+00:00,58.14,58.191,57.731,57.767,1671,18,0
2025-11-24 08:00:00+00:00,57.77,57.781,57.632,57.688,2570,18,0
2025-11-24 09:00:00+00:00,57.686,57.751,57.358,57.404,2541,18,0
2025-11-24 10:00:00+00:00,57.408,57.732,57.405,57.628,2430,18,0
2025-11-24 11:00:00+00:00,57.628,57.924,57.611,57.87,1832,18,0
2025-11-24 12:00:00+00:00,57.871,58.14,57.792,58.097,1868,18,0
2025-11-24 13:00:00+00:00,58.098,58.166,57.948,58.113,2001,18,0
2025-11-24 14:00:00+00:00,58.108,58.113,57.522,58.011,5218,18,0
2025-11-24 15:00:00+00:00,58.016,58.123,57.841,58.096,3845,18,0
2025-11-24 16:00:00+00:00,58.102,58.469,58.081,58.433,2874,18,0
2025-11-24 17:00:00+00:00,58.429,58.525,58.341,58.49,1868,18,0
2025-11-24 18:00:00+00:00,58.485,58.823,58.461,58.771,1519,18,0
2025-11-24 19:00:00+00:00,58.771,58.864,58.688,58.727,1679,18,0
2025-11-24 20:00:00+00:00,58.728,58.977,58.726,58.872,969,18,0
2025-11-24 21:00:00+00:00,58.876,58.903,58.819,58.849,436,18,0
2025-11-24 23:00:00+00:00,58.829,58.838,58.774,58.779,247,18,0
2025-11-25 00:00:00+00:00,58.78,58.798,58.717,58.761,375,18,0
2025-11-25 01:00:00+00:00,58.762,58.78,58.592,58.642,1340,18,0
2025-11-25 02:00:00+00:00,58.643,58.724,58.595,58.651,745,18,0
2025-11-25 03:00:00+00:00,58.655,58.674,58.493,58.502,614,18,0
2025-11-25 04:00:00+00:00,58.504,58.53,58.445,58.52,389,18,0
2025-11-25 05:00:00+00:00,58.521,58.59,58.457,58.503,637,18,0
2025-11-25 06:00:00+00:00,58.504,58.528,58.356,58.443,971,18,0
2025-11-25 07:00:00+00:00,58.444,58.504,58.371,58.5,1265,18,0
2025-11-25 08:00:00+00:00,58.494,58.584,58.211,58.25,2286,18,0
2025-11-25 09:00:00+00:00,58.244,58.576,58.219,58.558,2395,18,0
2025-11-25 10:00:00+00:00,58.559,58.675,58.493,58.556,2081,18,0
2025-11-25 11:00:00+00:00,58.551,58.701,58.343,58.515,1528,18,0
2025-11-25 12:00:00+00:00,58.51,58.58,57.244,57.608,6366,18,0
2025-11-25 13:00:00+00:00,57.613,58.097,57.513,57.633,4904,18,0
2025-11-25 14:00:00+00:00,57.633,57.694,57.142,57.252,4746,18,0
2025-11-25 15:00:00+00:00,57.256,57.407,57.026,57.155,4347,18,0
2025-11-25 16:00:00+00:00,57.157,57.573,57.135,57.533,4107,18,0
2025-11-25 17:00:00+00:00,57.533,57.833,57.525,57.641,2590,18,0
2025-11-25 18:00:00+00:00,57.64,57.906,57.629,57.73,1958,18,0
2025-11-25 19:00:00+00:00,57.729,57.948,57.598,57.754,2411,18,0
2025-11-25 20:00:00+00:00,57.753,58.068,57.751,57.874,1149,18,0
2025-11-25 21:00:00+00:00,57.873,58.025,57.827,58.025,417,18,0
2025-11-25 23:00:00+00:00,57.964,57.994,57.957,57.981,172,18,0
2025-11-26 00:00:00+00:00,57.976,58.034,57.897,57.998,285,18,0
2025-11-26 01:00:00+00:00,57.995,58.056,57.913,57.988,1163,18,0
2025-11-26 02:00:00+00:00,57.988,58.159,57.913,58.082,859,18,0
2025-11-26 03:00:00+00:00,58.077,58.117,58.032,58.083,523,18,0
2025-11-26 04:00:00+00:00,58.083,58.12,58.067,58.073,346,18,0
2025-11-26 05:00:00+00:00,58.074,58.128,58.027,58.069,554,18,0
2025-11-26 06:00:00+00:00,58.067,58.136,57.987,58.008,996,18,0
2025-11-26 07:00:00+00:00,58.011,58.208,57.754,57.779,1550,18,0
2025-11-26 08:00:00+00:00,57.785,57.97,57.594,57.888,2754,18,0
2025-11-26 09:00:00+00:00,57.883,57.998,57.765,57.867,2626,18,0
2025-11-26 10:00:00+00:00,57.869,57.894,57.585,57.843,2093,18,0
2025-11-26 11:00:00+00:00,57.846,58.117,57.763,57.849,1980,18,0
2025-11-26 12:00:00+00:00,57.852,57.931,57.642,57.71,2191,18,0
2025-11-26 13:00:00+00:00,57.711,57.954,57.703,57.887,2059,18,0
2025-11-26 14:00:00+00:00,57.882,57.954,57.67,57.8,2958,18,0
2025-11-26 15:00:00+00:00,57.804,57.992,57.772,57.898,2862,18,0
2025-11-26 16:00:00+00:00,57.904,58.271,57.761,58.249,2998,18,0
2025-11-26 17:00:00+00:00,58.253,58.338,57.936,57.972,2555,18,0
2025-11-26 18:00:00+00:00,57.973,58.24,57.864,58.228,2165,18,0
2025-11-26 19:00:00+00:00,58.232,58.593,58.218,58.516,2049,18,0
2025-11-26 20:00:00+00:00,58.515,58.633,58.478,58.483,885,18,0
2025-11-26 21:00:00+00:00,58.482,58.558,58.447,58.484,382,18,0
2025-11-26 23:00:00+00:00,58.365,58.433,58.351,58.384,124,18,0
2025-11-27 00:00:00+00:00,58.382,58.44,58.363,58.435,146,18,0
2025-11-27 01:00:00+00:00,58.44,58.452,58.207,58.241,650,18,0
2025-11-27 02:00:00+00:00,58.246,58.365,58.246,58.283,366,18,0
2025-11-27 03:00:00+00:00,58.283,58.322,58.19,58.253,389,18,0
2025-11-27 04:00:00+00:00,58.251,58.282,58.212,58.213,218,18,0
2025-11-27 05:00:00+00:00,58.217,58.293,58.217,58.279,262,18,0
2025-11-27 06:00:00+00:00,58.281,58.355,58.245,58.335,330,18,0
2025-11-27 07:00:00+00:00,58.339,58.552,58.339,58.52,711,18,0
2025-11-27 08:00:00+00:00,58.523,58.69,58.477,58.633,1475,18,0
2025-11-27 09:00:00+00:00,58.633,58.691,58.531,58.682,1204,18,0
2025-11-27 10:00:00+00:00,58.681,58.765,58.548,58.752,1208,18,0
2025-11-27 11:00:00+00:00,58.747,58.857,58.675,58.728,978,18,0
2025-11-27 12:00:00+00:00,58.726,58.85,58.709,58.763,874,18,0
2025-11-27 13:00:00+00:00,58.764,58.84,58.425,58.592,2334,18,0
2025-11-27 14:00:00+00:00,58.591,58.871,58.567,58.69,1734,18,0
2025-11-27 15:00:00+00:00,58.689,58.804,58.675,58.782,990,18,0
2025-11-27 16:00:00+00:00,58.777,58.894,58.683,58.756,1564,18,0
2025-11-27 17:00:00+00:00,58.76,58.974,58.712,58.961,894,18,0
2025-11-27 18:00:00+00:00,58.955,59.043,58.937,59.007,271,18,0
2025-11-27 23:00:00+00:00,58.827,58.89,58.815,58.883,160,18,0
2025-11-28 00:00:00+00:00,58.88,58.899,58.807,58.879,162,18,0
2025-11-28 01:00:00+00:00,58.877,58.95,58.782,58.844,388,18,0
2025-11-28 02:00:00+00:00,58.842,58.955,58.831,58.955,317,18,0
2025-11-28 13:00:00+00:00,58.844,58.844,58.695,58.71,25,18,0
2025-11-28 14:00:00+00:00,58.716,59.123,58.687,59.096,994,18,0
2025-11-28 15:00:00+00:00,59.098,59.185,58.954,59.033,1310,18,0
2025-11-28 16:00:00+00:00,59.036,59.496,58.967,59.422,1782,18,0
2025-11-28 17:00:00+00:00,59.424,59.443,59.088,59.304,1674,18,0
2025-11-28 18:00:00+00:00,59.309,59.43,59.309,59.426,572,18,0
2025-11-30 23:00:00+00:00,59.084,59.46,59.009,59.255,1050,18,0
2025-12-01 00:00:00+00:00,59.258,59.295,58.929,59.033,864,18,0
2025-12-01 01:00:00+00:00,59.03,59.212,58.935,59.204,1102,18,0
2025-12-01 02:00:00+00:00,59.209,59.339,59.16,59.322,526,18,0
2025-12-01 03:00:00+00:00,59.327,59.438,59.294,59.407,482,18,0
2025-12-01 04:00:00+00:00,59.404,59.521,59.38,59.478,305,18,0
2025-12-01 05:00:00+00:00,59.463,59.67,59.46,59.646,421,18,0
2025-12-01 06:00:00+00:00,59.644,59.822,59.491,59.502,667,18,0
2025-12-01 07:00:00+00:00,59.501,59.661,59.43,59.509,935,18,0
2025-12-01 08:00:00+00:00,59.506,59.744,59.407,59.597,2104,18,0
2025-12-01 09:00:00+00:00,59.598,59.702,59.462,59.603,1840,18,0
2025-12-01 10:00:00+00:00,59.598,59.635,59.257,59.305,1366,18,0
2025-12-01 11:00:00+00:00,59.304,59.312,58.973,59.174,1450,18,0
2025-12-01 12:00:00+00:00,59.179,59.203,58.93,59.005,1388,18,0
2025-12-01 13:00:00+00:00,59.008,59.058,58.709,58.813,1969,18,0
2025-12-01 14:00:00+00:00,58.814,59.422,58.764,59.321,3730,18,0
2025-12-01 15:00:00+00:00,59.317,59.488,59.183,59.31,2924,18,0
2025-12-01 16:00:00+00:00,59.305,59.305,58.996,59.045,3165,18,0
2025-12-01 17:00:00+00:00,59.048,59.299,59.035,59.099,1840,18,0
2025-12-01 18:00:00+00:00,59.101,59.36,59.073,59.251,1423,18,0
2025-12-01 19:00:00+00:00,59.252,59.315,59.139,59.277,1663,18,0
2025-12-01 20:00:00+00:00,59.28,59.442,59.273,59.306,814,18,0
2025-12-01 21:00:00+00:00,59.301,59.481,59.295,59.336,411,18,0
2025-12-01 23:00:00+00:00,59.388,59.509,59.338,59.445,360,18,0
2025-12-02 00:00:00+00:00,59.443,59.465,59.366,59.37,230,18,0
2025-12-02 01:00:00+00:00,59.367,59.39,59.212,59.212,833,18,0
2025-12-02 02:00:00+00:00,59.209,59.301,59.182,59.259,536,18,0
2025-12-02 03:00:00+00:00,59.256,59.269,59.184,59.256,425,18,0
2025-12-02 04:00:00+00:00,59.255,59.296,59.221,59.238,353,18,0
2025-12-02 05:00:00+00:00,59.239,59.295,59.21,59.25,433,18,0
2025-12-02 06:00:00+00:00,59.254,59.341,59.225,59.305,680,18,0
2025-12-02 07:00:00+00:00,59.308,59.394,59.113,59.133,1408,18,0
2025-12-02 08:00:00+00:00,59.132,59.355,59.006,59.034,2479,18,0
2025-12-02 09:00:00+00:00,59.039,59.249,58.943,59.069,1841,18,0
2025-12-02 10:00:00+00:00,59.069,59.28,59.017,59.193,1656,18,0
2025-12-02 11:00:00+00:00,59.193,59.241,58.923,58.963,1574,18,0
2025-12-02 12:00:00+00:00,58.962,59.091,58.945,59.063,1270,18,0
2025-12-02 13:00:00+00:00,59.063,59.129,58.718,58.798,2178,18,0
2025-12-02 14:00:00+00:00,58.794,58.967,58.157,58.355,4245,18,0
2025-12-02 15:00:00+00:00,58.35,59.243,58.33,59.079,6014,18,0
2025-12-02 16:00:00+00:00,59.081,59.168,58.654,58.693,3763,18,0
2025-12-02 17:00:00+00:00,58.696,58.886,58.693,58.76,2114,18,0
2025-12-02 18:00:00+00:00,58.757,59.014,58.691,58.854,1958,18,0
2025-12-02 19:00:00+00:00,58.848,58.879,58.357,58.481,2460,18,0
2025-12-02 20:00:00+00:00,58.482,58.537,58.433,58.509,974,18,0
2025-12-02 21:00:00+00:00,58.512,58.521,58.349,58.449,397,18,0
2025-12-02 23:00:00+00:00,58.508,58.561,58.462,58.494,317,18,0
2025-12-03 00:00:00+00:00,58.493,58.534,58.443,58.465,302,18,0
2025-12-03 01:00:00+00:00,58.461,58.578,58.382,58.382,982,18,0
2025-12-03 02:00:00+00:00,58.382,58.409,58.225,58.403,860,18,0
2025-12-03 03:00:00+00:00,58.398,58.536,58.393,58.516,558,18,0
2025-12-03 04:00:00+00:00,58.515,58.56,58.483,58.545,259,18,0
2025-12-03 05:00:00+00:00,58.544,58.593,58.498,58.503,575,18,0
2025-12-03 06:00:00+00:00,58.503,58.69,58.468,58.658,980,18,0
2025-12-03 07:00:00+00:00,58.658,58.819,58.654,58.763,1065,18,0
2025-12-03 08:00:00+00:00,58.768,58.958,58.715,58.904,2010,18,0
2025-12-03 09:00:00+00:00,58.91,59.306,58.882,59.294,2148,18,0
2025-12-03 10:00:00+00:00,59.295,59.433,59.211,59.337,1681,18,0
2025-12-03 11:00:00+00:00,59.337,59.345,59.231,59.261,1155,18,0
2025-12-03 12:00:00+00:00,59.262,59.288,59.139,59.233,1411,18,0
2025-12-03 13:00:00+00:00,59.232,59.314,58.899,59.201,2479,18,0
2025-12-03 14:00:00+00:00,59.197,59.197,58.827,59.043,3568,18,0
2025-12-03 15:00:00+00:00,59.039,59.357,58.949,59.345,3083,18,0
2025-12-03 16:00:00+00:00,59.337,59.449,58.701,58.796,3561,18,0
2025-12-03 17:00:00+00:00,58.791,59.278,58.771,59.068,2282,18,0
2025-12-03 18:00:00+00:00,59.063,59.157,58.903,58.941,1790,18,0
2025-12-03 19:00:00+00:00,58.945,58.962,58.67,58.803,1683,18,0
2025-12-03 20:00:00+00:00,58.804,58.943,58.775,58.918,655,18,0
2025-12-03 21:00:00+00:00,58.917,58.958,58.911,58.922,275,18,0
2025-12-03 23:00:00+00:00,58.868,58.869,58.794,58.825,240,18,0
2025-12-04 00:00:00+00:00,58.828,58.874,58.799,58.854,239,18,0
2025-12-04 01:00:00+00:00,58.853,58.999,58.839,58.922,638,18,0
2025-12-04 02:00:00+00:00,58.921,59.082,58.851,59.055,597,18,0
2025-12-04 03:00:00+00:00,59.056,59.092,59.007,59.067,410,18,0
2025-12-04 04:00:00+00:00,59.068,59.095,59.017,59.089,259,18,0
2025-12-04 05:00:00+00:00,59.09,59.159,58.989,59.023,529,18,0
2025-12-04 06:00:00+00:00,59.025,59.242,59.023,59.202,774,18,0
2025-12-04 07:00:00+00:00,59.2,59.206,59.108,59.149,871,18,0
2025-12-04 08:00:00+00:00,59.147,59.213,58.903,59.168,2119,18,0
2025-12-04 09:00:00+00:00,59.171,59.197,58.904,59.024,1707,18,0
2025-12-04 10:00:00+00:00,59.028,59.137,58.922,59.115,1419,18,0
2025-12-04 11:00:00+00:00,59.116,59.211,58.986,59.043,1334,18,0
2025-12-04 12:00:00+00:00,59.041,59.179,59.012,59.138,1352,18,0
2025-12-04 13:00:00+00:00,59.135,59.296,59.105,59.192,1704,18,0
2025-12-04 14:00:00+00:00,59.187,59.187,58.635,58.71,3683,18,0
2025-12-04 15:00:00+00:00,58.713,59.43,58.69,59.261,3407,18,0
2025-12-04 16:00:00+00:00,59.256,59.798,59.218,59.643,3334,18,0
2025-12-04 17:00:00+00:00,59.638,59.704,59.489,59.574,1975,18,0
2025-12-04 18:00:00+00:00,59.572,59.732,59.561,59.633,1274,18,0
2025-12-04 19:00:00+00:00,59.638,59.662,59.389,59.482,1884,18,0
2025-12-04 20:00:00+00:00,59.48,59.525,59.407,59.475,797,18,0
2025-12-04 21:00:00+00:00,59.479,59.573,59.476,59.525,335,18,0
2025-12-04 23:00:00+00:00,59.385,59.484,59.385,59.471,266,18,0
2025-12-05 00:00:00+00:00,59.466,59.466,59.402,59.402,206,18,0
2025-12-05 01:00:00+00:00,59.402,59.465,59.354,59.371,781,18,0
2025-12-05 02:00:00+00:00,59.369,59.391,59.226,59.255,591,18,0
2025-12-05 03:00:00+00:00,59.256,59.303,59.201,59.269,433,18,0
2025-12-05 04:00:00+00:00,59.269,59.299,59.218,59.229,210,18,0
2025-12-05 05:00:00+00:00,59.23,59.356,59.23,59.349,422,18,0
2025-12-05 06:00:00+00:00,59.348,59.382,59.267,59.353,599,18,0
2025-12-05 07:00:00+00:00,59.353,59.42,59.244,59.326,1121,18,0
2025-12-05 08:00:00+00:00,59.325,59.485,59.242,59.398,1727,18,0
2025-12-05 09:00:00+00:00,59.398,59.548,59.268,59.46,1438,18,0
2025-12-05 10:00:00+00:00,59.461,59.461,59.228,59.333,1294,18,0
2025-12-05 11:00:00+00:00,59.336,59.401,59.245,59.318,1041,18,0
2025-12-05 12:00:00+00:00,59.315,59.361,59.205,59.341,1203,18,0
2025-12-05 13:00:00+00:00,59.342,59.525,59.257,59.38,1830,18,0
2025-12-05 14:00:00+00:00,59.376,59.854,59.254,59.748,3176,18,0
2025-12-05 15:00:00+00:00,59.748,60.238,59.748,60.049,3498,18,0
2025-12-05 16:00:00+00:00,60.05,60.114,59.657,59.702,3247,18,0
2025-12-05 17:00:00+00:00,59.697,60.116,59.68,60.036,1795,18,0
2025-12-05 18:00:00+00:00,60.038,60.059,59.848,59.853,1372,18,0
2025-12-05 19:00:00+00:00,59.848,59.919,59.784,59.902,1544,18,0
2025-12-05 20:00:00+00:00,59.903,59.964,59.838,59.897,775,18,0
2025-12-05 21:00:00+00:00,59.899,59.986,59.893,59.964,295,18,0
2025-12-07 23:00:00+00:00,59.973,60.073,59.843,60.013,630,18,0
2025-12-08 00:00:00+00:00,60.01,60.01,59.836,59.838,435,18,0
2025-12-08 01:00:00+00:00,59.835,59.94,59.756,59.863,989,18,0
2025-12-08 02:00:00+00:00,59.864,59.975,59.807,59.952,572,18,0
2025-12-08 03:00:00+00:00,59.952,60.006,59.916,59.962,530,18,0
2025-12-08 04:00:00+00:00,59.964,60.01,59.948,59.983,230,18,0
2025-12-08 05:00:00+00:00,59.985,60.05,59.872,59.983,555,18,0
2025-12-08 06:00:00+00:00,59.981,60.041,59.947,59.998,702,18,0
2025-12-08 07:00:00+00:00,59.998,60.059,59.929,59.985,895,18,0
2025-12-08 08:00:00+00:00,59.989,60.094,59.692,59.704,2068,18,0
2025-12-08 09:00:00+00:00,59.707,59.754,59.292,59.41,1978,18,0
2025-12-08 10:00:00+00:00,59.409,59.441,59.25,59.307,1520,18,0
2025-12-08 11:00:00+00:00,59.31,59.4,59.162,59.253,1315,18,0
2025-12-08 12:00:00+00:00,59.247,59.262,58.988,59.033,1261,18,0
2025-12-08 13:00:00+00:00,59.034,59.418,58.995,59.27,2405,18,0
2025-12-08 14:00:00+00:00,59.266,59.325,58.901,59.12,3863,18,0
2025-12-08 15:00:00+00:00,59.119,59.259,58.951,59.109,2834,18,0
2025-12-08 16:00:00+00:00,59.105,59.105,58.839,59.073,2833,18,0
2025-12-08 17:00:00+00:00,59.076,59.076,58.814,58.893,1647,18,0
2025-12-08 18:00:00+00:00,58.891,58.915,58.502,58.606,1779,18,0
2025-12-08 19:00:00+00:00,58.612,58.718,58.536,58.63,1653,18,0
2025-12-08 20:00:00+00:00,58.634,58.683,58.597,58.683,613,18,0
2025-12-08 21:00:00+00:00,58.683,58.698,58.622,58.668,359,18,0
2025-12-08 23:00:00+00:00,58.673,58.682,58.639,58.682,176,18,0
2025-12-09 00:00:00+00:00,58.69,58.719,58.66,58.694,156,18,0
2025-12-09 01:00:00+00:00,58.693,58.709,58.553,58.595,701,18,0
2025-12-09 02:00:00+00:00,58.597,58.65,58.547,58.567,493,18,0
2025-12-09 03:00:00+00:00,58.565,58.581,58.514,58.57,408,18,0
2025-12-09 04:00:00+00:00,58.57,58.593,58.472,58.52,225,18,0
2025-12-09 05:00:00+00:00,58.522,58.527,58.405,58.507,441,18,0
2025-12-09 06:00:00+00:00,58.503,58.556,58.414,58.544,748,18,0
2025-12-09 07:00:00+00:00,58.546,58.687,58.502,58.606,940,18,0
2025-12-09 08:00:00+00:00,58.605,58.705,58.49,58.507,1761,18,0
2025-12-09 09:00:00+00:00,58.515,58.612,58.456,58.6,1358,18,0
2025-12-09 10:00:00+00:00,58.604,58.941,58.604,58.836,1536,18,0
2025-12-09 11:00:00+00:00,58.83,58.948,58.757,58.931,1046,18,0
2025-12-09 12:00:00+00:00,58.943,58.982,58.784,58.828,1112,18,0
2025-12-09 13:00:00+00:00,58.824,58.844,58.496,58.633,1609,18,0
2025-12-09 14:00:00+00:00,58.638,58.707,58.35,58.35,2433,18,0
2025-12-09 15:00:00+00:00,58.352,58.48,58.014,58.125,2905,18,0
2025-12-09 16:00:00+00:00,58.127,58.243,57.998,58.092,2333,18,0
2025-12-09 17:00:00+00:00,58.098,58.149,58.036,58.04,1305,18,0
2025-12-09 18:00:00+00:00,58.045,58.179,58.011,58.057,1086,18,0
2025-12-09 19:00:00+00:00,58.06,58.302,58.034,58.254,1253,18,0
2025-12-09 20:00:00+00:00,58.257,58.281,58.18,58.194,598,18,0
2025-12-09 21:00:00+00:00,58.197,58.28,58.177,58.269,383,18,0
2025-12-09 23:00:00+00:00,58.244,58.297,58.184,58.202,217,18,0
2025-12-10 00:00:00+00:00,58.201,58.275,58.197,58.224,163,18,0
2025-12-10 01:00:00+00:00,58.223,58.289,58.179,58.257,572,18,0
2025-12-10 02:00:00+00:00,58.261,58.302,58.189,58.214,365,18,0
2025-12-10 03:00:00+00:00,58.214,58.226,58.136,58.21,369,18,0
2025-12-10 04:00:00+00:00,58.21,58.239,58.154,58.177,203,18,0
2025-12-10 05:00:00+00:00,58.176,58.266,58.158,58.236,334,18,0
2025-12-10 06:00:00+00:00,58.237,58.339,58.211,58.281,525,18,0
2025-12-10 07:00:00+00:00,58.278,58.298,58.104,58.167,812,18,0
2025-12-10 08:00:00+00:00,58.167,58.289,58.037,58.121,1900,18,0
2025-12-10 09:00:00+00:00,58.12,58.338,57.949,58.117,1659,18,0
2025-12-10 10:00:00+00:00,58.114,58.469,58.113,58.433,1698,18,0
2025-12-10 11:00:00+00:00,58.43,58.509,58.362,58.397,1212,18,0
2025-12-10 12:00:00+00:00,58.401,58.516,58.342,58.355,1293,18,0
2025-12-10 13:00:00+00:00,58.357,58.369,58.117,58.186,1719,18,0
2025-12-10 14:00:00+00:00,58.184,58.185,57.642,57.762,3041,18,0
2025-12-10 15:00:00+00:00,57.756,57.849,57.587,57.635,2485,18,0
2025-12-10 16:00:00+00:00,57.632,57.987,57.537,57.972,2162,18,0
2025-12-10 17:00:00+00:00,57.967,58.027,57.873,57.944,1515,18,0
2025-12-10 18:00:00+00:00,57.944,58.408,57.92,58.202,2193,18,0
2025-12-10 19:00:00+00:00,58.209,58.622,58.161,58.599,2932,18,0
2025-12-10 20:00:00+00:00,58.601,58.865,58.584,58.761,1584,18,0
2025-12-10 21:00:00+00:00,58.756,58.838,58.754,58.784,410,18,0
2025-12-10 23:00:00+00:00,58.723,58.782,58.558,58.561,370,18,0
2025-12-11 00:00:00+00:00,58.564,58.664,58.563,58.612,179,18,0
2025-12-11 01:00:00+00:00,58.61,58.754,58.551,58.653,977,18,0
2025-12-11 02:00:00+00:00,58.657,58.685,58.506,58.516,591,18,0
2025-12-11 03:00:00+00:00,58.519,58.533,58.252,58.282,904,18,0
2025-12-11 04:00:00+00:00,58.278,58.317,58.218,58.241,384,18,0
2025-12-11 05:00:00+00:00,58.243,58.277,58.091,58.117,535,18,0
2025-12-11 06:00:00+00:00,58.114,58.114,57.924,57.958,901,18,0
2025-12-11 07:00:00+00:00,57.957,58.011,57.83,57.908,1092,18,0
2025-12-11 08:00:00+00:00,57.902,57.926,57.497,57.599,2168,18,0
2025-12-11 09:00:00+00:00,57.6,57.657,57.497,57.548,1844,18,0
2025-12-11 10:00:00+00:00,57.544,57.568,57.36,57.417,1683,18,0
2025-12-11 11:00:00+00:00,57.421,57.623,57.374,57.583,1338,18,0
2025-12-11 12:00:00+00:00,57.579,57.718,57.573,57.624,1473,18,0
2025-12-11 13:00:00+00:00,57.622,57.7,57.411,57.455,1836,18,0
2025-12-11 14:00:00+00:00,57.446,57.462,57.039,57.17,3344,18,0
2025-12-11 15:00:00+00:00,57.177,57.353,57.12,57.274,2677,18,0
2025-12-11 16:00:00+00:00,57.284,57.345,56.866,57.091,4076,18,0
2025-12-11 17:00:00+00:00,57.082,57.271,57.077,57.176,1587,18,0
2025-12-11 18:00:00+00:00,57.172,57.381,57.114,57.28,1664,18,0
2025-12-11 19:00:00+00:00,57.281,57.688,57.264,57.635,1739,18,0
2025-12-11 20:00:00+00:00,57.64,57.665,57.526,57.664,737,18,0
2025-12-11 21:00:00+00:00,57.662,57.796,57.655,57.754,429,18,0
2025-12-11 23:00:00+00:00,57.797,57.915,57.714,57.726,412,18,0
2025-12-12 00:00:00+00:00,57.729,57.809,57.726,57.749,266,18,0
2025-12-12 01:00:00+00:00,57.749,57.854,57.724,57.811,755,18,0
2025-12-12 02:00:00+00:00,57.81,57.894,57.81,57.851,516,18,0
2025-12-12 03:00:00+00:00,57.851,58.018,57.808,57.842,651,18,0
2025-12-12 04:00:00+00:00,57.838,57.889,57.802,57.855,201,18,0
2025-12-12 05:00:00+00:00,57.857,57.975,57.846,57.922,417,18,0
2025-12-12 06:00:00+00:00,57.926,57.947,57.732,57.757,699,18,0
2025-12-12 07:00:00+00:00,57.753,57.839,57.669,57.791,885,18,0
2025-12-12 08:00:00+00:00,57.791,57.959,57.687,57.937,1749,18,0
2025-12-12 09:00:00+00:00,57.939,57.96,57.403,57.436,1765,18,0
2025-12-12 10:00:00+00:00,57.441,57.469,57.232,57.41,1519,18,0
2025-12-12 11:00:00+00:00,57.407,57.418,57.19,57.319,1277,18,0
2025-12-12 12:00:00+00:00,57.318,57.497,57.286,57.407,1364,18,0
2025-12-12 13:00:00+00:00,57.406,57.506,57.268,57.437,1845,18,0
2025-12-12 14:00:00+00:00,57.444,57.458,57.132,57.396,2974,18,0
2025-12-12 15:00:00+00:00,57.4,57.4,56.97,57.031,2942,18,0
2025-12-12 16:00:00+00:00,57.03,57.512,56.998,57.463,3377,18,0
2025-12-12 17:00:00+00:00,57.461,57.527,57.373,57.439,1827,18,0
2025-12-12 18:00:00+00:00,57.44,57.479,57.292,57.307,1618,18,0
2025-12-12 19:00:00+00:00,57.309,57.418,57.217,57.222,1470,18,0
2025-12-12 20:00:00+00:00,57.223,57.324,57.155,57.283,918,18,0
2025-12-12 21:00:00+00:00,57.282,57.335,57.266,57.32,315,18,0
2025-12-14 23:00:00+00:00,57.207,57.469,57.205,57.411,678,18,0
2025-12-15 00:00:00+00:00,57.414,57.512,57.36,57.485,351,18,0
2025-12-15 01:00:00+00:00,57.481,57.527,57.429,57.482,664,18,0
2025-12-15 02:00:00+00:00,57.481,57.612,57.478,57.518,482,18,0
2025-12-15 03:00:00+00:00,57.514,57.573,57.505,57.522,321,18,0
2025-12-15 04:00:00+00:00,57.523,57.571,57.523,57.549,211,18,0
2025-12-15 05:00:00+00:00,57.548,57.558,57.487,57.487,288,18,0
2025-12-15 06:00:00+00:00,57.487,57.598,57.465,57.523,494,18,0
2025-12-15 07:00:00+00:00,57.523,57.583,57.439,57.454,733,18,0
2025-12-15 08:00:00+00:00,57.458,57.518,57.288,57.38,1723,18,0
2025-12-15 09:00:00+00:00,57.381,57.535,57.243,57.364,1614,18,0
2025-12-15 10:00:00+00:00,57.365,57.411,57.091,57.128,1550,18,0
2025-12-15 11:00:00+00:00,57.132,57.243,56.88,56.966,1346,18,0
2025-12-15 12:00:00+00:00,56.955,57.027,56.911,57.01,1105,18,0
2025-12-15 13:00:00+00:00,57.006,57.214,56.784,56.902,2067,18,0
2025-12-15 14:00:00+00:00,56.908,57.019,56.672,56.761,2872,18,0
2025-12-15 15:00:00+00:00,56.759,56.873,56.54,56.631,2918,18,0
2025-12-15 16:00:00+00:00,56.636,56.658,56.233,56.43,3634,18,0
2025-12-15 17:00:00+00:00,56.425,56.57,56.348,56.476,1848,18,0
2025-12-15 18:00:00+00:00,56.472,56.475,56.258,56.366,1530,18,0
2025-12-15 19:00:00+00:00,56.363,56.726,56.363,56.595,2049,18,0
2025-12-15 20:00:00+00:00,56.593,56.609,56.464,56.503,738,18,0
2025-12-15 21:00:00+00:00,56.5,56.559,56.418,56.532,450,18,0
2025-12-15 23:00:00+00:00,56.501,56.519,56.413,56.492,259,18,0
2025-12-16 00:00:00+00:00,56.49,56.531,56.474,56.51,187,18,0
2025-12-16 01:00:00+00:00,56.513,56.52,56.322,56.329,1014,18,0
2025-12-16 02:00:00+00:00,56.331,56.428,56.268,56.342,504,18,0
2025-12-16 03:00:00+00:00,56.331,56.363,56.314,56.326,140,18,0
2025-12-16 04:00:00+00:00,56.325,56.375,56.308,56.342,238,18,0
2025-12-16 05:00:00+00:00,56.341,56.365,56.175,56.198,503,18,0
2025-12-16 06:00:00+00:00,56.203,56.404,56.202,56.392,565,18,0
2025-12-16 07:00:00+00:00,56.389,56.389,56.221,56.234,958,18,0
2025-12-16 08:00:00+00:00,56.236,56.292,55.805,56.008,2167,18,0
2025-12-16 09:00:00+00:00,56.005,56.04,55.713,55.727,1832,18,0
2025-12-16 10:00:00+00:00,55.727,55.788,55.566,55.719,1601,18,0
2025-12-16 11:00:00+00:00,55.723,55.834,55.664,55.772,1205,18,0
2025-12-16 12:00:00+00:00,55.768,55.873,55.728,55.788,1281,18,0
2025-12-16 13:00:00+00:00,55.785,55.851,55.494,55.594,2247,18,0
2025-12-16 14:00:00+00:00,55.589,55.589,55.18,55.192,3021,18,0
2025-12-16 15:00:00+00:00,55.189,55.247,54.88,55.121,3148,18,0
2025-12-16 16:00:00+00:00,55.117,55.397,55.031,55.378,3115,18,0
2025-12-16 17:00:00+00:00,55.381,55.494,55.217,55.238,2041,18,0
2025-12-16 18:00:00+00:00,55.237,55.464,55.184,55.278,1682,18,0
2025-12-16 19:00:00+00:00,55.272,55.288,55.071,55.108,1731,18,0
2025-12-16 20:00:00+00:00,55.107,55.156,55.033,55.053,769,18,0
2025-12-16 21:00:00+00:00,55.051,55.071,54.961,55.062,559,18,0
2025-12-16 23:00:00+00:00,55.117,55.415,55.117,55.415,626,18,0
2025-12-17 00:00:00+00:00,55.414,55.976,55.387,55.575,1636,18,0
2025-12-17 01:00:00+00:00,55.571,55.693,55.479,55.572,1910,18,0
2025-12-17 02:00:00+00:00,55.575,55.864,55.571,55.714,1113,18,0
2025-12-17 03:00:00+00:00,55.712,55.834,55.678,55.802,914,18,0
2025-12-17 04:00:00+00:00,55.804,55.891,55.77,55.889,565,18,0
2025-12-17 05:00:00+00:00,55.887,56.065,55.873,55.951,1043,18,0
2025-12-17 06:00:00+00:00,55.948,56.044,55.799,55.918,1040,18,0
2025-12-17 07:00:00+00:00,55.917,56.066,55.85,55.857,1414,18,0
2025-12-17 08:00:00+00:00,55.858,56.159,55.729,56.147,2114,18,0
2025-12-17 09:00:00+00:00,56.137,56.504,56.024,56.366,3869,18,0
2025-12-17 10:00:00+00:00,56.363,56.559,56.351,56.423,2056,18,0
2025-12-17 11:00:00+00:00,56.424,56.457,56.229,56.264,1360,18,0
2025-12-17 12:00:00+00:00,56.247,56.363,56.051,56.086,1477,18,0
2025-12-17 13:00:00+00:00,56.085,56.232,56.026,56.193,1895,18,0
2025-12-17 14:00:00+00:00,56.194,56.202,55.571,55.851,3729,18,0
2025-12-17 15:00:00+00:00,55.855,56.173,55.738,55.885,3527,18,0
2025-12-17 16:00:00+00:00,55.887,56.179,55.841,56.047,3203,18,0
2025-12-17 17:00:00+00:00,56.043,56.09,55.873,55.976,1892,18,0
2025-12-17 18:00:00+00:00,55.967,56.072,55.843,55.869,1413,18,0
2025-12-17 19:00:00+00:00,55.862,55.971,55.751,55.964,1820,18,0
2025-12-17 20:00:00+00:00,55.958,56.606,55.948,56.513,1465,18,0
2025-12-17 21:00:00+00:00,56.517,56.793,56.517,56.723,1243,18,0
2025-12-17 23:00:00+00:00,56.757,56.815,56.704,56.704,360,18,0
2025-12-18 00:00:00+00:00,56.7,56.765,56.641,56.684,346,18,0
2025-12-18 01:00:00+00:00,56.681,56.781,56.627,56.672,956,18,0
2025-12-18 02:00:00+00:00,56.675,56.727,55.893,56.205,2142,18,0
2025-12-18 03:00:00+00:00,56.202,56.265,56.155,56.204,620,18,0
2025-12-18 04:00:00+00:00,56.204,56.238,56.096,56.17,428,18,0
2025-12-18 05:00:00+00:00,56.168,56.284,56.122,56.281,461,18,0
2025-12-18 06:00:00+00:00,56.283,56.377,56.274,56.373,557,18,0
2025-12-18 07:00:00+00:00,56.369,56.425,56.251,56.266,893,18,0
2025-12-18 08:00:00+00:00,56.277,56.339,56.085,56.106,1894,18,0
2025-12-18 09:00:00+00:00,56.108,56.214,55.871,55.983,1743,18,0
2025-12-18 10:00:00+00:00,55.982,56.063,55.79,55.802,1326,18,0
2025-12-18 11:00:00+00:00,55.807,55.985,55.709,55.759,1276,18,0
2025-12-18 12:00:00+00:00,55.753,55.981,55.715,55.904,1348,18,0
2025-12-18 13:00:00+00:00,55.906,56.216,55.899,56.031,1809,18,0
2025-12-18 14:00:00+00:00,56.028,56.377,55.89,56.362,3120,18,0
2025-12-18 15:00:00+00:00,56.362,56.415,56.119,56.218,2653,18,0
2025-12-18 16:00:00+00:00,56.207,56.491,56.11,56.233,2276,18,0
2025-12-18 17:00:00+00:00,56.234,56.407,56.137,56.168,1923,18,0
2025-12-18 18:00:00+00:00,56.171,56.249,56.033,56.095,1404,18,0
2025-12-18 19:00:00+00:00,56.101,56.127,55.782,55.806,1708,18,0
2025-12-18 20:00:00+00:00,55.804,55.915,55.804,55.867,690,18,0
2025-12-18 21:00:00+00:00,55.871,55.961,55.849,55.889,437,18,0
2025-12-18 23:00:00+00:00,55.861,55.958,55.829,55.834,197,18,0
2025-12-19 00:00:00+00:00,55.837,55.857,55.782,55.857,145,18,0
2025-12-19 01:00:00+00:00,55.854,55.921,55.72,55.79,751,18,0
2025-12-19 02:00:00+00:00,55.79,55.869,55.762,55.825,384,18,0
2025-12-19 03:00:00+00:00,55.827,55.885,55.76,55.825,438,18,0
2025-12-19 04:00:00+00:00,55.824,55.966,55.821,55.873,337,18,0
2025-12-19 05:00:00+00:00,55.874,55.886,55.772,55.792,376,18,0
2025-12-19 06:00:00+00:00,55.794,55.892,55.762,55.871,568,18,0
2025-12-19 07:00:00+00:00,55.869,55.935,55.628,55.65,920,18,0
2025-12-19 08:00:00+00:00,55.644,55.959,55.644,55.843,1936,18,0
2025-12-19 09:00:00+00:00,55.852,55.917,55.625,55.808,1780,18,0
2025-12-19 10:00:00+00:00,55.809,56.069,55.586,55.975,1901,18,0
2025-12-19 11:00:00+00:00,55.982,56.206,55.972,56.188,1596,18,0
2025-12-19 12:00:00+00:00,56.19,56.335,56.069,56.27,1298,18,0
2025-12-19 13:00:00+00:00,56.26,56.526,56.229,56.456,1689,18,0
2025-12-19 14:00:00+00:00,56.45,56.509,56.166,56.419,2708,18,0
2025-12-19 15:00:00+00:00,56.426,56.47,56.053,56.145,2507,18,0
2025-12-19 16:00:00+00:00,56.143,56.503,56.141,56.394,2269,18,0
2025-12-19 17:00:00+00:00,56.398,56.471,56.31,56.439,1309,18,0
2025-12-19 18:00:00+00:00,56.436,56.684,56.397,56.618,1618,18,0
2025-12-19 19:00:00+00:00,56.614,56.614,56.381,56.477,1795,18,0
2025-12-19 20:00:00+00:00,56.48,56.627,56.421,56.527,693,18,0
2025-12-19 21:00:00+00:00,56.533,56.561,56.442,56.52,377,18,0
2025-12-21 23:00:00+00:00,56.808,56.941,56.743,56.824,1119,18,0
2025-12-22 00:00:00+00:00,56.821,56.873,56.802,56.848,443,18,0
2025-12-22 01:00:00+00:00,56.848,56.954,56.826,56.864,888,18,0
2025-12-22 02:00:00+00:00,56.866,57.048,56.865,56.95,817,18,0
2025-12-22 03:00:00+00:00,56.953,56.995,56.87,56.933,574,18,0
2025-12-22 04:00:00+00:00,56.932,57.023,56.898,56.973,322,18,0
2025-12-22 05:00:00+00:00,56.971,57.218,56.92,57.11,951,18,0
2025-12-22 06:00:00+00:00,57.108,57.187,57.028,57.14,916,18,0
2025-12-22 07:00:00+00:00,57.138,57.21,56.998,57.043,900,18,0
2025-12-22 08:00:00+00:00,57.039,57.081,56.907,57.053,1624,18,0
2025-12-22 09:00:00+00:00,57.054,57.116,56.859,57.008,1356,18,0
2025-12-22 10:00:00+00:00,57.009,57.442,56.969,57.377,1352,18,0
2025-12-22 11:00:00+00:00,57.377,57.713,57.377,57.696,1379,18,0
2025-12-22 12:00:00+00:00,57.7,57.71,57.572,57.663,1232,18,0
2025-12-22 13:00:00+00:00,57.666,58.078,57.632,57.937,1738,18,0
2025-12-22 14:00:00+00:00,57.933,58.0,57.618,57.732,2831,18,0
2025-12-22 15:00:00+00:00,57.736,57.95,57.553,57.561,2197,18,0
2025-12-22 16:00:00+00:00,57.562,57.828,57.517,57.749,2094,18,0
2025-12-22 17:00:00+00:00,57.748,57.9,57.724,57.757,1319,18,0
2025-12-22 18:00:00+00:00,57.761,57.932,57.753,57.874,1083,18,0
2025-12-22 19:00:00+00:00,57.87,58.009,57.796,57.989,1305,18,0
2025-12-22 20:00:00+00:00,57.988,58.045,57.933,57.956,607,18,0
2025-12-22 21:00:00+00:00,57.956,57.964,57.836,57.915,389,18,0
2025-12-22 23:00:00+00:00,57.894,57.896,57.741,57.811,352,18,0
2025-12-23 00:00:00+00:00,57.813,57.863,57.781,57.785,214,18,0
2025-12-23 01:00:00+00:00,57.787,57.919,57.779,57.823,617,18,0
2025-12-23 02:00:00+00:00,57.824,57.916,57.806,57.88,442,18,0
2025-12-23 03:00:00+00:00,57.882,57.93,57.857,57.89,274,18,0
2025-12-23 04:00:00+00:00,57.889,57.903,57.84,57.84,133,18,0
2025-12-23 05:00:00+00:00,57.834,57.836,57.701,57.736,517,18,0
2025-12-23 06:00:00+00:00,57.737,57.816,57.708,57.795,509,18,0
2025-12-23 07:00:00+00:00,57.796,57.873,57.764,57.827,633,18,0
2025-12-23 08:00:00+00:00,57.824,58.002,57.818,57.895,1521,18,0
2025-12-23 09:00:00+00:00,57.897,58.041,57.88,57.973,1106,18,0
2025-12-23 10:00:00+00:00,57.973,58.11,57.874,58.029,1240,18,0
2025-12-23 11:00:00+00:00,58.032,58.099,57.911,58.031,1030,18,0
2025-12-23 12:00:00+00:00,58.032,58.124,57.957,58.089,973,18,0
2025-12-23 13:00:00+00:00,58.089,58.177,58.012,58.115,1511,18,0
2025-12-23 14:00:00+00:00,58.105,58.16,57.686,57.732,2476,18,0
2025-12-23 15:00:00+00:00,57.731,57.898,57.694,57.727,2090,18,0
2025-12-23 16:00:00+00:00,57.728,58.128,57.683,58.006,1944,18,0
2025-12-23 17:00:00+00:00,58.008,58.206,57.991,58.165,1241,18,0
2025-12-23 18:00:00+00:00,58.165,58.331,58.15,58.252,1089,18,0
2025-12-23 19:00:00+00:00,58.252,58.406,58.238,58.376,1296,18,0
2025-12-23 20:00:00+00:00,58.377,58.429,58.339,58.377,561,18,0
2025-12-23 21:00:00+00:00,58.38,58.481,58.378,58.401,327,18,0
2025-12-23 23:00:00+00:00,58.35,58.467,58.312,58.464,359,18,0
2025-12-24 00:00:00+00:00,58.46,58.538,58.387,58.424,369,18,0
2025-12-24 01:00:00+00:00,58.423,58.423,58.194,58.285,987,18,0
2025-12-24 02:00:00+00:00,58.286,58.357,58.273,58.292,402,18,0
2025-12-24 03:00:00+00:00,58.293,58.367,58.266,58.362,463,18,0
2025-12-24 04:00:00+00:00,58.36,58.423,58.142,58.395,981,18,0
2025-12-24 05:00:00+00:00,58.399,58.442,58.351,58.372,414,18,0
2025-12-24 06:00:00+00:00,58.369,58.536,58.329,58.478,492,18,0
2025-12-24 07:00:00+00:00,58.475,58.559,58.449,58.491,535,18,0
2025-12-24 08:00:00+00:00,58.493,58.659,58.476,58.51,1183,18,0
2025-12-24 09:00:00+00:00,58.505,58.53,58.28,58.408,1278,18,0
2025-12-24 10:00:00+00:00,58.409,58.526,58.332,58.483,807,18,0
2025-12-24 11:00:00+00:00,58.482,58.613,58.349,58.516,826,18,0
2025-12-24 12:00:00+00:00,58.521,58.621,58.332,58.385,1406,18,0
2025-12-24 13:00:00+00:00,58.386,58.466,58.304,58.425,1106,18,0
2025-12-24 14:00:00+00:00,58.429,58.596,58.312,58.472,1510,18,0
2025-12-24 15:00:00+00:00,58.47,58.538,58.052,58.13,1450,18,0
2025-12-24 16:00:00+00:00,58.127,58.356,58.088,58.327,1209,18,0
2025-12-24 17:00:00+00:00,58.329,58.489,58.228,58.278,1133,18,0
2025-12-24 18:00:00+00:00,58.264,58.312,58.2,58.301,661,18,0
2025-12-25 23:00:00+00:00,58.353,58.444,58.31,58.428,272,18,0
2025-12-26 00:00:00+00:00,58.419,58.446,58.296,58.353,191,18,0
2025-12-26 01:00:00+00:00,58.347,58.494,58.33,58.36,844,18,0
2025-12-26 02:00:00+00:00,58.364,58.448,58.327,58.391,330,18,0
2025-12-26 03:00:00+00:00,58.394,58.417,58.324,58.337,256,18,0
2025-12-26 04:00:00+00:00,58.333,58.349,58.234,58.317,204,18,0
2025-12-26 05:00:00+00:00,58.321,58.337,58.205,58.337,405,18,0
2025-12-26 06:00:00+00:00,58.342,58.454,58.3,58.389,451,18,0
2025-12-26 07:00:00+00:00,58.393,58.466,58.298,58.307,325,18,0
2025-12-26 08:00:00+00:00,58.304,58.502,58.221,58.465,1303,18,0
2025-12-26 09:00:00+00:00,58.462,58.556,58.266,58.348,923,18,0
2025-12-26 10:00:00+00:00,58.346,58.768,58.326,58.459,960,18,0
2025-12-26 11:00:00+00:00,58.455,58.556,58.134,58.305,1272,18,0
2025-12-26 12:00:00+00:00,58.307,58.402,58.231,58.258,1133,18,0
2025-12-26 13:00:00+00:00,58.258,58.353,57.895,57.939,1939,18,0
2025-12-26 14:00:00+00:00,57.932,57.932,57.636,57.772,2744,18,0
2025-12-26 15:00:00+00:00,57.766,57.781,57.292,57.352,1823,18,0
2025-12-26 16:00:00+00:00,57.352,57.386,57.124,57.182,1819,18,0
2025-12-26 17:00:00+00:00,57.179,57.262,57.058,57.151,1156,18,0
2025-12-26 18:00:00+00:00,57.146,57.225,56.939,56.952,1070,18,0
2025-12-26 19:00:00+00:00,56.952,57.024,56.581,56.671,1520,18,0
2025-12-26 20:00:00+00:00,56.67,56.855,56.635,56.826,662,18,0
2025-12-26 21:00:00+00:00,56.825,56.929,56.784,56.85,373,18,0
2025-12-28 23:00:00+00:00,56.968,57.157,56.885,57.129,833,18,0
2025-12-29 00:00:00+00:00,57.127,57.157,57.064,57.069,420,18,0
2025-12-29 01:00:00+00:00,57.066,57.208,56.986,57.055,1301,18,0
2025-12-29 02:00:00+00:00,57.053,57.218,57.007,57.19,677,18,0
2025-12-29 03:00:00+00:00,57.188,57.272,57.15,57.249,494,18,0
2025-12-29 04:00:00+00:00,57.247,57.273,57.208,57.229,213,18,0
2025-12-29 05:00:00+00:00,57.226,57.429,57.196,57.304,573,18,0
2025-12-29 06:00:00+00:00,57.301,57.352,57.215,57.249,785,18,0
2025-12-29 07:00:00+00:00,57.248,57.342,57.174,57.274,1118,18,0
2025-12-29 08:00:00+00:00,57.277,57.501,57.217,57.497,1976,18,0
2025-12-29 09:00:00+00:00,57.499,57.98,57.499,57.877,1757,18,0
2025-12-29 10:00:00+00:00,57.878,57.914,57.626,57.89,1552,18,0
2025-12-29 11:00:00+00:00,57.887,57.971,57.799,57.92,1223,18,0
2025-12-29 12:00:00+00:00,57.921,58.085,57.785,58.038,1236,18,0
2025-12-29 13:00:00+00:00,58.033,58.158,57.96,57.991,1947,18,0
2025-12-29 14:00:00+00:00,57.986,58.182,57.764,58.006,3143,18,0
2025-12-29 15:00:00+00:00,58.0,58.146,57.938,58.102,2273,18,0
2025-12-29 16:00:00+00:00,58.102,58.176,57.896,57.922,2561,18,0
2025-12-29 17:00:00+00:00,57.918,58.082,57.875,57.903,1467,18,0
2025-12-29 18:00:00+00:00,57.905,57.964,57.703,57.824,1612,18,0
2025-12-29 19:00:00+00:00,57.83,58.078,57.801,57.938,1420,18,0
2025-12-29 20:00:00+00:00,57.938,57.939,57.716,57.741,612,18,0
2025-12-29 21:00:00+00:00,57.742,57.778,57.68,57.731,322,18,0
2025-12-29 23:00:00+00:00,57.728,57.734,57.63,57.668,242,18,0
2025-12-30 00:00:00+00:00,57.671,57.691,57.601,57.636,142,18,0
2025-12-30 01:00:00+00:00,57.634,57.817,57.487,57.793,1096,18,0
2025-12-30 02:00:00+00:00,57.793,57.896,57.714,57.849,766,18,0
2025-12-30 03:00:00+00:00,57.852,58.026,57.851,57.936,600,18,0
2025-12-30 04:00:00+00:00,57.938,57.978,57.919,57.944,217,18,0
2025-12-30 05:00:00+00:00,57.943,58.09,57.88,58.005,689,18,0
2025-12-30 06:00:00+00:00,58.007,58.057,57.834,57.844,805,18,0
2025-12-30 07:00:00+00:00,57.85,57.978,57.811,57.939,892,18,0
2025-12-30 08:00:00+00:00,57.94,58.163,57.865,58.103,1693,18,0
2025-12-30 09:00:00+00:00,58.1,58.317,58.051,58.239,1722,18,0
2025-12-30 10:00:00+00:00,58.226,58.313,58.038,58.174,1346,18,0
2025-12-30 11:00:00+00:00,58.171,58.282,58.122,58.26,1001,18,0
2025-12-30 12:00:00+00:00,58.266,58.357,58.139,58.224,1311,18,0
2025-12-30 13:00:00+00:00,58.225,58.316,58.155,58.254,1472,18,0
2025-12-30 14:00:00+00:00,58.25,58.344,58.2,58.261,2198,18,0
2025-12-30 15:00:00+00:00,58.263,58.315,58.141,58.186,1678,18,0
2025-12-30 16:00:00+00:00,58.186,58.243,57.896,57.965,1910,18,0
2025-12-30 17:00:00+00:00,57.957,58.025,57.825,57.906,1178,18,0
2025-12-30 18:00:00+00:00,57.905,57.968,57.846,57.905,986,18,0
2025-12-30 19:00:00+00:00,57.91,57.936,57.786,57.846,1109,18,0
2025-12-30 20:00:00+00:00,57.847,57.876,57.767,57.829,502,18,0
2025-12-30 21:00:00+00:00,57.828,57.883,57.776,57.865,225,18,0
2025-12-30 23:00:00+00:00,57.763,57.845,57.728,57.81,196,18,0
2025-12-31 00:00:00+00:00,57.81,57.844,57.809,57.828,105,18,0
2025-12-31 01:00:00+00:00,57.828,57.831,57.702,57.709,732,18,0
2025-12-31 02:00:00+00:00,57.713,57.827,57.674,57.754,712,18,0
2025-12-31 03:00:00+00:00,57.753,57.837,57.709,57.779,622,18,0
2025-12-31 04:00:00+00:00,57.776,58.119,57.77,57.933,1088,18,0
2025-12-31 05:00:00+00:00,57.932,57.941,57.708,57.75,645,18,0
2025-12-31 06:00:00+00:00,57.741,57.819,57.716,57.733,760,18,0
2025-12-31 07:00:00+00:00,57.728,57.85,57.679,57.734,574,18,0
2025-12-31 08:00:00+00:00,57.733,57.736,57.588,57.601,1101,18,0
2025-12-31 09:00:00+00:00,57.602,58.063,57.602,57.953,1299,18,0
2025-12-31 10:00:00+00:00,57.95,58.045,57.822,57.989,1286,18,0
2025-12-31 11:00:00+00:00,57.986,58.221,57.947,58.116,1140,18,0
2025-12-31 12:00:00+00:00,58.118,58.233,57.933,58.016,1639,18,0
2025-12-31 13:00:00+00:00,58.016,58.424,57.984,58.319,1751,18,0
2025-12-31 14:00:00+00:00,58.325,58.348,57.996,58.109,2389,18,0
2025-12-31 15:00:00+00:00,58.113,58.246,57.712,57.715,2191,18,0
2025-12-31 16:00:00+00:00,57.714,57.943,57.613,57.73,1826,18,0
2025-12-31 17:00:00+00:00,57.735,57.785,57.613,57.636,1235,18,0
2025-12-31 18:00:00+00:00,57.635,57.666,57.338,57.449,1451,18,0
2025-12-31 19:00:00+00:00,57.45,57.495,57.093,57.354,1719,18,0
2025-12-31 20:00:00+00:00,57.357,57.361,57.293,57.313,321,18,0
2025-12-31 21:00:00+00:00,57.309,57.358,57.291,57.299,200,18,0
2026-01-01 23:00:00+00:00,57.425,57.433,57.319,57.368,199,18,0
2026-01-02 00:00:00+00:00,57.365,57.365,57.293,57.302,133,18,0
2026-01-02 01:00:00+00:00,57.304,57.443,57.296,57.409,542,18,0
2026-01-02 02:00:00+00:00,57.411,57.51,57.397,57.489,436,18,0
2026-01-02 03:00:00+00:00,57.487,57.604,57.479,57.6,338,18,0
2026-01-02 04:00:00+00:00,57.6,57.643,57.522,57.55,287,18,0
2026-01-02 05:00:00+00:00,57.555,57.623,57.555,57.622,251,18,0
2026-01-02 06:00:00+00:00,57.623,57.76,57.618,57.728,428,18,0
2026-01-02 07:00:00+00:00,57.728,57.804,57.577,57.678,843,18,0
2026-01-02 08:00:00+00:00,57.679,57.789,57.188,57.188,2073,18,0
2026-01-02 09:00:00+00:00,57.186,57.23,56.89,57.098,1873,18,0
2026-01-02 10:00:00+00:00,57.1,57.431,57.1,57.283,1769,18,0
2026-01-02 11:00:00+00:00,57.281,57.363,57.014,57.168,1388,18,0
2026-01-02 12:00:00+00:00,57.165,57.201,56.77,56.815,1460,18,0
2026-01-02 13:00:00+00:00,56.81,56.932,56.739,56.741,1799,18,0
2026-01-02 14:00:00+00:00,56.736,56.859,56.512,56.584,2497,18,0
2026-01-02 15:00:00+00:00,56.585,56.861,56.49,56.651,2737,18,0
2026-01-02 16:00:00+00:00,56.651,56.803,56.5,56.649,2798,18,0
2026-01-02 17:00:00+00:00,56.654,57.059,56.635,56.87,2302,18,0
2026-01-02 18:00:00+00:00,56.876,57.09,56.806,57.047,1686,18,0
2026-01-02 19:00:00+00:00,57.048,57.307,57.048,57.121,1941,18,0
2026-01-02 20:00:00+00:00,57.118,57.198,57.101,57.162,844,18,0
2026-01-02 21:00:00+00:00,57.163,57.223,57.155,57.201,335,18,0
2026-01-04 23:00:00+00:00,56.912,57.236,56.763,57.182,1408,18,0
2026-01-05 00:00:00+00:00,57.187,57.329,57.177,57.244,752,18,0
2026-01-05 01:00:00+00:00,57.24,57.592,57.115,57.145,2217,18,0
2026-01-05 02:00:00+00:00,57.143,57.251,57.113,57.127,1018,18,0
2026-01-05 03:00:00+00:00,57.125,57.133,56.882,56.921,684,18,0
2026-01-05 04:00:00+00:00,56.919,56.996,56.855,56.881,457,18,0
2026-01-05 05:00:00+00:00,56.878,56.956,56.696,56.758,928,18,0
2026-01-05 06:00:00+00:00,56.756,56.879,56.692,56.739,991,18,0
2026-01-05 07:00:00+00:00,56.742,56.836,56.575,56.633,1192,18,0
2026-01-05 08:00:00+00:00,56.631,56.77,56.186,56.459,2761,18,0
2026-01-05 09:00:00+00:00,56.456,57.286,56.424,57.253,2425,18,0
2026-01-05 10:00:00+00:00,57.249,57.286,57.046,57.206,2029,18,0
2026-01-05 11:00:00+00:00,57.194,57.59,57.159,57.481,1654,18,0
2026-01-05 12:00:00+00:00,57.478,57.68,57.292,57.674,1568,18,0
2026-01-05 13:00:00+00:00,57.681,57.798,57.577,57.718,2210,18,0
2026-01-05 14:00:00+00:00,57.715,58.004,57.6,57.809,3486,18,0
2026-01-05 15:00:00+00:00,57.8,58.319,57.356,58.24,3855,18,0
2026-01-05 16:00:00+00:00,58.237,58.237,57.727,57.95,2948,18,0
2026-01-05 17:00:00+00:00,57.949,58.16,57.934,58.138,1714,18,0
2026-01-05 18:00:00+00:00,58.141,58.258,58.061,58.123,1232,18,0
2026-01-05 19:00:00+00:00,58.123,58.23,58.028,58.132,1287,18,0
2026-01-05 20:00:00+00:00,58.132,58.244,58.132,58.185,675,18,0
2026-01-05 21:00:00+00:00,58.181,58.249,58.158,58.182,407,18,0
2026-01-05 23:00:00+00:00,58.088,58.094,57.885,58.054,465,18,0
2026-01-06 00:00:00+00:00,58.06,58.149,57.96,58.102,420,18,0
2026-01-06 01:00:00+00:00,58.103,58.114,57.844,57.86,1099,18,0
2026-01-06 02:00:00+00:00,57.861,57.936,57.74,57.833,710,18,0
2026-01-06 03:00:00+00:00,57.836,57.998,57.794,57.965,482,18,0
2026-01-06 04:00:00+00:00,57.967,58.0,57.914,57.95,244,18,0
2026-01-06 05:00:00+00:00,57.948,58.007,57.902,57.906,434,18,0
2026-01-06 06:00:00+00:00,57.908,58.033,57.874,57.961,889,18,0
2026-01-06 07:00:00+00:00,57.96,57.966,57.717,57.791,1090,18,0
2026-01-06 08:00:00+00:00,57.787,58.309,57.677,58.294,2147,18,0
2026-01-06 09:00:00+00:00,58.291,58.491,58.121,58.209,2397,18,0
2026-01-06 10:00:00+00:00,58.211,58.409,58.181,58.39,1511,18,0
2026-01-06 11:00:00+00:00,58.389,58.437,58.239,58.401,1367,18,0
2026-01-06 12:00:00+00:00,58.402,58.449,58.19,58.371,1433,18,0
2026-01-06 13:00:00+00:00,58.366,58.679,58.32,58.558,2416,18,0
2026-01-06 14:00:00+00:00,58.556,58.617,57.911,57.94,3523,18,0
2026-01-06 15:00:00+00:00,57.945,58.249,57.565,57.981,4780,18,0
2026-01-06 16:00:00+00:00,57.98,58.101,57.778,57.795,2752,18,0
2026-01-06 17:00:00+00:00,57.799,57.82,57.422,57.47,1869,18,0
2026-01-06 18:00:00+00:00,57.466,57.538,57.209,57.22,1457,18,0
2026-01-06 19:00:00+00:00,57.224,57.236,56.794,56.805,2390,18,0
2026-01-06 20:00:00+00:00,56.804,56.914,56.704,56.775,1077,18,0
2026-01-06 21:00:00+00:00,56.777,56.915,56.752,56.83,598,18,0
2026-01-06 23:00:00+00:00,56.844,56.958,56.251,56.327,841,18,0
2026-01-07 00:00:00+00:00,56.335,56.451,55.674,56.216,2119,18,0
2026-01-07 01:00:00+00:00,56.226,56.573,56.216,56.293,2907,18,0
2026-01-07 02:00:00+00:00,56.291,56.363,56.176,56.345,1213,18,0
2026-01-07 03:00:00+00:00,56.346,56.377,56.18,56.237,650,18,0
2026-01-07 04:00:00+00:00,56.238,56.308,56.117,56.174,547,18,0
2026-01-07 05:00:00+00:00,56.174,56.18,56.036,56.18,576,18,0
2026-01-07 06:00:00+00:00,56.177,56.338,56.101,56.134,903,18,0
2026-01-07 07:00:00+00:00,56.132,56.29,56.033,56.24,1441,18,0
2026-01-07 08:00:00+00:00,56.241,56.486,56.17,56.432,2345,18,0
2026-01-07 09:00:00+00:00,56.431,56.554,56.184,56.239,1952,18,0
2026-01-07 10:00:00+00:00,56.235,56.765,56.192,56.745,1992,18,0
2026-01-07 11:00:00+00:00,56.745,56.87,56.624,56.723,1625,18,0
2026-01-07 12:00:00+00:00,56.725,56.968,56.621,56.923,1751,18,0
2026-01-07 13:00:00+00:00,56.921,57.041,56.512,56.866,3890,18,0
2026-01-07 14:00:00+00:00,56.859,56.949,56.244,56.412,4007,18,0
2026-01-07 15:00:00+00:00,56.416,56.541,56.168,56.34,3350,18,0
2026-01-07 16:00:00+00:00,56.335,56.455,56.068,56.071,2819,18,0
2026-01-07 17:00:00+00:00,56.068,56.121,55.793,55.802,2004,18,0
2026-01-07 18:00:00+00:00,55.8,55.936,55.797,55.912,1583,18,0
2026-01-07 19:00:00+00:00,55.914,56.228,55.883,56.148,1826,18,0
2026-01-07 20:00:00+00:00,56.152,56.224,56.023,56.2,1015,18,0
2026-01-07 21:00:00+00:00,56.201,56.296,56.175,56.278,428,18,0
2026-01-07 23:00:00+00:00,56.264,56.352,56.195,56.207,458,18,0
2026-01-08 00:00:00+00:00,56.204,56.242,56.18,56.199,254,18,0
2026-01-08 01:00:00+00:00,56.201,56.373,56.179,56.349,836,18,0
2026-01-08 02:00:00+00:00,56.346,56.352,56.073,56.134,860,18,0
2026-01-08 03:00:00+00:00,56.136,56.201,56.058,56.183,569,18,0
2026-01-08 04:00:00+00:00,56.181,56.251,56.141,56.191,287,18,0
2026-01-08 05:00:00+00:00,56.194,56.251,56.134,56.172,579,18,0
2026-01-08 06:00:00+00:00,56.172,56.186,56.011,56.184,767,18,0
2026-01-08 07:00:00+00:00,56.183,56.21,56.042,56.09,1095,18,0
2026-01-08 08:00:00+00:00,56.088,56.108,55.898,56.099,1917,18,0
2026-01-08 09:00:00+00:00,56.098,56.42,55.973,56.338,1601,18,0
2026-01-08 10:00:00+00:00,56.337,56.608,56.291,56.552,1608,18,0
2026-01-08 11:00:00+00:00,56.545,56.801,56.483,56.744,1361,18,0
2026-01-08 12:00:00+00:00,56.749,56.841,56.689,56.797,1465,18,0
2026-01-08 13:00:00+00:00,56.8,57.063,56.683,56.975,2301,18,0
2026-01-08 14:00:00+00:00,56.983,57.118,56.816,56.864,3184,18,0
2026-01-08 15:00:00+00:00,56.857,56.949,56.648,56.763,2446,18,0
2026-01-08 16:00:00+00:00,56.767,57.046,56.749,56.959,2309,18,0
2026-01-08 17:00:00+00:00,56.957,57.254,56.933,57.183,1835,18,0
2026-01-08 18:00:00+00:00,57.182,57.576,57.156,57.572,1913,18,0
2026-01-08 19:00:00+00:00,57.568,58.145,57.428,58.073,2655,18,0
2026-01-08 20:00:00+00:00,58.078,58.547,58.078,58.465,2101,18,0
2026-01-08 21:00:00+00:00,58.462,58.61,58.24,58.27,1179,18,0
2026-01-08 23:00:00+00:00,58.275,58.326,58.149,58.161,426,18,0
2026-01-09 00:00:00+00:00,58.159,58.18,58.106,58.111,321,18,0
2026-01-09 01:00:00+00:00,58.113,58.125,57.863,57.979,1743,18,0
2026-01-09 02:00:00+00:00,57.983,58.061,57.972,58.024,766,18,0
2026-01-09 03:00:00+00:00,58.018,58.025,57.876,57.989,559,18,0
2026-01-09 04:00:00+00:00,57.992,58.088,57.929,58.058,369,18,0
2026-01-09 05:00:00+00:00,58.054,58.127,57.974,58.05,585,18,0
2026-01-09 06:00:00+00:00,58.052,58.246,58.037,58.216,707,18,0
2026-01-09 07:00:00+00:00,58.219,58.395,58.135,58.2,1132,18,0
2026-01-09 08:00:00+00:00,58.202,58.216,58.021,58.035,2117,18,0
2026-01-09 09:00:00+00:00,58.043,58.143,57.495,57.796,2666,18,0
2026-01-09 10:00:00+00:00,57.799,57.981,57.743,57.963,1668,18,0
2026-01-09 11:00:00+00:00,57.966,58.189,57.966,58.155,1235,18,0
2026-01-09 12:00:00+00:00,58.157,58.188,58.003,58.007,1348,18,0
2026-01-09 13:00:00+00:00,58.007,58.201,57.892,58.145,2241,18,0
2026-01-09 14:00:00+00:00,58.152,59.184,58.058,59.083,4967,18,0
2026-01-09 15:00:00+00:00,59.077,59.368,58.81,59.305,3758,18,0
2026-01-09 16:00:00+00:00,59.296,59.596,59.15,59.567,2985,18,0
2026-01-09 17:00:00+00:00,59.572,59.572,59.11,59.199,2554,18,0
2026-01-09 18:00:00+00:00,59.203,59.265,58.943,59.247,2004,18,0
2026-01-09 19:00:00+00:00,59.244,59.257,58.818,58.824,2225,18,0
2026-01-09 20:00:00+00:00,58.824,58.881,58.616,58.635,1192,18,0
2026-01-09 21:00:00+00:00,58.634,58.818,58.575,58.636,592,18,0
2026-01-11 23:00:00+00:00,59.009,59.62,58.933,59.417,1443,18,0
2026-01-12 00:00:00+00:00,59.415,59.415,59.189,59.288,975,18,0
2026-01-12 01:00:00+00:00,59.29,59.306,58.501,58.654,2438,18,0
2026-01-12 02:00:00+00:00,58.661,59.051,58.657,59.006,1196,18,0
2026-01-12 03:00:00+00:00,59.009,59.141,58.986,59.023,620,18,0
2026-01-12 04:00:00+00:00,59.025,59.113,58.979,59.054,369,18,0
2026-01-12 05:00:00+00:00,59.052,59.152,59.016,59.144,596,18,0
2026-01-12 06:00:00+00:00,59.14,59.161,58.994,59.061,759,18,0
2026-01-12 07:00:00+00:00,59.063,59.082,58.75,58.803,1496,18,0
2026-01-12 08:00:00+00:00,58.801,58.968,58.52,58.796,2724,18,0
2026-01-12 09:00:00+00:00,58.793,58.834,58.581,58.715,1986,18,0
2026-01-12 10:00:00+00:00,58.716,58.856,58.549,58.672,1898,18,0
2026-01-12 11:00:00+00:00,58.665,58.665,58.322,58.454,2039,18,0
2026-01-12 12:00:00+00:00,58.455,58.873,58.38,58.851,1801,18,0
2026-01-12 13:00:00+00:00,58.846,58.905,58.499,58.624,2498,18,0
2026-01-12 14:00:00+00:00,58.615,58.847,58.344,58.561,3737,18,0
2026-01-12 15:00:00+00:00,58.561,59.028,58.561,58.921,2818,18,0
2026-01-12 16:00:00+00:00,58.926,59.253,58.772,58.866,3460,18,0
2026-01-12 17:00:00+00:00,58.869,59.122,58.778,59.073,2095,18,0
2026-01-12 18:00:00+00:00,59.078,59.088,58.835,58.932,1730,18,0
2026-01-12 19:00:00+00:00,58.928,59.625,58.897,59.426,2552,18,0
2026-01-12 20:00:00+00:00,59.43,59.436,59.175,59.34,1112,18,0
2026-01-12 21:00:00+00:00,59.335,59.735,59.275,59.678,1111,18,0
2026-01-12 23:00:00+00:00,59.614,59.689,59.475,59.597,612,18,0
2026-01-13 00:00:00+00:00,59.589,59.627,59.458,59.509,502,18,0
2026-01-13 01:00:00+00:00,59.506,59.795,59.457,59.5,1642,18,0
2026-01-13 02:00:00+00:00,59.503,59.56,59.288,59.503,978,18,0
2026-01-13 03:00:00+00:00,59.505,59.583,59.458,59.55,598,18,0
2026-01-13 04:00:00+00:00,59.552,59.611,59.489,59.596,278,18,0
2026-01-13 05:00:00+00:00,59.595,59.65,59.459,59.598,687,18,0
2026-01-13 06:00:00+00:00,59.594,59.903,59.538,59.88,896,18,0
2026-01-13 07:00:00+00:00,59.877,59.877,59.645,59.645,1201,18,0
2026-01-13 08:00:00+00:00,59.637,59.987,59.562,59.917,2324,18,0
2026-01-13 09:00:00+00:00,59.914,60.582,59.914,60.301,2994,18,0
2026-01-13 10:00:00+00:00,60.297,60.426,59.961,60.14,2627,18,0
2026-01-13 11:00:00+00:00,60.135,60.535,60.022,60.503,1817,18,0
2026-01-13 12:00:00+00:00,60.497,60.52,60.262,60.484,2004,18,0
2026-01-13 13:00:00+00:00,60.48,60.544,60.1,60.212,3104,18,0
2026-01-13 14:00:00+00:00,60.218,61.172,60.011,60.767,6316,18,0
2026-01-13 15:00:00+00:00,60.759,61.167,60.711,61.086,4319,18,0
2026-01-13 16:00:00+00:00,61.083,61.222,60.917,61.095,3658,18,0
2026-01-13 17:00:00+00:00,61.094,61.094,60.512,60.563,3230,18,0
2026-01-13 18:00:00+00:00,60.563,61.164,60.545,61.054,3858,18,0
2026-01-13 19:00:00+00:00,61.067,61.07,60.204,60.829,3927,18,0
2026-01-13 20:00:00+00:00,60.827,60.932,60.725,60.826,1309,18,0
2026-01-13 21:00:00+00:00,60.831,60.97,60.753,60.883,983,18,0
2026-01-13 23:00:00+00:00,60.916,60.943,60.825,60.9,328,18,0
2026-01-14 00:00:00+00:00,60.894,60.894,60.803,60.823,302,18,0
2026-01-14 01:00:00+00:00,60.828,60.84,60.579,60.758,1285,18,0
2026-01-14 02:00:00+00:00,60.761,60.822,60.664,60.675,763,18,0
2026-01-14 03:00:00+00:00,60.672,60.768,60.557,60.724,801,18,0
2026-01-14 04:00:00+00:00,60.721,60.794,60.673,60.706,419,18,0
2026-01-14 05:00:00+00:00,60.703,60.734,60.585,60.634,757,18,0
2026-01-14 06:00:00+00:00,60.636,60.753,60.419,60.451,1020,18,0
2026-01-14 07:00:00+00:00,60.457,60.585,60.389,60.462,1386,18,0
2026-01-14 08:00:00+00:00,60.458,60.55,60.216,60.411,2592,18,0
2026-01-14 09:00:00+00:00,60.42,60.771,60.154,60.75,2785,18,0
2026-01-14 10:00:00+00:00,60.75,61.721,60.72,61.708,4337,18,0
2026-01-14 11:00:00+00:00,61.706,61.813,61.451,61.545,2991,18,0
2026-01-14 12:00:00+00:00,61.548,61.643,61.212,61.615,3048,18,0
2026-01-14 13:00:00+00:00,61.614,61.805,61.282,61.375,4261,18,0
2026-01-14 14:00:00+00:00,61.38,61.588,61.305,61.461,3864,18,0
2026-01-14 15:00:00+00:00,61.457,61.6,61.006,61.448,4564,18,0
2026-01-14 16:00:00+00:00,61.452,61.608,61.183,61.524,4147,18,0
2026-01-14 17:00:00+00:00,61.522,61.829,61.408,61.609,3004,18,0
2026-01-14 18:00:00+00:00,61.605,61.7,61.434,61.648,2394,18,0
2026-01-14 19:00:00+00:00,61.65,62.181,61.613,62.139,2597,18,0
2026-01-14 20:00:00+00:00,62.14,62.188,59.088,60.106,12785,18,0
2026-01-14 21:00:00+00:00,60.097,61.654,59.893,60.921,3926,18,0
2026-01-14 23:00:00+00:00,60.781,60.991,60.346,60.564,1338,30,0
2026-01-15 00:00:00+00:00,60.56,60.868,60.48,60.818,570,30,0
2026-01-15 01:00:00+00:00,60.805,60.805,59.92,60.166,4322,18,0
2026-01-15 02:00:00+00:00,60.163,60.199,59.915,60.002,1366,18,0
2026-01-15 03:00:00+00:00,59.998,60.129,59.749,59.933,1309,18,0
2026-01-15 04:00:00+00:00,59.93,59.939,59.816,59.882,488,18,0
2026-01-15 05:00:00+00:00,59.887,59.904,59.697,59.837,1043,18,0
2026-01-15 06:00:00+00:00,59.829,60.138,59.765,60.026,1280,18,0
2026-01-15 07:00:00+00:00,60.022,60.049,59.668,59.845,2266,18,0
2026-01-15 08:00:00+00:00,59.843,60.089,59.678,60.028,3471,18,0
2026-01-15 09:00:00+00:00,60.034,60.082,59.173,59.221,4038,18,0
2026-01-15 10:00:00+00:00,59.223,59.535,58.975,59.423,3258,18,0
2026-01-15 11:00:00+00:00,59.429,59.856,59.429,59.826,2195,18,0
2026-01-15 12:00:00+00:00,59.829,59.86,59.185,59.297,2622,18,0
2026-01-15 13:00:00+00:00,59.295,59.295,58.993,59.147,3705,18,0
2026-01-15 14:00:00+00:00,59.153,59.421,58.744,59.17,5235,18,0
2026-01-15 15:00:00+00:00,59.167,59.296,58.83,59.213,4067,18,0
2026-01-15 16:00:00+00:00,59.217,59.302,58.852,58.885,3401,18,0
2026-01-15 17:00:00+00:00,58.883,58.998,58.802,58.959,2230,18,0
2026-01-15 18:00:00+00:00,58.963,59.346,58.9,59.049,2950,18,0
2026-01-15 19:00:00+00:00,59.046,59.106,58.899,58.913,1880,18,0
2026-01-15 20:00:00+00:00,58.909,58.969,58.769,58.853,1257,18,0
2026-01-15 21:00:00+00:00,58.856,59.169,58.821,59.139,995,18,0
2026-01-15 23:00:00+00:00,59.133,59.142,58.948,59.051,521,18,0
2026-01-16 00:00:00+00:00,59.051,59.199,59.048,59.085,581,18,0
2026-01-16 01:00:00+00:00,59.087,59.273,59.073,59.114,1672,18,0
2026-01-16 02:00:00+00:00,59.117,59.143,58.893,59.001,1290,18,0
2026-01-16 03:00:00+00:00,59.002,59.065,58.88,58.943,862,18,0
2026-01-16 04:00:00+00:00,58.941,59.002,58.898,58.958,486,18,0
2026-01-16 05:00:00+00:00,58.955,58.995,58.847,58.871,705,18,0
2026-01-16 06:00:00+00:00,58.873,59.036,58.785,59.012,1058,18,0
2026-01-16 07:00:00+00:00,59.016,59.341,59.006,59.18,1857,18,0
2026-01-16 08:00:00+00:00,59.181,59.468,58.972,59.407,2765,18,0
2026-01-16 09:00:00+00:00,59.416,59.778,59.296,59.545,2600,18,0
2026-01-16 10:00:00+00:00,59.549,59.848,59.509,59.815,2228,18,0
2026-01-16 11:00:00+00:00,59.816,59.878,59.663,59.802,1422,18,0
2026-01-16 12:00:00+00:00,59.803,60.017,59.682,59.689,2013,18,0
2026-01-16 13:00:00+00:00,59.689,59.907,59.591,59.858,2605,18,0
2026-01-16 14:00:00+00:00,59.862,59.953,59.38,59.428,3656,18,0
2026-01-16 15:00:00+00:00,59.431,59.722,59.327,59.577,2918,18,0
2026-01-16 16:00:00+00:00,59.573,59.816,59.494,59.72,2534,18,0
2026-01-16 17:00:00+00:00,59.714,59.866,59.413,59.668,2688,18,0
2026-01-16 18:00:00+00:00,59.669,59.829,59.526,59.726,1812,18,0
2026-01-16 19:00:00+00:00,59.73,59.73,59.2,59.359,2157,18,0
2026-01-16 20:00:00+00:00,59.361,59.442,59.264,59.278,977,18,0
2026-01-16 21:00:00+00:00,59.274,59.339,59.178,59.192,640,18,0
2026-01-18 23:00:00+00:00,58.908,59.166,58.781,58.943,1819,18,0
2026-01-19 00:00:00+00:00,58.951,59.305,58.91,59.231,920,18,0
2026-01-19 01:00:00+00:00,59.229,59.392,59.054,59.344,1401,18,0
2026-01-19 02:00:00+00:00,59.344,59.417,59.281,59.379,774,18,0
2026-01-19 03:00:00+00:00,59.382,59.442,59.354,59.424,559,18,0
2026-01-19 04:00:00+00:00,59.43,59.577,59.283,59.283,518,18,0
2026-01-19 05:00:00+00:00,59.284,59.397,59.173,59.251,702,18,0
2026-01-19 06:00:00+00:00,59.254,59.271,58.887,58.938,1202,18,0
2026-01-19 07:00:00+00:00,58.94,59.15,58.825,58.976,1631,18,0
2026-01-19 08:00:00+00:00,58.971,59.09,58.589,58.897,3137,18,0
2026-01-19 09:00:00+00:00,58.901,58.926,58.521,58.596,2291,18,0
2026-01-19 10:00:00+00:00,58.595,59.018,58.585,58.921,1850,18,0
2026-01-19 11:00:00+00:00,58.931,59.045,58.75,58.966,1894,18,0
2026-01-19 12:00:00+00:00,58.962,59.021,58.82,58.992,1376,18,0
2026-01-19 13:00:00+00:00,58.995,59.076,58.902,59.024,1650,18,0
2026-01-19 14:00:00+00:00,59.02,59.297,58.953,59.286,1938,18,0
2026-01-19 15:00:00+00:00,59.29,59.37,59.139,59.297,1857,18,0
2026-01-19 16:00:00+00:00,59.301,59.467,59.2,59.394,2239,18,0
2026-01-19 17:00:00+00:00,59.402,59.477,59.162,59.216,1443,18,0
2026-01-19 18:00:00+00:00,59.208,59.425,59.202,59.342,770,18,0
2026-01-19 19:00:00+00:00,59.338,59.388,59.333,59.385,80,18,0
2026-01-19 23:00:00+00:00,59.344,59.383,59.285,59.355,178,18,0
2026-01-20 00:00:00+00:00,59.358,59.525,59.351,59.414,251,18,0
2026-01-20 01:00:00+00:00,59.41,59.45,59.244,59.244,910,18,0
2026-01-20 02:00:00+00:00,59.242,59.339,59.197,59.304,752,18,0
2026-01-20 03:00:00+00:00,59.299,59.384,59.214,59.375,503,18,0
2026-01-20 04:00:00+00:00,59.37,59.471,59.303,59.306,437,18,0
2026-01-20 05:00:00+00:00,59.309,59.354,59.217,59.29,801,18,0
2026-01-20 06:00:00+00:00,59.282,59.406,59.141,59.329,1054,18,0
2026-01-20 07:00:00+00:00,59.331,59.554,58.915,58.974,2102,18,0
2026-01-20 08:00:00+00:00,58.976,59.02,58.685,59.0,2872,18,0
2026-01-20 09:00:00+00:00,59.001,59.496,58.963,59.45,2798,18,0
2026-01-20 10:00:00+00:00,59.448,59.661,59.311,59.582,2676,18,0
2026-01-20 11:00:00+00:00,59.584,59.663,59.349,59.653,1691,18,0
2026-01-20 12:00:00+00:00,59.654,59.924,59.641,59.855,2335,18,0
2026-01-20 13:00:00+00:00,59.862,59.866,59.464,59.541,2685,18,0
2026-01-20 14:00:00+00:00,59.535,60.465,59.475,60.351,4971,18,0
2026-01-20 15:00:00+00:00,60.347,60.455,59.942,60.006,3998,18,0
2026-01-20 16:00:00+00:00,60.005,60.304,59.972,60.272,3170,18,0
2026-01-20 17:00:00+00:00,60.268,60.392,60.186,60.343,1947,18,0
2026-01-20 18:00:00+00:00,60.346,60.434,60.126,60.213,1877,18,0
2026-01-20 19:00:00+00:00,60.207,60.361,59.851,59.901,2962,18,0
2026-01-20 20:00:00+00:00,59.897,59.968,59.292,59.45,2720,18,0
2026-01-20 21:00:00+00:00,59.445,59.563,59.335,59.497,1164,18,0
2026-01-20 23:00:00+00:00,59.558,59.795,59.43,59.581,630,18,0
2026-01-21 00:00:00+00:00,59.587,59.673,59.4,59.609,460,18,0
2026-01-21 01:00:00+00:00,59.608,59.724,59.42,59.704,1374,18,0
2026-01-21 02:00:00+00:00,59.706,59.828,59.611,59.718,1044,18,0
2026-01-21 03:00:00+00:00,59.715,59.829,59.671,59.675,787,18,0
2026-01-21 04:00:00+00:00,59.675,59.755,59.634,59.678,680,18,0
2026-01-21 05:00:00+00:00,59.675,59.856,59.665,59.768,945,18,0
2026-01-21 06:00:00+00:00,59.768,59.875,59.617,59.804,1221,18,0
2026-01-21 07:00:00+00:00,59.804,59.809,59.411,59.531,2367,18,0
2026-01-21 08:00:00+00:00,59.527,59.709,59.248,59.26,3375,18,0
2026-01-21 09:00:00+00:00,59.256,59.829,59.178,59.824,3695,18,0
2026-01-21 10:00:00+00:00,59.82,59.997,59.654,59.859,2891,18,0
2026-01-21 11:00:00+00:00,59.853,60.535,59.84,60.323,3091,18,0
2026-01-21 12:00:00+00:00,60.324,60.543,60.278,60.44,2459,18,0
2026-01-21 13:00:00+00:00,60.446,60.823,60.262,60.283,3258,18,0
2026-01-21 14:00:00+00:00,60.28,60.453,60.086,60.275,4842,18,0
2026-01-21 15:00:00+00:00,60.281,60.491,60.02,60.445,3797,18,0
2026-01-21 16:00:00+00:00,60.445,60.58,60.233,60.397,3241,18,0
2026-01-21 17:00:00+00:00,60.392,60.457,60.187,60.343,2197,18,0
2026-01-21 18:00:00+00:00,60.345,60.728,60.331,60.619,2560,18,0
2026-01-21 19:00:00+00:00,60.614,60.639,60.375,60.592,2756,18,0
2026-01-21 20:00:00+00:00,60.591,60.663,60.483,60.62,1370,18,0
2026-01-21 21:00:00+00:00,60.617,60.697,60.559,60.622,667,18,0
2026-01-21 23:00:00+00:00,60.558,60.558,60.366,60.437,311,18,0
2026-01-22 00:00:00+00:00,60.438,60.495,60.399,60.454,246,18,0
2026-01-22 01:00:00+00:00,60.457,60.723,60.406,60.636,1221,18,0
2026-01-22 02:00:00+00:00,60.635,60.701,60.519,60.676,867,18,0
2026-01-22 03:00:00+00:00,60.675,60.746,60.636,60.698,693,18,0
2026-01-22 04:00:00+00:00,60.697,60.739,60.662,60.699,340,18,0
2026-01-22 05:00:00+00:00,60.698,60.733,60.602,60.645,655,18,0
2026-01-22 06:00:00+00:00,60.644,60.644,60.451,60.566,1037,18,0
2026-01-22 07:00:00+00:00,60.569,60.582,60.31,60.373,1623,18,0
2026-01-22 08:00:00+00:00,60.374,60.514,60.235,60.31,2455,18,0
2026-01-22 09:00:00+00:00,60.316,60.329,59.945,60.001,2271,18,0
2026-01-22 10:00:00+00:00,60.0,60.083,59.702,59.791,2510,18,0
2026-01-22 11:00:00+00:00,59.791,59.86,59.437,59.686,2370,18,0
2026-01-22 12:00:00+00:00,59.682,59.725,59.387,59.393,2187,18,0
2026-01-22 13:00:00+00:00,59.397,59.723,59.264,59.641,2742,18,0
2026-01-22 14:00:00+00:00,59.631,59.936,59.365,59.699,4969,18,0
2026-01-22 15:00:00+00:00,59.702,59.78,59.384,59.664,3269,18,0
2026-01-22 16:00:00+00:00,59.664,59.868,59.316,59.424,2988,18,0
2026-01-22 17:00:00+00:00,59.429,59.429,58.91,59.098,3100,18,0
2026-01-22 18:00:00+00:00,59.093,59.255,59.012,59.215,2075,18,0
2026-01-22 19:00:00+00:00,59.22,59.344,59.125,59.287,1748,18,0
2026-01-22 20:00:00+00:00,59.286,59.365,59.256,59.359,814,18,0
2026-01-22 21:00:00+00:00,59.358,59.608,59.341,59.597,558,18,0
2026-01-22 23:00:00+00:00,59.593,59.671,59.458,59.54,467,18,0
2026-01-23 00:00:00+00:00,59.543,59.647,59.519,59.624,324,18,0
2026-01-23 01:00:00+00:00,59.618,59.752,59.523,59.699,1331,18,0
2026-01-23 02:00:00+00:00,59.699,59.824,59.598,59.787,929,18,0
2026-01-23 03:00:00+00:00,59.79,59.873,59.732,59.771,721,18,0
2026-01-23 04:00:00+00:00,59.77,59.847,59.741,59.819,371,18,0
2026-01-23 05:00:00+00:00,59.821,59.857,59.676,59.752,757,18,0
2026-01-23 06:00:00+00:00,59.755,59.916,59.686,59.893,1034,18,0
2026-01-23 07:00:00+00:00,59.892,59.892,59.527,59.599,1566,18,0
2026-01-23 08:00:00+00:00,59.6,60.03,59.578,59.839,2586,18,0
2026-01-23 09:00:00+00:00,59.842,60.004,59.798,59.926,2223,18,0
2026-01-23 10:00:00+00:00,59.926,60.263,59.904,60.177,2005,18,0
2026-01-23 11:00:00+00:00,60.175,60.357,60.119,60.286,1666,18,0
2026-01-23 12:00:00+00:00,60.289,60.469,60.263,60.371,1523,18,0
2026-01-23 13:00:00+00:00,60.37,60.991,60.275,60.937,2883,18,0
2026-01-23 14:00:00+00:00,60.934,61.179,60.776,61.069,4339,18,0
2026-01-23 15:00:00+00:00,61.077,61.106,60.698,60.714,3106,18,0
2026-01-23 16:00:00+00:00,60.71,61.116,60.633,61.036,2753,18,0
2026-01-23 17:00:00+00:00,61.026,61.148,60.741,61.087,2385,18,0
2026-01-23 18:00:00+00:00,61.077,61.167,60.88,60.999,1944,18,0
2026-01-23 19:00:00+00:00,61.004,61.173,60.903,61.001,2232,18,0
2026-01-23 20:00:00+00:00,61.0,61.138,60.97,61.077,1142,18,0
2026-01-23 21:00:00+00:00,61.078,61.26,61.078,61.221,777,18,0
2026-01-25 23:00:00+00:00,60.689,60.967,60.509,60.931,2252,18,0
2026-01-26 00:00:00+00:00,60.928,61.044,60.775,60.992,1120,18,0
2026-01-26 01:00:00+00:00,60.993,61.19,60.903,61.011,1922,18,0
2026-01-26 02:00:00+00:00,61.012,61.046,60.873,60.875,1160,18,0
2026-01-26 03:00:00+00:00,60.872,61.007,60.833,61.001,740,18,0
2026-01-26 04:00:00+00:00,61.003,61.107,60.974,61.097,405,18,0
2026-01-26 05:00:00+00:00,61.096,61.197,60.933,61.135,1013,18,0
2026-01-26 06:00:00+00:00,61.131,61.598,61.072,61.448,2773,18,0
2026-01-26 07:00:00+00:00,61.449,61.449,60.842,60.855,2434,18,0
2026-01-26 08:00:00+00:00,60.856,61.133,60.687,61.124,3498,18,0
2026-01-26 09:00:00+00:00,61.135,61.231,60.721,61.008,2871,18,0
2026-01-26 10:00:00+00:00,61.007,61.151,60.853,61.14,2110,18,0
2026-01-26 11:00:00+00:00,61.142,61.31,60.973,61.068,1823,18,0
2026-01-26 12:00:00+00:00,61.069,61.104,60.783,60.811,2104,18,0
2026-01-26 13:00:00+00:00,60.814,60.914,60.475,60.702,3009,18,0
2026-01-26 14:00:00+00:00,60.698,60.85,60.423,60.451,4401,18,0
2026-01-26 15:00:00+00:00,60.447,60.914,60.349,60.524,3309,18,0
2026-01-26 16:00:00+00:00,60.52,60.825,60.361,60.759,2925,18,0
2026-01-26 17:00:00+00:00,60.757,60.942,60.643,60.874,1897,18,0
2026-01-26 18:00:00+00:00,60.874,60.888,60.458,60.541,2200,18,0
2026-01-26 19:00:00+00:00,60.536,60.627,60.41,60.546,1842,18,0
2026-01-26 20:00:00+00:00,60.547,60.76,60.25,60.7,1696,18,0
2026-01-26 21:00:00+00:00,60.704,60.812,60.571,60.756,744,18,0
2026-01-26 23:00:00+00:00,60.706,60.765,60.697,60.727,104,18,0
2026-01-27 00:00:00+00:00,60.734,60.748,60.666,60.714,120,18,0
2026-01-27 01:00:00+00:00,60.72,60.76,60.125,60.167,1427,18,0
2026-01-27 02:00:00+00:00,60.168,60.3,60.143,60.239,1068,18,0
2026-01-27 03:00:00+00:00,60.239,60.239,60.134,60.172,702,18,0
2026-01-27 04:00:00+00:00,60.17,60.232,60.127,60.142,420,18,0
2026-01-27 05:00:00+00:00,60.14,60.362,60.087,60.326,748,18,0
2026-01-27 06:00:00+00:00,60.328,60.464,60.26,60.434,1200,18,0
2026-01-27 07:00:00+00:00,60.43,60.456,60.209,60.3,1663,18,0
2026-01-27 08:00:00+00:00,60.3,60.407,60.057,60.344,2555,18,0
2026-01-27 09:00:00+00:00,60.358,60.62,60.22,60.561,2281,18,0
2026-01-27 10:00:00+00:00,60.552,60.933,60.539,60.832,1941,18,0
2026-01-27 11:00:00+00:00,60.664,60.664,60.581,60.615,26,18,0
2026-01-27 12:00:00+00:00,60.542,60.632,60.338,60.553,1848,44,0
2026-01-27 13:00:00+00:00,60.56,61.74,60.509,61.672,4820,18,0
2026-01-27 14:00:00+00:00,61.676,61.707,60.847,61.182,5397,18,0
2026-01-27 15:00:00+00:00,61.177,61.605,61.006,61.594,3467,18,0
2026-01-27 16:00:00+00:00,61.598,61.867,61.518,61.793,3249,18,0
2026-01-27 17:00:00+00:00,61.787,62.075,61.756,61.96,2700,18,0
2026-01-27 18:00:00+00:00,61.962,62.111,61.813,61.843,2218,18,0
2026-01-27 19:00:00+00:00,61.846,62.46,61.837,62.077,3015,18,0
2026-01-27 20:00:00+00:00,62.077,62.493,62.066,62.433,1808,18,0
2026-01-27 21:00:00+00:00,62.433,62.446,62.242,62.427,1053,18,0
2026-01-27 23:00:00+00:00,62.444,62.512,62.315,62.398,547,18,0
2026-01-28 00:00:00+00:00,62.386,62.504,62.327,62.384,543,18,0
2026-01-28 01:00:00+00:00,62.385,62.492,62.196,62.299,1682,18,0
2026-01-28 02:00:00+00:00,62.303,62.584,62.259,62.496,1191,18,0
2026-01-28 03:00:00+00:00,62.498,62.721,62.489,62.559,1177,18,0
2026-01-28 04:00:00+00:00,62.564,62.694,62.536,62.673,564,18,0
2026-01-28 05:00:00+00:00,62.672,62.726,62.61,62.719,738,18,0
2026-01-28 06:00:00+00:00,62.722,62.851,62.573,62.613,1350,18,0
2026-01-28 07:00:00+00:00,62.616,62.636,62.259,62.352,1863,18,0
2026-01-28 08:00:00+00:00,62.355,62.647,62.26,62.56,2694,18,0
2026-01-28 09:00:00+00:00,62.567,62.567,61.935,62.038,2846,18,0
2026-01-28 10:00:00+00:00,62.036,62.148,61.958,61.999,1716,18,0
2026-01-28 11:00:00+00:00,61.997,62.469,61.98,62.432,1740,18,0
2026-01-28 12:00:00+00:00,62.434,62.999,62.255,62.673,4229,18,0
2026-01-28 13:00:00+00:00,62.67,63.211,62.615,63.181,3565,18,0
2026-01-28 14:00:00+00:00,63.187,63.344,62.709,63.032,5404,18,0
2026-01-28 15:00:00+00:00,63.028,63.116,62.502,62.816,4205,18,0
2026-01-28 16:00:00+00:00,62.817,62.953,62.561,62.608,3638,18,0
2026-01-28 17:00:00+00:00,62.622,62.8,62.415,62.616,2549,18,0
2026-01-28 18:00:00+00:00,62.61,63.04,62.58,62.961,1969,18,0
2026-01-28 19:00:00+00:00,62.964,63.148,62.9,63.084,2274,18,0
2026-01-28 20:00:00+00:00,63.083,63.328,63.074,63.225,1365,18,0
2026-01-28 21:00:00+00:00,63.221,63.408,63.184,63.337,883,18,0
2026-01-28 23:00:00+00:00,63.239,63.648,63.098,63.202,1178,18,0
2026-01-29 00:00:00+00:00,63.21,63.487,63.152,63.35,790,18,0
2026-01-29 01:00:00+00:00,63.344,63.648,63.268,63.63,2396,18,0
2026-01-29 02:00:00+00:00,63.63,63.874,63.449,63.829,1489,18,0
2026-01-29 03:00:00+00:00,63.833,63.918,63.734,63.89,1506,18,0
2026-01-29 04:00:00+00:00,63.885,64.181,63.864,64.122,937,18,0
2026-01-29 05:00:00+00:00,64.122,64.124,63.832,63.939,1487,18,0
2026-01-29 06:00:00+00:00,63.941,64.283,63.834,64.015,2054,18,0
2026-01-29 07:00:00+00:00,64.017,64.22,63.856,63.906,2316,18,0
2026-01-29 08:00:00+00:00,63.908,64.475,63.876,64.442,3110,18,0
2026-01-29 09:00:00+00:00,64.453,64.895,64.181,64.675,3250,18,0
2026-01-29 10:00:00+00:00,64.674,64.698,64.151,64.551,3139,18,0
2026-01-29 11:00:00+00:00,64.531,64.737,64.187,64.548,2481,18,0
2026-01-29 12:00:00+00:00,64.543,64.701,64.417,64.511,2619,18,0
2026-01-29 13:00:00+00:00,64.507,65.408,64.433,65.231,4849,18,0
2026-01-29 14:00:00+00:00,65.241,66.235,65.194,65.884,8856,18,0
2026-01-29 15:00:00+00:00,65.888,65.945,64.435,65.209,12281,18,0
2026-01-29 16:00:00+00:00,65.204,65.529,64.668,65.037,7748,18,0
2026-01-29 17:00:00+00:00,65.037,65.464,64.86,65.273,5765,18,0
2026-01-29 18:00:00+00:00,65.27,65.361,64.688,64.913,4346,18,0
2026-01-29 19:00:00+00:00,64.92,65.388,64.874,65.174,3818,18,0
2026-01-29 20:00:00+00:00,65.171,65.692,65.141,65.249,2663,18,0
2026-01-29 21:00:00+00:00,65.251,65.302,64.995,65.291,1645,18,0
2026-01-29 23:00:00+00:00,65.212,65.615,65.132,65.335,751,18,0
2026-01-30 00:00:00+00:00,65.326,65.415,63.869,65.071,1620,30,0
2026-01-30 01:00:00+00:00,65.082,65.316,64.443,64.541,4295,18,0
2026-01-30 02:00:00+00:00,64.547,64.584,63.413,64.224,5905,18,0
2026-01-30 03:00:00+00:00,64.228,64.25,63.88,64.01,2463,18,0
2026-01-30 04:00:00+00:00,64.012,64.204,64.005,64.092,929,18,0
2026-01-30 05:00:00+00:00,64.088,64.5,64.005,64.241,2231,18,0
2026-01-30 06:00:00+00:00,64.236,64.26,63.741,63.797,2349,18,0
2026-01-30 07:00:00+00:00,63.802,64.159,63.794,63.929,2508,18,0
2026-01-30 08:00:00+00:00,63.935,64.452,63.853,64.267,3991,18,0
2026-01-30 09:00:00+00:00,64.284,64.857,64.242,64.431,4038,18,0
2026-01-30 10:00:00+00:00,64.428,64.64,63.981,64.406,3462,18,0
2026-01-30 11:00:00+00:00,64.399,64.811,64.063,64.756,5155,18,0
2026-01-30 12:00:00+00:00,64.755,65.088,64.61,64.965,3045,18,0
2026-01-30 13:00:00+00:00,64.969,65.169,64.668,65.044,4767,18,0
2026-01-30 14:00:00+00:00,65.035,65.653,65.018,65.435,6489,18,0
2026-01-30 15:00:00+00:00,65.437,65.544,65.061,65.365,5253,18,0
2026-01-30 16:00:00+00:00,65.366,65.843,65.214,65.443,4951,18,0
2026-01-30 17:00:00+00:00,65.448,65.581,64.113,64.302,9098,18,0
2026-01-30 18:00:00+00:00,64.304,64.557,63.957,64.477,5579,18,0
2026-01-30 19:00:00+00:00,64.483,65.419,64.439,65.301,4365,18,0
2026-01-30 20:00:00+00:00,65.295,65.639,65.284,65.499,2853,18,0
2026-01-30 21:00:00+00:00,65.504,65.592,65.39,65.467,1387,18,0
2026-02-01 23:00:00+00:00,63.321,63.679,62.743,63.036,4136,18,0
2026-02-02 00:00:00+00:00,63.04,63.552,63.022,63.466,1940,18,0
2026-02-02 01:00:00+00:00,63.464,63.484,62.38,62.796,6455,18,0
2026-02-02 02:00:00+00:00,62.795,62.888,62.089,62.209,3854,18,0
2026-02-02 03:00:00+00:00,62.205,62.421,62.058,62.066,3487,18,0
2026-02-02 04:00:00+00:00,62.068,62.104,61.882,61.952,1758,18,0
2026-02-02 05:00:00+00:00,61.954,61.967,61.211,61.39,3419,18,0
2026-02-02 06:00:00+00:00,61.39,61.633,61.229,61.44,3398,18,0
2026-02-02 07:00:00+00:00,61.449,62.013,61.428,61.686,4027,18,0
2026-02-02 08:00:00+00:00,61.689,62.138,61.426,61.431,5651,18,0
2026-02-02 09:00:00+00:00,61.433,61.899,61.185,61.873,5156,18,0
2026-02-02 10:00:00+00:00,61.871,62.033,61.523,61.669,3850,18,0
2026-02-02 11:00:00+00:00,61.656,61.788,61.386,61.631,2780,18,0
2026-02-02 12:00:00+00:00,61.629,62.06,61.625,61.892,3310,18,0
2026-02-02 13:00:00+00:00,61.89,61.895,61.339,61.887,5625,18,0
2026-02-02 14:00:00+00:00,61.882,62.311,61.738,61.824,6906,18,0
2026-02-02 15:00:00+00:00,61.818,62.325,61.555,61.716,7104,18,0
2026-02-02 16:00:00+00:00,61.712,61.962,61.517,61.73,5966,18,0
2026-02-02 17:00:00+00:00,61.726,61.738,61.429,61.543,3007,18,0
2026-02-02 18:00:00+00:00,61.54,61.843,61.314,61.501,2472,18,0
2026-02-02 19:00:00+00:00,61.488,61.975,61.345,61.811,2801,18,0
2026-02-02 20:00:00+00:00,61.807,62.041,61.788,62.008,1343,18,0
2026-02-02 21:00:00+00:00,62.007,62.121,61.927,62.083,659,18,0
2026-02-02 23:00:00+00:00,61.962,62.0,61.533,61.665,695,18,0
2026-02-03 00:00:00+00:00,61.666,61.767,61.621,61.731,446,18,0
2026-02-03 01:00:00+00:00,61.733,62.202,61.724,62.079,2320,18,0
2026-02-03 02:00:00+00:00,62.088,62.115,61.313,61.492,2643,18,0
2026-02-03 03:00:00+00:00,61.486,61.736,61.351,61.674,1459,18,0
2026-02-03 04:00:00+00:00,61.674,61.773,61.571,61.665,708,18,0
2026-02-03 05:00:00+00:00,61.667,61.714,61.547,61.619,1179,18,0
2026-02-03 06:00:00+00:00,61.621,61.679,61.499,61.582,1754,18,0
2026-02-03 07:00:00+00:00,61.582,61.797,61.461,61.655,2378,18,0
2026-02-03 08:00:00+00:00,61.657,61.896,61.086,61.364,4023,18,0
2026-02-03 09:00:00+00:00,61.369,61.61,60.866,61.481,3997,18,0
2026-02-03 10:00:00+00:00,61.478,62.067,61.474,61.949,2743,18,0
2026-02-03 11:00:00+00:00,61.943,62.143,61.83,62.065,2554,18,0
2026-02-03 12:00:00+00:00,62.064,62.302,61.926,62.278,2462,18,0
2026-02-03 13:00:00+00:00,62.276,62.43,62.082,62.319,3452,18,0
2026-02-03 14:00:00+00:00,62.313,62.842,62.117,62.464,5495,18,0
2026-02-03 15:00:00+00:00,62.46,62.692,62.277,62.472,4920,18,0
2026-02-03 16:00:00+00:00,62.477,62.74,62.279,62.424,5206,18,0
2026-02-03 17:00:00+00:00,62.411,63.448,62.27,62.891,9194,18,0
2026-02-03 18:00:00+00:00,62.885,63.099,62.383,62.84,4730,18,0
2026-02-03 19:00:00+00:00,62.835,63.311,62.459,63.222,4185,18,0
2026-02-03 20:00:00+00:00,63.215,63.933,63.207,63.813,2734,18,0
2026-02-03 21:00:00+00:00,63.819,63.874,63.321,63.639,1782,18,0
2026-02-03 23:00:00+00:00,63.477,63.546,63.341,63.484,452,30,0
2026-02-04 00:00:00+00:00,63.473,63.614,63.417,63.464,474,18,0
2026-02-04 01:00:00+00:00,63.477,63.877,63.178,63.77,2817,18,0
2026-02-04 02:00:00+00:00,63.772,63.858,63.284,63.366,2064,18,0
2026-02-04 03:00:00+00:00,63.375,63.603,63.305,63.557,1407,18,0
2026-02-04 04:00:00+00:00,63.559,63.617,63.489,63.552,420,18,0
2026-02-04 05:00:00+00:00,63.547,63.57,63.451,63.474,839,18,0
2026-02-04 06:00:00+00:00,63.471,63.55,63.354,63.455,1211,18,0
2026-02-04 07:00:00+00:00,63.456,63.517,62.993,63.075,1882,18,0
2026-02-04 08:00:00+00:00,63.079,63.407,62.688,62.903,2992,18,0
2026-02-04 09:00:00+00:00,62.91,63.501,62.815,63.458,2917,18,0
2026-02-04 10:00:00+00:00,63.456,63.523,63.176,63.258,2251,18,0
2026-02-04 11:00:00+00:00,63.258,63.258,63.0,63.035,2093,18,0
2026-02-04 12:00:00+00:00,63.03,63.343,62.959,63.137,2187,18,0
2026-02-04 13:00:00+00:00,63.134,63.225,62.605,62.637,3429,18,0
2026-02-04 14:00:00+00:00,62.641,63.245,62.606,63.018,5597,18,0
2026-02-04 15:00:00+00:00,63.01,63.359,62.77,63.067,6197,18,0
2026-02-04 16:00:00+00:00,63.061,63.324,62.734,63.287,5039,18,0
2026-02-04 17:00:00+00:00,63.284,65.23,63.242,64.842,12354,18,0
2026-02-04 18:00:00+00:00,64.847,65.092,64.351,64.769,6402,18,0
2026-02-04 19:00:00+00:00,64.764,65.167,63.482,63.985,8775,18,0
2026-02-04 20:00:00+00:00,63.99,64.392,63.929,64.072,2707,18,0
2026-02-04 21:00:00+00:00,64.077,64.307,64.02,64.288,1112,18,0
2026-02-04 23:00:00+00:00,64.069,64.224,63.757,64.155,713,30,0
2026-02-05 00:00:00+00:00,64.156,64.373,64.075,64.133,547,18,0
2026-02-05 01:00:00+00:00,64.136,64.249,63.822,63.835,3085,18,0
2026-02-05 02:00:00+00:00,63.833,63.86,63.341,63.442,3815,18,0
2026-02-05 03:00:00+00:00,63.447,63.733,63.22,63.594,2606,18,0
2026-02-05 04:00:00+00:00,63.596,63.645,63.428,63.54,820,18,0
2026-02-05 05:00:00+00:00,63.538,63.635,63.354,63.468,1608,18,0
2026-02-05 06:00:00+00:00,63.467,63.712,63.438,63.611,1608,18,0
2026-02-05 07:00:00+00:00,63.619,63.867,63.558,63.775,1889,18,0
2026-02-05 08:00:00+00:00,63.779,63.994,63.706,63.864,3176,18,0
2026-02-05 09:00:00+00:00,63.867,64.153,63.703,63.935,3300,18,0
2026-02-05 10:00:00+00:00,63.936,64.165,63.864,63.905,2740,18,0
2026-02-05 11:00:00+00:00,63.899,64.296,63.82,64.294,2724,18,0
2026-02-05 12:00:00+00:00,64.298,64.407,63.339,63.562,3849,18,0
2026-02-05 13:00:00+00:00,63.561,63.756,62.994,63.119,4895,18,0
2026-02-05 14:00:00+00:00,63.109,63.457,62.807,63.333,8164,18,0
2026-02-05 15:00:00+00:00,63.321,63.36,62.454,62.818,7193,18,0
2026-02-05 16:00:00+00:00,62.822,63.368,62.553,63.345,5894,18,0
2026-02-05 17:00:00+00:00,63.348,63.63,63.148,63.372,3894,18,0
2026-02-05 18:00:00+00:00,63.368,63.466,63.08,63.161,2868,18,0
2026-02-05 19:00:00+00:00,63.156,63.264,62.741,63.002,3193,18,0
2026-02-05 20:00:00+00:00,63.017,63.269,62.98,63.111,1718,18,0
2026-02-05 21:00:00+00:00,63.105,63.141,62.844,62.939,896,18,0
2026-02-05 23:00:00+00:00,62.943,62.96,62.549,62.636,670,18,0
2026-02-06 00:00:00+00:00,62.638,62.809,62.143,62.713,1292,18,0
2026-02-06 01:00:00+00:00,62.714,62.931,62.426,62.863,3237,18,0
2026-02-06 02:00:00+00:00,62.865,63.665,62.815,63.17,3779,18,0
2026-02-06 03:00:00+00:00,63.166,63.429,63.136,63.414,1736,18,0
2026-02-06 04:00:00+00:00,63.409,63.525,63.384,63.44,791,18,0
2026-02-06 05:00:00+00:00,63.444,64.066,63.405,63.884,2572,18,0
2026-02-06 06:00:00+00:00,63.893,64.133,63.775,63.867,2889,18,0
2026-02-06 07:00:00+00:00,63.876,64.058,63.816,63.976,2214,18,0
2026-02-06 08:00:00+00:00,63.972,63.988,63.452,63.876,4442,18,0
2026-02-06 09:00:00+00:00,63.905,64.376,63.688,63.991,5771,18,0
2026-02-06 10:00:00+00:00,63.991,63.991,63.084,63.214,3488,18,0
2026-02-06 11:00:00+00:00,63.226,63.456,62.637,63.051,4078,18,0
2026-02-06 12:00:00+00:00,63.052,63.058,62.489,62.846,3471,18,0
2026-02-06 13:00:00+00:00,62.839,63.448,62.047,62.218,6970,18,0
2026-02-06 14:00:00+00:00,62.215,63.44,62.099,63.329,7187,18,0
2026-02-06 15:00:00+00:00,63.334,63.958,63.267,63.816,6289,18,0
2026-02-06 16:00:00+00:00,63.818,64.04,63.603,63.949,3949,18,0
2026-02-06 17:00:00+00:00,63.95,64.172,63.896,64.084,2552,18,0
2026-02-06 18:00:00+00:00,64.086,64.151,63.628,63.799,3191,18,0
2026-02-06 19:00:00+00:00,63.795,63.795,63.233,63.257,3097,18,0
2026-02-06 20:00:00+00:00,63.252,63.339,63.108,63.316,1439,18,0
2026-02-06 21:00:00+00:00,63.317,63.386,63.178,63.305,861,18,0
2026-02-08 23:00:00+00:00,62.566,62.985,62.474,62.801,1578,18,0
2026-02-09 00:00:00+00:00,62.8,63.014,62.715,62.965,772,18,0
2026-02-09 01:00:00+00:00,62.964,63.118,62.889,63.055,1870,18,0
2026-02-09 02:00:00+00:00,63.056,63.134,62.698,62.797,1415,18,0
2026-02-09 03:00:00+00:00,62.797,62.905,62.745,62.831,933,18,0
2026-02-09 04:00:00+00:00,62.83,62.869,62.724,62.794,516,18,0
2026-02-09 05:00:00+00:00,62.791,62.856,62.608,62.738,881,18,0
2026-02-09 06:00:00+00:00,62.736,62.823,62.647,62.73,1257,18,0
2026-02-09 07:00:00+00:00,62.73,62.737,62.539,62.591,1470,18,0
2026-02-09 08:00:00+00:00,62.595,62.972,62.592,62.76,2954,18,0
2026-02-09 09:00:00+00:00,62.763,63.057,62.61,62.75,2484,18,0
2026-02-09 10:00:00+00:00,62.745,63.701,62.709,63.682,3085,18,0
2026-02-09 11:00:00+00:00,63.68,63.694,63.332,63.65,2345,18,0
2026-02-09 12:00:00+00:00,63.658,63.746,63.51,63.563,2162,18,0
2026-02-09 13:00:00+00:00,63.567,63.581,63.042,63.072,3534,18,0
2026-02-09 14:00:00+00:00,63.067,64.128,62.91,63.892,5890,18,0
2026-02-09 15:00:00+00:00,63.888,64.063,63.771,63.999,3648,18,0
2026-02-09 16:00:00+00:00,63.998,64.677,63.904,64.663,3492,18,0
2026-02-09 17:00:00+00:00,64.662,64.694,64.382,64.594,2276,18,0
2026-02-09 18:00:00+00:00,64.597,64.597,64.251,64.348,2214,18,0
2026-02-09 19:00:00+00:00,64.337,64.36,64.061,64.124,1982,18,0
2026-02-09 20:00:00+00:00,64.123,64.198,64.068,64.152,842,18,0
2026-02-09 21:00:00+00:00,64.159,64.327,64.159,64.297,526,18,0
2026-02-09 23:00:00+00:00,64.263,64.359,64.149,64.255,442,18,0
2026-02-10 00:00:00+00:00,64.253,64.253,64.094,64.164,406,18,0
2026-02-10 01:00:00+00:00,64.166,64.19,63.722,64.144,2071,18,0
2026-02-10 02:00:00+00:00,64.144,64.213,64.049,64.145,1373,18,0
2026-02-10 03:00:00+00:00,64.148,64.166,63.948,64.059,1014,18,0
2026-02-10 04:00:00+00:00,64.053,64.115,64.009,64.064,600,18,0
2026-02-10 05:00:00+00:00,64.061,64.134,63.936,63.962,1059,18,0
2026-02-10 06:00:00+00:00,63.961,64.3,63.941,64.231,1649,18,0
2026-02-10 07:00:00+00:00,64.238,64.308,64.078,64.18,1784,18,0
2026-02-10 08:00:00+00:00,64.165,64.474,63.954,64.461,2943,18,0
2026-02-10 09:00:00+00:00,64.482,64.535,63.975,64.0,2816,18,0
2026-02-10 10:00:00+00:00,63.994,64.325,63.873,64.195,2206,18,0
2026-02-10 11:00:00+00:00,64.192,64.505,64.154,64.433,1649,18,0
2026-02-10 12:00:00+00:00,64.436,64.439,64.105,64.296,2073,18,0
2026-02-10 13:00:00+00:00,64.294,64.531,64.21,64.36,2430,18,0
2026-02-10 14:00:00+00:00,64.351,64.509,63.981,64.366,3980,18,0
2026-02-10 15:00:00+00:00,64.373,64.503,63.971,64.046,3799,18,0
2026-02-10 16:00:00+00:00,64.037,64.047,63.637,63.831,4329,18,0
2026-02-10 17:00:00+00:00,63.828,64.147,63.726,63.933,2438,18,0
2026-02-10 18:00:00+00:00,63.928,63.945,63.518,63.702,3320,18,0
2026-02-10 19:00:00+00:00,63.702,64.038,63.657,63.978,2226,18,0
2026-02-10 20:00:00+00:00,63.976,64.277,63.864,64.135,1801,18,0
2026-02-10 21:00:00+00:00,64.147,64.159,63.972,64.045,905,18,0
2026-02-10 23:00:00+00:00,64.054,64.185,64.054,64.15,385,18,0
2026-02-11 00:00:00+00:00,64.151,64.186,64.068,64.085,295,18,0
2026-02-11 01:00:00+00:00,64.087,64.229,64.02,64.2,1190,18,0
2026-02-11 02:00:00+00:00,64.199,64.46,64.166,64.376,1118,18,0
2026-02-11 03:00:00+00:00,64.377,64.405,64.301,64.354,627,18,0
2026-02-11 04:00:00+00:00,64.354,64.361,64.243,64.265,381,18,0
2026-02-11 05:00:00+00:00,64.267,64.289,64.13,64.187,877,18,0
2026-02-11 06:00:00+00:00,64.188,64.293,64.179,64.282,863,18,0
2026-02-11 07:00:00+00:00,64.288,64.543,64.225,64.365,1341,18,0
2026-02-11 08:00:00+00:00,64.367,64.776,64.367,64.616,2219,18,0
2026-02-11 09:00:00+00:00,64.62,64.809,64.568,64.664,1717,18,0
2026-02-11 10:00:00+00:00,64.664,64.772,64.551,64.732,1716,18,0
2026-02-11 11:00:00+00:00,64.735,65.239,64.696,65.213,1867,18,0
2026-02-11 12:00:00+00:00,65.213,65.314,64.748,65.243,2724,18,0
2026-02-11 13:00:00+00:00,65.242,65.358,65.06,65.278,3620,18,0
2026-02-11 14:00:00+00:00,65.286,65.637,65.244,65.363,4450,18,0
2026-02-11 15:00:00+00:00,65.368,65.385,64.606,64.792,6019,18,0
2026-02-11 16:00:00+00:00,64.791,65.106,64.65,64.905,4601,18,0
2026-02-11 17:00:00+00:00,64.911,64.987,64.618,64.72,3453,18,0
2026-02-11 18:00:00+00:00,64.719,64.979,64.341,64.537,3003,18,0
2026-02-11 19:00:00+00:00,64.531,64.942,64.343,64.695,3950,18,0
2026-02-11 20:00:00+00:00,64.697,64.885,64.667,64.846,1246,18,0
2026-02-11 21:00:00+00:00,64.847,64.881,64.753,64.753,507,18,0
2026-02-11 23:00:00+00:00,64.678,64.789,64.64,64.753,346,18,0
2026-02-12 00:00:00+00:00,64.751,64.856,64.749,64.818,334,18,0
2026-02-12 01:00:00+00:00,64.817,64.863,64.627,64.724,1364,18,0
2026-02-12 02:00:00+00:00,64.728,64.788,64.645,64.739,893,18,0
2026-02-12 03:00:00+00:00,64.742,64.855,64.699,64.826,739,18,0
2026-02-12 04:00:00+00:00,64.825,64.933,64.777,64.801,588,18,0
2026-02-12 05:00:00+00:00,64.802,64.82,64.529,64.745,1109,18,0
2026-02-12 06:00:00+00:00,64.747,64.766,64.471,64.642,1305,18,0
2026-02-12 07:00:00+00:00,64.639,64.727,64.568,64.67,1224,18,0
2026-02-12 08:00:00+00:00,64.669,64.884,64.526,64.814,2622,18,0
2026-02-12 09:00:00+00:00,64.815,64.875,64.193,64.306,3064,18,0
2026-02-12 10:00:00+00:00,64.313,64.379,64.013,64.267,2356,18,0
2026-02-12 11:00:00+00:00,64.27,64.471,64.131,64.313,2120,18,0
2026-02-12 12:00:00+00:00,64.318,64.439,64.178,64.238,2214,18,0
2026-02-12 13:00:00+00:00,64.24,64.41,63.788,64.075,3500,18,0
2026-02-12 14:00:00+00:00,64.08,64.215,63.705,63.797,4406,18,0
2026-02-12 15:00:00+00:00,63.799,63.947,63.35,63.453,4413,18,0
2026-02-12 16:00:00+00:00,63.457,63.486,62.54,62.611,6597,18,0
2026-02-12 17:00:00+00:00,62.605,62.782,62.386,62.466,4973,18,0
2026-02-12 18:00:00+00:00,62.471,62.61,62.429,62.504,3376,18,0
2026-02-12 19:00:00+00:00,62.499,62.903,62.229,62.77,3143,18,0
2026-02-12 20:00:00+00:00,62.767,62.795,62.652,62.764,1170,18,0
2026-02-12 21:00:00+00:00,62.761,62.826,62.668,62.762,536,18,0
2026-02-12 23:00:00+00:00,62.775,62.783,62.639,62.684,302,18,0
2026-02-13 00:00:00+00:00,62.687,62.822,62.656,62.712,480,18,0
2026-02-13 01:00:00+00:00,62.714,62.848,62.599,62.679,1990,18,0
2026-02-13 02:00:00+00:00,62.683,62.726,62.541,62.607,995,18,0
2026-02-13 03:00:00+00:00,62.606,62.655,62.499,62.548,723,18,0
2026-02-13 04:00:00+00:00,62.549,62.648,62.541,62.604,459,18,0
2026-02-13 05:00:00+00:00,62.603,62.619,62.434,62.455,947,18,0
2026-02-13 06:00:00+00:00,62.452,62.692,62.44,62.659,1277,18,0
2026-02-13 07:00:00+00:00,62.67,62.679,62.504,62.524,1520,18,0
2026-02-13 08:00:00+00:00,62.523,62.874,62.373,62.753,3035,18,0
2026-02-13 09:00:00+00:00,62.757,63.0,62.592,62.937,2534,18,0
2026-02-13 10:00:00+00:00,62.942,63.091,62.751,62.986,2503,18,0
2026-02-13 11:00:00+00:00,62.972,62.982,61.979,62.239,4505,18,0
2026-02-13 12:00:00+00:00,62.243,62.47,62.149,62.42,3075,18,0
2026-02-13 13:00:00+00:00,62.418,62.862,62.391,62.78,3031,18,0
2026-02-13 14:00:00+00:00,62.772,62.772,62.175,62.533,5930,18,0
2026-02-13 15:00:00+00:00,62.522,62.807,62.403,62.554,5515,18,0
2026-02-13 16:00:00+00:00,62.541,62.79,62.271,62.502,4075,18,0
2026-02-13 17:00:00+00:00,62.498,63.05,62.477,62.952,2999,18,0
2026-02-13 18:00:00+00:00,62.95,63.025,62.83,62.856,2147,18,0
2026-02-13 19:00:00+00:00,62.849,62.879,62.558,62.568,2580,18,0
2026-02-13 20:00:00+00:00,62.565,62.638,62.25,62.608,1958,18,0
2026-02-13 21:00:00+00:00,62.604,62.791,62.598,62.672,694,18,0
2026-02-15 23:00:00+00:00,62.904,62.904,62.637,62.764,817,18,0
2026-02-16 00:00:00+00:00,62.759,62.797,62.702,62.726,276,18,0
2026-02-16 01:00:00+00:00,62.73,62.793,62.704,62.731,437,18,0
2026-02-16 02:00:00+00:00,62.73,62.816,62.624,62.76,535,18,0
2026-02-16 03:00:00+00:00,62.758,62.83,62.691,62.778,680,18,0
2026-02-16 04:00:00+00:00,62.781,62.831,62.743,62.787,863,18,0
2026-02-16 05:00:00+00:00,62.786,62.835,62.701,62.727,405,18,0
2026-02-16 06:00:00+00:00,62.728,62.833,62.697,62.772,516,18,0
2026-02-16 07:00:00+00:00,62.77,62.799,62.619,62.656,1043,18,0
2026-02-16 08:00:00+00:00,62.655,62.683,62.357,62.414,1576,18,0
2026-02-16 09:00:00+00:00,62.416,62.716,62.381,62.402,1717,18,0
2026-02-16 10:00:00+00:00,62.402,62.914,62.375,62.807,2088,18,0
2026-02-16 11:00:00+00:00,62.811,62.904,62.704,62.76,1346,18,0
2026-02-16 12:00:00+00:00,62.757,62.961,62.698,62.883,1435,18,0
2026-02-16 13:00:00+00:00,62.886,63.014,62.805,62.909,1239,18,0
2026-02-16 14:00:00+00:00,62.901,63.38,62.828,63.279,1918,18,0
2026-02-16 15:00:00+00:00,63.279,63.412,63.054,63.364,1838,18,0
2026-02-16 16:00:00+00:00,63.372,63.547,63.264,63.354,2110,18,0
2026-02-16 17:00:00+00:00,63.359,63.646,63.312,63.645,1569,18,0
2026-02-16 18:00:00+00:00,63.64,63.688,63.559,63.607,728,18,0
2026-02-16 19:00:00+00:00,63.609,63.63,63.564,63.582,124,18,0
2026-02-16 23:00:00+00:00,63.53,63.578,63.476,63.569,259,18,0
2026-02-17 00:00:00+00:00,63.564,63.602,63.485,63.485,286,18,0
2026-02-17 01:00:00+00:00,63.487,63.597,63.404,63.445,837,18,0
2026-02-17 02:00:00+00:00,63.441,63.515,63.364,63.376,543,18,0
2026-02-17 03:00:00+00:00,63.377,63.424,63.31,63.366,594,18,0
2026-02-17 04:00:00+00:00,63.367,63.397,63.273,63.345,367,18,0
2026-02-17 05:00:00+00:00,63.348,63.348,63.189,63.21,644,18,0
2026-02-17 06:00:00+00:00,63.212,63.248,63.161,63.184,538,18,0
2026-02-17 07:00:00+00:00,63.185,63.209,62.994,63.047,1163,18,0
2026-02-17 08:00:00+00:00,63.048,63.117,62.821,62.935,2118,18,0
2026-02-17 09:00:00+00:00,62.93,63.146,62.839,63.114,2151,18,0
2026-02-17 10:00:00+00:00,63.114,63.476,63.02,63.451,2394,18,0
2026-02-17 11:00:00+00:00,63.453,63.943,63.421,63.668,3345,18,0
2026-02-17 12:00:00+00:00,63.672,63.763,63.364,63.428,2593,18,0
2026-02-17 13:00:00+00:00,63.427,63.466,62.171,62.288,6346,18,0
2026-02-17 14:00:00+00:00,62.279,62.849,62.211,62.344,7004,18,0
2026-02-17 15:00:00+00:00,62.352,62.723,61.757,61.917,5801,18,0
2026-02-17 16:00:00+00:00,61.91,62.369,61.879,62.25,4385,18,0
2026-02-17 17:00:00+00:00,62.256,62.256,61.82,62.094,3176,18,0
2026-02-17 18:00:00+00:00,62.096,62.409,62.055,62.32,2657,18,0
2026-02-17 19:00:00+00:00,62.315,62.424,62.081,62.163,2394,18,0
2026-02-17 20:00:00+00:00,62.159,62.31,62.134,62.171,1355,18,0
2026-02-17 21:00:00+00:00,62.177,62.26,62.087,62.181,616,18,0
2026-02-17 23:00:00+00:00,62.136,62.197,62.126,62.16,282,18,0
2026-02-18 00:00:00+00:00,62.16,62.259,62.103,62.123,287,18,0
2026-02-18 01:00:00+00:00,62.124,62.258,62.124,62.223,696,18,0
2026-02-18 02:00:00+00:00,62.224,62.328,62.189,62.247,562,18,0
2026-02-18 03:00:00+00:00,62.248,62.399,62.241,62.374,472,18,0
2026-02-18 04:00:00+00:00,62.371,62.472,62.353,62.458,415,18,0
2026-02-18 05:00:00+00:00,62.455,62.463,62.307,62.307,410,18,0
2026-02-18 06:00:00+00:00,62.306,62.484,62.241,62.322,739,18,0
2026-02-18 07:00:00+00:00,62.318,62.434,62.289,62.388,1262,18,0
2026-02-18 08:00:00+00:00,62.392,62.64,62.328,62.336,2050,18,0
2026-02-18 09:00:00+00:00,62.334,62.593,62.32,62.414,2084,18,0
2026-02-18 10:00:00+00:00,62.416,63.016,62.416,62.958,2650,18,0
2026-02-18 11:00:00+00:00,62.958,63.556,62.926,63.553,2551,18,0
2026-02-18 12:00:00+00:00,63.555,64.063,63.381,63.952,3307,18,0
2026-02-18 13:00:00+00:00,63.952,64.034,63.702,63.755,2980,18,0
2026-02-18 14:00:00+00:00,63.75,64.403,63.613,64.238,4092,18,0
2026-02-18 15:00:00+00:00,64.243,64.284,64.032,64.172,3520,18,0
2026-02-18 16:00:00+00:00,64.173,64.629,64.093,64.522,3408,18,0
2026-02-18 17:00:00+00:00,64.516,64.981,64.431,64.943,2792,18,0
2026-02-18 18:00:00+00:00,64.939,65.075,64.605,65.023,3817,18,0
2026-02-18 19:00:00+00:00,65.027,65.274,64.795,65.011,3558,18,0
2026-02-18 20:00:00+00:00,65.012,65.405,64.993,65.222,2154,18,0
2026-02-18 21:00:00+00:00,65.226,65.289,64.795,64.9,2018,18,0
2026-02-18 23:00:00+00:00,64.809,65.27,64.809,64.974,746,30,0
2026-02-19 00:00:00+00:00,64.97,65.046,64.881,65.005,365,18,0
2026-02-19 01:00:00+00:00,65.005,65.139,64.891,65.135,715,18,0
2026-02-19 02:00:00+00:00,65.138,65.29,65.096,65.24,780,18,0
2026-02-19 03:00:00+00:00,65.237,65.373,65.219,65.321,585,18,0
2026-02-19 04:00:00+00:00,65.323,65.385,65.117,65.184,513,18,0
2026-02-19 05:00:00+00:00,65.187,65.291,65.165,65.199,476,18,0
2026-02-19 06:00:00+00:00,65.203,65.281,65.133,65.202,640,18,0
2026-02-19 07:00:00+00:00,65.204,65.776,65.189,65.737,1878,18,0
2026-02-19 08:00:00+00:00,65.741,66.218,65.594,66.166,3015,18,0
2026-02-19 09:00:00+00:00,66.162,66.227,65.62,65.726,3801,18,0
2026-02-19 10:00:00+00:00,65.724,66.003,65.589,65.936,2953,18,0
2026-02-19 11:00:00+00:00,65.941,66.256,65.778,66.006,2627,18,0
2026-02-19 12:00:00+00:00,66.01,66.131,65.93,66.044,2341,18,0
2026-02-19 13:00:00+00:00,66.044,66.523,65.932,66.386,3608,18,0
2026-02-19 14:00:00+00:00,66.378,66.507,65.914,66.331,5306,18,0
2026-02-19 15:00:00+00:00,66.334,66.48,65.415,66.43,7314,18,0
2026-02-19 16:00:00+00:00,66.44,66.608,66.256,66.575,4096,18,0
2026-02-19 17:00:00+00:00,66.578,66.731,66.355,66.526,3505,18,0
2026-02-19 18:00:00+00:00,66.515,66.544,66.167,66.464,3029,18,0
2026-02-19 19:00:00+00:00,66.467,66.571,66.302,66.55,2486,18,0
2026-02-19 20:00:00+00:00,66.546,66.686,66.488,66.672,1179,18,0
2026-02-19 21:00:00+00:00,66.671,66.827,65.918,66.663,2881,18,0
2026-02-19 23:00:00+00:00,66.404,66.557,66.393,66.404,827,18,0
2026-02-20 00:00:00+00:00,66.403,66.492,66.258,66.424,807,18,0
2026-02-20 01:00:00+00:00,66.425,66.711,66.316,66.53,1427,18,0
2026-02-20 02:00:00+00:00,66.527,66.809,66.469,66.54,1444,18,0
2026-02-20 03:00:00+00:00,66.541,66.67,66.432,66.588,785,18,0
2026-02-20 04:00:00+00:00,66.586,66.686,66.581,66.677,528,18,0
2026-02-20 05:00:00+00:00,66.675,66.875,66.646,66.803,809,18,0
2026-02-20 06:00:00+00:00,66.797,66.993,66.661,66.68,1294,18,0
2026-02-20 07:00:00+00:00,66.686,66.714,66.268,66.293,1879,18,0
2026-02-20 08:00:00+00:00,66.301,66.394,66.057,66.113,2942,18,0
2026-02-20 09:00:00+00:00,66.116,66.56,65.834,65.979,3243,18,0
2026-02-20 10:00:00+00:00,65.986,66.102,65.837,65.94,3114,18,0
2026-02-20 11:00:00+00:00,65.941,66.346,65.767,65.958,2890,18,0
2026-02-20 12:00:00+00:00,65.955,66.192,65.918,66.131,2860,18,0
2026-02-20 13:00:00+00:00,66.131,66.256,65.985,66.227,2502,18,0
2026-02-20 14:00:00+00:00,66.233,66.464,65.84,66.225,5043,18,0
2026-02-20 15:00:00+00:00,66.229,66.615,65.826,65.922,7148,18,0
2026-02-20 16:00:00+00:00,65.927,66.307,65.792,66.157,4630,18,0
2026-02-20 17:00:00+00:00,66.16,66.468,66.107,66.404,3221,18,0
2026-02-20 18:00:00+00:00,66.401,66.685,66.246,66.508,4197,18,0
2026-02-20 19:00:00+00:00,66.516,66.525,66.242,66.417,3319,18,0
2026-02-20 20:00:00+00:00,66.421,66.454,66.204,66.346,1452,18,0
2026-02-20 21:00:00+00:00,66.338,66.398,66.257,66.279,806,18,0
2026-02-22 23:00:00+00:00,65.607,66.065,65.427,65.946,1992,18,0
2026-02-23 00:00:00+00:00,65.948,65.974,65.611,65.679,1124,18,0
2026-02-23 01:00:00+00:00,65.679,65.936,65.557,65.853,1315,18,0
2026-02-23 02:00:00+00:00,65.854,65.992,65.831,65.843,1056,18,0
2026-02-23 03:00:00+00:00,65.842,65.858,65.649,65.665,794,18,0
2026-02-23 04:00:00+00:00,65.662,65.713,65.474,65.541,717,18,0
2026-02-23 05:00:00+00:00,65.543,65.769,65.515,65.695,693,18,0
2026-02-23 06:00:00+00:00,65.695,65.779,65.59,65.625,801,18,0
2026-02-23 07:00:00+00:00,65.637,65.751,65.482,65.618,1479,18,0
2026-02-23 08:00:00+00:00,65.612,65.869,65.519,65.815,2689,18,0
2026-02-23 09:00:00+00:00,65.829,66.253,65.715,66.173,2319,18,0
2026-02-23 10:00:00+00:00,66.176,66.176,65.953,66.044,2079,18,0
2026-02-23 11:00:00+00:00,66.044,66.419,65.971,66.391,1882,18,0
2026-02-23 12:00:00+00:00,66.393,66.678,66.374,66.654,1966,18,0
2026-02-23 13:00:00+00:00,66.656,66.885,66.494,66.855,2372,18,0
2026-02-23 14:00:00+00:00,66.865,67.165,66.681,66.953,4133,18,0
2026-02-23 15:00:00+00:00,66.956,67.227,66.731,66.751,3565,18,0
2026-02-23 16:00:00+00:00,66.74,67.085,66.233,66.349,5042,18,0
2026-02-23 17:00:00+00:00,66.354,66.414,66.081,66.202,2861,18,0
2026-02-23 18:00:00+00:00,66.203,66.295,66.054,66.16,2245,18,0
2026-02-23 19:00:00+00:00,66.166,66.332,66.06,66.285,2418,18,0
2026-02-23 20:00:00+00:00,66.289,66.453,66.287,66.391,1192,18,0
2026-02-23 21:00:00+00:00,66.396,66.46,66.218,66.244,795,18,0
2026-02-23 23:00:00+00:00,66.262,66.272,66.121,66.208,401,18,0
2026-02-24 00:00:00+00:00,66.207,66.283,66.16,66.275,371,18,0
2026-02-24 01:00:00+00:00,66.279,66.423,66.018,66.396,3446,18,0
2026-02-24 02:00:00+00:00,66.397,66.768,66.362,66.746,1974,18,0
2026-02-24 03:00:00+00:00,66.751,66.879,66.72,66.828,1334,18,0
2026-02-24 04:00:00+00:00,66.829,66.851,66.732,66.736,527,18,0
2026-02-24 05:00:00+00:00,66.736,66.906,66.558,66.79,1342,18,0
2026-02-24 06:00:00+00:00,66.786,66.808,66.582,66.719,1442,18,0
2026-02-24 07:00:00+00:00,66.725,66.743,66.428,66.511,1489,18,0
2026-02-24 08:00:00+00:00,66.515,66.561,66.233,66.506,2838,18,0
2026-02-24 09:00:00+00:00,66.519,66.538,66.283,66.506,2317,18,0
2026-02-24 10:00:00+00:00,66.507,66.558,66.147,66.232,2588,18,0
2026-02-24 11:00:00+00:00,66.233,66.355,66.113,66.315,1879,18,0
2026-02-24 12:00:00+00:00,66.314,66.585,66.21,66.569,2250,18,0
2026-02-24 13:00:00+00:00,66.574,67.097,66.574,66.822,3542,18,0
2026-02-24 14:00:00+00:00,66.824,66.835,66.329,66.49,4277,18,0
2026-02-24 15:00:00+00:00,66.489,66.621,65.605,65.857,6957,18,0
2026-02-24 16:00:00+00:00,65.853,66.184,65.748,65.958,4239,18,0
2026-02-24 17:00:00+00:00,65.956,66.278,65.661,65.799,3202,18,0
2026-02-24 18:00:00+00:00,65.795,66.002,65.754,65.912,2289,18,0
2026-02-24 19:00:00+00:00,65.918,65.92,65.523,65.862,2677,18,0
2026-02-24 20:00:00+00:00,65.857,66.424,65.756,66.264,2442,18,0
2026-02-24 21:00:00+00:00,66.261,66.286,65.937,66.042,911,18,0
2026-02-24 23:00:00+00:00,66.049,66.049,65.894,65.988,498,18,0
2026-02-25 00:00:00+00:00,65.995,66.187,65.922,66.05,554,18,0
2026-02-25 01:00:00+00:00,66.045,66.251,65.915,66.016,1767,18,0
2026-02-25 02:00:00+00:00,66.014,66.3,66.014,66.266,1391,18,0
2026-02-25 03:00:00+00:00,66.264,66.537,65.94,65.978,1667,18,0
2026-02-25 04:00:00+00:00,65.976,66.1,65.934,65.975,642,18,0
2026-02-25 05:00:00+00:00,65.976,66.07,65.921,66.005,892,18,0
2026-02-25 06:00:00+00:00,66.0,66.0,65.724,65.954,1353,18,0
2026-02-25 07:00:00+00:00,65.956,66.136,65.791,65.858,1431,18,0
2026-02-25 08:00:00+00:00,65.863,66.089,65.692,65.967,2889,18,0
2026-02-25 09:00:00+00:00,65.986,66.008,65.42,65.598,2761,18,0
2026-02-25 10:00:00+00:00,65.595,65.991,65.558,65.871,2401,18,0
2026-02-25 11:00:00+00:00,65.876,65.939,65.754,65.834,1920,18,0
2026-02-25 12:00:00+00:00,65.832,66.264,65.769,66.17,2953,18,0
2026-02-25 13:00:00+00:00,66.18,66.268,65.826,65.871,3006,18,0
2026-02-25 14:00:00+00:00,65.867,65.982,65.254,65.287,4339,18,0
2026-02-25 15:00:00+00:00,65.287,65.608,65.214,65.388,4401,18,0
2026-02-25 16:00:00+00:00,65.385,65.51,65.092,65.433,4092,18,0
2026-02-25 17:00:00+00:00,65.436,65.542,65.313,65.494,2382,18,0
2026-02-25 18:00:00+00:00,65.492,65.758,65.44,65.565,1962,18,0
2026-02-25 19:00:00+00:00,65.569,65.708,65.311,65.684,2471,18,0
2026-02-25 20:00:00+00:00,65.689,65.697,65.384,65.423,1152,18,0
2026-02-25 21:00:00+00:00,65.428,65.577,65.394,65.54,679,18,0
2026-02-25 23:00:00+00:00,65.627,65.678,65.514,65.576,378,18,0
2026-02-26 00:00:00+00:00,65.574,65.813,65.508,65.708,490,18,0
2026-02-26 01:00:00+00:00,65.707,65.715,65.494,65.578,1405,18,0
2026-02-26 02:00:00+00:00,65.576,65.635,65.299,65.421,1350,18,0
2026-02-26 03:00:00+00:00,65.428,65.57,65.403,65.476,771,18,0
2026-02-26 04:00:00+00:00,65.481,65.575,65.476,65.535,310,18,0
2026-02-26 05:00:00+00:00,65.534,65.622,65.444,65.506,845,18,0
2026-02-26 06:00:00+00:00,65.504,65.528,65.388,65.458,987,18,0
2026-02-26 07:00:00+00:00,65.451,65.567,65.326,65.426,1368,18,0
2026-02-26 08:00:00+00:00,65.429,65.62,65.361,65.42,2551,18,0
2026-02-26 09:00:00+00:00,65.415,65.427,64.774,65.07,3487,18,0
2026-02-26 10:00:00+00:00,65.068,65.081,64.185,64.345,3942,18,0
2026-02-26 11:00:00+00:00,64.344,64.622,64.245,64.283,2189,18,0
2026-02-26 12:00:00+00:00,64.284,64.405,63.822,64.107,3197,18,0
2026-02-26 13:00:00+00:00,64.109,64.464,63.558,64.359,4896,18,0
2026-02-26 14:00:00+00:00,64.355,64.687,64.038,64.673,5384,18,0
2026-02-26 15:00:00+00:00,64.677,66.45,64.673,66.431,9190,18,0
2026-02-26 16:00:00+00:00,66.426,66.648,65.814,66.366,6957,18,0
2026-02-26 17:00:00+00:00,66.367,66.52,66.049,66.398,3544,18,0
2026-02-26 18:00:00+00:00,66.397,66.562,64.919,65.658,8787,18,0
2026-02-26 19:00:00+00:00,65.661,65.74,64.88,65.284,6151,18,0
2026-02-26 20:00:00+00:00,65.289,65.521,65.187,65.457,2023,18,0
2026-02-26 21:00:00+00:00,65.451,65.591,65.358,65.397,1213,18,0
2026-02-26 23:00:00+00:00,65.227,65.32,65.162,65.164,589,18,0
2026-02-27 00:00:00+00:00,65.162,65.256,65.095,65.212,406,18,0
2026-02-27 01:00:00+00:00,65.213,65.213,64.803,65.052,2116,18,0
2026-02-27 02:00:00+00:00,65.053,65.075,64.908,64.998,1372,18,0
2026-02-27 03:00:00+00:00,64.999,65.254,64.982,65.253,999,18,0
2026-02-27 04:00:00+00:00,65.252,65.368,65.188,65.279,565,18,0
2026-02-27 05:00:00+00:00,65.279,65.625,65.279,65.51,1329,18,0
2026-02-27 06:00:00+00:00,65.512,65.698,65.435,65.656,1372,18,0
2026-02-27 07:00:00+00:00,65.658,65.751,65.592,65.695,1498,18,0
2026-02-27 08:00:00+00:00,65.691,65.981,65.49,65.648,3194,18,0
2026-02-27 09:00:00+00:00,65.639,66.391,65.573,66.366,3367,18,0
2026-02-27 10:00:00+00:00,66.37,66.536,66.054,66.478,3443,18,0
2026-02-27 11:00:00+00:00,66.476,66.855,66.394,66.786,3086,18,0
2026-02-27 12:00:00+00:00,66.777,66.967,66.68,66.956,2856,18,0
2026-02-27 13:00:00+00:00,66.958,67.73,66.944,67.678,5884,18,0
2026-02-27 14:00:00+00:00,67.684,67.747,66.812,66.838,7107,18,0
2026-02-27 15:00:00+00:00,66.835,67.02,66.436,66.852,5521,18,0
2026-02-27 16:00:00+00:00,66.85,66.869,66.376,66.496,4651,18,0
2026-02-27 17:00:00+00:00,66.5,66.746,66.081,66.697,5402,18,0
2026-02-27 18:00:00+00:00,66.695,66.996,66.637,66.985,3186,18,0
2026-02-27 19:00:00+00:00,66.989,67.155,66.803,66.991,3306,18,0
2026-02-27 20:00:00+00:00,66.99,67.33,66.934,67.202,2422,18,0
2026-02-27 21:00:00+00:00,67.192,67.344,66.91,67.221,2134,18,0
2026-03-01 23:00:00+00:00,72.604,72.983,70.951,71.807,9987,18,0
2026-03-02 00:00:00+00:00,71.807,71.961,71.408,71.613,6382,18,0
2026-03-02 01:00:00+00:00,71.613,71.67,69.199,69.586,10280,18,0
2026-03-02 02:00:00+00:00,69.579,70.126,69.315,69.83,6679,18,0
2026-03-02 03:00:00+00:00,69.826,70.897,69.755,70.513,3535,18,0
2026-03-02 04:00:00+00:00,70.51,71.135,70.287,70.971,3237,18,0
2026-03-02 05:00:00+00:00,70.965,71.357,70.706,71.349,3462,18,0
2026-03-02 06:00:00+00:00,71.353,72.09,71.344,71.749,4971,18,0
2026-03-02 07:00:00+00:00,71.751,73.069,71.739,72.969,11977,18,0
2026-03-02 08:00:00+00:00,72.956,73.084,71.852,72.286,10974,18,0
2026-03-02 09:00:00+00:00,72.285,72.285,71.556,72.197,9527,18,0
2026-03-02 10:00:00+00:00,72.208,72.228,71.076,71.796,8629,18,0
2026-03-02 11:00:00+00:00,71.801,72.117,70.902,71.74,7039,18,0
2026-03-02 12:00:00+00:00,71.734,72.689,71.711,72.388,7896,18,0
2026-03-02 13:00:00+00:00,72.375,72.375,71.504,72.055,10142,18,0
2026-03-02 14:00:00+00:00,72.06,72.232,70.588,70.865,11900,18,0
2026-03-02 15:00:00+00:00,70.872,71.583,70.739,71.08,9734,18,0
2026-03-02 16:00:00+00:00,71.074,71.165,69.912,70.682,11487,18,0
2026-03-02 17:00:00+00:00,70.686,70.776,70.028,70.429,7873,18,0
2026-03-02 18:00:00+00:00,70.425,71.017,70.14,70.887,5773,18,0
2026-03-02 19:00:00+00:00,70.877,71.083,70.584,70.671,5449,18,0
2026-03-02 20:00:00+00:00,70.672,72.527,70.662,71.326,11281,18,0
2026-03-02 21:00:00+00:00,71.329,71.524,70.75,70.793,4925,18,0
2026-03-02 23:00:00+00:00,70.973,71.226,70.16,70.639,1625,30,0
2026-03-03 00:00:00+00:00,70.645,71.411,70.619,71.353,1370,30,0
2026-03-03 01:00:00+00:00,71.356,71.847,71.348,71.447,5195,18,0
2026-03-03 02:00:00+00:00,71.452,72.173,71.234,72.074,4015,18,0
2026-03-03 03:00:00+00:00,72.078,72.374,71.973,72.118,2785,18,0
2026-03-03 04:00:00+00:00,72.122,72.45,71.942,72.349,2055,18,0
2026-03-03 05:00:00+00:00,72.352,73.055,72.2,72.544,4030,18,0
2026-03-03 06:00:00+00:00,72.546,72.769,72.016,72.718,4415,18,0
2026-03-03 07:00:00+00:00,72.728,73.777,72.681,73.527,7121,18,0
2026-03-03 08:00:00+00:00,73.531,74.165,73.157,74.109,9856,18,0
2026-03-03 09:00:00+00:00,74.102,75.16,73.968,74.814,10395,18,0
2026-03-03 10:00:00+00:00,74.836,76.808,74.487,76.082,12427,18,0
2026-03-03 11:00:00+00:00,76.092,77.121,75.533,76.769,13311,18,0
2026-03-03 12:00:00+00:00,76.782,77.12,75.177,75.415,14475,18,0
2026-03-03 13:00:00+00:00,75.422,75.957,74.811,75.634,14345,18,0
2026-03-03 14:00:00+00:00,75.639,77.197,75.612,76.049,15384,18,0
2026-03-03 15:00:00+00:00,76.053,76.883,75.86,76.302,13122,18,0
2026-03-03 16:00:00+00:00,76.308,76.657,74.037,75.382,15367,18,0
2026-03-03 17:00:00+00:00,75.369,75.828,74.645,74.993,11647,18,0
2026-03-03 18:00:00+00:00,74.999,74.999,73.213,74.19,12436,18,0
2026-03-03 19:00:00+00:00,74.185,74.316,71.272,73.121,17161,18,0
2026-03-03 20:00:00+00:00,73.127,73.716,72.599,73.617,8651,18,0
2026-03-03 21:00:00+00:00,73.623,74.584,73.554,74.292,5961,18,0
2026-03-03 23:00:00+00:00,74.339,74.932,73.957,74.915,1599,30,0
2026-03-04 00:00:00+00:00,74.914,75.076,73.84,74.359,2707,30,0
2026-03-04 01:00:00+00:00,74.353,75.037,73.774,74.316,10877,18,0
2026-03-04 02:00:00+00:00,74.31,74.903,74.135,74.437,6606,18,0
2026-03-04 03:00:00+00:00,74.446,74.731,74.075,74.517,3970,18,0
2026-03-04 04:00:00+00:00,74.521,74.931,74.375,74.848,1678,18,0
2026-03-04 05:00:00+00:00,74.847,75.636,74.62,75.252,4120,18,0
2026-03-04 06:00:00+00:00,75.256,76.19,75.101,76.179,3889,18,0
2026-03-04 07:00:00+00:00,76.155,76.311,75.692,75.806,5066,18,0
2026-03-04 08:00:00+00:00,75.791,76.539,75.448,76.024,9054,18,0
2026-03-04 09:00:00+00:00,76.009,76.187,74.878,76.055,8421,18,0
2026-03-04 10:00:00+00:00,76.054,76.074,74.238,74.568,13070,18,0
2026-03-04 11:00:00+00:00,74.568,74.93,73.84,74.316,8494,18,0
2026-03-04 12:00:00+00:00,74.314,74.654,73.621,73.958,10004,18,0
2026-03-04 13:00:00+00:00,73.975,73.995,72.698,73.328,14324,18,0
2026-03-04 14:00:00+00:00,73.324,74.523,73.108,73.756,14667,18,0
2026-03-04 15:00:00+00:00,73.758,73.935,73.097,73.613,11102,18,0
2026-03-04 16:00:00+00:00,73.616,74.155,73.043,73.552,9303,18,0
2026-03-04 17:00:00+00:00,73.549,74.517,73.446,74.455,7998,18,0
2026-03-04 18:00:00+00:00,74.458,74.562,74.063,74.245,6518,18,0
2026-03-04 19:00:00+00:00,74.248,74.252,73.744,73.874,5451,18,0
2026-03-04 20:00:00+00:00,73.872,74.673,73.861,74.589,4104,18,0
2026-03-04 21:00:00+00:00,74.592,75.468,74.552,75.268,4004,18,0
2026-03-04 23:00:00+00:00,75.084,75.221,74.939,75.06,657,18,0
2026-03-05 00:00:00+00:00,75.068,75.068,74.665,74.815,889,18,0
2026-03-05 01:00:00+00:00,74.826,76.052,74.826,76.011,4965,18,0
2026-03-05 02:00:00+00:00,76.021,76.496,75.852,76.463,3151,18,0
2026-03-05 03:00:00+00:00,76.457,76.46,76.009,76.196,2721,18,0
2026-03-05 04:00:00+00:00,76.191,76.723,76.171,76.452,1773,18,0
2026-03-05 05:00:00+00:00,76.458,77.15,76.403,76.818,3039,18,0
2026-03-05 06:00:00+00:00,76.811,76.823,75.164,75.671,8282,18,0
2026-03-05 07:00:00+00:00,75.664,76.411,75.63,76.255,7609,18,0
2026-03-05 08:00:00+00:00,76.257,76.801,75.985,76.206,9207,18,0
2026-03-05 09:00:00+00:00,76.19,76.306,74.232,75.618,14295,18,0
2026-03-05 10:00:00+00:00,75.621,75.937,75.364,75.762,7852,18,0
2026-03-05 11:00:00+00:00,75.768,76.384,75.576,76.261,6034,18,0
2026-03-05 12:00:00+00:00,76.258,76.609,75.82,76.376,7195,18,0
2026-03-05 13:00:00+00:00,76.372,76.529,75.759,76.362,10370,18,0
2026-03-05 14:00:00+00:00,76.351,77.437,76.093,77.007,11933,18,0
2026-03-05 15:00:00+00:00,77.004,77.972,76.793,77.589,11760,18,0
2026-03-05 16:00:00+00:00,77.593,78.85,77.275,78.13,12036,18,0
2026-03-05 17:00:00+00:00,78.127,78.651,77.694,78.532,10205,18,0
2026-03-05 18:00:00+00:00,78.528,79.841,77.984,79.5,10617,18,0
2026-03-05 19:00:00+00:00,79.49,80.187,79.225,80.096,9964,18,0
2026-03-05 20:00:00+00:00,80.107,80.537,78.134,78.484,14613,18,0
2026-03-05 21:00:00+00:00,78.479,78.639,77.405,77.709,6660,18,0
2026-03-05 23:00:00+00:00,78.125,78.558,77.677,78.125,2462,18,0
2026-03-06 00:00:00+00:00,78.133,78.316,77.336,77.461,2619,18,0
2026-03-06 01:00:00+00:00,77.451,78.425,77.011,78.37,9967,18,0
2026-03-06 02:00:00+00:00,78.367,78.431,77.808,78.301,6380,18,0
2026-03-06 03:00:00+00:00,78.296,78.7,78.107,78.534,4515,18,0
2026-03-06 04:00:00+00:00,78.528,78.644,78.316,78.545,2075,18,0
2026-03-06 05:00:00+00:00,78.551,78.986,78.249,78.878,5728,18,0
2026-03-06 06:00:00+00:00,78.882,79.419,78.77,79.21,6392,18,0
2026-03-06 07:00:00+00:00,79.211,79.603,78.747,79.55,5415,18,0
2026-03-06 08:00:00+00:00,79.557,80.093,79.316,79.714,8685,18,0
2026-03-06 09:00:00+00:00,79.711,82.788,79.51,82.648,13306,18,0
2026-03-06 10:00:00+00:00,82.654,82.658,81.746,82.209,12750,18,0
2026-03-06 11:00:00+00:00,82.202,84.328,82.127,84.123,12989,18,0
2026-03-06 12:00:00+00:00,84.112,84.684,83.491,84.133,11926,18,0
2026-03-06 13:00:00+00:00,84.117,85.603,82.97,85.189,18904,18,0
2026-03-06 14:00:00+00:00,85.175,87.134,84.954,86.291,20190,18,0
2026-03-06 15:00:00+00:00,86.302,86.753,85.165,86.112,17978,18,0
2026-03-06 16:00:00+00:00,86.118,87.59,85.621,87.518,15602,18,0
2026-03-06 17:00:00+00:00,87.521,89.668,87.108,89.487,17690,18,0
2026-03-06 18:00:00+00:00,89.481,89.583,87.05,89.052,20614,18,0
2026-03-06 19:00:00+00:00,89.046,89.373,87.88,89.049,17242,18,0
2026-03-06 20:00:00+00:00,89.031,89.092,88.147,88.521,9100,18,0
2026-03-06 21:00:00+00:00,88.528,89.253,88.444,89.028,5608,18,0
2026-03-08 22:00:00+00:00,98.084,107.258,97.932,103.618,20146,30,0
2026-03-08 23:00:00+00:00,103.645,104.841,101.841,104.398,3844,44,0
2026-03-09 00:00:00+00:00,104.444,106.171,102.944,104.746,3315,44,0
2026-03-09 01:00:00+00:00,104.719,110.619,104.36,110.55,4397,44,0
2026-03-09 02:00:00+00:00,110.555,113.117,108.988,110.672,4711,44,0
2026-03-09 03:00:00+00:00,110.708,112.514,107.937,111.751,5598,44,0
2026-03-09 04:00:00+00:00,111.784,113.143,110.893,112.14,3375,44,0
2026-03-09 05:00:00+00:00,112.108,112.185,99.954,100.801,12914,44,0
2026-03-09 06:00:00+00:00,100.768,103.836,97.635,101.902,8868,44,0
2026-03-09 07:00:00+00:00,101.871,101.871,98.261,100.433,8003,30,0
2026-03-09 08:00:00+00:00,100.469,102.284,99.222,100.466,21820,18,0
2026-03-09 09:00:00+00:00,100.429,101.818,94.193,97.939,26080,18,0
2026-03-09 10:00:00+00:00,97.908,100.734,97.525,100.021,22787,18,0
2026-03-09 11:00:00+00:00,100.027,100.493,98.21,98.897,11254,18,0
2026-03-09 12:00:00+00:00,98.891,100.313,96.953,98.95,15121,18,0
2026-03-09 13:00:00+00:00,98.927,98.934,94.536,96.769,20709,18,0
2026-03-09 14:00:00+00:00,96.788,101.123,96.453,97.567,18298,30,0
2026-03-09 15:00:00+00:00,97.601,97.698,92.129,92.704,15006,30,0
2026-03-09 16:00:00+00:00,92.683,94.475,90.989,92.571,13775,30,0
2026-03-09 17:00:00+00:00,92.548,93.592,92.003,92.561,5872,30,0
2026-03-09 18:00:00+00:00,92.544,93.021,89.313,92.886,8376,30,0
2026-03-09 19:00:00+00:00,92.871,93.173,79.658,84.308,28915,30,0
2026-03-09 20:00:00+00:00,84.331,86.841,81.089,83.12,16199,20,0
2026-03-09 22:00:00+00:00,83.248,87.844,83.108,85.695,3242,20,0
2026-03-09 23:00:00+00:00,85.733,87.78,85.315,86.329,1443,40,0
2026-03-10 00:00:00+00:00,86.359,87.04,83.265,84.691,3498,30,0
2026-03-10 01:00:00+00:00,84.662,84.91,82.462,83.073,3380,30,0
2026-03-10 02:00:00+00:00,83.101,87.009,82.878,86.818,2264,30,0
2026-03-10 03:00:00+00:00,86.789,89.181,86.331,87.764,3132,30,0
2026-03-10 04:00:00+00:00,87.792,88.873,87.555,88.299,1601,30,0
2026-03-10 05:00:00+00:00,88.331,88.331,85.616,87.11,2954,30,0
2026-03-10 06:00:00+00:00,87.135,88.159,86.042,87.898,2353,30,0
2026-03-10 07:00:00+00:00,87.87,88.125,83.873,84.133,3632,20,0
2026-03-10 08:00:00+00:00,84.129,86.876,83.66,86.821,16100,20,0
2026-03-10 09:00:00+00:00,86.825,86.979,84.002,85.072,14437,20,0
2026-03-10 10:00:00+00:00,85.065,87.858,84.888,86.538,15024,20,0
2026-03-10 11:00:00+00:00,86.525,87.665,84.636,87.038,15313,20,0
2026-03-10 12:00:00+00:00,87.033,88.839,86.58,87.367,15494,20,0
2026-03-10 13:00:00+00:00,87.39,87.39,85.274,85.664,21676,20,0
2026-03-10 14:00:00+00:00,85.663,86.615,81.728,82.723,21913,20,0
2026-03-10 15:00:00+00:00,82.703,83.477,81.43,82.927,15708,20,0
2026-03-10 16:00:00+00:00,82.905,84.228,80.765,81.011,6845,20,0
2026-03-10 17:00:00+00:00,80.993,81.309,75.938,79.166,16305,20,0
2026-03-10 18:00:00+00:00,79.145,85.425,78.598,83.027,15752,20,0
2026-03-10 19:00:00+00:00,83.034,86.293,82.866,85.453,7988,20,0
2026-03-10 20:00:00+00:00,85.427,86.032,84.578,85.307,3629,20,0
2026-03-10 22:00:00+00:00,86.013,87.27,85.777,87.118,641,30,0
2026-03-10 23:00:00+00:00,87.081,87.103,84.1,84.565,980,40,0
2026-03-11 00:00:00+00:00,84.599,84.655,80.853,82.01,2979,30,0
2026-03-11 01:00:00+00:00,82.036,83.406,81.52,82.287,2157,30,0
2026-03-11 02:00:00+00:00,82.256,83.968,82.191,83.167,1490,30,0
2026-03-11 03:00:00+00:00,83.179,83.34,81.793,81.96,1085,30,0
2026-03-11 04:00:00+00:00,81.945,82.628,81.484,82.167,741,30,0
2026-03-11 05:00:00+00:00,82.139,83.257,82.059,82.983,938,30,0
2026-03-11 06:00:00+00:00,83.013,83.518,82.131,82.522,890,30,0
2026-03-11 07:00:00+00:00,82.554,84.65,82.286,84.385,1829,30,0
2026-03-11 08:00:00+00:00,84.364,85.647,83.789,85.311,3784,20,0
2026-03-11 09:00:00+00:00,85.289,87.559,85.092,87.434,4076,20,0
2026-03-11 10:00:00+00:00,87.412,87.412,83.5,83.782,5130,30,0
2026-03-11 11:00:00+00:00,83.804,86.159,83.542,85.478,11104,20,0
2026-03-11 12:00:00+00:00,85.468,86.798,84.983,85.963,12124,20,0
2026-03-11 13:00:00+00:00,85.958,86.045,82.643,83.114,21435,20,0
2026-03-11 14:00:00+00:00,83.119,85.913,81.485,85.191,24822,20,0
2026-03-11 15:00:00+00:00,85.198,86.561,84.793,86.428,15508,20,0
2026-03-11 16:00:00+00:00,86.434,87.462,85.801,86.07,14368,20,0
2026-03-11 17:00:00+00:00,86.064,87.249,85.194,86.687,12097,20,0
2026-03-11 18:00:00+00:00,86.673,87.284,85.841,86.276,13095,20,0
2026-03-11 19:00:00+00:00,86.288,87.09,85.994,87.009,4364,20,0
2026-03-11 20:00:00+00:00,87.021,87.546,86.817,87.32,3021,20,0
2026-03-11 22:00:00+00:00,88.059,91.813,87.65,89.764,1631,20,0
2026-03-11 23:00:00+00:00,89.804,93.505,89.713,91.437,1768,40,0
2026-03-12 00:00:00+00:00,91.473,93.155,91.038,92.116,2691,30,0
2026-03-12 01:00:00+00:00,92.067,92.525,90.581,92.011,2235,30,0
2026-03-12 02:00:00+00:00,92.047,94.796,91.975,93.35,1924,30,0
2026-03-12 03:00:00+00:00,93.381,94.443,93.002,93.479,1424,30,0
2026-03-12 04:00:00+00:00,93.448,94.089,93.069,93.701,900,30,0
2026-03-12 05:00:00+00:00,93.673,93.673,91.296,91.971,2860,30,0
2026-03-12 06:00:00+00:00,92.006,92.546,90.368,91.407,2213,30,0
2026-03-12 07:00:00+00:00,91.372,91.372,88.885,89.405,3029,30,0
2026-03-12 08:00:00+00:00,89.383,91.555,89.205,91.174,9410,20,0
2026-03-12 09:00:00+00:00,91.167,91.988,89.959,90.14,9415,20,0
2026-03-12 10:00:00+00:00,90.132,90.737,89.686,90.046,8681,20,0
2026-03-12 11:00:00+00:00,90.057,91.748,89.976,91.623,6459,20,0
2026-03-12 12:00:00+00:00,91.599,92.408,91.304,91.752,3597,20,0
2026-03-12 13:00:00+00:00,91.735,93.917,91.429,93.425,8611,20,0
2026-03-12 14:00:00+00:00,93.437,94.862,92.795,94.198,7078,20,0
2026-03-12 15:00:00+00:00,94.182,95.488,92.804,93.119,9862,20,0
2026-03-12 16:00:00+00:00,93.133,94.307,91.729,93.529,7741,20,0
2026-03-12 17:00:00+00:00,93.512,94.247,93.2,93.313,3976,20,0
2026-03-12 18:00:00+00:00,93.296,95.609,92.872,95.48,3419,20,0
2026-03-12 19:00:00+00:00,95.457,95.862,94.419,95.232,3545,20,0
2026-03-12 20:00:00+00:00,95.238,95.511,94.584,95.243,4935,20,0
2026-03-12 22:00:00+00:00,95.844,96.89,94.665,95.262,974,30,0
2026-03-12 23:00:00+00:00,95.296,96.403,95.253,95.53,712,40,0
2026-03-13 00:00:00+00:00,95.493,95.593,93.785,94.495,1207,30,0
2026-03-13 01:00:00+00:00,94.52,95.065,93.63,94.554,1189,30,0
2026-03-13 02:00:00+00:00,94.566,95.317,94.226,95.14,797,30,0
2026-03-13 03:00:00+00:00,95.11,95.476,94.139,94.481,779,30,0
2026-03-13 04:00:00+00:00,94.457,94.776,94.153,94.204,387,30,0
2026-03-13 05:00:00+00:00,94.219,94.552,93.854,94.057,763,30,0
2026-03-13 06:00:00+00:00,94.028,95.253,93.46,95.164,1088,30,0
2026-03-13 07:00:00+00:00,95.193,96.469,95.001,96.161,1361,30,0
2026-03-13 08:00:00+00:00,96.138,96.78,94.517,94.663,8095,20,0
2026-03-13 09:00:00+00:00,94.656,95.297,93.948,94.839,8441,20,0
2026-03-13 10:00:00+00:00,94.83,94.98,92.504,92.752,8847,20,0
2026-03-13 11:00:00+00:00,92.744,94.138,92.251,92.558,10892,20,0
2026-03-13 12:00:00+00:00,92.575,93.433,91.242,92.558,11050,20,0
2026-03-13 13:00:00+00:00,92.547,93.4,91.924,93.289,16613,20,0
2026-03-13 14:00:00+00:00,93.29,94.417,92.863,94.326,12099,20,0
2026-03-13 15:00:00+00:00,94.318,95.476,94.092,95.05,11995,20,0
2026-03-13 16:00:00+00:00,95.065,96.04,94.887,95.406,10550,20,0
2026-03-13 17:00:00+00:00,95.416,96.488,94.927,96.253,8002,20,0
2026-03-13 18:00:00+00:00,96.249,97.513,95.419,95.862,7578,20,0
2026-03-13 19:00:00+00:00,95.879,96.604,95.648,96.456,1669,20,0
2026-03-13 20:00:00+00:00,96.478,97.452,96.478,97.339,3682,20,0
2026-03-15 22:00:00+00:00,99.012,99.819,97.706,97.893,3307,20,0
2026-03-15 23:00:00+00:00,97.865,98.658,96.748,97.108,1736,30,0
2026-03-16 00:00:00+00:00,97.128,97.182,95.752,95.821,1515,30,0
2026-03-16 01:00:00+00:00,95.799,97.281,95.174,97.072,1651,30,0
2026-03-16 02:00:00+00:00,97.044,97.936,96.618,97.497,1331,30,0
2026-03-16 03:00:00+00:00,97.527,97.763,97.06,97.637,638,30,0
2026-03-16 04:00:00+00:00,97.672,98.135,97.598,97.919,305,30,0
2026-03-16 05:00:00+00:00,97.952,98.152,96.808,96.931,673,30,0
2026-03-16 06:00:00+00:00,96.906,98.154,96.619,97.442,731,30,0
2026-03-16 07:00:00+00:00,97.472,99.336,97.106,98.873,1275,20,0
2026-03-16 08:00:00+00:00,98.84,99.263,98.098,98.311,7732,20,0
2026-03-16 09:00:00+00:00,98.302,98.811,97.318,97.816,6003,20,0
2026-03-16 10:00:00+00:00,97.806,97.96,95.622,95.737,8151,20,0
2026-03-16 11:00:00+00:00,95.752,96.725,95.603,96.033,8091,20,0
2026-03-16 12:00:00+00:00,96.049,96.4,93.439,94.198,5271,20,0
2026-03-16 13:00:00+00:00,94.205,94.689,91.88,92.22,7157,20,0
2026-03-16 14:00:00+00:00,92.203,94.466,91.939,94.147,5608,20,0
2026-03-16 15:00:00+00:00,94.161,94.681,93.531,94.418,3157,20,0
2026-03-16 16:00:00+00:00,94.401,95.532,93.898,94.522,3417,20,0
2026-03-16 17:00:00+00:00,94.543,94.588,92.7,93.238,3983,20,0
2026-03-16 18:00:00+00:00,93.254,93.498,92.012,92.488,3342,20,0
2026-03-16 19:00:00+00:00,92.507,93.733,92.004,92.404,2612,20,0
2026-03-16 20:00:00+00:00,92.377,93.398,92.142,93.158,1615,20,0
2026-03-16 22:00:00+00:00,93.424,94.191,92.87,93.911,2519,20,0
2026-03-16 23:00:00+00:00,93.922,94.275,93.43,93.866,2270,20,0
2026-03-17 00:00:00+00:00,93.877,95.369,93.794,94.91,4302,20,0
2026-03-17 01:00:00+00:00,94.917,95.221,94.304,95.0,5845,20,0
2026-03-17 02:00:00+00:00,94.994,95.301,94.71,95.108,3204,20,0
2026-03-17 03:00:00+00:00,95.1,95.379,94.898,95.169,2960,20,0
2026-03-17 04:00:00+00:00,95.179,95.454,94.608,95.013,1972,20,0
2026-03-17 05:00:00+00:00,95.021,97.194,94.463,97.022,4373,20,0
2026-03-17 06:00:00+00:00,97.041,97.63,96.201,96.79,8291,20,0
2026-03-17 07:00:00+00:00,96.799,97.028,95.7,96.039,6906,20,0
2026-03-17 08:00:00+00:00,96.033,97.05,95.867,96.633,10231,20,0
2026-03-17 09:00:00+00:00,96.641,96.658,94.957,95.224,8770,20,0
2026-03-17 10:00:00+00:00,95.217,96.237,95.214,95.539,6431,20,0
2026-03-17 11:00:00+00:00,95.535,96.369,95.518,96.208,5431,20,0
2026-03-17 12:00:00+00:00,96.212,96.322,94.577,94.577,8528,20,0
2026-03-17 13:00:00+00:00,94.575,94.81,93.336,94.409,12525,20,0
2026-03-17 14:00:00+00:00,94.424,94.809,93.174,93.498,8353,20,0
2026-03-17 15:00:00+00:00,93.505,95.18,93.258,94.877,8656,20,0
2026-03-17 16:00:00+00:00,94.872,95.057,93.607,94.308,9415,20,0
2026-03-17 17:00:00+00:00,94.315,95.361,94.275,95.142,6340,20,0
2026-03-17 18:00:00+00:00,95.133,95.649,94.803,95.268,5353,20,0
2026-03-17 19:00:00+00:00,95.276,95.592,94.973,95.431,3349,20,0
2026-03-17 20:00:00+00:00,95.436,95.605,95.074,95.274,1994,20,0
2026-03-17 22:00:00+00:00,95.148,95.457,94.076,94.968,1947,20,0
2026-03-17 23:00:00+00:00,94.951,95.469,94.771,95.099,1264,20,0
2026-03-18 00:00:00+00:00,95.105,95.151,93.766,93.979,3713,20,0
2026-03-18 01:00:00+00:00,93.974,94.311,93.602,94.124,4837,20,0
2026-03-18 02:00:00+00:00,94.117,94.333,93.037,93.598,3760,20,0
2026-03-18 03:00:00+00:00,93.592,93.704,92.213,92.303,3971,20,0
2026-03-18 04:00:00+00:00,92.314,92.462,91.999,92.328,3978,20,0
2026-03-18 05:00:00+00:00,92.336,92.749,91.7,91.892,4235,20,0
2026-03-18 06:00:00+00:00,91.9,92.714,91.287,92.589,5909,20,0
2026-03-18 07:00:00+00:00,92.583,93.149,92.443,93.084,4372,20,0
2026-03-18 08:00:00+00:00,93.076,94.055,92.983,93.68,7797,20,0
2026-03-18 09:00:00+00:00,93.673,94.312,93.518,94.114,6213,20,0
2026-03-18 10:00:00+00:00,94.115,94.379,93.829,94.102,6124,20,0
2026-03-18 11:00:00+00:00,94.119,95.364,93.713,94.347,12047,20,0
2026-03-18 12:00:00+00:00,94.341,97.103,94.263,96.934,19577,20,0
2026-03-18 13:00:00+00:00,96.942,98.018,96.589,97.834,22141,20,0
2026-03-18 14:00:00+00:00,97.832,98.45,97.173,97.816,15387,20,0
2026-03-18 15:00:00+00:00,97.819,98.179,96.745,96.995,18371,20,0
2026-03-18 16:00:00+00:00,96.987,97.31,96.363,96.886,15241,20,0
2026-03-18 17:00:00+00:00,96.885,97.211,94.865,95.022,13996,20,0
2026-03-18 18:00:00+00:00,95.032,96.334,94.104,96.12,17736,20,0
2026-03-18 19:00:00+00:00,96.111,97.827,95.695,97.494,9301,20,0
2026-03-18 20:00:00+00:00,97.503,99.594,97.399,98.892,9358,20,0
2026-03-18 22:00:00+00:00,97.29,98.33,97.246,97.87,2217,20,0
2026-03-18 23:00:00+00:00,97.864,98.251,97.004,98.0,2744,20,0
2026-03-19 00:00:00+00:00,97.98,98.82,97.85,98.034,8210,20,0
2026-03-19 01:00:00+00:00,98.023,98.322,97.103,97.735,9392,20,0
2026-03-19 02:00:00+00:00,97.732,97.928,95.455,95.905,10756,20,0
2026-03-19 03:00:00+00:00,95.909,96.244,95.565,96.174,5663,20,0
2026-03-19 04:00:00+00:00,96.18,96.536,96.01,96.215,3247,20,0
2026-03-19 05:00:00+00:00,96.218,96.963,95.673,96.173,6215,20,0
2026-03-19 06:00:00+00:00,96.178,96.509,95.743,96.015,7609,20,0
2026-03-19 07:00:00+00:00,96.02,96.689,95.033,96.462,12776,20,0
2026-03-19 08:00:00+00:00,96.457,96.998,95.515,96.507,14412,20,0
2026-03-19 09:00:00+00:00,96.5,98.614,94.131,94.867,20081,20,0
2026-03-19 10:00:00+00:00,94.88,96.167,94.561,95.945,13528,20,0
2026-03-19 11:00:00+00:00,95.949,97.421,95.652,96.337,10299,20,0
2026-03-19 12:00:00+00:00,96.342,96.63,95.024,96.005,12105,20,0
2026-03-19 13:00:00+00:00,96.004,96.936,95.097,95.802,22791,20,0
2026-03-19 14:00:00+00:00,95.796,96.936,95.481,96.199,17080,20,0
2026-03-19 15:00:00+00:00,96.21,100.16,95.403,97.775,22717,20,0
2026-03-19 16:00:00+00:00,97.781,98.371,96.355,96.848,17569,20,0
2026-03-19 17:00:00+00:00,96.845,96.986,94.879,95.514,13586,20,0
2026-03-19 18:00:00+00:00,95.518,95.931,94.011,94.719,15686,20,0
2026-03-19 19:00:00+00:00,94.716,95.042,91.872,93.964,19951,20,0
2026-03-19 20:00:00+00:00,93.959,94.509,93.702,94.378,5753,20,0
2026-03-19 22:00:00+00:00,94.249,94.39,93.561,93.573,1557,20,0
2026-03-19 23:00:00+00:00,93.564,93.738,93.224,93.553,1516,20,0
2026-03-20 00:00:00+00:00,93.548,94.008,93.012,93.772,4182,20,0
2026-03-20 01:00:00+00:00,93.764,93.935,92.066,92.578,8998,20,0
2026-03-20 02:00:00+00:00,92.571,93.334,92.442,93.223,4945,20,0
2026-03-20 03:00:00+00:00,93.231,93.731,92.949,93.454,3317,20,0
2026-03-20 04:00:00+00:00,93.444,93.676,92.999,93.642,2174,20,0
2026-03-20 05:00:00+00:00,93.633,93.819,92.882,93.027,4142,20,0
2026-03-20 06:00:00+00:00,93.037,94.349,93.005,94.108,5229,20,0
2026-03-20 07:00:00+00:00,94.117,94.384,93.175,93.293,5777,20,0
2026-03-20 08:00:00+00:00,93.288,95.146,92.904,95.103,14126,20,0
2026-03-20 09:00:00+00:00,95.098,95.803,94.703,95.506,11037,20,0
2026-03-20 10:00:00+00:00,95.519,96.063,94.943,95.09,8090,20,0
2026-03-20 11:00:00+00:00,95.081,95.146,93.699,93.824,9062,20,0
2026-03-20 12:00:00+00:00,93.818,94.788,93.528,94.596,11092,20,0
2026-03-20 13:00:00+00:00,94.587,95.764,94.366,95.56,16150,20,0
2026-03-20 14:00:00+00:00,95.557,96.62,94.845,96.401,14918,20,0
2026-03-20 15:00:00+00:00,96.394,96.599,95.303,96.107,13738,20,0
2026-03-20 16:00:00+00:00,96.102,97.279,95.768,97.034,12454,20,0
2026-03-20 17:00:00+00:00,97.031,97.989,96.891,97.504,12693,20,0
2026-03-20 18:00:00+00:00,97.498,98.266,96.461,98.087,20226,20,0
2026-03-20 19:00:00+00:00,98.083,98.264,96.926,96.995,11185,20,0
2026-03-20 20:00:00+00:00,96.99,97.591,96.943,97.467,6726,20,0
2026-03-22 22:00:00+00:00,99.114,99.507,96.143,97.382,10094,20,0
2026-03-22 23:00:00+00:00,97.372,98.067,97.125,97.869,4399,20,0
2026-03-23 00:00:00+00:00,97.862,98.225,97.183,97.424,4827,20,0
2026-03-23 01:00:00+00:00,97.433,98.024,97.279,97.865,7197,20,0
2026-03-23 02:00:00+00:00,97.859,98.336,97.679,98.15,5114,20,0
2026-03-23 03:00:00+00:00,98.162,98.606,98.138,98.481,2576,20,0
2026-03-23 04:00:00+00:00,98.49,98.576,98.073,98.175,1627,20,0
2026-03-23 05:00:00+00:00,98.188,98.286,97.252,97.815,4004,20,0
2026-03-23 06:00:00+00:00,97.807,100.139,97.701,99.894,9577,20,0
2026-03-23 07:00:00+00:00,99.886,100.998,99.676,100.452,7562,20,0
2026-03-23 08:00:00+00:00,100.446,100.446,98.763,98.779,14931,20,0
2026-03-23 09:00:00+00:00,98.761,98.864,97.536,98.332,6081,20,0
2026-03-23 10:00:00+00:00,98.323,98.852,96.872,98.006,9499,20,0
2026-03-23 11:00:00+00:00,97.999,98.208,83.947,91.971,30845,20,0
2026-03-23 12:00:00+00:00,91.952,92.772,88.031,88.833,20348,20,0
2026-03-23 13:00:00+00:00,88.819,90.727,87.611,88.618,21771,20,0
2026-03-23 14:00:00+00:00,88.633,89.776,87.459,88.751,18533,20,0
2026-03-23 15:00:00+00:00,88.731,90.249,84.93,89.918,28335,20,0
2026-03-23 16:00:00+00:00,89.902,91.314,88.556,89.104,21139,20,0
2026-03-23 17:00:00+00:00,89.08,89.762,87.958,88.156,16009,20,0
2026-03-23 18:00:00+00:00,88.152,88.97,86.204,87.199,17485,20,0
2026-03-23 19:00:00+00:00,87.194,88.326,86.918,88.184,9979,20,0
2026-03-23 20:00:00+00:00,88.197,88.938,87.861,88.394,6261,20,0
2026-03-23 22:00:00+00:00,88.288,88.826,88.182,88.451,1080,20,0
2026-03-23 23:00:00+00:00,88.442,88.921,87.855,88.776,717,20,0
2026-03-24 00:00:00+00:00,88.753,90.326,88.692,89.758,2659,20,0
2026-03-24 01:00:00+00:00,89.748,91.201,89.721,90.837,1833,20,0
2026-03-24 02:00:00+00:00,90.821,91.288,90.259,90.558,1472,20,0
2026-03-24 03:00:00+00:00,90.577,91.147,90.53,90.932,742,20,0
2026-03-24 04:00:00+00:00,90.912,91.566,90.769,90.821,519,20,0
2026-03-24 05:00:00+00:00,90.846,91.572,90.622,90.9,1153,20,0
2026-03-24 06:00:00+00:00,90.925,90.976,89.936,90.16,2375,20,0
2026-03-24 07:00:00+00:00,90.191,90.402,88.784,88.837,4092,20,0
2026-03-24 08:00:00+00:00,88.84,90.162,88.499,89.884,15333,20,0
2026-03-24 09:00:00+00:00,89.865,90.763,89.605,89.746,8331,20,0
2026-03-24 10:00:00+00:00,89.751,89.965,88.752,89.715,8388,20,0
2026-03-24 11:00:00+00:00,89.713,90.765,89.31,90.215,9221,20,0
2026-03-24 12:00:00+00:00,90.21,91.546,90.13,91.15,5267,20,0
2026-03-24 13:00:00+00:00,91.163,92.038,90.796,91.436,7284,20,0
2026-03-24 14:00:00+00:00,91.426,91.639,89.894,90.548,12670,20,0
2026-03-24 15:00:00+00:00,90.539,91.721,89.931,91.573,13869,20,0
2026-03-24 16:00:00+00:00,91.569,92.183,91.26,91.964,10595,20,0
2026-03-24 17:00:00+00:00,91.96,92.686,90.534,91.114,11377,20,0
2026-03-24 18:00:00+00:00,91.108,91.977,90.361,91.174,14210,20,0
2026-03-24 19:00:00+00:00,91.16,91.336,90.548,91.252,6842,20,0
2026-03-24 20:00:00+00:00,91.245,91.312,85.836,87.878,19276,20,0
2026-03-24 22:00:00+00:00,88.204,88.584,87.134,88.031,2601,20,0
2026-03-24 23:00:00+00:00,88.022,88.264,87.778,88.132,1948,20,0
2026-03-25 00:00:00+00:00,88.141,88.262,86.046,87.074,8932,20,0
2026-03-25 01:00:00+00:00,87.071,87.349,86.047,86.861,12408,20,0
2026-03-25 02:00:00+00:00,86.853,88.403,86.602,88.265,9183,20,0
2026-03-25 03:00:00+00:00,88.277,88.483,87.627,88.204,7097,20,0
2026-03-25 04:00:00+00:00,88.21,88.373,87.541,87.595,6079,20,0
2026-03-25 05:00:00+00:00,87.59,88.619,87.59,88.429,7215,20,0
2026-03-25 06:00:00+00:00,88.414,88.834,88.197,88.488,8240,20,0
2026-03-25 07:00:00+00:00,88.478,88.532,87.535,87.648,7979,20,0
2026-03-25 08:00:00+00:00,87.645,87.827,85.96,86.978,13669,20,0
2026-03-25 09:00:00+00:00,86.968,88.124,86.544,87.086,9100,20,0
2026-03-25 10:00:00+00:00,87.045,87.286,86.294,86.462,8480,20,0
2026-03-25 11:00:00+00:00,86.457,87.332,85.841,86.664,9165,20,0
2026-03-25 12:00:00+00:00,86.659,88.733,86.43,87.808,12581,20,0
2026-03-25 13:00:00+00:00,87.787,88.145,86.813,88.015,12741,20,0
2026-03-25 14:00:00+00:00,88.012,88.434,87.585,88.271,11556,20,0
2026-03-25 15:00:00+00:00,88.277,89.6,88.092,89.561,11882,20,0
2026-03-25 16:00:00+00:00,89.566,89.89,88.575,89.385,12848,20,0
2026-03-25 17:00:00+00:00,89.382,90.153,88.667,89.524,11459,20,0
2026-03-25 18:00:00+00:00,89.527,90.596,89.137,90.426,10163,20,0
2026-03-25 19:00:00+00:00,90.434,90.803,89.771,90.153,5737,20,0
2026-03-25 20:00:00+00:00,90.167,90.665,90.12,90.526,4650,20,0
2026-03-25 22:00:00+00:00,90.323,90.375,89.939,90.052,1424,20,0
2026-03-25 23:00:00+00:00,90.052,90.265,89.768,90.104,1361,20,0
2026-03-26 00:00:00+00:00,90.111,90.645,89.994,90.294,5080,20,0
2026-03-26 01:00:00+00:00,90.29,90.667,90.02,90.343,5838,20,0
2026-03-26 02:00:00+00:00,90.348,91.041,90.129,90.949,5725,20,0
2026-03-26 03:00:00+00:00,90.949,91.131,90.61,90.769,3492,20,0
2026-03-26 04:00:00+00:00,90.77,91.17,90.654,91.104,2991,20,0
2026-03-26 05:00:00+00:00,91.1,91.445,90.954,91.372,5335,20,0
2026-03-26 06:00:00+00:00,91.374,91.52,91.13,91.339,6106,20,0
2026-03-26 07:00:00+00:00,91.335,92.358,91.32,92.096,7097,20,0
2026-03-26 08:00:00+00:00,92.097,93.118,91.719,92.657,9518,20,0
2026-03-26 09:00:00+00:00,92.661,92.964,92.214,92.51,7254,20,0
2026-03-26 10:00:00+00:00,92.506,92.756,91.683,92.268,7758,20,0
2026-03-26 11:00:00+00:00,92.25,93.83,92.066,93.656,7299,20,0
2026-03-26 12:00:00+00:00,93.661,93.82,92.971,93.401,7573,20,0
2026-03-26 13:00:00+00:00,93.404,93.435,91.691,91.759,12758,20,0
2026-03-26 14:00:00+00:00,91.735,93.098,91.397,92.618,13302,20,0
2026-03-26 15:00:00+00:00,92.618,93.685,92.441,93.5,11415,20,0
2026-03-26 16:00:00+00:00,93.507,94.112,93.239,93.572,9984,20,0
2026-03-26 17:00:00+00:00,93.573,94.23,93.438,94.036,8127,20,0
2026-03-26 18:00:00+00:00,94.045,94.093,92.935,93.182,8946,20,0
2026-03-26 19:00:00+00:00,93.191,93.528,92.86,92.995,5966,20,0
2026-03-26 20:00:00+00:00,92.986,93.293,88.506,92.651,22725,20,0
2026-03-26 22:00:00+00:00,92.242,92.538,91.921,92.092,1506,20,0
2026-03-26 23:00:00+00:00,92.094,92.307,91.881,92.066,1294,20,0
2026-03-27 00:00:00+00:00,92.065,92.886,91.542,92.805,6087,20,0
2026-03-27 01:00:00+00:00,92.806,92.942,91.721,91.807,7908,20,0
2026-03-27 02:00:00+00:00,91.812,92.305,90.858,92.121,7474,20,0
2026-03-27 03:00:00+00:00,92.126,92.542,92.093,92.243,4543,20,0
2026-03-27 04:00:00+00:00,92.233,92.618,92.216,92.573,2946,20,0
2026-03-27 05:00:00+00:00,92.569,92.831,92.279,92.801,4585,20,0
2026-03-27 06:00:00+00:00,92.791,93.191,92.411,93.083,5941,20,0
2026-03-27 07:00:00+00:00,93.078,94.165,92.931,93.794,6484,20,0
2026-03-27 08:00:00+00:00,93.787,94.986,93.576,94.789,9242,20,0
2026-03-27 09:00:00+00:00,94.776,95.4,94.415,94.75,6996,20,0
2026-03-27 10:00:00+00:00,94.743,95.749,94.461,95.642,6078,20,0
2026-03-27 11:00:00+00:00,95.639,95.815,94.931,95.221,6796,20,0
2026-03-27 12:00:00+00:00,95.228,95.795,95.04,95.315,7353,20,0
2026-03-27 13:00:00+00:00,95.311,96.303,95.1,96.199,11834,20,0
2026-03-27 14:00:00+00:00,96.196,96.636,95.258,96.475,10978,20,0
2026-03-27 15:00:00+00:00,96.477,96.482,95.28,96.245,12128,20,0
2026-03-27 16:00:00+00:00,96.249,96.967,95.996,96.893,10250,20,0
2026-03-27 17:00:00+00:00,96.897,96.917,96.204,96.771,8237,20,0
2026-03-27 18:00:00+00:00,96.776,97.955,96.723,97.164,12664,20,0
2026-03-27 19:00:00+00:00,97.16,98.486,96.827,97.575,10513,20,0
2026-03-27 20:00:00+00:00,97.579,99.081,97.002,98.773,15012,20,0
2026-03-29 22:00:00+00:00,99.634,100.763,98.717,99.594,7490,20,0
2026-03-29 23:00:00+00:00,99.6,100.432,99.349,100.278,3801,20,0
2026-03-30 00:00:00+00:00,100.309,100.61,98.585,100.532,10388,20,0
2026-03-30 01:00:00+00:00,100.543,100.707,99.237,99.501,8405,20,0
2026-03-30 02:00:00+00:00,99.502,100.47,98.804,99.194,8170,20,0
2026-03-30 03:00:00+00:00,99.182,99.26,97.866,99.104,11710,20,0
2026-03-30 04:00:00+00:00,99.102,99.112,98.613,99.05,5290,20,0
2026-03-30 05:00:00+00:00,99.043,99.087,98.138,98.43,7682,20,0
2026-03-30 06:00:00+00:00,98.399,99.24,98.033,99.081,7313,20,0
2026-03-30 07:00:00+00:00,99.08,99.649,98.654,99.191,7482,20,0
2026-03-30 08:00:00+00:00,99.187,99.932,98.221,98.589,9720,20,0
2026-03-30 09:00:00+00:00,98.573,99.245,98.245,99.018,6924,20,0
2026-03-30 10:00:00+00:00,99.022,99.429,98.738,99.123,4630,20,0
2026-03-30 11:00:00+00:00,99.117,99.195,97.357,98.599,8346,20,0
2026-03-30 12:00:00+00:00,98.595,98.905,97.953,98.159,7581,20,0
2026-03-30 13:00:00+00:00,98.165,100.146,97.525,99.708,12453,20,0
2026-03-30 14:00:00+00:00,99.704,99.801,98.665,99.386,12431,20,0
2026-03-30 15:00:00+00:00,99.39,100.173,98.79,100.098,12046,20,0
2026-03-30 16:00:00+00:00,100.106,100.888,99.545,99.992,9882,20,0
2026-03-30 17:00:00+00:00,99.986,100.796,99.797,100.424,8914,20,0
2026-03-30 18:00:00+00:00,100.43,100.497,99.484,100.378,9536,20,0
2026-03-30 19:00:00+00:00,100.374,101.333,100.227,101.108,7080,20,0
2026-03-30 20:00:00+00:00,101.112,102.306,101.108,101.949,6903,20,0
2026-03-30 22:00:00+00:00,101.567,102.272,101.223,102.249,1659,20,0
2026-03-30 23:00:00+00:00,102.201,103.405,102.134,102.719,4281,20,0
2026-03-31 00:00:00+00:00,102.725,102.988,100.643,100.66,8539,20,0
2026-03-31 01:00:00+00:00,100.675,101.386,97.642,98.422,16078,20,0
2026-03-31 02:00:00+00:00,98.417,99.358,98.213,99.04,8604,20,0
2026-03-31 03:00:00+00:00,99.046,99.975,98.402,99.816,5933,20,0
2026-03-31 04:00:00+00:00,99.817,99.95,99.438,99.615,4088,20,0
2026-03-31 05:00:00+00:00,99.611,100.225,99.264,99.519,6982,20,0
2026-03-31 06:00:00+00:00,99.513,99.878,99.275,99.479,5459,20,0
2026-03-31 07:00:00+00:00,99.481,100.257,98.67,98.945,5978,20,0
2026-03-31 08:00:00+00:00,98.946,99.821,98.83,99.384,8470,20,0
2026-03-31 09:00:00+00:00,99.364,100.989,98.353,100.88,8644,20,0
2026-03-31 10:00:00+00:00,100.864,101.443,100.313,101.283,7254,20,0
2026-03-31 11:00:00+00:00,101.282,101.65,99.263,99.532,11314,20,0
2026-03-31 12:00:00+00:00,99.529,100.727,99.136,99.931,9535,20,0
2026-03-31 13:00:00+00:00,99.925,100.482,98.895,99.152,10444,20,0
2026-03-31 14:00:00+00:00,99.154,100.862,98.86,100.745,12095,20,0
2026-03-31 15:00:00+00:00,100.738,101.01,99.944,100.825,12965,20,0
2026-03-31 16:00:00+00:00,100.83,101.222,96.262,98.285,20127,20,0
2026-03-31 17:00:00+00:00,98.28,98.835,96.348,98.632,20106,20,0
2026-03-31 18:00:00+00:00,98.637,98.704,96.935,98.406,14345,20,0
2026-03-31 19:00:00+00:00,98.404,98.548,97.674,98.125,7405,20,0
2026-03-31 20:00:00+00:00,98.131,98.201,96.675,97.464,10826,20,0
2026-03-31 22:00:00+00:00,97.314,98.378,97.209,97.828,2263,20,0
2026-03-31 23:00:00+00:00,97.832,97.859,97.106,97.106,1849,20,0
2026-04-01 00:00:00+00:00,97.114,97.993,97.078,97.624,4068,20,0
2026-04-01 01:00:00+00:00,97.623,98.754,97.408,98.562,6469,20,0
2026-04-01 02:00:00+00:00,98.559,98.83,98.147,98.718,4379,20,0
2026-04-01 03:00:00+00:00,98.718,98.807,98.309,98.436,3391,20,0
2026-04-01 04:00:00+00:00,98.432,98.608,98.038,98.095,2365,20,0
2026-04-01 05:00:00+00:00,98.094,98.186,96.584,96.795,5730,20,0
2026-04-01 06:00:00+00:00,96.788,96.874,92.477,92.803,13731,20,0
2026-04-01 07:00:00+00:00,92.805,94.428,92.466,94.224,12000,20,0
2026-04-01 08:00:00+00:00,94.213,95.262,93.92,95.159,10034,20,0
2026-04-01 09:00:00+00:00,95.169,96.375,94.944,95.9,8592,20,0
2026-04-01 10:00:00+00:00,95.885,96.319,95.187,95.708,8143,20,0
2026-04-01 11:00:00+00:00,95.699,95.871,94.198,94.615,8841,20,0
2026-04-01 12:00:00+00:00,94.611,96.373,93.982,96.122,12358,20,0
2026-04-01 13:00:00+00:00,96.107,96.452,94.05,94.509,15468,20,0
2026-04-01 14:00:00+00:00,94.506,95.187,94.008,94.67,13941,20,0
2026-04-01 15:00:00+00:00,94.665,95.638,94.56,95.145,12242,20,0
2026-04-01 16:00:00+00:00,95.15,96.035,95.024,95.267,7734,20,0
2026-04-01 17:00:00+00:00,95.261,95.284,93.958,94.567,8448,20,0
2026-04-01 18:00:00+00:00,94.554,95.632,94.357,95.103,10208,20,0
2026-04-01 19:00:00+00:00,95.107,95.181,94.232,94.799,6258,20,0
2026-04-01 20:00:00+00:00,94.808,95.226,94.065,94.225,6363,20,0
2026-04-01 22:00:00+00:00,93.757,94.083,93.452,93.958,1505,20,0
2026-04-01 23:00:00+00:00,93.963,94.085,93.521,93.826,1773,20,0
2026-04-02 00:00:00+00:00,93.807,93.932,92.486,92.905,6369,20,0
2026-04-02 01:00:00+00:00,92.91,99.192,92.689,98.815,19711,20,0
2026-04-02 02:00:00+00:00,98.824,99.279,98.324,98.565,8168,20,0
2026-04-02 03:00:00+00:00,98.56,99.573,98.413,99.466,6225,20,0
2026-04-02 04:00:00+00:00,99.462,100.49,99.397,99.734,9862,20,0
2026-04-02 05:00:00+00:00,99.731,100.794,99.234,100.783,7670,20,0
2026-04-02 06:00:00+00:00,100.771,101.368,100.506,100.644,8550,20,0
2026-04-02 07:00:00+00:00,100.641,101.134,100.4,100.724,6442,20,0
2026-04-02 08:00:00+00:00,100.729,101.572,100.559,101.553,6734,20,0
2026-04-02 09:00:00+00:00,101.554,101.952,101.263,101.605,6313,20,0
2026-04-02 10:00:00+00:00,101.6,102.427,101.454,102.242,7661,20,0
2026-04-02 11:00:00+00:00,102.246,103.044,102.121,102.914,9721,20,0
2026-04-02 12:00:00+00:00,102.909,104.458,102.618,103.907,14603,20,0
2026-04-02 13:00:00+00:00,103.913,105.037,102.329,102.471,21837,20,0
2026-04-02 14:00:00+00:00,102.484,102.993,98.866,100.345,24479,20,0
2026-04-02 15:00:00+00:00,100.338,103.126,100.091,102.681,19095,20,0
2026-04-02 16:00:00+00:00,102.673,103.246,102.007,102.531,12867,20,0
2026-04-02 17:00:00+00:00,102.549,103.755,102.093,103.504,13204,20,0
2026-04-02 18:00:00+00:00,103.479,104.187,102.971,103.182,12597,20,0
2026-04-02 19:00:00+00:00,103.178,103.746,102.869,103.49,8977,20,0
2026-04-02 20:00:00+00:00,103.499,103.916,103.383,103.877,9973,20,0
2026-04-05 22:00:00+00:00,104.594,106.445,104.177,105.133,9034,20,0
2026-04-05 23:00:00+00:00,105.108,105.737,104.499,105.692,3869,20,0
2026-04-06 00:00:00+00:00,105.681,105.727,103.675,103.934,5701,20,0
2026-04-06 01:00:00+00:00,103.939,104.408,103.352,103.656,5441,20,0
2026-04-06 02:00:00+00:00,103.648,103.833,101.317,103.235,9702,20,0
2026-04-06 03:00:00+00:00,103.23,103.819,102.938,103.092,9041,20,0
2026-04-06 04:00:00+00:00,103.116,103.363,102.665,103.179,7560,20,0
2026-04-06 05:00:00+00:00,103.186,103.584,102.809,103.269,6097,20,0
2026-04-06 06:00:00+00:00,103.28,103.8,102.528,102.714,7550,20,0
2026-04-06 07:00:00+00:00,102.708,103.238,100.969,101.364,9211,20,0
2026-04-06 08:00:00+00:00,101.37,102.054,100.937,101.383,9929,20,0
2026-04-06 09:00:00+00:00,101.38,102.857,100.726,102.713,8213,20,0
2026-04-06 10:00:00+00:00,102.706,102.83,101.423,101.609,8796,20,0
2026-04-06 11:00:00+00:00,101.602,102.261,101.338,101.956,8886,20,0
2026-04-06 12:00:00+00:00,101.975,102.562,101.678,101.696,7456,20,0
2026-04-06 13:00:00+00:00,101.703,103.685,101.419,103.06,12369,20,0
2026-04-06 14:00:00+00:00,103.049,103.67,101.801,102.536,13815,20,0
2026-04-06 15:00:00+00:00,102.542,103.784,102.432,103.11,10507,20,0
2026-04-06 16:00:00+00:00,103.109,103.258,102.354,103.233,8009,20,0
2026-04-06 17:00:00+00:00,103.227,104.835,103.199,104.782,11445,20,0
2026-04-06 18:00:00+00:00,104.778,104.891,103.36,103.747,12766,20,0
2026-04-06 19:00:00+00:00,103.739,104.282,103.07,103.593,7285,20,0
2026-04-06 20:00:00+00:00,103.598,104.034,103.395,103.816,6758,20,0
2026-04-06 22:00:00+00:00,103.373,103.863,102.968,103.592,1767,20,0
2026-04-06 23:00:00+00:00,103.592,104.003,103.253,103.875,1612,20,0
2026-04-07 00:00:00+00:00,103.871,103.917,102.894,103.44,5874,20,0
2026-04-07 01:00:00+00:00,103.436,104.922,102.835,104.687,9060,20,0
2026-04-07 02:00:00+00:00,104.672,105.078,104.382,104.667,6542,20,0
2026-04-07 03:00:00+00:00,104.662,105.301,104.532,105.183,4210,20,0
2026-04-07 04:00:00+00:00,105.176,105.763,104.706,104.92,5900,20,0
2026-04-07 05:00:00+00:00,104.927,105.441,104.583,104.844,6389,20,0
2026-04-07 06:00:00+00:00,104.849,105.317,104.566,104.737,6297,20,0
2026-04-07 07:00:00+00:00,104.741,105.36,104.575,105.17,5464,20,0
2026-04-07 08:00:00+00:00,105.167,105.204,103.042,103.266,12359,20,0
2026-04-07 09:00:00+00:00,103.244,103.575,101.804,102.91,9410,20,0
2026-04-07 10:00:00+00:00,102.893,104.52,102.31,104.162,11661,20,0
2026-04-07 11:00:00+00:00,104.151,105.309,103.895,105.214,8309,20,0
2026-04-07 12:00:00+00:00,105.22,105.774,103.974,104.728,10668,20,0
2026-04-07 13:00:00+00:00,104.715,105.556,104.286,105.499,12957,20,0
2026-04-07 14:00:00+00:00,105.509,106.062,104.805,105.729,14817,20,0
2026-04-07 15:00:00+00:00,105.733,106.642,104.089,104.51,14860,20,0
2026-04-07 16:00:00+00:00,104.51,105.118,103.371,104.902,13014,20,0
2026-04-07 17:00:00+00:00,104.898,105.742,104.056,104.616,12687,20,0
2026-04-07 18:00:00+00:00,104.607,105.298,103.594,105.041,12344,20,0
2026-04-07 19:00:00+00:00,105.038,105.258,100.349,102.479,16079,20,0
2026-04-07 20:00:00+00:00,102.494,102.706,101.063,101.115,18455,20,0
2026-04-07 22:00:00+00:00,99.329,99.382,90.72,91.654,10789,20,0
2026-04-07 23:00:00+00:00,91.662,91.662,85.979,90.405,16857,20,0
2026-04-08 00:00:00+00:00,90.415,91.953,88.175,90.479,22014,20,0
2026-04-08 01:00:00+00:00,90.484,90.956,89.477,90.451,12975,20,0
2026-04-08 02:00:00+00:00,90.463,91.218,89.956,90.374,8578,20,0
2026-04-08 03:00:00+00:00,90.371,90.371,89.531,90.058,7066,20,0
2026-04-08 04:00:00+00:00,90.067,90.873,89.445,90.364,8815,20,0
2026-04-08 05:00:00+00:00,90.378,90.524,89.184,89.307,11626,20,0
2026-04-08 06:00:00+00:00,89.315,89.529,88.174,89.351,10175,20,0
2026-04-08 07:00:00+00:00,89.344,90.433,89.323,89.936,9483,20,0
2026-04-08 08:00:00+00:00,89.93,90.669,88.98,89.012,12194,20,0
2026-04-08 09:00:00+00:00,89.007,89.431,88.291,88.838,9962,20,0
2026-04-08 10:00:00+00:00,88.867,89.655,88.351,89.022,9218,20,0
2026-04-08 11:00:00+00:00,89.037,89.279,87.293,87.456,12533,20,0
2026-04-08 12:00:00+00:00,87.452,89.335,86.536,86.786,18228,20,0
2026-04-08 13:00:00+00:00,86.792,88.574,86.118,87.644,20000,20,0
2026-04-08 14:00:00+00:00,87.674,90.437,87.191,89.771,20171,20,0
2026-04-08 15:00:00+00:00,89.73,90.48,89.013,89.339,15881,20,0
2026-04-08 16:00:00+00:00,89.343,89.975,88.967,89.238,12348,20,0
2026-04-08 17:00:00+00:00,89.24,90.62,88.992,90.108,13921,20,0
2026-04-08 18:00:00+00:00,90.103,90.809,89.013,90.375,15034,20,0
2026-04-08 19:00:00+00:00,90.378,91.764,90.258,91.075,11052,20,0
2026-04-08 20:00:00+00:00,91.083,91.453,90.619,91.295,6822,20,0
2026-04-08 22:00:00+00:00,91.241,92.192,90.996,91.459,2746,20,0
2026-04-08 23:00:00+00:00,91.469,91.92,91.159,91.795,2405,20,0
2026-04-09 00:00:00+00:00,91.784,92.479,91.153,92.337,6746,20,0
2026-04-09 01:00:00+00:00,92.344,92.939,91.489,91.557,7872,20,0
2026-04-09 02:00:00+00:00,91.564,91.629,90.994,91.425,5513,20,0
2026-04-09 03:00:00+00:00,91.414,91.663,91.016,91.44,3642,20,0
2026-04-09 04:00:00+00:00,91.41,92.191,91.358,92.16,2516,20,0
2026-04-09 05:00:00+00:00,92.151,92.435,91.635,91.731,5301,20,0
2026-04-09 06:00:00+00:00,91.728,92.245,91.373,91.678,5603,20,0
2026-04-09 07:00:00+00:00,91.684,92.916,91.589,92.606,7233,20,0
2026-04-09 08:00:00+00:00,92.602,92.874,92.174,92.704,7394,20,0
2026-04-09 09:00:00+00:00,92.71,92.757,92.009,92.453,5399,20,0
2026-04-09 10:00:00+00:00,92.449,93.557,92.314,93.475,7645,20,0
2026-04-09 11:00:00+00:00,93.483,93.566,92.515,92.865,8197,20,0
2026-04-09 12:00:00+00:00,92.868,93.775,92.624,93.338,8541,20,0
2026-04-09 13:00:00+00:00,93.344,94.137,92.928,94.059,13181,20,0
2026-04-09 14:00:00+00:00,94.055,95.118,93.674,94.737,14187,20,0
2026-04-09 15:00:00+00:00,94.719,95.201,92.034,92.344,22251,20,0
2026-04-09 16:00:00+00:00,92.359,92.395,90.621,91.414,18669,20,0
2026-04-09 17:00:00+00:00,91.409,91.594,89.851,90.639,14782,20,0
2026-04-09 18:00:00+00:00,90.609,92.518,90.488,92.191,15629,20,0
2026-04-09 19:00:00+00:00,92.176,93.024,91.726,92.912,8275,20,0
2026-04-09 20:00:00+00:00,92.908,92.949,91.83,91.991,7833,20,0
2026-04-09 22:00:00+00:00,91.829,92.603,91.656,92.436,2409,20,0
2026-04-09 23:00:00+00:00,92.442,92.511,91.927,92.162,1516,20,0
2026-04-10 00:00:00+00:00,92.162,92.42,91.777,92.284,4012,20,0
2026-04-10 01:00:00+00:00,92.278,92.523,91.612,91.872,5150,20,0
2026-04-10 02:00:00+00:00,91.867,92.054,91.637,91.863,3152,20,0
2026-04-10 03:00:00+00:00,91.868,91.99,91.095,91.249,3475,20,0
2026-04-10 04:00:00+00:00,91.236,91.803,91.149,91.76,3093,20,0
2026-04-10 05:00:00+00:00,91.759,92.036,91.52,91.965,3086,20,0
2026-04-10 06:00:00+00:00,91.954,92.214,91.647,92.058,3832,20,0
2026-04-10 07:00:00+00:00,92.079,93.135,91.977,92.799,6552,20,0
2026-04-10 08:00:00+00:00,92.808,93.432,92.648,93.294,6930,20,0
2026-04-10 09:00:00+00:00,93.296,93.301,91.619,91.956,8261,20,0
2026-04-10 10:00:00+00:00,91.964,92.363,91.017,91.438,6417,20,0
2026-04-10 11:00:00+00:00,91.41,91.905,91.134,91.49,5416,20,0
2026-04-10 12:00:00+00:00,91.493,91.691,90.589,91.548,7696,20,0
2026-04-10 13:00:00+00:00,91.55,92.038,90.896,91.785,11160,20,0
2026-04-10 14:00:00+00:00,91.789,92.142,90.846,91.775,12845,20,0
2026-04-10 15:00:00+00:00,91.774,92.902,91.683,92.79,14217,20,0
2026-04-10 16:00:00+00:00,92.794,93.051,91.982,92.066,8756,20,0
2026-04-10 17:00:00+00:00,92.06,92.353,91.832,91.882,8335,20,0
2026-04-10 18:00:00+00:00,91.879,92.223,90.312,90.603,11798,20,0
2026-04-10 19:00:00+00:00,90.6,90.723,90.105,90.676,6391,20,0
2026-04-10 20:00:00+00:00,90.679,90.699,90.026,90.187,4661,20,0
2026-04-12 22:00:00+00:00,97.107,97.532,96.463,97.198,5203,20,0
2026-04-12 23:00:00+00:00,97.202,98.145,97.149,97.345,4788,20,0
2026-04-13 00:00:00+00:00,97.341,97.607,96.707,96.731,5550,20,0
2026-04-13 01:00:00+00:00,96.736,96.959,96.396,96.692,6671,20,0
2026-04-13 02:00:00+00:00,96.691,97.242,96.684,97.131,3547,20,0
2026-04-13 03:00:00+00:00,97.125,97.373,97.058,97.162,2553,20,0
2026-04-13 04:00:00+00:00,97.167,97.295,96.92,97.085,2413,20,0
2026-04-13 05:00:00+00:00,97.087,97.245,96.619,96.764,2688,20,0
2026-04-13 06:00:00+00:00,96.771,96.797,95.762,95.922,4199,20,0
2026-04-13 07:00:00+00:00,95.888,96.61,95.663,96.567,5452,20,0
2026-04-13 08:00:00+00:00,96.573,97.459,96.226,97.237,7889,20,0
2026-04-13 09:00:00+00:00,97.243,97.39,96.791,97.228,4982,20,0
2026-04-13 10:00:00+00:00,97.226,97.465,96.772,96.777,4467,20,0
2026-04-13 11:00:00+00:00,96.78,97.18,96.35,97.115,5838,20,0
2026-04-13 12:00:00+00:00,97.121,97.351,96.451,96.789,7032,20,0
2026-04-13 13:00:00+00:00,96.798,96.877,93.683,94.957,13906,20,0
2026-04-13 14:00:00+00:00,94.96,95.833,94.185,95.389,14066,20,0
2026-04-13 15:00:00+00:00,95.387,96.639,95.374,96.408,12223,20,0
2026-04-13 16:00:00+00:00,96.405,96.594,93.572,94.152,16777,20,0
2026-04-13 17:00:00+00:00,94.145,94.449,93.492,93.797,11765,20,0
2026-04-13 18:00:00+00:00,93.794,94.101,91.949,91.999,11628,20,0
2026-04-13 19:00:00+00:00,91.987,93.023,91.91,92.844,6220,20,0
2026-04-13 20:00:00+00:00,92.85,93.01,92.527,92.759,4634,20,0
2026-04-13 22:00:00+00:00,92.621,92.621,92.121,92.254,1916,20,0
2026-04-13 23:00:00+00:00,92.259,92.306,90.939,91.383,3336,20,0
2026-04-14 00:00:00+00:00,91.339,91.758,90.706,90.801,4914,20,0
2026-04-14 01:00:00+00:00,90.798,91.995,90.764,91.907,5645,20,0
2026-04-14 02:00:00+00:00,91.904,92.178,91.654,92.051,3379,20,0
2026-04-14 03:00:00+00:00,92.052,92.443,91.768,91.983,3653,20,0
2026-04-14 04:00:00+00:00,91.991,91.991,91.669,91.729,2415,20,0
2026-04-14 05:00:00+00:00,91.729,92.382,91.662,92.291,3391,20,0
2026-04-14 06:00:00+00:00,92.292,92.944,92.09,92.699,5384,20,0
2026-04-14 07:00:00+00:00,92.686,92.768,91.19,92.316,10243,20,0
2026-04-14 08:00:00+00:00,92.302,92.639,92.028,92.032,9002,20,0
2026-04-14 09:00:00+00:00,92.038,92.811,91.886,92.516,6154,20,0
2026-04-14 10:00:00+00:00,92.5,92.97,91.988,92.79,6030,20,0
2026-04-14 11:00:00+00:00,92.788,93.155,91.761,92.528,7480,20,0
2026-04-14 12:00:00+00:00,92.532,92.532,91.357,91.595,9985,20,0
2026-04-14 13:00:00+00:00,91.591,91.937,90.732,90.734,14139,20,0
2026-04-14 14:00:00+00:00,90.73,90.734,88.601,89.518,18779,20,0
2026-04-14 15:00:00+00:00,89.515,90.44,88.849,89.121,15571,20,0
2026-04-14 16:00:00+00:00,89.12,89.324,88.612,89.291,10700,20,0
2026-04-14 17:00:00+00:00,89.297,89.516,88.7,89.15,9872,20,0
2026-04-14 18:00:00+00:00,89.145,89.247,88.318,88.902,11173,20,0
2026-04-14 19:00:00+00:00,88.9,89.21,88.705,89.031,4224,20,0
2026-04-14 20:00:00+00:00,89.018,89.327,88.726,89.118,4217,20,0
2026-04-14 22:00:00+00:00,89.172,89.336,88.613,88.882,2991,20,0
2026-04-14 23:00:00+00:00,88.877,89.076,84.836,87.559,4605,20,0
2026-04-15 00:00:00+00:00,87.557,88.115,87.529,87.788,4917,20,0
2026-04-15 01:00:00+00:00,87.793,88.108,87.393,87.831,6573,20,0
2026-04-15 02:00:00+00:00,87.839,88.578,87.758,88.537,4193,20,0
2026-04-15 03:00:00+00:00,88.53,88.748,88.228,88.294,3590,20,0
2026-04-15 04:00:00+00:00,88.296,89.061,88.242,88.95,2515,20,0
2026-04-15 05:00:00+00:00,88.944,89.047,88.572,88.625,3583,20,0
2026-04-15 06:00:00+00:00,88.615,88.679,87.709,88.265,6120,20,0
2026-04-15 07:00:00+00:00,88.264,88.825,88.156,88.29,6751,20,0
2026-04-15 08:00:00+00:00,88.331,89.396,88.106,89.007,8578,20,0
2026-04-15 09:00:00+00:00,89.011,89.955,88.936,89.645,8736,20,0
2026-04-15 10:00:00+00:00,89.645,90.571,89.161,89.973,9688,20,0
2026-04-15 11:00:00+00:00,89.977,90.178,88.704,89.148,8871,20,0
2026-04-15 12:00:00+00:00,89.154,89.831,88.725,89.261,9126,20,0
2026-04-15 13:00:00+00:00,89.256,89.503,87.833,88.289,14906,20,0
2026-04-15 14:00:00+00:00,88.283,89.262,87.816,89.196,13606,20,0
2026-04-15 15:00:00+00:00,89.199,89.85,88.931,89.254,14226,20,0
2026-04-15 16:00:00+00:00,89.26,89.394,88.461,88.71,9367,20,0
2026-04-15 17:00:00+00:00,88.71,89.195,88.408,89.107,8229,20,0
2026-04-15 18:00:00+00:00,89.102,89.31,87.943,88.091,11157,20,0
2026-04-15 19:00:00+00:00,88.096,88.096,87.76,87.955,4385,20,0
2026-04-15 20:00:00+00:00,87.96,88.329,87.943,88.253,2067,20,0
2026-04-15 22:00:00+00:00,88.061,88.106,87.587,87.788,1430,20,0
2026-04-15 23:00:00+00:00,87.791,87.807,87.433,87.65,1159,20,0
2026-04-16 00:00:00+00:00,87.646,87.755,87.298,87.684,2292,20,0
2026-04-16 01:00:00+00:00,87.682,88.09,87.551,88.03,3067,20,0
2026-04-16 02:00:00+00:00,88.021,88.267,87.869,87.996,2506,20,0
2026-04-16 03:00:00+00:00,87.997,88.161,87.751,88.123,2098,20,0
2026-04-16 04:00:00+00:00,88.118,88.313,88.09,88.15,1540,20,0
2026-04-16 05:00:00+00:00,88.163,88.218,87.837,87.908,2510,20,0
2026-04-16 06:00:00+00:00,87.917,88.116,87.714,88.041,3450,20,0
2026-04-16 07:00:00+00:00,88.043,89.365,87.978,89.333,5466,20,0
2026-04-16 08:00:00+00:00,89.326,89.803,89.106,89.229,6802,20,0
2026-04-16 09:00:00+00:00,89.22,89.618,89.026,89.462,4231,20,0
2026-04-16 10:00:00+00:00,89.458,89.476,88.767,88.775,3797,20,0
2026-04-16 11:00:00+00:00,88.78,88.823,88.227,88.594,5744,20,0
2026-04-16 12:00:00+00:00,88.58,89.301,88.278,89.275,5641,20,0
2026-04-16 13:00:00+00:00,89.271,90.391,88.772,90.136,10844,20,0
2026-04-16 14:00:00+00:00,90.144,90.673,89.869,90.331,11270,20,0
2026-04-16 15:00:00+00:00,90.339,90.885,89.746,90.299,13869,20,0
2026-04-16 16:00:00+00:00,90.292,91.27,90.271,91.193,10604,20,0
2026-04-16 17:00:00+00:00,91.19,91.808,91.078,91.562,8552,20,0
2026-04-16 18:00:00+00:00,91.549,91.578,90.415,90.471,9652,20,0
2026-04-16 19:00:00+00:00,90.467,90.657,89.871,90.098,5155,20,0
2026-04-16 20:00:00+00:00,90.103,90.154,89.622,89.645,2690,20,0
2026-04-16 22:00:00+00:00,89.8,89.889,89.348,89.394,1463,20,0
2026-04-16 23:00:00+00:00,89.397,90.009,89.397,89.811,1178,20,0
2026-04-17 00:00:00+00:00,89.814,89.919,89.393,89.899,2561,20,0
2026-04-17 01:00:00+00:00,89.897,90.056,89.538,89.698,3075,20,0
2026-04-17 02:00:00+00:00,89.694,89.908,89.554,89.647,1764,20,0
2026-04-17 03:00:00+00:00,89.65,89.873,89.461,89.656,1491,20,0
2026-04-17 04:00:00+00:00,89.653,89.68,89.295,89.346,1171,20,0
2026-04-17 05:00:00+00:00,89.342,89.524,89.152,89.31,2421,20,0
2026-04-17 06:00:00+00:00,89.305,90.123,89.274,89.923,3816,20,0
2026-04-17 07:00:00+00:00,89.923,90.057,89.574,89.712,4766,20,0
2026-04-17 08:00:00+00:00,89.745,89.802,88.56,88.807,7430,20,0
2026-04-17 09:00:00+00:00,88.797,88.942,87.22,87.442,8240,20,0
2026-04-17 10:00:00+00:00,87.44,87.864,86.834,87.627,6196,20,0
2026-04-17 11:00:00+00:00,87.64,87.84,87.251,87.452,4719,20,0
2026-04-17 12:00:00+00:00,87.447,87.616,81.694,82.259,17773,20,0
2026-04-17 13:00:00+00:00,82.249,83.08,80.294,81.608,27873,20,0
2026-04-17 14:00:00+00:00,81.603,81.768,78.865,79.879,19121,20,0
2026-04-17 15:00:00+00:00,79.871,81.672,79.595,80.999,18024,20,0
2026-04-17 16:00:00+00:00,81.004,81.715,80.749,81.229,9368,20,0
2026-04-17 17:00:00+00:00,81.225,82.823,81.156,81.734,12538,20,0
2026-04-17 18:00:00+00:00,81.73,83.492,81.644,83.153,11656,20,0
2026-04-17 19:00:00+00:00,83.156,83.336,82.49,82.96,5686,20,0
2026-04-17 20:00:00+00:00,82.976,83.754,82.791,83.352,3998,20,0
2026-04-19 22:00:00+00:00,88.457,88.457,86.978,87.62,6987,20,0
2026-04-19 23:00:00+00:00,87.621,88.288,87.476,88.233,3576,20,0
2026-04-20 00:00:00+00:00,88.23,88.456,87.603,87.712,5026,20,0
2026-04-20 01:00:00+00:00,87.722,87.732,86.11,86.369,7651,20,0
2026-04-20 02:00:00+00:00,86.366,87.075,86.239,86.808,4296,20,0
2026-04-20 03:00:00+00:00,86.81,87.127,86.754,87.046,2359,20,0
2026-04-20 04:00:00+00:00,87.04,87.514,86.965,87.065,2289,20,0
2026-04-20 05:00:00+00:00,87.065,87.432,86.985,87.181,3013,20,0
2026-04-20 06:00:00+00:00,87.182,87.674,86.921,87.05,4793,20,0
2026-04-20 07:00:00+00:00,87.019,87.88,86.272,87.364,8706,20,0
2026-04-20 08:00:00+00:00,87.393,88.047,86.996,87.123,8363,20,0
2026-04-20 09:00:00+00:00,87.131,87.478,86.583,87.258,6461,20,0
2026-04-20 10:00:00+00:00,87.262,87.288,86.374,87.154,5747,20,0
2026-04-20 11:00:00+00:00,87.158,87.575,86.625,86.763,6646,20,0
2026-04-20 12:00:00+00:00,86.776,87.197,86.336,86.645,7810,20,0
2026-04-20 13:00:00+00:00,86.648,87.133,85.136,85.65,15373,20,0
2026-04-20 14:00:00+00:00,85.652,87.459,85.635,86.936,12963,20,0
2026-04-20 15:00:00+00:00,86.925,87.181,86.168,87.012,12801,20,0
2026-04-20 16:00:00+00:00,87.01,87.36,86.695,86.936,7121,20,0
2026-04-20 17:00:00+00:00,86.94,87.625,86.742,87.162,6864,20,0
2026-04-20 18:00:00+00:00,87.138,87.402,86.634,87.027,7336,20,0
2026-04-20 19:00:00+00:00,87.025,87.062,86.481,86.538,2927,20,0
2026-04-20 20:00:00+00:00,86.542,86.701,85.264,85.563,3261,20,0
2026-04-20 22:00:00+00:00,85.606,86.019,85.493,85.861,1681,20,0
2026-04-20 23:00:00+00:00,85.86,86.007,85.628,85.688,928,20,0
2026-04-21 00:00:00+00:00,85.695,86.071,85.605,85.977,2741,20,0
2026-04-21 01:00:00+00:00,85.975,86.219,85.924,86.169,3109,20,0
2026-04-21 02:00:00+00:00,86.168,86.274,85.999,86.151,1712,20,0
2026-04-21 03:00:00+00:00,86.149,86.31,86.042,86.187,1454,20,0
2026-04-21 04:00:00+00:00,86.186,86.193,85.776,85.788,1155,20,0
2026-04-21 05:00:00+00:00,85.787,85.787,85.187,85.674,3037,20,0
2026-04-21 06:00:00+00:00,85.675,86.23,85.64,86.106,3248,20,0
2026-04-21 07:00:00+00:00,86.094,86.948,85.387,85.957,6156,20,0
2026-04-21 08:00:00+00:00,85.966,86.359,85.537,86.317,6490,20,0
2026-04-21 09:00:00+00:00,86.317,86.967,86.067,86.211,5368,20,0
2026-04-21 10:00:00+00:00,86.196,86.3,85.668,86.147,4509,20,0
2026-04-21 11:00:00+00:00,86.142,87.145,86.124,87.044,6625,20,0
2026-04-21 12:00:00+00:00,87.041,87.183,86.29,86.854,7455,20,0
2026-04-21 13:00:00+00:00,86.849,86.849,86.074,86.317,9058,20,0
2026-04-21 14:00:00+00:00,86.308,88.217,86.3,88.173,10174,20,0
2026-04-21 15:00:00+00:00,88.177,89.502,87.848,89.201,11910,20,0
2026-04-21 16:00:00+00:00,89.193,89.855,88.837,89.828,8441,20,0
2026-04-21 17:00:00+00:00,89.827,90.834,88.394,88.867,15415,20,0
2026-04-21 18:00:00+00:00,88.873,89.468,87.471,88.311,13368,20,0
2026-04-21 19:00:00+00:00,88.304,91.629,87.392,91.164,16184,20,0
2026-04-21 20:00:00+00:00,91.178,91.323,87.399,89.882,13204,20,0
2026-04-21 22:00:00+00:00,89.348,89.924,89.018,89.554,1734,20,0
2026-04-21 23:00:00+00:00,89.557,89.911,89.532,89.715,1237,20,0
2026-04-22 00:00:00+00:00,89.709,89.718,88.027,89.032,5179,20,0
2026-04-22 01:00:00+00:00,89.03,89.03,88.293,88.645,4692,20,0
2026-04-22 02:00:00+00:00,88.646,88.772,88.404,88.588,2644,20,0
2026-04-22 03:00:00+00:00,88.588,88.928,88.414,88.502,2418,20,0
2026-04-22 04:00:00+00:00,88.501,88.87,88.44,88.827,1776,20,0
2026-04-22 05:00:00+00:00,88.824,88.841,86.966,88.036,6411,20,0
2026-04-22 06:00:00+00:00,88.048,88.231,87.895,87.998,4067,20,0
2026-04-22 07:00:00+00:00,87.978,88.673,87.782,88.625,5734,20,0
2026-04-22 08:00:00+00:00,88.629,90.608,88.48,90.019,9212,20,0
2026-04-22 09:00:00+00:00,90.016,90.345,89.36,90.066,6897,20,0
2026-04-22 10:00:00+00:00,90.062,90.161,89.16,89.338,5791,20,0
2026-04-22 11:00:00+00:00,89.342,89.86,89.031,89.444,5874,20,0
2026-04-22 12:00:00+00:00,89.457,90.728,88.945,90.569,9112,20,0
2026-04-22 13:00:00+00:00,90.573,91.176,89.582,90.857,14585,20,0
2026-04-22 14:00:00+00:00,90.86,91.591,90.114,91.346,11504,20,0
2026-04-22 15:00:00+00:00,91.349,92.316,90.468,92.156,12444,20,0
2026-04-22 16:00:00+00:00,92.141,92.771,91.937,92.674,7619,20,0
2026-04-22 17:00:00+00:00,92.675,92.738,91.457,91.726,9164,20,0
2026-04-22 18:00:00+00:00,91.743,92.376,91.69,92.028,5935,20,0
2026-04-22 19:00:00+00:00,92.033,92.173,91.49,91.693,4201,20,0
2026-04-22 20:00:00+00:00,91.696,92.126,91.517,91.963,2450,20,0
2026-04-22 22:00:00+00:00,91.529,91.684,91.18,91.413,1153,20,0
2026-04-22 23:00:00+00:00,91.413,91.622,91.263,91.582,827,20,0
2026-04-23 00:00:00+00:00,91.59,95.827,91.454,91.718,10885,20,0
2026-04-23 01:00:00+00:00,91.713,92.431,91.629,92.212,4993,20,0
2026-04-23 02:00:00+00:00,92.225,93.871,92.195,93.757,5510,20,0
2026-04-23 03:00:00+00:00,93.766,93.969,93.175,93.294,5017,20,0
2026-04-23 04:00:00+00:00,93.294,93.388,92.777,92.806,2541,20,0
2026-04-23 05:00:00+00:00,92.808,93.17,92.622,92.638,3373,20,0
2026-04-23 06:00:00+00:00,92.602,93.386,92.436,93.154,4549,20,0
2026-04-23 07:00:00+00:00,93.145,93.473,92.046,92.507,7323,20,0
2026-04-23 08:00:00+00:00,92.486,93.811,92.466,93.671,7928,20,0
2026-04-23 09:00:00+00:00,93.665,94.38,93.06,93.671,6677,20,0
2026-04-23 10:00:00+00:00,93.675,93.785,92.537,92.721,4975,20,0
2026-04-23 11:00:00+00:00,92.723,92.968,91.839,92.043,7305,20,0
2026-04-23 12:00:00+00:00,92.055,92.776,91.147,92.07,11352,20,0
2026-04-23 13:00:00+00:00,92.063,93.228,91.848,92.82,9976,20,0
2026-04-23 14:00:00+00:00,92.805,93.405,91.978,92.016,11314,20,0
2026-04-23 15:00:00+00:00,92.011,93.497,91.888,93.261,10091,20,0
2026-04-23 16:00:00+00:00,93.257,93.502,92.757,93.245,7028,20,0
2026-04-23 17:00:00+00:00,93.245,97.024,93.236,94.872,22571,20,0
2026-04-23 18:00:00+00:00,94.882,95.541,93.967,95.356,14585,20,0
2026-04-23 19:00:00+00:00,95.364,95.559,94.711,95.131,5968,20,0
2026-04-23 20:00:00+00:00,95.136,96.076,95.121,95.647,4384,20,0
2026-04-23 22:00:00+00:00,94.851,95.758,94.824,95.504,1444,20,0
2026-04-23 23:00:00+00:00,95.504,95.566,95.12,95.238,1036,20,0
2026-04-24 00:00:00+00:00,95.237,95.912,95.059,95.575,3290,20,0
2026-04-24 01:00:00+00:00,95.572,95.945,95.09,95.384,4000,20,0
2026-04-24 02:00:00+00:00,95.395,95.467,94.807,94.87,2884,20,0
2026-04-24 03:00:00+00:00,94.87,95.076,94.507,94.996,2527,20,0
2026-04-24 04:00:00+00:00,94.995,95.078,94.332,94.404,1990,20,0
2026-04-24 05:00:00+00:00,94.407,94.554,94.075,94.371,3124,20,0
2026-04-24 06:00:00+00:00,94.366,94.941,93.981,94.882,4355,20,0
2026-04-24 07:00:00+00:00,94.895,95.224,94.48,95.12,5033,20,0
2026-04-24 08:00:00+00:00,95.121,96.224,95.121,95.377,7893,20,0
2026-04-24 09:00:00+00:00,95.381,96.124,95.069,96.067,5199,20,0
2026-04-24 10:00:00+00:00,96.069,96.076,95.252,95.297,4533,20,0
2026-04-24 11:00:00+00:00,95.298,95.323,92.129,92.956,15977,20,0
2026-04-24 12:00:00+00:00,92.96,94.853,92.635,94.314,9867,20,0
2026-04-24 13:00:00+00:00,94.309,94.339,93.1,93.672,11207,20,0
2026-04-24 14:00:00+00:00,93.667,94.043,93.163,93.588,10855,20,0
2026-04-24 15:00:00+00:00,93.567,94.292,91.295,92.088,14855,20,0
2026-04-24 16:00:00+00:00,92.083,92.959,91.712,92.312,9549,20,0
2026-04-24 17:00:00+00:00,92.327,92.664,91.335,92.155,8730,20,0
2026-04-24 18:00:00+00:00,92.16,93.178,92.156,92.776,7258,20,0
2026-04-24 19:00:00+00:00,92.773,93.696,92.639,93.265,5256,20,0
2026-04-24 20:00:00+00:00,93.268,94.034,93.268,93.381,4011,20,0
2026-04-26 22:00:00+00:00,94.207,94.858,94.194,94.242,3363,20,0
2026-04-26 23:00:00+00:00,94.237,94.504,94.185,94.367,1614,20,0
2026-04-27 00:00:00+00:00,94.368,94.741,94.022,94.288,2928,20,0
2026-04-27 01:00:00+00:00,94.283,94.321,93.685,94.113,4761,20,0
2026-04-27 02:00:00+00:00,94.112,94.112,93.493,93.506,2650,20,0
2026-04-27 03:00:00+00:00,93.506,93.62,93.253,93.552,2476,20,0
2026-04-27 04:00:00+00:00,93.557,93.895,93.454,93.82,1550,20,0
2026-04-27 05:00:00+00:00,93.812,94.472,93.775,94.279,3189,20,0
2026-04-27 06:00:00+00:00,94.285,94.614,94.251,94.308,3499,20,0
2026-04-27 07:00:00+00:00,94.308,95.099,94.285,95.055,5256,20,0
2026-04-27 08:00:00+00:00,95.078,95.346,94.636,94.718,6373,20,0
2026-04-27 09:00:00+00:00,94.715,94.92,94.401,94.716,4036,20,0
2026-04-27 10:00:00+00:00,94.731,94.739,93.349,93.688,4963,20,0
2026-04-27 11:00:00+00:00,93.698,93.723,92.857,93.364,5815,20,0
2026-04-27 12:00:00+00:00,93.358,94.674,93.11,94.459,7314,20,0
2026-04-27 13:00:00+00:00,94.473,94.713,93.808,94.0,9950,20,0
2026-04-27 14:00:00+00:00,94.004,94.964,93.603,94.905,12286,20,0
2026-04-27 15:00:00+00:00,94.91,95.676,94.365,94.422,10579,20,0
2026-04-27 16:00:00+00:00,94.412,94.823,94.315,94.793,5880,20,0
2026-04-27 17:00:00+00:00,94.79,95.862,94.428,94.833,8309,20,0
2026-04-27 18:00:00+00:00,94.843,95.424,94.483,94.802,7791,20,0
2026-04-27 19:00:00+00:00,94.805,94.898,94.2,94.681,4165,20,0
2026-04-27 20:00:00+00:00,94.679,95.051,94.539,94.916,2464,20,0
2026-04-27 22:00:00+00:00,94.576,94.77,94.332,94.658,1362,20,0
2026-04-27 23:00:00+00:00,94.655,94.794,94.588,94.652,758,20,0
2026-04-28 00:00:00+00:00,94.656,95.184,94.302,95.055,3045,20,0
2026-04-28 01:00:00+00:00,95.053,95.398,94.86,95.323,3152,20,0
2026-04-28 02:00:00+00:00,95.326,95.546,95.248,95.383,2026,20,0
2026-04-28 03:00:00+00:00,95.383,95.588,95.176,95.58,1607,20,0
2026-04-28 04:00:00+00:00,95.578,95.787,95.327,95.463,1530,20,0
2026-04-28 05:00:00+00:00,95.455,96.787,95.403,96.18,4400,20,0
2026-04-28 06:00:00+00:00,96.192,96.397,95.709,96.324,4788,20,0
2026-04-28 07:00:00+00:00,96.315,97.189,96.234,96.869,7318,20,0
2026-04-28 08:00:00+00:00,96.908,97.194,96.204,96.911,7655,20,0
2026-04-28 09:00:00+00:00,96.914,97.724,96.914,97.631,5319,20,0
2026-04-28 10:00:00+00:00,97.638,97.91,97.277,97.559,4984,20,0
2026-04-28 11:00:00+00:00,97.544,99.488,97.376,98.997,8673,20,0
2026-04-28 12:00:00+00:00,99.007,99.028,96.116,97.285,14155,20,0
2026-04-28 13:00:00+00:00,97.304,98.244,96.686,97.317,15152,20,0
2026-04-28 14:00:00+00:00,97.311,98.317,97.088,97.191,13216,20,0
2026-04-28 15:00:00+00:00,97.197,97.833,96.847,97.609,12649,20,0
2026-04-28 16:00:00+00:00,97.605,98.0,96.88,97.047,8620,20,0
2026-04-28 17:00:00+00:00,97.035,98.18,96.945,97.97,7087,20,0
2026-04-28 18:00:00+00:00,97.964,98.139,97.227,97.845,6803,20,0
2026-04-28 19:00:00+00:00,97.845,97.904,97.643,97.749,2945,20,0
2026-04-28 20:00:00+00:00,97.738,97.763,97.364,97.533,2828,20,0
2026-04-28 22:00:00+00:00,97.226,97.265,96.939,97.178,1085,20,0
2026-04-28 23:00:00+00:00,97.177,97.268,96.913,96.981,887,20,0
2026-04-29 00:00:00+00:00,96.982,97.008,96.556,96.899,2734,20,0
2026-04-29 01:00:00+00:00,96.9,98.274,96.828,97.941,4676,20,0
2026-04-29 02:00:00+00:00,97.941,97.946,96.113,96.959,4647,20,0
2026-04-29 03:00:00+00:00,96.956,97.093,96.479,96.949,2584,20,0
2026-04-29 04:00:00+00:00,96.951,97.266,96.87,97.214,1689,20,0
2026-04-29 05:00:00+00:00,97.214,97.527,97.209,97.508,2487,20,0
2026-04-29 06:00:00+00:00,97.512,98.274,97.269,98.191,3904,20,0
2026-04-29 07:00:00+00:00,98.188,99.433,98.0,99.186,6787,20,0
2026-04-29 08:00:00+00:00,99.223,101.168,99.13,100.984,10216,20,0
2026-04-29 09:00:00+00:00,100.982,101.103,100.329,100.916,6692,20,0
2026-04-29 10:00:00+00:00,100.918,101.141,100.406,100.473,4863,20,0
2026-04-29 11:00:00+00:00,100.469,100.857,100.146,100.833,6326,20,0
2026-04-29 12:00:00+00:00,100.855,101.729,100.437,101.299,7902,20,0
2026-04-29 13:00:00+00:00,101.293,102.622,100.619,102.348,13517,20,0
2026-04-29 14:00:00+00:00,102.348,102.766,101.839,102.532,10829,20,0
2026-04-29 15:00:00+00:00,102.539,104.158,102.272,103.943,12698,20,0
2026-04-29 16:00:00+00:00,103.939,104.2,103.319,104.065,10576,20,0
2026-04-29 17:00:00+00:00,104.069,104.587,103.268,103.577,11977,20,0
2026-04-29 18:00:00+00:00,103.578,104.361,103.522,103.796,10654,20,0
2026-04-29 19:00:00+00:00,103.779,105.347,103.694,104.702,7472,20,0
2026-04-29 20:00:00+00:00,104.71,105.353,104.471,105.332,5488,20,0
2026-04-29 22:00:00+00:00,104.857,105.357,104.21,104.911,2872,20,0
2026-04-29 23:00:00+00:00,104.913,105.012,104.426,104.534,1858,20,0
2026-04-30 00:00:00+00:00,104.541,104.576,103.187,104.05,6096,20,0
2026-04-30 01:00:00+00:00,104.045,104.231,103.648,103.682,5262,20,0
2026-04-30 02:00:00+00:00,103.686,105.681,103.667,104.89,7317,20,0
2026-04-30 03:00:00+00:00,104.901,106.012,104.64,105.636,6547,20,0
2026-04-30 04:00:00+00:00,105.635,107.34,105.602,106.356,8313,20,0
2026-04-30 05:00:00+00:00,106.36,106.36,105.471,105.962,5594,20,0
2026-04-30 06:00:00+00:00,105.972,106.812,104.8,104.912,8556,20,0
2026-04-30 07:00:00+00:00,104.929,105.144,104.235,104.713,8608,20,0
2026-04-30 08:00:00+00:00,104.719,104.946,104.053,104.536,8461,20,0
2026-04-30 09:00:00+00:00,104.522,105.312,102.973,103.509,11847,20,0
2026-04-30 10:00:00+00:00,103.537,103.912,102.801,103.092,9148,20,0
2026-04-30 11:00:00+00:00,103.099,103.126,100.305,101.407,14223,20,0
2026-04-30 12:00:00+00:00,101.445,102.631,101.333,102.057,10246,20,0
2026-04-30 13:00:00+00:00,102.03,102.753,100.825,102.274,14375,20,0
2026-04-30 14:00:00+00:00,102.253,103.231,101.67,102.774,16484,20,0
2026-04-30 15:00:00+00:00,102.778,103.32,100.68,101.184,18133,20,0
2026-04-30 16:00:00+00:00,101.188,102.125,101.068,101.762,8760,20,0
2026-04-30 17:00:00+00:00,101.731,101.798,100.383,100.74,11388,20,0
2026-04-30 18:00:00+00:00,100.736,102.624,100.498,102.393,10224,20,0
2026-04-30 19:00:00+00:00,102.391,102.436,101.75,102.29,5637,20,0
2026-04-30 20:00:00+00:00,102.286,103.201,102.183,102.535,4755,20,0
2026-04-30 22:00:00+00:00,102.122,102.803,102.12,102.515,1376,20,0
2026-04-30 23:00:00+00:00,102.517,102.72,102.357,102.487,1018,20,0
2026-05-01 00:00:00+00:00,102.497,102.902,102.203,102.584,2533,20,0
2026-05-01 01:00:00+00:00,102.583,102.945,102.166,102.313,2305,20,0
2026-05-01 02:00:00+00:00,102.31,103.226,102.098,102.381,2856,20,0
2026-05-01 03:00:00+00:00,102.378,102.637,102.296,102.423,1909,20,0
2026-05-01 04:00:00+00:00,102.427,102.492,101.875,101.901,2236,20,0
2026-05-01 05:00:00+00:00,101.903,102.192,101.871,101.969,2409,20,0
2026-05-01 06:00:00+00:00,101.974,103.445,101.974,102.81,4256,20,0
2026-05-01 07:00:00+00:00,102.775,103.019,101.124,102.369,8371,20,0
2026-05-01 08:00:00+00:00,102.355,102.574,101.502,102.26,7108,20,0
2026-05-01 09:00:00+00:00,102.266,102.924,101.958,102.169,5872,20,0
2026-05-01 10:00:00+00:00,102.171,102.495,101.868,101.914,3459,20,0
2026-05-01 11:00:00+00:00,101.915,102.08,101.024,101.111,6106,20,0
2026-05-01 12:00:00+00:00,101.127,101.408,99.48,100.806,10145,20,0
2026-05-01 13:00:00+00:00,100.816,100.903,97.666,98.039,12596,20,0
2026-05-01 14:00:00+00:00,98.043,98.837,96.539,98.703,14844,20,0
2026-05-01 15:00:00+00:00,98.694,99.508,97.982,98.263,12177,20,0
2026-05-01 16:00:00+00:00,98.267,99.568,97.913,98.969,11333,20,0
2026-05-01 17:00:00+00:00,98.974,99.05,98.216,98.476,7818,20,0
2026-05-01 18:00:00+00:00,98.486,99.638,98.221,99.23,9374,20,0
2026-05-01 19:00:00+00:00,99.226,99.466,98.884,99.264,4743,20,0
2026-05-01 20:00:00+00:00,99.268,99.811,99.13,99.413,4547,20,0
2026-05-03 22:00:00+00:00,96.728,98.351,96.608,97.903,5290,20,0
2026-05-03 23:00:00+00:00,97.9,98.654,97.825,98.588,2404,20,0
2026-05-04 00:00:00+00:00,98.58,99.172,97.945,98.031,4713,20,0
2026-05-04 01:00:00+00:00,98.043,98.809,98.028,98.494,2895,20,0
2026-05-04 02:00:00+00:00,98.487,98.951,98.252,98.676,2399,20,0
2026-05-04 03:00:00+00:00,98.677,99.064,98.634,98.781,1904,20,0
2026-05-04 04:00:00+00:00,98.781,98.795,98.059,98.546,2443,20,0
2026-05-04 05:00:00+00:00,98.547,98.633,97.062,97.802,5079,20,0
2026-05-04 06:00:00+00:00,97.81,99.512,97.674,99.181,4824,20,0
2026-05-04 07:00:00+00:00,99.18,100.109,99.133,100.082,6029,20,0
2026-05-04 08:00:00+00:00,100.122,101.117,99.782,99.919,8546,20,0
2026-05-04 09:00:00+00:00,99.944,100.017,99.331,99.822,4638,20,0
2026-05-04 10:00:00+00:00,99.82,103.859,99.737,102.161,17317,20,0
2026-05-04 11:00:00+00:00,102.167,102.523,100.592,100.831,8990,20,0
2026-05-04 12:00:00+00:00,100.824,100.894,98.931,99.595,11007,20,0
2026-05-04 13:00:00+00:00,99.589,100.888,98.78,99.367,14889,20,0
2026-05-04 14:00:00+00:00,99.359,100.851,98.778,100.656,13254,20,0
2026-05-04 15:00:00+00:00,100.665,102.944,100.19,102.554,19411,20,0
2026-05-04 16:00:00+00:00,102.55,103.582,101.808,103.213,14594,20,0
2026-05-04 17:00:00+00:00,103.209,103.356,102.141,102.447,11125,20,0
2026-05-04 18:00:00+00:00,102.436,103.765,101.948,102.858,10216,20,0
2026-05-04 19:00:00+00:00,102.851,103.053,102.087,102.556,6392,20,0
2026-05-04 20:00:00+00:00,102.55,102.583,101.883,102.33,2990,20,0
2026-05-04 22:00:00+00:00,102.132,102.499,101.748,101.958,1181,20,0
2026-05-04 23:00:00+00:00,101.955,102.072,101.702,101.946,787,20,0
2026-05-05 00:00:00+00:00,101.929,102.186,101.462,101.805,1954,60,0
2026-05-05 01:00:00+00:00,101.798,102.02,101.496,101.663,1738,100,0
2026-05-05 02:00:00+00:00,101.667,101.689,100.939,101.169,2679,60,0
2026-05-05 03:00:00+00:00,101.171,101.498,101.096,101.345,1337,60,0
2026-05-05 04:00:00+00:00,101.343,101.362,100.842,101.165,1389,60,0
2026-05-05 05:00:00+00:00,101.161,101.628,101.152,101.336,2449,60,0
2026-05-05 06:00:00+00:00,101.339,102.393,101.09,101.57,4450,20,0
2026-05-05 07:00:00+00:00,101.533,101.991,100.366,101.687,8348,20,0
2026-05-05 08:00:00+00:00,101.689,101.844,100.331,100.678,9653,20,0
2026-05-05 09:00:00+00:00,100.688,101.664,100.688,101.248,6661,20,0
2026-05-05 10:00:00+00:00,101.227,101.684,100.772,101.471,5209,20,0
2026-05-05 11:00:00+00:00,101.471,102.31,101.033,101.062,6744,20,0
2026-05-05 12:00:00+00:00,101.066,101.512,99.958,100.59,10642,20,0
2026-05-05 13:00:00+00:00,100.596,100.747,99.463,99.625,11514,20,0
2026-05-05 14:00:00+00:00,99.635,100.473,98.695,99.204,15758,20,0
2026-05-05 15:00:00+00:00,99.198,99.959,98.729,99.348,12937,20,0
2026-05-05 16:00:00+00:00,99.347,99.746,99.144,99.677,7790,20,0
2026-05-05 17:00:00+00:00,99.674,99.755,98.925,99.429,7889,20,0
2026-05-05 18:00:00+00:00,99.426,99.888,99.23,99.483,7193,20,0
2026-05-05 19:00:00+00:00,99.483,100.089,99.39,99.973,4031,20,0
2026-05-05 20:00:00+00:00,100.002,100.002,99.617,99.85,4002,20,0
2026-05-05 22:00:00+00:00,99.551,99.66,96.407,98.137,1902,20,0
2026-05-05 23:00:00+00:00,98.153,98.153,96.499,96.964,2957,20,0
2026-05-06 00:00:00+00:00,96.962,98.4,96.542,97.961,4854,20,0
2026-05-06 01:00:00+00:00,97.959,98.269,97.124,97.533,6229,20,0
2026-05-06 02:00:00+00:00,97.529,97.763,97.45,97.627,2499,20,0
2026-05-06 03:00:00+00:00,97.622,97.934,97.401,97.647,2039,20,0
2026-05-06 04:00:00+00:00,97.645,97.791,97.286,97.503,1706,20,0
2026-05-06 05:00:00+00:00,97.51,98.443,97.312,97.4,3884,20,0
2026-05-06 06:00:00+00:00,97.404,98.336,96.843,97.9,5701,20,0
2026-05-06 07:00:00+00:00,97.913,98.275,95.331,95.418,9051,20,0
2026-05-06 08:00:00+00:00,95.405,96.568,92.746,93.145,16467,20,0
2026-05-06 09:00:00+00:00,93.137,93.915,91.118,91.229,18239,20,0
2026-05-06 10:00:00+00:00,91.221,91.241,87.708,88.008,21834,20,0
2026-05-06 11:00:00+00:00,87.995,90.417,86.879,90.372,22484,20,0
2026-05-06 12:00:00+00:00,90.387,93.664,90.263,92.999,19113,20,0
2026-05-06 13:00:00+00:00,93.02,94.322,92.831,93.366,18903,20,0
2026-05-06 14:00:00+00:00,93.358,94.604,91.924,92.405,18334,20,0
2026-05-06 15:00:00+00:00,92.413,93.586,92.188,92.79,13550,20,0
2026-05-06 16:00:00+00:00,92.795,93.655,92.042,93.203,9506,20,0
2026-05-06 17:00:00+00:00,93.207,93.283,92.344,92.573,8004,20,0
2026-05-06 18:00:00+00:00,92.588,92.635,91.733,92.476,9278,20,0
2026-05-06 19:00:00+00:00,92.497,92.844,92.126,92.731,5457,20,0
2026-05-06 20:00:00+00:00,92.734,93.486,92.45,93.307,5135,20,0
2026-05-06 22:00:00+00:00,92.544,93.083,92.54,92.775,1247,20,0
2026-05-06 23:00:00+00:00,92.777,92.987,92.663,92.864,823,20,0
2026-05-07 00:00:00+00:00,92.872,93.44,92.724,93.105,4397,20,0
2026-05-07 01:00:00+00:00,93.102,93.365,92.348,92.392,6070,20,0
2026-05-07 02:00:00+00:00,92.402,92.75,91.827,92.707,4448,20,0
2026-05-07 03:00:00+00:00,92.706,92.928,92.401,92.835,2699,20,0
2026-05-07 04:00:00+00:00,92.839,92.883,92.52,92.572,1582,20,0
2026-05-07 05:00:00+00:00,92.571,92.798,92.361,92.467,2666,20,0
2026-05-07 06:00:00+00:00,92.489,92.718,91.282,91.775,6027,20,0
2026-05-07 07:00:00+00:00,91.762,91.864,89.193,90.746,14924,20,0
2026-05-07 08:00:00+00:00,90.757,91.935,90.155,90.309,11633,20,0
2026-05-07 09:00:00+00:00,90.292,90.619,89.593,90.356,8620,20,0
2026-05-07 10:00:00+00:00,90.358,90.798,89.723,90.317,7872,20,0
2026-05-07 11:00:00+00:00,90.317,90.433,88.957,89.317,9285,20,0
2026-05-07 12:00:00+00:00,89.317,89.51,87.526,88.236,11284,20,0
2026-05-07 13:00:00+00:00,88.241,90.131,88.241,88.73,15751,20,0
2026-05-07 14:00:00+00:00,88.739,89.113,87.904,88.796,13779,20,0
2026-05-07 15:00:00+00:00,88.795,90.813,88.776,90.692,16149,20,0
2026-05-07 16:00:00+00:00,90.697,92.826,90.653,92.623,17175,20,0
2026-05-07 17:00:00+00:00,92.62,94.474,91.912,92.251,20002,20,0
2026-05-07 18:00:00+00:00,92.269,93.567,91.929,92.707,17189,20,0
2026-05-07 19:00:00+00:00,92.71,94.244,92.565,93.325,12090,20,0
2026-05-07 20:00:00+00:00,93.329,94.913,91.761,94.723,13194,20,0
2026-05-07 22:00:00+00:00,94.37,94.721,92.911,93.984,3024,20,0
2026-05-07 23:00:00+00:00,93.979,93.998,93.435,93.703,1458,20,0
2026-05-08 00:00:00+00:00,93.692,94.029,93.138,93.347,4458,20,0
2026-05-08 01:00:00+00:00,93.337,93.344,92.324,92.87,6316,20,0
2026-05-08 02:00:00+00:00,92.867,93.236,91.974,92.507,4734,20,0
2026-05-08 03:00:00+00:00,92.505,92.57,92.191,92.469,2786,20,0
2026-05-08 04:00:00+00:00,92.473,93.169,92.411,92.548,3175,20,0
2026-05-08 05:00:00+00:00,92.544,92.683,92.081,92.217,3850,20,0
2026-05-08 06:00:00+00:00,92.227,92.569,91.058,92.005,7401,20,0
2026-05-08 07:00:00+00:00,92.0,92.828,91.638,92.183,8727,20,0
2026-05-08 08:00:00+00:00,92.18,92.496,91.216,91.621,10329,20,0
2026-05-08 09:00:00+00:00,91.626,92.353,90.933,92.155,7876,20,0
2026-05-08 10:00:00+00:00,92.167,92.269,91.434,91.868,7721,20,0
2026-05-08 11:00:00+00:00,91.869,92.272,91.268,91.991,7329,20,0
2026-05-08 12:00:00+00:00,91.993,92.475,91.596,92.259,8553,20,0
2026-05-08 13:00:00+00:00,92.249,92.304,90.989,91.4,12795,20,0
2026-05-08 14:00:00+00:00,91.397,92.872,91.397,92.506,14287,20,0
2026-05-08 15:00:00+00:00,92.532,93.138,92.244,92.894,15378,20,0
2026-05-08 16:00:00+00:00,92.897,93.137,92.515,93.057,8533,20,0
2026-05-08 17:00:00+00:00,93.072,93.083,92.375,92.531,7184,20,0
2026-05-08 18:00:00+00:00,92.532,92.81,91.693,92.603,10517,20,0
2026-05-08 19:00:00+00:00,92.602,92.742,91.874,92.034,5716,20,0
2026-05-08 20:00:00+00:00,92.039,92.152,91.549,91.81,4529,20,0
2026-05-10 22:00:00+00:00,95.285,95.285,94.463,95.155,2360,20,0
2026-05-10 23:00:00+00:00,95.157,95.758,95.055,95.713,2052,20,0
2026-05-11 00:00:00+00:00,95.723,96.602,95.315,95.995,4312,20,0
2026-05-11 01:00:00+00:00,95.991,96.02,95.495,95.622,5045,20,0
2026-05-11 02:00:00+00:00,95.624,96.429,95.486,96.331,3248,20,0
2026-05-11 03:00:00+00:00,96.338,96.813,96.292,96.536,3092,20,0
2026-05-11 04:00:00+00:00,96.536,96.918,96.525,96.836,1947,20,0
2026-05-11 05:00:00+00:00,96.837,96.89,96.213,96.324,3394,20,0
2026-05-11 06:00:00+00:00,96.323,96.647,95.466,95.591,4665,20,0
2026-05-11 07:00:00+00:00,95.597,95.982,95.218,95.27,6474,20,0
2026-05-11 08:00:00+00:00,95.234,95.394,93.975,94.623,9645,20,0
2026-05-11 09:00:00+00:00,94.622,94.925,94.345,94.924,4957,20,0
2026-05-11 10:00:00+00:00,94.909,94.955,94.159,94.827,5816,20,0
2026-05-11 11:00:00+00:00,94.827,95.403,94.623,95.194,4340,20,0
2026-05-11 12:00:00+00:00,95.217,95.595,93.654,95.018,8483,20,0
2026-05-11 13:00:00+00:00,95.025,95.113,93.322,93.683,12279,20,0
2026-05-11 14:00:00+00:00,93.686,94.988,93.66,94.77,9913,20,0
2026-05-11 15:00:00+00:00,94.775,95.438,94.408,95.036,9661,20,0
2026-05-11 16:00:00+00:00,95.049,96.821,95.012,96.359,8862,20,0
2026-05-11 17:00:00+00:00,96.352,96.366,95.273,95.476,7121,20,0
2026-05-11 18:00:00+00:00,95.475,96.018,95.057,95.334,9322,20,0
2026-05-11 19:00:00+00:00,95.334,95.675,95.066,95.489,3716,20,0
2026-05-11 20:00:00+00:00,95.481,96.126,95.343,95.542,3441,20,0
2026-05-11 22:00:00+00:00,95.425,95.429,95.041,95.285,623,20,0
2026-05-11 23:00:00+00:00,95.293,95.332,95.007,95.082,371,20,0
2026-05-12 00:00:00+00:00,95.083,95.749,95.083,95.7,2870,20,0
2026-05-12 01:00:00+00:00,95.694,96.075,95.349,95.96,3276,20,0
2026-05-12 02:00:00+00:00,95.964,96.253,95.836,95.856,2141,20,0
2026-05-12 03:00:00+00:00,95.858,96.013,95.725,95.965,1571,20,0
2026-05-12 04:00:00+00:00,95.969,96.057,95.453,95.795,1721,20,0
2026-05-12 05:00:00+00:00,95.798,96.26,95.582,95.979,2377,20,0
2026-05-12 06:00:00+00:00,95.983,97.468,95.961,97.266,5418,20,0
2026-05-12 07:00:00+00:00,97.27,97.42,96.969,97.355,5979,20,0
2026-05-12 08:00:00+00:00,97.35,98.106,97.263,97.613,7963,20,0
2026-05-12 09:00:00+00:00,97.621,98.381,97.561,97.84,7320,20,0
2026-05-12 10:00:00+00:00,97.84,98.654,97.604,98.399,5937,20,0
2026-05-12 11:00:00+00:00,98.393,98.785,97.931,98.11,6170,20,0
2026-05-12 12:00:00+00:00,98.133,98.674,97.659,97.779,7251,20,0
2026-05-12 13:00:00+00:00,97.742,99.03,97.672,98.693,10129,20,0
2026-05-12 14:00:00+00:00,98.696,98.942,98.294,98.771,9136,20,0
2026-05-12 15:00:00+00:00,98.777,99.139,98.105,98.489,9521,20,0
2026-05-12 16:00:00+00:00,98.49,98.789,98.207,98.47,5699,20,0
2026-05-12 17:00:00+00:00,98.466,98.565,98.166,98.487,5874,20,0
2026-05-12 18:00:00+00:00,98.482,99.338,98.359,99.151,8387,20,0
2026-05-12 19:00:00+00:00,99.153,99.16,98.82,99.013,3452,20,0
2026-05-12 20:00:00+00:00,99.005,99.207,98.521,98.748,2478,20,0
2026-05-12 22:00:00+00:00,98.551,98.737,98.102,98.249,2335,20,0
2026-05-12 23:00:00+00:00,98.244,98.476,98.239,98.379,1292,20,0
2026-05-13 00:00:00+00:00,98.379,98.448,97.4,97.852,9413,20,0
2026-05-13 01:00:00+00:00,97.852,98.031,97.647,97.954,7968,20,0
2026-05-13 02:00:00+00:00,97.954,98.092,97.157,97.421,5521,20,0
2026-05-13 03:00:00+00:00,97.427,97.585,97.227,97.465,6290,20,0
2026-05-13 04:00:00+00:00,97.465,97.465,97.038,97.17,4033,20,0
2026-05-13 05:00:00+00:00,97.163,97.298,96.961,97.047,5351,20,0
2026-05-13 06:00:00+00:00,97.053,97.534,96.966,97.402,10083,20,0
2026-05-13 07:00:00+00:00,97.408,97.817,97.183,97.744,16588,20,0
2026-05-13 08:00:00+00:00,97.744,98.337,97.581,98.144,10166,20,0
2026-05-13 09:00:00+00:00,98.142,98.54,97.78,97.911,5001,20,0
2026-05-13 10:00:00+00:00,97.914,98.878,97.897,98.788,4970,20,0
2026-05-13 11:00:00+00:00,98.791,98.864,98.171,98.24,4544,20,0
2026-05-13 12:00:00+00:00,98.235,98.938,98.069,98.505,5777,20,0
2026-05-13 13:00:00+00:00,98.498,98.654,98.173,98.637,7701,20,0
2026-05-13 14:00:00+00:00,98.635,99.303,98.515,98.95,7856,20,0
2026-05-13 15:00:00+00:00,98.956,99.054,97.958,98.235,8784,20,0
2026-05-13 16:00:00+00:00,98.235,98.33,96.951,97.901,9477,20,0
2026-05-13 17:00:00+00:00,97.898,97.995,97.312,97.412,5896,20,0
2026-05-13 18:00:00+00:00,97.413,97.42,96.713,96.981,6685,20,0
2026-05-13 19:00:00+00:00,96.998,97.358,96.903,97.281,3202,20,0
2026-05-13 20:00:00+00:00,97.277,97.494,96.708,96.936,2666,20,0
2026-05-13 22:00:00+00:00,96.904,97.047,96.483,96.653,2214,40,0
2026-05-13 23:00:00+00:00,96.655,96.863,96.608,96.797,1280,40,0
2026-05-14 00:00:00+00:00,96.798,97.024,96.66,96.78,3988,40,0
2026-05-14 01:00:00+00:00,96.783,97.166,96.411,96.718,8813,40,0
2026-05-14 02:00:00+00:00,96.718,97.169,96.586,97.152,5062,40,0
2026-05-14 03:00:00+00:00,97.146,97.356,96.814,97.065,5457,40,0
2026-05-14 04:00:00+00:00,97.066,97.209,97.02,97.083,2964,40,0
2026-05-14 05:00:00+00:00,97.083,97.48,97.032,97.143,6140,40,0
2026-05-14 06:00:00+00:00,97.149,97.149,95.47,96.745,15587,40,0
2026-05-14 07:00:00+00:00,96.753,97.815,96.648,97.678,17852,40,0
2026-05-14 08:00:00+00:00,97.673,98.123,96.841,97.078,17270,40,0
2026-05-14 09:00:00+00:00,97.081,97.667,96.689,96.913,10534,40,0
2026-05-14 10:00:00+00:00,96.918,97.379,96.032,96.692,16217,40,0
2026-05-14 11:00:00+00:00,96.7,97.007,95.805,96.022,10195,40,0
2026-05-14 12:00:00+00:00,96.023,96.607,95.105,96.068,14584,40,0
2026-05-14 13:00:00+00:00,96.073,96.979,96.073,96.757,16037,40,0
2026-05-14 14:00:00+00:00,96.761,97.491,96.116,96.344,9477,40,0
2026-05-14 15:00:00+00:00,96.353,96.731,96.174,96.603,10139,40,0
2026-05-14 16:00:00+00:00,96.609,96.783,96.013,96.675,7524,40,0
2026-05-14 17:00:00+00:00,96.679,97.652,96.541,97.452,6498,40,0
2026-05-14 18:00:00+00:00,97.438,97.689,96.816,97.11,6353,40,0
2026-05-14 19:00:00+00:00,97.106,97.706,97.018,97.686,2821,40,0
2026-05-14 20:00:00+00:00,97.681,97.917,97.55,97.754,2789,40,0
2026-05-14 22:00:00+00:00,97.548,97.555,97.011,97.491,2580,40,0
2026-05-14 23:00:00+00:00,97.491,97.651,97.273,97.51,2003,40,0
2026-05-15 00:00:00+00:00,97.517,97.618,97.22,97.426,3978,40,0
2026-05-15 01:00:00+00:00,97.418,98.483,97.263,98.019,6900,40,0
2026-05-15 02:00:00+00:00,98.019,98.49,97.637,98.227,6420,40,0
2026-05-15 03:00:00+00:00,98.227,98.282,97.946,97.954,3508,40,0
2026-05-15 04:00:00+00:00,97.937,98.175,97.937,98.007,2255,40,0
2026-05-15 05:00:00+00:00,98.007,99.133,98.006,98.754,5541,40,0
2026-05-15 06:00:00+00:00,98.755,99.058,98.521,98.638,8479,40,0
2026-05-15 07:00:00+00:00,98.633,99.02,98.17,98.989,5537,40,0
2026-05-15 08:00:00+00:00,98.988,100.513,98.828,100.168,7419,40,0
2026-05-15 09:00:00+00:00,100.184,100.693,99.817,100.568,5106,40,0
2026-05-15 10:00:00+00:00,100.554,100.574,98.442,98.851,7088,40,0
2026-05-15 11:00:00+00:00,98.834,99.927,98.642,99.808,4975,40,0
2026-05-15 12:00:00+00:00,99.809,99.946,99.282,99.621,4667,40,0
2026-05-15 13:00:00+00:00,99.611,99.677,98.96,99.654,6044,40,0
2026-05-15 14:00:00+00:00,99.668,100.323,98.98,100.057,6693,40,0
2026-05-15 15:00:00+00:00,100.043,100.956,99.676,100.683,6220,40,0
2026-05-15 16:00:00+00:00,100.681,100.991,100.33,100.493,4143,40,0
2026-05-15 17:00:00+00:00,100.498,100.652,100.068,100.419,3704,40,0
2026-05-15 18:00:00+00:00,100.415,101.158,100.375,100.741,4267,40,0
2026-05-15 19:00:00+00:00,100.735,101.134,100.658,100.985,2829,40,0
2026-05-15 20:00:00+00:00,100.976,101.325,100.748,100.921,2003,40,0
2026-05-17 22:00:00+00:00,102.245,102.416,101.529,101.783,1942,40,0
2026-05-17 23:00:00+00:00,101.789,102.228,101.779,101.978,1090,40,0
2026-05-18 00:00:00+00:00,101.937,102.716,101.533,102.5,2997,40,0
2026-05-18 01:00:00+00:00,102.477,103.862,102.158,102.826,5266,40,0
2026-05-18 02:00:00+00:00,102.827,103.224,102.659,102.791,2236,40,0
2026-05-18 03:00:00+00:00,102.787,102.914,102.603,102.703,1676,40,0
2026-05-18 04:00:00+00:00,102.702,102.854,102.525,102.676,1534,40,0
2026-05-18 05:00:00+00:00,102.675,102.827,102.093,102.386,2442,40,0
2026-05-18 06:00:00+00:00,102.396,102.951,102.319,102.395,3516,40,0
2026-05-18 07:00:00+00:00,102.389,102.44,101.135,101.722,5423,40,0
2026-05-18 08:00:00+00:00,101.701,101.974,101.16,101.354,5393,40,0
2026-05-18 09:00:00+00:00,101.351,102.088,101.235,101.741,3540,40,0
2026-05-18 10:00:00+00:00,101.74,102.062,101.595,101.972,2966,40,0
2026-05-18 11:00:00+00:00,101.98,102.756,99.765,100.473,9739,40,0
2026-05-18 12:00:00+00:00,100.48,101.2,98.21,98.648,11079,40,0
2026-05-18 13:00:00+00:00,98.648,99.827,98.54,99.185,10358,40,0
2026-05-18 14:00:00+00:00,99.172,101.917,99.126,101.762,9994,40,0
2026-05-18 15:00:00+00:00,101.753,102.692,101.57,102.391,9520,40,0
2026-05-18 16:00:00+00:00,102.391,103.147,102.268,102.456,5632,40,0
2026-05-18 17:00:00+00:00,102.459,102.656,101.743,102.574,4977,40,0
2026-05-18 18:00:00+00:00,102.569,104.732,102.55,104.178,7748,40,0
2026-05-18 19:00:00+00:00,104.168,104.345,100.956,101.552,10679,40,0
2026-05-18 20:00:00+00:00,101.61,102.085,100.663,102.032,3398,40,0
2026-05-18 22:00:00+00:00,101.603,101.866,101.422,101.754,1009,40,0
2026-05-18 23:00:00+00:00,101.755,101.821,101.556,101.601,580,40,0
2026-05-19 00:00:00+00:00,101.605,102.056,101.49,101.8,2906,40,0
2026-05-19 01:00:00+00:00,101.792,102.317,101.553,101.805,3864,40,0
2026-05-19 02:00:00+00:00,101.809,102.4,101.725,102.2,2314,40,0
2026-05-19 03:00:00+00:00,102.201,102.423,101.977,102.15,1893,40,0
2026-05-19 04:00:00+00:00,102.15,102.227,101.887,101.963,1386,40,0
2026-05-19 05:00:00+00:00,101.964,102.767,101.888,102.458,2832,40,0
2026-05-19 06:00:00+00:00,102.46,103.119,102.025,103.024,4943,20,0
2026-05-19 07:00:00+00:00,103.021,103.331,102.327,102.467,5919,20,0
2026-05-19 08:00:00+00:00,102.47,103.153,102.331,102.549,6663,20,0
2026-05-19 09:00:00+00:00,102.55,102.89,101.877,102.108,5045,20,0
2026-05-19 10:00:00+00:00,102.106,103.49,102.043,102.749,6206,20,0
2026-05-19 11:00:00+00:00,102.745,103.408,102.721,103.281,5094,20,0
2026-05-19 12:00:00+00:00,103.28,103.318,102.553,102.831,5515,20,0
2026-05-19 13:00:00+00:00,102.826,104.034,102.469,102.793,11680,20,0
2026-05-19 14:00:00+00:00,102.789,103.103,101.961,102.818,12198,20,0
2026-05-19 15:00:00+00:00,102.81,103.208,102.287,103.127,9331,20,0
2026-05-19 16:00:00+00:00,103.122,103.451,102.829,103.021,6023,20,0
2026-05-19 17:00:00+00:00,103.026,103.395,102.603,102.755,6106,20,0
2026-05-19 18:00:00+00:00,102.762,104.166,102.416,103.954,8274,20,0
2026-05-19 19:00:00+00:00,103.958,103.962,103.44,103.78,3822,20,0
2026-05-19 20:00:00+00:00,103.784,103.896,103.253,103.311,2328,20,0
2026-05-19 22:00:00+00:00,103.155,103.435,103.142,103.295,707,20,0
2026-05-19 23:00:00+00:00,103.295,103.367,102.852,103.011,749,20,0
2026-05-20 00:00:00+00:00,103.014,103.1,102.791,102.942,2041,20,0
2026-05-20 01:00:00+00:00,102.94,103.523,102.215,102.682,4825,20,0
2026-05-20 02:00:00+00:00,102.682,103.53,102.498,103.269,3463,20,0
2026-05-20 03:00:00+00:00,103.266,103.408,102.66,102.767,2500,20,0
2026-05-20 04:00:00+00:00,102.763,103.035,102.404,102.979,1747,20,0
2026-05-20 05:00:00+00:00,102.978,103.01,102.658,102.922,2113,20,0
2026-05-20 06:00:00+00:00,102.922,103.088,101.733,101.881,5094,20,0
2026-05-20 07:00:00+00:00,101.851,102.277,101.609,102.135,5218,20,0
2026-05-20 08:00:00+00:00,102.136,102.208,100.94,101.196,7472,20,0
2026-05-20 09:00:00+00:00,101.2,101.83,100.782,101.463,5618,20,0
2026-05-20 10:00:00+00:00,101.462,101.634,100.006,100.624,6197,20,0
2026-05-20 11:00:00+00:00,100.617,101.894,100.544,101.643,5443,20,0
2026-05-20 12:00:00+00:00,101.642,101.765,99.907,100.821,8005,20,0
2026-05-20 13:00:00+00:00,100.826,101.493,100.475,101.445,8655,20,0
2026-05-20 14:00:00+00:00,101.442,101.969,98.553,99.671,19635,20,0
2026-05-20 15:00:00+00:00,99.675,99.842,96.242,98.413,18981,20,0
2026-05-20 16:00:00+00:00,98.408,98.848,96.854,97.119,11626,20,0
2026-05-20 17:00:00+00:00,97.115,97.527,96.213,97.514,10604,20,0
2026-05-20 18:00:00+00:00,97.525,97.916,96.995,97.176,8535,20,0
2026-05-20 19:00:00+00:00,97.176,97.796,97.003,97.754,4405,20,0
2026-05-20 20:00:00+00:00,97.745,98.33,97.534,98.216,2831,20,0
2026-05-20 22:00:00+00:00,97.88,98.224,97.815,98.006,852,20,0
2026-05-20 23:00:00+00:00,98.007,98.234,97.791,97.889,696,20,0
2026-05-21 00:00:00+00:00,97.893,99.091,97.815,98.139,4081,20,0
2026-05-21 01:00:00+00:00,98.142,98.205,97.527,97.643,5354,20,0
2026-05-21 02:00:00+00:00,97.64,98.288,97.561,98.193,2954,20,0
2026-05-21 03:00:00+00:00,98.184,98.297,97.98,98.121,2000,20,0
2026-05-21 04:00:00+00:00,98.124,98.312,97.844,97.899,1633,20,0
2026-05-21 05:00:00+00:00,97.898,99.077,97.851,98.46,3901,20,0
2026-05-21 06:00:00+00:00,98.462,98.905,97.911,98.612,5361,20,0
2026-05-21 07:00:00+00:00,98.617,98.951,98.296,98.334,4773,20,0
2026-05-21 08:00:00+00:00,98.299,98.63,97.157,97.568,10218,20,0
2026-05-21 09:00:00+00:00,97.562,97.588,96.369,96.708,8431,20,0
2026-05-21 10:00:00+00:00,96.702,100.352,96.597,100.07,13330,20,0
2026-05-21 11:00:00+00:00,100.074,100.11,99.193,99.617,7574,20,0
2026-05-21 12:00:00+00:00,99.625,100.304,99.481,100.119,8095,20,0
2026-05-21 13:00:00+00:00,100.114,101.653,99.358,99.622,14312,20,0
2026-05-21 14:00:00+00:00,99.616,100.605,99.359,100.473,12152,20,0
2026-05-21 15:00:00+00:00,100.469,101.188,99.814,99.822,10938,20,0
2026-05-21 16:00:00+00:00,99.808,99.808,98.904,99.123,8787,20,0
2026-05-21 17:00:00+00:00,99.12,99.521,94.974,95.487,20629,20,0
2026-05-21 18:00:00+00:00,95.481,97.498,95.201,97.21,16534,20,0
2026-05-21 19:00:00+00:00,97.213,97.433,96.321,96.629,9356,20,0
2026-05-21 20:00:00+00:00,96.634,97.388,96.435,97.213,3801,20,0
2026-05-21 22:00:00+00:00,96.757,96.889,96.503,96.759,998,20,0
2026-05-21 23:00:00+00:00,96.763,96.96,96.575,96.796,779,20,0
2026-05-22 00:00:00+00:00,96.795,97.275,96.662,96.965,2567,20,0
2026-05-22 01:00:00+00:00,96.958,97.386,96.667,96.719,3920,20,0
2026-05-22 02:00:00+00:00,96.716,96.997,96.379,96.503,2744,20,0
2026-05-22 03:00:00+00:00,96.505,96.591,96.27,96.509,1763,20,0
2026-05-22 04:00:00+00:00,96.511,96.515,95.976,96.426,1569,20,0
2026-05-22 05:00:00+00:00,96.423,97.586,96.399,97.414,2763,20,0
2026-05-22 06:00:00+00:00,97.396,97.763,96.95,97.042,4017,20,0
2026-05-22 07:00:00+00:00,97.048,97.942,97.005,97.496,5630,20,0
2026-05-22 08:00:00+00:00,97.49,98.449,97.142,97.748,7891,20,0
2026-05-22 09:00:00+00:00,97.74,98.109,96.972,97.577,5368,20,0
2026-05-22 10:00:00+00:00,97.557,97.864,96.765,97.385,4740,20,0
2026-05-22 11:00:00+00:00,97.389,97.733,96.292,96.611,4496,20,0
2026-05-22 12:00:00+00:00,96.629,96.857,94.814,95.314,11107,20,0
2026-05-22 13:00:00+00:00,95.322,97.184,94.586,96.845,12669,20,0
2026-05-22 14:00:00+00:00,96.847,97.226,96.377,96.651,7682,20,0
2026-05-22 15:00:00+00:00,96.641,97.015,95.872,96.114,8030,20,0
2026-05-22 16:00:00+00:00,96.111,96.434,95.598,95.914,6573,20,0
2026-05-22 17:00:00+00:00,95.913,96.259,93.82,95.03,11977,20,0
2026-05-22 18:00:00+00:00,95.041,95.79,95.003,95.291,8137,20,0
2026-05-22 19:00:00+00:00,95.288,95.97,95.142,95.283,4856,20,0
2026-05-22 20:00:00+00:00,95.278,96.243,95.003,95.995,4289,20,0
2026-05-24 22:00:00+00:00,91.379,91.379,90.466,90.714,3343,20,0
2026-05-24 23:00:00+00:00,90.712,91.332,90.475,91.27,2681,20,0
2026-05-25 00:00:00+00:00,91.277,91.458,90.079,91.08,4153,20,0
2026-05-25 01:00:00+00:00,91.095,91.724,90.887,91.585,5452,20,0
2026-05-25 02:00:00+00:00,91.586,91.714,90.883,90.898,3359,20,0
2026-05-25 03:00:00+00:00,90.896,90.941,89.412,90.132,6159,20,0
2026-05-25 04:00:00+00:00,90.136,90.453,90.051,90.165,2623,20,0
2026-05-25 05:00:00+00:00,90.163,90.221,89.756,90.163,3981,20,0
2026-05-25 06:00:00+00:00,90.166,90.793,90.025,90.607,4144,20,0
2026-05-25 07:00:00+00:00,90.577,91.852,90.419,90.899,6664,20,0
2026-05-25 08:00:00+00:00,90.9,91.681,90.771,90.92,5988,20,0
2026-05-25 09:00:00+00:00,90.924,91.017,90.183,90.394,4850,20,0
2026-05-25 10:00:00+00:00,90.389,90.51,89.887,90.079,4673,20,0
2026-05-25 11:00:00+00:00,90.069,90.569,89.74,90.088,4543,20,0
2026-05-25 12:00:00+00:00,90.087,90.737,89.543,90.595,8824,20,0
2026-05-25 13:00:00+00:00,90.605,90.979,90.437,90.518,21349,20,0
2026-05-25 14:00:00+00:00,90.523,90.655,90.053,90.567,19920,20,0
2026-05-25 15:00:00+00:00,90.573,90.955,89.571,90.237,30482,20,0
2026-05-25 16:00:00+00:00,90.244,90.728,88.91,89.02,28617,20,0
2026-05-25 17:00:00+00:00,89.029,89.588,88.626,89.489,27130,20,0
2026-05-25 18:00:00+00:00,89.497,89.59,89.322,89.447,4603,20,0
2026-05-25 22:00:00+00:00,90.053,90.319,89.486,89.865,1745,20,0
2026-05-25 23:00:00+00:00,89.856,90.228,89.762,90.044,1224,20,0
2026-05-26 00:00:00+00:00,90.051,90.689,90.018,90.573,5111,20,0
2026-05-26 01:00:00+00:00,90.57,91.145,90.451,90.88,3318,20,0
2026-05-26 02:00:00+00:00,90.878,90.966,90.453,90.635,2354,20,0
2026-05-26 03:00:00+00:00,90.635,90.766,90.461,90.71,1660,20,0
2026-05-26 04:00:00+00:00,90.713,91.159,90.628,91.067,1620,20,0
2026-05-26 05:00:00+00:00,91.063,91.562,90.843,90.937,3042,20,0
2026-05-26 06:00:00+00:00,90.947,91.367,90.468,90.729,4037,20,0
2026-05-26 07:00:00+00:00,90.728,91.976,90.599,91.544,7803,20,0
2026-05-26 08:00:00+00:00,91.535,92.621,91.395,92.243,7768,20,0
2026-05-26 09:00:00+00:00,92.257,92.323,91.585,91.663,5275,20,0
2026-05-26 10:00:00+00:00,91.664,91.784,90.567,91.091,5879,20,0
2026-05-26 11:00:00+00:00,91.079,91.942,91.052,91.766,5563,20,0
2026-05-26 12:00:00+00:00,91.768,92.407,91.473,91.831,9363,20,0
2026-05-26 13:00:00+00:00,91.827,93.484,91.577,93.147,29087,20,0
2026-05-26 14:00:00+00:00,93.138,93.389,92.154,93.094,22436,20,0
2026-05-26 15:00:00+00:00,93.089,93.579,92.769,92.85,20102,20,0
2026-05-26 16:00:00+00:00,92.85,93.268,92.617,92.931,6544,20,0
2026-05-26 17:00:00+00:00,92.93,93.063,92.476,92.698,6125,20,0
2026-05-26 18:00:00+00:00,92.694,93.018,92.315,92.574,7626,20,0
2026-05-26 19:00:00+00:00,92.578,92.954,92.418,92.418,4395,20,0
2026-05-26 20:00:00+00:00,92.414,92.748,92.088,92.42,2682,20,0
2026-05-26 22:00:00+00:00,92.263,92.435,92.069,92.306,910,20,0
2026-05-26 23:00:00+00:00,92.308,92.355,91.887,92.077,970,20,0
2026-05-27 00:00:00+00:00,92.075,92.173,91.566,91.728,3523,20,0
2026-05-27 01:00:00+00:00,91.726,91.963,91.307,91.618,4638,20,0
2026-05-27 02:00:00+00:00,91.617,91.617,90.934,91.163,3826,20,0
2026-05-27 03:00:00+00:00,91.17,91.17,90.652,90.874,3535,20,0
2026-05-27 04:00:00+00:00,90.872,90.919,90.589,90.722,1948,20,0
2026-05-27 05:00:00+00:00,90.723,90.996,90.508,90.637,3433,20,0
2026-05-27 06:00:00+00:00,90.644,90.841,90.196,90.344,5162,20,0
2026-05-27 07:00:00+00:00,90.332,90.47,89.659,89.908,6326,20,0
2026-05-27 08:00:00+00:00,89.892,90.06,88.526,88.991,9046,20,0
2026-05-27 09:00:00+00:00,88.995,89.378,88.506,88.75,6609,20,0
2026-05-27 10:00:00+00:00,88.738,89.41,88.713,89.113,4818,20,0
2026-05-27 11:00:00+00:00,89.113,89.744,88.918,89.448,6800,20,0
2026-05-27 12:00:00+00:00,89.444,89.685,86.77,87.781,15096,20,0
2026-05-27 13:00:00+00:00,87.786,88.901,87.699,88.726,10645,20,0
2026-05-27 14:00:00+00:00,88.722,89.859,88.403,89.689,11579,20,0
2026-05-27 15:00:00+00:00,89.716,90.065,88.881,88.981,10878,20,0
2026-05-27 16:00:00+00:00,88.976,89.355,88.4,88.859,6869,20,0
2026-05-27 17:00:00+00:00,88.855,89.075,88.117,88.472,6262,20,0
2026-05-27 18:00:00+00:00,88.467,88.56,87.497,87.953,6787,20,0
2026-05-27 19:00:00+00:00,87.956,88.568,87.843,88.431,3515,20,0
2026-05-27 20:00:00+00:00,88.427,88.583,88.313,88.36,1707,20,0
2026-05-27 22:00:00+00:00,88.2,88.862,88.197,88.556,1199,20,0
2026-05-27 23:00:00+00:00,88.57,89.236,88.446,89.036,1460,20,0
2026-05-28 00:00:00+00:00,89.039,89.485,89.025,89.304,3457,20,0
2026-05-28 01:00:00+00:00,89.3,89.323,88.809,89.03,3616,20,0
2026-05-28 02:00:00+00:00,89.031,89.776,88.77,89.736,3558,20,0
2026-05-28 03:00:00+00:00,89.741,90.97,89.683,90.936,5810,20,0
2026-05-28 04:00:00+00:00,90.936,91.267,90.746,90.927,3785,20,0
2026-05-28 05:00:00+00:00,90.92,90.985,90.184,90.345,3631,20,0
2026-05-28 06:00:00+00:00,90.343,90.384,89.569,89.949,4032,20,0
2026-05-28 07:00:00+00:00,89.945,90.229,89.64,89.77,4760,20,0
2026-05-28 08:00:00+00:00,89.768,89.894,89.354,89.429,6680,20,0
2026-05-28 09:00:00+00:00,89.43,89.631,88.759,89.135,5102,20,0
2026-05-28 10:00:00+00:00,89.134,90.229,88.893,89.886,5126,20,0
2026-05-28 11:00:00+00:00,89.893,90.391,89.631,90.14,5685,20,0
2026-05-28 12:00:00+00:00,90.147,90.267,89.29,89.402,5796,20,0
2026-05-28 13:00:00+00:00,89.405,90.237,89.175,89.758,7726,20,0
2026-05-28 14:00:00+00:00,89.76,90.068,86.294,88.509,14871,20,0
2026-05-28 15:00:00+00:00,88.503,89.135,87.996,88.783,10672,20,0
2026-05-28 16:00:00+00:00,88.773,89.168,87.085,87.289,10211,20,0
2026-05-28 17:00:00+00:00,87.299,88.21,87.253,87.962,7539,20,0
2026-05-28 18:00:00+00:00,87.968,88.621,87.713,88.359,8712,20,0
2026-05-28 19:00:00+00:00,88.359,88.56,88.117,88.56,3424,20,0
2026-05-28 20:00:00+00:00,88.576,88.728,87.783,87.801,2549,20,0
2026-05-28 22:00:00+00:00,87.633,87.859,87.295,87.547,1153,20,0
2026-05-28 23:00:00+00:00,87.548,87.609,87.264,87.568,956,20,0
2026-05-29 00:00:00+00:00,87.565,87.586,86.713,87.4,3385,20,0
2026-05-29 01:00:00+00:00,87.397,87.495,86.719,86.973,4343,20,0
2026-05-29 02:00:00+00:00,86.96,87.154,86.634,86.884,3384,20,0
2026-05-29 03:00:00+00:00,86.878,87.389,86.475,87.281,3731,20,0
2026-05-29 04:00:00+00:00,87.26,87.326,86.524,86.8,5184,20,0
2026-05-29 05:00:00+00:00,86.801,87.218,86.739,87.084,2548,20,0
2026-05-29 06:00:00+00:00,87.096,87.122,86.262,86.576,3647,20,0
2026-05-29 07:00:00+00:00,86.571,88.014,86.437,87.767,4850,20,0
2026-05-29 08:00:00+00:00,87.771,88.048,87.532,87.685,4737,20,0
2026-05-29 09:00:00+00:00,87.686,87.725,85.981,86.561,8073,20,0
2026-05-29 10:00:00+00:00,86.542,86.867,85.865,86.433,4804,20,0
2026-05-29 11:00:00+00:00,86.429,87.33,86.247,86.675,5022,20,0
2026-05-29 12:00:00+00:00,86.669,87.196,86.307,86.42,5374,20,0
2026-05-29 13:00:00+00:00,86.423,86.901,85.854,86.718,8036,20,0
2026-05-29 14:00:00+00:00,86.719,87.836,86.434,86.907,11253,20,0
2026-05-29 15:00:00+00:00,86.912,86.946,85.396,86.594,14666,20,0
2026-05-29 16:00:00+00:00,86.59,86.948,85.526,85.709,7979,20,0
2026-05-29 17:00:00+00:00,85.71,86.411,85.662,86.229,6532,20,0
2026-05-29 18:00:00+00:00,86.22,87.048,86.071,86.72,8389,20,0
2026-05-29 19:00:00+00:00,86.723,87.188,86.56,87.113,4523,20,0
2026-05-29 20:00:00+00:00,87.128,87.18,86.679,86.838,2438,20,0
2026-05-31 22:00:00+00:00,87.807,88.837,87.8,88.463,2409,20,0
2026-05-31 23:00:00+00:00,88.477,88.477,87.957,88.256,1750,20,0
2026-06-01 00:00:00+00:00,88.253,88.778,88.122,88.197,2630,20,0
2026-06-01 01:00:00+00:00,88.204,88.976,87.887,88.707,4063,20,0
2026-06-01 02:00:00+00:00,88.707,88.826,88.347,88.457,2448,20,0
2026-06-01 03:00:00+00:00,88.458,88.857,88.033,88.585,2830,20,0
2026-06-01 04:00:00+00:00,88.58,88.766,88.097,88.474,1878,20,0
2026-06-01 05:00:00+00:00,88.479,88.833,88.312,88.578,2243,20,0
2026-06-01 06:00:00+00:00,88.581,89.551,88.547,88.996,3862,20,0
2026-06-01 07:00:00+00:00,88.998,89.505,88.912,89.178,4192,20,0
2026-06-01 08:00:00+00:00,89.177,90.025,89.018,89.588,5194,20,0
2026-06-01 09:00:00+00:00,89.596,89.993,89.328,89.541,3780,20,0
2026-06-01 10:00:00+00:00,89.534,89.697,89.281,89.427,2998,20,0
2026-06-01 11:00:00+00:00,89.427,89.588,88.976,89.054,3523,20,0
2026-06-01 12:00:00+00:00,89.053,89.262,88.1,88.497,6312,20,0
2026-06-01 13:00:00+00:00,88.475,92.686,88.321,92.652,19115,20,0
2026-06-01 14:00:00+00:00,92.659,93.125,91.493,92.97,11295,20,0
2026-06-01 15:00:00+00:00,92.973,93.222,90.915,92.319,11844,20,0
2026-06-01 16:00:00+00:00,92.321,92.961,91.359,91.426,10339,20,0
2026-06-01 17:00:00+00:00,91.429,91.807,89.578,90.415,11950,20,0
2026-06-01 18:00:00+00:00,90.403,91.111,90.061,90.991,7393,20,0
2026-06-01 19:00:00+00:00,90.987,91.114,90.562,90.93,4042,20,0
2026-06-01 20:00:00+00:00,90.925,91.027,90.591,90.721,1666,20,0
2026-06-01 22:00:00+00:00,90.874,90.941,90.495,90.652,781,20,0
2026-06-01 23:00:00+00:00,90.651,90.738,90.117,90.295,911,20,0
2026-06-02 00:00:00+00:00,90.295,90.814,90.033,90.719,2618,20,0
2026-06-02 01:00:00+00:00,90.729,90.967,89.823,90.021,6275,20,0
2026-06-02 02:00:00+00:00,90.016,90.215,89.81,90.111,3412,20,0
2026-06-02 03:00:00+00:00,90.109,90.154,89.625,89.795,2195,20,0
2026-06-02 04:00:00+00:00,89.794,89.853,89.522,89.576,1517,20,0
2026-06-02 05:00:00+00:00,89.578,89.821,89.343,89.739,2948,20,0
2026-06-02 06:00:00+00:00,89.738,90.048,89.353,89.9,3913,20,0
2026-06-02 07:00:00+00:00,89.884,90.126,88.972,89.185,5982,20,0
2026-06-02 08:00:00+00:00,89.196,89.586,88.563,89.027,8152,20,0
2026-06-02 09:00:00+00:00,89.031,89.496,88.542,89.435,5321,20,0
2026-06-02 10:00:00+00:00,89.434,89.866,89.335,89.555,3915,20,0
2026-06-02 11:00:00+00:00,89.551,89.639,89.148,89.426,3679,20,0
2026-06-02 12:00:00+00:00,89.426,89.982,89.024,89.579,5528,20,0
2026-06-02 13:00:00+00:00,89.584,90.8,89.523,90.677,10214,20,0
2026-06-02 14:00:00+00:00,90.679,90.944,90.161,90.374,8343,20,0
2026-06-02 15:00:00+00:00,90.371,91.403,89.967,91.176,7948,20,0
2026-06-02 16:00:00+00:00,91.166,91.702,90.789,91.416,6487,20,0
2026-06-02 17:00:00+00:00,91.414,92.119,91.192,92.026,5637,20,0
2026-06-02 18:00:00+00:00,92.025,92.201,91.436,92.074,6034,20,0
2026-06-02 19:00:00+00:00,92.071,92.171,91.738,91.944,2438,20,0
2026-06-02 20:00:00+00:00,91.94,91.979,91.615,91.707,2049,20,0
2026-06-02 22:00:00+00:00,91.882,92.551,91.772,92.31,1598,20,0
2026-06-02 23:00:00+00:00,92.314,94.076,92.251,92.69,3469,20,0
2026-06-03 00:00:00+00:00,92.694,92.939,92.318,92.448,3569,20,0
2026-06-03 01:00:00+00:00,92.451,93.101,92.242,92.821,3929,20,0
2026-06-03 02:00:00+00:00,92.82,92.887,92.547,92.727,2301,20,0
2026-06-03 03:00:00+00:00,92.728,92.803,92.526,92.725,1622,20,0
2026-06-03 04:00:00+00:00,92.729,93.174,92.717,92.904,1447,20,0
2026-06-03 05:00:00+00:00,92.902,93.576,92.793,93.568,2789,20,0
2026-06-03 06:00:00+00:00,93.565,93.832,93.196,93.712,4473,20,0
2026-06-03 07:00:00+00:00,93.691,93.997,93.46,93.851,4995,20,0
2026-06-03 08:00:00+00:00,93.847,94.497,93.592,94.299,6951,20,0
2026-06-03 09:00:00+00:00,94.301,94.861,93.883,94.759,5941,20,0
2026-06-03 10:00:00+00:00,94.764,94.889,93.581,93.942,7643,20,0
2026-06-03 11:00:00+00:00,93.946,94.007,93.553,93.721,4482,20,0
2026-06-03 12:00:00+00:00,93.726,94.374,93.349,93.949,5708,20,0
2026-06-03 13:00:00+00:00,93.942,94.061,92.657,92.695,9650,20,0
2026-06-03 14:00:00+00:00,92.702,93.758,92.541,93.42,9036,20,0
2026-06-03 15:00:00+00:00,93.394,94.356,93.264,94.01,9041,20,0
2026-06-03 16:00:00+00:00,94.003,94.346,93.735,93.767,6705,20,0
2026-06-03 17:00:00+00:00,93.771,94.452,93.412,94.273,5506,20,0
2026-06-03 18:00:00+00:00,94.269,94.542,93.916,94.07,5621,20,0
2026-06-03 19:00:00+00:00,94.069,94.188,93.703,94.172,3196,20,0
2026-06-03 20:00:00+00:00,94.169,94.423,93.986,94.086,2759,20,0
2026-06-03 22:00:00+00:00,93.619,93.768,93.036,93.215,1605,20,0
2026-06-03 23:00:00+00:00,93.216,93.408,93.156,93.292,883,20,0
2026-06-04 00:00:00+00:00,93.293,93.588,93.114,93.143,3125,20,0
2026-06-04 01:00:00+00:00,93.144,93.358,92.716,92.869,3749,20,0
2026-06-04 02:00:00+00:00,92.876,92.965,92.694,92.723,2168,20,0
2026-06-04 03:00:00+00:00,92.727,93.43,92.674,93.029,2088,20,0
2026-06-04 04:00:00+00:00,93.036,93.25,92.968,93.106,1671,20,0
2026-06-04 05:00:00+00:00,93.1,93.505,93.075,93.083,2616,20,0
2026-06-04 06:00:00+00:00,93.089,93.389,92.872,93.156,3407,20,0
2026-06-04 07:00:00+00:00,93.155,93.553,92.876,93.383,4524,20,0
2026-06-04 08:00:00+00:00,93.391,93.613,92.38,92.829,8566,20,0
2026-06-04 09:00:00+00:00,92.828,93.002,92.038,92.455,5895,20,0
2026-06-04 10:00:00+00:00,92.453,93.178,92.446,92.798,4927,20,0
2026-06-04 11:00:00+00:00,92.792,92.855,90.484,90.595,8554,20,0
2026-06-04 12:00:00+00:00,90.585,91.089,90.033,90.765,9790,20,0
2026-06-04 13:00:00+00:00,90.77,91.307,90.369,90.535,9318,20,0
2026-06-04 14:00:00+00:00,90.54,91.261,90.256,91.211,7436,20,0
2026-06-04 15:00:00+00:00,91.21,91.398,90.747,91.035,7592,20,0
2026-06-04 16:00:00+00:00,91.029,91.167,90.406,90.558,4721,20,0
2026-06-04 17:00:00+00:00,90.555,90.76,90.131,90.494,4400,20,0
2026-06-04 18:00:00+00:00,90.483,91.505,90.096,91.365,7380,20,0
2026-06-04 19:00:00+00:00,91.364,91.421,91.042,91.223,2443,20,0
2026-06-04 20:00:00+00:00,91.227,91.264,90.963,90.974,1746,20,0
2026-06-04 22:00:00+00:00,90.845,90.923,90.652,90.894,589,20,0
2026-06-04 23:00:00+00:00,90.893,91.032,90.837,90.979,329,20,0
2026-06-05 00:00:00+00:00,90.973,91.011,90.579,90.641,2374,20,0
2026-06-05 01:00:00+00:00,90.647,91.171,90.479,91.124,3441,20,0
2026-06-05 02:00:00+00:00,91.121,91.511,91.071,91.363,2758,20,0
2026-06-05 03:00:00+00:00,91.363,91.433,90.949,91.111,2039,20,0
2026-06-05 04:00:00+00:00,91.112,91.144,90.892,91.003,1621,20,0
2026-06-05 05:00:00+00:00,90.998,91.206,90.919,90.938,2570,20,0
2026-06-05 06:00:00+00:00,90.939,91.121,90.597,90.744,3692,20,0
2026-06-05 07:00:00+00:00,90.742,90.816,90.003,90.647,4757,20,0
2026-06-05 08:00:00+00:00,90.651,90.952,89.513,90.806,8151,20,0
2026-06-05 09:00:00+00:00,90.808,91.126,90.002,90.837,7790,20,0
2026-06-05 10:00:00+00:00,90.836,91.067,90.474,90.818,4386,20,0
2026-06-05 11:00:00+00:00,90.822,91.532,90.584,90.939,5321,20,0
2026-06-05 12:00:00+00:00,90.952,91.125,90.394,90.448,5802,20,0
2026-06-05 13:00:00+00:00,90.418,90.622,89.408,89.62,9895,20,0
2026-06-05 14:00:00+00:00,89.614,89.751,88.731,89.458,11127,20,0
2026-06-05 15:00:00+00:00,89.456,89.664,88.709,88.988,8550,20,0
2026-06-05 16:00:00+00:00,88.984,89.223,88.02,88.384,7264,20,0
2026-06-05 17:00:00+00:00,88.378,88.66,88.221,88.367,5219,20,0
2026-06-05 18:00:00+00:00,88.351,88.97,88.226,88.578,6874,20,0
2026-06-05 19:00:00+00:00,88.578,88.73,88.325,88.563,3632,20,0
2026-06-05 20:00:00+00:00,88.554,88.764,88.477,88.504,2809,20,0
2026-06-07 22:00:00+00:00,91.133,91.855,90.692,91.008,3455,20,0
2026-06-07 23:00:00+00:00,91.012,91.063,90.546,90.874,1666,20,0
2026-06-08 00:00:00+00:00,90.876,90.973,90.471,90.56,2927,20,0
2026-06-08 01:00:00+00:00,90.559,92.721,90.365,91.363,10766,20,0
2026-06-08 02:00:00+00:00,91.358,92.428,91.276,91.793,6849,20,0
2026-06-08 03:00:00+00:00,91.789,92.145,91.511,91.662,4650,20,0
2026-06-08 04:00:00+00:00,91.664,92.647,91.664,92.531,4625,20,0
2026-06-08 05:00:00+00:00,92.532,92.956,92.192,92.611,6563,20,0
2026-06-08 06:00:00+00:00,92.616,92.928,92.095,92.733,7138,20,0
2026-06-08 07:00:00+00:00,92.705,93.022,92.157,92.739,7128,20,0
2026-06-08 08:00:00+00:00,92.747,93.319,92.346,92.81,8665,20,0
2026-06-08 09:00:00+00:00,92.805,92.979,92.372,92.733,6346,20,0
2026-06-08 10:00:00+00:00,92.722,93.494,91.633,91.951,8689,20,0
2026-06-08 11:00:00+00:00,91.936,92.223,89.457,89.626,13026,20,0
2026-06-08 12:00:00+00:00,89.621,90.572,89.453,90.303,9205,20,0
2026-06-08 13:00:00+00:00,90.289,90.46,88.917,89.531,10226,20,0
2026-06-08 14:00:00+00:00,89.528,90.615,89.458,90.172,8819,20,0
2026-06-08 15:00:00+00:00,90.175,90.72,89.851,90.112,8528,20,0
2026-06-08 16:00:00+00:00,90.108,90.256,89.598,89.997,6162,20,0
2026-06-08 17:00:00+00:00,89.998,89.998,89.417,89.743,5890,20,0
2026-06-08 18:00:00+00:00,89.734,89.995,89.441,89.683,5982,20,0
2026-06-08 19:00:00+00:00,89.678,90.013,89.547,89.754,2668,20,0
2026-06-08 20:00:00+00:00,89.757,90.029,89.586,89.733,2359,20,0
2026-06-08 22:00:00+00:00,89.778,89.93,89.642,89.773,740,20,0
2026-06-08 23:00:00+00:00,89.774,89.808,89.675,89.752,680,20,0
2026-06-09 00:00:00+00:00,89.75,89.849,89.202,89.488,3572,20,0
2026-06-09 01:00:00+00:00,89.492,89.591,88.999,89.425,4302,20,0
2026-06-09 02:00:00+00:00,89.42,89.47,88.952,89.108,3340,20,0
2026-06-09 03:00:00+00:00,89.106,89.194,88.476,88.722,3666,20,0
2026-06-09 04:00:00+00:00,88.721,88.99,88.64,88.871,2620,20,0
2026-06-09 05:00:00+00:00,88.869,88.947,88.387,88.72,4955,20,0
2026-06-09 06:00:00+00:00,88.725,88.738,88.212,88.512,5107,20,0
2026-06-09 07:00:00+00:00,88.526,88.697,87.992,88.302,5529,20,0
2026-06-09 08:00:00+00:00,88.305,88.497,87.432,87.895,7478,20,0
2026-06-09 09:00:00+00:00,87.892,88.002,87.431,87.781,4943,20,0
2026-06-09 10:00:00+00:00,87.78,88.085,87.35,87.617,4671,20,0
2026-06-09 11:00:00+00:00,87.617,88.453,87.585,88.226,5058,20,0
2026-06-09 12:00:00+00:00,88.221,88.36,87.592,87.766,5538,20,0
2026-06-09 13:00:00+00:00,87.759,88.262,86.278,86.642,11517,20,0
2026-06-09 14:00:00+00:00,86.63,86.992,86.15,86.56,10042,20,0
2026-06-09 15:00:00+00:00,86.543,86.662,85.482,85.531,8586,20,0
2026-06-09 16:00:00+00:00,85.53,88.157,84.77,86.689,18360,20,0
2026-06-09 17:00:00+00:00,86.695,87.239,85.997,86.906,12475,20,0
2026-06-09 18:00:00+00:00,86.893,87.372,86.724,86.815,8072,20,0
2026-06-09 19:00:00+00:00,86.81,87.315,86.67,87.017,4155,20,0
2026-06-09 20:00:00+00:00,87.039,87.456,86.955,87.351,2780,20,0
2026-06-09 22:00:00+00:00,88.044,88.461,87.276,87.792,1939,20,0
2026-06-09 23:00:00+00:00,87.798,87.961,87.551,87.816,981,20,0
2026-06-10 00:00:00+00:00,87.826,88.574,87.405,87.519,5137,20,0
2026-06-10 01:00:00+00:00,87.512,88.012,86.954,87.912,5941,20,0
2026-06-10 02:00:00+00:00,87.91,88.048,87.383,87.63,3596,20,0
2026-06-10 03:00:00+00:00,87.628,87.809,87.217,87.282,2770,20,0
2026-06-10 04:00:00+00:00,87.282,87.566,87.265,87.311,2938,20,0
2026-06-10 05:00:00+00:00,87.309,87.415,86.543,86.739,5460,20,0
2026-06-10 06:00:00+00:00,86.739,86.966,86.244,86.912,4888,20,0
2026-06-10 07:00:00+00:00,86.913,87.342,86.349,86.731,5691,20,0
2026-06-10 08:00:00+00:00,86.726,87.531,86.135,86.405,7388,20,0
2026-06-10 09:00:00+00:00,86.397,87.159,86.142,86.613,5667,20,0
2026-06-10 10:00:00+00:00,86.613,87.134,86.412,86.66,5017,20,0
2026-06-10 11:00:00+00:00,86.643,88.958,86.423,88.578,13941,20,0
2026-06-10 12:00:00+00:00,88.57,88.65,87.381,87.699,9340,20,0
2026-06-10 13:00:00+00:00,87.691,88.522,87.559,88.401,8488,20,0
2026-06-10 14:00:00+00:00,88.389,88.929,88.085,88.814,7697,20,0
2026-06-10 15:00:00+00:00,88.825,89.958,88.04,89.227,11297,20,0
2026-06-10 16:00:00+00:00,89.217,89.831,89.125,89.629,7959,20,0
2026-06-10 17:00:00+00:00,89.626,90.393,89.433,89.518,6281,20,0
2026-06-10 18:00:00+00:00,89.504,89.514,88.392,88.797,7609,20,0
2026-06-10 19:00:00+00:00,88.792,89.142,88.735,88.93,3119,20,0
2026-06-10 20:00:00+00:00,88.925,90.294,88.81,90.227,4468,20,0
2026-06-10 22:00:00+00:00,90.31,91.59,90.264,91.558,2422,20,0
2026-06-10 23:00:00+00:00,91.565,91.887,90.748,90.796,3243,20,0
2026-06-11 00:00:00+00:00,90.803,91.041,90.234,90.636,7265,20,0
2026-06-11 01:00:00+00:00,90.639,90.683,89.57,90.009,7874,20,0
2026-06-11 02:00:00+00:00,90.009,90.295,89.771,89.899,5173,20,0
2026-06-11 03:00:00+00:00,89.903,90.422,89.862,90.133,3429,20,0
2026-06-11 04:00:00+00:00,90.135,90.282,89.381,89.51,4013,20,0
2026-06-11 05:00:00+00:00,89.506,89.574,88.76,89.038,6733,20,0
2026-06-11 06:00:00+00:00,89.04,89.364,88.798,88.901,5091,20,0
2026-06-11 07:00:00+00:00,88.905,88.943,87.885,88.292,6926,20,0
2026-06-11 08:00:00+00:00,88.297,88.376,87.323,87.694,7910,20,0
2026-06-11 09:00:00+00:00,87.695,88.317,87.613,87.827,5195,20,0
2026-06-11 10:00:00+00:00,87.826,88.011,87.303,87.551,5633,20,0
2026-06-11 11:00:00+00:00,87.564,87.949,87.253,87.664,6353,20,0
2026-06-11 12:00:00+00:00,87.668,89.848,87.545,88.607,15005,20,0
2026-06-11 13:00:00+00:00,88.616,89.253,87.728,87.941,11989,20,0
2026-06-11 14:00:00+00:00,87.93,88.914,87.925,88.615,9551,20,0
2026-06-11 15:00:00+00:00,88.612,89.66,88.509,89.392,9738,20,0
2026-06-11 16:00:00+00:00,89.365,89.919,89.199,89.392,6993,20,0
2026-06-11 17:00:00+00:00,89.391,89.465,85.189,86.018,20790,20,0
2026-06-11 18:00:00+00:00,86.031,86.943,85.797,86.495,14398,20,0
2026-06-11 19:00:00+00:00,86.495,86.551,84.558,85.207,13724,20,0
2026-06-11 20:00:00+00:00,85.211,85.309,84.494,85.213,6577,20,0
2026-06-11 22:00:00+00:00,84.424,84.733,83.824,84.635,2368,20,0
2026-06-11 23:00:00+00:00,84.632,84.833,84.353,84.715,1114,20,0
2026-06-12 00:00:00+00:00,84.715,85.366,84.68,85.293,4181,20,0
2026-06-12 01:00:00+00:00,85.265,85.576,85.165,85.383,6133,20,0
2026-06-12 02:00:00+00:00,85.38,85.461,85.072,85.289,3026,20,0
2026-06-12 03:00:00+00:00,85.288,85.532,84.76,84.804,3862,20,0
2026-06-12 04:00:00+00:00,84.793,84.907,84.606,84.646,3191,20,0
2026-06-12 05:00:00+00:00,84.647,84.706,84.249,84.6,6961,20,0
2026-06-12 06:00:00+00:00,84.604,84.7,84.27,84.592,5256,20,0
2026-06-12 07:00:00+00:00,84.59,84.861,83.412,83.687,7419,20,0
2026-06-12 08:00:00+00:00,83.683,83.724,81.794,82.478,12864,20,0
2026-06-12 09:00:00+00:00,82.474,82.789,82.079,82.72,7799,20,0
2026-06-12 10:00:00+00:00,82.739,83.822,82.575,83.23,8223,20,0
2026-06-12 11:00:00+00:00,83.188,83.748,82.677,83.469,7119,20,0
2026-06-12 12:00:00+00:00,83.47,84.241,83.333,83.691,8180,20,0
2026-06-12 13:00:00+00:00,83.668,85.566,83.547,85.511,11964,20,0
2026-06-12 14:00:00+00:00,85.507,85.744,83.403,83.614,14070,20,0
2026-06-12 15:00:00+00:00,83.617,83.686,82.749,83.044,13645,20,0
2026-06-12 16:00:00+00:00,83.029,83.573,82.806,83.459,9672,20,0
2026-06-12 17:00:00+00:00,83.451,83.619,83.072,83.493,8432,20,0
2026-06-12 18:00:00+00:00,83.491,83.661,82.917,83.045,6562,20,0
2026-06-12 19:00:00+00:00,83.045,83.242,82.85,82.888,4689,20,0
2026-06-12 20:00:00+00:00,82.891,83.082,82.827,82.845,2732,20,0
2026-06-14 22:00:00+00:00,79.533,80.381,79.456,80.04,3693,20,0
2026-06-14 23:00:00+00:00,80.046,80.109,79.629,79.722,2342,20,0
2026-06-15 00:00:00+00:00,79.731,79.994,79.241,79.715,5786,20,0
2026-06-15 01:00:00+00:00,79.714,79.966,79.312,79.692,8151,20,0
2026-06-15 02:00:00+00:00,79.696,79.706,78.827,78.924,5137,20,0
2026-06-15 03:00:00+00:00,78.919,79.37,78.811,79.241,5842,20,0
2026-06-15 04:00:00+00:00,79.235,79.389,79.155,79.207,3118,20,0
2026-06-15 05:00:00+00:00,79.21,79.697,79.166,79.511,5834,20,0
2026-06-15 06:00:00+00:00,79.515,79.788,79.146,79.236,6480,20,0
2026-06-15 07:00:00+00:00,79.242,79.391,78.495,79.104,6715,20,0
2026-06-15 08:00:00+00:00,79.106,79.456,78.767,79.03,8113,20,0
2026-06-15 09:00:00+00:00,79.028,79.155,78.578,78.907,7002,20,0
2026-06-15 10:00:00+00:00,78.907,79.363,78.682,79.27,5418,20,0
2026-06-15 11:00:00+00:00,79.275,79.285,78.857,79.181,5478,20,0
2026-06-15 12:00:00+00:00,79.178,79.346,78.799,79.076,5824,20,0
2026-06-15 13:00:00+00:00,79.083,79.33,78.942,78.969,7366,20,0
2026-06-15 14:00:00+00:00,78.976,79.16,78.556,79.136,7177,20,0
2026-06-15 15:00:00+00:00,79.139,79.47,78.858,78.954,7806,20,0
2026-06-15 16:00:00+00:00,78.952,79.238,78.768,79.223,5278,20,0
2026-06-15 17:00:00+00:00,79.229,79.436,78.992,79.253,4744,20,0
2026-06-15 18:00:00+00:00,79.255,79.755,79.088,79.639,5573,20,0
2026-06-15 19:00:00+00:00,79.639,80.164,79.637,80.007,2767,20,0
2026-06-15 20:00:00+00:00,80.006,80.274,79.81,79.842,2020,20,0
2026-06-15 22:00:00+00:00,79.83,80.074,79.562,80.027,957,20,0
2026-06-15 23:00:00+00:00,80.027,80.139,79.931,80.126,602,20,0
2026-06-16 00:00:00+00:00,80.121,80.121,79.837,79.972,2210,20,0
2026-06-16 01:00:00+00:00,79.973,80.032,79.498,79.579,4622,20,0
2026-06-16 02:00:00+00:00,79.577,79.683,79.247,79.393,3194,20,0
2026-06-16 03:00:00+00:00,79.398,79.445,79.269,79.373,2155,20,0
2026-06-16 04:00:00+00:00,79.375,79.505,79.255,79.295,1689,20,0
2026-06-16 05:00:00+00:00,79.298,79.323,79.015,79.197,3118,20,0
2026-06-16 06:00:00+00:00,79.202,79.481,79.082,79.259,3292,20,0
2026-06-16 07:00:00+00:00,79.254,79.254,78.079,78.138,5817,20,0
2026-06-16 08:00:00+00:00,78.14,78.315,77.25,77.463,8031,20,0
2026-06-16 09:00:00+00:00,77.459,78.053,77.459,77.737,4842,20,0
2026-06-16 10:00:00+00:00,77.74,77.787,77.123,77.293,4468,20,0
2026-06-16 11:00:00+00:00,77.29,77.43,77.064,77.271,4626,20,0
2026-06-16 12:00:00+00:00,77.284,77.3,76.021,76.412,8419,20,0
2026-06-16 13:00:00+00:00,76.418,77.142,76.325,76.857,8645,20,0
2026-06-16 14:00:00+00:00,76.868,76.958,76.062,76.289,7463,20,0
2026-06-16 15:00:00+00:00,76.283,76.473,74.863,75.185,10157,20,0
2026-06-16 16:00:00+00:00,75.184,75.372,74.715,74.974,8737,20,0
2026-06-16 17:00:00+00:00,74.973,75.329,74.811,75.074,6954,20,0
2026-06-16 18:00:00+00:00,75.083,75.676,74.943,75.639,5462,20,0
2026-06-16 19:00:00+00:00,75.637,76.399,75.588,76.124,3482,20,0
2026-06-16 20:00:00+00:00,76.119,76.151,75.709,75.856,3164,20,0
2026-06-16 22:00:00+00:00,75.712,76.001,75.456,75.892,957,20,0
2026-06-16 23:00:00+00:00,75.897,75.924,75.672,75.814,575,20,0
2026-06-17 00:00:00+00:00,75.812,75.863,75.613,75.815,1932,20,0
2026-06-17 01:00:00+00:00,75.818,75.857,75.297,75.394,3711,20,0
2026-06-17 02:00:00+00:00,75.394,75.481,75.192,75.32,2067,20,0
2026-06-17 03:00:00+00:00,75.317,75.324,74.686,74.763,2105,20,0
2026-06-17 04:00:00+00:00,74.764,75.115,74.741,74.849,1893,20,0
2026-06-17 05:00:00+00:00,74.851,75.614,74.427,75.418,3646,20,0
2026-06-17 06:00:00+00:00,75.414,75.556,74.457,74.757,4895,20,0
2026-06-17 07:00:00+00:00,74.755,75.055,74.019,74.948,6292,20,0
2026-06-17 08:00:00+00:00,74.949,75.759,74.757,75.347,7078,20,0
2026-06-17 09:00:00+00:00,75.353,75.6,74.814,75.287,4699,20,0
2026-06-17 10:00:00+00:00,75.301,75.785,75.078,75.654,4735,20,0
2026-06-17 11:00:00+00:00,75.645,76.226,75.516,75.96,4743,20,0
2026-06-17 12:00:00+00:00,75.971,76.022,75.602,75.798,4726,20,0
2026-06-17 13:00:00+00:00,75.792,76.44,75.734,76.315,6940,20,0
2026-06-17 14:00:00+00:00,76.32,79.109,76.083,76.942,12745,20,0
2026-06-17 15:00:00+00:00,76.94,77.134,75.707,75.804,10130,20,0
2026-06-17 16:00:00+00:00,75.806,76.217,75.543,75.593,5574,20,0
2026-06-17 17:00:00+00:00,75.595,76.214,75.344,75.613,5809,20,0
2026-06-17 18:00:00+00:00,75.605,76.217,75.488,75.674,9096,20,0
2026-06-17 19:00:00+00:00,75.678,75.797,75.187,75.266,5469,20,0
2026-06-17 20:00:00+00:00,75.266,75.341,74.917,74.938,1953,20,0
2026-06-17 22:00:00+00:00,75.103,75.653,74.986,75.282,1377,20,0
2026-06-17 23:00:00+00:00,75.284,75.336,75.06,75.226,706,20,0
2026-06-18 00:00:00+00:00,75.221,75.276,74.915,75.214,2387,20,0
2026-06-18 01:00:00+00:00,75.211,75.354,74.547,74.715,3925,20,0
2026-06-18 02:00:00+00:00,74.714,74.929,74.506,74.722,2861,20,0
2026-06-18 03:00:00+00:00,74.721,74.743,74.361,74.438,1625,20,0
2026-06-18 04:00:00+00:00,74.437,74.499,73.959,74.03,1790,20,0
2026-06-18 05:00:00+00:00,74.03,74.152,73.681,73.947,3365,20,0
2026-06-18 06:00:00+00:00,73.954,74.243,73.344,74.105,5578,20,0
2026-06-18 07:00:00+00:00,74.103,74.652,73.895,74.249,5256,20,0
2026-06-18 08:00:00+00:00,74.252,74.422,73.74,73.899,6178,20,0
2026-06-18 09:00:00+00:00,73.904,74.205,73.612,73.674,5028,20,0
2026-06-18 10:00:00+00:00,73.679,74.963,73.646,74.548,5636,20,0
2026-06-18 11:00:00+00:00,74.548,74.825,74.336,74.639,4554,20,0
2026-06-18 12:00:00+00:00,74.643,74.714,74.181,74.355,4695,20,0
2026-06-18 13:00:00+00:00,74.359,74.49,72.964,73.124,10650,20,0
2026-06-18 14:00:00+00:00,73.138,73.471,72.851,73.222,8706,20,0
2026-06-18 15:00:00+00:00,73.213,73.901,72.764,73.834,9211,20,0
2026-06-18 16:00:00+00:00,73.84,74.323,73.593,74.189,6565,20,0
2026-06-18 17:00:00+00:00,74.187,74.549,73.972,74.426,6477,20,0
2026-06-18 18:00:00+00:00,74.418,75.97,74.414,75.535,9559,20,0
2026-06-18 19:00:00+00:00,75.539,75.737,75.379,75.619,3729,20,0
2026-06-18 20:00:00+00:00,75.616,75.766,75.223,75.419,2013,20,0
2026-06-18 22:00:00+00:00,75.385,75.605,75.195,75.301,783,20,0
2026-06-18 23:00:00+00:00,75.301,75.371,75.031,75.325,683,20,0
2026-06-19 00:00:00+00:00,75.325,75.328,74.924,74.986,1849,20,0
2026-06-19 01:00:00+00:00,74.984,75.61,74.882,75.571,2159,20,0
2026-06-19 02:00:00+00:00,75.57,75.733,75.415,75.497,1709,20,0
2026-06-19 03:00:00+00:00,75.499,75.634,75.098,75.158,1771,20,0
2026-06-19 04:00:00+00:00,75.156,75.807,75.089,75.548,1991,20,0
2026-06-19 05:00:00+00:00,75.547,76.396,75.53,76.124,3644,20,0
2026-06-19 06:00:00+00:00,76.132,76.669,75.974,76.078,4499,20,0
2026-06-19 07:00:00+00:00,76.078,76.506,75.861,76.16,4230,20,0
2026-06-19 08:00:00+00:00,76.146,76.392,75.415,75.758,7072,20,0
2026-06-19 09:00:00+00:00,75.743,75.793,75.301,75.519,4651,20,0
2026-06-19 10:00:00+00:00,75.524,76.125,75.501,75.761,5225,20,0
2026-06-19 11:00:00+00:00,75.767,76.409,75.625,75.886,5271,20,0
2026-06-19 12:00:00+00:00,75.882,76.634,75.156,75.213,7892,20,0
2026-06-19 13:00:00+00:00,75.218,75.925,74.976,75.915,7200,20,0
2026-06-19 14:00:00+00:00,75.917,76.156,75.793,76.091,4361,20,0
2026-06-19 15:00:00+00:00,76.09,76.56,76.035,76.395,5995,20,0
2026-06-19 16:00:00+00:00,76.395,76.67,76.343,76.441,4026,20,0
2026-06-21 22:00:00+00:00,77.528,77.834,77.053,77.312,3087,20,0
2026-06-21 23:00:00+00:00,77.313,77.689,77.285,77.523,2008,20,0
2026-06-22 00:00:00+00:00,77.523,77.654,76.764,76.857,3679,20,0
2026-06-22 01:00:00+00:00,76.866,76.866,75.339,75.614,8526,20,0
2026-06-22 02:00:00+00:00,75.617,75.638,74.87,75.185,4130,20,0
2026-06-22 03:00:00+00:00,75.186,75.706,75.152,75.499,2997,20,0
2026-06-22 04:00:00+00:00,75.496,75.568,75.267,75.272,1652,20,0
2026-06-22 05:00:00+00:00,75.269,75.271,74.88,75.165,3515,20,0
2026-06-22 06:00:00+00:00,75.174,75.339,74.763,75.189,4420,20,0
2026-06-22 07:00:00+00:00,75.193,75.874,75.06,75.5,4983,20,0
2026-06-22 08:00:00+00:00,75.485,76.051,74.954,75.087,7982,20,0
2026-06-22 09:00:00+00:00,75.086,75.35,74.956,75.207,4566,20,0
2026-06-22 10:00:00+00:00,75.221,75.335,75.048,75.2,3754,20,0
2026-06-22 11:00:00+00:00,75.211,75.339,74.507,74.879,6304,20,0
2026-06-22 12:00:00+00:00,74.876,74.952,74.296,74.408,7174,20,0
2026-06-22 13:00:00+00:00,74.409,74.935,73.4,73.658,26463,20,0
2026-06-22 14:00:00+00:00,73.661,74.191,73.403,73.901,18215,20,0
2026-06-22 15:00:00+00:00,73.904,73.921,73.129,73.297,20295,20,0
2026-06-22 16:00:00+00:00,73.299,73.714,73.261,73.468,9368,20,0
2026-06-22 17:00:00+00:00,73.467,73.64,73.18,73.216,4674,20,0
2026-06-22 18:00:00+00:00,73.219,73.914,73.215,73.861,6095,20,0
2026-06-22 19:00:00+00:00,73.86,74.212,73.853,74.135,2777,20,0
2026-06-22 20:00:00+00:00,74.131,74.147,73.833,73.936,2207,20,0
2026-06-22 22:00:00+00:00,73.965,74.256,73.854,74.139,2450,20,0
2026-06-22 23:00:00+00:00,74.139,74.14,73.922,73.986,1142,20,0
2026-06-23 00:00:00+00:00,73.986,74.093,73.81,74.04,3801,20,0
2026-06-23 01:00:00+00:00,74.038,74.092,73.609,73.742,7434,20,0
2026-06-23 02:00:00+00:00,73.743,74.129,73.591,73.742,5379,20,0
2026-06-23 03:00:00+00:00,73.742,73.743,73.397,73.458,5757,20,0
2026-06-23 04:00:00+00:00,73.458,73.606,73.399,73.56,2625,20,0
2026-06-23 05:00:00+00:00,73.564,73.61,72.854,72.927,6300,20,0
2026-06-23 06:00:00+00:00,72.933,73.017,72.396,72.772,11164,20,0
2026-06-23 07:00:00+00:00,72.775,73.055,72.341,73.018,10443,20,0
2026-06-23 08:00:00+00:00,73.021,73.694,72.999,73.303,15432,20,0
2026-06-23 09:00:00+00:00,73.298,73.511,73.016,73.346,8021,20,0
2026-06-23 10:00:00+00:00,73.364,73.798,73.205,73.737,8854,20,0
2026-06-23 11:00:00+00:00,73.729,73.896,73.4,73.677,10611,20,0
2026-06-23 12:00:00+00:00,73.677,73.721,73.058,73.441,10507,20,0
2026-06-23 13:00:00+00:00,73.445,73.566,72.73,72.834,16523,20,0
2026-06-23 14:00:00+00:00,72.838,73.252,72.388,73.037,20320,20,0
2026-06-23 15:00:00+00:00,73.031,73.348,72.59,72.862,14836,20,0
2026-06-23 16:00:00+00:00,72.858,73.116,72.693,72.833,7315,20,0
2026-06-23 17:00:00+00:00,72.842,73.179,72.842,72.904,5229,20,0
2026-06-23 18:00:00+00:00,72.906,73.285,72.905,73.204,6233,20,0
2026-06-23 19:00:00+00:00,73.21,73.276,73.091,73.174,2467,20,0
2026-06-23 20:00:00+00:00,73.178,73.375,72.882,72.933,2051,20,0
2026-06-23 22:00:00+00:00,72.964,72.982,72.71,72.773,1103,20,0
2026-06-23 23:00:00+00:00,72.774,72.804,72.477,72.526,1926,20,0
2026-06-24 00:00:00+00:00,72.525,72.79,72.486,72.652,4135,20,0
2026-06-24 01:00:00+00:00,72.653,72.881,72.178,72.504,8902,20,0
2026-06-24 02:00:00+00:00,72.505,72.73,72.01,72.037,5944,20,0
2026-06-24 03:00:00+00:00,72.034,72.319,71.91,72.271,4096,20,0
2026-06-24 04:00:00+00:00,72.27,72.609,72.27,72.505,2286,20,0
2026-06-24 05:00:00+00:00,72.501,72.626,72.279,72.33,4575,20,0
2026-06-24 06:00:00+00:00,72.334,73.002,72.298,72.435,10590,20,0
2026-06-24 07:00:00+00:00,72.431,72.467,71.773,71.809,9080,20,0
2026-06-24 08:00:00+00:00,71.806,71.969,71.556,71.901,15580,20,0
2026-06-24 09:00:00+00:00,71.906,71.993,71.417,71.843,12886,20,0
2026-06-24 10:00:00+00:00,71.844,72.137,71.574,71.674,9758,20,0
2026-06-24 11:00:00+00:00,71.677,71.747,70.799,70.82,13781,20,0
2026-06-24 12:00:00+00:00,70.823,71.063,70.708,70.887,12190,20,0
2026-06-24 13:00:00+00:00,70.89,70.92,69.572,69.668,28981,20,0
2026-06-24 14:00:00+00:00,69.665,70.272,69.534,69.766,11549,20,0
2026-06-24 15:00:00+00:00,69.77,70.462,69.585,70.365,17725,20,0
2026-06-24 16:00:00+00:00,70.367,70.82,70.161,70.42,8924,20,0
2026-06-24 17:00:00+00:00,70.423,70.545,69.942,70.349,9713,20,0
2026-06-24 18:00:00+00:00,70.349,70.394,69.82,69.855,11226,20,0
2026-06-24 19:00:00+00:00,69.851,70.024,69.804,69.932,4381,20,0
2026-06-24 20:00:00+00:00,69.936,69.939,69.675,69.748,2768,20,0
2026-06-24 22:00:00+00:00,69.769,69.807,69.617,69.759,1494,20,0
2026-06-24 23:00:00+00:00,69.761,69.894,69.743,69.879,967,20,0
2026-06-25 00:00:00+00:00,69.879,70.087,69.817,69.865,2922,20,0
2026-06-25 01:00:00+00:00,69.867,69.946,69.001,69.237,12406,20,0
2026-06-25 02:00:00+00:00,69.239,69.376,68.943,69.267,7309,20,0
2026-06-25 03:00:00+00:00,69.267,69.306,68.944,69.208,5255,20,0
2026-06-25 04:00:00+00:00,69.208,69.436,69.14,69.372,2664,20,0
2026-06-25 05:00:00+00:00,69.374,69.489,69.081,69.242,5243,20,0
2026-06-25 06:00:00+00:00,69.24,69.687,69.115,69.442,10422,20,0
2026-06-25 07:00:00+00:00,69.438,69.925,69.276,69.808,10399,20,0
2026-06-25 08:00:00+00:00,69.811,69.93,68.924,69.099,8311,20,0
2026-06-25 09:00:00+00:00,69.098,69.523,68.793,69.449,9347,20,0
2026-06-25 10:00:00+00:00,69.445,69.534,69.244,69.298,7133,20,0
2026-06-25 11:00:00+00:00,69.292,69.826,69.151,69.679,7628,20,0
2026-06-25 12:00:00+00:00,69.673,69.841,69.223,69.438,5247,20,0
2026-06-25 13:00:00+00:00,69.427,70.345,69.339,70.319,8465,20,0
2026-06-25 14:00:00+00:00,70.316,70.859,70.248,70.676,13634,20,0
2026-06-25 15:00:00+00:00,70.675,71.606,70.629,71.31,10394,20,0
2026-06-25 16:00:00+00:00,71.314,71.549,71.27,71.418,5189,20,0
2026-06-25 17:00:00+00:00,71.413,71.695,71.169,71.627,5376,20,0
2026-06-25 18:00:00+00:00,71.631,72.094,71.591,71.998,7362,20,0
2026-06-25 19:00:00+00:00,71.998,72.365,71.766,71.903,3865,20,0
2026-06-25 20:00:00+00:00,71.906,72.047,71.263,71.339,3187,20,0
2026-06-25 22:00:00+00:00,71.406,71.427,71.143,71.367,1135,20,0
2026-06-25 23:00:00+00:00,71.368,71.415,71.296,71.377,872,20,0
2026-06-26 00:00:00+00:00,71.377,71.685,71.286,71.646,2716,20,0
2026-06-26 01:00:00+00:00,71.643,71.684,71.085,71.1,5924,20,0
2026-06-26 02:00:00+00:00,71.103,71.151,70.657,70.678,4081,20,0
2026-06-26 03:00:00+00:00,70.678,70.695,70.355,70.452,3146,20,0
2026-06-26 04:00:00+00:00,70.452,70.515,70.264,70.282,1970,20,0
2026-06-26 05:00:00+00:00,70.281,70.803,70.222,70.748,3784,20,0
2026-06-26 06:00:00+00:00,70.751,70.782,70.232,70.368,4843,20,0
2026-06-26 07:00:00+00:00,70.367,70.412,69.699,69.755,4985,20,0
2026-06-26 08:00:00+00:00,69.755,70.036,68.87,69.174,11115,20,0
2026-06-26 09:00:00+00:00,69.172,69.395,68.896,68.96,5653,20,0
2026-06-26 10:00:00+00:00,68.966,69.46,68.844,69.387,5293,20,0
2026-06-26 11:00:00+00:00,69.385,70.2,69.374,69.955,5424,20,0
2026-06-26 12:00:00+00:00,69.952,69.984,69.232,69.249,5802,20,0
2026-06-26 13:00:00+00:00,69.252,70.406,69.072,69.277,20169,20,0
2026-06-26 14:00:00+00:00,69.294,69.405,68.735,69.112,10117,20,0
2026-06-26 15:00:00+00:00,69.112,69.402,68.47,68.987,14894,20,0
2026-06-26 16:00:00+00:00,68.992,69.249,68.764,69.195,7017,20,0
2026-06-26 17:00:00+00:00,69.197,69.394,68.934,69.143,5029,20,0
2026-06-26 18:00:00+00:00,69.147,69.254,68.956,69.017,5341,20,0
2026-06-26 19:00:00+00:00,69.019,69.483,68.91,69.394,3049,20,0
2026-06-26 20:00:00+00:00,69.387,70.249,69.251,70.205,9782,20,0
2026-06-28 22:00:00+00:00,70.185,70.249,69.635,69.883,7034,20,0
2026-06-28 23:00:00+00:00,69.886,69.937,69.507,69.614,2962,20,0
2026-06-29 00:00:00+00:00,69.615,69.894,69.191,69.693,5893,20,0
2026-06-29 01:00:00+00:00,69.695,70.108,69.596,69.837,9942,20,0
2026-06-29 02:00:00+00:00,69.837,69.96,69.62,69.802,5573,20,0
2026-06-29 03:00:00+00:00,69.8,69.944,69.742,69.899,3710,20,0
2026-06-29 04:00:00+00:00,69.899,69.974,69.788,69.794,2142,20,0
2026-06-29 05:00:00+00:00,69.794,69.819,69.287,69.345,6754,20,0
2026-06-29 06:00:00+00:00,69.343,70.135,69.319,69.805,8366,20,0
2026-06-29 07:00:00+00:00,69.803,69.87,69.34,69.382,6076,20,0
2026-06-29 08:00:00+00:00,69.373,70.123,69.349,69.977,7707,20,0
2026-06-29 09:00:00+00:00,69.971,70.559,69.762,70.433,6035,20,0
2026-06-29 10:00:00+00:00,70.432,70.451,69.656,69.717,5172,20,0
2026-06-29 11:00:00+00:00,69.721,69.927,69.478,69.835,7797,20,0
2026-06-29 12:00:00+00:00,69.832,70.043,69.563,69.907,6395,20,0
2026-06-29 13:00:00+00:00,69.902,70.174,69.772,69.95,7950,20,0
2026-06-29 14:00:00+00:00,69.95,70.439,69.841,70.334,7932,20,0
2026-06-29 15:00:00+00:00,70.336,70.546,70.125,70.443,5740,20,0
2026-06-29 16:00:00+00:00,70.443,70.878,70.404,70.644,4153,20,0
2026-06-29 17:00:00+00:00,70.644,70.965,70.508,70.74,4545,20,0
2026-06-29 18:00:00+00:00,70.747,70.839,70.305,70.33,4808,20,0
2026-06-29 19:00:00+00:00,70.33,70.41,70.235,70.389,1997,20,0
2026-06-29 20:00:00+00:00,70.385,70.461,70.274,70.308,1364,20,0
2026-06-29 22:00:00+00:00,70.303,70.34,70.088,70.137,747,20,0
2026-06-29 23:00:00+00:00,70.136,70.167,70.004,70.005,763,20,0
2026-06-30 00:00:00+00:00,70.01,70.252,70.01,70.139,2383,20,0
2026-06-30 01:00:00+00:00,70.137,70.269,69.96,70.192,4765,20,0
2026-06-30 02:00:00+00:00,70.193,70.68,70.135,70.512,3533,20,0
2026-06-30 03:00:00+00:00,70.522,70.562,70.16,70.219,2631,20,0
2026-06-30 04:00:00+00:00,70.22,70.324,70.063,70.076,1460,20,0
2026-06-30 05:00:00+00:00,70.074,70.215,69.79,69.966,3834,20,0
2026-06-30 06:00:00+00:00,69.963,70.066,69.622,69.986,4971,20,0
2026-06-30 07:00:00+00:00,69.99,70.272,69.949,70.132,4482,20,0
2026-06-30 08:00:00+00:00,70.134,70.713,70.004,70.386,7550,20,0
2026-06-30 09:00:00+00:00,70.379,70.875,70.312,70.854,6052,20,0
2026-06-30 10:00:00+00:00,70.845,71.0,70.402,70.538,4457,20,0
2026-06-30 11:00:00+00:00,70.544,71.049,70.383,70.996,5536,20,0
2026-06-30 12:00:00+00:00,71.003,71.389,70.676,70.827,5648,20,0
2026-06-30 13:00:00+00:00,70.824,71.432,70.592,70.783,9383,20,0
2026-06-30 14:00:00+00:00,70.791,70.864,70.249,70.336,7167,20,0
2026-06-30 15:00:00+00:00,70.34,70.351,69.62,69.666,7080,20,0
2026-06-30 16:00:00+00:00,69.676,70.051,69.646,69.682,4253,20,0
2026-06-30 17:00:00+00:00,69.683,69.789,69.45,69.574,4172,20,0
2026-06-30 18:00:00+00:00,69.579,69.905,69.127,69.843,5769,20,0
2026-06-30 19:00:00+00:00,69.847,70.028,69.769,69.954,2703,20,0
2026-06-30 20:00:00+00:00,69.951,70.038,69.851,69.937,2242,20,0
2026-06-30 22:00:00+00:00,69.94,69.953,69.745,69.859,625,20,0
2026-06-30 23:00:00+00:00,69.859,69.986,69.793,69.98,648,20,0
2026-07-01 00:00:00+00:00,69.977,70.033,69.841,69.982,2060,20,0
2026-07-01 01:00:00+00:00,69.983,70.011,69.526,69.642,4945,20,0
2026-07-01 02:00:00+00:00,69.639,69.76,69.549,69.679,2866,20,0
2026-07-01 03:00:00+00:00,69.676,69.766,69.644,69.697,2023,20,0
2026-07-01 04:00:00+00:00,69.698,69.739,69.558,69.611,1047,20,0
2026-07-01 05:00:00+00:00,69.611,69.745,69.454,69.484,2244,20,0
2026-07-01 06:00:00+00:00,69.487,69.57,69.324,69.475,4161,20,0
2026-07-01 07:00:00+00:00,69.472,69.614,69.073,69.256,4531,20,0
2026-07-01 08:00:00+00:00,69.257,69.348,68.222,68.289,7699,20,0
2026-07-01 09:00:00+00:00,68.287,68.726,68.162,68.72,6115,20,0
2026-07-01 10:00:00+00:00,68.727,68.949,68.551,68.778,5440,20,0
2026-07-01 11:00:00+00:00,68.776,69.057,68.654,69.034,4708,20,0
2026-07-01 12:00:00+00:00,69.033,69.067,68.587,68.699,5931,20,0
2026-07-01 13:00:00+00:00,68.704,69.17,68.685,69.016,8499,20,0
2026-07-01 14:00:00+00:00,69.015,69.059,68.12,68.154,8237,20,0
2026-07-01 15:00:00+00:00,68.152,68.517,68.041,68.111,8097,20,0
2026-07-01 16:00:00+00:00,68.108,68.402,67.987,68.23,4877,20,0
2026-07-01 17:00:00+00:00,68.23,68.354,68.102,68.256,4047,20,0
2026-07-01 18:00:00+00:00,68.249,68.678,68.236,68.262,4372,20,0
2026-07-01 19:00:00+00:00,68.263,68.319,67.892,67.996,2769,20,0
2026-07-01 20:00:00+00:00,67.998,68.099,67.923,68.023,1590,20,0
2026-07-01 22:00:00+00:00,68.054,68.126,67.929,67.983,901,20,0
2026-07-01 23:00:00+00:00,67.983,68.021,67.922,67.958,711,20,0
2026-07-02 00:00:00+00:00,67.961,68.102,67.687,67.86,3967,20,0
2026-07-02 01:00:00+00:00,67.859,67.908,67.567,67.771,7070,20,0
2026-07-02 02:00:00+00:00,67.775,67.95,67.595,67.679,4178,20,0
2026-07-02 03:00:00+00:00,67.679,67.748,67.545,67.69,3890,20,0
2026-07-02 04:00:00+00:00,67.691,67.874,67.685,67.863,1413,20,0
2026-07-02 05:00:00+00:00,67.861,67.884,67.673,67.841,3589,20,0
2026-07-02 06:00:00+00:00,67.846,67.973,67.49,67.535,6384,20,0
2026-07-02 07:00:00+00:00,67.532,68.196,67.427,67.911,6658,20,0
2026-07-02 08:00:00+00:00,67.907,68.204,67.75,67.835,7484,20,0
2026-07-02 09:00:00+00:00,67.843,67.864,67.331,67.505,5234,20,0
2026-07-02 10:00:00+00:00,67.503,67.695,67.428,67.465,3937,20,0
2026-07-02 11:00:00+00:00,67.462,67.624,67.078,67.222,4408,20,0
2026-07-02 12:00:00+00:00,67.221,67.665,67.118,67.557,5556,18,0
2026-07-02 13:00:00+00:00,67.555,68.075,67.445,67.762,8039,20,0
2026-07-02 14:00:00+00:00,67.76,67.83,67.517,67.721,7101,20,0
2026-07-02 15:00:00+00:00,67.722,67.865,67.417,67.688,7083,20,0
2026-07-02 16:00:00+00:00,67.69,68.237,67.648,68.094,5278,20,0
2026-07-02 17:00:00+00:00,68.098,68.479,68.051,68.435,4334,20,0
2026-07-02 18:00:00+00:00,68.433,68.775,68.31,68.436,5003,20,0
2026-07-02 19:00:00+00:00,68.431,68.523,68.383,68.458,1882,20,0
2026-07-02 20:00:00+00:00,68.458,68.501,68.415,68.424,1093,20,0
2026-07-02 22:00:00+00:00,68.417,68.519,68.39,68.463,811,20,0
2026-07-02 23:00:00+00:00,68.463,68.475,68.363,68.371,552,20,0
2026-07-03 00:00:00+00:00,68.371,68.505,68.311,68.41,2410,20,0
2026-07-03 01:00:00+00:00,68.41,68.906,68.297,68.883,9798,20,0
2026-07-03 02:00:00+00:00,68.881,69.116,68.809,68.884,6962,20,0
2026-07-03 03:00:00+00:00,68.882,69.151,68.871,69.01,3722,20,0
2026-07-03 04:00:00+00:00,69.009,69.079,68.949,68.959,1534,20,0
2026-07-03 05:00:00+00:00,68.966,69.217,68.966,69.169,3927,20,0
2026-07-03 06:00:00+00:00,69.172,69.238,68.874,68.922,5925,20,0
2026-07-03 07:00:00+00:00,68.922,68.982,68.403,68.509,5700,20,0
2026-07-03 08:00:00+00:00,68.51,68.766,68.126,68.752,8214,20,0
2026-07-03 09:00:00+00:00,68.748,68.815,68.461,68.634,4980,20,0
2026-07-03 10:00:00+00:00,68.638,68.703,68.401,68.592,3827,20,0
2026-07-03 11:00:00+00:00,68.594,68.695,68.338,68.375,3410,20,0
2026-07-03 12:00:00+00:00,68.378,68.4,68.057,68.235,3641,20,0
2026-07-03 13:00:00+00:00,68.232,68.742,68.196,68.73,5825,20,0
2026-07-03 14:00:00+00:00,68.728,68.914,68.546,68.601,5117,20,0
2026-07-03 15:00:00+00:00,68.598,68.752,68.335,68.731,5179,20,0
2026-07-03 16:00:00+00:00,68.733,68.788,68.558,68.736,3353,20,0
2026-07-05 22:00:00+00:00,68.589,68.592,68.287,68.296,1997,20,0
2026-07-05 23:00:00+00:00,68.3,68.414,68.209,68.239,1343,20,0
2026-07-06 00:00:00+00:00,68.239,68.593,68.202,68.233,3237,20,0
2026-07-06 01:00:00+00:00,68.23,68.865,68.15,68.84,7895,20,0
2026-07-06 02:00:00+00:00,68.841,69.129,68.505,68.558,5963,20,0
2026-07-06 03:00:00+00:00,68.561,68.573,68.341,68.419,3760,20,0
2026-07-06 04:00:00+00:00,68.418,68.65,68.388,68.569,2119,20,0
2026-07-06 05:00:00+00:00,68.569,68.854,68.554,68.821,3419,20,0
2026-07-06 06:00:00+00:00,68.824,69.179,68.681,68.732,5980,20,0
2026-07-06 07:00:00+00:00,68.729,68.738,67.816,67.917,7128,20,0
2026-07-06 08:00:00+00:00,67.916,68.553,67.877,68.196,9277,20,0
2026-07-06 09:00:00+00:00,68.195,68.549,68.116,68.312,5979,20,0
2026-07-06 10:00:00+00:00,68.316,68.667,68.101,68.584,5977,20,0
2026-07-06 11:00:00+00:00,68.584,68.737,68.301,68.625,4549,20,0
2026-07-06 12:00:00+00:00,68.63,68.73,68.143,68.299,6441,20,0
2026-07-06 13:00:00+00:00,68.299,68.941,68.079,68.714,9618,20,0
2026-07-06 14:00:00+00:00,68.712,69.106,68.467,68.769,8364,20,0
2026-07-06 15:00:00+00:00,68.768,69.007,68.583,68.722,7464,20,0
2026-07-06 16:00:00+00:00,68.721,68.791,68.237,68.312,4991,20,0
2026-07-06 17:00:00+00:00,68.314,68.568,68.219,68.51,4603,20,0
2026-07-06 18:00:00+00:00,68.507,68.609,68.355,68.537,4048,20,0
2026-07-06 19:00:00+00:00,68.535,68.752,68.535,68.671,1834,20,0
2026-07-06 20:00:00+00:00,68.671,68.738,68.595,68.599,908,20,0
2026-07-06 22:00:00+00:00,68.65,68.752,68.632,68.751,564,20,0
2026-07-06 23:00:00+00:00,68.751,68.887,68.648,68.744,781,20,0
2026-07-07 00:00:00+00:00,68.744,68.904,68.698,68.871,3265,20,0
2026-07-07 01:00:00+00:00,68.871,69.074,68.619,69.055,5245,20,0
2026-07-07 02:00:00+00:00,69.055,69.288,68.947,68.975,4345,20,0
2026-07-07 03:00:00+00:00,68.973,69.21,68.833,68.934,3490,20,0
2026-07-07 04:00:00+00:00,68.934,69.017,68.901,68.96,1754,20,0
2026-07-07 05:00:00+00:00,68.962,69.412,68.945,69.342,4282,20,0
2026-07-07 06:00:00+00:00,69.345,69.455,69.186,69.422,5751,20,0
2026-07-07 07:00:00+00:00,69.425,69.594,69.28,69.308,6958,20,0
2026-07-07 08:00:00+00:00,69.312,69.498,68.937,69.312,9377,20,0
2026-07-07 09:00:00+00:00,69.316,69.699,69.035,69.251,7450,20,0
2026-07-07 10:00:00+00:00,69.246,69.365,69.031,69.344,5447,20,0
2026-07-07 11:00:00+00:00,69.341,69.41,68.885,68.986,5322,20,0
2026-07-07 12:00:00+00:00,68.98,69.247,68.834,69.051,5860,20,0
2026-07-07 13:00:00+00:00,69.046,69.993,69.029,69.957,12155,20,0
2026-07-07 14:00:00+00:00,69.96,70.433,69.73,70.139,11585,20,0
2026-07-07 15:00:00+00:00,70.142,70.451,69.99,70.247,8237,20,0
2026-07-07 16:00:00+00:00,70.245,70.48,70.214,70.349,4801,20,0
2026-07-07 17:00:00+00:00,70.349,70.63,70.257,70.346,5087,20,0
2026-07-07 18:00:00+00:00,70.341,71.342,70.254,71.337,9484,20,0
2026-07-07 19:00:00+00:00,71.335,72.324,71.301,71.728,15739,20,0
2026-07-07 20:00:00+00:00,71.731,72.129,71.72,72.013,4247,20,0
2026-07-07 22:00:00+00:00,72.274,72.293,71.942,72.265,2921,20,0
2026-07-07 23:00:00+00:00,72.265,72.311,72.105,72.243,1614,20,0
2026-07-08 00:00:00+00:00,72.246,72.512,71.797,71.814,7052,20,0
2026-07-08 01:00:00+00:00,71.818,72.002,71.584,71.968,12251,20,0
2026-07-08 02:00:00+00:00,71.97,72.353,71.836,72.072,7739,20,0
2026-07-08 03:00:00+00:00,72.071,72.226,72.001,72.101,5263,20,0
2026-07-08 04:00:00+00:00,72.1,72.219,72.029,72.185,2810,20,0
2026-07-08 05:00:00+00:00,72.184,72.748,72.166,72.594,9335,20,0
2026-07-08 06:00:00+00:00,72.599,72.75,72.38,72.407,11121,20,0
2026-07-08 07:00:00+00:00,72.393,72.674,71.63,71.887,9924,20,0
2026-07-08 08:00:00+00:00,71.879,74.597,71.749,74.498,46695,20,0
2026-07-08 09:00:00+00:00,74.494,74.905,74.058,74.45,19184,20,0
2026-07-08 10:00:00+00:00,74.454,74.548,73.537,73.8,13996,20,0
2026-07-08 11:00:00+00:00,73.808,74.167,73.137,73.705,17335,20,0
2026-07-08 12:00:00+00:00,73.708,73.952,72.868,73.513,15377,20,0
2026-07-08 13:00:00+00:00,73.505,74.017,73.054,73.47,16147,20,0
2026-07-08 14:00:00+00:00,73.478,75.44,73.454,74.963,15219,20,0
2026-07-08 15:00:00+00:00,74.953,75.717,74.912,75.49,13324,20,0
2026-07-08 16:00:00+00:00,75.488,75.636,74.116,74.293,18245,20,0
2026-07-08 17:00:00+00:00,74.296,74.345,73.368,73.595,8665,20,0
2026-07-08 18:00:00+00:00,73.592,73.628,73.16,73.427,7638,20,0
2026-07-08 19:00:00+00:00,73.427,74.116,73.314,73.872,5159,20,0
2026-07-08 20:00:00+00:00,73.879,74.814,73.871,74.376,7432,20,0
2026-07-08 22:00:00+00:00,74.447,74.545,73.999,74.239,3566,20,0
2026-07-08 23:00:00+00:00,74.239,74.303,74.132,74.193,1156,20,0
2026-07-09 00:00:00+00:00,74.185,74.235,73.755,73.772,6638,20,0
2026-07-09 01:00:00+00:00,73.776,74.367,73.625,73.874,11541,20,0
2026-07-09 02:00:00+00:00,73.87,74.369,73.73,74.232,7750,20,0
2026-07-09 03:00:00+00:00,74.235,74.307,73.881,73.986,5690,20,0
2026-07-09 04:00:00+00:00,73.987,74.129,73.967,74.067,2218,20,0
2026-07-09 05:00:00+00:00,74.066,74.252,72.746,72.823,14833,20,0
2026-07-09 06:00:00+00:00,72.826,73.258,72.775,73.063,13209,20,0
2026-07-09 07:00:00+00:00,73.074,73.444,72.312,72.539,10877,20,0
2026-07-09 08:00:00+00:00,72.536,72.814,72.148,72.796,9639,20,0
2026-07-09 09:00:00+00:00,72.804,73.371,72.734,73.257,7487,20,0
2026-07-09 10:00:00+00:00,73.262,74.381,73.184,74.021,8097,20,0
2026-07-09 11:00:00+00:00,74.021,74.063,73.613,73.726,7642,20,0
2026-07-09 12:00:00+00:00,73.724,73.862,73.381,73.611,6977,20,0
2026-07-09 13:00:00+00:00,73.604,73.69,72.403,72.437,12178,20,0
2026-07-09 14:00:00+00:00,72.438,72.806,71.994,72.104,9585,20,0
2026-07-09 15:00:00+00:00,72.105,72.314,71.652,71.95,9059,20,0
2026-07-09 16:00:00+00:00,71.954,72.083,71.484,71.761,6885,20,0
2026-07-09 17:00:00+00:00,71.757,71.94,71.281,71.402,5629,20,0
2026-07-09 18:00:00+00:00,71.401,72.049,71.297,71.477,7519,20,0
2026-07-09 19:00:00+00:00,71.477,71.736,71.316,71.73,2960,20,0
2026-07-09 20:00:00+00:00,71.733,71.772,71.489,71.68,2355,20,0
2026-07-09 22:00:00+00:00,71.594,71.748,71.117,71.702,2471,20,0
2026-07-09 23:00:00+00:00,71.702,71.802,71.618,71.78,1194,20,0
2026-07-10 00:00:00+00:00,71.784,71.875,71.633,71.84,4379,20,0
2026-07-10 01:00:00+00:00,71.84,72.049,71.613,72.0,9359,20,0
2026-07-10 02:00:00+00:00,72.003,72.257,71.934,72.19,5175,20,0
2026-07-10 03:00:00+00:00,72.191,72.25,72.011,72.248,3815,20,0
2026-07-10 04:00:00+00:00,72.247,72.397,72.015,72.123,3494,20,0
2026-07-10 05:00:00+00:00,72.128,72.259,71.816,72.005,5268,20,0
2026-07-10 06:00:00+00:00,72.008,72.097,71.592,71.883,8244,20,0
2026-07-10 07:00:00+00:00,71.879,71.924,71.174,71.449,9673,20,0
2026-07-10 08:00:00+00:00,71.446,72.013,71.071,71.756,9962,20,0
2026-07-10 09:00:00+00:00,71.753,71.911,71.371,71.702,6566,20,0
2026-07-10 10:00:00+00:00,71.707,72.141,71.65,72.084,4913,20,0
2026-07-10 11:00:00+00:00,72.083,72.625,71.993,72.518,5962,20,0
2026-07-10 12:00:00+00:00,72.522,72.623,71.303,71.79,12574,20,0
2026-07-10 13:00:00+00:00,71.8,72.191,71.363,71.437,8796,20,0
2026-07-10 14:00:00+00:00,71.441,72.966,71.079,71.787,27300,20,0
2026-07-10 15:00:00+00:00,71.783,71.789,70.683,70.902,15764,20,0
2026-07-10 16:00:00+00:00,70.897,71.377,70.897,71.004,6668,20,0
2026-07-10 17:00:00+00:00,71.004,71.292,70.965,71.205,5399,20,0
2026-07-10 18:00:00+00:00,71.202,71.533,71.005,71.519,5986,20,0
2026-07-10 19:00:00+00:00,71.522,71.615,71.359,71.482,2813,20,0
2026-07-10 20:00:00+00:00,71.479,71.564,71.381,71.387,2643,20,0
2026-07-12 22:00:00+00:00,73.164,74.043,73.026,73.519,8304,20,0
2026-07-12 23:00:00+00:00,73.519,73.703,73.457,73.6,2831,20,0
2026-07-13 00:00:00+00:00,73.6,74.312,73.545,74.107,6584,20,0
2026-07-13 01:00:00+00:00,74.107,74.484,74.033,74.229,15446,20,0
2026-07-13 02:00:00+00:00,74.234,74.44,73.966,74.116,11558,20,0
2026-07-13 03:00:00+00:00,74.12,74.306,74.007,74.17,6015,20,0
2026-07-13 04:00:00+00:00,74.17,74.413,74.149,74.397,3417,20,0
2026-07-13 05:00:00+00:00,74.396,74.944,74.343,74.58,10065,20,0
2026-07-13 06:00:00+00:00,74.577,74.604,73.863,73.932,12369,20,0
2026-07-13 07:00:00+00:00,73.928,74.102,73.559,73.907,9165,20,0
2026-07-13 08:00:00+00:00,73.886,73.927,72.654,72.945,10863,20,0
2026-07-13 09:00:00+00:00,72.949,73.09,72.527,73.019,8175,20,0
2026-07-13 10:00:00+00:00,73.016,73.794,73.014,73.683,7958,20,0
2026-07-13 11:00:00+00:00,73.689,73.909,73.468,73.721,7603,20,0
2026-07-13 12:00:00+00:00,73.725,74.379,73.558,73.729,8875,20,0
2026-07-13 13:00:00+00:00,73.726,73.992,73.359,73.656,8880,20,0
2026-07-13 14:00:00+00:00,73.665,75.058,73.432,74.363,26213,20,0
2026-07-13 15:00:00+00:00,74.359,74.844,74.28,74.726,9417,20,0
2026-07-13 16:00:00+00:00,74.728,75.786,74.65,75.555,9432,20,0
2026-07-13 17:00:00+00:00,75.56,77.523,75.249,77.441,10770,20,0
2026-07-13 18:00:00+00:00,77.436,78.285,77.239,77.462,17067,20,0
2026-07-13 19:00:00+00:00,77.464,77.777,77.293,77.471,7082,20,0
2026-07-13 20:00:00+00:00,77.469,78.368,77.457,77.732,7236,20,0
2026-07-13 22:00:00+00:00,77.734,78.845,77.683,78.818,5120,20,0
2026-07-13 23:00:00+00:00,78.802,79.34,78.378,78.736,4607,20,0
2026-07-14 00:00:00+00:00,78.733,80.111,78.328,79.536,25531,20,0
2026-07-14 01:00:00+00:00,79.531,79.611,78.709,79.067,34084,20,0
2026-07-14 02:00:00+00:00,79.073,79.112,78.44,79.016,20016,20,0
2026-07-14 03:00:00+00:00,79.022,79.529,78.927,79.092,15231,20,0
2026-07-14 04:00:00+00:00,79.093,79.374,78.91,79.251,8724,20,0
2026-07-14 05:00:00+00:00,79.256,79.366,78.348,78.83,17759,20,0
2026-07-14 06:00:00+00:00,78.825,79.97,78.782,79.827,22543,20,0
2026-07-14 07:00:00+00:00,79.829,80.295,79.403,79.756,25836,20,0
2026-07-14 08:00:00+00:00,79.76,80.444,79.433,80.426,33979,20,0
2026-07-14 09:00:00+00:00,80.429,80.601,79.441,79.975,24479,20,0
2026-07-14 10:00:00+00:00,79.969,80.544,79.63,80.19,20240,20,0
2026-07-14 11:00:00+00:00,80.195,80.335,78.904,78.967,18638,20,0
2026-07-14 12:00:00+00:00,78.971,80.139,78.926,79.967,17829,18,0
2026-07-14 13:00:00+00:00,79.969,80.229,78.996,79.287,27694,20,0
2026-07-14 14:00:00+00:00,79.29,79.383,77.57,78.292,24399,20,0
2026-07-14 15:00:00+00:00,78.305,79.224,77.423,78.896,28284,20,0
2026-07-14 16:00:00+00:00,78.899,79.065,78.35,78.615,10134,20,0
2026-07-14 17:00:00+00:00,78.612,78.733,78.047,78.25,9519,20,0
2026-07-14 18:00:00+00:00,78.248,79.128,78.242,78.983,10253,20,0
2026-07-14 19:00:00+00:00,78.988,79.306,78.885,79.07,7091,20,0
2026-07-14 20:00:00+00:00,79.068,79.628,79.061,79.232,6003,20,0
2026-07-14 22:00:00+00:00,79.182,79.526,79.172,79.248,2933,20,0
2026-07-14 23:00:00+00:00,79.25,79.277,79.004,79.147,1551,20,0
2026-07-15 00:00:00+00:00,79.145,79.862,78.894,79.479,8823,20,0
2026-07-15 01:00:00+00:00,79.478,79.51,79.04,79.475,14878,20,0
2026-07-15 02:00:00+00:00,79.477,79.669,79.289,79.534,6918,20,0
2026-07-15 03:00:00+00:00,79.53,79.568,79.099,79.205,6527,20,0
2026-07-15 04:00:00+00:00,79.206,79.334,78.935,79.064,5011,20,0
2026-07-15 05:00:00+00:00,79.065,79.256,78.74,78.97,11618,20,0
2026-07-15 06:00:00+00:00,78.974,79.289,78.749,79.228,11331,20,0
2026-07-15 07:00:00+00:00,79.232,79.84,79.232,79.778,11980,20,0
2026-07-15 08:00:00+00:00,79.783,80.163,78.661,78.717,13673,20,0
2026-07-15 09:00:00+00:00,78.72,79.455,78.621,79.416,7433,20,0
2026-07-15 10:00:00+00:00,79.42,79.639,79.242,79.261,6948,20,0
2026-07-15 11:00:00+00:00,79.264,79.429,78.801,78.962,6704,20,0
2026-07-15 12:00:00+00:00,78.978,79.279,78.933,79.155,6643,20,0
2026-07-15 13:00:00+00:00,79.159,79.875,78.892,79.269,14129,20,0
2026-07-15 14:00:00+00:00,79.266,79.33,78.137,78.212,12987,20,0
2026-07-15 15:00:00+00:00,78.208,78.537,77.784,78.463,13403,20,0
2026-07-15 16:00:00+00:00,78.467,79.167,78.386,78.963,10142,20,0
2026-07-15 17:00:00+00:00,78.959,78.968,78.354,78.595,7821,20,0
2026-07-15 18:00:00+00:00,78.59,79.38,78.455,79.284,7082,20,0
2026-07-15 19:00:00+00:00,79.287,80.127,79.082,79.791,7096,20,0
2026-07-15 20:00:00+00:00,79.787,79.95,79.682,79.736,2914,20,0
2026-07-15 22:00:00+00:00,79.461,80.0,79.461,79.743,2505,20,0
2026-07-15 23:00:00+00:00,79.743,79.807,79.555,79.624,1327,20,0
2026-07-16 00:00:00+00:00,79.624,79.674,79.344,79.589,4462,20,0
2026-07-16 01:00:00+00:00,79.583,79.819,79.412,79.505,9100,20,0
2026-07-16 02:00:00+00:00,79.506,79.725,79.454,79.491,5861,20,0
2026-07-16 03:00:00+00:00,79.487,79.55,78.798,79.047,6938,20,0
2026-07-16 04:00:00+00:00,79.051,79.125,78.794,78.909,3552,20,0
2026-07-16 05:00:00+00:00,78.906,79.017,78.705,78.921,6943,20,0
2026-07-16 06:00:00+00:00,78.927,79.218,78.786,78.912,9156,20,0
2026-07-16 07:00:00+00:00,78.924,79.215,78.704,78.982,8028,20,0
2026-07-16 08:00:00+00:00,78.986,79.099,78.704,78.778,10060,20,0
2026-07-16 09:00:00+00:00,78.78,79.075,78.36,78.981,8939,20,0
2026-07-16 10:00:00+00:00,78.988,79.138,78.831,79.081,5353,20,0
2026-07-16 11:00:00+00:00,79.081,79.784,78.786,79.115,11914,20,0
2026-07-16 12:00:00+00:00,79.115,80.116,79.067,79.924,10768,20,0
2026-07-16 13:00:00+00:00,79.909,80.285,79.335,79.551,11126,20,0
2026-07-16 14:00:00+00:00,79.549,79.759,78.906,79.041,9216,20,0
2026-07-16 15:00:00+00:00,79.032,79.227,78.615,78.792,9447,20,0
2026-07-16 16:00:00+00:00,78.794,79.529,78.256,78.432,12227,20,0
2026-07-16 17:00:00+00:00,78.43,78.662,78.117,78.198,7449,20,0
2026-07-16 18:00:00+00:00,78.194,78.441,77.99,78.373,6152,20,0
2026-07-16 19:00:00+00:00,78.373,78.516,78.293,78.397,3025,20,0
2026-07-16 20:00:00+00:00,78.393,79.011,78.202,78.899,4443,20,0
2026-07-16 22:00:00+00:00,78.839,79.013,78.749,78.877,1413,20,0
2026-07-16 23:00:00+00:00,78.87,78.974,78.855,78.963,759,20,0
2026-07-17 00:00:00+00:00,78.96,79.095,78.732,79.069,4929,20,0
2026-07-17 01:00:00+00:00,79.067,79.513,78.951,79.109,7388,20,0
2026-07-17 02:00:00+00:00,79.116,79.191,78.722,78.957,5125,20,0
2026-07-17 03:00:00+00:00,78.955,79.116,78.822,79.103,3283,20,0
2026-07-17 04:00:00+00:00,79.103,79.23,79.024,79.128,2018,20,0
2026-07-17 05:00:00+00:00,79.134,79.153,78.083,78.37,8864,20,0
2026-07-17 06:00:00+00:00,78.375,78.835,77.881,78.579,10394,20,0
2026-07-17 07:00:00+00:00,78.579,79.074,78.558,78.71,6958,20,0
2026-07-17 08:00:00+00:00,78.714,79.265,78.477,79.246,10143,20,0
2026-07-17 09:00:00+00:00,79.251,79.864,79.228,79.702,8414,20,0
2026-07-17 10:00:00+00:00,79.693,80.023,79.502,79.92,5597,20,0
2026-07-17 11:00:00+00:00,79.918,80.255,79.853,80.124,5270,20,0
2026-07-17 12:00:00+00:00,80.126,80.394,79.992,80.285,5801,20,0
2026-07-17 13:00:00+00:00,80.28,81.13,80.223,81.068,10791,20,0
2026-07-17 14:00:00+00:00,81.06,81.182,80.122,80.157,8038,20,0
2026-07-17 15:00:00+00:00,80.159,80.781,79.761,80.624,11709,20,0
2026-07-17 16:00:00+00:00,80.616,81.478,80.553,81.392,9514,20,0
2026-07-17 17:00:00+00:00,81.397,81.802,81.213,81.694,6327,20,0
2026-07-17 18:00:00+00:00,81.689,81.987,81.285,81.338,7478,20,0
2026-07-17 19:00:00+00:00,81.339,81.399,81.018,81.36,4733,20,0
2026-07-17 20:00:00+00:00,81.364,81.784,81.246,81.736,3215,20,0
2026-07-19 22:00:00+00:00,83.671,84.406,83.595,83.868,10241,20,0
2026-07-19 23:00:00+00:00,83.872,83.993,83.537,83.661,3773,20,0
2026-07-20 00:00:00+00:00,83.664,83.715,83.343,83.389,7448,20,0
2026-07-20 01:00:00+00:00,83.383,83.689,83.191,83.517,13985,20,0
2026-07-20 02:00:00+00:00,83.516,83.673,83.138,83.181,7682,20,0
2026-07-20 03:00:00+00:00,83.185,83.477,83.152,83.46,3911,20,0
2026-07-20 04:00:00+00:00,83.461,83.591,83.292,83.368,2439,20,0
2026-07-20 05:00:00+00:00,83.365,83.68,83.263,83.634,5278,20,0
2026-07-20 06:00:00+00:00,83.633,84.013,83.487,83.703,9895,20,0
2026-07-20 07:00:00+00:00,83.698,83.983,81.951,82.058,16704,20,0
2026-07-20 08:00:00+00:00,82.054,82.069,81.111,81.42,16648,20,0
2026-07-20 09:00:00+00:00,81.416,81.577,80.813,81.031,10474,20,0
2026-07-20 10:00:00+00:00,81.027,81.676,80.999,81.492,7213,20,0
2026-07-20 11:00:00+00:00,81.484,81.582,79.462,80.122,31190,20,0
2026-07-20 12:00:00+00:00,80.126,81.972,80.098,81.716,24191,20,0
2026-07-20 13:00:00+00:00,81.719,81.841,80.94,81.557,17777,20,0
2026-07-20 14:00:00+00:00,81.55,81.92,81.142,81.823,13416,20,0
2026-07-20 15:00:00+00:00,81.838,81.927,80.953,81.407,17216,20,0
2026-07-20 16:00:00+00:00,81.409,82.282,81.031,81.746,16129,20,0
2026-07-20 17:00:00+00:00,81.75,82.137,81.52,82.02,10047,20,0
2026-07-20 18:00:00+00:00,82.017,82.993,81.682,82.693,10773,20,0
2026-07-20 19:00:00+00:00,82.695,82.827,82.033,82.275,8691,20,0
2026-07-20 20:00:00+00:00,82.272,82.399,82.203,82.27,4160,20,0
2026-07-20 22:00:00+00:00,82.302,82.463,82.232,82.403,1556,20,0
2026-07-20 23:00:00+00:00,82.403,82.496,82.199,82.243,1128,20,0
2026-07-21 00:00:00+00:00,82.235,82.321,82.083,82.277,3414,20,0
2026-07-21 01:00:00+00:00,82.276,82.32,81.708,82.183,8912,20,0
2026-07-21 02:00:00+00:00,82.187,82.303,81.899,81.928,4480,20,0
2026-07-21 03:00:00+00:00,81.924,82.171,81.875,81.955,3930,20,0
2026-07-21 04:00:00+00:00,81.955,82.022,81.693,81.911,2362,20,0
2026-07-21 05:00:00+00:00,81.912,82.178,81.588,81.823,5486,20,0
2026-07-21 06:00:00+00:00,81.825,82.089,81.684,82.083,8682,20,0
2026-07-21 07:00:00+00:00,82.082,82.807,81.671,81.696,10090,20,0
2026-07-21 08:00:00+00:00,81.708,82.225,81.185,82.025,13796,20,0
2026-07-21 09:00:00+00:00,82.032,83.137,81.733,83.017,10413,20,0
2026-07-21 10:00:00+00:00,83.013,83.134,82.059,83.009,17600,20,0
2026-07-21 11:00:00+00:00,83.006,83.734,82.955,83.569,9908,20,0
2026-07-21 12:00:00+00:00,83.565,84.137,83.067,83.832,15302,20,0
2026-07-21 13:00:00+00:00,83.837,84.624,83.771,84.09,15417,20,0
2026-07-21 14:00:00+00:00,84.087,84.714,83.759,84.393,15620,20,0
2026-07-21 15:00:00+00:00,84.396,84.526,83.397,84.193,17714,20,0
2026-07-21 16:00:00+00:00,84.19,84.255,83.799,84.083,8326,20,0
2026-07-21 17:00:00+00:00,84.085,84.192,83.734,84.046,6358,20,0
2026-07-21 18:00:00+00:00,84.039,84.251,83.663,84.181,8860,20,0
2026-07-21 19:00:00+00:00,84.182,84.418,84.117,84.321,4207,20,0
2026-07-21 20:00:00+00:00,84.324,84.397,83.988,84.207,3503,20,0
2026-07-21 22:00:00+00:00,84.192,84.341,84.151,84.267,1039,20,0
2026-07-21 23:00:00+00:00,84.267,84.457,84.192,84.324,1395,20,0
2026-07-22 00:00:00+00:00,84.322,84.357,84.006,84.188,5631,20,0
2026-07-22 01:00:00+00:00,84.187,85.258,84.111,85.103,15113,20,0
2026-07-22 02:00:00+00:00,85.103,85.169,84.44,84.577,10198,20,0
2026-07-22 03:00:00+00:00,84.577,84.864,84.553,84.86,5533,20,0
2026-07-22 04:00:00+00:00,84.864,84.969,84.724,84.931,3801,20,0
2026-07-22 05:00:00+00:00,84.931,85.063,84.54,84.654,7693,20,0
2026-07-22 06:00:00+00:00,84.657,85.849,84.559,85.6,16717,20,0
2026-07-22 07:00:00+00:00,85.596,87.246,85.576,87.065,15447,20,0
2026-07-22 08:00:00+00:00,87.067,87.113,86.511,86.944,14733,20,0
2026-07-22 09:00:00+00:00,86.942,87.83,86.65,87.677,13941,20,0
2026-07-22 10:00:00+00:00,87.677,87.688,86.291,86.509,14405,20,0
2026-07-22 11:00:00+00:00,86.513,87.195,86.379,86.708,12569,20,0
2026-07-22 12:00:00+00:00,86.705,87.093,85.952,86.613,14906,20,0
2026-07-22 13:00:00+00:00,86.609,86.74,85.58,86.341,17988,20,0
2026-07-22 14:00:00+00:00,86.345,86.562,85.838,86.093,11654,20,0
2026-07-22 15:00:00+00:00,86.097,86.665,85.22,85.438,13445,20,0
2026-07-22 16:00:00+00:00,85.432,85.95,85.331,85.735,7219,20,0
2026-07-22 17:00:00+00:00,85.739,86.336,85.739,86.208,6565,20,0
2026-07-22 18:00:00+00:00,86.208,86.497,86.055,86.466,7844,20,0
2026-07-22 19:00:00+00:00,86.477,86.563,85.902,85.962,3997,20,0
2026-07-22 20:00:00+00:00,85.963,86.098,85.689,85.859,4505,20,0
2026-07-22 22:00:00+00:00,86.793,87.508,86.615,87.127,7777,20,0
2026-07-22 23:00:00+00:00,87.127,87.184,86.93,87.006,1943,20,0
2026-07-23 00:00:00+00:00,87.002,87.557,86.58,87.162,9906,20,0
2026-07-23 01:00:00+00:00,87.157,87.781,87.001,87.266,16570,20,0
2026-07-23 02:00:00+00:00,87.269,87.618,87.203,87.404,8468,20,0
2026-07-23 03:00:00+00:00,87.406,87.803,87.36,87.537,6887,20,0
2026-07-23 04:00:00+00:00,87.54,87.601,87.11,87.294,5271,20,0
2026-07-23 05:00:00+00:00,87.294,87.569,86.847,87.442,10434,20,0
2026-07-23 06:00:00+00:00,87.441,87.904,87.101,87.75,13809,20,0
2026-07-23 07:00:00+00:00,87.745,88.881,87.708,88.402,17201,20,0
2026-07-23 08:00:00+00:00,88.401,88.79,88.026,88.553,16694,20,0
2026-07-23 09:00:00+00:00,88.553,89.356,88.285,89.168,13707,20,0
2026-07-23 10:00:00+00:00,89.174,89.634,88.845,89.082,10952,20,0
2026-07-23 11:00:00+00:00,89.081,90.068,89.055,89.583,10899,20,0
2026-07-23 12:00:00+00:00,89.587,90.273,89.458,89.769,16614,20,0
2026-07-23 13:00:00+00:00,89.777,90.8,89.627,90.643,21311,20,0
2026-07-23 14:00:00+00:00,90.649,91.062,89.952,90.796,17949,20,0
2026-07-23 15:00:00+00:00,90.798,91.57,90.639,90.743,21691,20,0
2026-07-23 16:00:00+00:00,90.746,91.383,90.485,91.163,11339,20,0
2026-07-23 17:00:00+00:00,91.157,92.079,91.149,92.028,10431,20,0
2026-07-23 18:00:00+00:00,92.031,92.249,90.762,90.851,15404,20,0
2026-07-23 19:00:00+00:00,90.849,90.849,90.039,90.426,9587,20,0
2026-07-23 20:00:00+00:00,90.429,91.15,90.252,91.128,5790,20,0
2026-07-23 22:00:00+00:00,91.035,91.154,90.582,90.625,3071,20,0
2026-07-23 23:00:00+00:00,90.625,91.036,90.569,90.76,2872,20,0
2026-07-24 00:00:00+00:00,90.756,91.283,90.418,90.427,10773,20,0
2026-07-24 01:00:00+00:00,90.427,90.427,89.737,90.195,20814,20,0
2026-07-24 02:00:00+00:00,90.193,90.57,90.154,90.443,9289,20,0
2026-07-24 03:00:00+00:00,90.44,90.905,90.395,90.442,10885,20,0
2026-07-24 04:00:00+00:00,90.441,90.517,90.097,90.223,4874,20,0
2026-07-24 05:00:00+00:00,90.219,90.398,89.753,90.056,9896,20,0
2026-07-24 06:00:00+00:00,90.052,90.197,89.17,89.229,17441,20,0
2026-07-24 07:00:00+00:00,89.231,89.396,88.82,89.075,15572,20,0
2026-07-24 08:00:00+00:00,89.07,89.41,88.125,88.292,19456,20,0
2026-07-24 09:00:00+00:00,88.288,88.322,87.53,87.811,16012,20,0
2026-07-24 10:00:00+00:00,87.808,88.844,87.629,88.595,10817,20,0
2026-07-24 11:00:00+00:00,88.599,88.793,87.702,88.129,12619,20,0
2026-07-24 12:00:00+00:00,88.131,88.714,87.724,88.094,12592,20,0
2026-07-24 13:00:00+00:00,88.1,89.157,87.86,88.601,15064,20,0
2026-07-24 14:00:00+00:00,88.6,88.715,88.013,88.433,16572,20,0
2026-07-24 15:00:00+00:00,88.43,88.748,86.62,87.308,42338,20,0
2026-07-24 16:00:00+00:00,87.305,87.552,86.986,87.296,11775,20,0
2026-07-24 17:00:00+00:00,87.293,88.011,87.123,87.913,8867,20,0
2026-07-24 18:00:00+00:00,87.92,88.269,87.479,88.22,10531,20,0
2026-07-24 19:00:00+00:00,88.225,88.616,87.787,88.553,11035,20,0
2026-07-24 20:00:00+00:00,88.548,89.373,88.545,89.256,7109,20,0
2026-07-26 22:00:00+00:00,82.555,83.921,82.09,83.725,35675,20,0
2026-07-26 23:00:00+00:00,83.725,84.052,83.423,83.536,6704,20,0
2026-07-27 00:00:00+00:00,83.53,83.856,83.015,83.716,14167,20,0
2026-07-27 01:00:00+00:00,83.713,84.344,83.536,84.169,19417,20,0
2026-07-27 02:00:00+00:00,84.165,84.577,84.074,84.454,10415,20,0
2026-07-27 03:00:00+00:00,84.455,84.47,83.965,84.117,7416,20,0
2026-07-27 04:00:00+00:00,84.116,84.116,83.392,83.747,8489,20,0
2026-07-27 05:00:00+00:00,83.747,83.865,83.279,83.461,11286,20,0
2026-07-27 06:00:00+00:00,83.466,83.533,82.389,82.47,21972,20,0
2026-07-27 07:00:00+00:00,82.475,83.52,82.344,83.507,19088,20,0
2026-07-27 08:00:00+00:00,83.503,83.766,81.88,81.958,28419,20,0
2026-07-27 09:00:00+00:00,81.972,82.281,81.26,81.465,11660,20,0
2026-07-27 10:00:00+00:00,81.467,82.599,81.455,82.317,11288,20,0
2026-07-27 11:00:00+00:00,82.312,82.989,82.109,82.417,10818,20,0
2026-07-27 12:00:00+00:00,82.418,83.388,82.416,83.072,12652,20,0
2026-07-27 13:00:00+00:00,83.067,83.557,82.724,83.196,13779,20,0
2026-07-27 14:00:00+00:00,83.196,83.232,82.508,82.592,11031,20,0
2026-07-27 15:00:00+00:00,82.586,82.842,82.094,82.484,12588,20,0
2026-07-27 16:00:00+00:00,82.476,82.842,81.499,81.978,17421,20,0
2026-07-27 17:00:00+00:00,81.983,82.129,81.675,81.794,7449,20,0
2026-07-27 18:00:00+00:00,81.797,82.16,81.263,81.398,9427,20,0
2026-07-27 19:00:00+00:00,81.392,81.693,81.197,81.213,4411,20,0
2026-07-27 20:00:00+00:00,81.216,81.359,80.923,81.157,4701,20,0
2026-07-27 22:00:00+00:00,81.045,81.365,80.928,81.324,1960,20,0
2026-07-27 23:00:00+00:00,81.324,81.406,81.203,81.244,1421,20,0
2026-07-28 00:00:00+00:00,81.247,81.361,80.636,81.284,9168,20,0
2026-07-28 01:00:00+00:00,81.28,81.402,80.65,80.824,14074,20,0
2026-07-28 02:00:00+00:00,80.825,80.981,79.936,80.058,11986,20,0
2026-07-28 03:00:00+00:00,80.063,80.761,79.844,80.758,7385,20,0
2026-07-28 04:00:00+00:00,80.758,81.095,80.715,80.801,4044,20,0
2026-07-28 05:00:00+00:00,80.801,81.556,80.637,81.28,10023,20,0
2026-07-28 06:00:00+00:00,81.283,81.466,79.816,80.015,16958,20,0
2026-07-28 07:00:00+00:00,80.016,80.728,79.774,80.002,14210,20,0
2026-07-28 08:00:00+00:00,80.012,80.083,79.103,79.462,16865,20,0
2026-07-28 09:00:00+00:00,79.464,80.392,79.464,79.856,9010,20,0
2026-07-28 10:00:00+00:00,79.884,80.682,79.808,80.374,8579,20,0
2026-07-28 11:00:00+00:00,80.371,81.043,79.892,80.87,10244,20,0
2026-07-28 12:00:00+00:00,80.87,80.896,79.874,80.031,9323,20,0
2026-07-28 13:00:00+00:00,80.036,80.765,79.963,80.575,11674,20,0
2026-07-28 14:00:00+00:00,80.573,80.952,80.057,80.591,10670,20,0
2026-07-28 15:00:00+00:00,80.585,80.705,77.594,77.68,44083,20,0
2026-07-28 16:00:00+00:00,77.684,78.141,77.149,77.951,19509,20,0
2026-07-28 17:00:00+00:00,77.946,78.82,77.604,78.611,18103,20,0
2026-07-28 18:00:00+00:00,78.608,78.694,78.055,78.432,10990,20,0
2026-07-28 19:00:00+00:00,78.431,78.471,78.152,78.367,4247,20,0
2026-07-28 20:00:00+00:00,78.37,78.528,78.12,78.349,5397,20,0
2026-07-28 22:00:00+00:00,79.566,82.062,79.469,81.517,15033,20,0
2026-07-28 23:00:00+00:00,81.514,82.164,80.783,80.849,9074,20,0
2026-07-29 00:00:00+00:00,80.851,81.504,80.595,81.385,16275,20,0
2026-07-29 01:00:00+00:00,81.382,81.998,81.272,81.694,17532,20,0
2026-07-29 02:00:00+00:00,81.69,81.77,81.043,81.284,8228,20,0
2026-07-29 03:00:00+00:00,81.287,81.74,81.277,81.67,5734,20,0
2026-07-29 04:00:00+00:00,81.668,81.668,80.868,81.048,6189,20,0
2026-07-29 05:00:00+00:00,81.045,81.17,80.785,81.137,10432,20,0
2026-07-29 06:00:00+00:00,81.14,81.344,80.748,81.047,11612,20,0
2026-07-29 07:00:00+00:00,81.043,81.314,80.705,80.998,11279,20,0
2026-07-29 08:00:00+00:00,81.003,81.35,80.542,80.891,11794,20,0
2026-07-29 09:00:00+00:00,80.895,81.312,80.732,81.141,7872,20,0
2026-07-29 10:00:00+00:00,81.138,82.221,80.978,82.118,10834,20,0
2026-07-29 11:00:00+00:00,82.114,82.263,81.325,81.467,8301,20,0
2026-07-29 12:00:00+00:00,81.47,83.459,81.44,83.235,23564,20,0
2026-07-29 13:00:00+00:00,83.238,83.638,82.868,83.568,11735,20,0
2026-07-29 14:00:00+00:00,83.561,84.197,83.131,84.088,10363,20,0
2026-07-29 15:00:00+00:00,84.091,84.293,83.263,83.817,11791,20,0
2026-07-29 16:00:00+00:00,83.812,84.047,83.14,83.505,8951,20,0
2026-07-29 17:00:00+00:00,83.494,83.704,83.233,83.488,6999,20,0
2026-07-29 18:00:00+00:00,83.489,83.887,83.283,83.381,14343,20,0
2026-07-29 19:00:00+00:00,83.383,84.141,83.017,83.822,13698,20,0
2026-07-29 20:00:00+00:00,83.812,83.966,83.476,83.599,4752,20,0
2026-07-29 22:00:00+00:00,83.169,83.401,83.091,83.229,2744,20,0
2026-07-29 23:00:00+00:00,83.233,83.522,82.973,83.037,3440,20,0
2026-07-30 00:00:00+00:00,83.037,83.461,82.107,83.386,14731,20,0
2026-07-30 01:00:00+00:00,83.382,83.382,82.531,82.658,15338,20,0
2026-07-30 02:00:00+00:00,82.664,82.668,82.134,82.312,9795,20,0
2026-07-30 03:00:00+00:00,82.314,82.617,82.122,82.509,6329,20,0
2026-07-30 04:00:00+00:00,82.509,82.956,82.494,82.876,4147,20,0
2026-07-30 05:00:00+00:00,82.871,84.069,82.771,83.923,16890,20,0
2026-07-30 06:00:00+00:00,83.921,84.436,83.765,83.847,18965,20,0
2026-07-30 07:00:00+00:00,83.845,84.352,83.165,83.675,17909,20,0
2026-07-30 08:00:00+00:00,83.663,83.886,82.918,83.307,14230,20,0
2026-07-30 09:00:00+00:00,83.311,83.414,82.525,83.102,13748,20,0
2026-07-30 10:00:00+00:00,83.101,83.265,81.979,82.455,11218,20,0
2026-07-30 11:00:00+00:00,82.453,82.604,82.049,82.274,8264,20,0
2026-07-30 12:00:00+00:00,82.279,83.103,82.189,83.085,9230,20,0
2026-07-30 13:00:00+00:00,83.081,83.114,81.716,82.417,16273,20,0
2026-07-30 14:00:00+00:00,82.425,83.036,82.297,82.819,15629,20,0
2026-07-30 15:00:00+00:00,82.827,83.393,82.281,82.714,12655,20,0
2026-07-30 16:00:00+00:00,82.716,82.906,82.218,82.755,7278,20,0
2026-07-30 17:00:00+00:00,82.76,83.035,82.368,82.728,8434,20,0
2026-07-30 18:00:00+00:00,82.728,82.908,82.195,82.248,8631,20,0
2026-07-30 19:00:00+00:00,82.247,82.535,82.191,82.386,3768,20,0
2026-07-30 20:00:00+00:00,82.383,82.895,82.315,82.649,3873,20,0
2026-07-30 22:00:00+00:00,82.59,82.858,82.477,82.642,1702,20,0
2026-07-30 23:00:00+00:00,82.641,82.682,82.498,82.64,904,20,0
2026-07-31 00:00:00+00:00,82.63,82.76,82.125,82.147,3957,20,0
2026-07-31 01:00:00+00:00,82.146,82.146,80.883,81.185,13168,20,0
2026-07-31 02:00:00+00:00,81.186,81.186,80.384,81.016,8621,20,0
2026-07-31 03:00:00+00:00,81.016,81.201,80.836,81.056,5056,20,0
2026-07-31 04:00:00+00:00,81.054,81.109,80.374,80.4,5107,20,0
2026-07-31 05:00:00+00:00,80.4,80.699,79.925,80.406,9136,20,0
2026-07-31 06:00:00+00:00,80.41,80.923,80.331,80.736,8541,20,0
2026-07-31 07:00:00+00:00,80.739,81.348,80.698,80.869,9006,20,0
2026-07-31 08:00:00+00:00,80.867,81.519,80.633,81.201,12127,20,0
2026-07-31 09:00:00+00:00,81.202,82.355,81.17,82.29,11056,20,0
2026-07-31 10:00:00+00:00,82.3,82.959,82.29,82.776,7514,20,0
2026-07-31 11:00:00+00:00,82.783,83.485,82.604,83.251,11887,20,0
2026-07-31 12:00:00+00:00,83.253,84.61,83.239,84.135,9244,20,0
2026-07-31 13:00:00+00:00,84.138,84.231,83.592,83.821,14425,20,0
2026-07-31 14:00:00+00:00,83.83,84.176,83.12,84.031,11406,20,0
2026-07-31 15:00:00+00:00,84.024,84.233,82.447,82.541,12860,20,0
2026-07-31 16:00:00+00:00,82.539,83.165,82.522,83.081,8141,20,0
2026-07-31 17:00:00+00:00,83.098,83.423,82.909,83.066,7150,20,0
2026-07-31 18:00:00+00:00,83.057,83.535,82.89,83.002,7592,20,0
2026-07-31 19:00:00+00:00,83.008,83.354,82.936,83.16,3420,20,0
2026-07-31 20:00:00+00:00,83.163,84.626,82.876,84.594,9600,20,0
2026-08-02 22:00:00+00:00,77.712,79.987,77.524,79.92,16474,20,0
2026-08-02 23:00:00+00:00,79.918,79.982,79.13,79.421,5697,20,0
2026-08-03 00:00:00+00:00,79.418,79.688,79.056,79.351,9730,20,0
2026-08-03 01:00:00+00:00,79.35,79.514,78.775,78.87,17277,20,0
2026-08-03 02:00:00+00:00,78.866,79.137,78.424,78.53,10714,20,0
2026-08-03 03:00:00+00:00,78.532,78.945,78.467,78.563,7317,20,0
2026-08-03 04:00:00+00:00,78.559,78.633,78.353,78.375,4161,20,0
2026-08-03 05:00:00+00:00,78.372,78.72,78.225,78.466,6685,20,0
2026-08-03 06:00:00+00:00,78.47,78.546,77.77,77.965,10667,20,0
2026-08-03 07:00:00+00:00,77.961,79.277,77.931,78.562,17093,20,0
2026-08-03 08:00:00+00:00,78.559,79.483,78.412,79.087,13302,20,0
2026-08-03 09:00:00+00:00,79.084,79.146,78.39,78.938,8322,20,0
2026-08-03 10:00:00+00:00,78.933,78.938,78.271,78.437,7227,20,0
2026-08-03 11:00:00+00:00,78.438,78.728,77.919,77.952,7525,20,0
2026-08-03 12:00:00+00:00,77.945,78.235,77.728,77.914,9146,20,0
2026-08-03 13:00:00+00:00,77.899,78.317,77.423,78.031,13753,20,0
2026-08-03 14:00:00+00:00,78.03,78.544,77.967,78.516,9739,20,0
2026-08-03 15:00:00+00:00,78.517,78.959,78.278,78.47,14152,20,0
2026-08-03 16:00:00+00:00,78.471,78.697,78.152,78.406,8293,20,0
2026-08-03 17:00:00+00:00,78.407,78.957,78.395,78.704,7385,20,0
2026-08-03 18:00:00+00:00,78.711,79.295,78.199,79.067,11046,20,0
2026-08-03 19:00:00+00:00,79.062,79.258,78.843,78.858,4335,20,0
2026-08-03 20:00:00+00:00,78.862,78.958,78.576,78.75,2889,20,0
2026-08-03 22:00:00+00:00,78.613,78.781,78.333,78.74,1683,20,0
2026-08-03 23:00:00+00:00,78.74,79.001,78.514,78.904,1996,20,0
2026-08-04 00:00:00+00:00,78.904,79.715,78.881,79.591,5880,20,0
2026-08-04 01:00:00+00:00,79.591,79.793,79.273,79.6,7315,20,0
2026-08-04 02:00:00+00:00,79.596,79.852,79.406,79.749,5130,20,0
2026-08-04 03:00:00+00:00,79.748,79.87,79.505,79.791,4098,20,0
2026-08-04 04:00:00+00:00,79.791,79.892,79.67,79.821,2502,20,0
2026-08-04 05:00:00+00:00,79.82,80.043,79.531,79.538,6182,20,0
2026-08-04 06:00:00+00:00,79.54,79.717,79.118,79.151,7053,20,0
2026-08-04 07:00:00+00:00,79.148,79.69,78.921,79.448,8081,20,0
2026-08-04 08:00:00+00:00,79.441,80.83,79.202,80.669,12588,20,0
2026-08-04 09:00:00+00:00,80.678,80.894,80.32,80.497,8749,20,0
2026-08-04 10:00:00+00:00,80.493,80.662,79.234,79.551,17341,20,0
2026-08-04 11:00:00+00:00,79.55,79.681,75.675,75.762,30673,20,0
2026-08-04 12:00:00+00:00,75.757,77.049,75.741,76.55,17403,20,0
2026-08-04 13:00:00+00:00,76.548,76.868,74.888,75.077,31425,20,0
2026-08-04 14:00:00+00:00,75.089,76.031,74.921,75.923,17838,20,0
2026-08-04 15:00:00+00:00,75.925,76.099,74.362,74.798,21076,20,0
2026-08-04 16:00:00+00:00,74.801,75.374,74.775,75.247,8419,20,0
2026-08-04 17:00:00+00:00,75.25,75.311,74.681,75.0,6812,20,0
2026-08-04 18:00:00+00:00,75.005,75.125,74.741,74.982,7325,20,0
2026-08-04 19:00:00+00:00,74.979,75.164,74.824,74.951,3550,20,0
2026-08-04 20:00:00+00:00,74.954,75.004,74.339,74.39,5343,20,0
2026-08-04 22:00:00+00:00,74.445,74.562,74.303,74.488,1041,20,0
2026-08-04 23:00:00+00:00,74.506,74.531,74.238,74.379,1181,20,0
2026-08-05 00:00:00+00:00,74.38,74.67,73.604,74.583,5803,20,0
2026-08-05 01:00:00+00:00,74.582,75.199,74.567,75.094,5456,20,0
2026-08-05 02:00:00+00:00,75.092,75.148,73.498,73.955,9286,20,0
2026-08-05 03:00:00+00:00,73.957,74.026,73.659,73.768,4872,20,0
2026-08-05 04:00:00+00:00,73.769,74.437,73.712,74.32,3979,20,0
2026-08-05 05:00:00+00:00,74.325,74.48,73.94,74.229,6177,20,0
2026-08-05 06:00:00+00:00,74.232,74.671,74.129,74.23,8860,20,0
2026-08-05 07:00:00+00:00,74.231,75.394,74.101,75.172,9652,20,0
2026-08-05 08:00:00+00:00,75.159,75.564,74.94,75.404,11409,20,0
2026-08-05 09:00:00+00:00,75.406,75.694,75.043,75.655,7592,20,0
2026-08-05 10:00:00+00:00,75.649,75.795,75.282,75.374,6266,20,0
2026-08-05 11:00:00+00:00,75.374,75.531,74.999,75.225,6099,20,0
2026-08-05 12:00:00+00:00,75.237,75.711,74.968,75.663,8423,20,0
2026-08-05 13:00:00+00:00,75.667,75.698,74.205,74.747,16626,20,0
2026-08-05 14:00:00+00:00,74.738,74.82,73.959,74.325,16332,20,0
2026-08-05 15:00:00+00:00,74.319,74.943,73.743,74.758,16788,20,0
2026-08-05 16:00:00+00:00,74.748,74.923,74.011,74.147,8634,20,0
2026-08-05 17:00:00+00:00,74.145,74.247,73.685,74.13,7971,20,0
2026-08-05 18:00:00+00:00,74.134,74.654,74.114,74.537,8034,20,0
2026-08-05 19:00:00+00:00,74.532,74.603,74.249,74.396,3246,20,0
2026-08-05 20:00:00+00:00,74.395,74.401,74.113,74.312,3083,20,0
2026-08-05 22:00:00+00:00,74.254,74.406,74.18,74.261,1233,20,0
2026-08-05 23:00:00+00:00,74.261,74.313,74.05,74.103,1114,20,0
2026-08-06 00:00:00+00:00,74.102,74.353,73.86,74.134,5785,20,0
2026-08-06 01:00:00+00:00,74.138,75.199,74.102,74.905,14139,20,0
2026-08-06 02:00:00+00:00,74.908,74.95,74.62,74.679,6298,20,0
2026-08-06 03:00:00+00:00,74.679,74.757,74.122,74.129,5305,20,0
2026-08-06 04:00:00+00:00,74.129,74.173,73.849,74.015,3981,20,0
2026-08-06 05:00:00+00:00,74.016,74.173,73.808,74.106,6480,20,0
2026-08-06 06:00:00+00:00,74.108,74.842,74.074,74.5,10559,20,0
2026-08-06 07:00:00+00:00,74.505,74.752,74.221,74.633,9148,20,0
2026-08-06 08:00:00+00:00,74.653,75.012,74.136,74.383,12040,20,0
2026-08-06 09:00:00+00:00,74.382,74.704,74.281,74.374,6216,20,0
2026-08-06 10:00:00+00:00,74.377,75.245,74.344,75.08,6893,20,0
2026-08-06 11:00:00+00:00,75.078,75.393,74.89,74.905,5142,20,0
2026-08-06 12:00:00+00:00,74.91,75.549,74.82,75.356,7089,20,0
2026-08-06 13:00:00+00:00,75.347,75.927,75.158,75.355,9825,20,0
2026-08-06 14:00:00+00:00,75.354,75.895,75.162,75.699,7870,20,0
2026-08-06 15:00:00+00:00,75.702,77.174,75.632,76.792,15001,20,0
2026-08-06 16:00:00+00:00,76.787,77.158,76.667,76.945,10986,20,0
2026-08-06 17:00:00+00:00,76.941,76.981,76.348,76.509,7027,20,0
2026-08-06 18:00:00+00:00,76.513,76.692,76.342,76.61,7063,20,0
2026-08-06 19:00:00+00:00,76.61,77.472,76.604,76.899,8608,20,0
2026-08-06 20:00:00+00:00,76.896,77.566,76.793,77.417,5183,20,0
2026-08-06 22:00:00+00:00,77.085,77.247,77.065,77.204,1233,20,0
2026-08-06 23:00:00+00:00,77.205,77.232,77.082,77.116,904,20,0
2026-08-07 00:00:00+00:00,77.114,77.487,76.999,77.06,5330,20,0
2026-08-07 01:00:00+00:00,77.064,77.164,76.88,77.056,7364,20,0
2026-08-07 02:00:00+00:00,77.055,77.321,77.055,77.131,4593,20,0
2026-08-07 03:00:00+00:00,77.133,77.385,77.019,77.168,3445,20,0
2026-08-07 04:00:00+00:00,77.168,77.756,77.114,77.43,9187,20,0
2026-08-07 05:00:00+00:00,77.428,77.478,77.189,77.198,5017,20,0
2026-08-07 06:00:00+00:00,77.199,77.296,76.719,77.028,6954,20,0
2026-08-07 07:00:00+00:00,77.033,77.197,76.684,76.9,6230,20,0
2026-08-07 08:00:00+00:00,76.916,77.103,76.62,76.801,6971,20,0
2026-08-07 09:00:00+00:00,76.802,76.91,76.188,76.365,5515,20,0
2026-08-07 10:00:00+00:00,76.365,76.45,75.958,75.978,6099,20,0
2026-08-07 11:00:00+00:00,75.984,76.216,75.772,75.937,4496,20,0
2026-08-07 12:00:00+00:00,75.934,76.423,75.719,75.853,6441,20,0
2026-08-07 13:00:00+00:00,75.843,76.442,75.675,76.432,8839,20,0
2026-08-07 14:00:00+00:00,76.419,77.185,76.304,77.177,8132,20,0
2026-08-07 15:00:00+00:00,77.173,77.642,77.066,77.555,9827,20,0
2026-08-07 16:00:00+00:00,77.557,77.658,77.34,77.533,5886,20,0
2026-08-07 17:00:00+00:00,77.544,77.544,76.975,77.296,5738,20,0
2026-08-07 18:00:00+00:00,77.294,77.594,77.172,77.345,5943,20,0
2026-08-07 19:00:00+00:00,77.35,77.359,76.067,76.265,8175,20,0
2026-08-07 20:00:00+00:00,76.257,76.612,76.097,76.38,4266,20,0
2026-08-09 22:00:00+00:00,77.732,78.552,77.682,78.031,6498,20,0
2026-08-09 23:00:00+00:00,78.033,78.118,77.815,77.973,2418,20,0
2026-08-10 00:00:00+00:00,77.976,78.151,77.731,77.85,5706,20,0
2026-08-10 01:00:00+00:00,77.843,78.337,77.375,78.057,12883,20,0
2026-08-10 02:00:00+00:00,78.056,78.187,77.775,78.02,6737,20,0
2026-08-10 03:00:00+00:00,78.023,78.06,77.751,77.958,5287,20,0
2026-08-10 04:00:00+00:00,77.958,78.048,77.54,77.641,3771,20,0
2026-08-10 05:00:00+00:00,77.644,77.794,77.012,77.049,8000,20,0
2026-08-10 06:00:00+00:00,77.054,77.511,77.016,77.158,8794,20,0
2026-08-10 07:00:00+00:00,77.159,77.861,77.07,77.435,14553,20,0
2026-08-10 08:00:00+00:00,77.438,78.513,77.408,78.306,10482,20,0
2026-08-10 09:00:00+00:00,78.303,78.314,77.874,78.196,5883,20,0
2026-08-10 10:00:00+00:00,78.209,78.732,77.642,78.606,6716,20,0
2026-08-10 11:00:00+00:00,78.609,78.755,78.124,78.682,6403,20,0
2026-08-10 12:00:00+00:00,78.667,79.062,78.409,78.851,6868,20,0
2026-08-10 13:00:00+00:00,78.86,80.092,78.391,79.977,12265,20,0
2026-08-10 14:00:00+00:00,79.982,80.058,79.472,79.949,9135,20,0
2026-08-10 15:00:00+00:00,79.953,80.577,79.838,80.25,9462,20,0
2026-08-10 16:00:00+00:00,80.254,80.808,80.058,80.664,8274,20,0
2026-08-10 17:00:00+00:00,80.667,81.165,80.667,81.149,6103,20,0
2026-08-10 18:00:00+00:00,81.144,81.544,81.002,81.101,6659,20,0
2026-08-10 19:00:00+00:00,81.108,81.337,80.869,81.324,4039,20,0
2026-08-10 20:00:00+00:00,81.328,81.535,81.279,81.476,3757,20,0
2026-08-10 22:00:00+00:00,81.322,81.423,81.207,81.279,1436,20,0
2026-08-10 23:00:00+00:00,81.283,81.337,81.13,81.263,1359,20,0
2026-08-11 00:00:00+00:00,81.265,81.541,81.163,81.326,4136,20,0
2026-08-11 01:00:00+00:00,81.326,81.651,81.141,81.528,6365,20,0
2026-08-11 02:00:00+00:00,81.523,81.588,81.299,81.473,4711,20,0
2026-08-11 03:00:00+00:00,81.476,81.535,81.211,81.218,3071,20,0
2026-08-11 04:00:00+00:00,81.218,81.453,81.067,81.363,2934,20,0
2026-08-11 05:00:00+00:00,81.365,81.659,81.302,81.572,5243,20,0
2026-08-11 06:00:00+00:00,81.566,82.783,81.431,82.53,10522,20,0
2026-08-11 07:00:00+00:00,82.526,83.069,82.301,82.995,9617,20,0
2026-08-11 08:00:00+00:00,82.973,83.474,82.759,83.452,10346,20,0
2026-08-11 09:00:00+00:00,83.45,83.558,82.917,83.188,7686,20,0
2026-08-11 10:00:00+00:00,83.184,83.323,82.273,82.453,8535,20,0
2026-08-11 11:00:00+00:00,82.45,82.486,80.746,81.173,23510,20,0
2026-08-11 12:00:00+00:00,81.179,81.722,80.862,81.536,10218,20,0
2026-08-11 13:00:00+00:00,81.526,81.553,80.362,80.682,15459,20,0
2026-08-11 14:00:00+00:00,80.684,81.698,80.636,81.58,9487,20,0
2026-08-11 15:00:00+00:00,81.577,82.219,81.278,82.16,12492,20,0
2026-08-11 16:00:00+00:00,82.158,82.166,81.717,82.039,6800,20,0
2026-08-11 17:00:00+00:00,82.043,82.304,81.901,82.27,6543,20,0
2026-08-11 18:00:00+00:00,82.259,82.352,81.914,82.112,6544,20,0
2026-08-11 19:00:00+00:00,82.113,82.548,82.077,82.377,3398,20,0
2026-08-11 20:00:00+00:00,82.381,82.485,82.159,82.193,3082,20,0
2026-08-11 22:00:00+00:00,82.374,82.468,82.294,82.377,1441,20,0
2026-08-11 23:00:00+00:00,82.379,82.412,82.283,82.288,935,20,0
2026-08-12 00:00:00+00:00,82.291,82.763,82.242,82.624,7963,20,0
2026-08-12 01:00:00+00:00,82.624,82.838,82.5,82.565,10570,20,0
2026-08-12 02:00:00+00:00,82.575,82.916,82.558,82.835,6152,20,0
2026-08-12 03:00:00+00:00,82.834,83.098,82.715,83.064,6627,20,0
2026-08-12 04:00:00+00:00,83.069,83.104,82.477,82.52,5982,20,0
2026-08-12 05:00:00+00:00,82.52,82.869,82.332,82.821,9494,20,0
2026-08-12 06:00:00+00:00,82.826,82.848,82.228,82.541,11440,20,0
2026-08-12 07:00:00+00:00,82.536,82.851,82.504,82.62,9258,20,0
2026-08-12 08:00:00+00:00,82.623,82.692,82.064,82.403,10880,20,0
2026-08-12 09:00:00+00:00,82.409,82.422,81.344,81.855,13764,20,0
2026-08-12 10:00:00+00:00,81.867,82.555,81.702,82.217,12131,20,0
2026-08-12 11:00:00+00:00,82.204,82.513,81.998,82.494,7354,20,0
2026-08-12 12:00:00+00:00,82.48,82.625,81.809,81.812,8400,12,0
2026-08-12 13:00:00+00:00,81.815,81.895,81.452,81.577,11656,20,0
2026-08-12 14:00:00+00:00,81.579,81.926,81.279,81.823,12322,20,0
2026-08-12 15:00:00+00:00,81.832,82.244,81.736,82.115,9918,20,0
2026-08-12 16:00:00+00:00,82.119,82.158,81.79,81.818,6430,20,0
2026-08-12 17:00:00+00:00,81.812,82.272,81.743,82.148,7284,20,0
2026-08-12 18:00:00+00:00,82.145,82.452,81.87,82.268,6906,20,0
2026-08-12 19:00:00+00:00,82.268,82.279,81.947,82.088,2937,20,0
2026-08-12 20:00:00+00:00,82.092,82.108,81.623,81.689,3120,20,0
2026-08-12 22:00:00+00:00,81.668,81.87,81.644,81.739,1278,20,0
2026-08-12 23:00:00+00:00,81.739,81.813,81.654,81.699,961,20,0
2026-08-13 00:00:00+00:00,81.699,81.704,81.11,81.136,7385,20,0
2026-08-13 01:00:00+00:00,81.139,81.431,80.97,81.285,11517,20,0
2026-08-13 02:00:00+00:00,81.285,81.352,81.118,81.285,7043,20,0
2026-08-13 03:00:00+00:00,81.286,81.702,81.056,81.628,7011,20,0
2026-08-13 04:00:00+00:00,81.628,81.992,81.628,81.984,4604,20,0
2026-08-13 05:00:00+00:00,81.982,82.208,81.878,82.093,9249,20,0
2026-08-13 06:00:00+00:00,82.094,82.278,81.717,81.761,9594,20,0
2026-08-13 07:00:00+00:00,81.757,82.142,80.872,81.248,10408,20,0
2026-08-13 08:00:00+00:00,81.24,81.487,80.678,80.838,10030,20,0
2026-08-13 09:00:00+00:00,80.837,80.916,80.268,80.903,8617,20,0
2026-08-13 10:00:00+00:00,80.9,81.167,80.433,80.54,7102,20,0
2026-08-13 11:00:00+00:00,80.537,80.818,80.363,80.718,5564,20,0
2026-08-13 12:00:00+00:00,80.736,80.79,80.247,80.43,8120,20,0
2026-08-13 13:00:00+00:00,80.427,80.577,79.516,79.849,12866,20,0
2026-08-13 14:00:00+00:00,79.823,80.439,79.375,80.393,11436,20,0
2026-08-13 15:00:00+00:00,80.388,81.831,80.371,81.653,14847,20,0
2026-08-13 16:00:00+00:00,81.657,81.751,80.983,81.114,7548,20,0
2026-08-13 17:00:00+00:00,81.111,81.32,81.011,81.034,5963,20,0
2026-08-13 18:00:00+00:00,81.025,81.025,80.163,80.407,9382,20,0
2026-08-13 19:00:00+00:00,80.409,80.595,80.307,80.531,3526,20,0
2026-08-13 20:00:00+00:00,80.535,80.545,80.328,80.431,4562,20,0
2026-08-13 22:00:00+00:00,80.389,80.477,80.248,80.31,1138,20,0
2026-08-13 23:00:00+00:00,80.308,80.576,80.289,80.546,837,20,0
2026-08-14 00:00:00+00:00,80.547,80.637,80.268,80.277,4312,20,0
2026-08-14 01:00:00+00:00,80.277,80.645,80.068,80.17,10072,20,0
2026-08-14 02:00:00+00:00,80.171,80.575,79.937,80.555,7556,20,0
2026-08-14 03:00:00+00:00,80.554,80.647,80.386,80.525,4589,20,0
2026-08-14 04:00:00+00:00,80.525,80.636,80.399,80.557,3226,20,0
2026-08-14 05:00:00+00:00,80.555,81.163,80.446,81.148,7561,20,0
2026-08-14 06:00:00+00:00,81.151,81.427,80.991,81.306,9946,20,0
2026-08-14 07:00:00+00:00,81.307,82.024,81.288,81.933,9222,20,0
2026-08-14 08:00:00+00:00,81.919,82.026,81.244,81.537,9611,20,0
2026-08-14 09:00:00+00:00,81.542,81.586,80.964,81.027,6323,20,0
2026-08-14 10:00:00+00:00,81.031,81.034,80.373,80.472,5913,20,0
2026-08-14 11:00:00+00:00,80.47,80.817,80.44,80.56,5110,20,0
2026-08-14 12:00:00+00:00,80.54,81.139,80.228,80.251,7338,20,0
2026-08-14 13:00:00+00:00,80.254,80.55,79.943,80.295,9708,20,0
2026-08-14 14:00:00+00:00,80.287,81.047,80.277,80.907,9234,20,0
2026-08-14 15:00:00+00:00,80.91,81.093,80.567,80.843,8729,20,0
2026-08-14 16:00:00+00:00,80.845,81.181,80.725,81.099,5055,20,0
2026-08-14 17:00:00+00:00,81.102,81.505,81.038,81.372,5480,20,0
2026-08-14 18:00:00+00:00,81.369,81.749,81.205,81.513,5083,20,0
2026-08-14 19:00:00+00:00,81.513,81.539,81.33,81.509,3232,20,0
2026-08-14 20:00:00+00:00,81.506,81.652,81.358,81.518,3628,20,0
2026-08-16 22:00:00+00:00,81.706,81.816,81.406,81.509,2418,20,0
2026-08-16 23:00:00+00:00,81.509,81.639,81.466,81.504,1074,20,0
2026-08-17 00:00:00+00:00,81.502,81.511,81.055,81.071,3498,20,0
2026-08-17 01:00:00+00:00,81.074,82.033,80.891,81.738,12599,20,0
2026-08-17 02:00:00+00:00,81.737,82.15,81.485,81.624,9261,20,0
2026-08-17 03:00:00+00:00,81.622,81.734,81.325,81.342,5762,20,0
2026-08-17 04:00:00+00:00,81.343,81.544,81.152,81.314,4940,20,0
2026-08-17 05:00:00+00:00,81.315,81.385,81.001,81.068,6976,20,0
2026-08-17 06:00:00+00:00,81.07,81.196,80.865,81.119,8386,20,0
2026-08-17 07:00:00+00:00,81.115,81.448,80.779,81.235,9325,20,0
2026-08-17 08:00:00+00:00,81.232,81.688,81.094,81.665,9285,20,0
2026-08-17 09:00:00+00:00,81.671,82.35,81.626,82.138,8071,20,0
2026-08-17 10:00:00+00:00,82.136,82.379,81.127,82.02,17047,20,0
2026-08-17 11:00:00+00:00,82.016,82.084,81.581,81.625,7329,20,0
2026-08-17 12:00:00+00:00,81.618,82.304,81.442,82.159,15427,20,0
2026-08-17 13:00:00+00:00,82.155,82.284,81.593,81.786,16781,20,0
2026-08-17 14:00:00+00:00,81.78,81.864,81.337,81.42,9308,20,0
2026-08-17 15:00:00+00:00,81.425,82.126,81.417,82.061,9104,20,0
2026-08-17 16:00:00+00:00,82.064,82.15,81.626,82.135,6052,20,0
2026-08-17 17:00:00+00:00,82.131,84.037,82.086,83.948,10456,20,0
2026-08-17 18:00:00+00:00,83.946,84.044,83.361,83.468,9312,20,0
2026-08-17 19:00:00+00:00,83.47,83.864,83.434,83.832,3913,20,0
2026-08-17 20:00:00+00:00,83.836,84.163,83.702,84.096,5290,20,0
2026-08-17 22:00:00+00:00,84.035,84.429,83.959,84.089,2067,20,0
2026-08-17 23:00:00+00:00,84.092,84.175,83.941,83.998,1117,20,0
2026-08-18 00:00:00+00:00,83.999,84.096,83.836,83.843,3462,20,0
2026-08-18 01:00:00+00:00,83.844,84.238,83.713,84.022,7889,20,0
2026-08-18 02:00:00+00:00,84.022,84.231,83.982,84.132,5263,20,0
2026-08-18 03:00:00+00:00,84.134,84.396,84.081,84.376,4878,20,0
2026-08-18 04:00:00+00:00,84.377,84.48,84.221,84.251,2956,20,0
2026-08-18 05:00:00+00:00,84.252,84.472,84.094,84.22,5138,20,0
2026-08-18 06:00:00+00:00,84.222,84.781,84.219,84.319,8567,20,0
2026-08-18 07:00:00+00:00,84.316,84.449,83.907,84.28,6825,20,0
2026-08-18 08:00:00+00:00,84.259,84.563,83.925,84.038,8596,20,0
2026-08-18 09:00:00+00:00,84.04,84.221,83.874,83.966,5626,20,0
2026-08-18 10:00:00+00:00,83.957,84.32,83.789,83.908,6399,20,0
2026-08-18 11:00:00+00:00,83.905,84.151,83.791,84.073,5158,20,0
2026-08-18 12:00:00+00:00,84.073,84.393,83.913,84.303,9237,20,0
2026-08-18 13:00:00+00:00,84.299,84.984,83.983,84.481,13145,20,0
2026-08-18 14:00:00+00:00,84.501,84.532,83.705,84.429,12416,20,0
2026-08-18 15:00:00+00:00,84.429,84.938,83.99,84.655,12820,20,0
2026-08-18 16:00:00+00:00,84.662,84.662,84.026,84.143,6940,20,0
2026-08-18 17:00:00+00:00,84.149,84.289,83.957,83.982,6194,20,0
2026-08-18 18:00:00+00:00,83.984,84.141,83.851,84.014,5794,20,0
2026-08-18 19:00:00+00:00,84.009,84.13,83.937,84.018,2902,20,0
2026-08-18 20:00:00+00:00,84.015,84.446,83.981,84.329,3112,20,0
2026-08-18 22:00:00+00:00,84.333,84.42,84.267,84.322,1284,20,0
2026-08-18 23:00:00+00:00,84.321,84.422,84.312,84.366,1240,20,0
2026-08-19 00:00:00+00:00,84.366,84.805,84.231,84.609,6487,20,0
2026-08-19 01:00:00+00:00,84.61,84.998,84.567,84.881,9942,20,0
2026-08-19 02:00:00+00:00,84.882,84.959,84.523,84.612,7579,20,0
2026-08-19 03:00:00+00:00,84.608,84.77,84.467,84.561,4854,20,0
2026-08-19 04:00:00+00:00,84.56,84.73,84.394,84.468,3260,20,0
2026-08-19 05:00:00+00:00,84.468,84.649,84.396,84.642,5810,20,0
2026-08-19 06:00:00+00:00,84.644,84.882,84.282,84.425,8929,20,0
2026-08-19 07:00:00+00:00,84.421,84.837,84.156,84.575,8050,20,0
2026-08-19 08:00:00+00:00,84.581,84.9,84.115,84.835,10275,20,0
2026-08-19 09:00:00+00:00,84.838,85.272,84.529,84.869,9771,20,0
2026-08-19 10:00:00+00:00,84.866,85.117,84.727,84.775,6572,20,0
2026-08-19 11:00:00+00:00,84.778,84.858,84.415,84.532,5808,20,0
2026-08-19 12:00:00+00:00,84.535,84.595,83.311,83.827,12272,20,0
2026-08-19 13:00:00+00:00,83.832,84.548,83.811,84.387,11483,20,0
2026-08-19 14:00:00+00:00,84.398,84.975,84.242,84.735,11994,20,0
2026-08-19 15:00:00+00:00,84.729,85.325,84.687,85.076,11542,20,0
2026-08-19 16:00:00+00:00,85.079,85.486,85.069,85.426,7604,20,0
2026-08-19 17:00:00+00:00,85.423,85.658,84.707,84.968,7484,20,0
2026-08-19 18:00:00+00:00,84.97,85.11,83.996,84.195,8880,20,0
2026-08-19 19:00:00+00:00,84.199,84.241,83.781,84.104,7394,20,0
2026-08-19 20:00:00+00:00,84.107,84.326,84.018,84.213,4695,20,0
2026-08-19 22:00:00+00:00,84.404,84.42,84.014,84.261,3124,20,0
2026-08-19 23:00:00+00:00,84.258,84.43,84.038,84.067,2705,20,0
2026-08-20 00:00:00+00:00,84.071,84.421,83.993,84.373,5953,20,0
2026-08-20 01:00:00+00:00,84.377,84.675,84.21,84.533,11972,20,0
2026-08-20 02:00:00+00:00,84.537,84.577,84.028,84.202,10289,20,0
2026-08-20 03:00:00+00:00,84.204,84.365,84.072,84.215,7424,20,0
2026-08-20 04:00:00+00:00,84.214,84.407,84.101,84.219,3227,20,0
2026-08-20 05:00:00+00:00,84.214,84.444,84.064,84.298,6211,20,0
2026-08-20 06:00:00+00:00,84.304,84.668,84.172,84.65,9389,20,0
2026-08-20 07:00:00+00:00,84.647,85.59,84.647,85.346,12518,20,0
2026-08-20 08:00:00+00:00,85.351,86.173,84.983,86.084,10511,20,0
2026-08-20 09:00:00+00:00,86.087,86.542,85.98,86.486,7883,20,0
2026-08-20 10:00:00+00:00,86.49,86.546,86.177,86.453,6307,20,0
2026-08-20 11:00:00+00:00,86.452,86.954,86.397,86.935,5795,20,0
2026-08-20 12:00:00+00:00,86.933,87.374,86.375,86.387,8021,20,0
2026-08-20 13:00:00+00:00,86.391,86.709,85.957,86.221,11143,20,0
2026-08-20 14:00:00+00:00,86.242,86.486,85.43,85.754,10954,20,0
2026-08-20 15:00:00+00:00,85.757,86.56,85.503,86.236,12273,20,0
2026-08-20 16:00:00+00:00,86.239,86.458,85.781,85.838,6120,20,0
2026-08-20 17:00:00+00:00,85.841,86.467,85.618,86.249,6131,20,0
2026-08-20 18:00:00+00:00,86.246,86.695,86.1,86.574,6781,20,0
2026-08-20 19:00:00+00:00,86.577,86.587,86.278,86.326,3030,20,0
2026-08-20 20:00:00+00:00,86.323,86.377,85.925,85.965,2921,20,0
2026-08-20 22:00:00+00:00,85.961,86.072,85.888,85.939,1330,20,0
2026-08-20 23:00:00+00:00,85.938,86.004,85.835,85.841,898,20,0
2026-08-21 00:00:00+00:00,85.841,86.086,85.708,86.013,4085,20,0
2026-08-21 01:00:00+00:00,86.017,86.571,85.897,86.368,8338,20,0
2026-08-21 02:00:00+00:00,86.365,86.433,86.117,86.158,5986,20,0
2026-08-21 03:00:00+00:00,86.16,86.245,85.988,86.106,3494,20,0
2026-08-21 04:00:00+00:00,86.101,86.184,85.873,85.876,1998,20,0
2026-08-21 05:00:00+00:00,85.878,86.142,85.771,85.826,4742,20,0
2026-08-21 06:00:00+00:00,85.827,86.152,85.744,85.97,6496,20,0
2026-08-21 07:00:00+00:00,85.983,86.136,85.737,86.029,7074,20,0
2026-08-21 08:00:00+00:00,86.025,86.428,85.578,85.596,8847,20,0
2026-08-21 09:00:00+00:00,85.595,86.237,85.461,86.213,5649,20,0
2026-08-21 10:00:00+00:00,86.216,87.126,86.216,86.679,7452,20,0
2026-08-21 11:00:00+00:00,86.68,86.889,85.759,86.589,9361,20,0
2026-08-21 12:00:00+00:00,86.585,86.956,86.398,86.496,7315,20,0
2026-08-21 13:00:00+00:00,86.493,86.754,86.077,86.121,10864,20,0
2026-08-21 14:00:00+00:00,86.125,86.433,85.905,86.197,8843,20,0
2026-08-21 15:00:00+00:00,86.194,86.714,85.817,86.453,9627,20,0
2026-08-21 16:00:00+00:00,86.457,86.651,86.168,86.581,9605,20,0
2026-08-21 17:00:00+00:00,86.581,87.077,86.518,86.939,6449,20,0
2026-08-21 18:00:00+00:00,86.941,86.949,86.562,86.671,6324,20,0
2026-08-21 19:00:00+00:00,86.671,86.671,86.275,86.305,3287,20,0
2026-08-21 20:00:00+00:00,86.308,86.537,86.255,86.341,4220,20,0
2026-08-23 22:00:00+00:00,86.008,86.135,85.814,85.84,3806,20,0
2026-08-23 23:00:00+00:00,85.844,85.858,85.562,85.596,1938,20,0
2026-08-24 00:00:00+00:00,85.595,85.799,85.2,85.42,5527,20,0
2026-08-24 01:00:00+00:00,85.417,85.437,84.439,84.954,18014,20,0
2026-08-24 02:00:00+00:00,84.949,85.311,84.793,85.267,7820,20,0
2026-08-24 03:00:00+00:00,85.267,85.376,85.16,85.201,5114,20,0
2026-08-24 04:00:00+00:00,85.202,85.334,85.096,85.187,3644,20,0
2026-08-24 05:00:00+00:00,85.187,85.353,85.049,85.164,6514,20,0
2026-08-24 06:00:00+00:00,85.164,85.238,84.737,84.781,9505,20,0
2026-08-24 07:00:00+00:00,84.778,85.289,84.641,85.234,9549,20,0
2026-08-24 08:00:00+00:00,85.23,85.381,84.309,84.558,10693,20,0
2026-08-24 09:00:00+00:00,84.562,85.058,84.371,84.748,7143,20,0
2026-08-24 10:00:00+00:00,84.752,84.964,84.491,84.953,6075,20,0
2026-08-24 11:00:00+00:00,84.95,85.171,84.615,84.961,6445,20,0
2026-08-24 12:00:00+00:00,84.962,85.807,84.699,85.119,12685,20,0
2026-08-24 13:00:00+00:00,85.114,85.63,84.902,84.968,13558,20,0
2026-08-24 14:00:00+00:00,84.964,85.141,84.366,84.607,10329,20,0
2026-08-24 15:00:00+00:00,84.605,84.769,83.973,84.4,13851,20,0
2026-08-24 16:00:00+00:00,84.402,84.99,84.312,84.811,7353,20,0
2026-08-24 17:00:00+00:00,84.814,84.828,84.288,84.41,8968,20,0
2026-08-24 18:00:00+00:00,84.407,84.841,84.262,84.767,7183,20,0
2026-08-24 19:00:00+00:00,84.764,84.881,84.581,84.627,2837,20,0
2026-08-24 20:00:00+00:00,84.634,84.674,84.441,84.582,2100,20,0
2026-08-24 22:00:00+00:00,84.524,84.634,84.491,84.614,1443,20,0
2026-08-24 23:00:00+00:00,84.614,84.749,84.599,84.692,1426,20,0
2026-08-25 00:00:00+00:00,84.695,84.766,84.269,84.293,4450,20,0
2026-08-25 01:00:00+00:00,84.289,85.0,84.235,84.968,11877,20,0
2026-08-25 02:00:00+00:00,84.963,85.352,84.919,85.066,10798,20,0
2026-08-25 03:00:00+00:00,85.062,85.106,84.643,84.939,6524,20,0
2026-08-25 04:00:00+00:00,84.939,84.998,84.57,84.593,2689,20,0
2026-08-25 05:00:00+00:00,84.593,84.614,83.819,83.99,7669,20,0
2026-08-25 06:00:00+00:00,83.995,84.119,83.63,83.799,12878,20,0
2026-08-25 07:00:00+00:00,83.797,84.125,83.645,84.088,9286,20,0
2026-08-25 08:00:00+00:00,84.089,84.246,82.434,82.601,19044,20,0
2026-08-25 09:00:00+00:00,82.601,82.664,81.663,81.738,12523,20,0
2026-08-25 10:00:00+00:00,81.735,82.205,81.735,82.061,8011,20,0
2026-08-25 11:00:00+00:00,82.058,82.323,81.446,81.593,7928,20,0
2026-08-25 12:00:00+00:00,81.595,82.203,81.527,81.815,8430,20,0
2026-08-25 13:00:00+00:00,81.818,82.229,81.418,82.043,11227,20,0
2026-08-25 14:00:00+00:00,82.041,82.775,81.894,82.069,12905,20,0
2026-08-25 15:00:00+00:00,82.068,82.259,81.148,81.678,14879,20,0
2026-08-25 16:00:00+00:00,81.683,81.993,81.622,81.75,7415,20,0
2026-08-25 17:00:00+00:00,81.753,81.968,81.647,81.709,5853,20,0
2026-08-25 18:00:00+00:00,81.712,82.044,81.666,81.885,5246,20,0
2026-08-25 19:00:00+00:00,81.885,81.978,80.741,80.756,6112,20,0
2026-08-25 20:00:00+00:00,80.759,80.851,79.878,80.679,13446,20,0
2026-08-25 22:00:00+00:00,80.763,80.806,80.506,80.575,1652,20,0
2026-08-25 23:00:00+00:00,80.575,80.701,80.522,80.549,957,20,0
2026-08-26 00:00:00+00:00,80.546,80.682,80.161,80.286,5666,20,0
2026-08-26 01:00:00+00:00,80.284,80.296,79.898,80.11,9269,20,0
2026-08-26 02:00:00+00:00,80.11,80.139,79.729,79.985,4944,20,0
2026-08-26 03:00:00+00:00,79.985,79.993,79.666,79.84,3719,20,0
2026-08-26 04:00:00+00:00,79.841,80.207,79.837,80.187,2613,20,0
2026-08-26 05:00:00+00:00,80.186,80.492,80.015,80.343,4658,20,0
2026-08-26 06:00:00+00:00,80.348,80.508,79.9,80.084,6024,20,0
2026-08-26 07:00:00+00:00,80.081,80.233,79.501,79.551,7381,20,0
2026-08-26 08:00:00+00:00,79.554,80.174,79.329,79.489,10170,20,0
2026-08-26 09:00:00+00:00,79.491,79.895,79.269,79.785,7675,20,0
2026-08-26 10:00:00+00:00,79.778,80.033,79.599,79.86,5643,20,0
2026-08-26 11:00:00+00:00,79.861,80.292,79.725,80.166,5431,20,0
2026-08-26 12:00:00+00:00,80.163,80.371,79.82,80.276,7942,20,0
2026-08-26 13:00:00+00:00,80.287,81.303,80.123,81.104,10344,20,0
2026-08-26 14:00:00+00:00,81.101,81.582,80.936,81.511,7604,20,0
2026-08-26 15:00:00+00:00,81.522,82.432,81.429,82.327,10935,20,0
2026-08-26 16:00:00+00:00,82.329,82.825,82.27,82.302,8120,20,0
2026-08-26 17:00:00+00:00,82.305,82.372,82.055,82.107,5023,20,0
2026-08-26 18:00:00+00:00,82.111,82.126,81.539,81.551,5349,20,0
2026-08-26 19:00:00+00:00,81.551,81.629,81.385,81.481,2574,20,0
2026-08-26 20:00:00+00:00,81.484,81.491,81.294,81.439,2577,20,0
2026-08-26 22:00:00+00:00,81.542,81.571,81.273,81.291,1025,20,0
2026-08-26 23:00:00+00:00,81.289,81.345,81.242,81.292,698,20,0
2026-08-27 00:00:00+00:00,81.295,81.37,81.014,81.266,4663,20,0
2026-08-27 01:00:00+00:00,81.272,81.644,81.056,81.101,10433,20,0
2026-08-27 02:00:00+00:00,81.095,81.219,80.924,80.924,5313,20,0
2026-08-27 03:00:00+00:00,80.924,81.363,80.924,81.31,4607,20,0
2026-08-27 04:00:00+00:00,81.31,81.404,81.253,81.314,1926,20,0
2026-08-27 05:00:00+00:00,81.312,81.343,80.916,80.929,3733,20,0
2026-08-27 06:00:00+00:00,80.931,81.008,80.512,80.533,5656,20,0
2026-08-27 07:00:00+00:00,80.536,80.859,80.174,80.858,6336,20,0
2026-08-27 08:00:00+00:00,80.856,81.305,80.694,81.299,7418,20,0
2026-08-27 09:00:00+00:00,81.299,81.695,81.299,81.673,5407,20,0
2026-08-27 10:00:00+00:00,81.676,82.015,81.576,81.711,5233,20,0
2026-08-27 11:00:00+00:00,81.711,82.07,81.602,81.916,5662,20,0
2026-08-27 12:00:00+00:00,81.919,82.23,81.63,81.965,6159,20,0
2026-08-27 13:00:00+00:00,81.96,82.31,81.799,82.264,9849,20,0
2026-08-27 14:00:00+00:00,82.271,82.545,81.436,81.464,8706,20,0
2026-08-27 15:00:00+00:00,81.467,82.078,81.426,82.004,9409,20,0
2026-08-27 16:00:00+00:00,82.01,82.311,81.849,82.159,5516,20,0
2026-08-27 17:00:00+00:00,82.161,83.429,82.087,83.383,7841,20,0
2026-08-27 18:00:00+00:00,83.38,83.668,82.857,83.17,9334,20,0
2026-08-27 19:00:00+00:00,83.174,83.409,83.017,83.043,4114,20,0
2026-08-27 20:00:00+00:00,83.038,83.098,82.888,82.972,2795,20,0
2026-08-27 22:00:00+00:00,83.042,83.103,82.833,82.943,1487,20,0
2026-08-27 23:00:00+00:00,82.943,82.978,82.83,82.842,717,20,0
2026-08-28 00:00:00+00:00,82.842,82.873,82.617,82.627,3424,20,0
2026-08-28 01:00:00+00:00,82.635,82.878,82.395,82.436,6806,20,0
2026-08-28 02:00:00+00:00,82.433,82.814,82.417,82.454,4403,20,0
2026-08-28 03:00:00+00:00,82.457,82.604,82.419,82.465,2845,20,0
2026-08-28 04:00:00+00:00,82.463,82.636,82.415,82.627,1523,20,0
2026-08-28 05:00:00+00:00,82.627,82.69,82.211,82.47,4238,20,0
2026-08-28 06:00:00+00:00,82.472,82.595,82.114,82.248,6790,20,0
2026-08-28 07:00:00+00:00,82.25,82.674,82.043,82.342,6616,20,0
2026-08-28 08:00:00+00:00,82.345,82.666,81.91,82.662,8250,20,0
2026-08-28 09:00:00+00:00,82.669,82.846,82.252,82.414,6597,20,0
2026-08-28 10:00:00+00:00,82.417,82.966,82.246,82.624,5203,20,0
2026-08-28 11:00:00+00:00,82.623,82.683,82.24,82.286,4801,20,0
2026-08-28 12:00:00+00:00,82.281,82.388,81.83,81.865,5462,20,0
2026-08-28 13:00:00+00:00,81.863,82.177,81.644,81.89,8136,20,0
2026-08-28 14:00:00+00:00,81.892,82.509,81.709,82.258,9284,20,0
2026-08-28 15:00:00+00:00,82.253,82.646,82.2,82.414,8102,20,0
2026-08-28 16:00:00+00:00,82.423,82.887,82.278,82.846,5643,20,0
2026-08-28 17:00:00+00:00,82.843,83.025,82.616,82.796,4732,20,0
2026-08-28 18:00:00+00:00,82.789,82.889,82.439,82.528,5957,20,0
2026-08-28 19:00:00+00:00,82.533,82.848,82.515,82.725,2550,20,0
2026-08-28 20:00:00+00:00,82.73,82.802,82.645,82.744,2198,20,0
2026-08-30 22:00:00+00:00,84.367,84.856,83.969,84.079,8418,20,0
2026-08-30 23:00:00+00:00,84.085,84.114,83.688,83.95,3253,20,0
2026-08-31 00:00:00+00:00,83.949,83.983,83.354,83.569,6432,20,0
2026-08-31 01:00:00+00:00,83.569,84.703,83.535,84.433,22167,20,0
2026-08-31 02:00:00+00:00,84.437,84.855,84.275,84.275,11810,20,0
2026-08-31 03:00:00+00:00,84.276,84.416,84.138,84.358,6168,20,0
2026-08-31 04:00:00+00:00,84.359,84.627,84.271,84.552,4304,20,0
2026-08-31 05:00:00+00:00,84.552,85.226,84.498,84.867,9092,20,0
2026-08-31 06:00:00+00:00,84.869,85.055,84.581,84.594,10445,20,0
2026-08-31 07:00:00+00:00,84.59,84.673,83.738,84.596,11834,20,0
2026-08-31 08:00:00+00:00,84.6,85.655,84.41,85.535,14613,20,0
2026-08-31 09:00:00+00:00,85.537,85.765,85.22,85.617,9510,20,0
2026-08-31 10:00:00+00:00,85.621,85.897,85.259,85.351,8859,20,0
2026-08-31 11:00:00+00:00,85.353,85.803,85.311,85.49,7212,20,0
2026-08-31 12:00:00+00:00,85.497,85.845,85.09,85.226,13588,20,0
2026-08-31 13:00:00+00:00,85.233,85.585,84.609,85.205,11391,20,0
2026-08-31 14:00:00+00:00,85.207,85.264,84.442,84.543,8600,20,0
2026-08-31 15:00:00+00:00,84.551,84.892,84.387,84.788,8057,20,0
2026-08-31 16:00:00+00:00,84.786,84.904,84.516,84.798,5731,20,0
2026-08-31 17:00:00+00:00,84.798,85.087,84.726,84.739,5231,20,0
2026-08-31 18:00:00+00:00,84.752,85.198,84.682,84.782,5792,20,0
2026-08-31 19:00:00+00:00,84.784,85.183,84.725,85.134,4151,20,0
2026-08-31 20:00:00+00:00,85.14,85.49,85.068,85.427,2679,20,0
2026-08-31 22:00:00+00:00,85.326,85.455,85.177,85.431,1368,20,0
2026-08-31 23:00:00+00:00,85.431,85.505,85.319,85.431,1207,20,0
2026-09-01 00:00:00+00:00,85.431,85.722,85.431,85.58,4817,20,0
2026-09-01 01:00:00+00:00,85.578,85.768,85.362,85.382,11042,20,0
2026-09-01 02:00:00+00:00,85.378,85.845,85.344,85.671,7086,20,0
2026-09-01 03:00:00+00:00,85.671,85.834,85.633,85.771,5714,20,0
2026-09-01 04:00:00+00:00,85.771,86.085,85.661,86.002,3490,20,0
2026-09-01 05:00:00+00:00,86.007,86.088,85.261,85.476,9458,20,0
2026-09-01 06:00:00+00:00,85.477,85.811,85.368,85.603,9200,20,0
2026-09-01 07:00:00+00:00,85.6,86.273,85.411,85.991,12395,20,0
2026-09-01 08:00:00+00:00,85.995,87.062,85.937,86.993,15478,20,0
2026-09-01 09:00:00+00:00,86.994,87.044,86.669,86.92,7358,20,0
2026-09-01 10:00:00+00:00,86.917,87.038,86.538,86.773,6865,20,0
2026-09-01 11:00:00+00:00,86.774,86.937,86.42,86.789,5656,20,0
2026-09-01 12:00:00+00:00,86.794,87.12,86.273,86.871,8067,20,0
2026-09-01 13:00:00+00:00,86.877,87.354,86.87,87.207,10191,20,0
2026-09-01 14:00:00+00:00,87.185,87.222,86.396,86.865,9814,20,0
2026-09-01 15:00:00+00:00,86.87,87.214,86.669,87.171,8205,20,0
2026-09-01 16:00:00+00:00,87.172,88.716,87.125,88.353,13903,20,0
2026-09-01 17:00:00+00:00,88.358,88.894,88.184,88.692,9895,20,0
2026-09-01 18:00:00+00:00,88.691,89.283,88.483,89.23,9098,20,0
2026-09-01 19:00:00+00:00,89.234,89.362,89.047,89.334,4684,20,0
2026-09-01 20:00:00+00:00,89.331,89.632,89.151,89.366,7309,20,0
2026-09-01 22:00:00+00:00,89.287,89.564,89.268,89.399,1968,20,0
2026-09-01 23:00:00+00:00,89.399,89.423,89.229,89.34,1129,20,0
2026-09-02 00:00:00+00:00,89.339,90.543,89.242,90.53,9996,20,0
2026-09-02 01:00:00+00:00,90.537,90.77,89.809,89.855,16470,20,0
2026-09-02 02:00:00+00:00,89.851,90.07,89.274,89.296,6919,20,0
2026-09-02 03:00:00+00:00,89.3,89.445,89.159,89.271,4819,20,0
2026-09-02 04:00:00+00:00,89.271,89.356,89.029,89.121,3034,20,0
2026-09-02 05:00:00+00:00,89.119,89.394,89.054,89.361,6060,20,0
2026-09-02 06:00:00+00:00,89.364,89.534,89.031,89.19,9463,20,0
2026-09-02 07:00:00+00:00,89.167,89.269,88.538,88.743,9421,20,0
2026-09-02 08:00:00+00:00,88.741,89.025,88.542,88.809,8825,20,0
2026-09-02 09:00:00+00:00,88.811,89.229,88.667,89.077,6802,20,0
2026-09-02 10:00:00+00:00,89.082,89.147,88.711,88.851,5541,20,0
2026-09-02 11:00:00+00:00,88.853,89.013,87.757,87.805,10080,20,0
2026-09-02 12:00:00+00:00,87.808,88.586,87.712,88.495,7864,20,0
2026-09-02 13:00:00+00:00,88.5,88.522,87.79,87.808,10712,20,0
2026-09-02 14:00:00+00:00,87.816,89.133,87.715,89.133,11263,20,0
2026-09-02 15:00:00+00:00,89.136,89.487,88.946,89.135,10532,20,0
2026-09-02 16:00:00+00:00,89.142,89.659,89.073,89.423,6782,20,0
2026-09-02 17:00:00+00:00,89.423,89.758,89.239,89.402,6775,20,0
2026-09-02 18:00:00+00:00,89.401,89.952,89.134,89.342,11745,20,0
2026-09-02 19:00:00+00:00,89.345,89.492,89.235,89.304,3490,20,0
2026-09-02 20:00:00+00:00,89.308,89.308,88.869,89.152,6369,20,0
2026-09-02 22:00:00+00:00,89.075,89.162,89.019,89.113,1173,20,0
2026-09-02 23:00:00+00:00,89.112,89.113,88.906,88.932,1118,20,0
2026-09-03 00:00:00+00:00,88.934,89.215,88.858,89.098,5645,20,0
2026-09-03 01:00:00+00:00,89.101,89.743,88.875,89.668,13327,20,0
2026-09-03 02:00:00+00:00,89.67,89.751,89.22,89.365,9064,20,0
2026-09-03 03:00:00+00:00,89.362,89.48,89.199,89.317,6132,20,0
2026-09-03 04:00:00+00:00,89.317,89.329,88.884,88.9,4024,20,0
2026-09-03 05:00:00+00:00,88.903,88.98,88.198,88.293,10931,20,0
2026-09-03 06:00:00+00:00,88.296,88.541,88.005,88.415,11525,20,0
2026-09-03 07:00:00+00:00,88.417,89.033,88.313,88.905,10892,20,0
2026-09-03 08:00:00+00:00,88.899,89.525,87.928,89.521,18176,20,0
2026-09-03 09:00:00+00:00,89.535,90.483,89.284,90.319,8126,20,0
2026-09-03 10:00:00+00:00,90.324,90.951,90.159,90.712,8845,20,0
2026-09-03 11:00:00+00:00,90.714,90.825,90.038,90.727,10054,20,0
2026-09-03 12:00:00+00:00,90.725,90.763,89.568,89.749,9332,20,0
2026-09-03 13:00:00+00:00,89.761,90.192,89.534,89.765,11982,20,0
2026-09-03 14:00:00+00:00,89.787,90.435,89.709,90.02,11557,20,0
2026-09-03 15:00:00+00:00,90.022,90.497,89.18,89.298,13327,20,0
2026-09-03 16:00:00+00:00,89.295,89.814,89.123,89.691,8175,20,0
2026-09-03 17:00:00+00:00,89.694,90.046,89.342,89.397,6330,20,0
2026-09-03 18:00:00+00:00,89.392,89.641,88.98,89.631,7450,20,0
2026-09-03 19:00:00+00:00,89.637,89.709,89.332,89.645,3438,20,0
2026-09-03 20:00:00+00:00,89.644,89.82,89.601,89.679,2614,20,0
2026-09-03 22:00:00+00:00,89.458,89.626,89.439,89.61,1401,20,0
2026-09-03 23:00:00+00:00,89.61,89.671,89.552,89.623,929,20,0
2026-09-04 00:00:00+00:00,89.623,89.699,89.197,89.371,5094,20,0
2026-09-04 01:00:00+00:00,89.37,89.926,89.269,89.771,11445,20,0
2026-09-04 02:00:00+00:00,89.766,89.856,89.416,89.58,7646,20,0
2026-09-04 03:00:00+00:00,89.58,89.784,89.413,89.767,4909,20,0
2026-09-04 04:00:00+00:00,89.767,89.849,89.347,89.351,3622,20,0
2026-09-04 05:00:00+00:00,89.351,89.473,89.121,89.22,7005,20,0
2026-09-04 06:00:00+00:00,89.224,89.479,89.128,89.259,9477,20,0
2026-09-04 07:00:00+00:00,89.256,89.563,88.606,88.697,10378,20,0
2026-09-04 08:00:00+00:00,88.684,88.971,88.433,88.741,11879,20,0
2026-09-04 09:00:00+00:00,88.747,89.124,88.614,89.107,7058,20,0
2026-09-04 10:00:00+00:00,89.111,89.111,88.419,88.463,7015,20,0
2026-09-04 11:00:00+00:00,88.478,88.916,88.471,88.828,4792,20,0
2026-09-04 12:00:00+00:00,88.826,88.855,87.973,88.032,9627,20,0
2026-09-04 13:00:00+00:00,88.034,88.579,86.923,87.225,15524,20,0
2026-09-04 14:00:00+00:00,87.232,89.067,87.232,89.039,12559,20,0
2026-09-04 15:00:00+00:00,89.045,89.227,88.411,89.088,10942,20,0
2026-09-04 16:00:00+00:00,89.091,89.334,88.715,89.322,6657,20,0
2026-09-04 17:00:00+00:00,89.318,89.457,88.821,88.991,7195,20,0
2026-09-04 18:00:00+00:00,88.988,89.891,88.932,89.607,7868,20,0
2026-09-04 19:00:00+00:00,89.61,89.626,89.35,89.436,3269,20,0
2026-09-04 20:00:00+00:00,89.439,89.558,89.218,89.326,3793,20,0
2026-09-06 22:00:00+00:00,90.085,90.275,89.792,89.991,5813,20,0
2026-09-06 23:00:00+00:00,89.99,90.163,89.853,90.01,3029,20,0
2026-09-07 00:00:00+00:00,90.017,90.149,89.589,89.891,8577,20,0
2026-09-07 01:00:00+00:00,89.891,90.201,89.539,89.866,25588,20,0
2026-09-07 02:00:00+00:00,89.866,90.152,89.866,90.032,12291,20,0
2026-09-07 03:00:00+00:00,90.034,90.347,89.985,90.322,8043,20,0
2026-09-07 04:00:00+00:00,90.32,90.542,90.171,90.434,4943,20,0
2026-09-07 05:00:00+00:00,90.432,90.98,90.36,90.835,11492,20,0
2026-09-07 06:00:00+00:00,90.833,90.863,90.254,90.404,13796,20,0
2026-09-07 07:00:00+00:00,90.41,90.577,89.598,89.63,19204,20,0
2026-09-07 08:00:00+00:00,89.633,89.72,89.08,89.6,19959,20,0
2026-09-07 09:00:00+00:00,89.597,89.867,89.492,89.838,10466,20,0
2026-09-07 10:00:00+00:00,89.839,90.463,89.556,90.296,12142,20,0
2026-09-07 11:00:00+00:00,90.287,90.579,90.223,90.443,11519,20,0
2026-09-07 12:00:00+00:00,90.457,90.691,90.333,90.441,10411,20,0
2026-09-07 13:00:00+00:00,90.431,90.823,90.175,90.725,17367,20,0
2026-09-07 14:00:00+00:00,90.71,91.016,90.627,90.993,14246,20,0
2026-09-07 15:00:00+00:00,91.002,91.276,90.741,90.983,17073,20,0
2026-09-07 16:00:00+00:00,90.988,91.116,90.43,90.456,11170,20,0
2026-09-07 17:00:00+00:00,90.466,90.729,90.27,90.678,5324,20,0
2026-09-07 22:00:00+00:00,90.384,90.564,90.384,90.495,1573,20,0
2026-09-07 23:00:00+00:00,90.496,90.675,90.324,90.409,1314,20,0
2026-09-08 00:00:00+00:00,90.412,90.571,90.065,90.306,5897,20,0
2026-09-08 01:00:00+00:00,90.31,90.532,90.195,90.28,9185,20,0
2026-09-08 02:00:00+00:00,90.277,90.638,90.225,90.611,6474,20,0
2026-09-08 03:00:00+00:00,90.615,90.889,90.538,90.727,4555,20,0
2026-09-08 04:00:00+00:00,90.727,91.01,90.714,90.898,2718,20,0
2026-09-08 05:00:00+00:00,90.893,91.589,90.805,91.423,10146,20,0
2026-09-08 06:00:00+00:00,91.428,91.987,91.411,91.871,14188,20,0
2026-09-08 07:00:00+00:00,91.876,92.331,91.637,92.204,11366,20,0
2026-09-08 08:00:00+00:00,92.206,92.476,91.957,92.197,12895,20,0
2026-09-08 09:00:00+00:00,92.198,92.396,91.421,91.48,9069,20,0
2026-09-08 10:00:00+00:00,91.483,91.92,91.28,91.787,9970,20,0
2026-09-08 11:00:00+00:00,91.789,91.921,91.474,91.62,6397,20,0
2026-09-08 12:00:00+00:00,91.62,91.873,90.717,90.745,7611,20,0
2026-09-08 13:00:00+00:00,90.75,91.346,90.413,91.217,12920,20,0
2026-09-08 14:00:00+00:00,91.221,91.408,90.644,90.767,10590,20,0
2026-09-08 15:00:00+00:00,90.771,91.153,90.327,90.473,10085,20,0
2026-09-08 16:00:00+00:00,90.47,90.697,90.073,90.468,10622,20,0
2026-09-08 17:00:00+00:00,90.473,90.481,89.903,90.232,8866,20,0
2026-09-08 18:00:00+00:00,90.228,91.908,90.22,91.567,16184,20,0
2026-09-08 19:00:00+00:00,91.571,91.951,91.195,91.811,11208,20,0
2026-09-08 20:00:00+00:00,91.816,92.305,91.794,92.239,7896,20,0
2026-09-08 22:00:00+00:00,92.108,92.258,91.969,92.014,2485,20,0
2026-09-08 23:00:00+00:00,92.015,92.481,92.005,92.325,2089,20,0
2026-09-09 00:00:00+00:00,92.325,92.471,92.08,92.231,9580,20,0
2026-09-09 01:00:00+00:00,92.232,92.483,92.045,92.122,12573,20,0
2026-09-09 02:00:00+00:00,92.122,92.289,92.013,92.141,7082,20,0
2026-09-09 03:00:00+00:00,92.142,92.449,91.981,92.015,8417,20,0
2026-09-09 04:00:00+00:00,92.014,92.083,91.806,91.832,4760,20,0
2026-09-09 05:00:00+00:00,91.835,91.883,91.603,91.684,7015,20,0
2026-09-09 06:00:00+00:00,91.686,92.329,91.684,92.101,9895,20,0
2026-09-09 07:00:00+00:00,92.104,92.686,92.029,92.4,9922,20,0
2026-09-09 08:00:00+00:00,92.386,92.763,92.108,92.649,10054,20,0
2026-09-09 09:00:00+00:00,92.655,93.372,92.633,93.243,8714,20,0
2026-09-09 10:00:00+00:00,93.25,93.353,92.728,92.806,7654,20,0
2026-09-09 11:00:00+00:00,92.803,93.448,92.748,93.31,10446,20,0
2026-09-09 12:00:00+00:00,93.316,93.647,93.22,93.561,8438,20,0
2026-09-09 13:00:00+00:00,93.568,93.729,93.167,93.336,13365,20,0
2026-09-09 14:00:00+00:00,93.335,93.99,93.182,93.775,13018,20,0
2026-09-09 15:00:00+00:00,93.779,94.142,93.716,94.042,11370,20,0
2026-09-09 16:00:00+00:00,94.048,94.316,93.221,93.237,9024,20,0
2026-09-09 17:00:00+00:00,93.236,93.669,92.84,93.65,8049,20,0
2026-09-09 18:00:00+00:00,93.649,94.154,93.484,94.141,8497,20,0
2026-09-09 19:00:00+00:00,94.141,94.27,93.853,94.241,3772,20,0
2026-09-09 20:00:00+00:00,94.245,94.486,94.176,94.247,3367,20,0
2026-09-09 22:00:00+00:00,94.692,94.957,94.327,94.36,4354,20,0
2026-09-09 23:00:00+00:00,94.357,94.558,94.328,94.371,1807,20,0
2026-09-10 00:00:00+00:00,94.371,94.41,93.738,93.744,9237,20,0
2026-09-10 01:00:00+00:00,93.74,94.211,93.624,93.791,14899,20,0
2026-09-10 02:00:00+00:00,93.789,93.857,93.487,93.588,9658,20,0
2026-09-10 03:00:00+00:00,93.584,93.594,93.327,93.458,6907,20,0
2026-09-10 04:00:00+00:00,93.458,93.579,93.448,93.482,3466,20,0
2026-09-10 05:00:00+00:00,93.48,93.58,92.837,92.999,10639,20,0
2026-09-10 06:00:00+00:00,92.997,93.248,92.804,93.129,11075,20,0
2026-09-10 07:00:00+00:00,93.127,93.821,93.084,93.668,9181,20,0
2026-09-10 08:00:00+00:00,93.671,94.761,93.617,94.703,9003,20,0
2026-09-10 09:00:00+00:00,94.708,95.042,94.355,94.877,7488,20,0
2026-09-10 10:00:00+00:00,94.876,94.876,93.885,94.462,9446,20,0
2026-09-10 11:00:00+00:00,94.453,95.741,94.367,95.734,9572,20,0
2026-09-10 12:00:00+00:00,95.738,97.875,95.565,97.208,20490,20,0
2026-09-10 13:00:00+00:00,97.204,97.444,96.342,96.469,18669,20,0
2026-09-10 14:00:00+00:00,96.466,97.144,95.746,96.891,22314,20,0
2026-09-10 15:00:00+00:00,96.894,98.639,96.839,98.595,14848,20,0
2026-09-10 16:00:00+00:00,98.588,99.226,98.05,98.284,18237,20,0
2026-09-10 17:00:00+00:00,98.284,98.947,98.189,98.881,11362,20,0
2026-09-10 18:00:00+00:00,98.875,99.856,98.312,98.826,16955,20,0
2026-09-10 19:00:00+00:00,98.83,99.681,98.785,99.531,9668,20,0
2026-09-10 20:00:00+00:00,99.535,100.65,99.489,100.582,8464,20,0
2026-09-10 22:00:00+00:00,100.445,100.714,100.118,100.22,5094,20,0
2026-09-10 23:00:00+00:00,100.22,100.768,99.946,100.593,5351,20,0
2026-09-11 00:00:00+00:00,100.601,100.732,99.206,99.618,20795,20,0
2026-09-11 01:00:00+00:00,99.617,99.67,98.641,99.068,22964,20,0
2026-09-11 02:00:00+00:00,99.068,99.374,98.907,99.305,15833,20,0
2026-09-11 03:00:00+00:00,99.311,99.818,99.149,99.663,15725,20,0
2026-09-11 04:00:00+00:00,99.667,99.809,98.618,98.832,19153,20,0
2026-09-11 05:00:00+00:00,98.831,98.856,97.45,97.898,30598,20,0
2026-09-11 06:00:00+00:00,97.901,98.035,97.431,97.796,24825,20,0
2026-09-11 07:00:00+00:00,97.791,97.829,97.144,97.625,21493,20,0
2026-09-11 08:00:00+00:00,97.622,97.873,96.402,96.452,26235,20,0
2026-09-11 09:00:00+00:00,96.449,97.067,96.161,96.476,13682,20,0
2026-09-11 10:00:00+00:00,96.472,96.893,95.58,95.684,15012,20,0
2026-09-11 11:00:00+00:00,95.687,96.495,95.601,96.035,8670,20,0
2026-09-11 12:00:00+00:00,96.033,96.586,95.808,96.232,10975,20,0
2026-09-11 13:00:00+00:00,96.226,96.249,95.456,96.043,15808,20,0
2026-09-11 14:00:00+00:00,96.045,96.76,95.735,96.462,12675,20,0
2026-09-11 15:00:00+00:00,96.471,96.609,95.721,96.497,11189,20,0
2026-09-11 16:00:00+00:00,96.494,96.963,96.218,96.702,10323,20,0
2026-09-11 17:00:00+00:00,96.697,96.761,95.97,96.448,9486,20,0
2026-09-11 18:00:00+00:00,96.445,97.102,96.224,97.02,9566,20,0
2026-09-11 19:00:00+00:00,97.022,97.242,96.924,97.135,4589,20,0
2026-09-11 20:00:00+00:00,97.138,97.16,96.564,96.564,2633,20,0
2026-09-13 22:00:00+00:00,98.415,99.578,98.343,98.688,5013,20,0
2026-09-13 23:00:00+00:00,98.689,98.846,98.468,98.738,4743,20,0
2026-09-14 00:00:00+00:00,98.74,99.127,98.52,98.942,11670,20,0
2026-09-14 01:00:00+00:00,98.942,99.628,98.309,98.396,25661,20,0
2026-09-14 02:00:00+00:00,98.402,98.868,98.274,98.759,12297,20,0
2026-09-14 03:00:00+00:00,98.759,99.316,98.734,99.121,10785,20,0
2026-09-14 04:00:00+00:00,99.121,99.13,98.56,98.68,8754,20,0
2026-09-14 05:00:00+00:00,98.679,98.767,98.099,98.276,11866,20,0
2026-09-14 06:00:00+00:00,98.275,98.919,98.113,98.886,16026,20,0
2026-09-14 07:00:00+00:00,98.888,99.463,98.569,98.997,14177,20,0
2026-09-14 08:00:00+00:00,98.991,99.816,98.529,99.495,15549,20,0
2026-09-14 09:00:00+00:00,99.498,99.823,98.594,98.748,12221,20,0
2026-09-14 10:00:00+00:00,98.751,99.128,98.482,98.726,8469,20,0
2026-09-14 11:00:00+00:00,98.724,99.544,98.561,99.402,8882,20,0
2026-09-14 12:00:00+00:00,99.405,100.68,98.677,99.952,24248,20,0
2026-09-14 13:00:00+00:00,99.956,100.348,99.513,100.28,20096,20,0
2026-09-14 14:00:00+00:00,100.279,100.375,99.482,99.555,16360,20,0
2026-09-14 15:00:00+00:00,99.559,99.898,98.021,99.144,48169,20,0
2026-09-14 16:00:00+00:00,99.148,99.264,97.078,97.58,25567,20,0
2026-09-14 17:00:00+00:00,97.577,98.263,97.523,97.911,13052,20,0
2026-09-14 18:00:00+00:00,97.921,97.936,96.86,97.339,15815,20,0
2026-09-14 19:00:00+00:00,97.336,98.078,97.029,98.055,8542,20,0
2026-09-14 20:00:00+00:00,98.061,98.21,97.885,98.004,6255,20,0
2026-09-14 22:00:00+00:00,97.837,97.946,97.802,97.906,1077,20,0
2026-09-14 23:00:00+00:00,97.912,98.162,97.893,98.099,1603,20,0
2026-09-15 00:00:00+00:00,98.104,98.701,97.975,98.61,14404,20,0
2026-09-15 01:00:00+00:00,98.61,98.861,98.006,98.816,22839,20,0
2026-09-15 02:00:00+00:00,98.811,99.076,98.558,98.794,13323,20,0
2026-09-15 03:00:00+00:00,98.797,98.901,98.655,98.836,9874,20,0
2026-09-15 04:00:00+00:00,98.84,99.174,98.795,99.09,5195,20,0
2026-09-15 05:00:00+00:00,99.09,99.307,98.593,98.883,15277,20,0
2026-09-15 06:00:00+00:00,98.879,99.369,98.793,99.228,17899,20,0
2026-09-15 07:00:00+00:00,99.228,99.431,98.894,99.301,14752,20,0
2026-09-15 08:00:00+00:00,99.297,99.754,99.062,99.485,13363,20,0
2026-09-15 09:00:00+00:00,99.489,99.898,99.082,99.398,10586,20,0
2026-09-15 10:00:00+00:00,99.397,99.562,98.442,98.51,9020,20,0
2026-09-15 11:00:00+00:00,98.519,98.594,98.097,98.342,8941,20,0
2026-09-15 12:00:00+00:00,98.338,99.033,97.524,98.007,14561,20,0
2026-09-15 13:00:00+00:00,98.001,99.649,97.637,99.271,29002,20,0
2026-09-15 14:00:00+00:00,99.275,100.498,99.259,100.398,20924,20,0
2026-09-15 15:00:00+00:00,100.394,100.561,99.847,100.48,16922,20,0
2026-09-15 16:00:00+00:00,100.474,101.633,100.44,101.563,10936,20,0
2026-09-15 17:00:00+00:00,101.557,102.116,101.339,101.892,10132,20,0
2026-09-15 18:00:00+00:00,101.889,101.963,100.978,101.03,11452,20,0
2026-09-15 19:00:00+00:00,101.034,101.198,100.835,101.195,5058,20,0
2026-09-15 20:00:00+00:00,101.191,101.409,100.82,100.956,4614,20,0
2026-09-15 22:00:00+00:00,100.818,100.837,100.428,100.568,2647,20,0
2026-09-15 23:00:00+00:00,100.567,100.695,100.528,100.6,1325,20,0
2026-09-16 00:00:00+00:00,100.6,100.644,99.971,100.507,9626,20,0
2026-09-16 01:00:00+00:00,100.509,100.614,100.125,100.38,14557,20,0
2026-09-16 02:00:00+00:00,100.375,100.444,99.859,99.948,10634,20,0
2026-09-16 03:00:00+00:00,99.948,100.255,99.569,100.006,9728,20,0
2026-09-16 04:00:00+00:00,100.005,100.025,99.795,99.915,4097,20,0
2026-09-16 05:00:00+00:00,99.914,100.238,99.806,100.117,7711,20,0
2026-09-16 06:00:00+00:00,100.116,100.187,99.447,99.454,12057,20,0
2026-09-16 07:00:00+00:00,99.453,99.792,99.266,99.739,13163,20,0
2026-09-16 08:00:00+00:00,99.736,100.231,99.622,99.953,13085,20,0
2026-09-16 09:00:00+00:00,99.95,100.353,99.436,99.653,10422,20,0
2026-09-16 10:00:00+00:00,99.655,99.708,98.981,98.982,8714,20,0
2026-09-16 11:00:00+00:00,98.977,99.117,98.522,98.758,14980,20,0
2026-09-16 12:00:00+00:00,98.762,99.402,98.557,99.291,10173,20,0
2026-09-16 13:00:00+00:00,99.299,99.332,98.991,99.258,1700,20,0
