time,open,high,low,close,tick_volume,spread,real_volume
2024-09-26 16:00:00+00:00,20118.77,20158.72,19987.11,20136.2,17584,506,0
2024-09-26 20:00:00+00:00,20136.57,20178.18,20127.3,20141.91,4758,521,0
2024-09-27 00:00:00+00:00,20142.76,20142.76,20077.31,20117.02,8647,530,0
2024-09-27 04:00:00+00:00,20117.27,20154.47,20032.82,20045.05,10173,534,0
2024-09-27 08:00:00+00:00,20043.8,20142.86,20042.74,20141.97,10080,530,0
2024-09-27 12:00:00+00:00,20142.11,20191.72,20030.68,20033.4,21580,510,0
2024-09-27 16:00:00+00:00,20033.87,20089.59,19971.71,20021.66,17256,500,0
2024-09-29 20:00:00+00:00,20000.13,20084.84,19963.48,20076.24,3602,536,0
2024-09-30 00:00:00+00:00,20077.72,20089.05,19959.08,20023.32,9741,521,0
2024-09-30 04:00:00+00:00,20023.28,20049.93,19951.17,20028.51,9235,522,0
2024-09-30 08:00:00+00:00,20027.44,20027.55,19924.24,19934.96,10109,527,0
2024-09-30 12:00:00+00:00,19934.22,20065.24,19928.78,20011.65,18432,510,0
2024-09-30 16:00:00+00:00,20012.12,20091.36,19862.05,20071.19,19544,505,0
2024-09-30 20:00:00+00:00,20078.82,20079.84,20023.15,20056.55,5184,518,0
2024-10-01 00:00:00+00:00,20056.48,20140.03,20031.21,20093.46,7724,526,0
2024-10-01 04:00:00+00:00,20093.72,20098.28,20024.62,20095.49,8862,531,0
2024-10-01 08:00:00+00:00,20096.57,20133.51,20060.58,20081.41,9123,534,0
2024-10-01 12:00:00+00:00,20081.23,20095.07,19629.66,19731.57,28055,514,0
2024-10-01 16:00:00+00:00,19731.67,19887.82,19655.09,19784.03,26658,506,0
2024-10-01 20:00:00+00:00,19787.04,19823.48,19699.59,19739.11,7001,519,0
2024-10-02 00:00:00+00:00,19739.76,19801.88,19730.82,19791.29,9067,520,0
2024-10-02 04:00:00+00:00,19791.11,19795.87,19687.57,19759.27,10988,531,0
2024-10-02 08:00:00+00:00,19758.79,19781.91,19685.53,19740.27,10579,542,0
2024-10-02 12:00:00+00:00,19741.42,19896.12,19640.96,19867.72,24466,508,0
2024-10-02 16:00:00+00:00,19867.78,19891.48,19776.08,19815.19,17281,497,0
2024-10-02 20:00:00+00:00,19815.33,19879.13,19811.65,19864.97,4729,506,0
2024-10-03 00:00:00+00:00,19864.1,19865.01,19746.22,19759.29,10701,517,0
2024-10-03 04:00:00+00:00,19759.74,19782.11,19661.36,19692.9,10011,523,0
2024-10-03 08:00:00+00:00,19694.47,19787.22,19693.43,19787.22,10868,520,0
2024-10-03 12:00:00+00:00,19786.45,19921.67,19705.56,19848.54,26910,517,0
2024-10-03 16:00:00+00:00,19849.01,19859.97,19689.57,19795.38,19083,504,0
2024-10-03 20:00:00+00:00,19796.74,19826.45,19754.71,19795.82,5323,511,0
2024-10-04 00:00:00+00:00,19795.4,19882.61,19761.39,19825.92,10491,513,0
2024-10-04 04:00:00+00:00,19825.98,19852.76,19786.24,19846.1,9384,525,0
2024-10-04 08:00:00+00:00,19846.57,19897.93,19810.18,19876.59,10202,525,0
2024-10-04 12:00:00+00:00,19877.32,20074.98,19827.48,19951.32,27378,515,0
2024-10-04 16:00:00+00:00,19951.73,20057.07,19894.05,20038.48,18016,506,0
2024-10-06 20:00:00+00:00,20045.92,20088.45,20040.43,20054.34,5292,174,0
2024-10-07 00:00:00+00:00,20053.8,20086.52,20024.87,20042.84,12753,172,0
2024-10-07 04:00:00+00:00,20042.75,20057.0,19955.88,19967.29,12495,173,0
2024-10-07 08:00:00+00:00,19967.72,19987.52,19881.82,19934.0,14740,173,0
2024-10-07 12:00:00+00:00,19933.16,20009.71,19912.16,19973.63,39270,168,0
2024-10-07 16:00:00+00:00,19974.08,19990.64,19771.73,19819.73,37839,167,0
2024-10-07 20:00:00+00:00,19822.6,19856.08,19727.96,19809.05,10137,168,0
2024-10-08 00:00:00+00:00,19809.99,19855.28,19781.25,19810.9,15446,171,0
2024-10-08 04:00:00+00:00,19811.12,19852.68,19768.5,19831.96,14682,168,0
2024-10-08 08:00:00+00:00,19832.41,19926.44,19811.73,19919.77,15494,173,0
2024-10-08 12:00:00+00:00,19920.41,20098.79,19882.3,20082.48,36099,168,0
2024-10-08 16:00:00+00:00,20082.05,20152.88,19990.32,20122.46,24648,165,0
2024-10-08 20:00:00+00:00,20123.62,20125.18,20100.1,20102.63,5431,169,0
2024-10-09 00:00:00+00:00,20102.79,20117.77,20063.4,20066.84,10042,170,0
2024-10-09 04:00:00+00:00,20066.35,20080.72,20026.02,20057.7,11478,172,0
2024-10-09 08:00:00+00:00,20057.81,20122.47,20038.78,20087.08,10612,174,0
2024-10-09 12:00:00+00:00,20087.09,20278.07,20069.36,20276.04,31949,168,0
2024-10-09 16:00:00+00:00,20275.88,20311.25,20184.69,20290.92,27941,167,0
2024-10-09 20:00:00+00:00,20290.02,20293.13,20246.79,20282.53,5272,170,0
2024-10-10 00:00:00+00:00,20282.53,20305.62,20268.31,20302.76,8376,171,0
2024-10-10 04:00:00+00:00,20302.6,20305.97,20245.99,20255.44,8096,171,0
2024-10-10 08:00:00+00:00,20254.81,20271.89,20234.4,20269.96,8584,173,0
2024-10-10 12:00:00+00:00,20269.52,20309.71,20134.93,20307.56,42211,167,0
2024-10-10 16:00:00+00:00,20308.05,20339.71,20205.51,20262.96,30591,165,0
2024-10-10 20:00:00+00:00,20261.55,20299.45,20250.1,20287.27,4851,169,0
2024-10-11 00:00:00+00:00,20287.1,20303.34,20275.67,20290.83,6305,172,0
2024-10-11 04:00:00+00:00,20290.78,20291.32,20207.85,20245.29,7450,173,0
2024-10-11 08:00:00+00:00,20244.75,20246.78,20191.66,20204.81,10938,172,0
2024-10-11 12:00:00+00:00,20204.99,20318.45,20152.07,20306.63,33936,168,0
2024-10-11 16:00:00+00:00,20306.14,20330.37,20241.62,20285.08,19925,167,0
2024-10-13 20:00:00+00:00,20272.81,20296.25,20253.27,20272.03,3824,178,0
2024-10-14 00:00:00+00:00,20272.07,20277.69,20229.18,20253.76,8674,171,0
2024-10-14 04:00:00+00:00,20253.59,20311.72,20248.86,20310.72,7012,171,0
2024-10-14 08:00:00+00:00,20310.29,20371.32,20301.44,20352.26,8449,174,0
2024-10-14 12:00:00+00:00,20352.54,20524.21,20348.14,20430.08,28555,168,0
2024-10-14 16:00:00+00:00,20429.62,20507.93,20423.78,20461.82,17469,167,0
2024-10-14 20:00:00+00:00,20464.32,20487.05,20446.12,20477.67,5145,171,0
2024-10-15 00:00:00+00:00,20478.16,20483.15,20437.97,20479.68,7765,171,0
2024-10-15 04:00:00+00:00,20480.15,20480.23,20434.21,20448.69,7334,173,0
2024-10-15 08:00:00+00:00,20448.64,20468.48,20410.23,20459.97,10348,176,0
2024-10-15 12:00:00+00:00,20459.45,20505.92,20179.44,20198.23,50883,171,0
2024-10-15 16:00:00+00:00,20198.97,20262.14,20100.86,20196.37,25573,168,0
2024-10-15 20:00:00+00:00,20190.44,20214.19,20155.36,20200.19,6012,171,0
2024-10-16 00:00:00+00:00,20200.63,20240.63,20189.4,20237.03,8380,170,0
2024-10-16 04:00:00+00:00,20236.72,20246.22,20180.44,20239.17,9622,171,0
2024-10-16 08:00:00+00:00,20239.12,20240.72,20185.23,20224.38,11206,174,0
2024-10-16 12:00:00+00:00,20224.38,20226.95,20055.99,20123.92,40543,169,0
2024-10-16 16:00:00+00:00,20124.38,20228.37,20119.45,20195.67,21381,165,0
2024-10-16 20:00:00+00:00,20194.65,20196.37,20161.75,20164.9,4796,168,0
2024-10-17 00:00:00+00:00,20164.12,20177.36,20128.25,20148.44,9414,171,0
2024-10-17 04:00:00+00:00,20148.21,20325.28,20139.5,20299.31,12712,171,0
2024-10-17 08:00:00+00:00,20298.67,20385.56,20289.71,20368.46,11325,175,0
2024-10-17 12:00:00+00:00,20368.21,20444.29,20219.56,20360.51,52667,169,0
2024-10-17 16:00:00+00:00,20360.02,20380.17,20204.77,20211.79,28779,167,0
2024-10-17 20:00:00+00:00,20213.64,20266.85,20205.97,20259.27,6218,172,0
2024-10-18 00:00:00+00:00,20258.73,20260.0,20175.16,20215.97,10548,173,0
2024-10-18 04:00:00+00:00,20215.67,20309.19,20212.32,20308.17,7825,173,0
2024-10-18 08:00:00+00:00,20307.91,20332.95,20272.21,20321.96,9817,174,0
2024-10-18 12:00:00+00:00,20322.46,20383.29,20287.0,20322.73,34500,170,0
2024-10-18 16:00:00+00:00,20322.54,20376.92,20296.24,20337.79,20374,168,0
2024-10-20 20:00:00+00:00,20360.57,20387.5,20358.32,20375.85,3398,177,0
2024-10-21 00:00:00+00:00,20376.32,20384.82,20338.58,20342.41,7668,171,0
2024-10-21 04:00:00+00:00,20341.96,20344.84,20287.71,20302.56,8252,175,0
2024-10-21 08:00:00+00:00,20301.94,20321.69,20206.13,20220.93,11840,174,0
2024-10-21 12:00:00+00:00,20221.41,20415.98,20207.45,20318.51,35883,169,0
2024-10-21 16:00:00+00:00,20318.07,20384.59,20288.48,20383.86,23045,168,0
2024-10-21 20:00:00+00:00,20382.43,20408.82,20373.56,20380.3,4888,171,0
2024-10-22 00:00:00+00:00,20380.8,20380.8,20323.09,20332.43,9690,173,0
2024-10-22 04:00:00+00:00,20332.64,20352.72,20297.65,20330.48,9260,173,0
2024-10-22 08:00:00+00:00,20329.8,20339.94,20241.31,20274.77,14327,175,0
2024-10-22 12:00:00+00:00,20274.96,20383.64,20225.41,20337.79,35697,169,0
2024-10-22 16:00:00+00:00,20338.03,20464.33,20290.25,20406.39,21861,166,0
2024-10-22 20:00:00+00:00,20406.89,20407.18,20359.15,20398.49,5950,172,0
2024-10-23 00:00:00+00:00,20398.96,20403.81,20361.14,20380.71,6595,174,0
2024-10-23 04:00:00+00:00,20380.58,20410.69,20363.21,20375.44,6997,173,0
2024-10-23 08:00:00+00:00,20374.99,20388.92,20318.11,20339.46,9866,174,0
2024-10-23 12:00:00+00:00,20339.88,20362.42,20171.93,20226.85,40973,167,0
2024-10-23 16:00:00+00:00,20226.24,20226.24,19948.3,20090.36,37502,167,0
2024-10-23 20:00:00+00:00,20086.24,20169.13,20074.83,20161.76,8376,173,0
2024-10-24 00:00:00+00:00,20161.21,20214.46,20147.68,20192.18,8978,172,0
2024-10-24 04:00:00+00:00,20191.75,20259.31,20177.76,20252.78,8588,173,0
2024-10-24 08:00:00+00:00,20253.38,20290.36,20224.2,20286.49,10097,174,0
2024-10-24 12:00:00+00:00,20286.63,20298.03,20135.76,20199.26,40438,169,0
2024-10-24 16:00:00+00:00,20199.66,20279.88,20133.25,20250.39,26845,167,0
2024-10-24 20:00:00+00:00,20251.09,20284.49,20238.13,20255.28,4773,170,0
2024-10-25 00:00:00+00:00,20256.07,20286.51,20245.25,20249.2,7385,173,0
2024-10-25 04:00:00+00:00,20249.33,20312.54,20239.05,20312.01,8324,172,0
2024-10-25 08:00:00+00:00,20311.74,20329.89,20272.34,20319.21,8848,173,0
2024-10-25 12:00:00+00:00,20318.72,20579.14,20316.37,20494.31,35251,169,0
2024-10-25 16:00:00+00:00,20493.79,20537.17,20334.85,20372.67,37644,169,0
2024-10-27 20:00:00+00:00,20410.64,20505.55,20410.64,20481.98,5548,180,0
2024-10-28 00:00:00+00:00,20482.47,20532.45,20476.39,20497.53,10454,176,0
2024-10-28 04:00:00+00:00,20497.09,20542.51,20486.58,20514.99,9437,178,0
2024-10-28 08:00:00+00:00,20514.38,20560.58,20490.6,20502.9,13018,177,0
2024-10-28 12:00:00+00:00,20503.49,20549.52,20406.14,20418.05,39858,171,0
2024-10-28 16:00:00+00:00,20418.48,20456.64,20372.59,20384.18,26710,167,0
2024-10-28 20:00:00+00:00,20386.46,20410.89,20377.11,20396.1,4906,171,0
2024-10-29 00:00:00+00:00,20396.55,20411.72,20344.85,20349.13,9498,175,0
2024-10-29 04:00:00+00:00,20349.75,20443.24,20340.34,20416.27,8224,175,0
2024-10-29 08:00:00+00:00,20416.8,20434.96,20370.73,20382.51,15633,178,0
2024-10-29 12:00:00+00:00,20382.63,20508.98,20321.33,20506.48,37971,170,0
2024-10-29 16:00:00+00:00,20506.87,20633.25,20471.34,20586.72,24507,169,0
2024-10-29 20:00:00+00:00,20582.47,20653.5,20576.54,20639.03,11515,178,0
2024-10-30 00:00:00+00:00,20639.5,20678.91,20612.29,20619.73,8725,175,0
2024-10-30 04:00:00+00:00,20619.52,20650.52,20593.85,20634.99,8280,176,0
2024-10-30 08:00:00+00:00,20635.44,20655.16,20600.13,20604.99,13167,176,0
2024-10-30 12:00:00+00:00,20605.53,20626.85,20435.28,20562.21,41107,169,0
2024-10-30 16:00:00+00:00,20562.65,20572.89,20405.71,20429.9,30460,169,0
2024-10-30 20:00:00+00:00,20427.77,20477.35,20314.73,20317.22,16774,180,0
2024-10-31 00:00:00+00:00,20316.74,20355.1,20293.57,20313.9,8942,172,0
2024-10-31 04:00:00+00:00,20314.4,20316.28,20199.99,20212.64,10162,175,0
2024-10-31 08:00:00+00:00,20212.07,20287.3,20179.64,20287.09,15850,173,0
2024-10-31 12:00:00+00:00,20286.6,20307.53,19920.29,19965.84,56923,168,0
2024-10-31 16:00:00+00:00,19965.35,20023.11,19902.51,19905.61,39382,167,0
2024-10-31 20:00:00+00:00,19911.09,20006.34,19901.26,19968.89,17776,173,0
2024-11-01 00:00:00+00:00,19968.43,19996.01,19912.52,19981.56,10829,171,0
2024-11-01 04:00:00+00:00,19981.75,20021.22,19950.49,19984.47,10025,172,0
2024-11-01 08:00:00+00:00,19984.98,20025.6,19976.56,20002.42,12046,172,0
2024-11-01 12:00:00+00:00,20003.23,20180.34,19949.97,20115.8,49174,168,0
2024-11-01 16:00:00+00:00,20115.3,20146.56,20017.58,20043.74,40599,167,0
2024-11-03 20:00:00+00:00,20017.71,20059.29,19973.24,20036.52,5275,179,0
2024-11-04 00:00:00+00:00,20036.71,20150.04,20021.16,20121.11,10087,172,0
2024-11-04 04:00:00+00:00,20120.91,20149.19,20075.77,20080.95,8144,173,0
2024-11-04 08:00:00+00:00,20081.78,20113.33,20036.95,20083.15,14699,173,0
2024-11-04 12:00:00+00:00,20083.14,20110.31,19916.73,20086.92,37645,168,0
2024-11-04 16:00:00+00:00,20087.46,20127.18,19931.28,20038.44,35463,166,0
2024-11-04 20:00:00+00:00,20038.05,20043.43,19973.01,19992.97,13705,166,0
2024-11-05 00:00:00+00:00,19992.44,20020.56,19947.19,20007.75,10472,170,0
2024-11-05 04:00:00+00:00,20007.89,20047.09,19987.6,20031.7,7348,170,0
2024-11-05 08:00:00+00:00,20032.29,20076.09,20007.21,20059.38,11326,173,0
2024-11-05 12:00:00+00:00,20058.96,20223.92,20012.69,20161.39,30970,167,0
2024-11-05 16:00:00+00:00,20161.11,20276.39,20137.01,20198.19,27708,167,0
2024-11-05 20:00:00+00:00,20197.54,20289.07,20185.94,20249.89,14829,168,0
2024-11-06 00:00:00+00:00,20249.39,20545.63,20230.52,20499.09,21598,186,0
2024-11-06 04:00:00+00:00,20499.25,20614.7,20374.05,20586.22,19549,191,0
2024-11-06 08:00:00+00:00,20584.11,20633.43,20485.17,20510.69,20866,190,0
2024-11-06 12:00:00+00:00,20511.6,20725.23,20504.51,20627.81,52170,176,0
2024-11-06 16:00:00+00:00,20628.27,20798.23,20596.68,20793.28,29650,171,0
2024-11-06 20:00:00+00:00,20793.73,20838.7,20782.01,20796.89,14393,172,0
2024-11-07 00:00:00+00:00,20796.63,20838.63,20767.82,20822.92,11198,176,0
2024-11-07 04:00:00+00:00,20823.1,20871.36,20813.67,20829.08,9260,176,0
2024-11-07 08:00:00+00:00,20829.54,20866.85,20821.02,20849.9,11266,179,0
2024-11-07 12:00:00+00:00,20849.84,21071.3,20846.93,21065.58,25218,173,0
2024-11-07 16:00:00+00:00,21065.4,21137.08,21028.96,21137.08,25692,173,0
2024-11-07 20:00:00+00:00,21137.16,21157.12,21108.37,21131.56,12353,174,0
2024-11-08 00:00:00+00:00,21132.01,21149.34,21120.76,21131.55,7525,177,0
2024-11-08 04:00:00+00:00,21131.23,21167.85,21126.96,21145.23,6594,176,0
2024-11-08 08:00:00+00:00,21145.17,21155.17,21028.06,21067.98,13155,178,0
2024-11-08 12:00:00+00:00,21068.67,21137.75,21062.74,21103.81,25656,175,0
2024-11-08 16:00:00+00:00,21104.31,21169.58,21077.21,21139.62,19735,172,0
2024-11-08 20:00:00+00:00,21139.31,21143.28,21113.64,21136.74,6360,174,0
2024-11-10 20:00:00+00:00,21193.04,21224.15,21174.88,21217.18,2647,176,0
2024-11-11 00:00:00+00:00,21216.77,21223.2,21171.51,21186.6,8791,173,0
2024-11-11 04:00:00+00:00,21186.86,21212.7,21186.86,21211.04,5710,177,0
2024-11-11 08:00:00+00:00,21210.43,21235.96,21181.37,21198.58,9275,178,0
2024-11-11 12:00:00+00:00,21198.89,21253.08,21069.42,21136.23,24177,172,0
2024-11-11 16:00:00+00:00,21136.84,21145.19,21012.2,21087.93,24219,172,0
2024-11-11 20:00:00+00:00,21087.63,21145.8,21082.22,21131.86,9098,172,0
2024-11-12 00:00:00+00:00,21131.74,21165.1,21106.97,21124.09,9514,177,0
2024-11-12 04:00:00+00:00,21124.0,21142.99,21096.96,21123.88,8299,178,0
2024-11-12 08:00:00+00:00,21124.11,21156.16,21045.08,21093.85,13954,180,0
2024-11-12 12:00:00+00:00,21093.22,21166.86,21092.47,21100.63,25884,174,0
2024-11-12 16:00:00+00:00,21100.22,21125.92,20971.47,21104.27,27915,172,0
2024-11-12 20:00:00+00:00,21103.77,21121.66,21061.12,21078.69,10741,172,0
2024-11-13 00:00:00+00:00,21079.17,21080.65,21051.37,21064.94,8241,175,0
2024-11-13 04:00:00+00:00,21065.25,21066.59,21020.0,21047.33,7872,176,0
2024-11-13 08:00:00+00:00,21047.97,21098.89,21036.55,21042.74,9615,177,0
2024-11-13 12:00:00+00:00,21043.3,21157.77,20975.9,21031.63,34817,176,0
2024-11-13 16:00:00+00:00,21032.05,21187.28,21008.11,21100.07,28888,174,0
2024-11-13 20:00:00+00:00,21100.54,21137.17,21042.11,21085.95,13629,175,0
2024-11-14 00:00:00+00:00,21086.29,21091.95,21036.21,21047.99,8452,176,0
2024-11-14 04:00:00+00:00,21048.16,21071.17,21010.62,21050.21,8360,177,0
2024-11-14 08:00:00+00:00,21049.77,21110.4,21044.51,21097.76,11525,178,0
2024-11-14 12:00:00+00:00,21097.26,21103.2,20961.22,21011.19,31605,174,0
2024-11-14 16:00:00+00:00,21010.78,21059.95,20937.13,20989.24,32403,174,0
2024-11-14 20:00:00+00:00,20988.75,20988.75,20857.7,20870.77,19792,175,0
2024-11-15 00:00:00+00:00,20870.27,20876.57,20804.51,20826.23,10790,176,0
2024-11-15 04:00:00+00:00,20826.26,20849.2,20751.9,20765.19,10673,176,0
2024-11-15 08:00:00+00:00,20765.83,20779.4,20715.53,20765.28,13334,176,0
2024-11-15 12:00:00+00:00,20764.85,20787.37,20464.55,20483.22,35661,172,0
2024-11-15 16:00:00+00:00,20482.76,20512.04,20331.47,20387.12,38149,168,0
2024-11-15 20:00:00+00:00,20386.64,20440.01,20378.95,20414.15,10033,169,0
2024-11-17 20:00:00+00:00,20438.04,20500.38,20408.71,20499.89,3125,176,0
2024-11-18 00:00:00+00:00,20499.45,20572.79,20493.24,20562.45,9333,172,0
2024-11-18 04:00:00+00:00,20562.4,20588.7,20510.96,20528.84,8050,173,0
2024-11-18 08:00:00+00:00,20529.92,20580.12,20477.68,20503.86,15336,175,0
2024-11-18 12:00:00+00:00,20504.35,20627.55,20414.34,20612.32,29767,169,0
2024-11-18 16:00:00+00:00,20612.88,20656.89,20525.84,20573.34,26757,169,0
2024-11-18 20:00:00+00:00,20573.79,20588.29,20541.58,20560.4,10694,168,0
2024-11-19 00:00:00+00:00,20560.67,20625.94,20544.79,20615.95,9147,174,0
2024-11-19 04:00:00+00:00,20615.74,20634.0,20588.34,20611.69,7768,175,0
2024-11-19 08:00:00+00:00,20611.18,20625.38,20430.26,20517.46,25854,178,0
2024-11-19 12:00:00+00:00,20517.91,20595.09,20320.37,20575.32,40515,172,0
2024-11-19 16:00:00+00:00,20575.95,20730.28,20575.07,20677.08,27802,170,0
2024-11-19 20:00:00+00:00,20677.5,20729.4,20665.33,20723.46,10909,169,0
2024-11-20 00:00:00+00:00,20723.67,20774.55,20714.05,20726.49,10094,176,0
2024-11-20 04:00:00+00:00,20726.92,20780.65,20724.99,20766.16,9002,174,0
2024-11-20 08:00:00+00:00,20765.69,20783.38,20693.76,20733.66,15421,179,0
2024-11-20 12:00:00+00:00,20734.45,20769.93,20419.01,20567.23,33374,173,0
2024-11-20 16:00:00+00:00,20566.65,20647.15,20486.76,20548.56,34664,171,0
2024-11-20 20:00:00+00:00,20548.03,20725.7,20534.81,20691.2,27381,170,0
2024-11-21 00:00:00+00:00,20691.82,20696.43,20560.08,20594.26,14349,178,0
2024-11-21 04:00:00+00:00,20593.84,20664.61,20548.07,20608.08,13005,178,0
2024-11-21 08:00:00+00:00,20608.53,20684.34,20537.28,20673.37,25301,180,0
2024-11-21 12:00:00+00:00,20673.87,20845.54,20455.11,20648.64,65240,177,0
2024-11-21 16:00:00+00:00,20649.08,20809.13,20629.63,20788.94,44708,172,0
2024-11-21 20:00:00+00:00,20788.44,20818.85,20702.04,20717.18,13698,171,0
2024-11-22 00:00:00+00:00,20716.58,20785.77,20702.72,20733.74,11507,177,0
2024-11-22 04:00:00+00:00,20733.81,20769.92,20706.01,20754.09,11208,180,0
2024-11-22 08:00:00+00:00,20754.87,20773.71,20637.08,20713.76,22517,181,0
2024-11-22 12:00:00+00:00,20712.8,20814.44,20664.52,20784.71,42394,175,0
2024-11-22 16:00:00+00:00,20784.28,20822.19,20685.52,20789.31,32508,170,0
2024-11-22 20:00:00+00:00,20789.22,20809.93,20743.84,20790.46,7261,170,0
2024-11-24 20:00:00+00:00,20883.19,20903.97,20879.63,20886.25,2080,185,0
2024-11-25 00:00:00+00:00,20885.81,20917.8,20885.81,20910.97,6301,174,0
2024-11-25 04:00:00+00:00,20910.98,20921.82,20901.17,20904.98,5777,174,0
2024-11-25 08:00:00+00:00,20906.1,20930.8,20881.89,20915.29,8999,176,0
2024-11-25 12:00:00+00:00,20915.09,21030.59,20819.73,20845.5,44486,176,0
2024-11-25 16:00:00+00:00,20844.99,20911.15,20730.27,20811.07,32938,172,0
2024-11-25 20:00:00+00:00,20810.43,20885.48,20753.61,20786.77,14338,170,0
2024-11-26 00:00:00+00:00,20787.33,20860.57,20708.42,20847.14,15174,177,0
2024-11-26 04:00:00+00:00,20846.73,20876.84,20823.48,20830.88,10024,180,0
2024-11-26 08:00:00+00:00,20830.21,20898.24,20804.96,20892.1,15364,179,0
2024-11-26 12:00:00+00:00,20891.68,20977.04,20872.73,20903.15,34430,174,0
2024-11-26 16:00:00+00:00,20902.53,20936.62,20857.17,20884.98,24992,172,0
2024-11-26 20:00:00+00:00,20884.14,20960.93,20880.26,20939.99,10324,171,0
2024-11-27 00:00:00+00:00,20940.73,20972.47,20925.86,20938.33,7341,174,0
2024-11-27 04:00:00+00:00,20937.85,20943.52,20906.5,20932.63,7212,175,0
2024-11-27 08:00:00+00:00,20933.28,20935.33,20858.6,20884.69,13554,179,0
2024-11-27 12:00:00+00:00,20884.18,20924.73,20680.46,20697.16,30977,173,0
2024-11-27 16:00:00+00:00,20697.12,20780.23,20630.27,20758.57,25970,169,0
2024-11-27 20:00:00+00:00,20759.1,20791.09,20724.31,20781.67,9745,170,0
2024-11-28 00:00:00+00:00,20781.26,20815.07,20781.26,20810.71,6041,172,0
2024-11-28 04:00:00+00:00,20810.99,20827.23,20808.2,20819.8,4548,173,0
2024-11-28 08:00:00+00:00,20820.22,20824.59,20801.53,20819.54,6147,174,0
2024-11-28 12:00:00+00:00,20819.54,20862.98,20816.4,20855.48,7053,174,0
2024-11-28 16:00:00+00:00,20855.91,20866.79,20836.05,20847.7,3325,176,0
2024-11-28 20:00:00+00:00,20844.59,20851.24,20833.45,20847.52,1495,181,0
2024-11-29 00:00:00+00:00,20847.08,20878.05,20782.37,20873.44,9037,173,0
2024-11-29 04:00:00+00:00,20873.97,20896.64,20825.33,20840.31,7881,175,0
2024-11-29 08:00:00+00:00,20840.95,20869.02,20835.11,20844.2,9820,176,0
2024-11-29 12:00:00+00:00,20843.19,20940.97,20765.35,20913.62,22531,172,0
2024-11-29 16:00:00+00:00,20914.13,20976.24,20914.13,20951.34,11823,172,0
2024-12-01 20:00:00+00:00,20965.43,20970.41,20922.91,20935.23,2949,180,0
2024-12-02 00:00:00+00:00,20934.92,20952.65,20911.95,20918.47,9577,176,0
2024-12-02 04:00:00+00:00,20918.13,20934.57,20907.91,20929.3,6621,173,0
2024-12-02 08:00:00+00:00,20928.28,20940.82,20907.66,20935.23,8538,176,0
2024-12-02 12:00:00+00:00,20935.71,21169.64,20933.57,21123.61,27221,174,0
2024-12-02 16:00:00+00:00,21124.03,21227.07,21120.43,21187.32,20055,172,0
2024-12-02 20:00:00+00:00,21186.87,21208.0,21170.88,21186.41,9202,172,0
2024-12-03 00:00:00+00:00,21186.91,21208.59,21175.95,21202.02,6369,176,0
2024-12-03 04:00:00+00:00,21201.74,21210.5,21191.73,21199.5,5122,176,0
2024-12-03 08:00:00+00:00,21199.52,21215.25,21161.78,21181.27,8609,177,0
2024-12-03 12:00:00+00:00,21181.49,21209.74,21110.33,21182.64,24951,174,0
2024-12-03 16:00:00+00:00,21183.12,21237.53,21165.9,21229.64,19225,172,0
2024-12-03 20:00:00+00:00,21228.98,21312.85,21213.83,21309.91,8900,173,0
2024-12-04 00:00:00+00:00,21310.15,21321.35,21293.18,21317.58,6600,175,0
2024-12-04 04:00:00+00:00,21317.46,21344.96,21314.72,21325.14,5883,178,0
2024-12-04 08:00:00+00:00,21325.58,21402.39,21322.46,21392.7,9404,180,0
2024-12-04 12:00:00+00:00,21392.67,21467.38,21364.97,21458.99,22983,175,0
2024-12-04 16:00:00+00:00,21459.45,21494.61,21416.03,21488.39,17658,174,0
2024-12-04 20:00:00+00:00,21488.3,21524.34,21483.2,21488.91,7775,173,0
2024-12-05 00:00:00+00:00,21488.61,21498.88,21473.99,21493.91,5680,178,0
2024-12-05 04:00:00+00:00,21493.9,21497.85,21471.05,21473.03,4976,179,0
2024-12-05 08:00:00+00:00,21472.59,21502.06,21467.73,21497.29,7401,181,0
2024-12-05 12:00:00+00:00,21497.93,21530.44,21468.18,21482.33,19120,175,0
2024-12-05 16:00:00+00:00,21482.5,21546.29,21456.35,21476.19,19417,174,0
2024-12-05 20:00:00+00:00,21475.67,21492.58,21407.57,21438.07,10198,173,0
2024-12-06 00:00:00+00:00,21438.56,21464.34,21425.69,21447.91,6584,178,0
2024-12-06 04:00:00+00:00,21447.45,21469.07,21442.17,21459.41,4725,178,0
2024-12-06 08:00:00+00:00,21458.95,21477.78,21427.32,21444.04,7831,180,0
2024-12-06 12:00:00+00:00,21443.57,21626.16,21429.34,21601.43,23165,176,0
2024-12-06 16:00:00+00:00,21601.84,21650.05,21556.42,21617.59,20526,175,0
2024-12-06 20:00:00+00:00,21617.09,21644.76,21608.12,21636.73,4136,174,0
2024-12-08 20:00:00+00:00,21624.71,21657.51,21613.92,21645.64,1751,561,0
2024-12-09 00:00:00+00:00,21645.2,21649.46,21615.39,21631.51,6245,544,0
2024-12-09 04:00:00+00:00,21631.27,21692.92,21623.28,21686.83,6153,104,0
2024-12-09 08:00:00+00:00,21687.55,21696.48,21578.33,21607.2,15783,185,0
2024-12-09 12:00:00+00:00,21607.48,21640.62,21496.05,21499.82,38563,179,0
2024-12-09 16:00:00+00:00,21500.23,21541.48,21429.51,21468.31,39439,176,0
2024-12-09 20:00:00+00:00,21468.06,21481.5,21433.67,21460.08,14468,176,0
2024-12-10 00:00:00+00:00,21459.7,21479.29,21455.83,21467.95,7191,177,0
2024-12-10 04:00:00+00:00,21468.01,21471.35,21447.3,21453.24,5586,178,0
2024-12-10 08:00:00+00:00,21453.27,21512.25,21443.37,21505.36,9163,181,0
2024-12-10 12:00:00+00:00,21505.71,21600.03,21486.91,21500.24,33437,178,0
2024-12-10 16:00:00+00:00,21500.5,21510.45,21395.52,21406.11,35646,174,0
2024-12-10 20:00:00+00:00,21405.82,21439.85,21349.3,21427.19,13951,175,0
2024-12-11 00:00:00+00:00,21426.95,21436.43,21407.71,21425.46,6700,177,0
2024-12-11 04:00:00+00:00,21425.51,21448.95,21404.62,21418.97,6611,179,0
2024-12-11 08:00:00+00:00,21419.14,21458.16,21416.69,21441.05,9919,181,0
2024-12-11 12:00:00+00:00,21441.36,21733.6,21430.44,21694.05,38512,178,0
2024-12-11 16:00:00+00:00,21694.49,21808.99,21688.54,21798.41,27331,176,0
2024-12-11 20:00:00+00:00,21798.38,21818.41,21750.29,21764.38,11646,175,0
2024-12-12 00:00:00+00:00,21763.95,21767.09,21746.89,21764.07,6700,179,0
2024-12-12 04:00:00+00:00,21764.05,21775.84,21754.55,21759.28,4824,182,0
2024-12-12 08:00:00+00:00,21759.11,21776.72,21729.72,21731.48,10105,184,0
2024-12-12 12:00:00+00:00,21731.67,21741.84,21633.04,21729.22,42408,180,0
2024-12-12 16:00:00+00:00,21729.72,21752.81,21673.16,21692.55,33489,177,0
2024-12-12 20:00:00+00:00,21692.31,21760.39,21612.78,21753.31,20834,176,0
2024-12-13 00:00:00+00:00,21753.74,21777.07,21709.4,21713.91,10276,184,0
2024-12-13 04:00:00+00:00,21713.92,21759.11,21707.68,21745.57,7983,182,0
2024-12-13 08:00:00+00:00,21745.27,21818.38,21741.32,21802.2,11937,182,0
2024-12-13 12:00:00+00:00,21802.46,21921.52,21704.49,21706.29,49220,181,0
2024-12-13 16:00:00+00:00,21705.99,21847.91,21685.73,21833.11,50147,180,0
2024-12-13 20:00:00+00:00,21832.73,21860.01,21808.52,21834.15,7951,179,0
2024-12-15 20:00:00+00:00,21837.66,21852.4,21813.47,21840.24,2743,194,0
2024-12-16 00:00:00+00:00,21840.56,21873.51,21835.13,21857.29,8627,183,0
2024-12-16 04:00:00+00:00,21857.2,21867.52,21839.27,21857.51,6482,184,0
2024-12-16 08:00:00+00:00,21858.13,21926.89,21848.71,21923.77,12355,184,0
2024-12-16 12:00:00+00:00,21923.43,22081.82,21918.77,22050.03,47185,184,0
2024-12-16 16:00:00+00:00,22050.29,22200.04,22048.36,22182.86,32710,181,0
2024-12-16 20:00:00+00:00,22183.28,22211.57,22149.5,22167.89,14408,182,0
2024-12-17 00:00:00+00:00,22167.69,22197.19,22150.73,22187.78,7263,184,0
2024-12-17 04:00:00+00:00,22187.75,22197.63,22108.68,22112.74,7334,182,0
2024-12-17 08:00:00+00:00,22113.05,22199.68,22098.08,22164.08,16606,187,0
2024-12-17 12:00:00+00:00,22164.28,22173.48,22018.96,22083.88,63134,183,0
2024-12-17 16:00:00+00:00,22083.39,22160.56,22043.99,22057.64,44150,181,0
2024-12-17 20:00:00+00:00,22057.74,22106.37,21985.72,22053.19,17935,181,0
2024-12-18 00:00:00+00:00,22052.78,22108.47,22050.51,22087.93,8199,182,0
2024-12-18 04:00:00+00:00,22087.89,22126.78,22087.3,22108.69,7056,185,0
2024-12-18 08:00:00+00:00,22108.28,22162.43,22093.36,22150.38,12434,189,0
2024-12-18 12:00:00+00:00,22150.01,22167.12,21991.8,22097.78,40410,183,0
2024-12-18 16:00:00+00:00,22097.78,22118.94,21683.64,21691.37,73143,181,0
2024-12-18 20:00:00+00:00,21692.01,21715.83,21093.72,21257.93,105249,187,0
2024-12-19 00:00:00+00:00,21257.89,21336.89,21215.06,21268.9,22317,186,0
2024-12-19 04:00:00+00:00,21268.7,21353.8,21220.03,21348.44,19503,185,0
2024-12-19 08:00:00+00:00,21348.77,21401.09,21317.17,21361.45,25264,185,0
2024-12-19 12:00:00+00:00,21361.67,21484.49,21253.67,21336.91,112259,183,0
2024-12-19 16:00:00+00:00,21336.25,21415.65,21218.82,21249.08,105566,179,0
2024-12-19 20:00:00+00:00,21249.5,21317.74,21132.48,21161.68,45948,180,0
2024-12-20 00:00:00+00:00,21162.13,21175.63,20991.76,21007.56,27227,183,0
2024-12-20 04:00:00+00:00,21007.65,21088.86,21007.46,21067.73,16328,182,0
2024-12-20 08:00:00+00:00,21067.25,21078.18,20862.84,20878.65,38034,181,0
2024-12-20 12:00:00+00:00,20879.07,21342.41,20798.36,21303.88,113370,180,0
2024-12-20 16:00:00+00:00,21304.15,21600.52,21295.13,21488.73,91081,181,0
2024-12-20 20:00:00+00:00,21488.94,21503.59,21308.16,21351.74,29868,179,0
2024-12-22 20:00:00+00:00,21387.04,21475.92,21385.15,21450.45,5925,196,0
2024-12-23 00:00:00+00:00,21450.96,21489.7,21388.96,21468.5,18544,187,0
2024-12-23 04:00:00+00:00,21468.29,21535.4,21467.77,21505.99,13860,186,0
2024-12-23 08:00:00+00:00,21506.61,21514.16,21367.03,21387.75,30075,188,0
2024-12-23 12:00:00+00:00,21387.75,21469.27,21271.33,21354.51,90473,183,0
2024-12-23 16:00:00+00:00,21354.1,21569.12,21348.83,21499.9,55346,180,0
2024-12-23 20:00:00+00:00,21500.34,21561.26,21459.39,21532.66,27477,182,0
2024-12-24 00:00:00+00:00,21532.99,21556.15,21505.7,21539.89,10747,185,0
2024-12-24 04:00:00+00:00,21539.82,21593.9,21523.5,21569.98,7153,186,0
2024-12-24 08:00:00+00:00,21570.17,21603.23,21535.29,21581.32,13301,190,0
2024-12-24 12:00:00+00:00,21581.83,21764.98,21575.38,21758.29,40943,181,0
2024-12-24 16:00:00+00:00,21758.04,21845.69,21738.69,21842.75,24177,180,0
2024-12-25 20:00:00+00:00,21863.21,21884.89,21849.87,21861.04,3610,179,0
2024-12-26 00:00:00+00:00,21860.62,21911.91,21845.4,21911.69,6727,187,0
2024-12-26 04:00:00+00:00,21911.73,21911.78,21866.74,21879.93,6302,188,0
2024-12-26 08:00:00+00:00,21879.48,21879.48,21694.93,21761.84,23537,192,0
2024-12-26 12:00:00+00:00,21761.39,21811.17,21671.48,21807.42,54545,182,0
2024-12-26 16:00:00+00:00,21807.23,21875.72,21773.96,21845.0,41787,180,0
2024-12-26 20:00:00+00:00,21845.18,21861.19,21778.68,21808.22,16302,181,0
2024-12-27 00:00:00+00:00,21808.68,21810.55,21746.02,21755.74,9329,186,0
2024-12-27 04:00:00+00:00,21755.73,21768.8,21722.39,21730.0,7242,186,0
2024-12-27 08:00:00+00:00,21730.45,21741.74,21701.8,21737.25,14494,185,0
2024-12-27 12:00:00+00:00,21737.28,21758.35,21312.05,21398.26,94767,180,0
2024-12-27 16:00:00+00:00,21398.71,21519.73,21301.35,21509.32,80904,176,0
2024-12-27 20:00:00+00:00,21509.08,21516.62,21410.72,21505.6,21642,180,0
2024-12-29 20:00:00+00:00,21527.66,21554.4,21483.65,21514.85,4593,194,0
2024-12-30 00:00:00+00:00,21514.9,21533.95,21486.99,21492.45,11224,186,0
2024-12-30 04:00:00+00:00,21492.54,21507.71,21426.19,21445.74,11803,189,0
2024-12-30 08:00:00+00:00,21444.46,21486.13,21433.24,21459.78,16017,185,0
2024-12-30 12:00:00+00:00,21460.03,21466.02,21070.12,21186.34,113629,182,0
2024-12-30 16:00:00+00:00,21186.58,21381.08,21154.43,21344.33,72748,181,0
2024-12-30 20:00:00+00:00,21343.89,21358.77,21160.77,21207.86,31844,181,0
2024-12-31 00:00:00+00:00,21207.91,21271.95,21182.14,21225.05,10737,186,0
2024-12-31 04:00:00+00:00,21225.2,21234.46,21187.39,21211.37,11653,190,0
2024-12-31 08:00:00+00:00,21211.72,21335.59,21176.95,21317.47,18436,189,0
2024-12-31 12:00:00+00:00,21317.86,21341.13,21151.41,21196.34,81725,181,0
2024-12-31 16:00:00+00:00,21195.96,21200.35,20999.2,21085.65,87400,179,0
2024-12-31 20:00:00+00:00,21085.18,21132.96,21007.86,21052.2,38458,179,0
2025-01-01 20:00:00+00:00,21084.43,21140.97,21065.91,21088.67,4860,196,0
2025-01-02 00:00:00+00:00,21088.31,21160.57,20944.89,21128.07,23667,185,0
2025-01-02 04:00:00+00:00,21127.76,21219.21,21108.98,21178.94,14228,184,0
2025-01-02 08:00:00+00:00,21178.78,21289.83,21139.78,21287.68,33069,186,0
2025-01-02 12:00:00+00:00,21287.5,21310.72,20989.24,21097.94,134419,183,0
2025-01-02 16:00:00+00:00,21098.39,21177.96,20806.72,20884.95,154786,180,0
2025-01-02 20:00:00+00:00,20884.39,21024.39,20884.01,20984.92,39927,178,0
2025-01-03 00:00:00+00:00,20984.65,21081.27,20975.14,21069.66,13707,183,0
2025-01-03 04:00:00+00:00,21069.98,21077.82,21028.98,21066.36,11277,182,0
2025-01-03 08:00:00+00:00,21066.94,21108.85,21034.43,21068.43,19950,182,0
2025-01-03 12:00:00+00:00,21051.67,21259.76,21042.1,21195.48,80236,180,0
2025-01-03 16:00:00+00:00,21195.97,21379.53,21157.16,21354.95,51678,175,0
2025-01-03 20:00:00+00:00,21355.39,21355.39,21295.97,21330.91,11994,177,0
2025-01-05 20:00:00+00:00,21363.03,21370.25,21329.2,21351.61,4076,190,0
2025-01-06 00:00:00+00:00,21352.02,21362.24,21309.08,21336.59,12781,181,0
2025-01-06 04:00:00+00:00,21336.53,21404.52,21332.56,21393.05,8393,181,0
2025-01-06 08:00:00+00:00,21393.68,21571.15,21391.61,21557.11,22189,185,0
2025-01-06 12:00:00+00:00,21557.16,21719.9,21468.95,21697.38,79319,183,0
2025-01-06 16:00:00+00:00,21697.78,21724.27,21486.13,21488.88,63527,180,0
2025-01-06 20:00:00+00:00,21488.43,21626.73,21476.69,21601.73,25011,180,0
2025-01-07 00:00:00+00:00,21601.91,21616.36,21546.61,21578.37,11776,184,0
2025-01-07 04:00:00+00:00,21578.36,21578.61,21491.69,21559.69,14286,186,0
2025-01-07 08:00:00+00:00,21560.13,21605.33,21536.75,21567.18,20191,186,0
2025-01-07 12:00:00+00:00,21567.4,21636.96,21235.09,21382.08,108928,183,0
2025-01-07 16:00:00+00:00,21382.43,21406.26,21223.59,21253.16,95569,179,0
2025-01-07 20:00:00+00:00,21253.43,21259.17,21117.13,21227.35,33447,176,0
2025-01-08 00:00:00+00:00,21227.62,21272.83,21223.12,21241.04,11658,182,0
2025-01-08 04:00:00+00:00,21241.29,21270.87,21197.36,21226.43,11742,182,0
2025-01-08 08:00:00+00:00,21225.84,21284.1,21121.15,21201.45,27002,183,0
2025-01-08 12:00:00+00:00,21201.89,21241.81,21058.55,21194.16,144076,182,0
2025-01-08 16:00:00+00:00,21193.76,21266.9,21001.95,21173.76,107348,180,0
2025-01-08 20:00:00+00:00,21173.55,21225.41,21138.38,21153.29,30719,176,0
2025-01-09 00:00:00+00:00,21153.06,21184.93,21109.41,21148.41,13096,183,0
2025-01-09 04:00:00+00:00,21148.44,21166.95,21079.38,21087.17,12124,182,0
2025-01-09 08:00:00+00:00,21087.06,21172.43,21055.82,21138.46,22518,184,0
2025-01-09 12:00:00+00:00,21138.71,21171.81,21103.22,21139.51,14226,183,0
2025-01-09 20:00:00+00:00,21137.38,21148.1,21052.17,21077.92,6128,191,0
2025-01-10 00:00:00+00:00,21078.21,21153.65,21020.18,21141.51,15942,182,0
2025-01-10 04:00:00+00:00,21141.24,21168.12,21074.2,21110.43,13806,183,0
2025-01-10 08:00:00+00:00,21109.99,21212.14,21088.72,21156.1,20494,185,0
2025-01-10 12:00:00+00:00,21156.34,21163.63,20719.0,20832.5,141342,180,0
2025-01-10 16:00:00+00:00,20831.89,21016.51,20731.16,20927.01,109063,178,0
2025-01-10 20:00:00+00:00,20927.02,20939.64,20822.86,20856.62,28852,175,0
2025-01-12 20:00:00+00:00,20856.31,20877.44,20793.48,20849.75,6193,195,0
2025-01-13 00:00:00+00:00,20849.29,20886.73,20709.33,20731.37,20396,183,0
2025-01-13 04:00:00+00:00,20731.27,20778.77,20715.11,20733.39,15327,182,0
2025-01-13 08:00:00+00:00,20732.91,20762.86,20545.9,20616.81,36165,179,0
2025-01-13 12:00:00+00:00,20616.63,20731.53,20554.67,20650.34,116599,177,0
2025-01-13 16:00:00+00:00,20649.88,20780.55,20571.35,20760.1,92735,176,0
2025-01-13 20:00:00+00:00,20759.85,20944.23,20728.86,20902.13,29876,175,0
2025-01-14 00:00:00+00:00,20902.39,20911.49,20853.34,20874.12,14657,180,0
2025-01-14 04:00:00+00:00,20874.34,20923.29,20869.44,20913.77,12427,181,0
2025-01-14 08:00:00+00:00,20913.94,20997.89,20888.56,20895.21,22376,181,0
2025-01-14 12:00:00+00:00,20895.48,20992.85,20792.25,20792.54,112907,179,0
2025-01-14 16:00:00+00:00,20792.99,20865.84,20646.84,20713.83,84975,175,0
2025-01-14 20:00:00+00:00,20714.24,20847.2,20628.09,20804.64,46747,177,0
2025-01-15 00:00:00+00:00,20804.62,20819.52,20788.23,20792.31,8122,177,0
2025-01-15 04:00:00+00:00,20791.91,20815.4,20783.46,20791.06,7010,177,0
2025-01-15 08:00:00+00:00,20791.34,20870.82,20765.86,20853.61,15482,179,0
2025-01-15 12:00:00+00:00,20853.34,21261.09,20834.12,21171.88,86294,178,0
2025-01-15 16:00:00+00:00,21171.63,21289.63,21101.88,21273.85,55781,174,0
2025-01-15 20:00:00+00:00,21273.85,21307.11,21224.4,21271.24,16434,175,0
2025-01-16 00:00:00+00:00,21270.9,21303.63,21240.51,21248.56,11696,182,0
2025-01-16 04:00:00+00:00,21248.14,21415.26,21210.09,21411.74,16769,183,0
2025-01-16 08:00:00+00:00,21411.36,21422.23,21301.57,21363.68,27805,184,0
2025-01-16 12:00:00+00:00,21363.92,21366.47,21191.71,21279.76,89698,177,0
2025-01-16 16:00:00+00:00,21279.49,21329.36,21117.03,21228.94,74100,176,0
2025-01-16 20:00:00+00:00,21228.53,21249.95,21026.57,21091.44,27323,175,0
2025-01-17 00:00:00+00:00,21091.21,21139.89,21083.78,21137.67,10602,180,0
2025-01-17 04:00:00+00:00,21137.24,21165.71,21108.93,21132.27,11707,181,0
2025-01-17 08:00:00+00:00,21132.69,21218.67,21128.71,21185.47,18244,182,0
2025-01-17 12:00:00+00:00,21185.1,21534.82,21163.52,21449.27,92494,181,0
2025-01-17 16:00:00+00:00,21449.0,21526.44,21414.74,21476.4,40595,177,0
2025-01-17 20:00:00+00:00,21475.87,21492.17,21434.12,21452.88,14303,178,0
2025-01-19 20:00:00+00:00,21462.06,21479.39,21389.74,21408.1,6204,194,0
2025-01-20 00:00:00+00:00,21408.65,21439.37,21396.55,21423.47,13708,184,0
2025-01-20 04:00:00+00:00,21423.24,21495.07,21416.48,21485.71,7889,179,0
2025-01-20 08:00:00+00:00,21485.46,21501.95,21453.23,21486.95,14886,185,0
2025-01-20 12:00:00+00:00,21487.41,21640.61,21402.54,21545.73,41751,184,0
2025-01-20 16:00:00+00:00,21546.28,21593.41,21487.19,21544.71,19657,185,0
2025-01-20 20:00:00+00:00,21572.68,21605.56,21539.87,21599.47,5562,196,0
2025-01-21 00:00:00+00:00,21599.77,21613.76,21245.62,21488.65,34497,185,0
2025-01-21 04:00:00+00:00,21489.04,21509.04,21442.79,21501.33,13633,190,0
2025-01-21 08:00:00+00:00,21500.87,21596.34,21472.79,21540.63,21107,186,0
2025-01-21 12:00:00+00:00,21539.88,21603.06,21394.17,21501.86,89311,181,0
2025-01-21 16:00:00+00:00,21501.45,21638.65,21460.94,21590.39,45082,176,0
2025-01-21 20:00:00+00:00,21590.4,21692.33,21563.2,21681.93,21162,177,0
2025-01-22 00:00:00+00:00,21682.17,21729.37,21676.84,21728.19,11118,183,0
2025-01-22 04:00:00+00:00,21728.11,21747.66,21710.78,21726.71,8101,182,0
2025-01-22 08:00:00+00:00,21726.3,21779.3,21722.06,21758.56,15011,184,0
2025-01-22 12:00:00+00:00,21758.85,21913.18,21752.41,21866.09,50065,179,0
2025-01-22 16:00:00+00:00,21865.79,21963.98,21860.59,21911.05,30072,178,0
2025-01-22 20:00:00+00:00,21911.09,21912.06,21832.17,21838.23,15596,179,0
2025-01-23 00:00:00+00:00,21838.6,21844.4,21799.93,21825.43,9602,184,0
2025-01-23 04:00:00+00:00,21825.18,21842.22,21788.27,21794.17,8678,180,0
2025-01-23 08:00:00+00:00,21793.91,21798.84,21729.21,21771.18,16737,185,0
2025-01-23 12:00:00+00:00,21771.58,21814.39,21739.66,21804.5,40429,179,0
2025-01-23 16:00:00+00:00,21804.89,21857.38,21770.52,21827.19,34636,178,0
2025-01-23 20:00:00+00:00,21827.18,21922.5,21817.52,21885.71,15326,179,0
2025-01-24 00:00:00+00:00,21885.74,21933.43,21866.4,21877.99,13029,184,0
2025-01-24 04:00:00+00:00,21877.85,21890.17,21847.17,21860.91,10672,180,0
2025-01-24 08:00:00+00:00,21860.55,21896.9,21850.98,21885.48,14081,184,0
2025-01-24 12:00:00+00:00,21885.22,21952.89,21853.52,21861.25,43500,180,0
2025-01-24 16:00:00+00:00,21861.68,21910.7,21718.5,21743.85,40135,177,0
2025-01-24 20:00:00+00:00,21743.4,21794.59,21733.18,21781.93,10987,178,0
2025-01-26 20:00:00+00:00,21636.32,21641.56,21516.02,21550.24,10715,188,0
2025-01-27 00:00:00+00:00,21550.05,21557.05,21373.55,21409.99,28626,184,0
2025-01-27 04:00:00+00:00,21410.45,21417.45,21169.84,21170.83,34079,184,0
2025-01-27 08:00:00+00:00,21170.39,21198.29,20652.31,20886.34,92143,182,0
2025-01-27 12:00:00+00:00,20885.96,21304.69,20884.68,21199.36,149667,181,0
2025-01-27 16:00:00+00:00,21199.09,21213.26,20985.27,21021.59,138753,177,0
2025-01-27 20:00:00+00:00,21021.81,21245.43,21016.34,21217.46,54214,178,0
2025-01-28 00:00:00+00:00,21217.32,21230.5,21108.87,21180.28,22247,188,0
2025-01-28 04:00:00+00:00,21180.2,21239.99,21138.95,21228.04,16845,185,0
2025-01-28 08:00:00+00:00,21229.81,21312.74,21179.55,21230.86,28461,184,0
2025-01-28 12:00:00+00:00,21231.5,21371.07,21052.02,21344.28,94887,178,0
2025-01-28 16:00:00+00:00,21344.51,21513.16,21276.85,21502.8,64155,176,0
2025-01-28 20:00:00+00:00,21502.68,21508.95,21422.26,21436.39,18639,174,0
2025-01-29 00:00:00+00:00,21436.84,21477.36,21427.16,21475.28,9383,185,0
2025-01-29 04:00:00+00:00,21474.96,21576.01,21469.45,21560.17,13049,185,0
2025-01-29 08:00:00+00:00,21559.97,21587.81,21518.21,21571.74,20533,185,0
2025-01-29 12:00:00+00:00,21572.12,21572.65,21344.26,21393.2,72409,177,0
2025-01-29 16:00:00+00:00,21393.61,21465.66,21257.33,21426.27,106412,176,0
2025-01-29 20:00:00+00:00,21425.53,21499.1,21279.36,21429.74,78813,182,0
2025-01-30 00:00:00+00:00,21429.9,21570.32,21418.02,21566.16,11975,184,0
2025-01-30 04:00:00+00:00,21566.19,21572.53,21516.32,21555.12,8664,182,0
2025-01-30 08:00:00+00:00,21554.68,21603.51,21501.7,21533.62,18592,183,0
2025-01-30 12:00:00+00:00,21533.79,21641.95,21357.28,21357.78,91492,179,0
2025-01-30 16:00:00+00:00,21358.19,21556.98,21315.79,21555.5,74056,177,0
2025-01-30 20:00:00+00:00,21555.3,21619.4,21419.72,21592.73,55861,178,0
2025-01-31 00:00:00+00:00,21593.27,21681.69,21570.32,21633.38,14435,187,0
2025-01-31 04:00:00+00:00,21633.65,21701.45,21617.45,21683.9,10166,186,0
2025-01-31 08:00:00+00:00,21683.43,21704.5,21637.73,21698.95,15542,188,0
2025-01-31 12:00:00+00:00,21698.54,21851.19,21645.06,21831.28,54270,180,0
2025-01-31 16:00:00+00:00,21830.98,21859.64,21479.48,21555.98,102041,179,0
2025-01-31 20:00:00+00:00,21556.14,21556.14,21430.95,21473.26,45515,183,0
2025-02-02 20:00:00+00:00,20869.47,21043.43,20869.47,21019.55,21860,197,0
2025-02-03 00:00:00+00:00,21018.96,21060.33,20881.8,20940.27,39014,188,0
2025-02-03 04:00:00+00:00,20940.39,21057.34,20888.14,21022.38,23594,183,0
2025-02-03 08:00:00+00:00,21024.43,21176.38,21023.21,21129.17,34258,185,0
2025-02-03 12:00:00+00:00,21129.76,21354.89,21019.37,21323.59,143244,180,0
2025-02-03 16:00:00+00:00,21322.73,21422.72,21243.98,21389.36,122910,180,0
2025-02-03 20:00:00+00:00,21389.53,21502.55,21291.96,21477.58,36135,179,0
2025-02-04 00:00:00+00:00,21477.37,21482.53,21333.78,21356.23,17168,185,0
2025-02-04 04:00:00+00:00,21356.08,21381.28,21149.3,21311.06,27850,186,0
2025-02-04 08:00:00+00:00,21311.5,21331.78,21218.83,21306.51,27942,190,0
2025-02-04 12:00:00+00:00,21306.3,21584.21,21306.3,21538.53,68578,182,0
2025-02-04 16:00:00+00:00,21538.78,21598.3,21456.32,21543.92,49792,177,0
2025-02-04 20:00:00+00:00,21544.41,21596.91,21458.51,21475.63,28310,178,0
2025-02-05 00:00:00+00:00,21475.9,21532.14,21446.98,21451.79,16000,182,0
2025-02-05 04:00:00+00:00,21451.51,21475.72,21391.78,21425.26,14813,184,0
2025-02-05 08:00:00+00:00,21425.26,21448.68,21339.05,21402.71,24970,184,0
2025-02-05 12:00:00+00:00,21403.16,21517.89,21380.33,21500.54,66670,180,0
2025-02-05 16:00:00+00:00,21499.95,21650.69,21471.82,21618.49,41290,178,0
2025-02-05 20:00:00+00:00,21618.05,21703.73,21598.61,21684.47,17469,178,0
2025-02-06 00:00:00+00:00,21684.21,21708.88,21670.29,21691.99,10640,182,0
2025-02-06 04:00:00+00:00,21691.74,21743.87,21689.53,21699.39,9490,182,0
2025-02-06 08:00:00+00:00,21698.97,21741.48,21628.47,21636.94,18717,186,0
2025-02-06 12:00:00+00:00,21636.73,21760.17,21618.19,21683.12,49479,179,0
2025-02-06 16:00:00+00:00,21683.42,21753.18,21624.56,21659.79,41049,179,0
2025-02-06 20:00:00+00:00,21659.48,21793.75,21648.24,21767.28,27903,179,0
2025-02-07 00:00:00+00:00,21766.86,21812.49,21757.27,21783.8,8723,182,0
2025-02-07 04:00:00+00:00,21784.07,21788.02,21738.3,21775.1,8787,181,0
2025-02-07 08:00:00+00:00,21775.66,21795.49,21747.78,21786.42,13889,185,0
2025-02-07 12:00:00+00:00,21786.13,21881.77,21530.81,21634.66,94396,182,0
2025-02-07 16:00:00+00:00,21634.29,21672.01,21479.27,21520.73,114129,182,0
2025-02-07 20:00:00+00:00,21520.23,21532.05,21467.23,21499.19,15649,181,0
2025-02-09 20:00:00+00:00,21352.77,21574.12,21334.72,21562.99,8914,193,0
2025-02-10 00:00:00+00:00,21563.17,21617.5,21560.28,21608.05,14480,184,0
2025-02-10 04:00:00+00:00,21607.76,21649.02,21599.95,21608.78,9611,183,0
2025-02-10 08:00:00+00:00,21608.33,21669.94,21601.22,21660.39,13943,185,0
2025-02-10 12:00:00+00:00,21660.24,21811.45,21640.41,21782.99,39670,180,0
2025-02-10 16:00:00+00:00,21783.22,21803.95,21735.08,21780.24,30027,178,0
2025-02-10 20:00:00+00:00,21780.49,21792.74,21694.82,21715.88,15468,178,0
2025-02-11 00:00:00+00:00,21715.69,21735.49,21670.85,21698.54,11058,185,0
2025-02-11 04:00:00+00:00,21698.54,21717.39,21649.65,21650.27,8941,184,0
2025-02-11 08:00:00+00:00,21650.54,21708.0,21639.57,21683.48,15790,185,0
2025-02-11 12:00:00+00:00,21683.81,21790.83,21589.84,21761.91,44146,181,0
2025-02-11 16:00:00+00:00,21761.64,21769.51,21636.12,21746.59,38884,180,0
2025-02-11 20:00:00+00:00,21746.6,21760.34,21686.14,21734.37,15267,179,0
2025-02-12 00:00:00+00:00,21734.41,21754.01,21710.18,21712.63,9659,182,0
2025-02-12 04:00:00+00:00,21712.4,21725.11,21689.65,21724.07,7214,183,0
2025-02-12 08:00:00+00:00,21724.37,21736.82,21659.33,21713.84,14233,185,0
2025-02-12 12:00:00+00:00,21713.7,21771.36,21435.29,21652.11,80414,180,0
2025-02-12 16:00:00+00:00,21651.72,21763.09,21570.13,21753.13,49818,179,0
2025-02-12 20:00:00+00:00,21752.79,21824.26,21700.94,21814.72,16986,179,0
2025-02-13 00:00:00+00:00,21814.48,21840.48,21799.17,21833.2,10010,185,0
2025-02-13 04:00:00+00:00,21833.39,21852.87,21767.96,21781.35,10973,186,0
2025-02-13 08:00:00+00:00,21781.71,21787.29,21680.01,21751.2,24533,186,0
2025-02-13 12:00:00+00:00,21750.91,21983.87,21714.08,21964.43,60299,182,0
2025-02-13 16:00:00+00:00,21964.18,22002.07,21817.53,21984.35,53826,180,0
2025-02-13 20:00:00+00:00,21983.94,22050.38,21979.68,22010.98,14892,179,0
2025-02-14 00:00:00+00:00,22011.44,22073.49,22001.86,22068.32,10011,185,0
2025-02-14 04:00:00+00:00,22068.32,22088.21,22039.87,22073.04,8127,185,0
2025-02-14 08:00:00+00:00,22072.55,22074.73,21969.38,21989.23,16277,188,0
2025-02-14 12:00:00+00:00,21988.91,22098.01,21983.28,22091.27,36305,180,0
2025-02-14 16:00:00+00:00,22091.96,22131.03,22017.94,22104.44,30449,180,0
2025-02-14 20:00:00+00:00,22104.19,22148.65,22085.19,22120.98,7731,180,0
2025-02-16 20:00:00+00:00,22164.03,22164.65,22130.66,22145.41,4126,192,0
2025-02-17 00:00:00+00:00,22145.42,22205.96,22134.49,22196.97,9260,185,0
2025-02-17 04:00:00+00:00,22197.02,22215.22,22170.28,22174.7,6666,186,0
2025-02-17 08:00:00+00:00,22174.92,22203.36,22160.09,22176.86,8191,187,0
2025-02-17 12:00:00+00:00,22177.18,22192.51,22126.09,22171.49,11860,185,0
2025-02-17 16:00:00+00:00,22171.66,22185.26,22156.76,22168.24,4533,186,0
2025-02-17 20:00:00+00:00,22159.4,22170.71,22135.06,22156.93,3173,188,0
2025-02-18 00:00:00+00:00,22156.54,22202.99,22149.46,22201.72,8142,183,0
2025-02-18 04:00:00+00:00,22201.84,22252.89,22185.62,22250.71,7620,183,0
2025-02-18 08:00:00+00:00,22250.92,22255.67,22199.63,22213.39,13221,188,0
2025-02-18 12:00:00+00:00,22213.06,22254.46,22060.79,22122.58,47727,183,0
2025-02-18 16:00:00+00:00,22122.53,22150.9,22038.81,22113.83,35979,181,0
2025-02-18 20:00:00+00:00,22114.0,22189.92,22096.29,22188.46,14819,180,0
2025-02-19 00:00:00+00:00,22188.33,22229.2,22184.29,22224.0,8274,186,0
2025-02-19 04:00:00+00:00,22224.06,22225.25,22185.28,22189.07,7005,185,0
2025-02-19 08:00:00+00:00,22188.6,22213.55,22134.0,22151.06,13104,186,0
2025-02-19 12:00:00+00:00,22151.28,22193.48,22057.13,22099.45,42949,182,0
2025-02-19 16:00:00+00:00,22099.8,22237.51,22098.64,22233.59,30482,180,0
2025-02-19 20:00:00+00:00,22233.34,22233.34,22144.1,22154.87,20821,182,0
2025-02-20 00:00:00+00:00,22154.69,22166.32,22094.73,22117.48,11445,186,0
2025-02-20 04:00:00+00:00,22117.22,22120.09,22077.94,22086.65,9356,185,0
2025-02-20 08:00:00+00:00,22086.89,22156.59,22085.96,22123.17,11639,184,0
2025-02-20 12:00:00+00:00,22122.7,22163.37,21889.87,21928.35,63327,183,0
2025-02-20 16:00:00+00:00,21927.89,22066.04,21922.1,22055.66,48424,181,0
2025-02-20 20:00:00+00:00,22055.57,22113.98,22023.38,22102.11,18148,180,0
2025-02-21 00:00:00+00:00,22102.05,22109.28,22068.01,22078.63,9392,185,0
2025-02-21 04:00:00+00:00,22078.81,22099.69,22052.39,22076.85,7354,186,0
2025-02-21 08:00:00+00:00,22077.29,22117.64,22044.89,22104.27,13238,184,0
2025-02-21 12:00:00+00:00,22104.03,22186.27,21883.17,21948.81,63791,185,0
2025-02-21 16:00:00+00:00,21948.37,21970.3,21608.38,21628.32,86893,182,0
2025-02-21 20:00:00+00:00,21627.74,21660.65,21604.47,21626.98,20517,181,0
2025-02-23 20:00:00+00:00,21654.65,21721.81,21625.62,21705.24,6697,186,0
2025-02-24 00:00:00+00:00,21705.51,21740.12,21680.91,21735.17,14983,182,0
2025-02-24 04:00:00+00:00,21735.57,21748.86,21679.96,21704.64,11492,184,0
2025-02-24 08:00:00+00:00,21704.89,21759.96,21648.94,21725.23,21605,185,0
2025-02-24 12:00:00+00:00,21724.99,21751.39,21383.73,21439.56,92513,181,0
2025-02-24 16:00:00+00:00,21439.15,21607.13,21424.66,21501.5,74455,179,0
2025-02-24 20:00:00+00:00,21501.76,21517.27,21320.4,21338.68,33263,178,0
2025-02-25 00:00:00+00:00,21339.23,21405.43,21338.95,21382.88,16562,183,0
2025-02-25 04:00:00+00:00,21382.67,21398.6,21262.09,21269.25,15481,181,0
2025-02-25 08:00:00+00:00,21269.43,21356.29,21240.59,21324.1,35348,184,0
2025-02-25 12:00:00+00:00,21324.6,21403.6,20981.52,21055.42,126144,178,0
2025-02-25 16:00:00+00:00,21055.73,21232.29,20944.81,21152.99,122187,178,0
2025-02-25 20:00:00+00:00,21153.35,21213.37,21072.28,21177.11,47111,178,0
2025-02-26 00:00:00+00:00,21176.5,21218.85,21153.97,21190.98,12166,182,0
2025-02-26 04:00:00+00:00,21191.15,21256.16,21184.59,21246.19,9170,180,0
2025-02-26 08:00:00+00:00,21246.56,21279.8,21216.2,21240.22,16651,181,0
2025-02-26 12:00:00+00:00,21240.04,21323.28,21142.06,21303.03,87271,180,0
2025-02-26 16:00:00+00:00,21303.59,21360.43,21022.54,21049.78,115218,177,0
2025-02-26 20:00:00+00:00,21049.99,21279.94,21034.56,21169.02,56611,176,0
2025-02-27 00:00:00+00:00,21168.74,21184.63,21064.44,21118.64,24340,183,0
2025-02-27 04:00:00+00:00,21119.12,21281.25,21104.36,21238.15,17946,183,0
2025-02-27 08:00:00+00:00,21238.12,21300.9,21206.67,21300.01,24344,182,0
2025-02-27 12:00:00+00:00,21300.16,21341.15,20854.21,20977.77,153864,181,0
2025-02-27 16:00:00+00:00,20978.22,21116.26,20751.52,20791.09,141283,177,0
2025-02-27 20:00:00+00:00,20791.34,20796.78,20545.66,20630.8,72238,174,0
2025-02-28 00:00:00+00:00,20630.72,20645.3,20474.15,20518.44,33584,179,0
2025-02-28 04:00:00+00:00,20517.95,20602.88,20504.56,20581.61,21977,180,0
2025-02-28 08:00:00+00:00,20582.01,20639.2,20567.26,20618.07,24554,176,0
2025-02-28 12:00:00+00:00,20618.4,20732.72,20421.07,20714.3,171397,177,0
2025-02-28 16:00:00+00:00,20714.74,20729.95,20441.24,20668.84,164327,175,0
2025-02-28 20:00:00+00:00,20668.61,20900.9,20643.14,20872.35,44007,176,0
2025-03-02 20:00:00+00:00,20945.31,21001.03,20914.97,20933.64,12039,182,0
2025-03-03 00:00:00+00:00,20933.86,20936.08,20804.84,20888.67,32796,181,0
2025-03-03 04:00:00+00:00,20888.52,20986.41,20885.76,20925.98,20428,180,0
2025-03-03 08:00:00+00:00,20925.74,21010.64,20852.8,21006.93,33113,179,0
2025-03-03 12:00:00+00:00,21006.75,21086.26,20734.23,20829.68,149567,178,0
2025-03-03 16:00:00+00:00,20830.05,20956.57,20569.12,20572.37,175903,176,0
2025-03-03 20:00:00+00:00,20572.59,20573.95,20291.67,20493.11,105325,175,0
2025-03-04 00:00:00+00:00,20492.62,20547.82,20444.83,20518.55,33075,181,0
2025-03-04 04:00:00+00:00,20518.78,20569.03,20455.65,20468.61,30390,182,0
2025-03-04 08:00:00+00:00,20468.26,20546.78,20419.14,20454.4,49016,178,0
2025-03-04 12:00:00+00:00,20454.13,20454.13,20053.89,20174.38,239827,176,0
2025-03-04 16:00:00+00:00,20174.12,20609.04,20086.15,20596.46,237976,176,0
2025-03-04 20:00:00+00:00,20596.18,20708.52,20300.43,20557.51,102256,176,0
2025-03-05 00:00:00+00:00,20557.1,20567.29,20418.56,20526.55,40616,179,0
2025-03-05 04:00:00+00:00,20526.32,20555.07,20483.79,20519.07,22632,180,0
2025-03-05 08:00:00+00:00,20519.34,20606.84,20419.5,20469.75,42919,179,0
2025-03-05 12:00:00+00:00,20469.38,20502.52,20247.88,20369.16,186933,178,0
2025-03-05 16:00:00+00:00,20368.87,20684.37,20194.13,20625.17,212273,175,0
2025-03-05 20:00:00+00:00,20624.89,20698.3,20554.36,20584.64,61361,177,0
2025-03-06 00:00:00+00:00,20584.5,20615.95,20561.31,20602.66,14245,179,0
2025-03-06 04:00:00+00:00,20602.28,20626.14,20511.09,20513.25,14946,178,0
2025-03-06 08:00:00+00:00,20512.53,20535.83,20331.09,20404.74,51501,178,0
2025-03-06 12:00:00+00:00,20405.0,20489.49,20205.65,20407.49,154534,175,0
2025-03-06 16:00:00+00:00,20407.08,20472.47,19980.06,20025.21,237514,172,0
2025-03-06 20:00:00+00:00,20024.97,20197.65,20001.0,20158.29,96254,172,0
2025-03-07 00:00:00+00:00,20158.18,20192.7,20115.04,20144.24,22948,175,0
2025-03-07 04:00:00+00:00,20143.84,20164.7,20088.55,20139.94,21201,177,0
2025-03-07 08:00:00+00:00,20140.99,20200.74,20118.04,20158.64,31778,176,0
2025-03-07 12:00:00+00:00,20158.27,20246.65,19866.95,19996.61,200789,174,0
2025-03-07 16:00:00+00:00,19996.33,20247.56,19744.72,20168.11,296277,169,0
2025-03-07 20:00:00+00:00,20167.67,20259.29,20072.14,20222.65,56236,174,0
2025-03-09 20:00:00+00:00,20102.2,20106.01,19912.89,20017.09,20844,179,0
2025-03-10 00:00:00+00:00,20016.95,20135.73,19990.24,20108.1,26317,178,0
2025-03-10 04:00:00+00:00,20107.85,20133.98,20059.58,20078.14,21004,179,0
2025-03-10 08:00:00+00:00,20078.61,20098.93,19911.14,19940.38,47006,176,0
2025-03-10 12:00:00+00:00,19940.75,19944.33,19509.04,19577.24,242581,171,0
2025-03-10 16:00:00+00:00,19576.89,19628.14,19263.62,19451.64,258994,168,0
2025-03-10 20:00:00+00:00,19453.63,19480.22,19223.09,19296.55,35543,173,0
2025-03-11 00:00:00+00:00,19296.95,19481.37,19134.97,19423.45,52773,176,0
2025-03-11 04:00:00+00:00,19423.0,19510.6,19396.41,19473.08,29128,178,0
2025-03-11 08:00:00+00:00,19473.45,19570.9,19460.92,19569.59,40100,173,0
2025-03-11 12:00:00+00:00,19569.24,19603.97,19260.59,19417.81,262654,172,0
2025-03-11 16:00:00+00:00,19417.46,19678.52,19195.97,19391.17,307358,167,0
2025-03-11 20:00:00+00:00,19386.07,19472.32,19363.32,19471.21,31460,167,0
2025-03-12 00:00:00+00:00,19471.82,19492.11,19427.86,19442.61,23345,171,0
2025-03-12 04:00:00+00:00,19442.84,19474.89,19379.71,19466.94,20963,171,0
2025-03-12 08:00:00+00:00,19467.45,19598.74,19434.49,19573.36,41155,172,0
2025-03-12 12:00:00+00:00,19573.76,19777.87,19391.01,19622.72,267668,169,0
2025-03-12 16:00:00+00:00,19622.95,19717.68,19524.33,19600.67,210465,167,0
2025-03-12 20:00:00+00:00,19598.99,19685.08,19552.56,19682.32,21045,167,0
2025-03-13 00:00:00+00:00,19681.86,19691.14,19509.05,19516.59,24347,173,0
2025-03-13 04:00:00+00:00,19516.13,19541.31,19396.68,19423.25,40797,176,0
2025-03-13 08:00:00+00:00,19423.0,19623.49,19400.23,19527.46,56502,172,0
2025-03-13 12:00:00+00:00,19527.22,19586.35,19269.77,19289.17,263502,166,0
2025-03-13 16:00:00+00:00,19289.43,19388.56,19164.96,19241.78,234149,163,0
2025-03-13 20:00:00+00:00,19243.4,19377.54,19236.62,19348.55,24756,166,0
2025-03-14 00:00:00+00:00,19348.82,19449.46,19325.61,19440.91,32409,170,0
2025-03-14 04:00:00+00:00,19440.63,19449.2,19362.63,19384.3,23539,171,0
2025-03-14 08:00:00+00:00,19384.36,19477.81,19367.37,19462.26,53557,169,0
2025-03-14 12:00:00+00:00,19462.59,19692.22,19430.53,19670.58,196564,165,0
2025-03-14 16:00:00+00:00,19670.83,19741.05,19596.38,19703.65,139039,162,0
2025-03-16 20:00:00+00:00,19663.74,19691.16,19554.51,19590.77,21550,172,0
2025-03-17 00:00:00+00:00,19590.38,19633.81,19568.61,19593.86,27321,169,0
2025-03-17 04:00:00+00:00,19593.61,19613.82,19562.35,19600.6,21691,169,0
2025-03-17 08:00:00+00:00,19600.83,19723.42,19584.25,19692.6,39273,168,0
2025-03-17 12:00:00+00:00,19692.29,19855.84,19632.42,19684.53,198539,167,0
2025-03-17 16:00:00+00:00,19685.09,19964.44,19658.48,19835.83,127986,165,0
2025-03-17 20:00:00+00:00,19835.0,19866.95,19803.26,19830.02,16796,169,0
2025-03-18 00:00:00+00:00,19829.97,19836.95,19736.92,19743.19,21538,170,0
2025-03-18 04:00:00+00:00,19742.79,19788.97,19723.38,19782.05,15080,168,0
2025-03-18 08:00:00+00:00,19781.81,19838.47,19724.13,19772.61,39059,168,0
2025-03-18 12:00:00+00:00,19772.3,19777.42,19403.26,19456.82,197928,166,0
2025-03-18 16:00:00+00:00,19456.58,19581.45,19448.52,19501.56,161152,163,0
2025-03-18 20:00:00+00:00,19500.3,19533.49,19465.71,19507.46,15092,165,0
2025-03-19 00:00:00+00:00,19507.42,19594.95,19504.72,19555.72,18126,171,0
2025-03-19 04:00:00+00:00,19555.79,19556.78,19461.26,19474.93,17758,170,0
2025-03-19 08:00:00+00:00,19475.18,19588.58,19471.49,19570.82,32206,171,0
2025-03-19 12:00:00+00:00,19570.37,19735.2,19506.06,19718.02,105142,168,0
2025-03-19 16:00:00+00:00,19718.24,19944.03,19571.15,19751.75,170128,166,0
2025-03-19 20:00:00+00:00,19748.4,19835.54,19741.05,19832.55,13594,174,0
2025-03-20 00:00:00+00:00,19832.58,19893.22,19812.16,19883.9,11747,171,0
2025-03-20 04:00:00+00:00,19884.15,19891.86,19839.45,19844.05,12065,173,0
2025-03-20 08:00:00+00:00,19845.26,19873.99,19537.21,19656.77,57747,173,0
2025-03-20 12:00:00+00:00,19657.02,19905.87,19560.43,19790.42,135939,170,0
2025-03-20 16:00:00+00:00,19790.18,19842.81,19603.07,19686.31,132672,166,0
2025-03-20 20:00:00+00:00,19688.52,19717.76,19656.0,19693.39,11640,171,0
2025-03-21 00:00:00+00:00,19693.59,19740.07,19672.57,19682.38,16056,171,0
2025-03-21 04:00:00+00:00,19682.14,19704.52,19628.02,19649.61,18112,170,0
2025-03-21 08:00:00+00:00,19649.34,19680.24,19570.85,19602.76,39633,170,0
2025-03-21 12:00:00+00:00,19602.53,19639.49,19414.5,19518.02,174166,164,0
2025-03-21 16:00:00+00:00,19518.44,19777.11,19486.66,19756.03,108967,166,0
2025-03-23 20:00:00+00:00,19879.65,19931.72,19866.41,19925.48,10624,172,0
2025-03-24 00:00:00+00:00,19925.92,19954.11,19914.01,19920.15,13066,170,0
2025-03-24 04:00:00+00:00,19920.13,19988.3,19911.36,19983.24,9165,167,0
2025-03-24 08:00:00+00:00,19982.52,20076.3,19974.38,20068.31,21260,173,0
2025-03-24 12:00:00+00:00,20068.04,20183.33,20042.13,20169.32,68540,167,0
2025-03-24 16:00:00+00:00,20169.51,20221.71,20124.66,20182.87,54475,165,0
2025-03-24 20:00:00+00:00,20179.14,20191.95,20157.86,20170.17,7911,167,0
2025-03-25 00:00:00+00:00,20170.01,20189.49,20145.03,20153.68,11174,172,0
2025-03-25 04:00:00+00:00,20153.73,20186.7,20144.04,20154.24,7222,170,0
2025-03-25 08:00:00+00:00,20154.35,20231.21,20109.38,20226.88,22602,171,0
2025-03-25 12:00:00+00:00,20227.27,20309.09,20177.92,20256.93,71753,168,0
2025-03-25 16:00:00+00:00,20257.33,20307.41,20218.3,20304.25,48832,165,0
2025-03-25 20:00:00+00:00,20302.59,20350.44,20302.05,20341.35,7245,170,0
2025-03-26 00:00:00+00:00,20340.95,20353.94,20287.15,20296.86,9971,167,0
2025-03-26 04:00:00+00:00,20296.96,20315.42,20270.93,20295.82,8701,169,0
2025-03-26 08:00:00+00:00,20295.88,20310.66,20247.93,20300.41,19365,172,0
2025-03-26 12:00:00+00:00,20300.18,20303.49,19989.34,20012.13,91233,169,0
2025-03-26 16:00:00+00:00,20012.36,20037.84,19864.85,19933.47,92772,166,0
2025-03-26 20:00:00+00:00,19930.66,19937.15,19822.04,19877.78,20753,168,0
2025-03-27 00:00:00+00:00,19877.97,19964.99,19868.22,19952.27,16938,169,0
2025-03-27 04:00:00+00:00,19952.44,19966.05,19887.53,19892.01,16423,170,0
2025-03-27 08:00:00+00:00,19892.23,19956.66,19839.39,19907.79,36758,171,0
2025-03-27 12:00:00+00:00,19907.52,20019.78,19760.33,19866.4,133786,168,0
2025-03-27 16:00:00+00:00,19866.17,19974.09,19793.77,19811.02,116043,165,0
2025-03-27 20:00:00+00:00,19813.71,19838.71,19774.32,19785.5,13872,170,0
2025-03-28 00:00:00+00:00,19785.21,19818.2,19752.05,19809.78,14135,166,0
2025-03-28 04:00:00+00:00,19809.72,19829.14,19666.78,19679.4,19181,168,0
2025-03-28 08:00:00+00:00,19678.94,19788.83,19674.22,19768.43,33466,170,0
2025-03-28 12:00:00+00:00,19767.8,19788.16,19366.41,19366.41,171694,165,0
2025-03-28 16:00:00+00:00,19366.16,19405.64,19240.86,19280.69,106398,159,0
2025-03-30 20:00:00+00:00,19139.33,19194.25,19045.14,19087.31,22069,167,0
2025-03-31 00:00:00+00:00,19086.88,19101.26,18990.08,19030.84,42000,164,0
2025-03-31 04:00:00+00:00,19030.57,19095.06,19013.05,19090.27,43874,166,0
2025-03-31 08:00:00+00:00,19090.22,19101.44,18950.79,19002.49,50605,166,0
2025-03-31 12:00:00+00:00,19002.29,19095.09,18810.15,19056.09,213187,163,0
2025-03-31 16:00:00+00:00,19056.5,19322.75,19011.25,19275.57,174384,162,0
2025-03-31 20:00:00+00:00,19277.3,19288.39,19162.77,19194.41,25476,167,0
2025-04-01 00:00:00+00:00,19194.65,19222.16,19121.17,19195.44,27390,167,0
2025-04-01 04:00:00+00:00,19195.39,19313.88,19169.49,19230.24,33753,166,0
2025-04-01 08:00:00+00:00,19230.4,19346.15,19147.31,19189.68,53410,166,0
2025-04-01 12:00:00+00:00,19189.28,19438.66,19094.98,19424.66,200775,165,0
2025-04-01 16:00:00+00:00,19424.89,19478.16,19220.48,19439.74,161171,164,0
2025-04-01 20:00:00+00:00,19437.03,19526.2,19409.07,19476.12,20957,165,0
2025-04-02 00:00:00+00:00,19475.88,19478.65,19389.35,19404.62,25792,168,0
2025-04-02 04:00:00+00:00,19404.3,19428.6,19352.62,19371.28,26784,167,0
2025-04-02 08:00:00+00:00,19371.69,19400.96,19258.15,19262.84,44133,168,0
2025-04-02 12:00:00+00:00,19263.05,19548.97,19152.88,19504.01,195783,166,0
2025-04-02 16:00:00+00:00,19503.77,19725.91,19439.55,19585.24,172994,164,0
2025-04-02 20:00:00+00:00,19585.59,19879.96,18655.54,18716.69,111526,175,0
2025-04-03 00:00:00+00:00,18716.07,18973.92,18714.91,18938.86,47475,173,0
2025-04-03 04:00:00+00:00,18939.1,18983.83,18859.82,18934.48,42239,182,0
2025-04-03 08:00:00+00:00,18933.93,19014.02,18785.94,18827.46,50252,175,0
2025-04-03 12:00:00+00:00,18827.02,18914.24,18560.43,18730.35,323769,162,0
2025-04-03 16:00:00+00:00,18730.1,18825.59,18506.15,18519.63,273387,155,0
2025-04-03 20:00:00+00:00,18526.35,18549.33,18434.35,18496.72,31293,161,0
2025-04-04 00:00:00+00:00,18497.15,18556.18,18365.69,18404.9,45084,165,0
2025-04-04 04:00:00+00:00,18404.66,18517.86,18303.48,18428.19,70730,165,0
2025-04-04 08:00:00+00:00,18427.92,18502.06,17667.36,17974.0,133165,166,0
2025-04-04 12:00:00+00:00,17972.59,18118.19,17502.77,17729.07,512867,157,0
2025-04-04 16:00:00+00:00,17729.53,17828.0,17379.16,17399.07,513092,148,0
2025-04-06 20:00:00+00:00,16484.38,16704.91,16316.46,16574.61,42536,193,0
2025-04-07 00:00:00+00:00,16575.0,16873.04,16359.85,16660.88,116780,158,0
2025-04-07 04:00:00+00:00,16660.63,16769.05,16336.79,16537.45,103201,166,0
2025-04-07 08:00:00+00:00,16537.11,17129.07,16525.57,16923.59,128930,173,0
2025-04-07 12:00:00+00:00,16923.95,18230.6,16540.16,17261.89,535269,152,0
2025-04-07 16:00:00+00:00,17261.54,17681.34,17083.35,17418.24,300843,153,0
2025-04-07 20:00:00+00:00,17417.13,17650.63,17407.81,17634.09,49145,165,0
2025-04-08 00:00:00+00:00,17633.48,17750.18,17531.05,17639.63,56202,171,0
2025-04-08 04:00:00+00:00,17639.9,17749.08,17537.25,17746.7,43025,172,0
2025-04-08 08:00:00+00:00,17746.39,17888.84,17561.02,17883.39,69682,163,0
2025-04-08 12:00:00+00:00,17882.08,18219.77,17793.14,17918.68,380923,160,0
2025-04-08 16:00:00+00:00,17918.93,17938.42,16845.79,17108.86,498854,154,0
2025-04-08 20:00:00+00:00,17104.95,17199.74,16750.37,16866.09,93833,161,0
2025-04-09 00:00:00+00:00,16866.33,17078.18,16718.22,16802.93,71227,168,0
2025-04-09 04:00:00+00:00,16803.33,17301.07,16613.88,17219.22,79696,182,0
2025-04-09 08:00:00+00:00,17218.35,17292.17,16744.8,16831.08,92478,176,0
2025-04-09 12:00:00+00:00,16832.31,17471.11,16776.51,17195.62,373383,161,0
2025-04-09 16:00:00+00:00,17195.88,19242.31,17156.62,19124.38,494849,156,0
2025-04-09 20:00:00+00:00,19127.42,19243.68,19088.49,19174.44,55992,172,0
2025-04-10 00:00:00+00:00,19174.08,19196.29,18834.97,18880.7,68174,174,0
2025-04-10 04:00:00+00:00,18879.39,19049.11,18728.98,18761.04,74418,177,0
2025-04-10 08:00:00+00:00,18760.54,18863.78,18565.35,18786.77,90278,181,0
2025-04-10 12:00:00+00:00,18787.25,18843.17,18121.41,18142.71,399682,163,0
2025-04-10 16:00:00+00:00,18142.42,18536.11,17788.98,18353.07,613184,164,0
2025-04-10 20:00:00+00:00,18346.6,18465.39,18182.52,18222.05,55292,158,0
2025-04-11 00:00:00+00:00,18221.73,18399.74,17936.45,18345.34,60597,184,0
2025-04-11 04:00:00+00:00,18345.75,18659.87,18304.31,18428.85,66004,182,0
2025-04-11 08:00:00+00:00,18429.83,18566.75,18182.29,18430.88,107658,181,0
2025-04-11 12:00:00+00:00,18430.53,18532.81,18136.12,18432.24,404147,168,0
2025-04-11 16:00:00+00:00,18432.6,18737.15,18396.53,18677.21,347788,162,0
2025-04-13 20:00:00+00:00,18972.81,18993.64,18808.72,18887.3,39417,176,0
2025-04-14 00:00:00+00:00,18887.53,18955.6,18829.12,18930.82,42799,170,0
2025-04-14 04:00:00+00:00,18931.09,19033.87,18922.88,19027.71,36395,168,0
2025-04-14 08:00:00+00:00,19027.34,19051.83,18895.71,18942.88,44429,172,0
2025-04-14 12:00:00+00:00,18942.71,19125.98,18675.04,18698.73,231301,164,0
2025-04-14 16:00:00+00:00,18699.01,18963.5,18607.81,18804.25,259863,163,0
2025-04-14 20:00:00+00:00,18810.48,18833.14,18664.09,18719.6,34091,165,0
2025-04-15 00:00:00+00:00,18719.21,18818.76,18717.92,18783.83,29552,164,0
2025-04-15 04:00:00+00:00,18784.07,18909.54,18738.94,18880.0,34008,167,0
2025-04-15 08:00:00+00:00,18880.49,18895.4,18738.63,18754.97,51381,167,0
2025-04-15 12:00:00+00:00,18755.56,19014.76,18706.3,18919.26,166353,165,0
2025-04-15 16:00:00+00:00,18919.5,18960.8,18756.86,18835.37,137325,162,0
2025-04-15 20:00:00+00:00,18831.58,18850.12,18566.67,18600.76,25570,167,0
2025-04-16 00:00:00+00:00,18600.9,18608.31,18509.35,18547.8,25571,163,0
2025-04-16 04:00:00+00:00,18547.57,18556.83,18376.27,18398.0,37799,165,0
2025-04-16 08:00:00+00:00,18398.3,18733.89,18391.73,18569.16,56982,168,0
2025-04-16 12:00:00+00:00,18568.84,18608.09,18384.59,18461.69,154864,162,0
2025-04-16 16:00:00+00:00,18461.93,18488.9,17990.71,18263.98,203095,158,0
2025-04-16 20:00:00+00:00,18260.11,18314.64,18212.13,18280.86,31677,164,0
2025-04-17 00:00:00+00:00,18280.95,18418.95,18255.85,18414.02,27038,161,0
2025-04-17 04:00:00+00:00,18413.78,18531.25,18397.3,18497.89,32217,161,0
2025-04-17 08:00:00+00:00,18498.02,18500.5,18335.78,18394.45,47289,164,0
2025-04-17 12:00:00+00:00,18394.2,18501.98,18143.04,18219.55,205700,162,0
2025-04-17 16:00:00+00:00,18219.79,18406.13,18196.88,18260.13,194447,158,0
2025-04-17 20:00:00+00:00,18253.04,18335.93,18245.48,18305.08,12078,169,0
2025-04-20 20:00:00+00:00,18201.0,18268.31,18141.05,18203.15,15915,170,0
2025-04-21 00:00:00+00:00,18202.9,18262.92,18077.7,18108.15,25405,163,0
2025-04-21 04:00:00+00:00,18108.25,18144.95,18039.39,18041.4,16630,163,0
2025-04-21 08:00:00+00:00,18041.81,18101.86,17969.33,17996.21,27168,166,0
2025-04-21 12:00:00+00:00,17995.28,18054.43,17679.79,17688.97,130246,157,0
2025-04-21 16:00:00+00:00,17688.74,17844.45,17594.95,17816.71,118661,153,0
2025-04-21 20:00:00+00:00,17813.42,17899.94,17758.92,17897.54,20169,159,0
2025-04-22 00:00:00+00:00,17897.94,17960.83,17838.53,17871.27,29524,159,0
2025-04-22 04:00:00+00:00,17871.01,18064.43,17862.19,17980.0,33807,162,0
2025-04-22 08:00:00+00:00,17979.66,18017.22,17938.03,17948.68,34252,159,0
2025-04-22 12:00:00+00:00,17948.31,18284.16,17940.33,18270.22,112255,157,0
2025-04-22 16:00:00+00:00,18269.93,18405.3,18102.29,18272.75,169570,159,0
2025-04-22 20:00:00+00:00,18270.05,18694.82,18238.04,18654.49,33358,164,0
2025-04-23 00:00:00+00:00,18654.77,18664.33,18517.88,18598.61,27144,167,0
2025-04-23 04:00:00+00:00,18598.61,18683.84,18575.87,18676.85,30189,166,0
2025-04-23 08:00:00+00:00,18676.57,18835.28,18668.57,18753.07,31334,166,0
2025-04-23 12:00:00+00:00,18754.14,19056.03,18691.3,18768.55,174355,164,0
2025-04-23 16:00:00+00:00,18769.01,18855.73,18622.38,18680.26,191157,164,0
2025-04-23 20:00:00+00:00,18679.08,18816.67,18634.76,18733.3,32045,166,0
2025-04-24 00:00:00+00:00,18733.55,18769.29,18629.05,18650.57,24764,167,0
2025-04-24 04:00:00+00:00,18650.33,18674.72,18545.01,18570.05,35732,166,0
2025-04-24 08:00:00+00:00,18569.75,18732.71,18490.02,18662.97,45806,166,0
2025-04-24 12:00:00+00:00,18662.57,19104.1,18662.34,19053.04,130245,164,0
2025-04-24 16:00:00+00:00,19053.28,19228.94,19030.56,19211.54,94848,163,0
2025-04-24 20:00:00+00:00,19210.73,19330.03,19204.69,19308.54,24628,170,0
2025-04-25 00:00:00+00:00,19308.05,19360.36,19256.12,19342.28,21691,172,0
2025-04-25 04:00:00+00:00,19341.83,19390.98,19268.83,19312.08,31270,173,0
2025-04-25 08:00:00+00:00,19311.86,19343.63,19113.93,19149.96,51449,171,0
2025-04-25 12:00:00+00:00,19149.6,19297.42,19109.99,19254.55,178418,165,0
2025-04-25 16:00:00+00:00,19254.58,19445.43,19242.14,19423.24,130373,163,0
2025-04-27 20:00:00+00:00,19405.46,19410.53,19336.9,19358.64,8930,179,0
2025-04-28 00:00:00+00:00,19357.82,19372.48,19292.46,19303.29,14706,168,0
2025-04-28 04:00:00+00:00,19303.24,19415.75,19303.24,19366.5,19197,168,0
2025-04-28 08:00:00+00:00,19366.25,19438.64,19339.75,19412.75,25101,167,0
2025-04-28 12:00:00+00:00,19412.97,19521.48,19212.07,19245.07,148940,166,0
2025-04-28 16:00:00+00:00,19244.79,19476.23,19155.03,19428.5,109992,164,0
2025-04-28 20:00:00+00:00,19423.78,19433.58,19356.91,19430.9,15017,167,0
2025-04-29 00:00:00+00:00,19430.67,19528.81,19397.6,19475.63,17510,171,0
2025-04-29 04:00:00+00:00,19475.69,19520.5,19429.42,19510.22,21632,171,0
2025-04-29 08:00:00+00:00,19509.93,19510.38,19347.56,19404.29,32263,170,0
2025-04-29 12:00:00+00:00,19403.9,19515.33,19282.39,19442.69,153216,167,0
2025-04-29 16:00:00+00:00,19442.9,19592.38,19376.44,19553.22,105108,162,0
2025-04-29 20:00:00+00:00,19551.19,19573.53,19450.3,19468.77,18456,171,0
2025-04-30 00:00:00+00:00,19468.54,19489.69,19392.58,19430.37,20931,169,0
2025-04-30 04:00:00+00:00,19430.09,19497.98,19410.71,19489.58,19687,169,0
2025-04-30 08:00:00+00:00,19488.09,19525.96,19415.12,19430.33,24193,169,0
2025-04-30 12:00:00+00:00,19430.06,19437.31,19006.75,19344.21,206500,166,0
2025-04-30 16:00:00+00:00,19344.49,19618.03,19239.65,19538.23,157638,165,0
2025-04-30 20:00:00+00:00,19542.34,19837.2,19494.4,19820.6,40404,170,0
2025-05-01 00:00:00+00:00,19820.75,19866.43,19810.74,19860.43,18133,171,0
2025-05-01 04:00:00+00:00,19860.69,19878.19,19802.72,19858.24,17655,174,0
2025-05-01 08:00:00+00:00,19858.3,19929.17,19833.93,19911.03,24004,173,0
2025-05-01 12:00:00+00:00,19911.25,20028.27,19768.53,19865.94,131634,167,0
2025-05-01 16:00:00+00:00,19865.63,19952.25,19760.07,19779.65,104586,168,0
2025-05-01 20:00:00+00:00,19778.7,19823.49,19654.38,19691.73,29973,172,0
2025-05-02 00:00:00+00:00,19691.69,19891.47,19656.96,19881.89,33200,172,0
2025-05-02 04:00:00+00:00,19881.76,19907.47,19787.93,19807.17,27859,172,0
2025-05-02 08:00:00+00:00,19806.96,19861.86,19768.63,19822.28,30776,171,0
2025-05-02 12:00:00+00:00,19822.68,20109.36,19815.72,20100.27,123811,170,0
2025-05-02 16:00:00+00:00,20100.45,20179.94,20056.43,20091.84,84382,168,0
2025-05-04 20:00:00+00:00,20105.42,20105.43,19962.14,19996.5,14720,173,0
2025-05-05 00:00:00+00:00,19996.29,20024.27,19903.32,19973.81,21542,174,0
2025-05-05 04:00:00+00:00,19973.72,20008.75,19925.75,19968.04,20678,175,0
2025-05-05 08:00:00+00:00,19968.02,19988.81,19881.43,19893.88,25629,175,0
2025-05-05 12:00:00+00:00,19895.13,20037.14,19884.22,20015.78,97926,171,0
2025-05-05 16:00:00+00:00,20015.35,20103.01,19957.01,19975.08,52256,167,0
2025-05-05 20:00:00+00:00,19979.31,19983.23,19915.01,19922.97,12241,174,0
2025-05-06 00:00:00+00:00,19923.21,19944.52,19847.99,19902.93,17651,171,0
2025-05-06 04:00:00+00:00,19903.01,19907.4,19810.67,19819.41,19483,173,0
2025-05-06 08:00:00+00:00,19819.29,19826.33,19722.02,19754.94,34691,171,0
2025-05-06 12:00:00+00:00,19754.66,19866.44,19654.55,19810.54,99848,170,0
2025-05-06 16:00:00+00:00,19810.28,19939.96,19753.83,19790.18,106154,169,0
2025-05-06 20:00:00+00:00,19791.2,20046.78,19719.33,19984.24,41632,171,0
2025-05-07 00:00:00+00:00,19983.68,20025.47,19895.38,19921.73,29377,175,0
2025-05-07 04:00:00+00:00,19921.88,19953.8,19872.1,19932.31,23107,174,0
2025-05-07 08:00:00+00:00,19932.55,19948.53,19885.6,19914.55,23213,173,0
2025-05-07 12:00:00+00:00,19914.35,19916.29,19707.47,19769.33,136886,168,0
2025-05-07 16:00:00+00:00,19769.55,19974.74,19597.99,19866.25,206538,166,0
2025-05-07 20:00:00+00:00,19864.97,19915.69,19830.47,19873.35,19102,171,0
2025-05-08 00:00:00+00:00,19873.6,20093.6,19843.85,20088.28,30212,175,0
2025-05-08 04:00:00+00:00,20088.1,20121.51,20044.85,20098.56,20820,176,0
2025-05-08 08:00:00+00:00,20097.53,20182.79,20074.5,20118.61,20314,175,0
2025-05-08 12:00:00+00:00,20118.97,20236.54,19900.62,20191.88,141488,172,0
2025-05-08 16:00:00+00:00,20192.43,20255.39,20058.53,20065.52,83698,164,0
2025-05-08 20:00:00+00:00,20072.17,20099.53,20044.63,20058.28,15244,172,0
2025-05-09 00:00:00+00:00,20057.92,20119.33,19999.4,20103.92,19822,174,0
2025-05-09 04:00:00+00:00,20103.88,20151.28,20075.63,20111.4,20802,177,0
2025-05-09 08:00:00+00:00,20111.63,20206.22,20061.48,20125.37,28073,174,0
2025-05-09 12:00:00+00:00,20125.18,20198.61,19977.7,20090.87,99572,168,0
2025-05-09 16:00:00+00:00,20090.52,20104.19,19981.57,20052.55,78308,167,0
2025-05-11 20:00:00+00:00,20352.78,20424.62,20296.46,20375.94,18317,184,0
2025-05-12 00:00:00+00:00,20375.68,20470.13,20365.33,20449.64,19521,179,0
2025-05-12 04:00:00+00:00,20449.23,20850.35,20443.92,20732.54,31202,177,0
2025-05-12 08:00:00+00:00,20732.89,20911.38,20700.9,20834.18,40267,184,0
2025-05-12 12:00:00+00:00,20833.94,20884.7,20613.0,20686.67,108770,178,0
2025-05-12 16:00:00+00:00,20686.91,20873.22,20678.7,20867.98,48861,172,0
2025-05-12 20:00:00+00:00,20868.4,20914.86,20829.91,20829.97,12393,177,0
2025-05-13 00:00:00+00:00,20830.3,20830.87,20765.97,20767.3,17563,182,0
2025-05-13 04:00:00+00:00,20767.26,20803.68,20743.16,20767.84,17793,181,0
2025-05-13 08:00:00+00:00,20768.3,20864.68,20746.67,20861.49,19186,181,0
2025-05-13 12:00:00+00:00,20861.65,21226.94,20851.28,21208.17,74373,177,0
2025-05-13 16:00:00+00:00,21208.41,21270.39,21177.06,21191.94,44723,176,0
2025-05-13 20:00:00+00:00,21192.19,21226.58,21170.23,21220.64,10410,176,0
2025-05-14 00:00:00+00:00,21220.82,21225.53,21173.5,21215.55,12806,182,0
2025-05-14 04:00:00+00:00,21215.54,21280.15,21207.62,21231.74,14470,184,0
2025-05-14 08:00:00+00:00,21232.19,21308.54,21164.56,21270.53,21838,184,0
2025-05-14 12:00:00+00:00,21270.19,21330.51,21200.63,21302.17,78552,180,0
2025-05-14 16:00:00+00:00,21302.13,21345.32,21207.37,21321.67,54673,179,0
2025-05-14 20:00:00+00:00,21321.34,21337.25,21282.83,21300.79,9890,180,0
2025-05-15 00:00:00+00:00,21300.4,21338.86,21292.68,21304.6,10121,181,0
2025-05-15 04:00:00+00:00,21304.87,21314.3,21192.55,21199.38,16323,184,0
2025-05-15 08:00:00+00:00,21199.14,21227.78,21119.59,21201.56,23392,181,0
2025-05-15 12:00:00+00:00,21201.0,21373.84,21167.11,21356.94,75676,180,0
2025-05-15 16:00:00+00:00,21357.15,21457.34,21231.48,21346.11,58974,180,0
2025-05-15 20:00:00+00:00,21346.62,21371.6,21306.41,21339.81,10057,182,0
2025-05-16 00:00:00+00:00,21339.99,21360.95,21274.74,21331.07,12545,183,0
2025-05-16 04:00:00+00:00,21330.86,21380.73,21286.86,21367.58,11898,183,0
2025-05-16 08:00:00+00:00,21367.76,21411.04,21355.76,21405.81,14966,186,0
2025-05-16 12:00:00+00:00,21405.59,21429.44,21246.31,21336.62,65444,180,0
2025-05-16 16:00:00+00:00,21336.85,21435.69,21330.59,21429.62,32859,177,0
2025-05-16 20:00:00+00:00,21429.35,21433.5,21310.74,21317.01,4491,181,0
2025-05-18 20:00:00+00:00,21239.91,21350.37,21218.9,21314.68,13871,184,0
2025-05-19 00:00:00+00:00,21315.19,21315.74,21129.73,21145.83,20643,184,0
2025-05-19 04:00:00+00:00,21145.5,21221.89,21097.28,21128.83,21668,185,0
2025-05-19 08:00:00+00:00,21128.32,21147.7,21047.47,21139.19,23775,184,0
2025-05-19 12:00:00+00:00,21138.79,21412.42,21089.2,21369.85,65717,181,0
2025-05-19 16:00:00+00:00,21370.37,21480.48,21364.76,21460.23,40941,178,0
2025-05-19 20:00:00+00:00,21460.82,21501.11,21416.24,21480.38,9587,179,0
2025-05-20 00:00:00+00:00,21480.04,21502.9,21369.07,21375.68,15686,183,0
2025-05-20 04:00:00+00:00,21375.25,21427.56,21336.2,21386.97,16896,186,0
2025-05-20 08:00:00+00:00,21386.94,21425.4,21354.32,21405.88,16923,185,0
2025-05-20 12:00:00+00:00,21405.54,21416.13,21298.21,21378.98,61725,179,0
2025-05-20 16:00:00+00:00,21378.87,21412.98,21241.29,21386.78,51187,178,0
2025-05-20 20:00:00+00:00,21386.38,21390.5,21283.83,21376.92,13502,176,0
2025-05-21 00:00:00+00:00,21377.35,21388.39,21313.49,21321.53,14557,185,0
2025-05-21 04:00:00+00:00,21321.45,21327.96,21230.52,21287.69,17349,185,0
2025-05-21 08:00:00+00:00,21287.31,21299.03,21176.11,21283.95,20729,184,0
2025-05-21 12:00:00+00:00,21283.53,21476.29,21206.76,21455.98,67245,181,0
2025-05-21 16:00:00+00:00,21455.78,21502.13,21019.84,21097.89,153651,177,0
2025-05-21 20:00:00+00:00,21097.42,21128.74,21059.3,21099.83,17162,180,0
2025-05-22 00:00:00+00:00,21100.23,21161.42,21089.86,21117.5,15093,183,0
2025-05-22 04:00:00+00:00,21117.32,21176.74,21107.11,21146.04,16184,183,0
2025-05-22 08:00:00+00:00,21146.26,21191.75,21028.97,21029.37,23946,183,0
2025-05-22 12:00:00+00:00,21028.99,21279.69,20986.86,21221.98,120411,182,0
2025-05-22 16:00:00+00:00,21222.22,21284.34,21113.44,21132.7,74516,179,0
2025-05-22 20:00:00+00:00,21132.46,21184.74,21078.05,21128.17,13097,178,0
2025-05-23 00:00:00+00:00,21128.45,21158.38,21102.33,21141.76,14458,185,0
2025-05-23 04:00:00+00:00,21141.78,21168.7,21042.94,21156.46,16503,184,0
2025-05-23 08:00:00+00:00,21155.81,21180.1,20758.06,20785.14,46920,183,0
2025-05-23 12:00:00+00:00,20785.86,20959.64,20678.55,20887.71,153295,179,0
2025-05-23 16:00:00+00:00,20887.34,21034.17,20871.06,20929.99,81462,178,0
2025-05-23 20:00:00+00:00,20930.23,20930.77,20881.43,20891.08,5924,182,0
2025-05-25 20:00:00+00:00,20925.85,21184.06,20913.73,21147.29,19123,189,0
2025-05-26 00:00:00+00:00,21146.91,21192.03,21125.02,21171.82,17901,184,0
2025-05-26 04:00:00+00:00,21171.36,21237.45,21148.71,21232.07,15704,184,0
2025-05-26 08:00:00+00:00,21231.85,21244.75,21197.61,21234.11,10805,183,0
2025-05-26 12:00:00+00:00,21234.34,21266.0,21174.42,21232.56,19047,181,0
2025-05-26 16:00:00+00:00,21232.97,21252.81,21227.55,21247.16,3396,178,0
2025-05-26 20:00:00+00:00,21253.21,21253.21,21181.54,21197.91,7430,187,0
2025-05-27 00:00:00+00:00,21197.91,21204.59,21107.28,21114.39,14443,183,0
2025-05-27 04:00:00+00:00,21114.41,21321.33,21107.27,21295.12,15605,184,0
2025-05-27 08:00:00+00:00,21294.89,21314.09,21233.73,21257.96,21329,186,0
2025-05-27 12:00:00+00:00,21258.15,21365.69,21155.49,21361.02,55021,178,0
2025-05-27 16:00:00+00:00,21361.41,21450.15,21357.51,21425.93,30454,177,0
2025-05-27 20:00:00+00:00,21426.18,21447.64,21404.79,21433.74,9124,177,0
2025-05-28 00:00:00+00:00,21433.35,21446.21,21401.9,21407.22,9217,183,0
2025-05-28 04:00:00+00:00,21407.13,21427.13,21393.61,21398.23,11197,183,0
2025-05-28 08:00:00+00:00,21397.86,21488.1,21372.48,21468.93,15963,185,0
2025-05-28 12:00:00+00:00,21468.17,21529.39,21391.99,21401.43,53951,179,0
2025-05-28 16:00:00+00:00,21401.93,21476.48,21312.72,21334.39,46246,178,0
2025-05-28 20:00:00+00:00,21334.63,21739.81,21295.3,21729.38,43887,182,0
2025-05-29 00:00:00+00:00,21729.34,21796.85,21674.31,21748.73,26541,185,0
2025-05-29 04:00:00+00:00,21747.93,21809.59,21709.75,21809.59,15948,189,0
2025-05-29 08:00:00+00:00,21809.8,21820.35,21612.43,21619.9,25756,188,0
2025-05-29 12:00:00+00:00,21619.3,21657.66,21292.27,21315.15,101350,181,0
2025-05-29 16:00:00+00:00,21314.71,21446.49,21267.76,21377.26,82689,179,0
2025-05-29 20:00:00+00:00,21376.86,21393.22,21280.63,21283.24,15852,185,0
2025-05-30 00:00:00+00:00,21283.22,21331.71,21235.29,21313.45,18397,186,0
2025-05-30 04:00:00+00:00,21313.21,21381.38,21286.24,21329.89,19300,186,0
2025-05-30 08:00:00+00:00,21329.59,21388.0,21315.91,21354.63,19377,187,0
2025-05-30 12:00:00+00:00,21355.1,21386.95,21193.8,21291.18,97692,181,0
2025-05-30 16:00:00+00:00,21291.87,21398.62,21040.19,21336.62,108330,181,0
2025-05-30 20:00:00+00:00,21336.89,21371.15,21296.09,21326.09,8792,185,0
2025-06-01 20:00:00+00:00,21270.36,21321.88,21250.94,21277.25,8523,187,0
2025-06-02 00:00:00+00:00,21277.59,21299.22,21202.03,21205.2,16344,186,0
2025-06-02 04:00:00+00:00,21204.93,21241.29,21136.97,21185.52,20862,185,0
2025-06-02 08:00:00+00:00,21185.24,21265.14,21175.54,21229.57,25617,185,0
2025-06-02 12:00:00+00:00,21229.45,21429.44,21209.26,21407.63,90763,183,0
2025-06-02 16:00:00+00:00,21407.12,21517.18,21374.2,21507.28,42861,179,0
2025-06-02 20:00:00+00:00,21506.82,21550.44,21443.53,21472.6,11882,183,0
2025-06-03 00:00:00+00:00,21472.72,21480.54,21417.29,21441.13,12726,184,0
2025-06-03 04:00:00+00:00,21440.88,21461.11,21385.23,21417.38,15126,186,0
2025-06-03 08:00:00+00:00,21417.8,21512.84,21377.67,21505.32,18686,186,0
2025-06-03 12:00:00+00:00,21506.17,21664.07,21482.09,21661.09,55728,180,0
2025-06-03 16:00:00+00:00,21661.14,21739.39,21616.36,21682.88,37170,179,0
2025-06-03 20:00:00+00:00,21683.31,21701.41,21645.1,21685.91,9781,184,0
2025-06-04 00:00:00+00:00,21685.45,21706.64,21648.45,21660.62,12523,186,0
2025-06-04 04:00:00+00:00,21660.4,21703.28,21654.28,21702.15,11954,185,0
2025-06-04 08:00:00+00:00,21701.83,21740.29,21696.29,21728.28,14917,185,0
2025-06-04 12:00:00+00:00,21728.51,21773.3,21620.1,21736.12,64719,181,0
2025-06-04 16:00:00+00:00,21736.11,21784.82,21688.87,21739.9,34330,176,0
2025-06-04 20:00:00+00:00,21740.3,21755.44,21717.07,21726.0,8745,184,0
2025-06-05 00:00:00+00:00,21726.35,21750.9,21716.44,21736.52,9392,185,0
2025-06-05 04:00:00+00:00,21736.94,21821.38,21708.16,21796.97,11439,183,0
2025-06-05 08:00:00+00:00,21797.21,21825.44,21730.78,21753.5,17270,186,0
2025-06-05 12:00:00+00:00,21753.01,21916.35,21676.42,21904.46,88354,184,0
2025-06-05 16:00:00+00:00,21904.12,21906.68,21487.77,21573.68,108890,183,0
2025-06-05 20:00:00+00:00,21572.95,21602.84,21462.59,21529.22,18836,186,0
2025-06-06 00:00:00+00:00,21528.91,21601.03,21528.03,21592.95,14427,188,0
2025-06-06 04:00:00+00:00,21593.26,21669.24,21585.3,21644.05,15116,187,0
2025-06-06 08:00:00+00:00,21643.84,21677.73,21622.03,21654.76,18227,187,0
2025-06-06 12:00:00+00:00,21654.69,21850.07,21647.02,21789.42,75496,183,0
2025-06-06 16:00:00+00:00,21789.0,21853.99,21704.71,21773.37,43596,181,0
2025-06-06 20:00:00+00:00,21773.67,21804.37,21765.53,21790.23,3514,183,0
2025-06-08 20:00:00+00:00,21794.75,21809.84,21719.18,21751.98,9805,188,0
2025-06-09 00:00:00+00:00,21752.43,21773.09,21708.48,21734.43,11073,186,0
2025-06-09 04:00:00+00:00,21734.63,21785.43,21720.0,21784.59,11935,187,0
2025-06-09 08:00:00+00:00,21784.17,21813.91,21748.48,21799.36,14409,182,0
2025-06-09 12:00:00+00:00,21799.75,21876.9,21740.55,21827.91,43708,181,0
2025-06-09 16:00:00+00:00,21828.3,21872.14,21803.45,21807.91,29251,180,0
2025-06-09 20:00:00+00:00,21807.49,21835.11,21786.23,21824.37,6664,181,0
2025-06-10 00:00:00+00:00,21824.3,21964.38,21806.98,21931.42,12012,187,0
2025-06-10 04:00:00+00:00,21931.5,21934.19,21724.96,21786.48,29565,187,0
2025-06-10 08:00:00+00:00,21786.89,21850.77,21753.55,21850.67,20074,186,0
2025-06-10 12:00:00+00:00,21850.19,21881.75,21735.68,21866.91,46867,181,0
2025-06-10 16:00:00+00:00,21866.43,21982.36,21812.72,21954.22,38897,181,0
2025-06-10 20:00:00+00:00,21954.63,21993.61,21908.81,21946.36,12210,186,0
2025-06-11 00:00:00+00:00,21946.3,21957.37,21874.2,21899.72,13208,187,0
2025-06-11 04:00:00+00:00,21899.62,21927.11,21859.48,21921.56,13732,187,0
2025-06-11 08:00:00+00:00,21921.26,21950.6,21875.16,21923.1,14062,186,0
2025-06-11 12:00:00+00:00,21923.48,22083.37,21880.23,21985.92,65546,182,0
2025-06-11 16:00:00+00:00,21986.17,22010.23,21782.15,21880.37,85944,184,0
2025-06-11 20:00:00+00:00,21880.85,21903.41,21814.78,21833.79,12872,185,0
2025-06-12 00:00:00+00:00,21834.04,21843.65,21752.82,21805.38,16647,187,0
2025-06-12 04:00:00+00:00,21805.6,21854.2,21755.0,21771.67,16267,187,0
2025-06-12 08:00:00+00:00,21772.18,21839.59,21713.43,21736.14,26672,186,0
2025-06-12 12:00:00+00:00,21735.66,21972.35,21719.71,21917.38,56190,183,0
2025-06-12 16:00:00+00:00,21917.86,21963.3,21888.76,21932.36,38133,182,0
2025-06-12 20:00:00+00:00,21932.12,21941.6,21779.67,21780.04,10260,181,0
2025-06-13 00:00:00+00:00,21781.34,21786.29,21466.25,21567.55,57183,188,0
2025-06-13 04:00:00+00:00,21567.62,21648.42,21516.99,21634.56,29499,186,0
2025-06-13 08:00:00+00:00,21634.19,21697.27,21574.66,21681.81,34269,186,0
2025-06-13 12:00:00+00:00,21681.38,21839.81,21613.82,21831.12,79068,182,0
2025-06-13 16:00:00+00:00,21830.53,21851.05,21596.91,21647.35,91801,178,0
2025-06-13 20:00:00+00:00,21646.95,21674.63,21637.84,21644.44,8244,180,0
2025-06-15 20:00:00+00:00,21535.8,21700.42,21530.95,21690.4,21172,189,0
2025-06-16 00:00:00+00:00,21689.91,21724.17,21662.67,21696.92,16303,183,0
2025-06-16 04:00:00+00:00,21696.82,21793.44,21676.37,21786.85,18147,184,0
2025-06-16 08:00:00+00:00,21786.37,21815.86,21737.42,21815.69,18899,181,0
2025-06-16 12:00:00+00:00,21815.67,22003.88,21794.69,21955.2,49855,181,0
2025-06-16 16:00:00+00:00,21955.44,21992.83,21921.52,21959.36,36407,180,0
2025-06-16 20:00:00+00:00,21959.62,21969.85,21802.01,21803.13,21244,184,0
2025-06-17 00:00:00+00:00,21803.86,21902.85,21794.81,21866.42,28685,187,0
2025-06-17 04:00:00+00:00,21866.82,21908.86,21790.34,21823.86,25279,185,0
2025-06-17 08:00:00+00:00,21824.6,21868.19,21780.2,21858.15,24021,183,0
2025-06-17 12:00:00+00:00,21858.19,21921.32,21813.68,21884.67,50767,182,0
2025-06-17 16:00:00+00:00,21884.87,21917.7,21693.86,21740.83,65238,183,0
2025-06-17 20:00:00+00:00,21741.06,21766.85,21650.59,21692.11,18378,186,0
2025-06-18 00:00:00+00:00,21692.55,21797.81,21691.58,21756.99,17155,188,0
2025-06-18 04:00:00+00:00,21756.84,21819.78,21732.82,21802.42,15264,188,0
2025-06-18 08:00:00+00:00,21802.11,21855.55,21738.64,21793.11,18018,188,0
2025-06-18 12:00:00+00:00,21792.89,21881.13,21711.91,21822.66,43204,182,0
2025-06-18 16:00:00+00:00,21822.17,21865.06,21669.0,21736.08,86713,182,0
2025-06-18 20:00:00+00:00,21735.65,21763.39,21700.73,21737.16,10844,187,0
2025-06-19 00:00:00+00:00,21737.02,21740.72,21579.86,21671.8,18669,186,0
2025-06-19 04:00:00+00:00,21671.78,21692.0,21572.74,21584.84,17320,186,0
2025-06-19 08:00:00+00:00,21585.16,21644.07,21574.6,21602.13,16148,185,0
2025-06-19 12:00:00+00:00,21602.04,21612.68,21439.06,21470.79,33654,183,0
2025-06-19 16:00:00+00:00,21470.1,21529.64,21468.09,21490.31,5658,183,0
2025-06-19 20:00:00+00:00,21548.72,21710.75,21541.96,21673.03,13090,190,0
2025-06-20 00:00:00+00:00,21673.04,21713.12,21633.54,21686.3,15814,187,0
2025-06-20 04:00:00+00:00,21686.32,21733.05,21676.85,21713.09,13982,186,0
2025-06-20 08:00:00+00:00,21713.52,21794.28,21647.71,21755.84,21937,186,0
2025-06-20 12:00:00+00:00,21756.07,21916.74,21564.85,21637.86,85315,183,0
2025-06-20 16:00:00+00:00,21638.45,21702.22,21556.85,21633.37,58382,179,0
2025-06-20 20:00:00+00:00,21633.11,21702.2,21630.27,21667.6,5707,185,0
2025-06-22 20:00:00+00:00,21399.08,21581.7,21363.4,21558.72,19473,189,0
2025-06-23 00:00:00+00:00,21558.97,21570.44,21505.47,21564.67,15344,185,0
2025-06-23 04:00:00+00:00,21565.09,21702.13,21555.82,21694.14,15993,186,0
2025-06-23 08:00:00+00:00,21692.95,21741.92,21572.41,21623.0,23529,187,0
2025-06-23 12:00:00+00:00,21623.57,21813.9,21556.92,21734.51,57951,182,0
2025-06-23 16:00:00+00:00,21734.75,21887.96,21537.01,21866.96,87599,182,0
2025-06-23 20:00:00+00:00,21867.21,22053.21,21847.78,22034.74,17516,187,0
2025-06-24 00:00:00+00:00,22034.98,22068.82,21990.64,22044.0,15648,188,0
2025-06-24 04:00:00+00:00,22043.55,22176.9,22018.48,22102.68,21989,188,0
2025-06-24 08:00:00+00:00,22102.03,22146.11,22046.62,22100.38,21555,189,0
2025-06-24 12:00:00+00:00,22100.44,22182.92,22054.19,22157.65,44317,181,0
2025-06-24 16:00:00+00:00,22157.88,22240.43,22152.98,22201.11,22836,182,0
2025-06-24 20:00:00+00:00,22201.37,22226.28,22182.73,22220.73,7800,185,0
2025-06-25 00:00:00+00:00,22221.29,22230.55,22189.53,22203.29,8719,186,0
2025-06-25 04:00:00+00:00,22203.02,22232.64,22202.47,22220.14,8228,186,0
2025-06-25 08:00:00+00:00,22220.4,22288.68,22203.79,22287.19,11262,187,0
2025-06-25 12:00:00+00:00,22286.85,22344.43,22225.58,22241.27,40756,185,0
2025-06-25 16:00:00+00:00,22240.58,22261.95,22185.5,22259.3,31689,182,0
2025-06-25 20:00:00+00:00,22260.07,22286.49,22237.51,22263.43,9134,187,0
2025-06-26 00:00:00+00:00,22263.74,22302.53,22255.83,22293.8,8309,187,0
2025-06-26 04:00:00+00:00,22294.05,22355.32,22289.01,22330.36,9014,189,0
2025-06-26 08:00:00+00:00,22330.53,22376.85,22324.59,22373.85,11304,189,0
2025-06-26 12:00:00+00:00,22374.17,22414.37,22274.6,22408.28,40261,183,0
2025-06-26 16:00:00+00:00,22408.27,22492.44,22395.03,22471.18,23318,183,0
2025-06-26 20:00:00+00:00,22471.43,22511.88,22440.4,22479.99,9346,189,0
2025-06-27 00:00:00+00:00,22480.69,22510.06,22463.7,22496.18,8681,190,0
2025-06-27 04:00:00+00:00,22496.51,22560.31,22488.12,22536.37,8945,191,0
2025-06-27 08:00:00+00:00,22536.59,22580.45,22524.94,22579.89,9593,190,0
2025-06-27 12:00:00+00:00,22580.38,22622.35,22487.75,22610.9,35634,185,0
2025-06-27 16:00:00+00:00,22610.69,22611.12,22401.45,22551.0,50074,186,0
2025-06-27 20:00:00+00:00,22551.26,22551.88,22527.89,22544.68,4661,189,0
2025-06-29 20:00:00+00:00,22561.13,22652.09,22561.13,22621.85,7671,196,0
2025-06-30 00:00:00+00:00,22622.11,22684.71,22609.79,22678.71,9650,191,0
2025-06-30 04:00:00+00:00,22678.62,22706.58,22655.44,22674.59,9029,190,0
2025-06-30 08:00:00+00:00,22679.28,22720.18,22662.87,22699.61,9980,192,0
2025-06-30 12:00:00+00:00,22699.7,22701.94,22601.43,22648.38,35374,187,0
2025-06-30 16:00:00+00:00,22648.08,22737.4,22586.68,22689.34,33213,186,0
2025-06-30 20:00:00+00:00,22689.78,22701.51,22653.42,22688.12,7981,189,0
2025-07-01 00:00:00+00:00,22688.41,22721.17,22675.47,22679.41,8693,192,0
2025-07-01 04:00:00+00:00,22679.63,22684.36,22629.24,22649.54,10145,194,0
2025-07-01 08:00:00+00:00,22650.43,22664.1,22616.39,22632.48,11765,192,0
2025-07-01 12:00:00+00:00,22632.59,22650.91,22403.42,22467.08,53471,188,0
2025-07-01 16:00:00+00:00,22467.34,22569.02,22440.98,22498.18,44168,186,0
2025-07-01 20:00:00+00:00,22498.52,22535.57,22477.61,22516.08,7757,188,0
2025-07-02 00:00:00+00:00,22516.54,22554.28,22482.91,22546.88,9017,190,0
2025-07-02 04:00:00+00:00,22546.8,22588.24,22525.14,22530.81,11404,192,0
2025-07-02 08:00:00+00:00,22531.5,22544.23,22444.86,22468.63,13678,191,0
2025-07-02 12:00:00+00:00,22468.39,22651.83,22391.27,22628.51,45310,186,0
2025-07-02 16:00:00+00:00,22628.84,22660.3,22615.04,22650.87,23603,186,0
2025-07-02 20:00:00+00:00,22650.57,22667.5,22634.85,22655.0,5680,186,0
2025-07-03 00:00:00+00:00,22654.34,22687.97,22633.73,22668.47,8012,192,0
2025-07-03 04:00:00+00:00,22668.45,22707.31,22657.62,22687.02,7867,193,0
2025-07-03 08:00:00+00:00,22686.58,22698.4,22637.72,22669.4,10350,191,0
2025-07-03 12:00:00+00:00,22669.09,22909.32,22658.14,22891.05,33613,187,0
2025-07-03 16:00:00+00:00,22891.58,22902.29,22837.16,22863.94,8724,188,0
2025-07-03 20:00:00+00:00,22864.03,22872.79,22833.27,22846.2,5204,200,0
2025-07-04 00:00:00+00:00,22845.74,22860.45,22803.48,22820.66,7854,195,0
2025-07-04 04:00:00+00:00,22820.3,22826.35,22753.92,22757.58,10242,195,0
2025-07-04 08:00:00+00:00,22757.12,22783.92,22694.77,22735.79,17045,191,0
2025-07-04 12:00:00+00:00,22735.54,22758.44,22701.98,22747.27,15650,191,0
2025-07-04 16:00:00+00:00,22747.02,22748.4,22708.18,22719.46,3065,192,0
2025-07-06 20:00:00+00:00,22793.17,22845.93,22765.28,22805.8,10417,199,0
2025-07-07 00:00:00+00:00,22806.27,22823.29,22732.15,22795.55,12830,194,0
2025-07-07 04:00:00+00:00,22795.13,22811.05,22738.87,22767.8,11373,197,0
2025-07-07 08:00:00+00:00,22767.18,22807.25,22727.36,22799.37,12720,195,0
2025-07-07 12:00:00+00:00,22799.33,22819.31,22701.2,22747.09,40434,188,0
2025-07-07 16:00:00+00:00,22746.66,22779.7,22600.8,22704.92,58488,188,0
2025-07-07 20:00:00+00:00,22704.38,22706.72,22632.41,22696.05,10001,190,0
2025-07-08 00:00:00+00:00,22696.33,22758.42,22679.4,22737.35,10752,194,0
2025-07-08 04:00:00+00:00,22737.34,22794.1,22726.89,22785.87,10212,196,0
2025-07-08 08:00:00+00:00,22785.95,22786.09,22728.64,22762.16,11064,192,0
2025-07-08 12:00:00+00:00,22761.06,22778.32,22663.93,22728.74,42418,187,0
2025-07-08 16:00:00+00:00,22728.77,22785.14,22693.4,22713.92,33753,187,0
2025-07-08 20:00:00+00:00,22714.34,22747.93,22707.72,22725.46,5446,189,0
2025-07-09 00:00:00+00:00,22725.53,22725.53,22679.24,22697.01,8288,194,0
2025-07-09 04:00:00+00:00,22696.71,22728.68,22667.25,22718.52,9390,195,0
2025-07-09 08:00:00+00:00,22718.06,22776.37,22704.01,22764.24,11020,194,0
2025-07-09 12:00:00+00:00,22763.8,22937.4,22744.79,22773.25,41169,188,0
2025-07-09 16:00:00+00:00,22773.31,22883.48,22763.85,22878.3,28047,187,0
2025-07-09 20:00:00+00:00,22878.04,22892.9,22858.22,22862.53,5980,192,0
2025-07-10 00:00:00+00:00,22862.94,22862.94,22816.46,22821.21,8959,192,0
2025-07-10 04:00:00+00:00,22821.02,22849.51,22804.56,22848.25,8422,193,0
2025-07-10 08:00:00+00:00,22848.08,22904.67,22840.28,22899.5,9050,193,0
2025-07-10 12:00:00+00:00,22899.29,22917.72,22729.01,22850.05,39575,188,0
2025-07-10 16:00:00+00:00,22849.84,22878.23,22788.59,22841.78,21401,188,0
2025-07-10 20:00:00+00:00,22841.51,22876.5,22823.44,22872.79,5721,190,0
2025-07-11 00:00:00+00:00,22873.31,22873.76,22655.13,22795.81,23600,193,0
2025-07-11 04:00:00+00:00,22795.97,22803.3,22726.46,22729.89,13012,194,0
2025-07-11 08:00:00+00:00,22729.58,22751.94,22681.45,22737.14,18152,194,0
2025-07-11 12:00:00+00:00,22736.76,22839.03,22692.66,22806.06,41919,187,0
2025-07-11 16:00:00+00:00,22806.45,22851.07,22753.16,22784.42,29571,189,0
2025-07-11 20:00:00+00:00,22783.89,22785.85,22759.13,22771.04,2788,190,0
2025-07-13 20:00:00+00:00,22692.76,22724.88,22638.62,22701.5,9969,195,0
2025-07-14 00:00:00+00:00,22701.47,22715.14,22677.91,22712.71,9699,194,0
2025-07-14 04:00:00+00:00,22712.8,22721.5,22643.32,22719.95,10953,191,0
2025-07-14 08:00:00+00:00,22719.64,22741.98,22702.58,22725.56,10928,193,0
2025-07-14 12:00:00+00:00,22725.32,22860.96,22681.07,22847.55,45061,190,0
2025-07-14 16:00:00+00:00,22847.29,22904.45,22838.03,22871.55,19244,189,0
2025-07-14 20:00:00+00:00,22871.94,22876.97,22838.26,22851.91,5831,191,0
2025-07-15 00:00:00+00:00,22852.5,23015.66,22837.87,22934.96,17395,194,0
2025-07-15 04:00:00+00:00,22934.71,23011.12,22931.43,23001.98,11418,198,0
2025-07-15 08:00:00+00:00,23001.56,23032.55,22985.31,23007.22,12003,195,0
2025-07-15 12:00:00+00:00,23007.53,23062.65,22935.78,22998.25,53297,190,0
2025-07-15 16:00:00+00:00,22998.67,23020.42,22892.97,22896.03,35291,190,0
2025-07-15 20:00:00+00:00,22895.7,22901.09,22819.16,22858.7,11301,191,0
2025-07-16 00:00:00+00:00,22858.92,22879.44,22822.39,22860.51,9839,196,0
2025-07-16 04:00:00+00:00,22860.68,22889.8,22772.56,22826.81,13227,196,0
2025-07-16 08:00:00+00:00,22826.52,22867.08,22814.57,22862.98,11768,193,0
2025-07-16 12:00:00+00:00,22863.85,22932.64,22680.68,22835.05,77282,190,0
2025-07-16 16:00:00+00:00,22834.68,22944.25,22797.5,22920.78,34850,190,0
2025-07-16 20:00:00+00:00,22920.33,22920.33,22877.55,22887.94,6718,191,0
2025-07-17 00:00:00+00:00,22887.55,22905.74,22865.29,22888.33,8155,193,0
2025-07-17 04:00:00+00:00,22888.38,22996.73,22875.65,22958.61,11831,193,0
2025-07-17 08:00:00+00:00,22957.83,22970.75,22918.6,22931.98,11529,196,0
2025-07-17 12:00:00+00:00,22931.59,23094.81,22911.08,23092.08,33771,188,0
2025-07-17 16:00:00+00:00,23091.92,23120.9,23079.85,23100.26,19060,189,0
2025-07-17 20:00:00+00:00,23099.94,23137.66,23078.34,23131.84,7556,193,0
2025-07-18 00:00:00+00:00,23131.38,23135.41,23108.2,23124.37,6212,193,0
2025-07-18 04:00:00+00:00,23124.16,23157.4,23108.46,23117.9,7090,194,0
2025-07-18 08:00:00+00:00,23117.3,23137.01,23099.1,23111.57,8497,194,0
2025-07-18 12:00:00+00:00,23111.9,23167.96,23031.97,23093.58,36414,189,0
2025-07-18 16:00:00+00:00,23094.1,23095.68,23023.88,23073.65,24568,188,0
2025-07-18 20:00:00+00:00,23073.95,23077.01,23064.99,23071.46,1646,191,0
2025-07-20 20:00:00+00:00,23085.87,23117.91,23060.36,23115.64,4255,197,0
2025-07-21 00:00:00+00:00,23115.95,23131.61,23097.09,23101.22,5287,193,0
2025-07-21 04:00:00+00:00,23101.27,23153.7,23101.06,23151.7,5770,193,0
2025-07-21 08:00:00+00:00,23151.7,23163.94,23131.07,23132.96,6676,195,0
2025-07-21 12:00:00+00:00,23133.05,23280.72,23079.78,23242.5,23776,191,0
2025-07-21 16:00:00+00:00,23242.28,23280.22,23186.12,23201.84,19402,191,0
2025-07-21 20:00:00+00:00,23201.29,23210.47,23194.56,23205.3,4746,194,0
2025-07-22 00:00:00+00:00,23205.08,23224.08,23179.74,23187.77,6715,194,0
2025-07-22 04:00:00+00:00,23187.71,23206.92,23144.18,23163.98,8923,195,0
2025-07-22 08:00:00+00:00,23164.19,23192.82,23128.03,23192.05,11879,197,0
2025-07-22 12:00:00+00:00,23191.84,23208.23,22967.57,23068.01,46892,191,0
2025-07-22 16:00:00+00:00,23068.52,23115.73,23021.36,23081.84,26158,190,0
2025-07-22 20:00:00+00:00,23082.26,23127.69,23032.37,23122.85,10743,193,0
2025-07-23 00:00:00+00:00,23123.17,23127.47,23059.64,23100.74,11427,194,0
2025-07-23 04:00:00+00:00,23100.81,23138.55,23094.9,23122.35,9479,196,0
2025-07-23 08:00:00+00:00,23121.99,23146.58,23094.46,23118.84,10127,194,0
2025-07-23 12:00:00+00:00,23118.48,23155.15,23009.78,23119.97,40177,190,0
2025-07-23 16:00:00+00:00,23118.87,23186.95,23056.26,23186.23,29385,192,0
2025-07-23 20:00:00+00:00,23186.66,23279.64,23166.52,23267.64,12676,197,0
2025-07-24 00:00:00+00:00,23267.72,23288.74,23242.63,23246.1,7363,196,0
2025-07-24 04:00:00+00:00,23245.92,23257.13,23218.66,23235.12,7880,196,0
2025-07-24 08:00:00+00:00,23234.81,23267.88,23213.58,23251.65,9234,195,0
2025-07-24 12:00:00+00:00,23251.34,23268.52,23166.97,23255.64,35891,191,0
2025-07-24 16:00:00+00:00,23255.24,23291.59,23208.2,23243.33,22357,191,0
2025-07-24 20:00:00+00:00,23243.65,23285.33,23234.74,23276.5,5894,194,0
2025-07-25 00:00:00+00:00,23276.58,23311.46,23271.77,23298.57,5741,195,0
2025-07-25 04:00:00+00:00,23298.46,23301.72,23225.46,23235.87,7607,195,0
2025-07-25 08:00:00+00:00,23235.97,23261.17,23219.43,23235.71,8159,194,0
2025-07-25 12:00:00+00:00,23235.07,23294.4,23201.3,23289.42,26632,190,0
2025-07-25 16:00:00+00:00,23289.24,23343.77,23276.56,23289.94,16497,191,0
2025-07-25 20:00:00+00:00,23290.2,23314.78,23275.31,23310.08,2264,193,0
2025-07-27 20:00:00+00:00,23394.86,23433.19,23382.52,23410.52,6480,201,0
2025-07-28 00:00:00+00:00,23410.26,23442.77,23402.01,23425.7,6315,194,0
2025-07-28 04:00:00+00:00,23425.79,23463.8,23411.99,23427.01,6625,195,0
2025-07-28 08:00:00+00:00,23426.74,23428.17,23363.76,23380.79,8413,197,0
2025-07-28 12:00:00+00:00,23380.69,23406.29,23316.82,23373.43,29700,192,0
2025-07-28 16:00:00+00:00,23373.48,23387.73,23319.53,23372.43,19944,190,0
2025-07-28 20:00:00+00:00,23372.69,23412.41,23370.03,23410.17,4637,195,0
2025-07-29 00:00:00+00:00,23410.17,23428.1,23398.33,23425.25,5834,194,0
2025-07-29 04:00:00+00:00,23425.56,23479.91,23420.95,23469.78,5744,196,0
2025-07-29 08:00:00+00:00,23469.68,23489.37,23457.19,23478.72,7862,196,0
2025-07-29 12:00:00+00:00,23479.06,23528.02,23314.41,23379.88,36704,194,0
2025-07-29 16:00:00+00:00,23379.66,23399.79,23299.1,23332.78,28137,191,0
2025-07-29 20:00:00+00:00,23333.09,23360.94,23323.61,23354.48,5581,197,0
2025-07-30 00:00:00+00:00,23354.48,23386.08,23346.35,23378.33,6323,195,0
2025-07-30 04:00:00+00:00,23378.37,23390.1,23354.3,23379.53,6946,195,0
2025-07-30 08:00:00+00:00,23379.3,23401.42,23343.29,23387.79,9148,197,0
2025-07-30 12:00:00+00:00,23387.54,23420.76,23330.8,23410.06,32262,193,0
2025-07-30 16:00:00+00:00,23409.59,23471.14,23237.09,23365.58,63054,191,0
2025-07-30 20:00:00+00:00,23366.1,23622.45,23354.04,23607.05,17195,197,0
2025-07-31 00:00:00+00:00,23607.23,23682.25,23594.77,23679.72,8029,197,0
2025-07-31 04:00:00+00:00,23679.98,23726.07,23659.52,23706.67,9462,199,0
2025-07-31 08:00:00+00:00,23706.69,23707.51,23634.84,23644.82,11715,199,0
2025-07-31 12:00:00+00:00,23644.95,23690.21,23368.08,23466.83,60779,194,0
2025-07-31 16:00:00+00:00,23466.8,23499.49,23189.56,23234.92,65948,194,0
2025-07-31 20:00:00+00:00,23234.43,23329.98,23126.96,23183.23,23860,198,0
2025-08-01 00:00:00+00:00,23182.79,23226.67,23116.48,23188.08,15796,200,0
2025-08-01 04:00:00+00:00,23187.92,23209.11,23012.7,23054.58,21024,199,0
2025-08-01 08:00:00+00:00,23054.79,23056.83,22916.16,23010.01,30998,199,0
2025-08-01 12:00:00+00:00,23009.59,23052.05,22684.25,22891.71,107726,193,0
2025-08-01 16:00:00+00:00,22890.91,22930.43,22674.36,22766.69,77211,191,0
2025-08-01 20:00:00+00:00,22766.28,22779.2,22752.82,22759.74,4350,192,0
2025-08-03 20:00:00+00:00,22743.75,22824.48,22715.93,22820.21,12751,197,0
2025-08-04 00:00:00+00:00,22820.95,22881.71,22810.51,22881.2,15314,194,0
2025-08-04 04:00:00+00:00,22881.02,22937.94,22842.0,22904.7,15886,196,0
2025-08-04 08:00:00+00:00,22905.07,22971.23,22899.72,22936.61,15375,197,0
2025-08-04 12:00:00+00:00,22937.16,23158.55,22930.12,23149.39,40769,191,0
2025-08-04 16:00:00+00:00,23149.58,23201.52,23136.6,23191.26,22365,190,0
2025-08-04 20:00:00+00:00,23191.53,23255.05,23180.11,23231.54,9554,193,0
2025-08-05 00:00:00+00:00,23231.21,23271.51,23211.84,23240.03,10976,198,0
2025-08-05 04:00:00+00:00,23240.03,23293.8,23221.32,23227.33,9530,196,0
2025-08-05 08:00:00+00:00,23227.67,23292.99,23210.28,23280.76,12362,199,0
2025-08-05 12:00:00+00:00,23281.12,23301.01,23011.03,23053.63,63961,193,0
2025-08-05 16:00:00+00:00,23053.14,23150.66,23014.34,23032.04,42857,190,0
2025-08-05 20:00:00+00:00,23032.41,23065.42,22947.82,22954.95,14725,194,0
2025-08-06 00:00:00+00:00,22954.55,23071.47,22951.23,23068.12,13722,198,0
2025-08-06 04:00:00+00:00,23068.34,23125.72,23057.43,23122.32,11372,200,0
2025-08-06 08:00:00+00:00,23121.86,23128.75,23009.72,23077.94,18539,199,0
2025-08-06 12:00:00+00:00,23078.01,23277.25,23042.61,23270.32,62231,192,0
2025-08-06 16:00:00+00:00,23269.84,23345.99,23247.76,23325.82,27161,192,0
2025-08-06 20:00:00+00:00,23326.17,23384.85,23290.55,23356.49,10020,196,0
2025-08-07 00:00:00+00:00,23356.68,23415.44,23349.2,23394.21,9186,199,0
2025-08-07 04:00:00+00:00,23394.26,23417.84,23359.6,23414.09,11162,199,0
2025-08-07 08:00:00+00:00,23413.73,23542.88,23412.63,23487.35,17967,199,0
2025-08-07 12:00:00+00:00,23486.83,23576.84,23384.62,23406.76,67192,196,0
2025-08-07 16:00:00+00:00,23406.29,23421.38,23232.72,23406.44,60826,194,0
2025-08-07 20:00:00+00:00,23405.98,23473.95,23403.87,23446.73,9385,198,0
2025-08-08 00:00:00+00:00,23446.49,23489.2,23435.91,23459.92,8527,198,0
2025-08-08 04:00:00+00:00,23459.92,23463.43,23408.67,23435.66,10320,201,0
2025-08-08 08:00:00+00:00,23435.46,23490.67,23435.46,23483.73,8788,197,0
2025-08-08 12:00:00+00:00,23483.7,23606.41,23427.77,23584.64,38316,195,0
2025-08-08 16:00:00+00:00,23584.14,23626.96,23559.48,23620.0,23470,193,0
2025-08-08 20:00:00+00:00,23620.37,23670.39,23619.27,23660.13,2850,196,0
2025-08-10 20:00:00+00:00,23676.46,23681.41,23614.32,23620.33,5462,201,0
2025-08-11 00:00:00+00:00,23620.01,23684.76,23619.73,23667.22,8121,199,0
2025-08-11 04:00:00+00:00,23667.06,23676.72,23606.27,23618.61,8514,201,0
2025-08-11 08:00:00+00:00,23618.07,23655.33,23580.56,23647.3,12152,199,0
2025-08-11 12:00:00+00:00,23647.5,23679.24,23593.35,23675.54,34589,196,0
2025-08-11 16:00:00+00:00,23675.52,23716.35,23501.81,23551.64,29835,196,0
2025-08-11 20:00:00+00:00,23551.28,23564.61,23528.67,23552.73,7957,198,0
2025-08-12 00:00:00+00:00,23552.25,23582.75,23544.77,23573.21,9875,196,0
2025-08-12 04:00:00+00:00,23573.0,23592.39,23512.57,23579.76,14991,198,0
2025-08-12 08:00:00+00:00,23579.81,23586.01,23522.59,23554.27,11846,198,0
2025-08-12 12:00:00+00:00,23554.53,23783.68,23538.98,23780.5,67342,198,0
2025-08-12 16:00:00+00:00,23780.9,23862.74,23759.92,23848.27,18516,196,0
2025-08-12 20:00:00+00:00,23848.58,23881.53,23838.52,23877.86,5402,196,0
2025-08-13 00:00:00+00:00,23877.42,23883.6,23840.42,23860.3,7602,200,0
2025-08-13 04:00:00+00:00,23860.19,23907.61,23852.86,23906.69,7217,201,0
2025-08-13 08:00:00+00:00,23906.4,23934.24,23894.38,23911.35,8653,202,0
2025-08-13 12:00:00+00:00,23911.52,23986.07,23811.33,23843.02,39418,199,0
2025-08-13 16:00:00+00:00,23843.45,23872.78,23804.89,23859.34,28693,197,0
2025-08-13 20:00:00+00:00,23859.79,23882.18,23829.79,23867.45,5707,200,0
2025-08-14 00:00:00+00:00,23867.82,23876.96,23834.72,23844.19,7676,199,0
2025-08-14 04:00:00+00:00,23843.62,23853.2,23815.45,23850.69,8507,197,0
2025-08-14 08:00:00+00:00,23850.6,23874.07,23834.19,23872.85,7094,200,0
2025-08-14 12:00:00+00:00,23872.44,23922.67,23710.21,23848.25,59174,198,0
2025-08-14 16:00:00+00:00,23848.26,23894.73,23782.21,23837.46,31522,197,0
2025-08-14 20:00:00+00:00,23837.89,23837.89,23787.09,23806.4,9302,199,0
2025-08-15 00:00:00+00:00,23806.66,23849.46,23791.51,23848.72,8128,200,0
2025-08-15 04:00:00+00:00,23849.06,23878.04,23844.1,23855.37,8328,200,0
2025-08-15 08:00:00+00:00,23855.69,23869.06,23790.97,23840.03,11776,200,0
2025-08-15 12:00:00+00:00,23840.43,23844.49,23655.4,23708.82,51705,197,0
2025-08-15 16:00:00+00:00,23708.46,23765.08,23681.97,23724.1,30369,196,0
2025-08-15 20:00:00+00:00,23724.38,23729.84,23697.16,23714.39,2728,198,0
2025-08-17 20:00:00+00:00,23727.74,23786.53,23727.74,23777.95,4136,201,0
2025-08-18 00:00:00+00:00,23777.91,23808.45,23773.04,23784.22,5890,199,0
2025-08-18 04:00:00+00:00,23784.04,23785.97,23696.24,23731.09,11204,201,0
2025-08-18 08:00:00+00:00,23730.71,23736.46,23664.28,23697.57,14612,200,0
2025-08-18 12:00:00+00:00,23697.1,23751.22,23646.3,23674.32,39579,198,0
2025-08-18 16:00:00+00:00,23674.31,23741.6,23647.56,23723.25,21473,196,0
2025-08-18 20:00:00+00:00,23722.86,23766.39,23710.1,23734.23,5770,197,0
2025-08-19 00:00:00+00:00,23733.97,23734.19,23679.7,23682.76,10118,200,0
2025-08-19 04:00:00+00:00,23682.98,23703.93,23663.07,23701.97,8343,202,0
2025-08-19 08:00:00+00:00,23702.04,23735.75,23677.98,23706.92,10136,200,0
2025-08-19 12:00:00+00:00,23706.38,23714.31,23443.65,23488.34,55772,195,0
2025-08-19 16:00:00+00:00,23488.59,23507.52,23351.36,23400.64,37554,194,0
2025-08-19 20:00:00+00:00,23400.33,23420.67,23349.64,23357.11,9488,195,0
2025-08-20 00:00:00+00:00,23357.47,23359.59,23273.94,23280.77,13881,199,0
2025-08-20 04:00:00+00:00,23280.51,23364.68,23271.18,23333.04,12403,199,0
2025-08-20 08:00:00+00:00,23333.02,23387.37,23303.15,23349.51,13927,199,0
2025-08-20 12:00:00+00:00,23349.49,23371.72,22970.54,23107.77,90010,194,0
2025-08-20 16:00:00+00:00,23107.52,23305.43,23105.01,23262.03,56881,195,0
2025-08-20 20:00:00+00:00,23262.44,23278.14,23241.9,23255.08,9582,193,0
2025-08-21 00:00:00+00:00,23255.45,23303.2,23203.51,23276.52,14491,199,0
2025-08-21 04:00:00+00:00,23276.45,23304.2,23247.54,23278.79,14241,199,0
2025-08-21 08:00:00+00:00,23278.46,23292.64,23199.08,23215.26,19822,198,0
2025-08-21 12:00:00+00:00,23214.87,23284.42,23090.86,23137.51,80260,195,0
2025-08-21 16:00:00+00:00,23137.07,23188.01,23055.73,23150.34,43812,193,0
2025-08-21 20:00:00+00:00,23150.74,23185.65,23133.56,23183.28,8230,196,0
2025-08-22 00:00:00+00:00,23182.94,23184.36,23115.23,23129.83,15370,193,0
2025-08-22 04:00:00+00:00,23129.84,23150.65,23012.74,23132.94,16562,193,0
2025-08-22 08:00:00+00:00,23132.94,23217.21,23128.23,23188.21,15881,192,0
2025-08-22 12:00:00+00:00,23188.57,23580.27,23141.78,23497.78,99988,194,0
2025-08-22 16:00:00+00:00,23498.04,23553.87,23441.68,23497.08,34311,194,0
2025-08-22 20:00:00+00:00,23496.82,23516.72,23479.59,23510.06,2715,197,0
2025-08-24 20:00:00+00:00,23528.25,23533.68,23484.14,23513.17,11398,120,0
2025-08-25 00:00:00+00:00,23513.39,23535.94,23459.38,23486.72,17593,100,0
2025-08-25 04:00:00+00:00,23486.48,23506.79,23447.32,23464.61,14192,100,0
2025-08-25 08:00:00+00:00,23464.6,23476.42,23401.12,23436.03,16949,100,0
2025-08-25 12:00:00+00:00,23436.12,23554.9,23383.63,23539.6,113969,80,0
2025-08-25 16:00:00+00:00,23539.43,23552.57,23427.95,23433.98,46729,80,0
2025-08-25 20:00:00+00:00,23434.14,23461.82,23424.61,23438.07,9738,80,0
2025-08-26 00:00:00+00:00,23437.91,23450.32,23312.27,23394.63,45904,100,0
2025-08-26 04:00:00+00:00,23394.73,23427.32,23362.13,23388.69,30786,100,0
2025-08-26 08:00:00+00:00,23388.91,23454.74,23386.57,23419.06,23591,100,0
2025-08-26 12:00:00+00:00,23418.69,23500.57,23378.68,23468.66,110192,80,0
2025-08-26 16:00:00+00:00,23468.84,23550.63,23429.16,23538.67,48182,80,0
2025-08-26 20:00:00+00:00,23538.84,23575.5,23534.34,23567.45,8262,80,0
2025-08-27 00:00:00+00:00,23567.53,23580.6,23546.95,23565.37,8455,100,0
2025-08-27 04:00:00+00:00,23565.37,23573.23,23527.37,23546.35,12645,100,0
2025-08-27 08:00:00+00:00,23546.55,23566.26,23519.63,23559.61,12556,100,0
2025-08-27 12:00:00+00:00,23559.62,23581.41,23441.43,23574.19,85079,80,0
2025-08-27 16:00:00+00:00,23574.13,23607.87,23494.3,23571.91,46423,80,0
2025-08-27 20:00:00+00:00,23572.04,23637.38,23387.99,23464.78,44180,100,0
2025-08-28 00:00:00+00:00,23464.59,23539.61,23444.03,23531.12,16725,100,0
2025-08-28 04:00:00+00:00,23530.96,23588.11,23495.75,23587.94,17920,100,0
2025-08-28 08:00:00+00:00,23587.75,23617.4,23538.36,23574.13,19937,100,0
2025-08-28 12:00:00+00:00,23574.13,23706.84,23528.13,23642.66,173140,80,0
2025-08-28 16:00:00+00:00,23642.47,23758.62,23637.14,23722.74,44542,80,0
2025-08-28 20:00:00+00:00,23722.63,23730.11,23692.78,23705.68,9591,80,0
2025-08-29 00:00:00+00:00,23705.47,23713.65,23676.05,23685.99,9702,100,0
2025-08-29 04:00:00+00:00,23686.2,23694.54,23642.43,23643.25,11979,100,0
2025-08-29 08:00:00+00:00,23643.07,23655.28,23572.81,23600.02,26353,100,0
2025-08-29 12:00:00+00:00,23599.79,23640.96,23374.7,23390.57,176286,80,0
2025-08-29 16:00:00+00:00,23390.83,23450.79,23356.42,23427.91,75695,80,0
2025-08-29 20:00:00+00:00,23427.7,23443.5,23408.12,23418.76,7146,80,0
2025-08-31 20:00:00+00:00,23450.23,23510.11,23428.92,23502.59,8174,120,0
2025-09-01 00:00:00+00:00,23502.78,23516.68,23396.91,23406.84,18920,100,0
2025-09-01 04:00:00+00:00,23406.84,23440.92,23335.44,23433.79,31593,100,0
2025-09-01 08:00:00+00:00,23433.49,23466.12,23410.4,23430.35,20242,100,0
2025-09-01 12:00:00+00:00,23430.32,23470.45,23406.9,23459.22,18823,80,0
2025-09-01 16:00:00+00:00,23459.41,23470.13,23446.0,23467.03,2686,80,0
2025-09-01 20:00:00+00:00,23466.47,23466.47,23393.94,23410.92,8424,120,0
2025-09-02 00:00:00+00:00,23410.77,23449.47,23381.07,23403.59,18112,100,0
2025-09-02 04:00:00+00:00,23403.67,23417.1,23236.41,23245.06,39319,100,0
2025-09-02 08:00:00+00:00,23245.32,23300.59,23186.21,23192.16,47980,100,0
2025-09-02 12:00:00+00:00,23191.97,23249.59,22995.72,23018.49,244873,80,0
2025-09-02 16:00:00+00:00,23018.26,23258.65,23008.73,23245.94,91473,80,0
2025-09-02 20:00:00+00:00,23245.76,23358.37,23238.46,23308.07,32340,80,0
2025-09-03 00:00:00+00:00,23307.69,23313.78,23271.22,23295.74,17602,100,0
2025-09-03 04:00:00+00:00,23295.75,23352.76,23278.71,23346.3,23567,100,0
2025-09-03 08:00:00+00:00,23346.46,23428.43,23340.18,23386.23,27587,100,0
2025-09-03 12:00:00+00:00,23386.27,23495.65,23340.62,23385.94,163765,80,0
2025-09-03 16:00:00+00:00,23385.76,23433.9,23289.22,23421.29,102138,80,0
2025-09-03 20:00:00+00:00,23421.53,23441.02,23406.27,23411.87,11403,80,0
2025-09-04 00:00:00+00:00,23411.62,23505.47,23405.29,23442.54,21765,100,0
2025-09-04 04:00:00+00:00,23442.98,23479.23,23424.9,23461.92,22060,100,0
2025-09-04 08:00:00+00:00,23462.1,23508.06,23450.72,23470.44,20531,100,0
2025-09-04 12:00:00+00:00,23470.57,23529.94,23384.42,23512.9,134553,80,0
2025-09-04 16:00:00+00:00,23512.71,23653.6,23486.53,23639.15,48911,80,0
2025-09-04 20:00:00+00:00,23639.39,23689.92,23632.4,23680.42,15381,80,0
2025-09-05 00:00:00+00:00,23680.43,23716.43,23676.43,23715.42,9391,100,0
2025-09-05 04:00:00+00:00,23715.69,23761.2,23714.45,23730.03,13244,100,0
2025-09-05 08:00:00+00:00,23729.82,23773.19,23722.44,23742.8,14045,100,0
2025-09-05 12:00:00+00:00,23742.95,23875.82,23480.56,23593.51,322830,80,0
2025-09-05 16:00:00+00:00,23593.78,23667.75,23561.33,23665.8,137552,80,0
2025-09-05 20:00:00+00:00,23665.6,23670.11,23641.06,23647.28,4562,80,0
2025-09-07 20:00:00+00:00,23668.39,23765.7,23632.98,23759.54,13809,120,0
2025-09-08 00:00:00+00:00,23759.7,23773.48,23716.49,23737.1,16711,100,0
2025-09-08 04:00:00+00:00,23737.05,23765.08,23708.35,23736.89,20365,70,0
2025-09-08 08:00:00+00:00,23737.07,23772.24,23724.83,23744.93,17831,70,0
2025-09-08 12:00:00+00:00,23745.12,23869.2,23726.49,23856.2,140904,56,0
2025-09-08 16:00:00+00:00,23856.31,23857.0,23743.26,23785.56,87302,56,0
2025-09-08 20:00:00+00:00,23785.36,23816.3,23775.85,23793.92,8295,56,0
2025-09-09 00:00:00+00:00,23794.23,23834.31,23778.32,23826.35,11871,100,0
2025-09-09 04:00:00+00:00,23826.56,23872.51,23802.41,23845.13,15216,70,0
2025-09-09 08:00:00+00:00,23844.97,23850.18,23802.89,23840.42,22449,70,0
2025-09-09 12:00:00+00:00,23840.23,23848.13,23718.38,23772.86,172258,56,0
2025-09-09 16:00:00+00:00,23772.63,23877.18,23770.08,23856.3,81946,56,0
2025-09-09 20:00:00+00:00,23856.39,23907.88,23837.17,23878.65,15493,56,0
2025-09-10 00:00:00+00:00,23878.35,23910.93,23870.36,23909.68,10149,100,0
2025-09-10 04:00:00+00:00,23909.86,23946.0,23904.64,23931.54,12891,70,0
2025-09-10 08:00:00+00:00,23931.73,23948.91,23874.01,23940.6,17444,70,0
2025-09-10 12:00:00+00:00,23940.34,24034.12,23892.03,23941.62,179008,56,0
2025-09-10 16:00:00+00:00,23941.81,23942.14,23782.88,23869.21,106042,56,0
2025-09-10 20:00:00+00:00,23869.41,23910.33,23851.53,23897.61,11142,56,0
2025-09-11 00:00:00+00:00,23897.54,23915.37,23868.48,23910.36,11612,100,0
2025-09-11 04:00:00+00:00,23910.2,23931.66,23868.32,23927.53,17352,70,0
2025-09-11 08:00:00+00:00,23927.6,23951.82,23904.82,23942.86,14587,70,0
2025-09-11 12:00:00+00:00,23942.61,24043.18,23840.44,24016.63,177767,56,0
2025-09-11 16:00:00+00:00,24016.7,24040.85,23992.08,24008.63,71166,56,0
2025-09-11 20:00:00+00:00,24008.86,24024.22,24000.27,24019.1,11322,56,0
2025-09-12 00:00:00+00:00,24018.87,24021.7,23991.31,24007.95,9922,100,0
2025-09-12 04:00:00+00:00,24007.84,24038.41,24006.67,24011.03,13300,70,0
2025-09-12 08:00:00+00:00,24010.82,24048.45,23969.76,24045.52,18216,70,0
2025-09-12 12:00:00+00:00,24045.31,24114.64,24002.27,24091.14,111649,56,0
2025-09-12 16:00:00+00:00,24091.07,24162.23,24072.05,24114.15,75504,56,0
2025-09-12 20:00:00+00:00,24114.24,24122.87,24101.13,24116.4,4631,56,0
2025-09-14 20:00:00+00:00,24130.23,24140.88,24109.41,24121.35,7079,120,0
2025-09-15 00:00:00+00:00,24121.48,24142.77,24102.91,24133.77,12592,100,0
2025-09-15 04:00:00+00:00,24133.51,24174.41,24132.46,24153.83,13122,70,0
2025-09-15 08:00:00+00:00,24153.66,24162.63,24091.59,24158.63,37598,70,0
2025-09-15 12:00:00+00:00,24158.59,24304.4,24154.37,24295.23,104181,56,0
2025-09-15 16:00:00+00:00,24295.41,24329.68,24260.79,24325.98,74901,56,0
2025-09-15 20:00:00+00:00,24325.91,24327.1,24300.43,24322.22,9391,56,0
2025-09-16 00:00:00+00:00,24322.49,24363.65,24302.88,24361.09,9588,100,0
2025-09-16 04:00:00+00:00,24361.04,24393.9,24352.88,24378.48,13712,70,0
2025-09-16 08:00:00+00:00,24378.45,24423.24,24372.67,24380.17,19164,70,0
2025-09-16 12:00:00+00:00,24380.34,24384.64,24280.89,24287.14,106573,56,0
2025-09-16 16:00:00+00:00,24287.05,24340.7,24277.64,24303.27,58639,56,0
2025-09-16 20:00:00+00:00,24303.03,24329.73,24299.75,24321.32,6574,56,0
2025-09-17 00:00:00+00:00,24321.24,24328.07,24291.74,24296.91,8312,100,0
2025-09-17 04:00:00+00:00,24297.08,24331.32,24280.28,24328.73,11732,70,0
2025-09-17 08:00:00+00:00,24328.56,24328.74,24235.09,24281.48,31423,70,0
2025-09-17 12:00:00+00:00,24281.74,24321.24,24177.73,24187.3,97403,56,0
2025-09-17 16:00:00+00:00,24187.13,24325.95,24016.89,24253.04,486405,56,0
2025-09-17 20:00:00+00:00,24253.13,24364.43,24246.37,24360.88,16768,56,0
2025-09-18 00:00:00+00:00,24360.97,24422.41,24337.92,24414.04,13299,100,0
2025-09-18 04:00:00+00:00,24414.09,24448.13,24364.1,24441.11,20800,70,0
2025-09-18 08:00:00+00:00,24441.12,24531.63,24434.04,24519.15,32455,70,0
2025-09-18 12:00:00+00:00,24519.35,24592.72,24375.52,24515.38,167860,56,0
2025-09-18 16:00:00+00:00,24515.06,24575.19,24474.53,24475.26,93876,56,0
2025-09-18 20:00:00+00:00,24475.46,24528.38,24463.31,24520.3,10810,56,0
2025-09-19 00:00:00+00:00,24520.07,24529.11,24475.42,24493.08,17929,100,0
2025-09-19 04:00:00+00:00,24493.27,24503.85,24435.77,24466.27,27885,70,0
2025-09-19 08:00:00+00:00,24466.21,24518.32,24461.27,24518.32,21094,70,0
2025-09-19 12:00:00+00:00,24518.37,24595.54,24489.7,24552.81,132249,56,0
2025-09-19 16:00:00+00:00,24552.67,24667.64,24551.63,24640.3,61980,56,0
2025-09-19 20:00:00+00:00,24640.13,24659.6,24633.08,24635.84,5107,56,0
2025-09-21 20:00:00+00:00,24636.34,24650.49,24611.01,24635.03,6223,120,0
2025-09-22 00:00:00+00:00,24634.78,24659.4,24612.24,24642.92,12858,100,0
2025-09-22 04:00:00+00:00,24642.83,24645.83,24534.65,24571.19,18778,70,0
2025-09-22 08:00:00+00:00,24571.39,24610.14,24545.63,24574.03,26132,70,0
2025-09-22 12:00:00+00:00,24574.18,24722.89,24551.17,24695.68,86840,56,0
2025-09-22 16:00:00+00:00,24695.45,24811.06,24694.64,24783.13,77130,56,0
2025-09-22 20:00:00+00:00,24783.05,24790.67,24761.33,24784.17,8273,56,0
2025-09-23 00:00:00+00:00,24784.32,24794.03,24772.37,24789.7,7972,100,0
2025-09-23 04:00:00+00:00,24789.5,24801.63,24764.67,24787.11,12068,70,0
2025-09-23 08:00:00+00:00,24786.8,24813.05,24760.25,24787.36,14672,70,0
2025-09-23 12:00:00+00:00,24787.41,24797.59,24716.88,24732.88,107052,56,0
2025-09-23 16:00:00+00:00,24732.69,24741.16,24566.89,24616.84,150354,56,0
2025-09-23 20:00:00+00:00,24616.63,24651.85,24610.58,24631.87,9369,56,0
2025-09-24 00:00:00+00:00,24631.72,24636.24,24602.57,24627.11,12052,100,0
2025-09-24 04:00:00+00:00,24627.13,24689.17,24625.88,24688.9,13482,70,0
2025-09-24 08:00:00+00:00,24689.15,24703.26,24667.23,24680.27,17210,70,0
2025-09-24 12:00:00+00:00,24680.02,24689.76,24468.85,24469.55,124820,56,0
2025-09-24 16:00:00+00:00,24469.76,24546.27,24419.92,24529.32,112825,56,0
2025-09-24 20:00:00+00:00,24529.12,24550.85,24529.03,24549.72,7312,56,0
2025-09-25 00:00:00+00:00,24549.65,24586.99,24546.66,24579.64,8754,100,0
2025-09-25 04:00:00+00:00,24579.93,24582.36,24488.59,24531.16,16557,70,0
2025-09-25 08:00:00+00:00,24531.21,24555.56,24381.36,24388.34,35601,70,0
2025-09-25 12:00:00+00:00,24388.16,24490.2,24217.02,24471.48,221930,56,0
2025-09-25 16:00:00+00:00,24471.41,24485.18,24247.94,24423.68,177828,56,0
2025-09-25 20:00:00+00:00,24423.88,24461.31,24404.97,24413.1,14316,56,0
2025-09-26 00:00:00+00:00,24413.35,24428.9,24375.59,24391.26,18458,100,0
2025-09-26 04:00:00+00:00,24391.02,24468.88,24372.23,24442.58,27311,70,0
2025-09-26 08:00:00+00:00,24442.84,24455.63,24366.39,24436.48,35598,70,0
2025-09-26 12:00:00+00:00,24436.39,24542.79,24316.25,24376.49,253225,56,0
2025-09-26 16:00:00+00:00,24376.68,24532.2,24364.16,24520.74,114209,56,0
2025-09-26 20:00:00+00:00,24520.9,24540.99,24516.68,24522.31,3853,63,0
2025-09-28 20:00:00+00:00,24533.64,24582.46,24529.33,24576.75,9046,120,0
2025-09-29 00:00:00+00:00,24576.95,24622.82,24569.86,24619.61,13252,100,0
2025-09-29 04:00:00+00:00,24619.8,24669.34,24618.37,24658.51,15739,70,0
2025-09-29 08:00:00+00:00,24658.31,24706.7,24657.04,24681.93,21825,70,0
2025-09-29 12:00:00+00:00,24682.03,24779.09,24637.33,24655.37,137577,56,0
2025-09-29 16:00:00+00:00,24655.14,24675.48,24585.84,24643.3,95565,56,0
2025-09-29 20:00:00+00:00,24643.13,24651.02,24610.45,24630.89,8894,56,0
2025-09-30 00:00:00+00:00,24630.66,24663.58,24613.22,24648.75,15386,100,0
2025-09-30 04:00:00+00:00,24648.94,24663.97,24563.28,24598.97,26520,70,0
2025-09-30 08:00:00+00:00,24598.14,24628.33,24572.11,24612.42,33459,70,0
2025-09-30 12:00:00+00:00,24612.55,24671.44,24532.12,24620.48,174011,56,0
2025-09-30 16:00:00+00:00,24620.24,24722.21,24541.25,24705.41,110850,56,0
2025-09-30 20:00:00+00:00,24705.26,24709.71,24631.11,24640.8,17402,56,0
2025-10-01 00:00:00+00:00,24640.89,24647.03,24572.97,24581.94,19932,100,0
2025-10-01 04:00:00+00:00,24581.8,24592.05,24444.56,24482.65,36117,70,0
2025-10-01 08:00:00+00:00,24482.55,24612.05,24464.7,24607.95,38464,70,0
2025-10-01 12:00:00+00:00,24607.72,24745.21,24535.5,24738.21,156093,56,0
2025-10-01 16:00:00+00:00,24738.28,24843.34,24737.23,24822.19,68663,56,0
2025-10-01 20:00:00+00:00,24822.41,24840.8,24802.98,24835.05,9508,56,0
2025-10-02 00:00:00+00:00,24834.98,24889.02,24832.11,24876.69,14085,100,0
2025-10-02 04:00:00+00:00,24876.85,24900.56,24864.47,24890.05,19316,70,0
2025-10-02 08:00:00+00:00,24890.15,24963.91,24886.81,24962.01,22494,70,0
2025-10-02 12:00:00+00:00,24962.21,24993.51,24807.94,24890.42,168675,56,0
2025-10-02 16:00:00+00:00,24890.62,24937.94,24847.18,24920.29,85119,56,0
2025-10-02 20:00:00+00:00,24920.4,24936.83,24885.23,24935.85,8795,56,0
2025-10-03 00:00:00+00:00,24936.08,24986.5,24927.6,24982.07,10791,100,0
2025-10-03 04:00:00+00:00,24981.97,25005.12,24968.0,24993.91,11742,70,0
2025-10-03 08:00:00+00:00,24993.85,25007.6,24941.39,24949.91,16883,70,0
2025-10-03 12:00:00+00:00,24949.71,24979.54,24864.77,24957.29,125055,56,0
2025-10-03 16:00:00+00:00,24957.21,24967.46,24737.08,24807.22,165682,56,0
2025-10-03 20:00:00+00:00,24807.42,24817.42,24785.49,24796.67,4658,63,0
2025-10-05 20:00:00+00:00,24828.99,24907.28,24820.83,24888.54,12825,120,0
2025-10-06 00:00:00+00:00,24888.78,24919.39,24871.63,24909.5,12970,100,0
2025-10-06 04:00:00+00:00,24909.65,24929.37,24865.03,24900.97,21345,70,0
2025-10-06 08:00:00+00:00,24901.23,25005.28,24898.34,25003.86,34669,70,0
2025-10-06 12:00:00+00:00,25004.04,25058.24,24930.07,25026.73,161971,56,0
2025-10-06 16:00:00+00:00,25026.63,25070.85,24999.89,25002.72,75200,56,0
2025-10-06 20:00:00+00:00,25002.88,25018.34,24954.63,24966.1,12808,56,0
2025-10-07 00:00:00+00:00,24965.88,24987.22,24946.59,24981.96,13925,100,0
2025-10-07 04:00:00+00:00,24981.88,25008.32,24958.88,24982.86,16988,70,0
2025-10-07 08:00:00+00:00,24982.62,25033.9,24950.78,25033.73,18586,70,0
2025-10-07 12:00:00+00:00,25033.55,25096.29,24808.56,24852.15,179897,56,0
2025-10-07 16:00:00+00:00,24852.31,24912.3,24813.15,24867.35,131909,56,0
2025-10-07 20:00:00+00:00,24867.44,24906.88,24854.5,24857.68,11667,56,0
2025-10-08 00:00:00+00:00,24857.48,24915.88,24851.98,24910.74,15202,100,0
2025-10-08 04:00:00+00:00,24910.78,24917.76,24851.77,24907.77,20479,70,0
2025-10-08 08:00:00+00:00,24907.76,24935.68,24882.02,24912.38,22491,70,0
2025-10-08 12:00:00+00:00,24912.22,25085.78,24866.43,25079.71,113943,56,0
2025-10-08 16:00:00+00:00,25079.78,25169.4,25058.8,25155.04,70362,56,0
2025-10-08 20:00:00+00:00,25154.95,25220.01,25146.47,25207.9,10823,56,0
2025-10-09 00:00:00+00:00,25208.01,25208.01,25135.05,25154.42,16195,100,0
2025-10-09 04:00:00+00:00,25154.63,25195.1,25151.75,25165.37,17761,70,0
2025-10-09 08:00:00+00:00,25165.23,25171.34,25122.18,25140.59,22924,70,0
2025-10-09 12:00:00+00:00,25140.77,25165.16,25022.17,25090.71,157781,56,0
2025-10-09 16:00:00+00:00,25090.79,25123.35,24988.64,25123.12,132661,56,0
2025-10-09 20:00:00+00:00,25123.32,25165.92,25096.68,25165.27,11602,56,0
2025-10-10 00:00:00+00:00,25165.6,25185.35,25140.78,25147.25,11379,100,0
2025-10-10 04:00:00+00:00,25147.26,25184.21,25124.99,25148.72,22943,70,0
2025-10-10 08:00:00+00:00,25148.54,25172.3,25081.51,25152.9,33060,70,0
2025-10-10 12:00:00+00:00,25152.87,25216.74,24500.5,24656.73,600764,56,0
2025-10-10 16:00:00+00:00,24656.54,24676.38,24218.79,24237.39,626225,56,0
2025-10-10 20:00:00+00:00,24237.51,24279.79,24018.61,24037.25,34541,56,0
2025-10-12 20:00:00+00:00,24567.2,24635.71,24459.17,24628.02,30447,120,0
2025-10-13 00:00:00+00:00,24628.0,24695.8,24597.87,24615.06,49387,100,0
2025-10-13 04:00:00+00:00,24615.31,24787.25,24611.67,24745.34,51869,70,0
2025-10-13 08:00:00+00:00,24745.52,24749.75,24576.6,24637.95,92085,70,0
2025-10-13 12:00:00+00:00,24637.88,24754.56,24565.42,24734.65,353147,56,0
2025-10-13 16:00:00+00:00,24734.69,24805.74,24711.06,24764.64,133395,56,0
2025-10-13 20:00:00+00:00,24764.44,24776.96,24741.27,24756.36,15276,56,0
2025-10-14 00:00:00+00:00,24756.12,24888.52,24749.17,24755.74,44497,100,0
2025-10-14 04:00:00+00:00,24755.9,24761.32,24443.93,24491.48,154539,70,0
2025-10-14 08:00:00+00:00,24491.59,24556.6,24346.37,24497.83,128858,70,0
2025-10-14 12:00:00+00:00,24497.67,24682.67,24266.75,24649.71,395952,56,0
2025-10-14 16:00:00+00:00,24649.53,24791.72,24530.94,24600.03,258474,56,0
2025-10-14 20:00:00+00:00,24599.95,24664.11,24538.54,24619.32,33347,56,0
2025-10-15 00:00:00+00:00,24619.1,24701.11,24587.33,24654.45,39806,100,0
2025-10-15 04:00:00+00:00,24654.5,24772.02,24648.24,24747.75,40903,70,0
2025-10-15 08:00:00+00:00,24747.94,24838.76,24746.19,24807.42,42476,70,0
2025-10-15 12:00:00+00:00,24807.18,24960.2,24723.5,24780.41,244021,56,0
2025-10-15 16:00:00+00:00,24780.5,24838.0,24509.98,24771.17,325033,56,0
2025-10-15 20:00:00+00:00,24771.0,24839.2,24758.06,24790.9,26969,63,0
2025-10-16 00:00:00+00:00,24790.69,24803.9,24722.05,24763.39,42333,100,0
2025-10-16 04:00:00+00:00,24763.16,24903.59,24758.49,24887.36,49791,70,0
2025-10-16 08:00:00+00:00,24887.22,24933.18,24853.54,24914.42,41731,70,0
2025-10-16 12:00:00+00:00,24914.17,25028.93,24794.91,24820.84,336768,56,0
2025-10-16 16:00:00+00:00,24821.02,24846.63,24490.24,24682.89,688610,56,0
2025-10-16 20:00:00+00:00,24682.71,24712.77,24575.02,24614.37,46420,63,0
2025-10-17 00:00:00+00:00,24614.14,24689.66,24560.38,24586.21,54106,100,0
2025-10-17 04:00:00+00:00,24585.99,24594.48,24284.8,24328.3,130547,70,0
2025-10-17 08:00:00+00:00,24328.48,24589.43,24264.85,24585.56,202143,70,0
2025-10-17 12:00:00+00:00,24585.79,24814.45,24526.0,24703.41,616007,56,0
2025-10-17 16:00:00+00:00,24703.19,24907.41,24682.36,24842.37,279724,56,0
2025-10-17 20:00:00+00:00,24842.15,24897.33,24830.83,24885.44,7650,63,0
2025-10-19 20:00:00+00:00,24935.42,24958.67,24848.31,24872.55,19982,120,0
2025-10-20 00:00:00+00:00,24872.34,24959.92,24816.49,24956.73,37781,100,0
2025-10-20 04:00:00+00:00,24956.74,25013.03,24946.13,24981.73,34740,70,0
2025-10-20 08:00:00+00:00,24981.72,24993.85,24898.92,24944.92,52238,70,0
2025-10-20 12:00:00+00:00,24944.72,25204.45,24936.2,25176.76,154073,56,0
2025-10-20 16:00:00+00:00,25176.94,25214.87,25151.25,25159.57,77050,56,0
2025-10-20 20:00:00+00:00,25159.48,25209.72,25149.26,25188.8,12726,56,0
2025-10-21 00:00:00+00:00,25188.51,25233.35,25176.49,25193.95,17117,100,0
2025-10-21 04:00:00+00:00,25193.93,25195.36,25127.31,25142.86,31505,70,0
2025-10-21 08:00:00+00:00,25143.11,25171.66,25118.88,25170.71,31010,70,0
2025-10-21 12:00:00+00:00,25170.45,25190.53,25067.47,25186.48,170047,56,0
2025-10-21 16:00:00+00:00,25186.09,25211.24,25114.43,25156.23,107482,56,0
2025-10-21 20:00:00+00:00,25156.46,25163.05,25093.26,25113.15,21963,56,0
2025-10-22 00:00:00+00:00,25113.38,25159.89,25084.39,25158.42,21925,100,0
2025-10-22 04:00:00+00:00,25158.5,25205.41,25138.94,25165.43,28947,70,0
2025-10-22 08:00:00+00:00,25165.17,25172.34,25074.3,25091.9,42976,70,0
2025-10-22 12:00:00+00:00,25091.76,25156.67,24871.5,24966.24,261055,56,0
2025-10-22 16:00:00+00:00,24966.43,24976.22,24674.48,24906.46,422753,56,0
2025-10-22 20:00:00+00:00,24906.63,24943.16,24863.4,24867.52,25364,63,0
2025-10-23 00:00:00+00:00,24867.24,24984.25,24821.96,24957.15,33160,100,0
2025-10-23 04:00:00+00:00,24957.0,24998.38,24925.45,24964.92,36611,70,0
2025-10-23 08:00:00+00:00,24964.68,24988.78,24835.03,24844.56,52094,70,0
2025-10-23 12:00:00+00:00,24844.42,25089.4,24809.13,25064.4,99014,56,0
2025-10-23 16:00:00+00:00,25064.7,25154.15,25055.99,25122.29,38724,192,0
2025-10-23 20:00:00+00:00,25122.66,25177.9,25117.98,25171.17,9682,192,0
2025-10-24 00:00:00+00:00,25171.55,25203.47,25158.76,25203.06,10650,160,0
2025-10-24 04:00:00+00:00,25202.98,25254.5,25193.57,25210.89,11712,192,0
2025-10-24 08:00:00+00:00,25211.06,25266.66,25197.88,25247.84,13330,192,0
2025-10-24 12:00:00+00:00,25247.91,25421.31,25232.1,25398.0,67780,173,0
2025-10-24 16:00:00+00:00,25397.65,25441.49,25371.57,25382.14,27887,192,0
2025-10-24 20:00:00+00:00,25381.86,25399.02,25371.17,25386.47,3135,192,0
2025-10-26 20:00:00+00:00,25614.05,25635.57,25583.05,25600.22,12874,192,0
2025-10-27 00:00:00+00:00,25599.83,25655.1,25590.01,25643.43,12647,180,0
2025-10-27 04:00:00+00:00,25643.35,25698.84,25635.94,25675.21,10387,216,0
2025-10-27 08:00:00+00:00,25675.19,25733.73,25651.28,25702.56,14846,216,0
2025-10-27 12:00:00+00:00,25702.22,25789.27,25678.26,25773.96,43498,173,0
2025-10-27 16:00:00+00:00,25774.03,25862.34,25770.38,25842.53,20324,192,0
2025-10-27 20:00:00+00:00,25842.25,25901.9,25841.82,25878.66,8271,192,0
2025-10-28 00:00:00+00:00,25878.33,25879.48,25845.58,25865.57,11012,180,0
2025-10-28 04:00:00+00:00,25865.49,25868.39,25830.08,25841.92,11171,216,0
2025-10-28 08:00:00+00:00,25842.07,25887.14,25826.61,25877.35,13011,216,0
2025-10-28 12:00:00+00:00,25877.04,25977.49,25876.05,25944.44,43516,173,0
2025-10-28 16:00:00+00:00,25944.29,26113.09,25944.29,26042.83,34699,192,0
2025-10-28 20:00:00+00:00,26042.45,26075.8,26033.06,26070.21,8920,192,0
2025-10-29 00:00:00+00:00,26070.15,26137.27,26052.62,26129.69,13267,180,0
2025-10-29 04:00:00+00:00,26129.52,26184.64,26105.76,26178.22,10308,216,0
2025-10-29 08:00:00+00:00,26177.75,26194.4,26111.5,26160.07,19088,216,0
2025-10-29 12:00:00+00:00,26159.75,26211.08,26103.49,26121.98,44892,173,0
2025-10-29 16:00:00+00:00,26121.97,26172.29,25935.12,26172.29,149861,216,0
2025-10-29 20:00:00+00:00,26171.77,26264.24,26045.06,26125.5,31527,192,0
2025-10-30 00:00:00+00:00,26125.54,26288.6,26125.54,26267.81,30548,180,0
2025-10-30 04:00:00+00:00,26267.87,26272.3,26031.58,26159.54,62645,216,0
2025-10-30 08:00:00+00:00,26159.4,26180.15,26084.28,26148.39,34391,216,0
2025-10-30 12:00:00+00:00,26148.6,26160.76,25832.27,25884.09,153439,173,0
2025-10-30 16:00:00+00:00,25884.05,25989.89,25759.61,25760.38,70175,216,0
2025-10-30 20:00:00+00:00,25760.09,26072.78,25743.38,26063.24,32407,192,0
2025-10-31 00:00:00+00:00,26063.49,26105.45,26029.47,26081.4,21696,180,0
2025-10-31 04:00:00+00:00,26081.04,26110.39,26035.58,26108.65,17850,216,0
2025-10-31 08:00:00+00:00,26108.65,26121.66,26049.19,26111.64,22776,216,0
2025-10-31 12:00:00+00:00,26111.64,26163.61,25942.25,25944.1,79903,173,0
2025-10-31 16:00:00+00:00,25943.63,26011.92,25782.32,25888.68,82536,216,0
2025-10-31 20:00:00+00:00,25888.38,25891.72,25861.57,25882.26,5892,216,0
2025-11-02 20:00:00+00:00,25922.1,25996.18,25917.3,25984.71,5889,192,0
2025-11-03 00:00:00+00:00,25984.73,26026.0,25955.66,25981.16,18230,180,0
2025-11-03 04:00:00+00:00,25980.89,25991.08,25921.53,25935.46,17918,216,0
2025-11-03 08:00:00+00:00,25935.73,26081.26,25923.97,26055.88,23289,216,0
2025-11-03 12:00:00+00:00,26055.97,26169.47,25921.68,25992.85,69067,173,0
2025-11-03 16:00:00+00:00,25993.25,26071.15,25950.29,26023.33,53445,216,0
2025-11-03 20:00:00+00:00,26023.71,26085.2,25972.4,25978.92,18061,192,0
2025-11-04 00:00:00+00:00,25978.63,25978.63,25837.01,25840.43,27943,180,0
2025-11-04 04:00:00+00:00,25840.45,25853.53,25644.97,25700.23,38255,216,0
2025-11-04 08:00:00+00:00,25700.6,25703.11,25555.97,25676.56,43008,216,0
2025-11-04 12:00:00+00:00,25676.83,25800.69,25574.19,25697.71,77819,173,0
2025-11-04 16:00:00+00:00,25697.43,25730.93,25484.89,25514.83,84102,216,0
2025-11-04 20:00:00+00:00,25515.28,25552.56,25416.36,25418.19,35162,192,0
2025-11-05 00:00:00+00:00,25418.27,25433.7,25198.15,25429.37,69601,180,0
2025-11-05 04:00:00+00:00,25429.41,25466.03,25354.74,25387.92,37723,192,0
2025-11-05 08:00:00+00:00,25388.34,25465.68,25317.71,25395.12,38853,216,0
2025-11-05 12:00:00+00:00,25394.75,25649.35,25372.24,25634.3,88516,173,0
2025-11-05 16:00:00+00:00,25633.82,25791.98,25572.28,25778.27,49868,192,0
2025-11-05 20:00:00+00:00,25778.11,25791.92,25610.0,25691.52,24055,192,0
2025-11-06 00:00:00+00:00,25691.58,25693.02,25537.73,25640.69,37033,180,0
2025-11-06 04:00:00+00:00,25640.75,25662.38,25562.16,25564.3,22872,216,0
2025-11-06 08:00:00+00:00,25564.83,25695.89,25548.07,25666.39,29204,192,0
2025-11-06 12:00:00+00:00,25665.82,25740.7,25209.92,25219.94,105006,173,0
2025-11-06 16:00:00+00:00,25220.44,25357.45,25120.46,25322.94,139808,192,0
2025-11-06 20:00:00+00:00,25323.27,25333.71,25147.22,25241.94,41727,192,0
2025-11-07 00:00:00+00:00,25242.06,25274.37,25125.62,25148.57,48894,180,0
2025-11-07 04:00:00+00:00,25148.77,25272.02,25087.64,25259.44,29801,192,0
2025-11-07 08:00:00+00:00,25259.67,25278.13,25010.48,25105.63,48077,192,0
2025-11-07 12:00:00+00:00,25105.21,25121.26,24750.35,24750.35,151746,173,0
2025-11-07 16:00:00+00:00,24750.06,25039.24,24636.75,25037.01,122674,192,0
2025-11-07 20:00:00+00:00,25036.62,25147.25,24946.63,25147.25,42857,192,0
2025-11-09 20:00:00+00:00,25268.89,25317.42,25229.67,25267.54,9056,192,0
2025-11-10 00:00:00+00:00,25267.38,25418.63,25201.47,25390.43,35451,160,0
2025-11-10 04:00:00+00:00,25390.27,25435.72,25388.37,25422.06,21679,192,0
2025-11-10 08:00:00+00:00,25422.55,25501.19,25390.13,25477.89,26388,192,0
2025-11-10 12:00:00+00:00,25478.24,25597.75,25445.76,25455.92,60025,173,0
2025-11-10 16:00:00+00:00,25456.29,25650.22,25386.93,25636.33,59624,192,0
2025-11-10 20:00:00+00:00,25636.36,25693.7,25630.88,25679.39,20803,192,0
2025-11-11 00:00:00+00:00,25679.49,25706.37,25655.7,25675.04,27002,180,0
2025-11-11 04:00:00+00:00,25675.11,25678.02,25582.98,25590.18,25120,216,0
2025-11-11 08:00:00+00:00,25590.86,25619.34,25533.54,25559.53,27179,216,0
2025-11-11 12:00:00+00:00,25559.25,25581.88,25423.35,25449.95,64882,173,0
2025-11-11 16:00:00+00:00,25450.26,25630.37,25415.51,25598.13,60358,192,0
2025-11-11 20:00:00+00:00,25598.32,25623.67,25555.57,25588.32,19828,192,0
2025-11-12 00:00:00+00:00,25588.67,25698.88,25587.75,25667.26,23720,180,0
2025-11-12 04:00:00+00:00,25667.13,25751.05,25632.85,25716.83,15822,192,0
2025-11-12 08:00:00+00:00,25717.67,25767.83,25667.73,25674.67,22476,216,0
2025-11-12 12:00:00+00:00,25674.94,25749.75,25470.28,25495.46,68848,173,0
2025-11-12 16:00:00+00:00,25495.73,25576.63,25427.95,25520.85,80080,192,0
2025-11-12 20:00:00+00:00,25520.61,25593.7,25445.21,25483.31,32613,192,0
2025-11-13 00:00:00+00:00,25483.57,25662.53,25480.9,25618.66,42892,180,0
2025-11-13 04:00:00+00:00,25618.69,25663.6,25607.03,25608.98,20358,192,0
2025-11-13 08:00:00+00:00,25609.11,25629.34,25475.16,25533.13,40072,192,0
2025-11-13 12:00:00+00:00,25532.85,25557.74,25139.94,25200.59,124180,173,0
2025-11-13 16:00:00+00:00,25200.22,25218.91,24943.69,24994.94,167812,192,0
2025-11-13 20:00:00+00:00,24995.33,25107.92,24956.7,25049.08,63614,192,0
2025-11-14 00:00:00+00:00,25048.79,25096.0,25027.78,25051.26,35176,160,0
2025-11-14 04:00:00+00:00,25051.36,25059.13,24874.23,24939.35,52058,192,0
2025-11-14 08:00:00+00:00,24939.66,24976.33,24719.06,24770.97,63009,192,0
2025-11-14 12:00:00+00:00,24770.53,25120.94,24569.54,25084.12,192317,173,0
2025-11-14 16:00:00+00:00,25083.78,25235.05,25011.28,25169.64,138929,192,0
2025-11-14 20:00:00+00:00,25170.0,25192.96,25013.79,25074.25,34349,192,0
2025-11-16 20:00:00+00:00,25091.73,25137.28,24971.93,25119.77,12804,192,0
2025-11-17 00:00:00+00:00,25119.5,25218.85,25062.96,25215.08,44912,160,0
2025-11-17 04:00:00+00:00,25215.15,25276.86,25179.05,25263.37,24065,192,0
2025-11-17 08:00:00+00:00,25263.31,25310.72,25119.46,25152.13,44040,192,0
2025-11-17 12:00:00+00:00,25152.54,25203.55,24905.06,25025.99,137996,173,0
2025-11-17 16:00:00+00:00,25026.37,25148.12,24703.17,24705.26,136770,192,0
2025-11-17 20:00:00+00:00,24704.79,24904.21,24680.73,24870.14,59025,192,0
2025-11-18 00:00:00+00:00,24870.21,24909.85,24712.38,24735.91,60677,180,0
2025-11-18 04:00:00+00:00,24735.61,24735.61,24556.04,24651.94,70778,192,0
2025-11-18 08:00:00+00:00,24652.3,24809.27,24648.25,24752.1,62527,192,0
2025-11-18 12:00:00+00:00,24751.73,24782.29,24380.43,24408.51,252746,173,0
2025-11-18 16:00:00+00:00,24408.26,24761.5,24330.37,24727.05,273751,192,0
2025-11-18 20:00:00+00:00,24727.38,24746.97,24475.46,24543.92,77406,192,0
2025-11-19 00:00:00+00:00,24544.25,24608.49,24451.09,24495.16,68478,160,0
2025-11-19 04:00:00+00:00,24494.99,24578.59,24398.2,24560.43,49040,192,0
2025-11-19 08:00:00+00:00,24560.02,24682.98,24521.63,24642.87,47687,192,0
2025-11-19 12:00:00+00:00,24643.17,24940.5,24526.24,24723.73,127491,173,0
2025-11-19 16:00:00+00:00,24723.39,24740.23,24463.64,24612.22,230375,192,0
2025-11-19 20:00:00+00:00,24611.89,25064.29,24597.77,25062.51,93413,192,0
2025-11-20 00:00:00+00:00,25062.24,25149.52,25042.29,25123.01,36619,160,0
2025-11-20 04:00:00+00:00,25122.67,25162.23,25086.93,25103.9,29294,192,0
2025-11-20 08:00:00+00:00,25104.27,25138.3,24977.99,25041.36,50272,192,0
2025-11-20 12:00:00+00:00,25040.97,25267.23,25016.13,25119.98,165040,173,0
2025-11-20 16:00:00+00:00,25119.68,25122.34,24157.28,24347.41,518893,192,0
2025-11-20 20:00:00+00:00,24346.8,24346.8,23970.9,24088.11,128338,192,0
2025-11-21 00:00:00+00:00,24087.79,24187.49,24064.61,24142.5,62020,180,0
2025-11-21 04:00:00+00:00,24142.46,24156.8,24010.58,24027.99,52830,192,0
2025-11-21 08:00:00+00:00,24028.27,24165.91,23856.4,24008.61,90758,192,0
2025-11-21 12:00:00+00:00,24008.31,24248.29,23879.67,23974.14,350542,173,0
2025-11-21 16:00:00+00:00,23974.49,24544.5,23887.12,24410.65,331575,192,0
2025-11-21 20:00:00+00:00,24410.32,24446.37,24236.9,24299.5,76042,192,0
2025-11-23 20:00:00+00:00,24438.81,24492.73,24414.7,24428.85,8318,191,0
2025-11-24 00:00:00+00:00,24428.64,24479.56,24362.45,24441.46,33585,192,0
2025-11-24 04:00:00+00:00,24441.21,24482.51,24389.89,24471.21,26843,192,0
2025-11-24 08:00:00+00:00,24470.96,24520.07,24320.53,24411.87,52203,192,0
2025-11-24 12:00:00+00:00,24411.57,24771.09,24379.61,24733.82,133154,192,0
2025-11-24 16:00:00+00:00,24734.14,24915.25,24734.14,24871.64,59429,192,0
2025-11-24 20:00:00+00:00,24872.05,24949.94,24870.65,24918.69,27635,192,0
2025-11-25 00:00:00+00:00,24918.65,24922.88,24875.57,24883.56,23772,192,0
2025-11-25 04:00:00+00:00,24883.96,24915.24,24841.23,24874.27,18220,192,0
2025-11-25 08:00:00+00:00,24874.23,24890.9,24782.23,24834.59,33751,192,0
2025-11-25 12:00:00+00:00,24834.03,24935.06,24563.3,24779.53,141267,192,0
2025-11-25 16:00:00+00:00,24779.22,25021.96,24735.63,24978.31,72533,192,0
2025-11-25 20:00:00+00:00,24978.38,25098.07,24977.63,25050.2,19992,192,0
2025-11-26 00:00:00+00:00,25050.16,25160.39,25031.55,25145.16,17343,192,0
2025-11-26 04:00:00+00:00,25145.19,25199.03,25125.29,25176.22,13210,192,0
2025-11-26 08:00:00+00:00,25175.79,25188.1,25102.92,25144.44,24517,192,0
2025-11-26 12:00:00+00:00,25144.08,25248.12,25085.21,25236.89,83299,192,0
2025-11-26 16:00:00+00:00,25236.41,25343.61,25232.06,25300.45,45986,192,0
2025-11-26 20:00:00+00:00,25300.29,25328.16,25261.61,25292.69,16372,192,0
2025-11-27 00:00:00+00:00,25292.27,25308.12,25273.54,25282.63,13400,192,0
2025-11-27 04:00:00+00:00,25282.4,25305.93,25265.63,25291.57,9467,192,0
2025-11-27 08:00:00+00:00,25291.51,25297.82,25262.36,25274.91,12955,192,0
2025-11-27 12:00:00+00:00,25275.05,25286.6,25256.5,25269.96,10086,216,0
2025-11-27 16:00:00+00:00,25269.68,25273.09,25255.4,25270.3,2654,216,0
2025-11-27 20:00:00+00:00,25284.06,25303.19,25276.28,25299.41,2871,216,0
2025-11-28 00:00:00+00:00,25299.39,25337.49,25296.05,25318.21,3856,240,0
2025-11-28 12:00:00+00:00,25341.93,25392.53,25302.99,25381.23,19502,216,0
2025-11-28 16:00:00+00:00,25380.94,25470.5,25340.34,25454.87,22572,192,0
2025-11-30 20:00:00+00:00,25491.62,25515.65,25427.94,25451.82,8115,216,0
2025-12-01 00:00:00+00:00,25451.91,25454.71,25222.66,25245.12,39268,192,0
2025-12-01 04:00:00+00:00,25244.68,25268.85,25179.0,25263.24,22190,192,0
2025-12-01 08:00:00+00:00,25263.67,25326.74,25252.71,25282.08,29847,192,0
2025-12-01 12:00:00+00:00,25281.72,25407.0,25196.42,25400.62,83197,192,0
2025-12-01 16:00:00+00:00,25400.64,25483.11,25305.12,25361.7,48082,192,0
2025-12-01 20:00:00+00:00,25361.45,25415.25,25352.91,25389.09,22148,192,0
2025-12-02 00:00:00+00:00,25389.16,25434.88,25339.68,25381.31,19278,192,0
2025-12-02 04:00:00+00:00,25381.25,25390.17,25325.28,25348.72,15687,192,0
2025-12-02 08:00:00+00:00,25348.4,25499.25,25316.06,25471.49,20548,192,0
2025-12-02 12:00:00+00:00,25471.81,25659.52,25448.83,25637.34,56263,192,0
2025-12-02 16:00:00+00:00,25637.87,25653.0,25404.64,25624.0,74876,192,0
2025-12-02 20:00:00+00:00,25624.47,25636.95,25577.6,25615.1,15500,192,0
2025-12-03 00:00:00+00:00,25615.5,25668.23,25567.8,25659.44,15139,192,0
2025-12-03 04:00:00+00:00,25659.24,25668.56,25629.31,25642.34,10049,216,0
2025-12-03 08:00:00+00:00,25642.87,25658.39,25597.73,25625.68,18180,216,0
2025-12-03 12:00:00+00:00,25625.97,25668.49,25415.17,25555.11,105232,216,0
2025-12-03 16:00:00+00:00,25555.59,25663.62,25514.6,25661.5,39829,192,0
2025-12-03 20:00:00+00:00,25661.13,25676.31,25627.7,25641.3,12296,192,0
2025-12-04 00:00:00+00:00,25640.95,25659.02,25608.0,25624.45,14354,192,0
2025-12-04 04:00:00+00:00,25624.9,25664.1,25613.0,25651.02,10018,216,0
2025-12-04 08:00:00+00:00,25650.58,25686.5,25598.5,25648.09,19768,216,0
2025-12-04 12:00:00+00:00,25647.66,25724.57,25513.9,25562.7,70606,192,0
2025-12-04 16:00:00+00:00,25562.25,25645.47,25481.95,25582.52,50667,192,0
2025-12-04 20:00:00+00:00,25582.59,25641.27,25545.44,25616.0,17656,192,0
2025-12-05 00:00:00+00:00,25615.9,25706.55,25605.29,25694.26,13166,216,0
2025-12-05 04:00:00+00:00,25694.22,25723.41,25691.18,25718.25,10022,216,0
2025-12-05 08:00:00+00:00,25718.74,25748.01,25697.93,25712.2,13599,216,0
2025-12-05 12:00:00+00:00,25712.51,25860.05,25571.04,25735.73,52393,216,0
2025-12-05 16:00:00+00:00,25736.09,25760.17,25646.18,25731.99,53205,192,0
2025-12-05 20:00:00+00:00,25732.43,25737.93,25672.22,25730.1,11413,192,0
2025-12-07 20:00:00+00:00,25754.4,25768.04,25721.24,25747.18,4538,216,0
2025-12-08 00:00:00+00:00,25747.43,25795.34,25702.39,25790.62,13810,216,0
2025-12-08 04:00:00+00:00,25790.76,25820.95,25776.97,25804.88,8427,216,0
2025-12-08 08:00:00+00:00,25804.94,25806.11,25762.59,25775.22,16385,216,0
2025-12-08 12:00:00+00:00,25774.84,25861.3,25651.53,25663.28,46972,216,0
2025-12-08 16:00:00+00:00,25663.94,25697.5,25566.92,25593.22,49064,192,0
2025-12-08 20:00:00+00:00,25593.5,25732.08,25584.14,25730.86,17211,192,0
2025-12-09 00:00:00+00:00,25730.84,25732.78,25679.68,25702.83,13185,192,0
2025-12-09 04:00:00+00:00,25702.44,25703.53,25651.16,25695.76,11650,192,0
2025-12-09 08:00:00+00:00,25695.35,25716.33,25608.48,25676.7,22354,192,0
2025-12-09 12:00:00+00:00,25677.09,25690.28,25563.94,25689.66,49111,192,0
2025-12-09 16:00:00+00:00,25689.32,25740.38,25674.21,25707.2,28139,192,0
2025-12-09 20:00:00+00:00,25706.94,25725.81,25676.4,25678.71,11116,192,0
2025-12-10 00:00:00+00:00,25678.44,25699.92,25647.73,25681.17,11171,192,0
2025-12-10 04:00:00+00:00,25681.26,25737.64,25676.46,25735.95,9416,216,0
2025-12-10 08:00:00+00:00,25736.32,25753.02,25624.19,25673.93,21385,192,0
2025-12-10 12:00:00+00:00,25674.24,25723.46,25560.62,25576.05,51953,216,0
2025-12-10 16:00:00+00:00,25576.66,25846.27,25535.35,25836.97,77345,192,0
2025-12-10 20:00:00+00:00,25837.59,25878.24,25731.55,25745.29,30951,216,0
2025-12-11 00:00:00+00:00,25745.2,25748.52,25399.04,25501.3,28534,216,0
2025-12-11 04:00:00+00:00,25501.71,25557.16,25486.12,25554.38,21521,216,0
2025-12-11 08:00:00+00:00,25553.89,25644.99,25488.84,25638.41,26554,192,0
2025-12-11 12:00:00+00:00,25638.32,25717.3,25406.89,25546.65,82816,216,0
2025-12-11 16:00:00+00:00,25547.14,25739.8,25473.18,25706.77,55577,192,0
2025-12-11 20:00:00+00:00,25706.85,25877.09,25668.69,25691.52,20998,191,0
2025-12-12 00:00:00+00:00,25691.23,25722.02,25660.77,25689.0,15788,192,0
2025-12-12 04:00:00+00:00,25688.92,25724.57,25673.48,25686.52,12874,192,0
2025-12-12 08:00:00+00:00,25686.8,25706.64,25562.83,25582.54,24870,192,0
2025-12-12 12:00:00+00:00,25582.63,25662.2,25243.0,25271.7,79902,192,0
2025-12-12 16:00:00+00:00,25271.26,25397.27,25146.55,25271.81,112641,192,0
2025-12-12 20:00:00+00:00,25271.36,25289.77,25172.43,25229.46,19581,192,0
2025-12-14 20:00:00+00:00,25251.35,25270.88,25159.0,25223.41,8176,192,0
2025-12-15 00:00:00+00:00,25223.1,25315.39,25217.15,25286.53,20105,192,0
2025-12-15 04:00:00+00:00,25286.58,25313.05,25264.36,25280.38,15790,192,0
2025-12-15 08:00:00+00:00,25279.98,25388.32,25258.51,25387.06,19927,192,0
2025-12-15 12:00:00+00:00,25386.53,25443.62,25064.5,25179.75,84607,192,0
2025-12-15 16:00:00+00:00,25180.06,25292.39,25107.82,25179.84,75559,192,0
2025-12-15 20:00:00+00:00,25179.84,25186.0,25065.74,25088.04,21150,192,0
2025-12-16 00:00:00+00:00,25087.71,25097.87,24884.89,24942.11,39918,192,0
2025-12-16 04:00:00+00:00,24942.09,24956.92,24855.48,24908.06,24340,192,0
2025-12-16 08:00:00+00:00,24908.67,25074.74,24907.0,25074.34,27998,192,0
2025-12-16 12:00:00+00:00,25074.92,25190.97,24961.89,25105.22,131873,191,0
2025-12-16 16:00:00+00:00,25104.85,25138.43,24956.61,25102.77,95321,192,0
2025-12-16 20:00:00+00:00,25103.14,25227.96,25081.18,25102.98,26845,192,0
2025-12-17 00:00:00+00:00,25102.59,25165.85,25054.02,25136.59,29586,192,0
2025-12-17 04:00:00+00:00,25136.99,25218.08,25077.93,25198.78,21416,192,0
2025-12-17 08:00:00+00:00,25198.43,25284.64,25174.45,25279.99,25272,192,0
2025-12-17 12:00:00+00:00,25279.7,25293.97,24818.93,24844.26,112807,192,0
2025-12-17 16:00:00+00:00,24843.85,24906.67,24706.33,24759.08,107912,192,0
2025-12-17 20:00:00+00:00,24758.73,24782.94,24672.44,24717.22,29614,192,0
2025-12-18 00:00:00+00:00,24717.84,24796.78,24686.86,24725.75,33462,192,0
2025-12-18 04:00:00+00:00,24725.89,24825.03,24724.03,24816.08,20620,192,0
2025-12-18 08:00:00+00:00,24815.71,24888.55,24793.71,24885.28,23557,192,0
2025-12-18 12:00:00+00:00,24885.5,25189.0,24850.04,25147.36,89101,191,0
2025-12-18 16:00:00+00:00,25146.8,25194.8,24975.73,24997.58,81969,192,0
2025-12-18 20:00:00+00:00,24997.04,25126.76,24981.03,25043.13,27760,192,0
2025-12-19 00:00:00+00:00,25042.96,25109.23,24998.52,25094.66,25237,192,0
2025-12-19 04:00:00+00:00,25094.98,25157.76,25053.49,25133.7,18618,192,0
2025-12-19 08:00:00+00:00,25133.37,25178.59,25102.52,25127.22,24342,192,0
2025-12-19 12:00:00+00:00,25127.59,25381.32,25060.96,25273.83,69786,192,0
2025-12-19 16:00:00+00:00,25273.44,25381.64,25249.75,25356.47,34338,192,0
2025-12-19 20:00:00+00:00,25356.06,25385.18,25336.95,25380.35,13436,192,0
2025-12-21 20:00:00+00:00,25437.61,25468.52,25426.04,25463.02,4557,191,0
2025-12-22 00:00:00+00:00,25463.32,25492.84,25439.8,25472.9,12622,192,0
2025-12-22 04:00:00+00:00,25472.81,25504.55,25456.58,25496.18,8382,216,0
2025-12-22 08:00:00+00:00,25496.6,25519.04,25475.32,25493.65,11965,216,0
2025-12-22 12:00:00+00:00,25494.21,25588.1,25427.2,25469.82,47749,192,0
2025-12-22 16:00:00+00:00,25470.19,25520.28,25467.91,25483.07,22892,192,0
2025-12-22 20:00:00+00:00,25483.22,25517.29,25468.56,25508.74,9198,192,0
2025-12-23 00:00:00+00:00,25508.88,25532.5,25491.89,25506.92,10854,192,0
2025-12-23 04:00:00+00:00,25506.69,25507.97,25449.19,25465.83,9914,192,0
2025-12-23 08:00:00+00:00,25466.24,25523.77,25461.58,25489.17,11467,216,0
2025-12-23 12:00:00+00:00,25489.19,25545.01,25403.18,25524.49,42342,192,0
2025-12-23 16:00:00+00:00,25524.67,25596.36,25519.71,25593.29,16806,192,0
2025-12-23 20:00:00+00:00,25593.49,25620.24,25589.8,25610.62,8724,192,0
2025-12-24 00:00:00+00:00,25611.3,25626.15,25584.96,25598.13,8927,216,0
2025-12-24 04:00:00+00:00,25597.91,25603.3,25579.61,25589.66,4980,216,0
2025-12-24 08:00:00+00:00,25589.96,25608.56,25585.55,25593.95,4986,216,0
2025-12-24 12:00:00+00:00,25594.24,25641.95,25585.1,25630.71,19468,192,0
2025-12-24 16:00:00+00:00,25630.62,25692.83,25629.96,25666.38,10500,192,0
2025-12-25 20:00:00+00:00,25681.72,25705.02,25672.88,25694.87,3854,216,0
2025-12-26 00:00:00+00:00,25694.87,25723.5,25688.68,25689.39,8300,216,0
2025-12-26 04:00:00+00:00,25689.62,25695.63,25657.46,25667.67,6260,216,0
2025-12-26 08:00:00+00:00,25667.5,25703.07,25651.13,25683.94,7175,216,0
2025-12-26 12:00:00+00:00,25684.36,25741.71,25640.78,25706.29,29814,192,0
2025-12-26 16:00:00+00:00,25706.66,25717.72,25656.56,25698.03,18154,192,0
2025-12-26 20:00:00+00:00,25698.04,25698.7,25661.48,25668.27,6036,192,0
2025-12-28 20:00:00+00:00,25679.75,25692.94,25658.42,25685.04,3058,216,0
2025-12-29 00:00:00+00:00,25685.14,25707.98,25638.55,25666.9,12226,216,0
2025-12-29 04:00:00+00:00,25666.91,25682.02,25600.23,25614.4,11055,216,0
2025-12-29 08:00:00+00:00,25614.77,25618.15,25547.91,25586.6,17110,216,0
2025-12-29 12:00:00+00:00,25586.3,25634.55,25473.16,25517.2,46376,192,0
2025-12-29 16:00:00+00:00,25516.79,25589.05,25463.29,25580.82,24813,192,0
2025-12-29 20:00:00+00:00,25580.87,25581.32,25523.34,25524.18,9721,192,0
2025-12-30 00:00:00+00:00,25524.59,25557.37,25513.91,25553.15,10954,192,0
2025-12-30 04:00:00+00:00,25553.41,25571.91,25501.5,25520.95,8968,192,0
2025-12-30 08:00:00+00:00,25521.83,25569.96,25520.31,25550.4,11227,192,0
2025-12-30 12:00:00+00:00,25550.87,25591.9,25496.81,25561.99,31230,192,0
2025-12-30 16:00:00+00:00,25561.62,25610.93,25517.85,25530.37,19323,192,0
2025-12-30 20:00:00+00:00,25529.9,25536.06,25465.19,25478.25,9438,192,0
2025-12-31 00:00:00+00:00,25478.17,25478.17,25409.59,25437.56,11727,192,0
2025-12-31 04:00:00+00:00,25437.59,25454.42,25398.16,25418.78,8566,216,0
2025-12-31 08:00:00+00:00,25418.78,25432.36,25373.81,25430.94,10446,216,0
2025-12-31 12:00:00+00:00,25430.69,25535.82,25364.5,25376.43,34235,192,0
2025-12-31 16:00:00+00:00,25375.98,25456.3,25354.34,25358.14,23216,192,0
2025-12-31 20:00:00+00:00,25358.0,25361.54,25255.64,25260.32,15042,192,0
2026-01-01 20:00:00+00:00,25302.64,25334.85,25278.68,25328.87,3982,216,0
2026-01-02 00:00:00+00:00,25328.71,25454.2,25305.86,25453.7,12652,216,0
2026-01-02 04:00:00+00:00,25454.02,25477.94,25441.61,25464.91,8106,216,0
2026-01-02 08:00:00+00:00,25464.73,25566.55,25463.96,25552.22,14228,216,0
2026-01-02 12:00:00+00:00,25552.2,25628.98,25192.22,25205.94,75578,216,0
2026-01-02 16:00:00+00:00,25206.35,25286.6,25095.14,25228.22,84848,192,0
2026-01-02 20:00:00+00:00,25228.58,25278.59,25196.32,25213.54,15642,192,0
2026-01-04 20:00:00+00:00,25274.22,25299.73,25243.88,25294.84,7536,191,0
2026-01-05 00:00:00+00:00,25295.15,25323.84,25273.22,25301.04,19432,192,0
2026-01-05 04:00:00+00:00,25301.16,25345.76,25290.21,25312.29,11921,192,0
2026-01-05 08:00:00+00:00,25312.77,25409.99,25302.6,25400.94,19032,192,0
2026-01-05 12:00:00+00:00,25401.16,25523.28,25353.6,25497.83,78018,192,0
2026-01-05 16:00:00+00:00,25497.95,25542.55,25385.79,25413.41,33397,192,0
2026-01-05 20:00:00+00:00,25413.17,25449.09,25402.36,25406.96,12578,192,0
2026-01-06 00:00:00+00:00,25407.16,25470.72,25394.11,25462.23,12100,192,0
2026-01-06 04:00:00+00:00,25462.08,25514.09,25462.08,25486.82,8254,192,0
2026-01-06 08:00:00+00:00,25486.96,25486.96,25367.24,25434.15,19089,192,0
2026-01-06 12:00:00+00:00,25433.88,25613.0,25428.9,25524.76,45703,192,0
2026-01-06 16:00:00+00:00,25524.19,25654.3,25476.99,25641.31,30121,192,0
2026-01-06 20:00:00+00:00,25641.69,25683.4,25635.23,25664.44,9593,192,0
2026-01-07 00:00:00+00:00,25664.98,25681.42,25637.58,25639.07,11220,216,0
2026-01-07 04:00:00+00:00,25639.5,25642.85,25604.6,25605.52,8773,216,0
2026-01-07 08:00:00+00:00,25606.14,25627.02,25567.51,25608.44,12141,216,0
2026-01-07 12:00:00+00:00,25608.71,25747.98,25594.76,25743.0,42611,192,0
2026-01-07 16:00:00+00:00,25743.34,25833.62,25717.11,25741.39,27557,192,0
2026-01-07 20:00:00+00:00,25741.73,25752.08,25655.04,25664.76,15594,192,0
2026-01-08 00:00:00+00:00,25664.59,25686.86,25612.62,25619.18,13548,192,0
2026-01-08 04:00:00+00:00,25619.34,25645.71,25513.44,25592.66,18354,192,0
2026-01-08 08:00:00+00:00,25593.05,25645.73,25584.6,25616.05,17817,216,0
2026-01-08 12:00:00+00:00,25615.39,25662.41,25411.54,25525.59,71730,216,0
2026-01-08 16:00:00+00:00,25525.97,25544.55,25428.43,25478.94,45536,192,0
2026-01-08 20:00:00+00:00,25479.24,25587.32,25470.94,25521.38,14410,192,0
2026-01-09 00:00:00+00:00,25520.94,25540.25,25473.92,25520.55,15280,192,0
2026-01-09 04:00:00+00:00,25520.63,25548.02,25498.67,25518.98,11825,216,0
2026-01-09 08:00:00+00:00,25519.05,25612.94,25508.42,25587.2,16357,216,0
2026-01-09 12:00:00+00:00,25586.68,25721.37,25459.94,25658.72,90680,216,0
2026-01-09 16:00:00+00:00,25659.09,25817.66,25657.95,25799.47,31260,192,0
2026-01-09 20:00:00+00:00,25799.11,25830.72,25769.19,25777.62,7782,192,0
2026-01-11 20:00:00+00:00,25800.88,25808.59,25725.93,25749.49,5875,216,0
2026-01-12 00:00:00+00:00,25749.45,25757.91,25567.98,25594.7,27470,216,0
2026-01-12 04:00:00+00:00,25595.26,25603.66,25533.43,25588.81,14111,216,0
2026-01-12 08:00:00+00:00,25587.91,25607.24,25490.75,25574.31,21905,216,0
2026-01-12 12:00:00+00:00,25574.18,25788.21,25569.2,25770.82,51018,216,0
2026-01-12 16:00:00+00:00,25770.64,25871.91,25756.66,25870.75,22559,192,0
2026-01-12 20:00:00+00:00,25870.51,25875.72,25751.9,25753.81,11728,192,0
2026-01-13 00:00:00+00:00,25753.8,25756.79,25704.72,25741.24,14360,216,0
2026-01-13 04:00:00+00:00,25741.21,25790.45,25727.92,25775.2,10547,216,0
2026-01-13 08:00:00+00:00,25774.87,25794.64,25729.31,25758.84,14524,216,0
2026-01-13 12:00:00+00:00,25758.76,25904.12,25666.67,25750.2,67517,216,0
2026-01-13 16:00:00+00:00,25750.15,25879.63,25678.87,25720.32,50403,192,0
2026-01-13 20:00:00+00:00,25720.22,25779.62,25658.5,25746.27,15513,192,0
2026-01-14 00:00:00+00:00,25746.28,25780.51,25731.69,25770.18,14284,216,0
2026-01-14 04:00:00+00:00,25769.87,25773.8,25691.13,25716.14,12877,216,0
2026-01-14 08:00:00+00:00,25715.9,25733.94,25570.03,25598.89,22794,216,0
2026-01-14 12:00:00+00:00,25598.38,25659.16,25328.41,25345.51,99903,216,0
2026-01-14 16:00:00+00:00,25345.08,25442.68,25272.67,25351.47,60202,192,0
2026-01-14 20:00:00+00:00,25351.13,25511.04,25313.81,25463.62,33569,216,0
2026-01-15 00:00:00+00:00,25463.25,25500.89,25420.97,25440.14,20547,192,0
2026-01-15 04:00:00+00:00,25440.27,25580.58,25427.79,25544.8,21847,192,0
2026-01-15 08:00:00+00:00,25545.19,25710.98,25530.34,25697.58,21506,216,0
2026-01-15 12:00:00+00:00,25697.08,25810.88,25663.49,25740.0,70404,216,0
2026-01-15 16:00:00+00:00,25739.55,25791.08,25602.5,25613.02,45283,192,0
2026-01-15 20:00:00+00:00,25612.56,25628.12,25538.84,25603.45,22008,192,0
2026-01-16 00:00:00+00:00,25603.93,25662.53,25593.75,25649.79,12491,192,0
2026-01-16 04:00:00+00:00,25649.95,25699.7,25647.47,25686.26,9297,192,0
2026-01-16 08:00:00+00:00,25685.85,25733.76,25657.85,25695.3,14740,216,0
2026-01-16 12:00:00+00:00,25695.04,25753.35,25455.1,25543.65,56405,216,0
2026-01-16 16:00:00+00:00,25543.15,25614.0,25517.91,25577.41,37210,192,0
2026-01-16 20:00:00+00:00,25576.97,25590.45,25532.65,25545.95,13373,192,0
2026-01-18 20:00:00+00:00,25331.47,25342.28,25265.39,25336.56,14409,191,0
2026-01-19 00:00:00+00:00,25337.02,25338.85,25234.35,25256.57,29068,192,0
2026-01-19 04:00:00+00:00,25256.88,25288.4,25195.63,25221.73,17793,192,0
2026-01-19 08:00:00+00:00,25222.33,25279.88,25127.4,25160.46,31998,192,0
2026-01-19 12:00:00+00:00,25160.03,25218.1,25106.73,25196.17,29947,192,0
2026-01-19 16:00:00+00:00,25196.62,25286.18,25190.76,25266.39,10320,216,0
2026-01-19 20:00:00+00:00,25263.82,25276.29,25239.18,25251.13,4791,216,0
2026-01-20 00:00:00+00:00,25250.69,25310.06,25196.7,25281.82,22619,192,0
2026-01-20 04:00:00+00:00,25282.06,25284.31,25129.66,25155.79,25401,192,0
2026-01-20 08:00:00+00:00,25155.37,25162.11,24967.27,25076.57,47345,192,0
2026-01-20 12:00:00+00:00,25076.46,25290.33,25052.21,25235.57,121720,192,0
2026-01-20 16:00:00+00:00,25235.91,25303.56,25002.32,25042.83,78097,192,0
2026-01-20 20:00:00+00:00,25043.35,25050.94,24973.16,24992.32,27966,192,0
2026-01-21 00:00:00+00:00,24992.57,25103.49,24992.57,25073.95,18593,192,0
2026-01-21 04:00:00+00:00,25073.51,25122.68,25059.25,25087.57,14521,192,0
2026-01-21 08:00:00+00:00,25087.04,25108.74,24917.2,24923.96,26975,192,0
2026-01-21 12:00:00+00:00,24926.79,25364.25,24903.22,25345.9,99163,192,0
2026-01-21 16:00:00+00:00,25346.38,25514.79,25019.48,25512.54,126812,192,0
2026-01-21 20:00:00+00:00,25513.01,25526.58,25320.8,25429.95,38245,216,0
2026-01-22 00:00:00+00:00,25430.33,25480.05,25416.95,25467.66,16882,192,0
2026-01-22 04:00:00+00:00,25467.71,25471.15,25361.5,25466.29,19184,192,0
2026-01-22 08:00:00+00:00,25465.89,25593.15,25460.47,25554.35,25599,216,0
2026-01-22 12:00:00+00:00,25553.95,25618.24,25415.95,25484.64,76299,216,0
2026-01-22 16:00:00+00:00,25484.35,25598.1,25482.49,25517.62,39133,192,0
2026-01-22 20:00:00+00:00,25517.27,25554.08,25460.07,25498.34,22092,192,0
2026-01-23 00:00:00+00:00,25497.98,25588.55,25477.89,25576.44,14390,192,0
2026-01-23 04:00:00+00:00,25576.18,25611.87,25563.42,25572.89,11905,216,0
2026-01-23 08:00:00+00:00,25572.79,25572.79,25422.06,25486.38,29581,216,0
2026-01-23 12:00:00+00:00,25486.29,25708.93,25436.81,25707.79,59129,192,0
2026-01-23 16:00:00+00:00,25708.45,25726.95,25562.36,25623.71,47245,192,0
2026-01-23 20:00:00+00:00,25623.58,25636.16,25551.79,25565.12,14227,192,0
2026-01-25 20:00:00+00:00,25385.18,25457.62,25268.64,25446.45,11027,191,0
2026-01-26 00:00:00+00:00,25446.13,25554.77,25430.44,25520.93,32278,192,0
2026-01-26 04:00:00+00:00,25520.86,25599.38,25509.71,25588.14,18662,192,0
2026-01-26 08:00:00+00:00,25588.62,25630.39,25471.29,25560.11,24393,216,0
2026-01-26 12:00:00+00:00,25559.81,25788.65,25547.28,25771.83,43956,192,0
2026-01-26 16:00:00+00:00,25771.4,25820.98,25741.49,25767.62,29217,192,0
2026-01-26 20:00:00+00:00,25767.89,25787.78,25723.01,25781.8,13877,192,0
2026-01-27 00:00:00+00:00,25781.54,25870.78,25767.23,25867.34,10957,192,0
2026-01-27 04:00:00+00:00,25867.46,25919.27,25863.78,25897.53,10375,216,0
2026-01-27 08:00:00+00:00,25897.87,25934.21,25859.12,25923.63,16676,216,0
2026-01-27 12:00:00+00:00,25922.8,25989.57,25809.81,25969.57,38376,192,0
2026-01-27 16:00:00+00:00,25969.9,25995.45,25928.72,25982.57,22369,192,0
2026-01-27 20:00:00+00:00,25982.16,26038.68,25951.59,26030.12,12096,192,0
2026-01-28 00:00:00+00:00,26030.48,26120.19,26027.71,26091.12,12387,216,0
2026-01-28 04:00:00+00:00,26091.49,26240.57,26091.49,26206.45,15920,216,0
2026-01-28 08:00:00+00:00,26206.11,26222.26,26143.82,26209.74,19804,216,0
2026-01-28 12:00:00+00:00,26210.24,26210.96,26050.7,26053.85,49277,216,0
2026-01-28 16:00:00+00:00,26054.35,26100.85,25991.94,26051.42,51599,192,0
2026-01-28 20:00:00+00:00,26051.85,26186.43,25887.39,26063.22,41367,216,0
2026-01-29 00:00:00+00:00,26062.61,26092.15,25979.34,26091.33,33062,216,0
2026-01-29 04:00:00+00:00,26090.96,26167.18,26088.23,26146.5,16252,216,0
2026-01-29 08:00:00+00:00,26147.0,26171.25,26066.81,26091.22,26604,216,0
2026-01-29 12:00:00+00:00,26091.95,26112.69,25427.87,25468.09,101254,216,0
2026-01-29 16:00:00+00:00,25468.8,25790.19,25429.91,25741.19,96184,216,0
2026-01-29 20:00:00+00:00,25741.69,25931.27,25733.8,25863.73,33935,216,0
2026-01-30 00:00:00+00:00,25863.25,25883.08,25628.36,25739.12,47033,216,0
2026-01-30 04:00:00+00:00,25738.73,25787.86,25592.31,25598.65,33452,216,0
2026-01-30 08:00:00+00:00,25599.34,25775.1,25542.38,25763.18,47597,216,0
2026-01-30 12:00:00+00:00,25762.74,25832.71,25664.66,25737.52,124051,191,0
2026-01-30 16:00:00+00:00,25737.01,25763.62,25464.51,25552.64,130040,216,0
2026-01-30 20:00:00+00:00,25552.9,25624.82,25466.75,25535.87,35534,216,0
2026-02-01 20:00:00+00:00,25412.64,25474.26,25277.91,25436.35,18719,191,0
2026-02-02 00:00:00+00:00,25435.7,25548.4,25166.68,25183.43,69755,216,0
2026-02-02 04:00:00+00:00,25183.89,25279.28,25084.29,25252.08,54378,216,0
2026-02-02 08:00:00+00:00,25251.61,25395.01,25244.09,25355.36,41545,192,0
2026-02-02 12:00:00+00:00,25354.92,25815.21,25354.06,25744.24,77050,192,0
2026-02-02 16:00:00+00:00,25743.74,25852.31,25707.08,25748.99,36285,192,0
2026-02-02 20:00:00+00:00,25749.37,25882.59,25725.3,25854.19,28507,192,0
2026-02-03 00:00:00+00:00,25854.31,25896.27,25806.95,25862.61,24054,192,0
2026-02-03 04:00:00+00:00,25862.25,25934.3,25859.2,25919.23,17219,192,0
2026-02-03 08:00:00+00:00,25918.74,25930.25,25841.76,25853.07,25572,216,0
2026-02-03 12:00:00+00:00,25854.34,25911.64,25377.23,25523.47,111473,216,0
2026-02-03 16:00:00+00:00,25523.78,25525.96,25125.9,25224.1,118540,192,0
2026-02-03 20:00:00+00:00,25223.69,25382.61,25177.2,25336.63,37497,192,0
2026-02-04 00:00:00+00:00,25337.05,25382.63,25285.62,25343.06,29140,192,0
2026-02-04 04:00:00+00:00,25342.89,25423.43,25318.41,25412.2,18302,192,0
2026-02-04 08:00:00+00:00,25411.36,25418.43,25264.63,25383.63,39968,192,0
2026-02-04 12:00:00+00:00,25384.14,25399.73,25019.1,25061.35,179920,192,0
2026-02-04 16:00:00+00:00,25060.86,25081.96,24694.67,25017.54,180659,192,0
2026-02-04 20:00:00+00:00,25017.26,25092.5,24788.36,24981.46,63630,192,0
2026-02-05 00:00:00+00:00,24981.9,25083.47,24844.39,24862.24,52365,192,0
2026-02-05 04:00:00+00:00,24862.36,25003.39,24830.28,24959.7,39328,192,0
2026-02-05 08:00:00+00:00,24960.84,25037.89,24892.83,24944.42,48863,192,0
2026-02-05 12:00:00+00:00,24944.11,24970.83,24466.36,24547.73,256980,192,0
2026-02-05 16:00:00+00:00,24548.22,24802.45,24460.96,24627.53,190900,192,0
2026-02-05 20:00:00+00:00,24627.25,24722.88,24215.29,24255.35,73335,191,0
2026-02-06 00:00:00+00:00,24254.83,24498.68,24161.85,24447.95,62698,192,0
2026-02-06 04:00:00+00:00,24448.03,24533.92,24348.46,24477.9,38154,192,0
2026-02-06 08:00:00+00:00,24477.41,24793.76,24410.97,24775.73,50054,192,0
2026-02-06 12:00:00+00:00,24775.44,24904.58,24621.96,24817.03,182034,192,0
2026-02-06 16:00:00+00:00,24816.73,25044.72,24801.76,24991.48,63339,192,0
2026-02-06 20:00:00+00:00,24991.06,25142.41,24976.9,25018.07,17108,192,0
2026-02-08 20:00:00+00:00,25100.04,25221.03,25100.04,25203.0,9808,191,0
2026-02-09 00:00:00+00:00,25202.62,25273.23,25116.36,25116.62,39488,192,0
2026-02-09 04:00:00+00:00,25116.96,25155.45,25048.03,25086.21,28198,192,0
2026-02-09 08:00:00+00:00,25086.56,25141.3,24895.28,24974.5,39416,192,0
2026-02-09 12:00:00+00:00,24975.03,25255.73,24882.72,25238.98,105821,192,0
2026-02-09 16:00:00+00:00,25239.45,25355.46,25232.97,25325.98,38298,192,0
2026-02-09 20:00:00+00:00,25326.22,25339.83,25256.18,25271.88,20391,192,0
2026-02-10 00:00:00+00:00,25272.27,25290.12,25206.89,25227.77,22886,192,0
2026-02-10 04:00:00+00:00,25227.44,25285.45,25219.98,25277.05,16238,192,0
2026-02-10 08:00:00+00:00,25277.4,25333.44,25250.38,25297.95,23248,192,0
2026-02-10 12:00:00+00:00,25298.51,25374.05,25183.87,25301.96,80389,216,0
2026-02-10 16:00:00+00:00,25302.57,25327.54,25198.57,25221.91,59648,192,0
2026-02-10 20:00:00+00:00,25221.45,25223.8,25125.86,25202.6,19088,192,0
2026-02-11 00:00:00+00:00,25202.57,25274.4,25196.27,25267.22,10784,192,0
2026-02-11 04:00:00+00:00,25267.29,25269.32,25182.89,25200.29,14092,192,0
2026-02-11 08:00:00+00:00,25200.75,25207.89,25077.14,25142.77,27688,192,0
2026-02-11 12:00:00+00:00,25142.45,25394.62,24988.18,25174.4,126826,191,0
2026-02-11 16:00:00+00:00,25173.89,25289.92,25072.07,25238.67,98117,192,0
2026-02-11 20:00:00+00:00,25238.11,25251.97,25138.5,25166.97,25074,192,0
2026-02-12 00:00:00+00:00,25166.61,25254.51,25146.45,25242.62,20780,192,0
2026-02-12 04:00:00+00:00,25242.93,25291.35,25226.41,25283.2,15738,192,0
2026-02-12 08:00:00+00:00,25282.85,25306.26,25257.47,25298.98,19933,192,0
2026-02-12 12:00:00+00:00,25298.67,25352.08,24939.86,24942.94,89112,192,0
2026-02-12 16:00:00+00:00,24943.44,24963.84,24734.42,24831.85,146588,192,0
2026-02-12 20:00:00+00:00,24832.24,24845.81,24654.77,24755.2,40964,192,0
2026-02-13 00:00:00+00:00,24754.91,24795.64,24641.95,24682.73,39176,192,0
2026-02-13 04:00:00+00:00,24682.7,24735.15,24575.87,24678.88,34982,192,0
2026-02-13 08:00:00+00:00,24679.39,24740.3,24557.69,24653.7,49118,192,0
2026-02-13 12:00:00+00:00,24653.84,24860.58,24511.78,24741.97,197719,191,0
2026-02-13 16:00:00+00:00,24743.11,24927.13,24695.15,24784.95,105030,192,0
2026-02-13 20:00:00+00:00,24784.67,24822.13,24664.25,24712.57,36164,192,0
2026-02-15 20:00:00+00:00,24732.75,24777.69,24694.59,24776.27,7898,216,0
2026-02-16 00:00:00+00:00,24775.9,24811.78,24748.13,24763.47,18659,192,0
2026-02-16 04:00:00+00:00,24763.33,24812.56,24733.85,24800.52,14005,192,0
2026-02-16 08:00:00+00:00,24801.01,24861.33,24781.05,24802.44,20151,192,0
2026-02-16 12:00:00+00:00,24802.65,24820.19,24618.51,24632.67,38552,192,0
2026-02-16 16:00:00+00:00,24632.31,24710.37,24611.25,24685.5,17776,192,0
2026-02-16 20:00:00+00:00,24700.08,24783.0,24681.4,24758.88,5209,192,0
2026-02-17 00:00:00+00:00,24759.41,24776.34,24515.93,24551.78,35631,192,0
2026-02-17 04:00:00+00:00,24552.18,24605.26,24499.82,24601.92,23106,192,0
2026-02-17 08:00:00+00:00,24602.35,24667.9,24514.51,24565.13,34300,192,0
2026-02-17 12:00:00+00:00,24564.79,24756.27,24390.39,24540.49,168318,192,0
2026-02-17 16:00:00+00:00,24540.22,24830.14,24533.81,24756.0,132803,192,0
2026-02-17 20:00:00+00:00,24755.65,24782.52,24645.03,24654.71,34060,192,0
2026-02-18 00:00:00+00:00,24655.07,24742.71,24652.9,24737.86,20226,192,0
2026-02-18 04:00:00+00:00,24738.03,24790.55,24728.38,24778.5,15964,192,0
2026-02-18 08:00:00+00:00,24778.14,24885.45,24777.34,24839.45,22998,192,0
2026-02-18 12:00:00+00:00,24839.08,25042.9,24696.23,25030.27,90100,192,0
2026-02-18 16:00:00+00:00,25029.9,25071.67,24802.92,24823.45,57511,192,0
2026-02-18 20:00:00+00:00,24822.97,24937.58,24796.51,24903.65,26494,192,0
2026-02-19 00:00:00+00:00,24904.01,24938.37,24855.6,24922.99,21157,192,0
2026-02-19 04:00:00+00:00,24923.43,24986.22,24879.76,24958.69,15455,192,0
2026-02-19 08:00:00+00:00,24958.37,24992.47,24764.67,24817.51,35237,192,0
2026-02-19 12:00:00+00:00,24817.15,24888.68,24702.11,24862.24,105088,192,0
2026-02-19 16:00:00+00:00,24862.82,24897.52,24688.79,24726.95,84274,192,0
2026-02-19 20:00:00+00:00,24726.46,24834.9,24721.97,24824.61,23713,192,0
2026-02-20 00:00:00+00:00,24824.78,24882.21,24805.77,24836.98,19777,192,0
2026-02-20 04:00:00+00:00,24837.24,24902.71,24832.51,24868.36,14330,192,0
2026-02-20 08:00:00+00:00,24868.79,24931.02,24758.56,24776.49,27183,192,0
2026-02-20 12:00:00+00:00,24776.16,25072.13,24624.88,25065.12,123087,191,0
2026-02-20 16:00:00+00:00,25064.76,25085.35,24825.99,24968.13,124971,192,0
2026-02-20 20:00:00+00:00,24968.65,25033.46,24960.38,25024.7,16856,192,0
2026-02-22 20:00:00+00:00,24999.09,25014.33,24893.17,24928.61,11578,216,0
2026-02-23 00:00:00+00:00,24927.98,24927.98,24767.47,24798.22,34996,192,0
2026-02-23 04:00:00+00:00,24798.39,24870.73,24764.34,24855.01,17081,192,0
2026-02-23 08:00:00+00:00,24855.28,24960.17,24834.26,24885.56,24447,192,0
2026-02-23 12:00:00+00:00,24885.8,24995.94,24695.75,24699.89,98385,192,0
2026-02-23 16:00:00+00:00,24700.18,24776.61,24624.97,24647.87,79309,192,0
2026-02-23 20:00:00+00:00,24648.31,24783.71,24635.73,24748.28,25582,192,0
2026-02-24 00:00:00+00:00,24748.01,24843.25,24733.62,24832.89,22982,192,0
2026-02-24 04:00:00+00:00,24832.99,24847.05,24782.65,24792.38,16637,192,0
2026-02-24 08:00:00+00:00,24792.17,24824.82,24720.62,24792.72,29709,192,0
2026-02-24 12:00:00+00:00,24792.32,24991.01,24655.3,24936.77,102308,192,0
2026-02-24 16:00:00+00:00,24937.08,25038.56,24930.21,24981.96,49455,192,0
2026-02-24 20:00:00+00:00,24982.37,25031.83,24955.46,25008.05,17017,192,0
2026-02-25 00:00:00+00:00,25007.8,25077.24,24959.98,25030.04,25239,192,0
2026-02-25 04:00:00+00:00,25030.35,25031.03,24981.39,24999.16,18276,192,0
2026-02-25 08:00:00+00:00,24999.61,25090.8,24999.23,25088.21,20327,192,0
2026-02-25 12:00:00+00:00,25087.63,25323.44,25069.07,25258.16,52169,192,0
2026-02-25 16:00:00+00:00,25257.84,25341.09,25246.39,25331.87,23817,192,0
2026-02-25 20:00:00+00:00,25331.87,25456.55,25240.65,25282.41,29913,191,0
2026-02-26 00:00:00+00:00,25281.98,25307.03,25230.68,25266.56,22245,192,0
2026-02-26 04:00:00+00:00,25266.55,25330.2,25249.16,25313.87,15402,192,0
2026-02-26 08:00:00+00:00,25313.31,25367.1,25309.67,25327.55,19921,192,0
2026-02-26 12:00:00+00:00,25328.01,25380.59,24828.19,24964.75,102119,192,0
2026-02-26 16:00:00+00:00,24965.04,25064.55,24855.98,25029.62,70264,192,0
2026-02-26 20:00:00+00:00,25029.51,25058.63,24921.65,24961.96,25834,192,0
2026-02-27 00:00:00+00:00,24961.83,25001.68,24920.74,24991.03,24049,192,0
2026-02-27 04:00:00+00:00,24990.85,25044.5,24958.01,25038.3,17463,192,0
2026-02-27 08:00:00+00:00,25038.73,25064.4,24896.63,24918.89,32705,192,0
2026-02-27 12:00:00+00:00,24918.44,24984.28,24748.67,24950.18,124345,191,0
2026-02-27 16:00:00+00:00,24950.46,25003.62,24841.83,24862.42,78309,192,0
2026-02-27 20:00:00+00:00,24862.1,24990.41,24861.58,24913.05,25693,192,0
2026-03-01 20:00:00+00:00,24636.63,24791.22,24636.02,24715.79,19085,191,0
2026-03-02 00:00:00+00:00,24716.23,24877.22,24688.68,24767.31,46240,192,0
2026-03-02 04:00:00+00:00,24767.47,24793.0,24506.32,24516.6,44050,192,0
2026-03-02 08:00:00+00:00,24517.9,24703.9,24453.38,24662.52,55682,192,0
2026-03-02 12:00:00+00:00,24662.22,24932.26,24570.34,24899.6,139266,192,0
2026-03-02 16:00:00+00:00,24899.01,25077.2,24828.09,25059.21,66527,192,0
2026-03-02 20:00:00+00:00,25059.49,25067.02,24923.68,24950.22,48080,192,0
2026-03-03 00:00:00+00:00,24950.56,24960.88,24784.09,24825.13,46596,192,0
2026-03-03 04:00:00+00:00,24825.16,24841.92,24649.71,24656.07,43151,192,0
2026-03-03 08:00:00+00:00,24655.57,24675.05,24351.59,24468.34,89953,192,0
2026-03-03 12:00:00+00:00,24468.75,24640.77,24332.8,24430.91,189639,192,0
2026-03-03 16:00:00+00:00,24430.38,24831.94,24419.92,24768.76,157329,192,0
2026-03-03 20:00:00+00:00,24769.37,24803.14,24652.83,24684.84,46860,192,0
2026-03-04 00:00:00+00:00,24685.22,24786.15,24508.4,24583.24,83490,192,0
2026-03-04 04:00:00+00:00,24582.85,24660.69,24482.6,24639.06,62717,192,0
2026-03-04 08:00:00+00:00,24639.35,24877.17,24595.48,24788.67,69664,216,0
2026-03-04 12:00:00+00:00,24789.95,25129.66,24703.68,25110.01,124203,192,0
2026-03-04 16:00:00+00:00,25110.21,25200.16,25035.99,25172.47,57534,192,0
2026-03-04 20:00:00+00:00,25172.29,25178.53,25076.51,25157.65,25569,192,0
2026-03-05 00:00:00+00:00,25157.22,25228.8,25010.57,25033.63,51098,192,0
2026-03-05 04:00:00+00:00,25033.33,25091.14,24967.09,25058.21,37479,192,0
2026-03-05 08:00:00+00:00,25057.85,25192.18,24959.1,25079.98,59607,192,0
2026-03-05 12:00:00+00:00,25080.23,25194.88,24917.96,25069.08,125539,192,0
2026-03-05 16:00:00+00:00,25068.75,25110.09,24759.25,24844.92,149312,192,0
2026-03-05 20:00:00+00:00,24844.64,25052.83,24813.77,25043.62,44439,192,0
2026-03-06 00:00:00+00:00,25044.09,25100.83,25022.26,25098.44,33977,192,0
2026-03-06 04:00:00+00:00,25098.01,25125.95,25075.21,25108.67,20652,192,0
2026-03-06 08:00:00+00:00,25108.28,25111.3,24819.69,24841.45,60154,192,0
2026-03-06 12:00:00+00:00,24841.73,24880.41,24598.63,24847.65,163433,191,0
2026-03-06 16:00:00+00:00,24847.33,24907.39,24732.51,24796.59,147073,192,0
2026-03-06 20:00:00+00:00,24796.86,24841.21,24593.63,24663.94,51417,192,0
2026-03-08 20:00:00+00:00,24439.85,24463.78,24165.06,24210.82,38739,191,0
2026-03-09 00:00:00+00:00,24211.38,24233.99,23996.75,24087.03,77656,192,0
2026-03-09 04:00:00+00:00,24087.19,24306.72,24078.38,24267.39,57416,192,0
2026-03-09 08:00:00+00:00,24268.13,24488.09,24225.36,24376.72,87988,192,0
2026-03-09 12:00:00+00:00,24377.0,24650.73,24304.62,24634.94,165106,192,0
2026-03-09 16:00:00+00:00,24635.19,25045.31,24568.58,24983.49,117024,192,0
2026-03-09 20:00:00+00:00,24983.86,25017.61,24854.37,24877.65,34239,192,0
2026-03-10 00:00:00+00:00,24877.45,24994.48,24827.33,24884.26,47772,192,0
2026-03-10 04:00:00+00:00,24884.53,25070.38,24860.63,25066.84,38245,192,0
2026-03-10 08:00:00+00:00,25065.76,25140.21,24953.92,24966.35,54652,192,0
2026-03-10 12:00:00+00:00,24967.7,25176.9,24888.69,25144.27,121606,192,0
2026-03-10 16:00:00+00:00,25145.04,25211.83,24936.5,24980.93,114108,192,0
2026-03-10 20:00:00+00:00,24980.55,25033.82,24949.23,25014.1,16616,192,0
2026-03-11 00:00:00+00:00,25014.66,25120.89,25008.32,25116.12,21866,192,0
2026-03-11 04:00:00+00:00,25116.51,25119.16,24945.11,25003.48,23485,192,0
2026-03-11 08:00:00+00:00,25003.0,25040.59,24893.21,24944.1,45414,192,0
2026-03-11 12:00:00+00:00,24945.16,25175.65,24887.71,24930.32,124789,191,0
2026-03-11 16:00:00+00:00,24930.34,25020.43,24869.68,24979.08,75437,192,0
2026-03-11 20:00:00+00:00,24979.59,24986.0,24733.52,24787.8,23014,192,0
2026-03-12 00:00:00+00:00,24788.18,24841.08,24697.54,24730.08,34219,192,0
2026-03-12 04:00:00+00:00,24729.68,24870.57,24710.0,24869.65,27149,192,0
2026-03-12 08:00:00+00:00,24870.11,24926.7,24812.61,24856.23,35950,192,0
2026-03-12 12:00:00+00:00,24856.56,24861.19,24560.8,24665.77,126047,192,0
2026-03-12 16:00:00+00:00,24666.09,24734.94,24543.42,24555.61,96054,192,0
2026-03-12 20:00:00+00:00,24555.89,24612.54,24517.46,24528.3,19902,192,0
2026-03-13 00:00:00+00:00,24527.61,24660.0,24493.51,24624.23,32219,192,0
2026-03-13 04:00:00+00:00,24624.12,24627.41,24410.17,24447.27,32864,192,0
2026-03-13 08:00:00+00:00,24446.64,24664.89,24397.08,24662.41,49729,192,0
2026-03-13 12:00:00+00:00,24662.77,24804.68,24392.78,24408.79,139951,192,0
2026-03-13 16:00:00+00:00,24408.14,24487.77,24350.28,24395.23,91812,192,0
2026-03-13 20:00:00+00:00,24394.79,24399.38,24342.62,24352.48,5185,192,0
2026-03-15 20:00:00+00:00,24289.22,24504.68,24287.63,24444.49,22919,191,0
2026-03-16 00:00:00+00:00,24444.95,24549.0,24441.78,24539.94,38250,192,0
2026-03-16 04:00:00+00:00,24539.61,24593.32,24511.8,24520.57,24074,192,0
2026-03-16 08:00:00+00:00,24520.89,24645.32,24485.54,24634.19,48618,192,0
2026-03-16 12:00:00+00:00,24633.89,24774.95,24630.26,24685.66,93986,192,0
2026-03-16 16:00:00+00:00,24685.18,24828.36,24628.85,24680.33,76456,192,0
2026-03-16 20:00:00+00:00,24680.01,24697.15,24633.39,24679.53,15106,192,0
2026-03-17 00:00:00+00:00,24680.09,24680.09,24579.56,24590.11,24079,192,0
2026-03-17 04:00:00+00:00,24589.63,24652.32,24527.89,24570.52,25879,192,0
2026-03-17 08:00:00+00:00,24570.2,24658.49,24538.84,24613.16,36665,192,0
2026-03-17 12:00:00+00:00,24613.53,24911.45,24611.42,24788.05,76046,192,0
2026-03-17 16:00:00+00:00,24788.33,24855.13,24744.23,24808.92,47480,192,0
2026-03-17 20:00:00+00:00,24808.48,24828.31,24790.57,24803.85,9808,192,0
2026-03-18 00:00:00+00:00,24804.26,24943.27,24797.88,24936.39,16268,192,0
2026-03-18 04:00:00+00:00,24936.28,25009.89,24930.55,24960.98,13225,192,0
2026-03-18 08:00:00+00:00,24960.79,24997.23,24897.45,24911.79,24265,192,0
2026-03-18 12:00:00+00:00,24912.27,24917.54,24613.15,24700.82,90377,192,0
2026-03-18 16:00:00+00:00,24700.44,24718.01,24444.41,24454.6,68392,192,0
2026-03-18 20:00:00+00:00,24454.28,24485.92,24367.79,24422.22,19887,192,0
2026-03-19 00:00:00+00:00,24421.75,24529.93,24392.07,24469.28,29433,192,0
2026-03-19 04:00:00+00:00,24468.86,24468.86,24349.91,24362.95,33624,192,0
2026-03-19 08:00:00+00:00,24363.47,24455.4,24305.3,24353.52,63778,192,0
2026-03-19 12:00:00+00:00,24352.75,24384.26,24132.43,24282.26,140296,192,0
2026-03-19 16:00:00+00:00,24282.56,24497.85,24185.45,24382.16,104972,192,0
2026-03-19 20:00:00+00:00,24381.71,24466.37,24370.8,24427.16,15857,192,0
2026-03-20 00:00:00+00:00,24427.37,24468.06,24390.24,24418.16,24172,192,0
2026-03-20 04:00:00+00:00,24418.33,24430.17,24290.52,24401.14,22317,192,0
2026-03-20 08:00:00+00:00,24400.55,24423.57,24127.2,24252.65,53881,192,0
2026-03-20 12:00:00+00:00,24253.05,24335.4,24039.85,24119.57,108501,192,0
2026-03-20 16:00:00+00:00,24119.82,24164.51,23780.28,23921.65,83353,192,0
2026-03-20 20:00:00+00:00,23922.05,24023.82,23904.16,24013.28,9427,192,0
2026-03-22 20:00:00+00:00,23721.71,23906.83,23721.49,23820.32,26573,191,0
2026-03-23 00:00:00+00:00,23820.72,23904.07,23752.81,23767.76,56318,192,0
2026-03-23 04:00:00+00:00,23768.11,23848.48,23588.51,23657.56,48048,192,0
2026-03-23 08:00:00+00:00,23657.29,24576.1,23631.06,24202.76,100193,191,0
2026-03-23 12:00:00+00:00,24203.1,24496.95,24157.86,24189.86,143736,192,0
2026-03-23 16:00:00+00:00,24190.24,24347.74,24117.25,24210.65,99605,192,0
2026-03-23 20:00:00+00:00,24210.98,24303.7,24171.53,24271.32,19821,192,0
2026-03-24 00:00:00+00:00,24270.91,24272.56,24036.94,24091.05,49953,192,0
2026-03-24 04:00:00+00:00,24091.47,24321.14,24008.26,24281.23,40233,192,0
2026-03-24 08:00:00+00:00,24281.58,24305.86,24111.54,24198.23,59775,192,0
2026-03-24 12:00:00+00:00,24198.73,24211.29,23949.72,24108.35,123805,192,0
2026-03-24 16:00:00+00:00,24108.61,24160.35,23974.06,24030.92,83745,192,0
2026-03-24 20:00:00+00:00,24031.23,24360.31,24027.64,24228.42,38825,192,0
2026-03-25 00:00:00+00:00,24228.5,24309.36,24136.44,24195.9,34127,192,0
2026-03-25 04:00:00+00:00,24196.25,24244.04,24140.29,24223.33,28323,192,0
2026-03-25 08:00:00+00:00,24223.65,24349.65,24223.65,24310.62,42539,192,0
2026-03-25 12:00:00+00:00,24310.27,24354.72,24103.44,24194.11,113475,192,0
2026-03-25 16:00:00+00:00,24193.81,24309.09,24127.85,24188.85,67786,192,0
2026-03-25 20:00:00+00:00,24188.41,24208.45,24102.32,24141.3,12969,192,0
2026-03-26 00:00:00+00:00,24142.1,24239.12,24067.55,24197.78,32392,192,0
2026-03-26 04:00:00+00:00,24198.03,24203.24,24021.29,24077.72,31002,192,0
2026-03-26 08:00:00+00:00,24078.74,24104.32,23917.45,23920.75,47242,192,0
2026-03-26 12:00:00+00:00,23921.12,24055.77,23854.95,23913.98,113104,192,0
2026-03-26 16:00:00+00:00,23913.63,23922.42,23597.17,23609.34,58639,192,0
2026-03-26 20:00:00+00:00,23608.89,23843.66,23585.12,23698.63,32953,192,0
2026-03-27 00:00:00+00:00,23698.93,23729.15,23629.67,23718.49,31975,192,0
2026-03-27 04:00:00+00:00,23718.62,23798.14,23676.69,23694.12,25657,192,0
2026-03-27 08:00:00+00:00,23694.37,23716.2,23432.25,23486.28,51001,192,0
2026-03-27 12:00:00+00:00,23485.98,23489.94,23263.87,23377.56,122518,192,0
2026-03-27 16:00:00+00:00,23377.93,23384.97,23093.59,23132.85,66118,192,0
2026-03-27 20:00:00+00:00,23133.2,23154.27,23056.61,23098.57,10797,192,0
2026-03-29 20:00:00+00:00,23009.87,23073.77,22940.63,22959.32,24651,192,0
2026-03-30 00:00:00+00:00,22958.88,23137.28,22925.45,23127.03,59097,192,0
2026-03-30 04:00:00+00:00,23127.24,23246.45,23120.28,23229.42,33914,192,0
2026-03-30 08:00:00+00:00,23229.57,23404.57,23205.46,23290.21,42924,191,0
2026-03-30 12:00:00+00:00,23290.84,23369.44,23098.71,23211.53,116832,192,0
2026-03-30 16:00:00+00:00,23211.26,23216.65,22859.7,22972.22,72761,192,0
2026-03-30 20:00:00+00:00,22971.95,22983.57,22859.45,22882.21,21122,192,0
2026-03-31 00:00:00+00:00,22881.95,23239.73,22801.03,23155.67,77528,192,0
2026-03-31 04:00:00+00:00,23155.99,23208.17,23071.31,23206.43,47728,192,0
2026-03-31 08:00:00+00:00,23205.43,23234.66,23075.26,23196.5,56165,192,0
2026-03-31 12:00:00+00:00,23196.25,23423.78,23148.62,23283.39,125050,192,0
2026-03-31 16:00:00+00:00,23283.89,23810.46,23274.33,23749.65,137800,192,0
2026-03-31 20:00:00+00:00,23749.38,23885.78,23705.74,23877.79,26023,192,0
2026-04-01 00:00:00+00:00,23877.36,23888.12,23796.91,23822.48,32751,192,0
2026-04-01 04:00:00+00:00,23822.68,24019.49,23819.5,23916.85,32214,192,0
2026-04-01 08:00:00+00:00,23917.33,24043.62,23842.75,24028.27,39462,192,0
2026-04-01 12:00:00+00:00,24028.61,24165.48,23875.56,24152.99,107568,191,0
2026-04-01 16:00:00+00:00,24152.53,24186.57,23963.86,24039.78,64059,192,0
2026-04-01 20:00:00+00:00,24039.34,24053.97,23996.97,24021.94,16464,192,0
2026-04-02 00:00:00+00:00,24022.31,24084.62,23652.54,23658.47,66359,192,0
2026-04-02 04:00:00+00:00,23658.83,23720.62,23592.28,23718.38,36097,192,0
2026-04-02 08:00:00+00:00,23717.88,23721.36,23522.75,23522.8,34309,192,0
2026-04-02 12:00:00+00:00,23523.65,24101.39,23506.42,23975.19,144890,192,0
2026-04-02 16:00:00+00:00,23975.51,24064.37,23896.97,24058.86,76540,192,0
2026-04-02 20:00:00+00:00,24059.15,24072.66,24020.16,24054.45,12822,192,0
2026-04-03 00:00:00+00:00,24054.92,24095.93,23992.77,24008.03,17142,192,0
2026-04-03 04:00:00+00:00,24008.1,24034.63,23961.9,23996.12,12324,192,0
2026-04-03 08:00:00+00:00,23995.89,24008.25,23955.06,23992.3,10205,192,0
2026-04-03 12:00:00+00:00,23992.09,24082.7,23948.31,23972.8,9715,191,0
2026-04-05 20:00:00+00:00,23931.12,23947.95,23832.25,23941.82,27458,192,0
2026-04-06 00:00:00+00:00,23942.16,24176.58,23938.07,24062.87,35633,191,0
2026-04-06 04:00:00+00:00,24062.78,24174.52,24057.22,24158.94,25867,192,0
2026-04-06 08:00:00+00:00,24158.6,24246.13,24117.45,24154.74,27786,191,0
2026-04-06 12:00:00+00:00,24154.93,24299.53,24094.86,24171.91,106292,192,0
2026-04-06 16:00:00+00:00,24171.63,24224.32,24052.17,24211.87,52862,192,0
2026-04-06 20:00:00+00:00,24211.62,24239.04,24155.15,24156.01,13256,192,0
2026-04-07 00:00:00+00:00,24155.97,24214.78,24009.75,24077.36,29176,192,0
2026-04-07 04:00:00+00:00,24077.3,24118.78,24055.48,24101.5,25297,192,0
2026-04-07 08:00:00+00:00,24101.67,24275.68,24033.01,24066.1,45146,191,0
2026-04-07 12:00:00+00:00,24065.67,24158.03,23797.18,23963.53,115258,192,0
2026-04-07 16:00:00+00:00,23963.77,24236.02,23932.37,24224.34,92824,192,0
2026-04-07 20:00:00+00:00,24224.63,24943.37,24201.09,24906.39,60099,191,0
2026-04-08 00:00:00+00:00,24905.68,24972.46,24862.67,24956.96,31449,192,0
2026-04-08 04:00:00+00:00,24957.15,25057.41,24957.15,24996.03,27100,192,0
2026-04-08 08:00:00+00:00,24996.16,25099.53,24989.07,25063.3,28520,192,0
2026-04-08 12:00:00+00:00,25063.91,25110.63,24783.46,24932.61,88240,192,0
2026-04-08 16:00:00+00:00,24932.35,25011.42,24797.66,24934.28,53423,192,0
2026-04-08 20:00:00+00:00,24934.26,24948.95,24871.2,24881.89,14495,192,0
2026-04-09 00:00:00+00:00,24882.41,24905.37,24837.11,24874.84,22346,192,0
2026-04-09 04:00:00+00:00,24875.39,24913.82,24821.48,24841.51,20875,192,0
2026-04-09 08:00:00+00:00,24841.85,24894.33,24809.09,24886.12,23604,192,0
2026-04-09 12:00:00+00:00,24886.31,25052.31,24816.47,25045.22,71967,192,0
2026-04-09 16:00:00+00:00,25044.85,25121.18,24999.38,25098.72,47305,192,0
2026-04-09 20:00:00+00:00,25099.06,25109.45,25048.84,25079.27,11816,192,0
2026-04-10 00:00:00+00:00,25079.73,25157.69,25061.61,25146.79,16534,192,0
2026-04-10 04:00:00+00:00,25146.77,25149.03,25075.58,25097.76,15491,192,0
2026-04-10 08:00:00+00:00,25098.04,25156.53,25058.9,25124.12,22008,192,0
2026-04-10 12:00:00+00:00,25124.37,25248.49,25101.93,25121.0,62269,191,0
2026-04-10 16:00:00+00:00,25120.87,25156.87,25078.54,25140.59,35754,192,0
2026-04-10 20:00:00+00:00,25140.13,25176.97,25132.87,25172.27,3152,192,0
2026-04-12 20:00:00+00:00,24827.1,24883.51,24775.72,24847.89,22875,191,0
2026-04-13 00:00:00+00:00,24847.46,24953.42,24814.22,24924.81,22815,192,0
2026-04-13 04:00:00+00:00,24924.82,24992.72,24915.52,24966.36,19141,192,0
2026-04-13 08:00:00+00:00,24965.76,25059.19,24949.98,24954.43,22024,192,0
2026-04-13 12:00:00+00:00,24954.79,25224.0,24938.95,25174.43,58772,192,0
2026-04-13 16:00:00+00:00,25174.31,25413.32,25147.69,25400.77,36173,192,0
2026-04-13 20:00:00+00:00,25401.05,25485.4,25396.69,25454.64,10849,192,0
2026-04-14 00:00:00+00:00,25454.14,25468.26,25428.72,25451.72,13325,192,0
2026-04-14 04:00:00+00:00,25451.65,25509.58,25431.37,25485.29,14245,192,0
2026-04-14 08:00:00+00:00,25485.05,25560.31,25476.96,25533.06,17097,192,0
2026-04-14 12:00:00+00:00,25533.42,25765.26,25518.64,25741.8,44577,192,0
2026-04-14 16:00:00+00:00,25741.15,25868.28,25739.41,25866.51,25771,192,0
2026-04-14 20:00:00+00:00,25866.17,25903.8,25838.4,25886.75,9972,216,0
2026-04-15 00:00:00+00:00,25886.64,25910.58,25858.51,25889.24,13334,216,0
2026-04-15 04:00:00+00:00,25889.1,25923.47,25834.24,25872.1,16366,192,0
2026-04-15 08:00:00+00:00,25872.4,25910.07,25802.68,25865.82,21837,216,0
2026-04-15 12:00:00+00:00,25865.78,26083.0,25828.65,26064.86,50263,216,0
2026-04-15 16:00:00+00:00,26064.57,26245.33,25971.84,26231.67,37075,216,0
2026-04-15 20:00:00+00:00,26231.97,26287.16,26200.93,26278.33,9343,216,0
2026-04-16 00:00:00+00:00,26278.64,26335.76,26262.08,26314.21,13065,216,0
2026-04-16 04:00:00+00:00,26314.46,26357.23,26288.04,26330.31,12892,216,0
2026-04-16 08:00:00+00:00,26330.74,26335.43,26235.19,26288.45,17487,216,0
2026-04-16 12:00:00+00:00,26289.17,26410.52,26146.24,26403.66,63311,216,0
2026-04-16 16:00:00+00:00,26404.13,26432.69,26225.82,26354.45,45730,216,0
2026-04-16 20:00:00+00:00,26354.15,26360.77,26311.32,26352.82,9550,216,0
2026-04-17 00:00:00+00:00,26352.49,26369.83,26322.94,26331.76,12538,216,0
2026-04-17 04:00:00+00:00,26331.98,26364.21,26316.04,26362.22,12583,216,0
2026-04-17 08:00:00+00:00,26361.99,26440.78,26349.85,26438.87,13681,216,0
2026-04-17 12:00:00+00:00,26438.68,26746.85,26434.08,26675.16,73941,216,0
2026-04-17 16:00:00+00:00,26675.65,26752.6,26606.61,26697.38,45142,216,0
2026-04-17 20:00:00+00:00,26697.98,26714.67,26686.09,26712.62,3254,216,0
2026-04-19 20:00:00+00:00,26453.96,26559.76,26414.74,26536.46,16540,195,0
2026-04-20 00:00:00+00:00,26536.89,26592.69,26494.74,26557.44,18507,216,0
2026-04-20 04:00:00+00:00,26557.28,26597.67,26490.75,26546.06,22748,216,0
2026-04-20 08:00:00+00:00,26545.6,26607.67,26496.59,26586.67,21244,216,0
2026-04-20 12:00:00+00:00,26587.17,26702.6,26444.61,26534.95,75985,216,0
2026-04-20 16:00:00+00:00,26535.5,26628.4,26516.36,26622.7,30894,216,0
2026-04-20 20:00:00+00:00,26622.23,26695.27,26606.43,26674.67,10649,216,0
2026-04-21 00:00:00+00:00,26675.07,26715.98,26664.98,26690.93,13160,216,0
2026-04-21 04:00:00+00:00,26691.09,26735.42,26685.39,26692.61,12140,216,0
2026-04-21 08:00:00+00:00,26692.21,26780.03,26676.66,26750.11,16560,216,0
2026-04-21 12:00:00+00:00,26750.58,26763.83,26541.43,26610.35,69783,216,0
2026-04-21 16:00:00+00:00,26610.8,26665.25,26431.5,26519.04,67845,216,0
2026-04-21 20:00:00+00:00,26519.34,26671.87,26481.01,26655.17,19321,191,0
2026-04-22 00:00:00+00:00,26654.94,26713.22,26653.22,26688.1,13631,216,0
2026-04-22 04:00:00+00:00,26688.26,26745.31,26649.55,26726.71,16335,216,0
2026-04-22 08:00:00+00:00,26726.96,26743.98,26661.49,26715.72,20454,216,0
2026-04-22 12:00:00+00:00,26716.04,26889.39,26694.31,26861.89,56178,216,0
2026-04-22 16:00:00+00:00,26862.24,26974.12,26840.47,26960.72,33074,216,0
2026-04-22 20:00:00+00:00,26961.09,27017.55,26950.95,26980.99,11977,216,0
2026-04-23 00:00:00+00:00,26980.6,26983.27,26734.83,26793.1,35062,216,0
2026-04-23 04:00:00+00:00,26793.2,26891.8,26778.85,26873.52,19938,216,0
2026-04-23 08:00:00+00:00,26873.87,26924.93,26766.53,26908.37,24949,216,0
2026-04-23 12:00:00+00:00,26907.51,27031.1,26837.12,26968.57,57714,191,0
2026-04-23 16:00:00+00:00,26968.73,26993.34,26557.73,26800.78,84149,216,0
2026-04-23 20:00:00+00:00,26801.46,26960.66,26785.83,26960.66,15268,191,0
2026-04-24 00:00:00+00:00,26961.3,27015.78,26903.19,26911.4,19484,216,0
2026-04-24 04:00:00+00:00,26911.02,26993.72,26896.65,26987.61,17067,216,0
2026-04-24 08:00:00+00:00,26987.83,27241.95,26942.89,27154.62,31349,216,0
2026-04-24 12:00:00+00:00,27154.75,27295.16,27009.64,27275.55,79937,216,0
2026-04-24 16:00:00+00:00,27275.18,27340.43,27239.21,27313.3,35335,216,0
2026-04-24 20:00:00+00:00,27313.78,27322.26,27288.35,27319.3,3330,240,0
2026-04-26 20:00:00+00:00,27284.05,27303.41,27228.6,27268.54,8992,240,0
2026-04-27 00:00:00+00:00,27269.05,27426.08,27263.63,27409.3,19180,216,0
2026-04-27 04:00:00+00:00,27409.3,27423.65,27291.72,27310.11,18829,240,0
2026-04-27 08:00:00+00:00,27309.91,27384.36,27273.0,27366.21,16159,240,0
2026-04-27 12:00:00+00:00,27366.33,27367.61,27182.73,27252.29,72640,216,0
2026-04-27 16:00:00+00:00,27251.98,27336.37,27232.99,27329.12,27624,216,0
2026-04-27 20:00:00+00:00,27329.61,27390.32,27296.11,27376.34,10488,216,0
2026-04-28 00:00:00+00:00,27376.53,27398.98,27273.96,27297.37,19500,216,0
2026-04-28 04:00:00+00:00,27297.72,27326.36,27208.27,27225.83,20459,216,0
2026-04-28 08:00:00+00:00,27226.11,27247.19,26969.44,26983.04,31244,240,0
2026-04-28 12:00:00+00:00,26983.36,27138.33,26897.0,26940.52,98423,216,0
2026-04-28 16:00:00+00:00,26940.05,27107.1,26914.03,27055.73,40349,216,0
2026-04-28 20:00:00+00:00,27056.13,27136.5,27033.85,27135.12,9619,216,0
2026-04-29 00:00:00+00:00,27135.59,27182.27,27080.81,27172.68,17720,216,0
2026-04-29 04:00:00+00:00,27172.47,27206.11,27099.28,27126.99,16497,216,0
2026-04-29 08:00:00+00:00,27127.96,27176.84,27087.74,27139.82,25140,216,0
2026-04-29 12:00:00+00:00,27139.38,27204.08,27013.49,27129.07,60424,216,0
2026-04-29 16:00:00+00:00,27128.73,27225.65,27042.99,27222.47,51026,216,0
2026-04-29 20:00:00+00:00,27222.85,27446.09,26983.52,27441.17,46501,191,0
2026-04-30 00:00:00+00:00,27441.52,27512.97,27277.8,27300.43,33095,240,0
2026-04-30 04:00:00+00:00,27300.92,27301.43,27076.6,27242.62,40961,240,0
2026-04-30 08:00:00+00:00,27242.42,27384.59,27215.76,27330.85,37910,240,0
2026-04-30 12:00:00+00:00,27330.8,27439.85,27054.47,27278.99,102565,240,0
2026-04-30 16:00:00+00:00,27279.36,27511.88,27239.49,27469.22,41034,216,0
2026-04-30 20:00:00+00:00,27469.6,27539.35,27449.71,27486.52,18575,240,0
2026-05-01 00:00:00+00:00,27486.96,27565.79,27484.66,27535.29,15418,216,0
2026-05-01 04:00:00+00:00,27535.23,27536.21,27465.27,27472.29,14182,240,0
2026-05-01 08:00:00+00:00,27473.12,27490.07,27429.34,27456.4,16141,240,0
2026-05-01 12:00:00+00:00,27456.61,27808.2,27440.22,27782.46,72907,240,0
2026-05-01 16:00:00+00:00,27782.09,27792.7,27686.79,27728.22,38007,240,0
2026-05-01 20:00:00+00:00,27728.72,27729.09,27673.93,27678.42,4737,240,0
2026-05-03 20:00:00+00:00,27792.38,27825.55,27715.91,27724.72,11619,192,0
2026-05-04 00:00:00+00:00,27724.54,27845.14,27701.69,27831.73,21536,240,0
2026-05-04 04:00:00+00:00,27831.64,27866.02,27773.07,27813.43,18890,240,0
2026-05-04 08:00:00+00:00,27813.09,27823.82,27563.74,27727.77,45960,240,0
2026-05-04 12:00:00+00:00,27728.35,27840.86,27598.64,27634.83,83403,240,0
2026-05-04 16:00:00+00:00,27634.52,27718.33,27516.74,27679.82,53554,240,0
2026-05-04 20:00:00+00:00,27680.37,27688.67,27634.0,27647.59,10731,240,0
2026-05-05 00:00:00+00:00,27648.17,27748.99,27642.1,27741.83,17938,240,0
2026-05-05 04:00:00+00:00,27741.76,27827.46,27719.85,27782.59,18419,240,0
2026-05-05 08:00:00+00:00,27783.16,27859.84,27780.39,27844.31,20129,240,0
2026-05-05 12:00:00+00:00,27844.06,28048.02,27830.19,28028.2,52829,240,0
2026-05-05 16:00:00+00:00,28028.51,28089.02,27992.79,28037.38,23812,240,0
2026-05-05 20:00:00+00:00,28036.88,28322.04,28012.64,28273.92,21162,191,0
2026-05-06 00:00:00+00:00,28274.42,28276.5,28152.72,28216.9,23520,240,0
2026-05-06 04:00:00+00:00,28217.37,28272.75,28205.28,28252.17,18908,240,0
2026-05-06 08:00:00+00:00,28252.41,28538.76,28228.26,28443.86,38855,240,0
2026-05-06 12:00:00+00:00,28444.2,28489.62,28241.47,28463.98,83776,240,0
2026-05-06 16:00:00+00:00,28463.33,28629.33,28416.17,28615.51,27712,240,0
2026-05-06 20:00:00+00:00,28615.04,28703.29,28559.81,28576.74,15310,193,0
2026-05-07 00:00:00+00:00,28577.3,28623.19,28545.3,28599.53,20848,240,0
2026-05-07 04:00:00+00:00,28599.71,28711.19,28593.34,28685.21,19150,240,0
2026-05-07 08:00:00+00:00,28684.99,28721.12,28601.18,28639.48,24981,240,0
2026-05-07 12:00:00+00:00,28639.23,28851.14,28615.3,28691.05,59826,240,0
2026-05-07 16:00:00+00:00,28691.37,28693.96,28460.93,28586.76,90393,240,0
2026-05-07 20:00:00+00:00,28587.13,28668.79,28449.98,28585.83,23025,192,0
2026-05-08 00:00:00+00:00,28586.05,28689.06,28586.05,28680.2,20872,240,0
2026-05-08 04:00:00+00:00,28680.73,28745.06,28665.18,28734.77,19020,240,0
2026-05-08 08:00:00+00:00,28735.33,28821.02,28731.5,28805.07,18278,240,0
2026-05-08 12:00:00+00:00,28804.32,29121.57,28770.36,29095.15,62589,240,0
2026-05-08 16:00:00+00:00,29095.51,29245.3,29095.51,29244.13,34167,240,0
2026-05-08 20:00:00+00:00,29244.56,29289.09,29235.99,29242.82,4526,240,0
2026-05-10 20:00:00+00:00,29200.59,29257.66,29138.52,29215.48,12488,240,0
2026-05-11 00:00:00+00:00,29216.35,29310.62,29162.72,29235.76,29371,240,0
2026-05-11 04:00:00+00:00,29236.04,29265.58,29198.28,29233.28,18479,240,0
2026-05-11 08:00:00+00:00,29233.68,29298.86,29175.19,29259.21,23367,240,0
2026-05-11 12:00:00+00:00,29259.83,29385.84,29158.66,29375.76,72781,240,0
2026-05-11 16:00:00+00:00,29375.98,29390.11,29280.89,29338.08,39920,240,0
2026-05-11 20:00:00+00:00,29338.5,29368.91,29234.74,29341.58,10975,240,0
2026-05-12 00:00:00+00:00,29341.15,29341.59,29140.96,29238.2,29335,240,0
2026-05-12 04:00:00+00:00,29238.34,29251.21,29089.94,29153.0,24042,240,0
2026-05-12 08:00:00+00:00,29153.44,29160.93,29046.73,29081.12,28506,240,0
2026-05-12 12:00:00+00:00,29081.58,29210.88,28744.59,28755.35,121588,240,0
2026-05-12 16:00:00+00:00,28756.68,29099.85,28657.94,29085.37,70289,240,0
2026-05-12 20:00:00+00:00,29085.85,29103.86,28995.48,28999.63,15359,240,0
2026-05-13 00:00:00+00:00,28998.5,29181.27,28973.69,29165.91,28160,240,0
2026-05-13 04:00:00+00:00,29165.74,29287.57,29160.77,29287.25,18984,240,0
2026-05-13 08:00:00+00:00,29287.88,29363.69,29265.52,29286.86,23788,240,0
2026-05-13 12:00:00+00:00,29286.3,29318.23,28995.12,29227.09,99364,240,0
2026-05-13 16:00:00+00:00,29227.43,29484.38,29217.38,29396.16,38783,240,0
2026-05-13 20:00:00+00:00,29395.6,29570.33,29368.83,29554.85,14620,240,0
2026-05-14 00:00:00+00:00,29554.9,29614.81,29444.81,29458.12,25323,240,0
2026-05-14 04:00:00+00:00,29458.48,29563.02,29437.34,29496.64,24884,240,0
2026-05-14 08:00:00+00:00,29496.97,29551.3,29404.59,29460.22,28053,240,0
2026-05-14 12:00:00+00:00,29460.94,29691.57,29369.4,29671.72,79875,240,0
2026-05-14 16:00:00+00:00,29672.02,29697.29,29512.25,29603.25,59520,240,0
2026-05-14 20:00:00+00:00,29602.82,29653.79,29552.82,29605.89,13941,240,0
2026-05-15 00:00:00+00:00,29605.7,29644.64,29411.68,29481.74,38315,240,0
2026-05-15 04:00:00+00:00,29481.75,29481.75,29172.55,29330.68,44863,240,0
2026-05-15 08:00:00+00:00,29330.9,29337.41,29103.5,29178.39,58375,240,0
2026-05-15 12:00:00+00:00,29178.69,29302.3,29010.03,29201.57,151082,240,0
2026-05-15 16:00:00+00:00,29201.95,29406.97,29133.89,29158.43,71780,240,0
2026-05-15 20:00:00+00:00,29158.06,29158.06,29036.51,29100.1,11597,240,0
2026-05-17 20:00:00+00:00,29081.39,29220.84,28948.04,29054.46,31045,240,0
2026-05-18 00:00:00+00:00,29053.93,29080.05,28862.91,28990.78,75671,240,0
2026-05-18 04:00:00+00:00,28991.16,29110.07,28925.69,29054.88,42753,240,0
2026-05-18 08:00:00+00:00,29055.37,29208.52,28986.81,29112.1,40987,240,0
2026-05-18 12:00:00+00:00,29112.65,29353.71,28876.35,28931.06,187245,240,0
2026-05-18 16:00:00+00:00,28930.49,29042.82,28749.97,29028.37,121598,240,0
2026-05-18 20:00:00+00:00,29027.94,29118.33,28999.13,29068.83,18965,240,0
2026-05-19 00:00:00+00:00,29068.41,29122.14,28865.19,28925.04,49693,240,0
2026-05-19 04:00:00+00:00,28925.02,29060.52,28820.32,29038.05,42057,240,0
2026-05-19 08:00:00+00:00,29038.34,29052.83,28775.26,28789.99,43942,240,0
2026-05-19 12:00:00+00:00,28790.96,29003.32,28599.29,28752.51,180504,240,0
2026-05-19 16:00:00+00:00,28752.95,29062.32,28728.0,28860.05,89560,240,0
2026-05-19 20:00:00+00:00,28859.65,28962.8,28805.63,28890.06,19514,240,0
2026-05-20 00:00:00+00:00,28889.58,28955.35,28738.39,28834.83,63861,240,0
2026-05-20 04:00:00+00:00,28835.37,29003.69,28810.12,28966.05,35338,240,0
2026-05-20 08:00:00+00:00,28966.6,29096.41,28963.24,29019.27,28864,240,0
2026-05-20 12:00:00+00:00,29018.46,29333.65,28945.32,29270.42,130584,240,0
2026-05-20 16:00:00+00:00,29270.86,29335.79,29150.62,29334.0,56816,240,0
2026-05-20 20:00:00+00:00,29334.53,29336.15,29054.07,29132.2,36864,240,0
2026-05-21 00:00:00+00:00,29131.54,29320.64,29111.21,29301.31,25916,240,0
2026-05-21 04:00:00+00:00,29301.32,29378.68,29146.35,29261.32,29644,240,0
2026-05-21 08:00:00+00:00,29261.6,29401.97,29132.37,29192.56,42495,240,0
2026-05-21 12:00:00+00:00,29193.06,29277.95,29067.25,29206.73,139190,240,0
2026-05-21 16:00:00+00:00,29207.24,29493.07,29148.17,29384.16,79123,240,0
2026-05-21 20:00:00+00:00,29384.57,29516.75,29373.77,29495.13,14488,240,0
2026-05-22 00:00:00+00:00,29495.81,29547.81,29438.5,29517.36,25458,240,0
2026-05-22 04:00:00+00:00,29517.38,29551.09,29472.48,29526.99,23098,240,0
2026-05-22 08:00:00+00:00,29527.51,29608.95,29381.87,29450.66,30226,240,0
2026-05-22 12:00:00+00:00,29450.24,29656.93,29432.59,29630.07,77959,191,0
2026-05-22 16:00:00+00:00,29629.77,29688.57,29474.05,29492.58,44610,240,0
2026-05-22 20:00:00+00:00,29493.03,29519.08,29444.11,29478.09,6013,240,0
2026-05-24 20:00:00+00:00,29636.07,29833.78,29635.69,29795.49,13673,191,0
2026-05-25 00:00:00+00:00,29795.04,29940.31,29779.55,29914.83,19753,240,0
2026-05-25 04:00:00+00:00,29915.02,29946.74,29841.81,29924.58,15432,240,0
2026-05-25 08:00:00+00:00,29924.25,29942.2,29880.27,29924.94,12192,240,0
2026-05-25 12:00:00+00:00,29925.17,29944.52,29861.26,29873.86,17393,240,0
2026-05-25 16:00:00+00:00,29874.3,29917.49,29864.5,29914.52,3529,240,0
2026-05-25 20:00:00+00:00,29924.41,29929.13,29789.08,29833.11,12249,240,0
2026-05-26 00:00:00+00:00,29832.93,29834.89,29725.06,29774.1,25447,240,0
2026-05-26 04:00:00+00:00,29774.17,29799.12,29698.63,29728.09,19755,240,0
2026-05-26 08:00:00+00:00,29728.32,29868.9,29712.66,29819.74,21108,240,0
2026-05-26 12:00:00+00:00,29819.8,30072.55,29781.21,29880.14,67293,240,0
2026-05-26 16:00:00+00:00,29880.63,30065.04,29875.46,30033.13,36080,240,0
2026-05-26 20:00:00+00:00,30033.58,30061.04,29986.29,30056.46,12594,240,0
2026-05-27 00:00:00+00:00,30055.14,30115.86,30028.93,30054.77,20036,240,0
2026-05-27 04:00:00+00:00,30054.35,30100.78,30013.21,30097.97,20828,240,0
2026-05-27 08:00:00+00:00,30098.01,30253.61,30088.75,30222.09,20438,240,0
2026-05-27 12:00:00+00:00,30222.65,30335.99,29836.56,29892.65,117582,240,0
2026-05-27 16:00:00+00:00,29892.12,30028.61,29853.69,30003.53,44704,240,0
2026-05-27 20:00:00+00:00,30004.02,30097.02,29928.87,29940.77,18198,240,0
2026-05-28 00:00:00+00:00,29940.01,30051.13,29758.66,29773.37,36070,240,0
2026-05-28 04:00:00+00:00,29773.18,29925.62,29725.96,29917.28,31588,240,0
2026-05-28 08:00:00+00:00,29917.85,29959.51,29830.09,29886.17,25465,240,0
2026-05-28 12:00:00+00:00,29885.79,30255.17,29882.55,30227.23,80262,240,0
2026-05-28 16:00:00+00:00,30226.73,30303.88,30201.7,30268.81,27346,240,0
2026-05-28 20:00:00+00:00,30268.39,30324.59,30252.13,30265.0,11874,240,0
2026-05-29 00:00:00+00:00,30264.79,30264.95,30180.29,30224.24,21054,240,0
2026-05-29 04:00:00+00:00,30224.48,30313.65,30223.86,30263.66,17168,240,0
2026-05-29 08:00:00+00:00,30264.32,30335.33,30251.26,30313.34,21009,240,0
2026-05-29 12:00:00+00:00,30313.24,30499.23,30233.58,30325.88,84557,191,0
2026-05-29 16:00:00+00:00,30326.35,30411.09,30256.08,30359.87,40818,240,0
2026-05-29 20:00:00+00:00,30360.42,30373.67,30340.04,30347.59,4803,240,0
2026-05-31 20:00:00+00:00,30386.49,30462.17,30339.62,30455.17,12033,240,0
2026-06-01 00:00:00+00:00,30455.56,30571.89,30449.46,30523.54,20222,240,0
2026-06-01 04:00:00+00:00,30524.2,30570.42,30465.58,30489.93,17994,240,0
2026-06-01 08:00:00+00:00,30489.92,30494.69,30422.86,30443.04,22377,240,0
2026-06-01 12:00:00+00:00,30442.59,30533.85,30270.16,30482.24,89165,240,0
2026-06-01 16:00:00+00:00,30481.76,30672.13,30431.39,30551.16,36976,240,0
2026-06-01 20:00:00+00:00,30551.52,30554.87,30416.02,30453.07,16794,240,0
2026-06-02 00:00:00+00:00,30453.55,30453.55,30302.22,30347.56,28466,240,0
2026-06-02 04:00:00+00:00,30347.52,30530.73,30342.82,30513.68,19770,240,0
2026-06-02 08:00:00+00:00,30513.38,30569.49,30485.0,30513.84,22242,240,0
2026-06-02 12:00:00+00:00,30513.85,30680.47,30406.86,30673.31,64553,240,0
2026-06-02 16:00:00+00:00,30674.05,30703.76,30580.12,30689.96,29790,240,0
2026-06-02 20:00:00+00:00,30690.4,30745.87,30555.95,30695.16,18930,240,0
2026-06-03 00:00:00+00:00,30695.48,30712.72,30641.22,30694.33,20198,240,0
2026-06-03 04:00:00+00:00,30694.46,30727.19,30660.61,30710.11,18610,240,0
2026-06-03 08:00:00+00:00,30710.4,30781.65,30689.67,30766.29,22539,240,0
2026-06-03 12:00:00+00:00,30765.75,30793.56,30484.49,30593.53,90994,240,0
2026-06-03 16:00:00+00:00,30592.98,30683.91,30495.88,30623.74,50270,240,0
2026-06-03 20:00:00+00:00,30623.26,30628.54,30360.64,30383.64,33602,191,0
2026-06-04 00:00:00+00:00,30383.23,30519.71,30342.29,30469.46,35815,240,0
2026-06-04 04:00:00+00:00,30469.68,30533.26,30439.86,30489.03,25770,240,0
2026-06-04 08:00:00+00:00,30488.81,30490.45,30154.24,30269.99,48308,240,0
2026-06-04 12:00:00+00:00,30269.92,30459.61,30143.41,30403.58,114159,240,0
2026-06-04 16:00:00+00:00,30404.11,30593.8,30384.94,30474.9,36598,240,0
2026-06-04 20:00:00+00:00,30475.33,30485.4,30246.89,30255.94,21400,240,0
2026-06-05 00:00:00+00:00,30256.58,30256.58,30044.4,30154.23,40902,240,0
2026-06-05 04:00:00+00:00,30154.82,30234.51,30052.44,30142.74,36250,240,0
2026-06-05 08:00:00+00:00,30143.68,30250.67,30112.59,30139.73,31639,240,0
2026-06-05 12:00:00+00:00,30139.26,30148.42,29609.54,29652.41,140038,240,0
2026-06-05 16:00:00+00:00,29652.0,29653.28,28966.49,29006.02,150252,240,0
2026-06-05 20:00:00+00:00,29006.71,29033.45,28772.86,28842.31,27845,240,0
2026-06-07 20:00:00+00:00,28879.11,29102.69,28823.09,29086.42,38183,191,0
2026-06-08 00:00:00+00:00,29085.94,29286.98,29024.37,29211.88,73805,240,0
2026-06-08 04:00:00+00:00,29212.33,29280.06,28972.82,29256.4,61528,240,0
2026-06-08 08:00:00+00:00,29256.16,29437.12,29144.6,29375.07,48712,240,0
2026-06-08 12:00:00+00:00,29374.75,29742.25,29331.52,29609.89,152814,240,0
2026-06-08 16:00:00+00:00,29610.3,29691.74,29377.25,29453.45,99826,240,0
2026-06-08 20:00:00+00:00,29452.96,29483.93,29324.78,29428.05,25923,240,0
2026-06-09 00:00:00+00:00,29427.54,29595.11,29307.31,29584.01,58379,240,0
2026-06-09 04:00:00+00:00,29583.79,29691.96,29571.78,29595.81,32437,240,0
2026-06-09 08:00:00+00:00,29596.28,29729.77,29569.55,29684.11,29810,240,0
2026-06-09 12:00:00+00:00,29684.27,29849.94,28686.03,28699.29,231349,240,0
2026-06-09 16:00:00+00:00,28699.71,29149.33,28233.07,29119.53,301254,191,0
2026-06-09 20:00:00+00:00,29120.03,29199.08,28988.14,29071.56,45630,191,0
2026-06-10 00:00:00+00:00,29072.12,29175.04,28967.72,28998.97,71254,240,0
2026-06-10 04:00:00+00:00,28998.94,29019.78,28861.99,28970.14,53075,240,0
2026-06-10 08:00:00+00:00,28970.19,28971.0,28616.94,28684.21,83920,191,0
2026-06-10 12:00:00+00:00,28683.45,29255.89,28634.26,28862.05,294499,191,0
2026-06-10 16:00:00+00:00,28862.37,28902.72,28501.94,28536.12,198983,240,0
2026-06-10 20:00:00+00:00,28536.6,28544.43,28276.92,28373.92,54530,240,0
2026-06-11 00:00:00+00:00,28374.38,28773.42,28345.67,28748.96,82972,240,0
2026-06-11 04:00:00+00:00,28748.79,28877.56,28698.97,28854.77,43696,240,0
2026-06-11 08:00:00+00:00,28854.52,28944.18,28822.74,28910.73,34979,240,0
2026-06-11 12:00:00+00:00,28910.4,29058.56,28588.94,28867.67,244148,191,0
2026-06-11 16:00:00+00:00,28868.83,29552.44,28690.26,29468.03,196724,191,0
2026-06-11 20:00:00+00:00,29468.38,29606.0,29422.1,29589.82,29937,240,0
2026-06-12 00:00:00+00:00,29590.31,29657.46,29483.24,29542.3,40909,222,0
2026-06-12 04:00:00+00:00,29542.77,29566.97,29274.63,29443.74,49358,191,0
2026-06-12 08:00:00+00:00,29446.16,29686.21,29431.41,29657.91,67038,240,0
2026-06-12 12:00:00+00:00,29657.41,29783.35,29247.42,29460.62,188405,191,0
2026-06-12 16:00:00+00:00,29461.12,29776.15,29431.27,29672.32,110970,191,0
2026-06-12 20:00:00+00:00,29671.77,29751.59,29670.21,29691.2,6863,240,0
2026-06-14 20:00:00+00:00,29958.21,30124.42,29937.64,30081.13,31084,192,0
2026-06-15 00:00:00+00:00,30080.73,30248.81,30068.63,30218.19,30974,240,0
2026-06-15 04:00:00+00:00,30218.57,30301.72,30201.32,30276.57,25462,240,0
2026-06-15 08:00:00+00:00,30275.96,30358.73,30240.71,30332.69,29282,240,0
2026-06-15 12:00:00+00:00,30333.04,30619.77,30272.53,30612.55,98103,240,0
2026-06-15 16:00:00+00:00,30612.99,30646.72,30548.39,30608.68,47800,240,0
2026-06-15 20:00:00+00:00,30608.23,30626.22,30491.68,30570.64,17616,206,0
2026-06-16 00:00:00+00:00,30570.09,30593.43,30492.06,30568.39,30151,240,0
2026-06-16 04:00:00+00:00,30568.48,30584.0,30531.23,30576.35,23218,240,0
2026-06-16 08:00:00+00:00,30576.8,30710.7,30564.52,30675.6,25161,240,0
2026-06-16 12:00:00+00:00,30675.39,30687.68,30146.12,30204.9,147686,240,0
2026-06-16 16:00:00+00:00,30205.24,30310.62,30041.06,30048.48,92560,240,0
2026-06-16 20:00:00+00:00,30047.78,30129.16,30012.07,30070.11,18562,240,0
2026-06-17 00:00:00+00:00,30070.55,30209.71,30070.55,30206.78,23241,240,0
2026-06-17 04:00:00+00:00,30206.38,30318.56,30188.1,30299.01,19375,240,0
2026-06-17 08:00:00+00:00,30299.0,30323.76,30128.41,30155.68,37744,100,0
2026-06-17 12:00:00+00:00,30155.97,30284.5,30034.03,30189.59,270187,100,0
2026-06-17 16:00:00+00:00,30190.07,30259.33,29664.01,29734.87,199767,191,0
2026-06-17 20:00:00+00:00,29734.56,30054.56,29732.27,30054.56,31656,240,0
2026-06-18 00:00:00+00:00,30054.92,30182.03,30050.08,30143.81,37488,197,0
2026-06-18 04:00:00+00:00,30143.84,30187.88,30026.83,30187.88,32677,217,0
2026-06-18 08:00:00+00:00,30188.38,30242.26,30104.08,30167.83,35222,240,0
2026-06-18 12:00:00+00:00,30167.93,30419.44,30135.5,30384.06,163897,240,0
2026-06-18 16:00:00+00:00,30384.6,30525.82,30372.12,30439.95,52725,240,0
2026-06-18 20:00:00+00:00,30439.27,30516.76,30397.17,30437.91,16267,240,0
2026-06-19 00:00:00+00:00,30437.43,30440.9,30251.97,30264.23,21633,240,0
2026-06-19 04:00:00+00:00,30264.9,30378.46,30135.6,30375.81,24040,240,0
2026-06-19 08:00:00+00:00,30376.24,30412.21,30282.34,30337.57,19090,240,0
2026-06-19 12:00:00+00:00,30337.59,30450.41,30272.56,30429.67,25380,240,0
2026-06-19 16:00:00+00:00,30430.05,30447.54,30386.75,30392.47,3589,240,0
2026-06-21 20:00:00+00:00,30307.31,30371.33,30093.09,30108.48,25434,191,0
2026-06-22 00:00:00+00:00,30109.0,30413.79,30103.15,30311.45,31300,240,0
2026-06-22 04:00:00+00:00,30311.84,30536.66,30280.03,30514.28,21783,240,0
2026-06-22 08:00:00+00:00,30513.38,30583.47,30441.49,30511.85,25615,240,0
2026-06-22 12:00:00+00:00,30512.37,30723.08,30296.48,30312.44,145662,240,0
2026-06-22 16:00:00+00:00,30312.02,30431.42,30260.49,30411.18,63586,240,0
2026-06-22 20:00:00+00:00,30410.59,30458.29,30298.82,30335.12,14129,240,0
2026-06-23 00:00:00+00:00,30334.65,30394.5,30060.95,30158.91,44346,240,0
2026-06-23 04:00:00+00:00,30159.48,30173.98,29648.87,29667.49,48507,240,0
2026-06-23 08:00:00+00:00,29670.66,29689.63,29509.09,29630.06,55200,240,0
2026-06-23 12:00:00+00:00,29629.78,29804.51,29374.41,29557.37,177426,240,0
2026-06-23 16:00:00+00:00,29557.79,29673.08,29336.38,29405.94,103380,240,0
2026-06-23 20:00:00+00:00,29406.46,29565.15,29349.02,29510.85,26330,240,0
2026-06-24 00:00:00+00:00,29510.38,29653.66,29378.56,29508.43,53151,240,0
2026-06-24 04:00:00+00:00,29508.51,29646.05,29417.12,29530.88,36291,240,0
2026-06-24 08:00:00+00:00,29531.58,29626.9,29494.81,29619.71,32178,240,0
2026-06-24 12:00:00+00:00,29620.35,29669.17,29287.89,29518.53,172045,240,0
2026-06-24 16:00:00+00:00,29519.15,29568.22,29030.61,29279.24,157281,240,0
2026-06-24 20:00:00+00:00,29278.82,29932.79,29253.59,29861.31,50799,240,0
2026-06-25 00:00:00+00:00,29862.41,29867.38,29690.17,29798.75,35771,240,0
2026-06-25 04:00:00+00:00,29798.89,29951.12,29763.41,29946.15,21262,240,0
2026-06-25 08:00:00+00:00,29946.13,29982.69,29864.69,29895.97,23919,240,0
2026-06-25 12:00:00+00:00,29895.54,30027.07,29061.12,29424.71,245543,240,0
2026-06-25 16:00:00+00:00,29425.21,29657.48,29353.06,29513.76,157214,240,0
2026-06-25 20:00:00+00:00,29514.62,29684.69,29374.57,29474.33,33475,240,0
2026-06-26 00:00:00+00:00,29474.78,29540.6,28931.51,29134.82,67647,240,0
2026-06-26 04:00:00+00:00,29135.27,29330.81,29021.79,29295.57,46979,194,0
2026-06-26 08:00:00+00:00,29296.14,29326.78,29075.9,29121.69,39914,240,0
2026-06-26 12:00:00+00:00,29121.16,29485.14,28952.12,29389.62,194172,191,0
2026-06-26 16:00:00+00:00,29390.09,29469.4,29055.06,29076.69,119293,240,0
2026-06-26 20:00:00+00:00,29077.84,29182.24,29025.2,29062.48,23991,191,0
2026-06-28 20:00:00+00:00,29083.28,29460.89,29066.06,29397.53,20320,191,0
2026-06-29 00:00:00+00:00,29398.5,29399.76,29142.2,29371.07,65064,240,0
2026-06-29 04:00:00+00:00,29370.53,29472.88,29269.92,29440.91,37481,240,0
2026-06-29 08:00:00+00:00,29440.3,29538.78,29401.01,29485.59,31413,210,0
2026-06-29 12:00:00+00:00,29486.15,29628.27,29055.62,29620.84,196267,240,0
2026-06-29 16:00:00+00:00,29621.51,29849.98,29616.39,29828.1,51453,240,0
2026-06-29 20:00:00+00:00,29827.66,29836.99,29754.88,29822.91,15514,240,0
2026-06-30 00:00:00+00:00,29822.63,29912.78,29718.58,29878.75,38523,240,0
2026-06-30 04:00:00+00:00,29879.19,29999.17,29848.87,29860.97,24879,240,0
2026-06-30 08:00:00+00:00,29860.59,29953.32,29799.01,29917.26,26638,240,0
2026-06-30 12:00:00+00:00,29917.83,30260.71,29776.2,30240.13,111484,240,0
2026-06-30 16:00:00+00:00,30239.68,30378.3,30232.35,30295.79,28748,240,0
2026-06-30 20:00:00+00:00,30295.38,30324.2,30263.88,30314.64,15021,240,0
2026-07-01 00:00:00+00:00,30315.27,30332.93,30148.82,30248.46,26989,240,0
2026-07-01 04:00:00+00:00,30248.84,30255.81,30080.78,30155.11,22323,240,0
2026-07-01 08:00:00+00:00,30155.73,30216.54,30099.5,30143.96,21848,240,0
2026-07-01 12:00:00+00:00,30144.38,30175.83,29868.58,30035.42,137986,240,0
2026-07-01 16:00:00+00:00,30035.93,30061.16,29834.91,29860.68,57934,240,0
2026-07-01 20:00:00+00:00,29861.15,29898.99,29790.0,29828.29,19611,240,0
2026-07-02 00:00:00+00:00,29828.78,30022.18,29737.24,29956.3,37501,240,0
2026-07-02 04:00:00+00:00,29956.1,29971.64,29610.27,29676.06,36628,240,0
2026-07-02 08:00:00+00:00,29675.67,29861.76,29610.8,29817.73,34872,240,0
2026-07-02 12:00:00+00:00,29818.3,30102.56,29394.74,29459.72,213011,240,0
2026-07-02 16:00:00+00:00,29460.91,29471.16,29112.42,29320.02,135893,240,0
2026-07-02 20:00:00+00:00,29320.41,29409.4,29297.99,29387.54,17397,240,0
2026-07-03 00:00:00+00:00,29387.0,29561.65,29311.02,29555.57,38107,240,0
2026-07-03 04:00:00+00:00,29556.36,29674.66,29550.76,29632.3,17645,240,0
2026-07-03 08:00:00+00:00,29632.0,29695.24,29615.74,29688.54,14438,240,0
2026-07-03 12:00:00+00:00,29688.93,29742.49,29663.59,29693.97,18676,240,0
2026-07-03 16:00:00+00:00,29694.35,29711.93,29678.95,29690.62,3262,240,0
2026-07-05 20:00:00+00:00,29751.09,29803.7,29656.27,29779.16,13696,192,0
2026-07-06 00:00:00+00:00,29779.93,29798.36,29478.01,29525.46,51425,240,0
2026-07-06 04:00:00+00:00,29525.33,29669.61,29497.74,29646.38,26075,240,0
2026-07-06 08:00:00+00:00,29647.33,29709.44,29574.97,29673.26,24820,240,0
2026-07-06 12:00:00+00:00,29672.9,29879.26,29571.52,29869.01,109870,240,0
2026-07-06 16:00:00+00:00,29867.78,29888.75,29676.63,29747.14,44188,240,0
2026-07-06 20:00:00+00:00,29746.71,29770.4,29637.45,29649.89,13706,240,0
2026-07-07 00:00:00+00:00,29648.07,29711.08,29426.74,29465.57,37879,240,0
2026-07-07 04:00:00+00:00,29466.11,29541.11,29355.92,29443.37,27174,240,0
2026-07-07 08:00:00+00:00,29443.76,29506.5,29389.4,29439.31,25171,240,0
2026-07-07 12:00:00+00:00,29438.69,29513.54,29008.0,29184.61,142668,240,0
2026-07-07 16:00:00+00:00,29185.24,29378.13,29066.23,29189.0,64565,240,0
2026-07-07 20:00:00+00:00,29189.57,29234.11,29092.91,29099.5,13924,287,0
2026-07-08 00:00:00+00:00,29099.96,29355.85,29065.9,29265.79,33612,360,0
2026-07-08 04:00:00+00:00,29266.26,29271.92,29080.47,29178.92,27756,360,0
2026-07-08 08:00:00+00:00,29179.48,29212.87,28708.5,28890.63,57369,360,0
2026-07-08 12:00:00+00:00,28889.67,29198.85,28834.96,28897.08,109606,360,0
2026-07-08 16:00:00+00:00,28897.54,29299.82,28894.6,29258.06,52922,360,0
2026-07-08 20:00:00+00:00,29258.53,29305.82,29153.77,29295.05,15687,360,0
2026-07-09 00:00:00+00:00,29294.45,29384.96,29200.08,29310.11,33787,360,0
2026-07-09 04:00:00+00:00,29310.09,29509.06,29266.05,29487.42,23743,360,0
2026-07-09 08:00:00+00:00,29487.96,29537.81,29367.56,29498.6,23274,360,0
2026-07-09 12:00:00+00:00,29499.39,29733.35,29417.86,29689.23,68159,360,0
2026-07-09 16:00:00+00:00,29689.71,29796.05,29668.32,29751.72,23157,360,0
2026-07-09 20:00:00+00:00,29750.74,29776.34,29710.96,29739.1,10372,360,0
2026-07-10 00:00:00+00:00,29739.97,29769.24,29610.98,29738.67,21840,360,0
2026-07-10 04:00:00+00:00,29739.23,29754.72,29569.88,29579.69,17558,360,0
2026-07-10 08:00:00+00:00,29579.69,29693.43,29523.54,29621.42,18288,360,0
2026-07-10 12:00:00+00:00,29621.45,29797.25,29484.74,29750.23,72585,286,0
2026-07-10 16:00:00+00:00,29751.05,29882.38,29751.05,29843.54,22478,360,0
2026-07-10 20:00:00+00:00,29844.49,29870.33,29838.48,29869.9,2329,360,0
2026-07-12 20:00:00+00:00,29751.29,29793.46,29661.48,29709.81,9933,287,0
2026-07-13 00:00:00+00:00,29709.21,29857.63,29498.9,29505.03,36045,360,0
2026-07-13 04:00:00+00:00,29505.21,29509.59,29363.81,29471.43,25196,360,0
2026-07-13 08:00:00+00:00,29472.01,29618.61,29466.85,29559.87,17813,360,0
2026-07-13 12:00:00+00:00,29560.53,29577.09,29313.48,29430.22,76067,287,0
2026-07-13 16:00:00+00:00,29430.69,29457.11,29215.7,29285.61,44823,360,0
2026-07-13 20:00:00+00:00,29285.0,29301.52,29151.11,29242.28,13650,360,0
2026-07-14 00:00:00+00:00,29243.2,29363.12,29127.25,29248.06,50977,360,0
2026-07-14 04:00:00+00:00,29248.59,29471.08,29195.56,29395.75,25528,360,0
2026-07-14 08:00:00+00:00,29396.34,29492.28,29370.26,29455.57,26098,360,0
2026-07-14 12:00:00+00:00,29454.64,29742.25,29389.53,29606.62,93077,287,0
2026-07-14 16:00:00+00:00,29607.13,29699.52,29527.18,29610.45,32464,360,0
2026-07-14 20:00:00+00:00,29609.95,29724.54,29572.29,29713.26,11432,360,0
2026-07-15 00:00:00+00:00,29713.77,29844.04,29663.37,29838.11,21694,360,0
2026-07-15 04:00:00+00:00,29838.43,29887.42,29754.62,29822.06,18914,360,0
2026-07-15 08:00:00+00:00,29822.19,29824.28,29697.53,29737.87,18341,360,0
2026-07-15 12:00:00+00:00,29738.47,29824.26,29360.38,29406.75,79875,286,0
2026-07-15 16:00:00+00:00,29405.71,29569.35,29224.58,29528.46,44677,287,0
2026-07-15 20:00:00+00:00,29527.68,29578.57,29489.81,29521.02,11184,360,0
2026-07-16 00:00:00+00:00,29520.53,29593.21,29424.7,29573.68,26003,360,0
2026-07-16 04:00:00+00:00,29574.16,29626.18,29379.07,29392.78,21628,343,0
2026-07-16 08:00:00+00:00,29392.77,29474.74,29192.34,29277.23,23698,360,0
2026-07-16 12:00:00+00:00,29276.89,29361.12,29090.02,29221.96,83279,360,0
2026-07-16 16:00:00+00:00,29222.48,29225.13,28910.09,29046.15,52710,360,0
2026-07-16 20:00:00+00:00,29047.23,29061.9,28896.14,28931.42,14801,360,0
2026-07-17 00:00:00+00:00,28932.54,28959.31,28738.91,28747.84,28298,360,0
2026-07-17 04:00:00+00:00,28747.5,28748.36,28519.71,28522.66,29944,360,0
2026-07-17 08:00:00+00:00,28522.27,28660.55,28388.24,28575.87,33278,360,0
2026-07-17 12:00:00+00:00,28575.3,28779.34,28243.2,28764.29,110939,360,0
2026-07-17 16:00:00+00:00,28764.89,28875.56,28549.38,28594.75,65153,360,0
2026-07-17 20:00:00+00:00,28594.2,28599.77,28544.4,28595.16,5566,360,0
2026-07-19 20:00:00+00:00,28600.74,28714.36,28548.69,28706.8,15654,312,0
2026-07-20 00:00:00+00:00,28706.95,28800.49,28601.44,28734.88,40513,360,0
2026-07-20 04:00:00+00:00,28735.5,28779.45,28603.88,28747.41,29951,360,0
2026-07-20 08:00:00+00:00,28746.89,28946.1,28692.56,28911.07,23346,360,0
2026-07-20 12:00:00+00:00,28910.58,29032.11,28717.73,28895.06,74058,360,0
2026-07-20 16:00:00+00:00,28895.53,28962.46,28612.37,28628.42,46802,287,0
2026-07-20 20:00:00+00:00,28628.96,28675.87,28548.84,28625.99,12669,360,0
2026-07-21 00:00:00+00:00,28625.78,28923.72,28553.81,28918.97,27572,360,0
2026-07-21 04:00:00+00:00,28919.78,29007.32,28863.76,28965.27,17625,360,0
2026-07-21 08:00:00+00:00,28964.63,29050.7,28951.81,29002.6,16852,360,0
2026-07-21 12:00:00+00:00,29003.0,29173.79,28917.56,29113.7,60947,360,0
2026-07-21 16:00:00+00:00,29113.35,29216.9,29109.16,29165.44,20396,360,0
2026-07-21 20:00:00+00:00,29166.0,29171.03,29111.03,29155.86,10006,360,0
2026-07-22 00:00:00+00:00,29155.01,29193.9,29048.17,29056.39,22372,360,0
2026-07-22 04:00:00+00:00,29056.8,29095.75,28884.5,28915.4,21026,360,0
2026-07-22 08:00:00+00:00,28914.99,29028.3,28873.96,28909.26,20685,360,0
2026-07-22 12:00:00+00:00,28911.14,29199.41,28820.97,29187.62,48378,360,0
2026-07-22 16:00:00+00:00,29187.22,29192.01,29016.22,29016.61,23768,360,0
2026-07-22 20:00:00+00:00,29016.04,29116.87,28888.09,29001.94,22009,286,0
2026-07-23 00:00:00+00:00,29002.64,29141.18,28890.43,28971.22,25319,360,0
2026-07-23 04:00:00+00:00,28971.84,29042.92,28782.24,28847.71,24733,360,0
2026-07-23 08:00:00+00:00,28847.12,28996.99,28773.84,28824.67,23390,360,0
2026-07-23 12:00:00+00:00,28824.05,28826.9,28292.2,28446.2,228792,360,0
2026-07-23 16:00:00+00:00,28446.7,28596.44,28345.2,28467.46,121733,324,0
2026-07-23 20:00:00+00:00,28467.96,28641.19,28467.96,28541.4,31044,360,0
2026-07-24 00:00:00+00:00,28542.17,28585.84,28342.85,28347.35,72851,324,0
2026-07-24 04:00:00+00:00,28347.85,28525.09,28328.57,28477.35,47508,324,0
2026-07-24 08:00:00+00:00,28478.1,28566.35,28418.85,28540.61,41353,324,0
2026-07-24 12:00:00+00:00,28540.11,28555.61,28115.36,28436.9,217815,324,0
2026-07-24 16:00:00+00:00,28437.47,28491.1,28073.85,28144.61,115366,324,0
2026-07-24 20:00:00+00:00,28144.11,28189.59,28120.85,28170.59,7796,360,0
2026-07-26 20:00:00+00:00,28390.39,28599.6,28388.16,28597.85,20294,287,0
2026-07-27 00:00:00+00:00,28598.35,28601.85,28395.6,28483.35,73091,324,0
2026-07-27 04:00:00+00:00,28483.35,28601.09,28467.6,28531.6,34946,324,0
2026-07-27 08:00:00+00:00,28532.1,28632.6,28515.62,28542.53,29140,324,0
2026-07-27 12:00:00+00:00,28542.78,28569.08,27807.86,27932.6,252985,324,0
2026-07-27 16:00:00+00:00,27933.85,28124.85,27857.15,28062.6,146772,324,0
2026-07-27 20:00:00+00:00,28063.1,28100.83,27977.45,28034.95,21839,324,0
2026-07-28 00:00:00+00:00,28035.7,28069.19,27804.21,27920.45,88233,286,0
2026-07-28 04:00:00+00:00,27919.95,27920.7,27710.63,27804.88,57024,324,0
2026-07-28 08:00:00+00:00,27806.13,27923.45,27721.14,27835.13,60999,324,0
2026-07-28 12:00:00+00:00,27835.13,27933.94,27475.95,27919.7,260045,324,0
2026-07-28 16:00:00+00:00,27920.2,27951.45,27783.38,27792.69,107009,324,0
2026-07-28 20:00:00+00:00,27792.19,27979.69,27606.96,27977.69,44537,324,0
2026-07-29 00:00:00+00:00,27978.19,28052.19,27576.96,27591.54,100651,324,0
2026-07-29 04:00:00+00:00,27592.2,27836.69,27515.01,27782.13,76226,324,0
2026-07-29 08:00:00+00:00,27781.63,27934.95,27694.71,27878.19,52592,324,0
2026-07-29 12:00:00+00:00,27877.44,27881.44,27339.38,27391.88,271304,324,0
2026-07-29 16:00:00+00:00,27392.38,27974.45,27193.88,27213.2,262045,324,0
2026-07-29 20:00:00+00:00,27212.46,27437.7,27077.54,27400.95,62782,360,0
2026-07-30 00:00:00+00:00,27400.45,27576.95,27352.21,27411.2,130308,324,0
2026-07-30 04:00:00+00:00,27411.95,27427.41,27232.27,27275.26,94650,324,0
2026-07-30 08:00:00+00:00,27274.26,27625.88,27218.02,27605.38,56609,324,0
2026-07-30 12:00:00+00:00,27604.63,28127.45,27576.95,27961.45,224336,324,0
2026-07-30 16:00:00+00:00,27960.95,28179.69,27937.46,28108.7,93663,324,0
2026-07-30 20:00:00+00:00,28109.2,28328.99,28087.96,28307.01,40065,360,0
2026-07-31 00:00:00+00:00,28306.51,28455.25,28273.26,28341.93,58651,324,0
2026-07-31 04:00:00+00:00,28342.43,28495.25,28306.51,28457.25,42902,324,0
2026-07-31 08:00:00+00:00,28457.75,28524.0,28403.5,28437.0,51974,324,0
2026-07-31 12:00:00+00:00,28437.5,28608.99,27963.01,28156.75,308922,324,0
2026-07-31 16:00:00+00:00,28157.25,28407.5,28127.25,28286.99,109880,324,0
2026-07-31 20:00:00+00:00,28287.49,28317.0,28197.53,28228.5,12574,360,0
2026-08-02 20:00:00+00:00,28464.84,28533.74,28436.76,28505.0,21352,360,0
2026-08-03 00:00:00+00:00,28505.5,28590.25,28430.01,28562.5,55586,324,0
2026-08-03 04:00:00+00:00,28562.25,28581.0,28451.11,28481.1,30483,216,0
2026-08-03 08:00:00+00:00,28480.6,28494.34,28296.86,28314.1,48796,216,0
2026-08-03 12:00:00+00:00,28313.1,28706.16,28206.85,28685.91,187734,127,0
2026-08-03 16:00:00+00:00,28686.41,28857.66,28683.92,28794.53,55593,114,0
2026-08-03 20:00:00+00:00,28794.91,28868.15,28772.17,28867.4,13871,114,0
2026-08-04 00:00:00+00:00,28867.9,28944.16,28728.42,28892.17,58569,127,0
2026-08-04 04:00:00+00:00,28892.67,29014.66,28865.17,28967.91,34480,127,0
2026-08-04 08:00:00+00:00,28968.66,29143.28,28905.42,29135.16,48493,127,0
2026-08-04 12:00:00+00:00,29134.66,29592.03,29086.17,29566.67,126946,127,0
2026-08-04 16:00:00+00:00,29566.17,29851.66,29556.92,29766.41,71632,127,0
2026-08-04 20:00:00+00:00,29766.91,29844.16,29657.43,29732.82,41894,127,0
2026-08-05 00:00:00+00:00,29732.32,29791.06,29694.32,29786.81,36537,127,0
2026-08-05 04:00:00+00:00,29787.31,29887.31,29757.32,29800.82,24965,127,0
2026-08-05 08:00:00+00:00,29801.57,29841.06,29695.57,29817.06,38700,127,0
2026-08-05 12:00:00+00:00,29817.56,29971.44,29610.57,29635.57,241240,127,0
2026-08-05 16:00:00+00:00,29636.07,29735.56,29489.81,29502.56,105700,127,0
2026-08-05 20:00:00+00:00,29503.31,29578.31,29427.96,29483.56,30025,127,0
2026-08-06 00:00:00+00:00,29484.06,29521.07,29354.82,29481.31,60440,127,0
2026-08-06 04:00:00+00:00,29481.8,29500.06,29384.82,29406.57,42572,127,0
2026-08-06 08:00:00+00:00,29407.07,29434.06,29265.32,29366.81,48375,127,0
2026-08-06 12:00:00+00:00,29365.81,29586.81,29141.57,29416.56,238450,127,0
2026-08-06 16:00:00+00:00,29416.06,29477.06,29350.57,29398.31,117740,127,0
2026-08-06 20:00:00+00:00,29397.81,29507.81,29382.07,29498.81,18301,127,0
2026-08-07 00:00:00+00:00,29498.31,29523.06,29380.32,29392.32,65108,127,0
2026-08-07 04:00:00+00:00,29392.07,29495.06,29359.32,29486.32,30328,127,0
2026-08-07 08:00:00+00:00,29486.82,29572.22,29486.31,29517.06,25906,127,0
2026-08-07 12:00:00+00:00,29516.31,29769.56,29467.07,29715.81,246904,127,0
2026-08-07 16:00:00+00:00,29716.31,29762.56,29571.82,29735.81,81403,127,0
2026-08-07 20:00:00+00:00,29735.31,29752.81,29705.32,29723.82,5108,127,0
2026-08-09 20:00:00+00:00,29798.21,29805.16,29715.46,29739.56,13386,127,0
2026-08-10 00:00:00+00:00,29740.07,29815.29,29699.07,29787.81,39220,127,0
2026-08-10 04:00:00+00:00,29787.81,29893.05,29774.08,29862.81,20148,127,0
2026-08-10 08:00:00+00:00,29861.56,29893.43,29755.82,29780.81,27079,127,0
2026-08-10 12:00:00+00:00,29780.06,29809.56,29628.82,29753.56,144686,127,0
2026-08-10 16:00:00+00:00,29754.06,29768.31,29632.32,29653.57,53271,127,0
2026-08-10 20:00:00+00:00,29653.07,29700.29,29590.57,29616.06,11074,127,0
2026-08-11 00:00:00+00:00,29616.56,29760.31,29579.07,29745.06,28489,127,0
2026-08-11 04:00:00+00:00,29745.56,29774.81,29641.81,29689.06,23387,127,0
2026-08-11 08:00:00+00:00,29688.56,29799.56,29631.07,29745.57,30659,127,0
2026-08-11 12:00:00+00:00,29745.07,29784.31,29549.06,29575.82,120120,127,0
2026-08-11 16:00:00+00:00,29576.44,29594.68,29447.06,29547.94,50950,127,0
2026-08-11 20:00:00+00:00,29548.32,29589.81,29528.32,29577.26,11189,127,0
2026-08-12 00:00:00+00:00,29577.76,29625.76,29540.75,29610.76,27426,127,0
2026-08-12 04:00:00+00:00,29610.26,29670.0,29584.51,29666.75,15161,127,0
2026-08-12 08:00:00+00:00,29667.5,29764.26,29663.51,29761.51,20895,127,0
2026-08-12 12:00:00+00:00,29760.51,29917.01,29671.94,29747.51,134614,127,0
2026-08-12 16:00:00+00:00,29748.01,29847.66,29741.77,29769.01,39547,127,0
2026-08-12 20:00:00+00:00,29768.51,29821.51,29699.82,29723.56,13462,127,0
2026-08-13 00:00:00+00:00,29723.06,29798.56,29715.32,29797.31,22793,127,0
2026-08-13 04:00:00+00:00,29796.81,29842.31,29763.82,29777.81,18212,127,0
2026-08-13 08:00:00+00:00,29778.56,29813.06,29737.63,29787.32,20089,127,0
2026-08-13 12:00:00+00:00,29787.82,30184.56,29731.82,30032.05,101364,127,0
2026-08-13 16:00:00+00:00,30032.55,30189.68,30031.31,30111.81,44542,127,0
2026-08-13 20:00:00+00:00,30111.31,30144.86,30062.47,30122.36,12331,127,0
2026-08-14 00:00:00+00:00,30122.86,30150.86,30043.12,30071.36,21212,127,0
2026-08-14 04:00:00+00:00,30071.86,30122.61,30047.12,30112.87,14773,127,0
2026-08-14 08:00:00+00:00,30113.37,30186.98,30106.37,30183.36,18253,127,0
2026-08-14 12:00:00+00:00,30183.36,30201.6,29948.12,29985.12,104447,127,0
2026-08-14 16:00:00+00:00,29985.62,30066.98,29966.86,30062.74,38160,127,0
2026-08-14 20:00:00+00:00,30063.12,30071.86,30046.36,30063.11,3357,127,0
2026-08-16 20:00:00+00:00,30119.94,30155.34,30093.1,30143.09,16018,112,0
2026-08-17 00:00:00+00:00,30143.34,30174.34,30113.84,30174.09,63711,112,0
2026-08-17 04:00:00+00:00,30173.84,30259.33,30158.35,30240.59,48764,112,0
2026-08-17 08:00:00+00:00,30240.34,30268.46,30195.34,30214.34,91339,112,0
2026-08-17 12:00:00+00:00,30214.09,30216.59,30083.83,30167.34,341680,112,0
2026-08-17 16:00:00+00:00,30167.59,30171.34,29994.59,30018.09,164657,112,0
2026-08-17 20:00:00+00:00,30018.34,30031.89,29982.84,30025.39,32202,112,0
2026-08-18 00:00:00+00:00,30025.14,30051.89,29784.14,29823.89,142733,112,0
2026-08-18 04:00:00+00:00,29823.89,29857.64,29716.39,29742.39,115773,112,0
2026-08-18 08:00:00+00:00,29742.64,29746.39,29619.9,29680.64,150991,112,0
2026-08-18 12:00:00+00:00,29680.39,29718.13,29446.64,29569.13,556162,112,0
2026-08-18 16:00:00+00:00,29569.38,29603.64,29479.76,29517.89,206147,112,0
2026-08-18 20:00:00+00:00,29518.14,29529.63,29450.45,29463.69,43919,112,0
2026-08-19 00:00:00+00:00,29463.44,29544.94,29376.14,29461.19,189596,112,0
2026-08-19 04:00:00+00:00,29460.94,29541.93,29365.95,29536.19,145185,112,0
2026-08-19 08:00:00+00:00,29535.94,29576.19,29442.45,29471.19,137168,112,0
2026-08-19 12:00:00+00:00,29470.94,29692.93,29308.31,29537.94,687242,112,0
2026-08-19 16:00:00+00:00,29537.69,29598.06,29420.45,29455.19,275103,112,0
2026-08-19 20:00:00+00:00,29454.94,29621.98,29449.44,29563.94,44910,112,0
2026-08-20 00:00:00+00:00,29563.69,29617.93,29515.69,29551.94,191881,112,0
2026-08-20 04:00:00+00:00,29551.69,29619.93,29521.95,29528.19,116880,112,0
2026-08-20 08:00:00+00:00,29528.44,29539.69,29283.94,29295.94,192327,112,0
2026-08-20 12:00:00+00:00,29295.69,29404.93,29175.7,29264.94,768964,112,0
2026-08-20 16:00:00+00:00,29265.44,29323.81,29138.2,29240.94,258456,112,0
2026-08-20 20:00:00+00:00,29241.19,29279.65,29198.95,29228.79,42825,112,0
2026-08-21 00:00:00+00:00,29229.29,29334.29,29226.29,29287.55,156474,112,0
2026-08-21 04:00:00+00:00,29287.8,29392.53,29256.8,29382.04,96835,112,0
2026-08-21 08:00:00+00:00,29382.29,29473.78,29326.54,29434.29,115208,112,0
2026-08-21 12:00:00+00:00,29434.54,29473.95,29154.3,29377.54,489130,112,0
2026-08-21 16:00:00+00:00,29377.29,29384.51,29288.04,29330.04,185219,112,0
2026-08-21 20:00:00+00:00,29329.66,29331.79,29301.8,29310.54,11224,112,0
2026-08-23 20:00:00+00:00,29346.5,29423.08,29245.14,29410.09,36768,112,0
2026-08-24 00:00:00+00:00,29409.09,29414.84,29206.59,29214.59,243198,112,0
2026-08-24 04:00:00+00:00,29214.34,29246.58,29068.2,29088.84,156972,112,0
2026-08-24 08:00:00+00:00,29089.09,29226.74,29059.85,29190.24,155001,112,0
2026-08-24 12:00:00+00:00,29189.99,29190.24,28890.69,29111.99,527153,112,0
2026-08-24 16:00:00+00:00,29111.74,29176.49,29039.25,29042.74,210351,112,0
2026-08-24 20:00:00+00:00,29042.49,29096.34,29018.5,29042.24,41844,112,0
2026-08-25 00:00:00+00:00,29041.99,29135.99,28963.25,29110.74,275529,112,0
2026-08-25 04:00:00+00:00,29110.49,29236.98,29105.24,29178.99,153775,112,0
2026-08-25 08:00:00+00:00,29179.74,29365.09,29158.5,29319.49,177448,112,0
2026-08-25 12:00:00+00:00,29318.99,29360.99,29096.32,29208.74,524076,112,0
2026-08-25 16:00:00+00:00,29208.99,29245.49,29149.74,29217.99,168539,112,0
2026-08-25 20:00:00+00:00,29218.24,29260.49,29157.45,29161.19,36659,112,0
2026-08-26 00:00:00+00:00,29160.94,29225.94,29046.44,29215.2,142983,112,0
2026-08-26 04:00:00+00:00,29215.45,29233.95,29137.2,29162.94,99768,112,0
2026-08-26 08:00:00+00:00,29162.69,29228.93,29135.68,29169.44,103033,112,0
2026-08-26 12:00:00+00:00,29169.19,29283.44,29084.45,29167.94,449406,112,0
2026-08-26 16:00:00+00:00,29168.19,29321.43,29120.69,29252.19,159587,112,0
2026-08-26 20:00:00+00:00,29251.94,29609.34,29236.95,29603.34,93641,112,0
2026-08-27 00:00:00+00:00,29603.59,29610.34,29388.35,29494.34,179749,112,0
2026-08-27 04:00:00+00:00,29494.09,29507.09,29358.34,29494.09,129483,112,0
2026-08-27 08:00:00+00:00,29494.84,29617.09,29470.59,29514.09,175322,112,0
2026-08-27 12:00:00+00:00,29513.84,29590.84,29380.85,29554.09,619152,112,0
2026-08-27 16:00:00+00:00,29553.84,29660.34,29482.84,29647.35,239597,112,0
2026-08-27 20:00:00+00:00,29647.85,29663.83,29550.59,29559.34,40408,112,0
2026-08-28 00:00:00+00:00,29559.59,29665.33,29552.6,29626.59,121857,112,0
2026-08-28 04:00:00+00:00,29626.34,29629.09,29551.85,29565.09,101483,112,0
2026-08-28 08:00:00+00:00,29565.34,29598.08,29536.84,29560.84,107444,112,0
2026-08-28 12:00:00+00:00,29561.09,29769.33,29464.34,29511.59,590036,112,0
2026-08-28 16:00:00+00:00,29511.34,29550.84,29395.35,29454.59,471516,112,0
2026-08-28 20:00:00+00:00,29454.84,29477.58,29436.34,29475.84,15980,112,0
2026-08-30 20:00:00+00:00,29509.29,29510.38,29258.64,29258.89,54271,112,0
2026-08-31 00:00:00+00:00,29259.39,29368.14,29242.9,29320.89,194893,112,0
2026-08-31 04:00:00+00:00,29320.64,29497.13,29303.39,29477.64,96438,112,0
2026-08-31 08:00:00+00:00,29477.89,29504.39,29394.59,29398.64,94607,112,0
2026-08-31 12:00:00+00:00,29398.39,29485.88,29325.64,29358.89,484965,112,0
2026-08-31 16:00:00+00:00,29359.14,29508.39,29333.39,29474.39,204213,112,0
2026-08-31 20:00:00+00:00,29474.64,29497.14,29459.24,29473.24,30748,112,0
2026-09-01 00:00:00+00:00,29472.99,29493.48,29407.99,29458.74,121353,112,0
2026-09-01 04:00:00+00:00,29458.49,29543.23,29402.74,29408.49,109654,112,0
2026-09-01 08:00:00+00:00,29408.24,29421.24,29138.94,29143.19,184465,112,0
2026-09-01 12:00:00+00:00,29143.44,29290.69,29013.94,29269.19,423162,112,0
2026-09-01 16:00:00+00:00,29269.44,29273.94,28975.44,29099.07,294217,112,0
2026-09-01 20:00:00+00:00,29099.45,29132.44,29078.7,29110.44,40982,112,0
2026-09-02 00:00:00+00:00,29110.69,29145.89,29021.44,29024.7,166363,112,0
2026-09-02 04:00:00+00:00,29024.95,29096.44,28992.44,29037.94,124364,112,0
2026-09-02 08:00:00+00:00,29038.19,29073.43,28904.99,29061.74,147825,112,0
2026-09-02 12:00:00+00:00,29060.49,29186.94,28992.94,29160.44,397769,112,0
2026-09-02 16:00:00+00:00,29160.19,29173.93,29100.81,29165.19,194591,112,0
2026-09-02 20:00:00+00:00,29165.44,29189.94,29114.95,29177.94,42040,112,0
2026-09-03 00:00:00+00:00,29178.19,29218.19,29110.19,29213.44,123242,112,0
2026-09-03 04:00:00+00:00,29213.19,29231.68,29052.45,29196.69,166324,112,0
2026-09-03 08:00:00+00:00,29196.44,29269.31,29078.7,29081.94,160011,112,0
2026-09-03 12:00:00+00:00,29082.19,29519.18,29080.94,29515.44,524305,112,0
2026-09-03 16:00:00+00:00,29515.19,29560.94,29453.44,29508.06,177543,112,0
2026-09-03 20:00:00+00:00,29507.81,29512.94,29459.44,29481.19,24425,112,0
2026-09-04 00:00:00+00:00,29480.94,29555.69,29472.95,29547.19,62427,112,0
2026-09-04 04:00:00+00:00,29547.44,29635.19,29533.95,29630.19,66936,112,0
2026-09-04 08:00:00+00:00,29629.94,29675.44,29593.44,29658.94,90312,112,0
2026-09-04 12:00:00+00:00,29659.19,29670.19,29458.19,29494.44,482625,112,0
2026-09-04 16:00:00+00:00,29494.19,29575.19,29448.95,29549.19,167628,112,0
2026-09-04 20:00:00+00:00,29549.56,29550.44,29494.7,29509.44,11990,112,0
2026-09-06 20:00:00+00:00,29536.19,29584.93,29531.45,29548.19,19051,112,0
2026-09-07 00:00:00+00:00,29547.94,29612.93,29521.94,29576.44,104361,112,0
2026-09-07 04:00:00+00:00,29576.69,29673.18,29559.69,29647.94,86678,112,0
2026-09-07 08:00:00+00:00,29647.69,29653.94,29525.19,29534.69,77283,112,0
2026-09-07 12:00:00+00:00,29534.44,29635.18,29526.19,29582.68,68876,112,0
2026-09-07 16:00:00+00:00,29583.18,29603.69,29579.19,29593.69,7899,112,0
2026-09-07 20:00:00+00:00,29606.32,29611.19,29517.7,29576.94,26476,112,0
2026-09-08 00:00:00+00:00,29577.19,29739.68,29567.69,29735.19,122426,112,0
2026-09-08 04:00:00+00:00,29735.44,29757.43,29522.44,29527.44,188097,112,0
2026-09-08 08:00:00+00:00,29527.69,29640.53,29471.19,29593.69,186211,112,0
2026-09-08 12:00:00+00:00,29593.94,29679.3,29417.4,29597.06,458420,112,0
2026-09-08 16:00:00+00:00,29597.31,29634.44,29490.07,29535.69,231581,112,0
2026-09-08 20:00:00+00:00,29535.44,29544.19,29486.44,29496.44,36956,112,0
2026-09-09 00:00:00+00:00,29496.69,29621.68,29495.44,29558.69,106924,112,0
2026-09-09 04:00:00+00:00,29558.44,29630.19,29545.69,29585.44,127375,112,0
2026-09-09 08:00:00+00:00,29585.19,29605.93,29365.19,29392.44,211113,112,0
2026-09-09 12:00:00+00:00,29392.69,29590.88,29329.45,29446.94,496444,112,0
2026-09-09 16:00:00+00:00,29447.19,29482.81,29386.31,29455.44,194615,112,0
2026-09-09 20:00:00+00:00,29455.19,29472.58,29416.34,29463.84,29466,112,0
2026-09-10 00:00:00+00:00,29463.34,29480.09,29364.09,29427.59,171968,112,0
2026-09-10 04:00:00+00:00,29427.84,29508.33,29418.1,29444.34,112749,112,0
2026-09-10 08:00:00+00:00,29444.09,29460.33,29264.84,29264.84,161954,112,0
2026-09-10 12:00:00+00:00,29264.59,29279.59,29045.1,29205.84,571131,112,0
2026-09-10 16:00:00+00:00,29206.09,29267.75,29124.81,29140.69,261965,112,0
2026-09-10 20:00:00+00:00,29140.44,29160.68,29066.19,29067.94,48015,112,0
2026-09-11 00:00:00+00:00,29068.94,29174.69,29051.94,29062.94,198491,112,0
2026-09-11 04:00:00+00:00,29062.69,29275.19,29044.19,29248.69,196837,112,0
2026-09-11 08:00:00+00:00,29250.19,29345.94,29230.95,29329.94,145217,112,0
2026-09-11 12:00:00+00:00,29329.69,29506.69,29239.94,29455.69,598059,112,0
2026-09-11 16:00:00+00:00,29455.44,29490.44,29388.69,29394.69,193195,112,0
2026-09-11 20:00:00+00:00,29394.44,29403.94,29382.94,29400.69,17162,112,0
2026-09-13 20:00:00+00:00,29117.13,29122.47,28995.2,29026.93,74714,112,0
2026-09-14 00:00:00+00:00,29026.68,29097.69,29008.69,29033.19,218246,112,0
2026-09-14 04:00:00+00:00,29032.94,29052.44,28919.19,28932.44,171000,112,0
2026-09-14 08:00:00+00:00,28932.19,28987.94,28828.69,28939.94,230742,112,0
2026-09-14 12:00:00+00:00,28940.19,29226.68,28839.94,29193.94,530158,112,0
2026-09-14 16:00:00+00:00,29193.69,29324.69,29150.19,29168.94,231202,112,0
2026-09-14 20:00:00+00:00,29169.44,29214.94,29165.44,29178.19,37709,112,0
2026-09-15 00:00:00+00:00,29178.44,29216.44,29136.69,29137.44,142089,112,0
2026-09-15 04:00:00+00:00,29137.69,29154.18,29020.7,29038.44,200307,112,0
2026-09-15 08:00:00+00:00,29038.69,29148.44,28952.94,29138.19,203476,112,0
2026-09-15 12:00:00+00:00,29137.94,29205.93,28937.94,28999.7,418596,112,0
2026-09-15 16:00:00+00:00,28999.45,29025.19,28930.43,28971.94,161518,112,0
2026-09-15 20:00:00+00:00,28972.19,29012.93,28971.69,29003.69,24575,112,0
2026-09-16 00:00:00+00:00,29003.44,29080.2,28950.69,29053.19,127261,112,0
2026-09-16 04:00:00+00:00,29053.44,29122.44,29009.69,29092.44,113719,112,0
2026-09-16 08:00:00+00:00,29092.69,29140.44,29050.19,29136.94,129726,112,0
2026-09-16 12:00:00+00:00,29136.69,29159.44,29085.2,29117.43,26320,112,0
