time,open,high,low,close,tick_volume,spread,real_volume
2024-09-26 16:00:00+00:00,71.552,71.567,70.605,70.663,6736,91,0
2024-09-26 20:00:00+00:00,70.665,70.822,70.661,70.822,436,93,0
2024-09-27 00:00:00+00:00,70.596,70.867,70.384,70.823,3945,88,0
2024-09-27 04:00:00+00:00,70.824,71.354,70.691,71.228,4914,89,0
2024-09-27 08:00:00+00:00,71.233,71.454,70.877,71.093,6363,89,0
2024-09-27 12:00:00+00:00,71.092,71.698,70.377,71.357,9460,92,0
2024-09-27 16:00:00+00:00,71.353,71.871,70.822,71.819,7149,92,0
2024-09-27 20:00:00+00:00,71.815,71.906,71.753,71.881,576,88,0
2024-09-30 00:00:00+00:00,71.695,72.228,71.421,71.775,4878,94,0
2024-09-30 04:00:00+00:00,71.777,72.691,71.77,71.988,5164,94,0
2024-09-30 08:00:00+00:00,72.006,72.289,70.953,71.308,6511,94,0
2024-09-30 12:00:00+00:00,71.31,72.43,71.071,72.286,9418,93,0
2024-09-30 16:00:00+00:00,72.301,72.318,71.449,71.696,6540,93,0
2024-09-30 20:00:00+00:00,71.697,71.9,71.652,71.784,462,95,0
2024-10-01 00:00:00+00:00,71.639,71.868,71.613,71.778,1792,92,0
2024-10-01 04:00:00+00:00,71.779,71.782,70.828,70.84,3509,92,0
2024-10-01 08:00:00+00:00,70.845,71.444,69.833,71.107,7548,92,0
2024-10-01 12:00:00+00:00,71.099,74.66,70.538,74.218,11583,94,0
2024-10-01 16:00:00+00:00,74.217,75.303,73.275,73.865,9210,101,0
2024-10-01 20:00:00+00:00,73.865,74.282,73.865,74.239,926,104,0
2024-10-02 00:00:00+00:00,74.165,74.623,74.109,74.41,2953,101,0
2024-10-02 04:00:00+00:00,74.413,75.385,74.38,75.075,4989,98,0
2024-10-02 08:00:00+00:00,75.073,75.972,74.769,75.385,6465,95,0
2024-10-02 12:00:00+00:00,75.385,75.881,73.529,73.529,9245,99,0
2024-10-02 16:00:00+00:00,73.528,74.582,73.469,74.56,6112,98,0
2024-10-02 20:00:00+00:00,74.558,74.616,74.469,74.569,539,98,0
2024-10-03 00:00:00+00:00,74.399,74.671,74.312,74.638,2493,96,0
2024-10-03 04:00:00+00:00,74.643,74.938,74.395,74.51,3626,94,0
2024-10-03 08:00:00+00:00,74.518,75.415,74.163,74.945,7586,95,0
2024-10-03 12:00:00+00:00,74.927,77.416,74.866,76.728,9989,98,0
2024-10-03 16:00:00+00:00,76.724,77.773,76.627,77.569,7059,97,0
2024-10-03 20:00:00+00:00,77.572,77.596,77.143,77.412,631,103,0
2024-10-04 00:00:00+00:00,77.48,77.644,77.259,77.306,3393,94,0
2024-10-04 04:00:00+00:00,77.309,78.186,77.182,77.99,4012,96,0
2024-10-04 08:00:00+00:00,77.999,78.74,77.869,78.508,6759,100,0
2024-10-04 12:00:00+00:00,78.514,78.514,77.507,78.417,9641,99,0
2024-10-04 16:00:00+00:00,78.412,79.011,77.561,77.865,6584,99,0
2024-10-04 20:00:00+00:00,77.875,78.107,77.824,77.88,443,111,0
2024-10-07 00:00:00+00:00,77.264,77.542,77.264,77.461,3138,94,0
2024-10-07 04:00:00+00:00,77.461,78.546,77.376,78.296,3758,96,0
2024-10-07 08:00:00+00:00,78.313,79.649,78.313,79.141,6787,99,0
2024-10-07 12:00:00+00:00,79.146,80.51,78.397,80.51,8954,99,0
2024-10-07 16:00:00+00:00,80.511,80.89,79.99,80.819,5607,96,0
2024-10-07 20:00:00+00:00,80.818,80.876,80.729,80.766,444,97,0
2024-10-08 00:00:00+00:00,80.648,80.653,78.926,79.401,5784,101,0
2024-10-08 04:00:00+00:00,79.4,79.602,79.063,79.205,4796,101,0
2024-10-08 08:00:00+00:00,79.223,79.56,78.673,78.991,6678,103,0
2024-10-08 12:00:00+00:00,78.998,79.346,76.627,76.951,10287,103,0
2024-10-08 16:00:00+00:00,76.949,77.968,76.17,77.32,7589,100,0
2024-10-08 20:00:00+00:00,77.318,77.386,77.02,77.299,674,101,0
2024-10-09 00:00:00+00:00,77.114,77.59,76.979,77.24,4739,97,0
2024-10-09 04:00:00+00:00,77.24,77.749,77.18,77.507,5228,96,0
2024-10-09 08:00:00+00:00,77.521,77.758,76.299,76.714,7143,99,0
2024-10-09 12:00:00+00:00,76.709,77.144,74.964,76.404,11116,100,0
2024-10-09 16:00:00+00:00,76.402,76.632,75.508,76.53,7130,95,0
2024-10-09 20:00:00+00:00,76.516,76.548,76.347,76.521,648,95,0
2024-10-10 00:00:00+00:00,76.6,77.02,76.467,76.87,4485,94,0
2024-10-10 04:00:00+00:00,76.869,76.98,76.51,76.862,3838,96,0
2024-10-10 08:00:00+00:00,76.877,77.554,76.726,76.916,5546,99,0
2024-10-10 12:00:00+00:00,76.915,78.653,76.87,78.57,9617,100,0
2024-10-10 16:00:00+00:00,78.57,79.375,78.436,79.112,5807,98,0
2024-10-10 20:00:00+00:00,79.11,79.12,78.57,78.832,987,99,0
2024-10-11 00:00:00+00:00,78.969,78.992,78.481,78.807,3251,105,0
2024-10-11 04:00:00+00:00,78.807,78.992,77.741,78.212,4264,102,0
2024-10-11 08:00:00+00:00,78.214,78.658,77.928,78.423,6143,101,0
2024-10-11 12:00:00+00:00,78.423,79.162,78.047,78.714,8480,100,0
2024-10-11 16:00:00+00:00,78.715,79.1,78.324,78.721,5847,99,0
2024-10-11 20:00:00+00:00,78.719,78.912,78.364,78.396,594,106,0
2024-10-14 00:00:00+00:00,77.305,77.974,77.305,77.831,5412,94,0
2024-10-14 04:00:00+00:00,77.833,77.99,77.3,77.43,3940,96,0
2024-10-14 08:00:00+00:00,77.428,77.838,76.612,77.093,6364,100,0
2024-10-14 12:00:00+00:00,77.103,77.845,76.862,77.063,8477,98,0
2024-10-14 16:00:00+00:00,77.074,77.627,76.9,77.318,5040,97,0
2024-10-14 20:00:00+00:00,77.318,77.387,75.246,75.411,1044,97,0
2024-10-15 00:00:00+00:00,75.053,75.299,74.777,74.952,5117,94,0
2024-10-15 04:00:00+00:00,74.951,74.96,74.027,74.257,5547,95,0
2024-10-15 08:00:00+00:00,74.257,74.39,73.12,74.158,7346,96,0
2024-10-15 12:00:00+00:00,74.16,74.504,73.185,73.23,9476,95,0
2024-10-15 16:00:00+00:00,73.236,74.466,73.226,74.313,2965,96,0
2024-10-15 20:00:00+00:00,74.31,74.363,74.225,74.301,463,97,0
2024-10-16 00:00:00+00:00,74.363,74.464,74.036,74.154,4217,90,0
2024-10-16 04:00:00+00:00,74.161,74.598,74.034,74.04,4310,89,0
2024-10-16 08:00:00+00:00,74.043,74.271,73.44,73.633,6130,93,0
2024-10-16 12:00:00+00:00,73.634,74.324,73.144,73.852,8553,95,0
2024-10-16 16:00:00+00:00,73.868,74.155,73.782,74.014,4679,95,0
2024-10-16 20:00:00+00:00,74.013,74.175,73.994,74.138,437,94,0
2024-10-17 00:00:00+00:00,74.284,74.558,73.965,74.06,3771,89,0
2024-10-17 04:00:00+00:00,74.064,74.188,73.544,73.669,3880,86,0
2024-10-17 08:00:00+00:00,73.669,74.294,73.661,73.946,5348,93,0
2024-10-17 12:00:00+00:00,73.948,74.281,73.62,73.869,8134,93,0
2024-10-17 16:00:00+00:00,73.868,74.202,72.907,74.153,5472,93,0
2024-10-17 20:00:00+00:00,74.152,74.197,74.086,74.139,417,94,0
2024-10-18 00:00:00+00:00,74.211,74.49,74.056,74.15,4035,93,0
2024-10-18 04:00:00+00:00,74.16,74.553,74.027,74.096,4038,92,0
2024-10-18 08:00:00+00:00,74.103,74.367,73.573,73.929,5706,93,0
2024-10-18 12:00:00+00:00,73.929,74.149,72.178,72.562,8774,96,0
2024-10-18 16:00:00+00:00,72.58,73.43,72.555,72.941,5983,94,0
2024-10-18 20:00:00+00:00,72.94,72.94,72.697,72.75,544,101,0
2024-10-21 00:00:00+00:00,72.839,73.08,72.543,73.078,4484,90,0
2024-10-21 04:00:00+00:00,73.08,73.328,72.904,73.293,3708,87,0
2024-10-21 08:00:00+00:00,73.292,74.227,73.169,74.095,5070,95,0
2024-10-21 12:00:00+00:00,74.089,74.171,73.225,73.823,7878,96,0
2024-10-21 16:00:00+00:00,73.809,74.231,73.715,73.724,4579,89,0
2024-10-21 20:00:00+00:00,73.721,73.819,73.681,73.704,413,95,0
2024-10-22 00:00:00+00:00,73.771,73.786,73.504,73.727,3881,92,0
2024-10-22 04:00:00+00:00,73.727,73.86,73.24,73.491,4078,89,0
2024-10-22 08:00:00+00:00,73.493,74.781,73.414,74.518,6949,94,0
2024-10-22 12:00:00+00:00,74.534,75.644,74.26,75.617,8967,97,0
2024-10-22 16:00:00+00:00,75.618,75.927,75.365,75.386,5293,95,0
2024-10-22 20:00:00+00:00,75.387,75.389,75.223,75.243,425,94,0
2024-10-23 00:00:00+00:00,75.303,75.546,75.229,75.499,3003,93,0
2024-10-23 04:00:00+00:00,75.495,75.631,75.124,75.143,3391,92,0
2024-10-23 08:00:00+00:00,75.143,75.268,74.077,74.375,5903,97,0
2024-10-23 12:00:00+00:00,74.378,75.308,74.283,74.583,8684,95,0
2024-10-23 16:00:00+00:00,74.566,74.839,74.273,74.821,5356,92,0
2024-10-23 20:00:00+00:00,74.822,74.939,74.713,74.716,438,92,0
2024-10-24 00:00:00+00:00,74.953,75.5,74.911,75.4,3147,94,0
2024-10-24 04:00:00+00:00,75.394,75.75,75.215,75.71,3335,99,0
2024-10-24 08:00:00+00:00,75.716,76.062,74.798,74.801,5490,100,0
2024-10-24 12:00:00+00:00,74.801,75.374,73.809,73.825,8449,99,0
2024-10-24 16:00:00+00:00,73.836,74.399,73.618,74.378,4739,95,0
2024-10-24 20:00:00+00:00,74.371,74.371,74.187,74.218,396,95,0
2024-10-25 00:00:00+00:00,74.461,74.491,74.09,74.124,3012,95,0
2024-10-25 04:00:00+00:00,74.123,74.423,73.922,73.975,3431,92,0
2024-10-25 08:00:00+00:00,73.977,74.636,73.793,74.508,5336,95,0
2024-10-25 12:00:00+00:00,74.501,75.682,74.488,75.438,7853,95,0
2024-10-25 16:00:00+00:00,75.444,75.684,74.981,75.512,5333,92,0
2024-10-25 20:00:00+00:00,75.511,75.583,75.315,75.512,501,92,0
2024-10-28 00:00:00+00:00,72.56,72.622,72.122,72.273,3806,85,0
2024-10-28 04:00:00+00:00,72.272,72.636,72.119,72.438,3647,89,0
2024-10-28 08:00:00+00:00,72.455,72.455,70.932,71.186,6413,96,0
2024-10-28 12:00:00+00:00,71.192,71.838,70.778,71.634,7656,96,0
2024-10-28 16:00:00+00:00,71.635,71.788,70.9,71.523,5648,91,0
2024-10-28 20:00:00+00:00,71.528,71.601,71.466,71.587,531,96,0
2024-10-29 00:00:00+00:00,71.416,71.476,70.932,70.96,3033,86,0
2024-10-29 04:00:00+00:00,70.96,71.292,70.746,71.277,2891,84,0
2024-10-29 08:00:00+00:00,71.278,72.033,70.99,71.724,6207,91,0
2024-10-29 12:00:00+00:00,71.719,71.871,70.223,70.62,8324,92,0
2024-10-29 16:00:00+00:00,70.603,70.9,70.438,70.736,5645,92,0
2024-10-29 20:00:00+00:00,70.737,71.071,70.708,70.823,523,90,0
2024-10-30 00:00:00+00:00,70.838,71.055,70.723,71.037,2914,87,0
2024-10-30 04:00:00+00:00,71.036,71.277,70.999,71.184,2807,86,0
2024-10-30 08:00:00+00:00,71.18,71.592,71.024,71.418,5806,89,0
2024-10-30 12:00:00+00:00,71.419,72.569,71.387,72.325,9120,92,0
2024-10-30 16:00:00+00:00,72.34,72.486,71.762,72.365,5709,88,0
2024-10-30 20:00:00+00:00,72.365,72.603,72.281,72.557,591,93,0
2024-10-31 00:00:00+00:00,72.376,72.526,72.256,72.506,2859,91,0
2024-10-31 04:00:00+00:00,72.505,72.588,72.095,72.204,2554,88,0
2024-10-31 08:00:00+00:00,72.213,72.675,71.722,72.573,6543,95,0
2024-10-31 12:00:00+00:00,72.591,73.14,72.439,72.825,8052,94,0
2024-10-31 16:00:00+00:00,72.828,74.161,72.329,73.986,7582,93,0
2024-10-31 20:00:00+00:00,73.985,74.09,73.802,73.97,797,98,0
2024-11-01 00:00:00+00:00,73.938,74.104,73.707,73.988,3444,91,0
2024-11-01 04:00:00+00:00,73.989,74.236,73.854,74.226,2948,90,0
2024-11-01 08:00:00+00:00,74.226,74.801,73.865,74.109,6156,92,0
2024-11-01 12:00:00+00:00,74.095,74.587,73.314,73.615,9189,95,0
2024-11-01 16:00:00+00:00,73.622,73.765,72.872,72.912,6065,89,0
2024-11-01 20:00:00+00:00,72.91,73.031,72.772,72.773,380,92,0
2024-11-04 00:00:00+00:00,74.064,74.152,73.798,74.14,2665,91,0
2024-11-04 04:00:00+00:00,74.125,74.398,74.09,74.119,2482,89,0
2024-11-04 08:00:00+00:00,74.122,75.235,74.122,75.142,5259,93,0
2024-11-04 12:00:00+00:00,75.141,75.143,74.123,74.275,7117,93,0
2024-11-04 16:00:00+00:00,74.263,75.036,74.191,74.979,6324,89,0
2024-11-04 20:00:00+00:00,74.978,75.216,74.852,75.139,1390,93,0
2024-11-05 00:00:00+00:00,74.787,75.083,74.739,75.042,2376,90,0
2024-11-05 04:00:00+00:00,75.045,75.078,74.811,75.039,2419,88,0
2024-11-05 08:00:00+00:00,75.037,75.457,74.883,75.183,5032,93,0
2024-11-05 12:00:00+00:00,75.182,75.861,75.114,75.81,6192,94,0
2024-11-05 16:00:00+00:00,75.81,76.052,74.846,75.474,5740,101,0
2024-11-05 20:00:00+00:00,75.47,75.579,75.264,75.328,1114,101,0
2024-11-06 00:00:00+00:00,74.914,75.101,74.478,74.552,3001,101,0
2024-11-06 04:00:00+00:00,74.55,74.61,73.46,74.556,4767,100,0
2024-11-06 08:00:00+00:00,74.559,74.658,73.637,74.499,6582,103,0
2024-11-06 12:00:00+00:00,74.5,75.748,73.173,75.681,8797,99,0
2024-11-06 16:00:00+00:00,75.682,75.79,74.618,74.855,7691,93,0
2024-11-06 20:00:00+00:00,74.861,75.105,74.861,74.974,1251,94,0
2024-11-07 00:00:00+00:00,75.0,75.434,74.968,75.395,2918,92,0
2024-11-07 04:00:00+00:00,75.392,75.395,74.684,74.768,3041,93,0
2024-11-07 08:00:00+00:00,74.768,74.833,73.893,74.073,5331,93,0
2024-11-07 12:00:00+00:00,74.072,74.727,73.93,74.7,8113,93,0
2024-11-07 16:00:00+00:00,74.69,75.859,74.574,75.39,7760,91,0
2024-11-07 20:00:00+00:00,75.386,75.463,75.149,75.323,1351,91,0
2024-11-08 00:00:00+00:00,75.244,75.333,74.882,74.916,2499,88,0
2024-11-08 04:00:00+00:00,74.908,75.129,74.817,74.886,2712,87,0
2024-11-08 08:00:00+00:00,74.88,74.905,74.217,74.654,5743,93,0
2024-11-08 12:00:00+00:00,74.648,74.809,73.359,73.553,7542,91,0
2024-11-08 16:00:00+00:00,73.552,73.877,73.264,73.807,6563,90,0
2024-11-08 20:00:00+00:00,73.808,73.91,73.769,73.786,946,88,0
2024-11-11 00:00:00+00:00,73.459,73.581,73.331,73.453,2415,90,0
2024-11-11 04:00:00+00:00,73.456,73.787,73.325,73.716,2974,89,0
2024-11-11 08:00:00+00:00,73.721,73.915,72.443,72.668,6236,93,0
2024-11-11 12:00:00+00:00,72.681,72.738,71.588,71.597,7491,93,0
2024-11-11 16:00:00+00:00,71.597,71.909,71.468,71.812,6232,86,0
2024-11-11 20:00:00+00:00,71.814,71.891,71.745,71.779,1016,89,0
2024-11-12 00:00:00+00:00,71.941,71.941,71.465,71.581,2381,88,0
2024-11-12 04:00:00+00:00,71.582,71.83,71.419,71.777,2914,89,0
2024-11-12 08:00:00+00:00,71.776,72.404,71.663,72.147,5396,92,0
2024-11-12 12:00:00+00:00,72.157,72.638,71.677,71.709,7269,89,0
2024-11-12 16:00:00+00:00,71.714,72.197,71.416,71.864,6507,91,0
2024-11-12 20:00:00+00:00,71.865,71.913,71.558,71.571,1174,88,0
2024-11-13 00:00:00+00:00,71.666,72.051,71.607,71.898,2352,89,0
2024-11-13 04:00:00+00:00,71.895,71.964,71.707,71.837,2799,86,0
2024-11-13 08:00:00+00:00,71.823,72.431,71.617,71.991,5188,91,0
2024-11-13 12:00:00+00:00,71.989,72.11,70.583,71.517,8481,91,0
2024-11-13 16:00:00+00:00,71.518,72.36,71.515,71.852,7082,91,0
2024-11-13 20:00:00+00:00,71.853,71.888,71.56,71.704,1485,89,0
2024-11-14 00:00:00+00:00,71.898,72.004,71.671,71.671,2290,89,0
2024-11-14 04:00:00+00:00,71.682,71.84,71.556,71.76,2954,87,0
2024-11-14 08:00:00+00:00,71.76,72.524,71.692,72.264,5351,91,0
2024-11-14 12:00:00+00:00,72.282,72.96,72.124,72.46,7358,90,0
2024-11-14 16:00:00+00:00,72.455,72.896,71.72,72.288,6908,89,0
2024-11-14 20:00:00+00:00,72.293,72.304,72.125,72.196,1405,87,0
2024-11-15 00:00:00+00:00,72.028,72.047,71.802,71.927,2110,90,0
2024-11-15 04:00:00+00:00,71.93,71.932,71.126,71.148,2765,90,0
2024-11-15 08:00:00+00:00,71.143,72.077,71.109,72.077,5573,93,0
2024-11-15 12:00:00+00:00,72.075,72.245,71.459,72.003,7582,92,0
2024-11-15 16:00:00+00:00,71.999,72.186,70.632,70.909,7047,90,0
2024-11-15 20:00:00+00:00,70.912,70.929,70.783,70.833,1230,88,0
2024-11-18 00:00:00+00:00,70.848,71.216,70.846,71.156,2408,91,0
2024-11-18 04:00:00+00:00,71.159,71.166,70.844,71.101,2644,90,0
2024-11-18 08:00:00+00:00,71.102,71.54,70.625,71.231,5074,93,0
2024-11-18 12:00:00+00:00,71.235,72.825,70.988,72.758,7028,92,0
2024-11-18 16:00:00+00:00,72.756,73.198,72.528,73.06,6013,91,0
2024-11-18 20:00:00+00:00,73.057,73.21,73.01,73.018,1107,89,0
2024-11-19 00:00:00+00:00,72.939,73.22,72.939,73.217,2061,93,0
2024-11-19 04:00:00+00:00,73.218,73.249,72.865,72.896,2725,92,0
2024-11-19 08:00:00+00:00,72.897,72.951,72.41,72.668,5906,93,0
2024-11-19 12:00:00+00:00,72.665,73.609,72.369,73.136,7825,94,0
2024-11-19 16:00:00+00:00,73.139,73.249,72.577,73.127,6618,91,0
2024-11-19 20:00:00+00:00,73.129,73.191,72.959,72.965,1230,92,0
2024-11-20 00:00:00+00:00,73.057,73.085,72.875,72.943,1842,92,0
2024-11-20 04:00:00+00:00,72.944,73.24,72.874,73.229,2372,95,0
2024-11-20 08:00:00+00:00,73.231,73.593,73.063,73.333,4798,95,0
2024-11-20 12:00:00+00:00,73.329,73.605,72.684,73.192,6037,95,0
2024-11-20 16:00:00+00:00,73.187,73.235,72.399,72.637,4935,90,0
2024-11-20 20:00:00+00:00,72.637,72.871,72.589,72.741,880,99,0
2024-11-21 00:00:00+00:00,72.764,72.886,72.607,72.636,1753,101,0
2024-11-21 04:00:00+00:00,72.637,73.122,72.585,73.088,2090,98,0
2024-11-21 08:00:00+00:00,73.087,73.926,73.082,73.898,4545,95,0
2024-11-21 12:00:00+00:00,73.9,73.987,73.306,73.638,6712,95,0
2024-11-21 16:00:00+00:00,73.633,73.875,73.106,73.83,6096,95,0
2024-11-21 20:00:00+00:00,73.827,73.928,73.733,73.79,1011,92,0
2024-11-22 00:00:00+00:00,73.855,74.186,73.852,73.923,2277,93,0
2024-11-22 04:00:00+00:00,73.917,74.22,73.731,74.206,2956,95,0
2024-11-22 08:00:00+00:00,74.204,74.33,73.305,73.336,5938,96,0
2024-11-22 12:00:00+00:00,73.355,74.575,72.956,74.459,7340,95,0
2024-11-22 16:00:00+00:00,74.475,74.845,74.093,74.668,5554,94,0
2024-11-22 20:00:00+00:00,74.667,74.744,74.449,74.593,1150,97,0
2024-11-25 00:00:00+00:00,74.644,74.769,74.219,74.383,2426,95,0
2024-11-25 04:00:00+00:00,74.374,74.45,73.866,73.923,3205,94,0
2024-11-25 08:00:00+00:00,73.93,74.576,73.79,74.565,5542,96,0
2024-11-25 12:00:00+00:00,74.565,74.605,72.504,72.513,7525,97,0
2024-11-25 16:00:00+00:00,72.525,73.011,72.294,72.47,6204,95,0
2024-11-25 20:00:00+00:00,72.465,72.614,72.465,72.6,890,92,0
2024-11-26 00:00:00+00:00,72.194,72.645,72.071,72.601,2410,92,0
2024-11-26 04:00:00+00:00,72.605,72.708,72.383,72.46,2816,93,0
2024-11-26 08:00:00+00:00,72.459,73.16,72.428,73.036,4480,96,0
2024-11-26 12:00:00+00:00,73.048,73.72,72.615,73.086,6797,96,0
2024-11-26 16:00:00+00:00,73.089,73.089,71.586,72.154,6690,95,0
2024-11-26 20:00:00+00:00,72.15,72.462,72.03,72.403,1210,93,0
2024-11-27 00:00:00+00:00,72.251,72.36,72.069,72.34,2336,92,0
2024-11-27 04:00:00+00:00,72.34,72.653,72.22,72.519,3019,92,0
2024-11-27 08:00:00+00:00,72.512,72.768,72.142,72.499,5277,95,0
2024-11-27 12:00:00+00:00,72.516,72.776,72.072,72.339,7025,93,0
2024-11-27 16:00:00+00:00,72.339,72.498,71.654,72.303,6579,90,0
2024-11-27 20:00:00+00:00,72.299,72.334,72.167,72.31,918,91,0
2024-11-28 00:00:00+00:00,72.176,72.232,72.04,72.054,2048,87,0
2024-11-28 04:00:00+00:00,72.052,72.306,71.9,71.93,2442,91,0
2024-11-28 08:00:00+00:00,71.929,72.87,71.774,72.815,4270,92,0
2024-11-28 12:00:00+00:00,72.817,72.833,72.418,72.421,4039,94,0
2024-11-28 16:00:00+00:00,72.428,72.746,72.114,72.585,2398,95,0
2024-11-29 00:00:00+00:00,72.255,72.8,72.251,72.786,2211,93,0
2024-11-29 04:00:00+00:00,72.775,72.791,72.112,72.136,2505,90,0
2024-11-29 08:00:00+00:00,72.135,72.681,71.934,72.079,5313,94,0
2024-11-29 12:00:00+00:00,72.084,73.225,72.06,73.029,6965,94,0
2024-11-29 16:00:00+00:00,73.022,73.169,72.133,72.294,4496,92,0
2024-12-02 00:00:00+00:00,71.813,72.225,71.756,72.106,2605,88,0
2024-12-02 04:00:00+00:00,72.106,72.457,72.036,72.238,2813,89,0
2024-12-02 08:00:00+00:00,72.242,72.644,72.093,72.594,5663,91,0
2024-12-02 12:00:00+00:00,72.593,72.772,71.834,72.179,6907,90,0
2024-12-02 16:00:00+00:00,72.179,72.179,71.429,71.753,6331,85,0
2024-12-02 20:00:00+00:00,71.753,71.83,71.639,71.801,953,85,0
2024-12-03 00:00:00+00:00,71.845,71.887,71.574,71.831,2336,90,0
2024-12-03 04:00:00+00:00,71.826,72.086,71.798,72.007,2460,86,0
2024-12-03 08:00:00+00:00,72.007,72.58,71.985,72.481,4653,87,0
2024-12-03 12:00:00+00:00,72.483,73.287,72.389,73.246,7164,89,0
2024-12-03 16:00:00+00:00,73.242,73.753,73.095,73.555,6171,90,0
2024-12-03 20:00:00+00:00,73.554,73.572,73.349,73.44,1040,88,0
2024-12-04 00:00:00+00:00,73.448,73.555,73.367,73.512,2182,92,0
2024-12-04 04:00:00+00:00,73.511,73.738,73.487,73.617,2523,90,0
2024-12-04 08:00:00+00:00,73.618,74.079,73.437,73.692,5118,93,0
2024-12-04 12:00:00+00:00,73.689,73.926,73.153,73.405,6869,92,0
2024-12-04 16:00:00+00:00,73.404,73.428,72.096,72.354,7054,90,0
2024-12-04 20:00:00+00:00,72.355,72.501,72.209,72.272,1296,89,0
2024-12-05 00:00:00+00:00,72.228,72.288,72.071,72.186,1783,86,0
2024-12-05 04:00:00+00:00,72.184,72.256,72.01,72.132,2439,87,0
2024-12-05 08:00:00+00:00,72.136,72.706,71.651,71.709,5602,93,0
2024-12-05 12:00:00+00:00,71.705,72.695,71.621,72.441,7787,90,0
2024-12-05 16:00:00+00:00,72.445,72.486,71.827,72.119,6219,89,0
2024-12-05 20:00:00+00:00,72.117,72.213,71.928,71.998,1003,89,0
2024-12-06 00:00:00+00:00,71.786,71.869,71.551,71.838,2325,87,0
2024-12-06 04:00:00+00:00,71.842,71.93,71.599,71.652,2386,88,0
2024-12-06 08:00:00+00:00,71.658,71.934,71.138,71.15,4833,90,0
2024-12-06 12:00:00+00:00,71.144,71.42,70.682,70.993,7023,88,0
2024-12-06 16:00:00+00:00,70.997,71.364,70.827,70.839,5869,85,0
2024-12-06 20:00:00+00:00,70.838,70.906,70.81,70.839,1029,85,0
2024-12-09 00:00:00+00:00,70.959,71.289,70.949,71.188,2251,87,0
2024-12-09 04:00:00+00:00,71.192,71.617,71.151,71.612,2782,86,0
2024-12-09 08:00:00+00:00,71.61,71.928,71.52,71.755,4803,87,0
2024-12-09 12:00:00+00:00,71.758,72.45,71.62,72.244,6111,87,0
2024-12-09 16:00:00+00:00,72.237,72.404,71.837,71.909,5639,85,0
2024-12-09 20:00:00+00:00,71.911,71.911,71.541,71.65,1073,83,0
2024-12-10 00:00:00+00:00,71.889,71.96,71.623,71.672,2470,85,0
2024-12-10 04:00:00+00:00,71.674,71.736,71.522,71.664,2537,86,0
2024-12-10 08:00:00+00:00,71.673,72.029,71.349,71.536,4908,91,0
2024-12-10 12:00:00+00:00,71.538,72.363,71.521,72.346,6367,87,0
2024-12-10 16:00:00+00:00,72.346,72.506,71.736,71.811,5342,88,0
2024-12-10 20:00:00+00:00,71.812,71.901,71.729,71.866,1203,87,0
2024-12-11 00:00:00+00:00,72.042,72.436,72.035,72.354,1775,88,0
2024-12-11 04:00:00+00:00,72.359,72.523,72.096,72.154,2455,86,0
2024-12-11 08:00:00+00:00,72.088,72.888,72.088,72.781,4118,91,0
2024-12-11 12:00:00+00:00,72.78,72.968,72.319,72.683,6768,89,0
2024-12-11 16:00:00+00:00,72.683,73.415,72.623,73.397,5593,88,0
2024-12-11 20:00:00+00:00,73.394,73.47,73.245,73.294,1001,87,0
2024-12-12 00:00:00+00:00,73.28,73.379,73.157,73.3,2379,87,0
2024-12-12 04:00:00+00:00,73.299,73.538,73.248,73.527,2811,89,0
2024-12-12 08:00:00+00:00,73.528,73.673,73.063,73.327,4243,89,0
2024-12-12 12:00:00+00:00,73.319,73.375,72.31,72.341,6994,89,0
2024-12-12 16:00:00+00:00,72.336,73.534,72.172,73.294,6415,92,0
2024-12-12 20:00:00+00:00,73.301,73.383,73.153,73.172,1009,88,0
2024-12-13 00:00:00+00:00,73.115,73.188,73.036,73.127,2271,88,0
2024-12-13 04:00:00+00:00,73.13,73.405,73.088,73.385,2751,88,0
2024-12-13 08:00:00+00:00,73.37,74.013,73.083,73.797,4159,92,0
2024-12-13 12:00:00+00:00,73.801,73.844,73.341,73.797,6094,91,0
2024-12-13 16:00:00+00:00,73.796,74.277,73.646,74.172,5141,90,0
2024-12-13 20:00:00+00:00,74.173,74.173,73.992,73.993,1039,88,0
2024-12-16 00:00:00+00:00,73.952,74.057,73.869,73.909,2602,88,0
2024-12-16 04:00:00+00:00,73.911,74.013,73.789,73.903,2854,89,0
2024-12-16 08:00:00+00:00,73.9,74.01,73.402,73.523,4497,92,0
2024-12-16 12:00:00+00:00,73.524,74.019,73.456,73.833,5876,90,0
2024-12-16 16:00:00+00:00,73.848,73.911,73.401,73.49,5507,90,0
2024-12-16 20:00:00+00:00,73.488,73.608,73.384,73.6,1029,88,0
2024-12-17 00:00:00+00:00,73.557,73.656,73.444,73.53,2041,90,0
2024-12-17 04:00:00+00:00,73.534,73.836,73.486,73.578,2407,87,0
2024-12-17 08:00:00+00:00,73.578,73.592,72.883,72.883,4385,92,0
2024-12-17 12:00:00+00:00,72.884,73.048,72.212,72.25,6365,91,0
2024-12-17 16:00:00+00:00,72.249,72.994,72.234,72.986,5287,90,0
2024-12-17 20:00:00+00:00,72.985,73.064,72.904,72.983,989,86,0
2024-12-18 00:00:00+00:00,72.876,73.11,72.852,72.889,1836,88,0
2024-12-18 04:00:00+00:00,72.89,73.239,72.855,73.222,2330,88,0
2024-12-18 08:00:00+00:00,73.236,73.471,73.139,73.264,3648,94,0
2024-12-18 12:00:00+00:00,73.262,73.649,73.172,73.595,5386,92,0
2024-12-18 16:00:00+00:00,73.604,73.836,72.774,72.791,5830,92,0
2024-12-18 20:00:00+00:00,72.793,72.809,72.352,72.556,1977,87,0
2024-12-19 00:00:00+00:00,72.652,72.768,72.479,72.723,2261,90,0
2024-12-19 04:00:00+00:00,72.72,72.853,72.482,72.58,2608,91,0
2024-12-19 08:00:00+00:00,72.596,73.137,72.349,72.784,4150,93,0
2024-12-19 12:00:00+00:00,72.798,73.462,72.565,72.572,6743,93,0
2024-12-19 16:00:00+00:00,72.581,72.703,72.257,72.313,5885,93,0
2024-12-19 20:00:00+00:00,72.315,72.331,72.104,72.312,987,88,0
2024-12-20 00:00:00+00:00,72.085,72.192,71.959,71.99,1934,86,0
2024-12-20 04:00:00+00:00,71.991,72.281,71.991,72.027,2305,88,0
2024-12-20 08:00:00+00:00,72.028,72.252,71.59,71.617,4024,94,0
2024-12-20 12:00:00+00:00,71.62,72.25,71.612,72.173,6070,94,0
2024-12-20 16:00:00+00:00,72.18,72.871,72.054,72.551,4849,92,0
2024-12-20 20:00:00+00:00,72.553,72.668,72.467,72.581,1125,91,0
2024-12-23 00:00:00+00:00,72.79,72.971,72.778,72.875,1741,93,0
2024-12-23 04:00:00+00:00,72.873,72.933,72.703,72.754,2074,93,0
2024-12-23 08:00:00+00:00,72.754,72.948,72.226,72.235,3928,92,0
2024-12-23 12:00:00+00:00,72.237,72.461,71.696,71.717,4914,94,0
2024-12-23 16:00:00+00:00,71.717,72.527,71.656,72.472,4324,94,0
2024-12-23 20:00:00+00:00,72.475,72.692,72.383,72.632,841,90,0
2024-12-24 00:00:00+00:00,72.6,72.703,72.421,72.427,1834,91,0
2024-12-24 04:00:00+00:00,72.427,72.713,72.417,72.699,2220,92,0
2024-12-24 08:00:00+00:00,72.7,72.991,72.601,72.807,2580,95,0
2024-12-24 12:00:00+00:00,72.808,73.356,72.509,73.142,5262,92,0
2024-12-24 16:00:00+00:00,73.142,73.361,72.91,73.085,2798,92,0
2024-12-26 00:00:00+00:00,73.22,73.416,73.176,73.348,1434,93,0
2024-12-26 04:00:00+00:00,73.348,73.356,73.056,73.265,2005,96,0
2024-12-26 08:00:00+00:00,73.257,73.525,73.24,73.493,2331,90,0
2024-12-26 12:00:00+00:00,73.492,73.671,73.014,73.147,4406,91,0
2024-12-26 16:00:00+00:00,73.145,73.238,72.518,72.717,4312,91,0
2024-12-26 20:00:00+00:00,72.713,72.792,72.625,72.788,777,89,0
2024-12-27 00:00:00+00:00,72.577,72.846,72.569,72.842,1708,90,0
2024-12-27 04:00:00+00:00,72.846,72.956,72.622,72.931,2017,88,0
2024-12-27 08:00:00+00:00,72.928,73.401,72.757,73.263,3807,91,0
2024-12-27 12:00:00+00:00,73.263,73.65,73.192,73.349,5268,90,0
2024-12-27 16:00:00+00:00,73.365,73.834,73.219,73.536,5243,89,0
2024-12-27 20:00:00+00:00,73.536,73.536,73.263,73.356,985,88,0
2024-12-30 00:00:00+00:00,73.621,73.806,73.574,73.719,1545,89,0
2024-12-30 04:00:00+00:00,73.725,73.797,73.553,73.59,2065,90,0
2024-12-30 08:00:00+00:00,73.591,73.783,73.28,73.74,4228,96,0
2024-12-30 12:00:00+00:00,73.744,74.364,73.743,74.178,5475,90,0
2024-12-30 16:00:00+00:00,74.183,74.386,73.692,73.916,5091,91,0
2024-12-30 20:00:00+00:00,73.91,74.137,73.904,73.977,1020,95,0
2024-12-31 00:00:00+00:00,74.231,74.458,74.16,74.167,1732,93,0
2024-12-31 04:00:00+00:00,74.166,74.597,74.164,74.417,2555,92,0
2024-12-31 08:00:00+00:00,74.417,74.499,74.18,74.411,3460,92,0
2024-12-31 12:00:00+00:00,74.412,74.555,73.72,74.499,5408,93,0
2024-12-31 16:00:00+00:00,74.499,74.76,74.427,74.53,3883,91,0
2025-01-02 00:00:00+00:00,74.918,75.07,74.773,74.813,2209,92,0
2025-01-02 04:00:00+00:00,74.814,74.889,74.596,74.733,2365,90,0
2025-01-02 08:00:00+00:00,74.747,75.622,74.591,75.587,4795,94,0
2025-01-02 12:00:00+00:00,75.572,76.282,75.342,76.139,6267,94,0
2025-01-02 16:00:00+00:00,76.12,76.383,75.691,75.849,6565,91,0
2025-01-02 20:00:00+00:00,75.853,75.862,75.692,75.737,964,93,0
2025-01-03 00:00:00+00:00,75.893,76.078,75.806,75.987,2338,92,0
2025-01-03 04:00:00+00:00,75.989,76.01,75.692,75.707,2345,92,0
2025-01-03 08:00:00+00:00,75.705,75.849,75.356,75.523,3998,93,0
2025-01-03 12:00:00+00:00,75.682,76.201,75.569,76.19,5284,91,0
2025-01-03 16:00:00+00:00,76.192,76.522,76.067,76.437,5034,89,0
2025-01-03 20:00:00+00:00,76.437,76.465,76.331,76.399,805,90,0
2025-01-06 00:00:00+00:00,76.407,76.656,76.095,76.112,2461,93,0
2025-01-06 04:00:00+00:00,76.111,76.171,75.922,76.005,2643,89,0
2025-01-06 08:00:00+00:00,76.003,76.549,75.861,76.537,4566,91,0
2025-01-06 12:00:00+00:00,76.544,77.24,76.418,76.48,6859,91,0
2025-01-06 16:00:00+00:00,76.479,76.715,75.723,76.026,6183,93,0
2025-01-06 20:00:00+00:00,76.028,76.064,75.923,75.967,999,92,0
2025-01-07 00:00:00+00:00,75.852,76.016,75.727,76.016,2318,92,0
2025-01-07 04:00:00+00:00,76.015,76.087,75.804,75.817,2527,89,0
2025-01-07 08:00:00+00:00,75.821,76.787,75.663,76.781,5111,93,0
2025-01-07 12:00:00+00:00,76.774,76.855,76.402,76.782,6522,93,0
2025-01-07 16:00:00+00:00,76.782,77.001,76.365,76.928,5408,92,0
2025-01-07 20:00:00+00:00,76.931,76.95,76.725,76.861,1064,91,0
2025-01-08 00:00:00+00:00,77.075,77.157,76.928,76.977,1983,91,0
2025-01-08 04:00:00+00:00,76.975,77.318,76.961,77.212,2591,91,0
2025-01-08 08:00:00+00:00,77.214,77.55,76.545,77.0,5662,94,0
2025-01-08 12:00:00+00:00,77.006,77.191,76.457,76.494,7116,95,0
2025-01-08 16:00:00+00:00,76.493,76.495,75.755,75.996,6225,90,0
2025-01-08 20:00:00+00:00,75.997,76.046,75.879,75.902,1120,90,0
2025-01-09 00:00:00+00:00,75.614,75.829,75.391,75.794,2213,92,0
2025-01-09 04:00:00+00:00,75.788,76.037,75.678,75.691,2747,91,0
2025-01-09 08:00:00+00:00,75.687,76.102,75.602,76.043,4797,91,0
2025-01-09 12:00:00+00:00,76.043,76.726,76.03,76.593,5436,91,0
2025-01-09 16:00:00+00:00,76.592,76.885,76.51,76.874,4795,90,0
2025-01-09 20:00:00+00:00,76.873,76.897,76.755,76.896,821,92,0
2025-01-10 00:00:00+00:00,76.904,76.923,76.647,76.722,2242,92,0
2025-01-10 04:00:00+00:00,76.724,77.268,76.717,77.178,2597,91,0
2025-01-10 08:00:00+00:00,77.178,79.254,77.113,79.029,6611,91,0
2025-01-10 12:00:00+00:00,79.035,80.197,78.423,78.423,9447,97,0
2025-01-10 16:00:00+00:00,78.424,79.405,77.991,79.178,7662,96,0
2025-01-10 20:00:00+00:00,79.178,79.284,79.114,79.135,1328,94,0
2025-01-13 00:00:00+00:00,80.548,80.623,80.216,80.328,3228,98,0
2025-01-13 04:00:00+00:00,80.328,80.686,80.148,80.256,4220,100,0
2025-01-13 08:00:00+00:00,80.252,80.954,79.877,80.453,7493,98,0
2025-01-13 12:00:00+00:00,80.456,80.646,79.694,80.361,8368,97,0
2025-01-13 16:00:00+00:00,80.368,80.671,80.076,80.329,7728,95,0
2025-01-13 20:00:00+00:00,80.33,80.335,79.966,80.147,1531,94,0
2025-01-14 00:00:00+00:00,80.019,80.099,79.716,79.956,3281,93,0
2025-01-14 04:00:00+00:00,79.958,79.958,79.455,79.619,3787,93,0
2025-01-14 08:00:00+00:00,79.629,80.307,79.52,80.059,6561,98,0
2025-01-14 12:00:00+00:00,80.058,80.059,79.15,79.624,8047,97,0
2025-01-14 16:00:00+00:00,79.632,79.799,79.217,79.314,7096,94,0
2025-01-14 20:00:00+00:00,79.318,79.773,79.27,79.677,1520,94,0
2025-01-15 00:00:00+00:00,79.311,79.432,79.079,79.222,2786,96,0
2025-01-15 04:00:00+00:00,79.222,79.885,79.184,79.608,3826,94,0
2025-01-15 08:00:00+00:00,79.606,79.73,78.974,79.406,6041,95,0
2025-01-15 12:00:00+00:00,79.4,80.361,79.357,80.005,7726,94,0
2025-01-15 16:00:00+00:00,79.996,81.485,79.968,81.482,7756,97,0
2025-01-15 20:00:00+00:00,81.479,81.7,81.373,81.455,1972,97,0
2025-01-16 00:00:00+00:00,81.397,81.481,81.043,81.373,3354,98,0
2025-01-16 04:00:00+00:00,81.37,81.39,81.007,81.152,4377,94,0
2025-01-16 08:00:00+00:00,81.148,81.154,80.113,80.186,6181,98,0
2025-01-16 12:00:00+00:00,80.208,80.934,79.958,80.319,8212,97,0
2025-01-16 16:00:00+00:00,80.319,80.518,79.498,80.427,7879,101,0
2025-01-16 20:00:00+00:00,80.434,80.434,80.262,80.365,1320,95,0
2025-01-17 00:00:00+00:00,80.42,80.646,80.383,80.594,2424,96,0
2025-01-17 04:00:00+00:00,80.594,80.844,80.364,80.701,3638,96,0
2025-01-17 08:00:00+00:00,80.703,80.846,80.194,80.298,6086,101,0
2025-01-17 12:00:00+00:00,80.296,80.387,79.619,79.744,7979,98,0
2025-01-17 16:00:00+00:00,79.732,80.344,79.671,79.789,6500,95,0
2025-01-17 20:00:00+00:00,79.785,79.983,79.71,79.795,1283,95,0
2025-01-20 00:00:00+00:00,79.944,80.005,79.628,79.763,3052,97,0
2025-01-20 04:00:00+00:00,79.763,79.782,79.404,79.597,2789,97,0
2025-01-20 08:00:00+00:00,79.607,79.78,79.266,79.66,4976,98,0
2025-01-20 12:00:00+00:00,79.658,80.064,78.64,78.817,7534,96,0
2025-01-20 16:00:00+00:00,78.815,79.442,78.784,79.099,4055,102,0
2025-01-21 00:00:00+00:00,79.374,79.556,79.118,79.203,3571,101,0
2025-01-21 04:00:00+00:00,79.205,79.286,78.885,78.931,3208,95,0
2025-01-21 08:00:00+00:00,78.932,79.11,77.904,77.934,6303,99,0
2025-01-21 12:00:00+00:00,77.951,78.695,77.803,78.641,7730,96,0
2025-01-21 16:00:00+00:00,78.64,78.873,78.209,78.728,6695,96,0
2025-01-21 20:00:00+00:00,78.731,78.777,78.537,78.6,1173,95,0
2025-01-22 00:00:00+00:00,78.493,78.564,78.344,78.535,2127,94,0
2025-01-22 04:00:00+00:00,78.535,78.602,78.048,78.234,2936,95,0
2025-01-22 08:00:00+00:00,78.235,79.029,78.189,78.703,5146,97,0
2025-01-22 12:00:00+00:00,78.704,78.77,78.11,78.384,7179,96,0
2025-01-22 16:00:00+00:00,78.37,78.86,78.102,78.259,6382,96,0
2025-01-22 20:00:00+00:00,78.26,78.294,78.143,78.176,930,91,0
2025-01-23 00:00:00+00:00,78.049,78.102,77.942,77.947,1787,93,0
2025-01-23 04:00:00+00:00,77.949,78.071,77.822,78.063,2327,94,0
2025-01-23 08:00:00+00:00,78.055,78.697,78.04,78.647,4343,100,0
2025-01-23 12:00:00+00:00,78.631,78.845,78.26,78.564,5722,98,0
2025-01-23 16:00:00+00:00,78.56,78.71,77.341,77.467,7596,98,0
2025-01-23 20:00:00+00:00,77.461,77.502,77.165,77.258,1404,89,0
2025-01-24 00:00:00+00:00,77.125,77.555,77.114,77.43,2463,96,0
2025-01-24 04:00:00+00:00,77.43,77.653,77.414,77.61,2748,93,0
2025-01-24 08:00:00+00:00,77.616,77.987,77.358,77.811,4661,99,0
2025-01-24 12:00:00+00:00,77.807,78.095,77.166,77.19,6422,97,0
2025-01-24 16:00:00+00:00,77.189,77.721,77.091,77.578,5755,97,0
2025-01-24 20:00:00+00:00,77.575,77.649,77.45,77.499,1014,95,0
2025-01-27 00:00:00+00:00,76.711,77.075,76.574,77.063,2355,100,0
2025-01-27 04:00:00+00:00,77.075,77.155,76.807,77.031,2403,96,0
2025-01-27 08:00:00+00:00,77.031,77.933,77.031,77.134,4651,101,0
2025-01-27 12:00:00+00:00,77.131,77.441,76.421,76.495,6361,100,0
2025-01-27 16:00:00+00:00,76.491,76.526,75.49,76.035,6018,99,0
2025-01-27 20:00:00+00:00,76.034,76.207,75.976,76.106,1037,96,0
2025-01-28 00:00:00+00:00,76.177,76.325,76.079,76.174,1849,97,0
2025-01-28 04:00:00+00:00,76.175,76.837,76.175,76.794,2906,98,0
2025-01-28 08:00:00+00:00,76.8,76.829,76.319,76.641,4430,99,0
2025-01-28 12:00:00+00:00,76.642,77.115,76.029,76.141,6385,97,0
2025-01-28 16:00:00+00:00,76.149,76.571,75.865,76.467,5800,96,0
2025-01-28 20:00:00+00:00,76.461,76.585,76.313,76.326,1248,97,0
2025-01-29 00:00:00+00:00,76.399,76.412,76.171,76.239,1160,98,0
2025-01-29 04:00:00+00:00,76.24,76.493,76.146,76.356,1869,93,0
2025-01-29 08:00:00+00:00,76.372,76.545,75.542,75.774,4758,97,0
2025-01-29 12:00:00+00:00,75.777,76.426,75.741,76.237,6138,97,0
2025-01-29 16:00:00+00:00,76.228,76.331,75.266,75.723,6660,95,0
2025-01-29 20:00:00+00:00,75.72,75.843,75.63,75.726,1130,91,0
2025-01-30 00:00:00+00:00,75.526,75.658,75.396,75.417,1140,99,0
2025-01-30 04:00:00+00:00,75.416,75.491,75.278,75.346,1925,95,0
2025-01-30 08:00:00+00:00,75.352,75.602,74.858,75.465,4793,96,0
2025-01-30 12:00:00+00:00,75.47,76.358,75.219,76.213,6143,95,0
2025-01-30 16:00:00+00:00,76.218,76.276,75.654,75.85,5647,92,0
2025-01-30 20:00:00+00:00,75.849,76.45,75.702,75.979,2308,95,0
2025-01-31 00:00:00+00:00,76.104,76.264,75.862,76.229,1442,98,0
2025-01-31 04:00:00+00:00,76.229,76.246,75.795,75.81,1797,94,0
2025-01-31 08:00:00+00:00,75.809,75.953,75.314,75.538,4939,98,0
2025-01-31 12:00:00+00:00,75.539,75.953,75.008,75.546,6510,94,0
2025-01-31 16:00:00+00:00,75.539,76.189,75.176,75.348,7998,96,0
2025-01-31 20:00:00+00:00,75.345,76.322,75.32,76.269,2519,93,0
2025-02-03 00:00:00+00:00,75.969,76.088,75.714,75.986,2699,97,0
2025-02-03 04:00:00+00:00,75.986,76.48,75.954,76.235,3277,96,0
2025-02-03 08:00:00+00:00,76.23,76.8,75.964,76.782,6423,96,0
2025-02-03 12:00:00+00:00,76.783,77.011,74.844,75.213,9127,96,0
2025-02-03 16:00:00+00:00,75.198,75.799,75.19,75.737,7591,93,0
2025-02-03 20:00:00+00:00,75.74,75.804,75.181,75.296,1935,93,0
2025-02-04 00:00:00+00:00,75.201,75.405,75.143,75.32,1601,95,0
2025-02-04 04:00:00+00:00,75.324,75.345,74.832,75.02,3351,93,0
2025-02-04 08:00:00+00:00,75.021,75.11,74.608,74.934,5422,93,0
2025-02-04 12:00:00+00:00,74.934,76.425,73.952,75.797,8576,93,0
2025-02-04 16:00:00+00:00,75.811,76.323,75.45,75.731,6787,96,0
2025-02-04 20:00:00+00:00,75.742,75.906,75.625,75.764,1703,96,0
2025-02-05 00:00:00+00:00,75.96,76.082,75.536,75.619,2760,92,0
2025-02-05 04:00:00+00:00,75.62,75.898,75.544,75.705,2386,91,0
2025-02-05 08:00:00+00:00,75.709,75.801,75.041,75.105,5220,93,0
2025-02-05 12:00:00+00:00,75.099,75.307,74.694,74.812,6723,92,0
2025-02-05 16:00:00+00:00,74.811,74.836,74.372,74.498,5846,90,0
2025-02-05 20:00:00+00:00,74.497,74.586,74.444,74.488,866,89,0
2025-02-06 00:00:00+00:00,74.532,74.607,74.459,74.486,1805,91,0
2025-02-06 04:00:00+00:00,74.488,74.692,74.394,74.467,2061,90,0
2025-02-06 08:00:00+00:00,74.468,75.074,74.422,74.708,4825,91,0
2025-02-06 12:00:00+00:00,74.708,75.125,74.025,74.61,7062,93,0
2025-02-06 16:00:00+00:00,74.625,74.776,73.908,74.057,6138,90,0
2025-02-06 20:00:00+00:00,74.052,74.129,73.883,74.014,1065,89,0
2025-02-07 00:00:00+00:00,74.071,74.476,74.052,74.411,1799,88,0
2025-02-07 04:00:00+00:00,74.41,74.717,74.309,74.479,2255,89,0
2025-02-07 08:00:00+00:00,74.481,74.862,74.374,74.541,4776,93,0
2025-02-07 12:00:00+00:00,74.534,74.75,74.272,74.401,6406,91,0
2025-02-07 16:00:00+00:00,74.415,74.632,74.101,74.433,6262,89,0
2025-02-07 20:00:00+00:00,74.432,74.539,74.381,74.5,1021,86,0
2025-02-10 00:00:00+00:00,74.811,75.018,74.773,74.867,2221,88,0
2025-02-10 04:00:00+00:00,74.867,75.036,74.8,74.835,2233,88,0
2025-02-10 08:00:00+00:00,74.826,75.515,74.732,75.354,4194,91,0
2025-02-10 12:00:00+00:00,75.353,75.493,75.062,75.378,5691,89,0
2025-02-10 16:00:00+00:00,75.383,75.809,75.292,75.784,4985,90,0
2025-02-10 20:00:00+00:00,75.782,75.815,75.705,75.805,727,89,0
2025-02-11 00:00:00+00:00,75.714,75.923,75.626,75.799,2036,89,0
2025-02-11 04:00:00+00:00,75.799,76.275,75.794,76.229,2481,89,0
2025-02-11 08:00:00+00:00,76.227,76.648,76.195,76.524,4467,92,0
2025-02-11 12:00:00+00:00,76.533,76.977,76.206,76.426,6452,91,0
2025-02-11 16:00:00+00:00,76.43,76.814,76.402,76.804,5161,89,0
2025-02-11 20:00:00+00:00,76.803,76.811,76.562,76.615,976,90,0
2025-02-12 00:00:00+00:00,76.448,76.589,76.365,76.47,1730,92,0
2025-02-12 04:00:00+00:00,76.472,76.647,76.208,76.32,2365,89,0
2025-02-12 08:00:00+00:00,76.316,76.354,75.819,76.086,4653,91,0
2025-02-12 12:00:00+00:00,76.088,76.191,75.493,75.501,6675,91,0
2025-02-12 16:00:00+00:00,75.503,75.802,74.899,74.968,6350,89,0
2025-02-12 20:00:00+00:00,74.968,75.112,74.731,74.761,1215,89,0
2025-02-13 00:00:00+00:00,74.619,74.619,74.176,74.244,2330,91,0
2025-02-13 04:00:00+00:00,74.244,74.43,74.111,74.33,2871,90,0
2025-02-13 08:00:00+00:00,74.332,74.602,73.843,74.218,5049,93,0
2025-02-13 12:00:00+00:00,74.215,74.727,73.9,74.5,6114,89,0
2025-02-13 16:00:00+00:00,74.509,74.904,74.441,74.841,5310,90,0
2025-02-13 20:00:00+00:00,74.839,74.993,74.824,74.947,758,87,0
2025-02-14 00:00:00+00:00,74.841,75.013,74.821,74.847,1667,93,0
2025-02-14 04:00:00+00:00,74.847,75.205,74.798,75.159,2320,94,0
2025-02-14 08:00:00+00:00,75.158,75.364,74.73,75.301,4379,93,0
2025-02-14 12:00:00+00:00,75.296,75.534,74.545,74.74,6631,92,0
2025-02-14 16:00:00+00:00,74.749,74.795,74.344,74.475,5298,91,0
2025-02-14 20:00:00+00:00,74.474,74.51,74.366,74.368,990,89,0
2025-02-17 00:00:00+00:00,74.332,74.623,74.289,74.564,2170,92,0
2025-02-17 04:00:00+00:00,74.565,74.722,74.338,74.474,2674,92,0
2025-02-17 08:00:00+00:00,74.479,74.946,74.319,74.392,4900,94,0
2025-02-17 12:00:00+00:00,74.393,74.742,74.248,74.467,3902,90,0
2025-02-17 16:00:00+00:00,74.458,75.077,74.439,75.028,2548,93,0
2025-02-18 00:00:00+00:00,74.923,75.207,74.778,75.106,1746,93,0
2025-02-18 04:00:00+00:00,75.109,75.265,74.993,75.125,2363,87,0
2025-02-18 08:00:00+00:00,75.121,75.715,74.962,74.982,4461,94,0
2025-02-18 12:00:00+00:00,74.988,75.383,74.627,75.133,6300,93,0
2025-02-18 16:00:00+00:00,75.14,75.535,75.015,75.455,5027,92,0
2025-02-18 20:00:00+00:00,75.449,75.482,75.395,75.447,802,89,0
2025-02-19 00:00:00+00:00,75.501,75.674,75.459,75.479,1799,92,0
2025-02-19 04:00:00+00:00,75.479,75.945,75.449,75.889,1960,89,0
2025-02-19 08:00:00+00:00,75.888,76.164,75.772,76.084,3279,92,0
2025-02-19 12:00:00+00:00,76.083,76.415,75.766,75.813,5083,93,0
2025-02-19 16:00:00+00:00,75.816,76.173,75.553,75.695,4464,94,0
2025-02-19 20:00:00+00:00,75.683,75.847,75.647,75.72,806,91,0
2025-02-20 00:00:00+00:00,75.653,75.669,75.406,75.448,1529,93,0
2025-02-20 04:00:00+00:00,75.449,75.914,75.369,75.897,2080,93,0
2025-02-20 08:00:00+00:00,75.899,76.041,75.482,75.992,3805,94,0
2025-02-20 12:00:00+00:00,75.984,76.272,75.9,76.101,5155,95,0
2025-02-20 16:00:00+00:00,76.096,76.714,75.978,76.104,4958,96,0
2025-02-20 20:00:00+00:00,76.1,76.132,75.916,76.063,777,94,0
2025-02-21 00:00:00+00:00,76.252,76.263,75.915,76.015,1728,97,0
2025-02-21 04:00:00+00:00,76.015,76.061,75.738,75.774,1777,98,0
2025-02-21 08:00:00+00:00,75.777,75.8,75.235,75.338,3286,98,0
2025-02-21 12:00:00+00:00,75.334,75.785,74.572,74.631,5568,98,0
2025-02-21 16:00:00+00:00,74.621,74.759,73.915,73.951,3616,97,0
2025-02-21 20:00:00+00:00,73.951,73.968,73.805,73.835,824,94,0
2025-02-24 00:00:00+00:00,73.816,74.161,73.757,73.928,1938,97,0
2025-02-24 04:00:00+00:00,73.925,74.036,73.754,73.87,1984,97,0
2025-02-24 08:00:00+00:00,73.873,74.315,73.683,74.127,3448,99,0
2025-02-24 12:00:00+00:00,74.121,74.417,73.844,74.097,4948,99,0
2025-02-24 16:00:00+00:00,74.107,74.43,74.035,74.258,3526,99,0
2025-02-24 20:00:00+00:00,74.255,74.408,74.163,74.395,940,94,0
2025-02-25 00:00:00+00:00,74.402,74.704,74.348,74.609,1605,95,0
2025-02-25 04:00:00+00:00,74.614,74.706,74.289,74.295,1849,93,0
2025-02-25 08:00:00+00:00,74.299,74.544,73.978,73.98,2637,95,0
2025-02-25 12:00:00+00:00,73.985,74.044,72.4,72.4,5168,97,0
2025-02-25 16:00:00+00:00,72.394,72.59,72.171,72.519,4414,98,0
2025-02-25 20:00:00+00:00,72.52,72.682,72.336,72.517,1095,91,0
2025-02-26 00:00:00+00:00,72.57,72.718,72.486,72.56,1508,93,0
2025-02-26 04:00:00+00:00,72.559,72.737,72.519,72.689,1906,93,0
2025-02-26 08:00:00+00:00,72.696,72.742,72.3,72.343,4432,91,0
2025-02-26 12:00:00+00:00,72.327,72.568,71.937,72.092,6287,91,0
2025-02-26 16:00:00+00:00,72.098,72.533,71.866,72.196,6117,89,0
2025-02-26 20:00:00+00:00,72.2,72.274,72.093,72.205,980,91,0
2025-02-27 00:00:00+00:00,72.194,72.289,72.147,72.2,1254,89,0
2025-02-27 04:00:00+00:00,72.2,72.316,72.005,72.274,1297,85,0
2025-02-27 08:00:00+00:00,72.268,72.8,72.191,72.661,3476,93,0
2025-02-27 12:00:00+00:00,72.657,73.36,72.598,73.258,6158,93,0
2025-02-27 16:00:00+00:00,73.264,73.611,73.048,73.439,5325,90,0
2025-02-27 20:00:00+00:00,73.435,73.435,73.192,73.209,1020,89,0
2025-02-28 00:00:00+00:00,73.138,73.234,73.058,73.094,1982,94,0
2025-02-28 04:00:00+00:00,73.098,73.146,72.784,72.879,2505,91,0
2025-02-28 08:00:00+00:00,72.873,72.929,72.468,72.637,4312,90,0
2025-02-28 12:00:00+00:00,72.634,72.862,72.216,72.831,6003,91,0
2025-02-28 16:00:00+00:00,72.832,73.137,72.492,72.71,6108,90,0
2025-02-28 20:00:00+00:00,72.71,73.027,72.701,72.922,1113,92,0
2025-03-03 00:00:00+00:00,73.368,73.516,72.959,73.093,1910,91,0
2025-03-03 04:00:00+00:00,73.093,73.097,72.698,72.743,2437,87,0
2025-03-03 08:00:00+00:00,72.737,72.905,72.206,72.863,4515,94,0
2025-03-03 12:00:00+00:00,72.858,73.234,72.225,72.537,6643,94,0
2025-03-03 16:00:00+00:00,72.52,72.747,71.044,71.279,7921,91,0
2025-03-03 20:00:00+00:00,71.277,71.385,71.064,71.314,1888,86,0
2025-03-04 00:00:00+00:00,71.104,71.147,70.901,71.012,2326,83,0
2025-03-04 04:00:00+00:00,71.013,71.052,70.701,70.726,3089,89,0
2025-03-04 08:00:00+00:00,70.729,70.789,70.292,70.353,5824,89,0
2025-03-04 12:00:00+00:00,70.351,70.624,69.61,70.09,7666,88,0
2025-03-04 16:00:00+00:00,70.092,71.043,69.912,70.992,6926,89,0
2025-03-04 20:00:00+00:00,70.993,71.131,70.62,71.01,1916,90,0
2025-03-05 00:00:00+00:00,70.813,70.844,70.442,70.618,2763,79,0
2025-03-05 04:00:00+00:00,70.613,70.984,70.537,70.765,2792,73,0
2025-03-05 08:00:00+00:00,70.765,70.824,69.836,69.848,5783,90,0
2025-03-05 12:00:00+00:00,69.854,70.089,68.634,68.737,7878,88,0
2025-03-05 16:00:00+00:00,68.734,69.274,68.183,69.178,7636,86,0
2025-03-05 20:00:00+00:00,69.187,69.309,69.146,69.233,1205,88,0
2025-03-06 00:00:00+00:00,69.436,69.662,69.382,69.476,1900,86,0
2025-03-06 04:00:00+00:00,69.487,69.7,69.295,69.579,2754,78,0
2025-03-06 08:00:00+00:00,69.578,69.594,68.905,69.494,6040,64,0
2025-03-06 12:00:00+00:00,69.495,69.651,68.67,68.742,7759,88,0
2025-03-06 16:00:00+00:00,68.758,69.471,68.558,69.38,7689,89,0
2025-03-06 20:00:00+00:00,69.381,69.401,69.083,69.224,1687,86,0
2025-03-07 00:00:00+00:00,69.137,69.49,69.131,69.305,1935,87,0
2025-03-07 04:00:00+00:00,69.303,69.803,69.222,69.755,2645,83,0
2025-03-07 08:00:00+00:00,69.741,70.511,69.689,70.222,4867,88,0
2025-03-07 12:00:00+00:00,70.214,71.142,69.827,70.562,8112,89,0
2025-03-07 16:00:00+00:00,70.545,70.545,69.826,70.075,7545,89,0
2025-03-07 20:00:00+00:00,70.078,70.179,70.043,70.148,1215,88,0
2025-03-10 00:00:00+00:00,69.745,69.951,69.639,69.72,2836,91,0
2025-03-10 04:00:00+00:00,69.719,70.194,69.593,70.151,2747,91,0
2025-03-10 08:00:00+00:00,70.157,70.528,69.973,70.468,5511,89,0
2025-03-10 12:00:00+00:00,70.469,70.594,69.395,69.618,7661,89,0
2025-03-10 16:00:00+00:00,69.617,69.706,68.803,68.955,5796,85,0
2025-03-10 20:00:00+00:00,68.957,68.995,68.911,68.913,347,86,0
2025-03-11 00:00:00+00:00,68.682,69.092,68.362,68.971,3449,86,0
2025-03-11 04:00:00+00:00,68.97,69.32,68.887,69.303,2890,88,0
2025-03-11 08:00:00+00:00,69.301,69.889,69.159,69.868,4611,86,0
2025-03-11 12:00:00+00:00,69.863,70.11,69.499,69.755,7425,87,0
2025-03-11 16:00:00+00:00,69.754,69.851,69.072,69.479,6204,86,0
2025-03-11 20:00:00+00:00,69.478,69.676,69.478,69.57,448,88,0
2025-03-12 00:00:00+00:00,69.586,69.803,69.477,69.686,2398,87,0
2025-03-12 04:00:00+00:00,69.687,69.772,69.167,69.506,2602,85,0
2025-03-12 08:00:00+00:00,69.51,70.037,69.45,70.022,4535,87,0
2025-03-12 12:00:00+00:00,70.008,70.645,69.904,70.508,7155,87,0
2025-03-12 16:00:00+00:00,70.516,70.773,70.461,70.652,4789,86,0
2025-03-12 20:00:00+00:00,70.652,70.699,70.459,70.608,432,89,0
2025-03-13 00:00:00+00:00,70.547,70.757,70.458,70.63,2376,87,0
2025-03-13 04:00:00+00:00,70.632,70.79,70.396,70.704,2841,85,0
2025-03-13 08:00:00+00:00,70.715,70.913,70.126,70.271,4902,89,0
2025-03-13 12:00:00+00:00,70.266,70.384,69.442,69.841,7409,85,0
2025-03-13 16:00:00+00:00,69.857,70.084,69.372,69.497,5802,85,0
2025-03-13 20:00:00+00:00,69.501,69.699,69.498,69.683,493,88,0
2025-03-14 00:00:00+00:00,69.694,70.09,69.648,69.966,2610,86,0
2025-03-14 04:00:00+00:00,69.967,70.327,69.906,70.226,2570,84,0
2025-03-14 08:00:00+00:00,70.227,70.378,69.929,69.99,4189,89,0
2025-03-14 12:00:00+00:00,69.981,70.218,69.592,69.972,6511,87,0
2025-03-14 16:00:00+00:00,69.971,70.273,69.908,70.174,4056,84,0
2025-03-14 20:00:00+00:00,70.175,70.21,70.123,70.188,311,86,0
2025-03-17 00:00:00+00:00,70.844,71.38,70.536,70.626,3146,89,0
2025-03-17 04:00:00+00:00,70.627,70.815,70.571,70.734,2472,87,0
2025-03-17 08:00:00+00:00,70.738,71.179,70.564,71.087,4216,89,0
2025-03-17 12:00:00+00:00,71.091,71.108,70.319,70.684,6227,87,0
2025-03-17 16:00:00+00:00,70.68,70.928,70.495,70.637,4405,88,0
2025-03-17 20:00:00+00:00,70.642,70.701,70.624,70.63,311,88,0
2025-03-18 00:00:00+00:00,70.558,70.953,70.549,70.856,2320,87,0
2025-03-18 04:00:00+00:00,70.854,71.283,70.835,71.273,2012,86,0
2025-03-18 08:00:00+00:00,71.269,71.764,71.241,71.605,4031,92,0
2025-03-18 12:00:00+00:00,71.604,71.666,70.477,70.483,6046,90,0
2025-03-18 16:00:00+00:00,70.483,70.72,70.011,70.227,5497,88,0
2025-03-18 20:00:00+00:00,70.225,70.225,69.922,69.978,455,89,0
2025-03-19 00:00:00+00:00,70.018,70.137,69.869,70.006,2558,89,0
2025-03-19 04:00:00+00:00,70.008,70.02,69.654,69.885,2519,86,0
2025-03-19 08:00:00+00:00,69.886,70.191,69.562,70.174,4440,90,0
2025-03-19 12:00:00+00:00,70.174,70.746,70.013,70.475,5764,89,0
2025-03-19 16:00:00+00:00,70.471,70.827,70.209,70.496,4843,86,0
2025-03-19 20:00:00+00:00,70.498,70.521,70.44,70.486,343,88,0
2025-03-20 00:00:00+00:00,70.533,70.789,70.48,70.778,2212,84,0
2025-03-20 04:00:00+00:00,70.778,70.838,70.585,70.789,1825,85,0
2025-03-20 08:00:00+00:00,70.791,70.974,70.259,70.688,3756,91,0
2025-03-20 12:00:00+00:00,70.68,71.638,70.137,71.429,6067,88,0
2025-03-20 16:00:00+00:00,71.421,71.707,71.32,71.682,3591,91,0
2025-03-20 20:00:00+00:00,71.682,71.8,71.682,71.793,295,91,0
2025-03-21 00:00:00+00:00,71.871,71.977,71.682,71.808,2071,91,0
2025-03-21 04:00:00+00:00,71.808,71.823,71.544,71.605,2017,90,0
2025-03-21 08:00:00+00:00,71.606,71.783,71.081,71.085,3614,91,0
2025-03-21 12:00:00+00:00,71.083,71.627,71.034,71.282,5308,91,0
2025-03-21 16:00:00+00:00,71.279,71.722,71.249,71.583,3415,93,0
2025-03-21 20:00:00+00:00,71.582,71.684,71.582,71.68,260,91,0
2025-03-24 00:00:00+00:00,71.748,71.748,71.272,71.362,2113,89,0
2025-03-24 04:00:00+00:00,71.363,71.834,71.317,71.797,1939,89,0
2025-03-24 08:00:00+00:00,71.791,72.202,71.405,72.044,3101,96,0
2025-03-24 12:00:00+00:00,72.035,72.477,71.595,72.438,5124,94,0
2025-03-24 16:00:00+00:00,72.436,72.568,72.09,72.521,3408,89,0
2025-03-24 20:00:00+00:00,72.509,72.517,72.406,72.42,263,91,0
2025-03-25 00:00:00+00:00,72.362,72.451,72.284,72.367,1784,92,0
2025-03-25 04:00:00+00:00,72.366,72.636,72.118,72.633,1799,91,0
2025-03-25 08:00:00+00:00,72.633,72.859,72.459,72.842,2652,96,0
2025-03-25 12:00:00+00:00,72.856,72.887,72.258,72.306,4487,92,0
2025-03-25 16:00:00+00:00,72.315,72.532,71.869,72.496,3860,91,0
2025-03-25 20:00:00+00:00,72.499,72.581,72.43,72.484,312,92,0
2025-03-26 00:00:00+00:00,72.569,72.687,72.496,72.513,1609,92,0
2025-03-26 04:00:00+00:00,72.518,72.676,72.422,72.448,1757,91,0
2025-03-26 08:00:00+00:00,72.463,73.037,72.451,72.937,2737,98,0
2025-03-26 12:00:00+00:00,72.938,73.431,72.869,73.32,4089,96,0
2025-03-26 16:00:00+00:00,73.321,73.323,72.844,73.072,3171,93,0
2025-03-26 20:00:00+00:00,73.067,73.299,73.067,73.244,300,94,0
2025-03-27 00:00:00+00:00,73.114,73.158,73.006,73.072,1858,91,0
2025-03-27 04:00:00+00:00,73.076,73.11,72.728,72.757,2181,89,0
2025-03-27 08:00:00+00:00,72.758,72.988,72.561,72.868,3757,90,0
2025-03-27 12:00:00+00:00,72.869,73.204,72.46,72.902,6081,91,0
2025-03-27 16:00:00+00:00,72.902,73.29,72.854,73.137,3962,87,0
2025-03-27 20:00:00+00:00,73.139,73.273,73.139,73.273,239,90,0
2025-03-28 00:00:00+00:00,73.189,73.354,73.125,73.216,2097,92,0
2025-03-28 04:00:00+00:00,73.212,73.212,72.861,72.864,2369,90,0
2025-03-28 08:00:00+00:00,72.873,73.324,72.834,73.219,3606,91,0
2025-03-28 12:00:00+00:00,73.219,73.338,72.435,72.462,6487,88,0
2025-03-28 16:00:00+00:00,72.463,72.693,72.242,72.428,4748,86,0
2025-03-28 20:00:00+00:00,72.435,72.487,72.338,72.346,338,87,0
2025-03-31 00:00:00+00:00,72.649,72.649,72.118,72.312,3227,91,0
2025-03-31 04:00:00+00:00,72.309,73.108,72.294,73.104,3344,90,0
2025-03-31 08:00:00+00:00,73.102,73.382,72.664,72.853,4601,94,0
2025-03-31 12:00:00+00:00,72.852,74.51,72.65,74.504,6496,92,0
2025-03-31 16:00:00+00:00,74.504,74.869,74.468,74.521,4394,89,0
2025-03-31 20:00:00+00:00,74.522,74.579,74.419,74.486,349,99,0
2025-04-01 00:00:00+00:00,74.493,74.82,74.449,74.783,2544,91,0
2025-04-01 04:00:00+00:00,74.777,74.807,74.292,74.293,3007,92,0
2025-04-01 08:00:00+00:00,74.294,75.069,74.223,74.463,4896,92,0
2025-04-01 12:00:00+00:00,74.465,75.072,74.389,74.444,6783,92,0
2025-04-01 16:00:00+00:00,74.441,74.538,74.15,74.254,4563,88,0
2025-04-01 20:00:00+00:00,74.252,74.325,74.173,74.247,392,91,0
2025-04-02 00:00:00+00:00,74.205,74.381,74.123,74.285,2542,90,0
2025-04-02 04:00:00+00:00,74.284,74.307,73.742,73.827,2720,91,0
2025-04-02 08:00:00+00:00,73.827,74.263,73.737,73.845,4534,92,0
2025-04-02 12:00:00+00:00,73.841,74.449,73.621,74.387,7231,91,0
2025-04-02 16:00:00+00:00,74.389,74.893,74.362,74.813,4669,89,0
2025-04-02 20:00:00+00:00,74.798,75.184,73.598,73.731,1393,94,0
2025-04-03 00:00:00+00:00,72.192,73.096,72.192,73.034,3567,116,0
2025-04-03 04:00:00+00:00,73.03,73.043,72.003,72.446,3175,108,0
2025-04-03 08:00:00+00:00,72.447,72.574,70.246,70.559,5238,103,0
2025-04-03 12:00:00+00:00,70.541,70.572,69.235,69.707,8900,94,0
2025-04-03 16:00:00+00:00,69.71,70.117,69.521,69.695,5309,93,0
2025-04-03 20:00:00+00:00,69.699,69.712,69.477,69.547,410,97,0
2025-04-04 00:00:00+00:00,69.695,69.735,69.193,69.274,2295,102,0
2025-04-04 04:00:00+00:00,69.275,69.332,68.255,68.267,3509,95,0
2025-04-04 08:00:00+00:00,68.264,68.294,63.968,64.875,10340,95,0
2025-04-04 12:00:00+00:00,64.864,66.422,63.795,65.005,11425,91,0
2025-04-04 16:00:00+00:00,65.025,66.215,64.843,66.038,7745,88,0
2025-04-04 20:00:00+00:00,66.031,66.052,65.58,65.656,512,111,0
2025-04-07 00:00:00+00:00,62.904,63.98,62.773,63.59,6150,97,0
2025-04-07 04:00:00+00:00,63.596,64.243,62.298,62.878,7726,99,0
2025-04-07 08:00:00+00:00,62.869,64.129,62.535,63.692,9564,89,0
2025-04-07 12:00:00+00:00,63.703,67.084,63.332,64.144,14729,89,0
2025-04-07 16:00:00+00:00,64.124,64.914,63.884,64.161,10271,94,0
2025-04-07 20:00:00+00:00,64.167,64.376,64.121,64.121,859,102,0
2025-04-08 00:00:00+00:00,64.447,64.948,64.257,64.825,4723,97,0
2025-04-08 04:00:00+00:00,64.82,64.963,63.436,63.637,5376,88,0
2025-04-08 08:00:00+00:00,63.638,64.436,63.473,64.423,8062,90,0
2025-04-08 12:00:00+00:00,64.429,64.874,63.607,64.296,10854,84,0
2025-04-08 16:00:00+00:00,64.281,64.293,61.128,61.591,10589,86,0
2025-04-08 20:00:00+00:00,61.589,61.739,61.164,61.278,976,116,0
2025-04-09 00:00:00+00:00,61.008,61.101,59.959,60.2,5958,97,0
2025-04-09 04:00:00+00:00,60.203,61.23,59.95,60.921,7611,86,0
2025-04-09 08:00:00+00:00,60.936,61.101,58.169,58.4,11082,85,0
2025-04-09 12:00:00+00:00,58.406,60.822,58.395,60.165,12690,85,0
2025-04-09 16:00:00+00:00,60.172,65.669,59.438,65.225,12505,87,0
2025-04-09 20:00:00+00:00,65.226,65.601,65.083,65.309,1096,106,0
2025-04-10 00:00:00+00:00,65.439,65.477,64.159,64.303,4980,101,0
2025-04-10 04:00:00+00:00,64.305,64.906,63.326,63.457,5752,90,0
2025-04-10 08:00:00+00:00,63.461,63.779,62.884,63.376,8484,88,0
2025-04-10 12:00:00+00:00,63.36,63.584,61.708,62.575,11460,84,0
2025-04-10 16:00:00+00:00,62.56,63.432,61.954,63.304,10644,84,0
2025-04-10 20:00:00+00:00,63.305,63.33,62.894,63.096,786,93,0
2025-04-11 00:00:00+00:00,62.659,62.975,62.442,62.723,4889,93,0
2025-04-11 04:00:00+00:00,62.72,63.984,62.668,63.74,5433,92,0
2025-04-11 08:00:00+00:00,63.756,63.758,62.483,62.913,9123,89,0
2025-04-11 12:00:00+00:00,62.904,63.467,62.474,63.453,10756,82,0
2025-04-11 16:00:00+00:00,63.457,64.572,63.355,64.232,8010,81,0
2025-04-11 20:00:00+00:00,64.217,64.302,64.176,64.209,443,91,0
2025-04-14 00:00:00+00:00,64.302,64.432,63.923,64.047,3574,87,0
2025-04-14 04:00:00+00:00,64.051,64.629,64.006,64.412,3872,86,0
2025-04-14 08:00:00+00:00,64.413,65.359,64.197,65.055,4852,87,0
2025-04-14 12:00:00+00:00,65.064,65.192,63.911,63.987,7038,85,0
2025-04-14 16:00:00+00:00,63.988,64.578,63.611,64.497,6205,82,0
2025-04-14 20:00:00+00:00,64.509,64.565,64.479,64.489,392,85,0
2025-04-15 00:00:00+00:00,64.65,64.721,64.388,64.543,2421,84,0
2025-04-15 04:00:00+00:00,64.543,64.905,64.429,64.688,3180,82,0
2025-04-15 08:00:00+00:00,64.69,64.717,63.877,63.901,5153,86,0
2025-04-15 12:00:00+00:00,63.908,64.651,63.701,63.815,7541,84,0
2025-04-15 16:00:00+00:00,63.815,64.344,63.81,64.258,4261,82,0
2025-04-15 20:00:00+00:00,64.265,64.335,64.113,64.317,447,85,0
2025-04-16 00:00:00+00:00,64.156,64.271,63.816,63.832,2534,81,0
2025-04-16 04:00:00+00:00,63.837,64.023,63.187,63.66,4245,84,0
2025-04-16 08:00:00+00:00,63.661,64.898,63.582,64.644,6004,87,0
2025-04-16 12:00:00+00:00,64.645,65.386,64.531,65.161,7248,83,0
2025-04-16 16:00:00+00:00,65.161,65.589,64.898,65.385,6046,84,0
2025-04-16 20:00:00+00:00,65.383,65.397,65.244,65.279,527,89,0
2025-04-17 00:00:00+00:00,65.495,65.762,65.213,65.756,2750,86,0
2025-04-17 04:00:00+00:00,65.756,66.054,65.444,65.581,3509,85,0
2025-04-17 08:00:00+00:00,65.592,65.969,65.459,65.845,4347,90,0
2025-04-17 12:00:00+00:00,65.853,66.958,65.724,66.919,7246,86,0
2025-04-17 16:00:00+00:00,66.911,67.361,66.733,66.814,5822,86,0
2025-04-17 20:00:00+00:00,66.806,66.902,66.784,66.878,396,89,0
2025-04-21 00:00:00+00:00,66.33,66.541,65.844,66.148,2915,97,0
2025-04-21 04:00:00+00:00,66.144,66.309,65.922,66.016,2349,95,0
2025-04-21 08:00:00+00:00,66.017,66.161,65.237,65.662,3771,93,0
2025-04-21 12:00:00+00:00,65.661,65.743,64.877,65.055,6320,95,0
2025-04-21 16:00:00+00:00,65.061,65.868,65.008,65.856,4241,94,0
2025-04-21 20:00:00+00:00,65.849,65.849,65.675,65.732,300,96,0
2025-04-22 00:00:00+00:00,65.992,66.168,65.67,65.715,2522,97,0
2025-04-22 04:00:00+00:00,65.716,66.291,65.683,66.28,2800,92,0
2025-04-22 08:00:00+00:00,66.286,66.492,66.038,66.232,3763,97,0
2025-04-22 12:00:00+00:00,66.23,67.019,65.842,67.003,6393,86,0
2025-04-22 16:00:00+00:00,67.011,67.168,66.343,66.424,5523,86,0
2025-04-22 20:00:00+00:00,66.424,66.485,66.343,66.388,452,85,0
2025-04-23 00:00:00+00:00,66.983,67.207,66.731,67.022,2929,87,0
2025-04-23 04:00:00+00:00,67.02,67.657,66.986,67.436,3118,88,0
2025-04-23 08:00:00+00:00,67.447,67.687,66.494,66.502,4445,93,0
2025-04-23 12:00:00+00:00,66.494,66.692,64.421,64.804,10129,95,0
2025-04-23 16:00:00+00:00,64.809,65.507,64.647,65.217,5513,90,0
2025-04-23 20:00:00+00:00,65.215,65.325,65.183,65.239,418,99,0
2025-04-24 00:00:00+00:00,65.137,65.42,64.983,65.228,2136,96,0
2025-04-24 04:00:00+00:00,65.225,65.846,65.042,65.712,2604,93,0
2025-04-24 08:00:00+00:00,65.713,66.072,65.202,65.924,4425,96,0
2025-04-24 12:00:00+00:00,65.924,66.067,64.905,65.179,7690,91,0
2025-04-24 16:00:00+00:00,65.183,65.804,65.05,65.538,4478,89,0
2025-04-24 20:00:00+00:00,65.532,65.633,65.53,65.628,350,88,0
2025-04-25 00:00:00+00:00,65.76,66.036,65.599,65.955,2067,97,0
2025-04-25 04:00:00+00:00,65.955,66.135,65.537,65.65,3397,89,0
2025-04-25 08:00:00+00:00,65.636,65.765,64.611,64.79,5650,95,0
2025-04-25 12:00:00+00:00,64.789,65.688,64.632,65.68,6928,88,0
2025-04-25 16:00:00+00:00,65.683,66.023,65.451,65.876,4819,86,0
2025-04-25 20:00:00+00:00,65.864,66.036,65.794,65.794,370,94,0
2025-04-28 00:00:00+00:00,65.8,66.055,65.564,65.837,3118,90,0
2025-04-28 04:00:00+00:00,65.839,66.172,65.763,65.82,3098,88,0
2025-04-28 08:00:00+00:00,65.822,65.885,65.282,65.559,4261,86,0
2025-04-28 12:00:00+00:00,65.565,65.755,64.305,64.42,8025,83,0
2025-04-28 16:00:00+00:00,64.421,64.752,64.168,64.655,4741,81,0
2025-04-28 20:00:00+00:00,64.656,64.658,64.506,64.574,376,86,0
2025-04-29 00:00:00+00:00,64.559,64.724,64.237,64.329,3057,86,0
2025-04-29 04:00:00+00:00,64.33,64.34,63.735,63.815,3519,85,0
2025-04-29 08:00:00+00:00,63.815,64.251,63.425,63.672,5498,89,0
2025-04-29 12:00:00+00:00,63.671,63.831,63.114,63.308,7904,86,0
2025-04-29 16:00:00+00:00,63.311,63.436,63.023,63.069,5229,83,0
2025-04-29 20:00:00+00:00,63.069,63.085,62.931,62.947,441,84,0
2025-04-30 00:00:00+00:00,63.079,63.227,62.484,62.528,2984,85,0
2025-04-30 04:00:00+00:00,62.529,62.617,62.147,62.261,3750,86,0
2025-04-30 08:00:00+00:00,62.281,62.847,62.027,62.738,5054,86,0
2025-04-30 12:00:00+00:00,62.737,62.887,60.716,60.831,9152,86,0
2025-04-30 16:00:00+00:00,60.848,61.728,60.673,60.917,6620,83,0
2025-04-30 20:00:00+00:00,60.92,61.144,60.908,60.966,844,82,0
2025-05-01 00:00:00+00:00,61.142,61.201,60.801,60.84,2268,90,0
2025-05-01 04:00:00+00:00,60.846,61.063,60.278,60.329,3015,85,0
2025-05-01 08:00:00+00:00,60.323,60.512,59.217,59.887,5746,86,0
2025-05-01 12:00:00+00:00,59.894,61.672,59.742,60.871,9140,86,0
2025-05-01 16:00:00+00:00,60.868,62.22,60.502,61.802,7138,85,0
2025-05-01 20:00:00+00:00,61.788,61.852,61.716,61.738,554,87,0
2025-05-02 00:00:00+00:00,61.734,62.574,61.727,62.453,2794,87,0
2025-05-02 04:00:00+00:00,62.454,62.464,61.943,61.948,3208,86,0
2025-05-02 08:00:00+00:00,61.945,62.205,61.338,61.449,5243,87,0
2025-05-02 12:00:00+00:00,61.447,62.046,60.545,61.298,8806,87,0
2025-05-02 16:00:00+00:00,61.297,61.78,60.673,61.439,5632,84,0
2025-05-02 20:00:00+00:00,61.435,61.523,61.313,61.315,378,90,0
2025-05-05 00:00:00+00:00,58.836,59.305,58.825,58.988,2566,96,0
2025-05-05 04:00:00+00:00,58.988,60.03,58.877,59.811,3184,95,0
2025-05-05 08:00:00+00:00,59.813,60.626,59.742,60.301,4860,93,0
2025-05-05 12:00:00+00:00,60.295,60.514,59.447,59.829,7212,83,0
2025-05-05 16:00:00+00:00,59.822,60.265,59.822,60.0,4682,81,0
2025-05-05 20:00:00+00:00,60.0,60.218,59.973,60.218,415,83,0
2025-05-06 00:00:00+00:00,60.184,61.084,60.02,61.019,4454,84,0
2025-05-06 04:00:00+00:00,61.023,61.473,60.926,61.344,3481,82,0
2025-05-06 08:00:00+00:00,61.347,61.834,61.14,61.389,5663,81,0
2025-05-06 12:00:00+00:00,61.391,62.505,61.311,62.439,7066,82,0
2025-05-06 16:00:00+00:00,62.431,62.606,61.834,61.962,5188,81,0
2025-05-06 20:00:00+00:00,61.967,61.987,61.73,61.854,522,83,0
2025-05-07 00:00:00+00:00,62.345,62.529,62.224,62.39,3525,84,0
2025-05-07 04:00:00+00:00,62.389,62.94,62.375,62.811,3095,84,0
2025-05-07 08:00:00+00:00,62.816,62.984,62.076,62.479,4897,85,0
2025-05-07 12:00:00+00:00,62.481,62.5,61.167,61.279,7420,82,0
2025-05-07 16:00:00+00:00,61.281,61.375,60.692,60.935,5383,80,0
2025-05-07 20:00:00+00:00,60.936,60.948,60.57,60.757,439,85,0
2025-05-08 00:00:00+00:00,60.934,61.429,60.824,61.403,2812,80,0
2025-05-08 04:00:00+00:00,61.402,61.472,60.975,61.225,3778,80,0
2025-05-08 08:00:00+00:00,61.225,61.971,61.155,61.907,4642,81,0
2025-05-08 12:00:00+00:00,61.903,62.751,61.553,62.685,7539,81,0
2025-05-08 16:00:00+00:00,62.681,62.783,62.368,62.733,4207,81,0
2025-05-08 20:00:00+00:00,62.732,63.044,62.73,62.923,373,84,0
2025-05-09 00:00:00+00:00,62.698,62.932,62.617,62.816,2879,83,0
2025-05-09 04:00:00+00:00,62.816,63.402,62.79,63.307,3463,84,0
2025-05-09 08:00:00+00:00,63.308,63.981,63.268,63.845,4142,82,0
2025-05-09 12:00:00+00:00,63.855,63.897,62.936,63.358,6743,82,0
2025-05-09 16:00:00+00:00,63.362,63.74,63.2,63.585,3986,79,0
2025-05-09 20:00:00+00:00,63.574,63.722,63.562,63.695,274,85,0
2025-05-12 00:00:00+00:00,63.877,64.011,63.61,63.968,3154,83,0
2025-05-12 04:00:00+00:00,63.967,65.957,63.918,65.292,4809,78,0
2025-05-12 08:00:00+00:00,65.309,66.074,64.822,65.96,5407,85,0
2025-05-12 12:00:00+00:00,65.946,66.051,64.825,64.88,6787,85,0
2025-05-12 16:00:00+00:00,64.878,65.023,64.424,64.546,3776,84,0
2025-05-12 20:00:00+00:00,64.544,64.814,64.544,64.698,405,86,0
2025-05-13 00:00:00+00:00,64.527,64.652,64.357,64.469,2384,86,0
2025-05-13 04:00:00+00:00,64.467,64.822,64.424,64.656,3069,85,0
2025-05-13 08:00:00+00:00,64.664,65.387,64.47,65.357,4275,88,0
2025-05-13 12:00:00+00:00,65.344,66.253,65.17,66.253,6092,84,0
2025-05-13 16:00:00+00:00,66.248,66.489,66.2,66.215,3829,85,0
2025-05-13 20:00:00+00:00,66.21,66.317,66.071,66.149,478,86,0
2025-05-14 00:00:00+00:00,66.178,66.178,65.805,65.91,2463,85,0
2025-05-14 04:00:00+00:00,65.91,66.243,65.845,66.116,2907,84,0
2025-05-14 08:00:00+00:00,66.122,66.158,65.399,65.649,4179,83,0
2025-05-14 12:00:00+00:00,65.642,66.171,65.49,65.757,6184,85,0
2025-05-14 16:00:00+00:00,65.762,66.085,65.409,65.409,3837,83,0
2025-05-14 20:00:00+00:00,65.413,65.564,65.273,65.358,408,82,0
2025-05-15 00:00:00+00:00,64.876,64.957,64.034,64.365,3611,89,0
2025-05-15 04:00:00+00:00,64.37,64.4,63.401,63.883,4409,86,0
2025-05-15 08:00:00+00:00,63.883,64.033,63.157,63.815,5071,84,0
2025-05-15 12:00:00+00:00,63.817,64.523,63.645,64.172,7400,87,0
2025-05-15 16:00:00+00:00,64.172,64.375,64.072,64.342,3830,85,0
2025-05-15 20:00:00+00:00,64.343,64.343,64.19,64.193,244,89,0
2025-05-16 00:00:00+00:00,64.284,64.34,64.068,64.244,2519,85,0
2025-05-16 04:00:00+00:00,64.245,64.818,63.798,64.196,3519,87,0
2025-05-16 08:00:00+00:00,64.2,64.487,63.813,64.293,4382,90,0
2025-05-16 12:00:00+00:00,64.296,64.966,64.134,64.95,5605,86,0
2025-05-16 16:00:00+00:00,64.951,65.068,64.705,64.769,3615,83,0
2025-05-16 20:00:00+00:00,64.773,64.897,64.627,64.815,368,86,0
2025-05-19 00:00:00+00:00,64.874,64.959,64.597,64.626,2830,86,0
2025-05-19 04:00:00+00:00,64.635,64.711,64.312,64.581,3223,83,0
2025-05-19 08:00:00+00:00,64.581,64.694,63.962,64.346,4341,85,0
2025-05-19 12:00:00+00:00,64.35,65.292,64.33,65.28,6309,84,0
2025-05-19 16:00:00+00:00,65.283,65.435,64.408,64.936,5039,86,0
2025-05-19 20:00:00+00:00,64.943,64.968,64.897,64.924,263,88,0
2025-05-20 00:00:00+00:00,65.094,65.1,64.815,64.937,2699,86,0
2025-05-20 04:00:00+00:00,64.936,64.978,64.42,64.461,3056,82,0
2025-05-20 08:00:00+00:00,64.475,65.364,64.463,64.614,5020,89,0
2025-05-20 12:00:00+00:00,64.613,65.064,64.335,64.531,5839,85,0
2025-05-20 16:00:00+00:00,64.521,65.195,64.448,65.113,4173,81,0
2025-05-20 20:00:00+00:00,65.107,65.157,64.91,64.97,387,82,0
2025-05-21 00:00:00+00:00,65.694,65.988,65.498,65.748,3410,88,0
2025-05-21 04:00:00+00:00,65.752,66.007,65.397,65.663,3375,87,0
2025-05-21 08:00:00+00:00,65.666,65.894,65.253,65.368,4438,89,0
2025-05-21 12:00:00+00:00,65.375,65.75,64.486,64.61,6535,86,0
2025-05-21 16:00:00+00:00,64.599,64.913,64.156,64.164,5867,84,0
2025-05-21 20:00:00+00:00,64.174,64.262,64.01,64.095,383,83,0
2025-05-22 00:00:00+00:00,64.087,64.436,63.973,64.336,2826,85,0
2025-05-22 04:00:00+00:00,64.339,64.525,63.209,63.76,4254,85,0
2025-05-22 08:00:00+00:00,63.765,63.921,63.085,63.285,5282,88,0
2025-05-22 12:00:00+00:00,63.281,63.928,63.276,63.453,6907,85,0
2025-05-22 16:00:00+00:00,63.468,64.033,63.455,63.67,4046,84,0
2025-05-22 20:00:00+00:00,63.676,63.676,63.512,63.59,415,85,0
2025-05-23 00:00:00+00:00,63.574,63.711,63.416,63.528,2403,85,0
2025-05-23 04:00:00+00:00,63.527,63.692,63.33,63.506,3163,84,0
2025-05-23 08:00:00+00:00,63.503,64.094,62.97,63.173,5059,87,0
2025-05-23 12:00:00+00:00,63.179,64.447,62.802,64.245,7995,89,0
2025-05-23 16:00:00+00:00,64.261,64.44,63.946,64.304,4077,91,0
2025-05-23 20:00:00+00:00,64.291,64.409,64.235,64.373,375,117,0
2025-05-26 00:00:00+00:00,64.629,64.629,64.167,64.337,2529,96,0
2025-05-26 04:00:00+00:00,64.337,64.476,64.214,64.449,2342,94,0
2025-05-26 08:00:00+00:00,64.457,64.647,63.94,64.074,2575,90,0
2025-05-26 12:00:00+00:00,64.075,64.279,63.885,64.244,3205,92,0
2025-05-26 16:00:00+00:00,64.25,64.257,64.064,64.161,680,90,0
2025-05-27 00:00:00+00:00,63.94,64.297,63.81,63.922,2029,93,0
2025-05-27 04:00:00+00:00,63.919,64.29,63.678,63.844,2760,95,0
2025-05-27 08:00:00+00:00,63.861,64.43,63.759,63.781,3745,90,0
2025-05-27 12:00:00+00:00,63.78,64.108,62.923,63.072,6768,89,0
2025-05-27 16:00:00+00:00,63.072,63.626,63.072,63.626,3371,85,0
2025-05-27 20:00:00+00:00,63.631,63.81,63.545,63.608,414,90,0
2025-05-28 00:00:00+00:00,63.889,63.993,63.736,63.766,2096,85,0
2025-05-28 04:00:00+00:00,63.77,63.952,63.46,63.909,2638,86,0
2025-05-28 08:00:00+00:00,63.928,64.158,63.501,63.999,3807,87,0
2025-05-28 12:00:00+00:00,63.999,64.959,63.983,64.757,6092,84,0
2025-05-28 16:00:00+00:00,64.752,64.783,63.895,63.974,4489,85,0
2025-05-28 20:00:00+00:00,63.977,64.266,63.949,64.253,534,83,0
2025-05-29 00:00:00+00:00,64.611,65.041,64.572,64.97,3292,89,0
2025-05-29 04:00:00+00:00,64.971,65.378,64.905,65.317,2860,83,0
2025-05-29 08:00:00+00:00,65.321,65.341,64.23,64.357,4157,88,0
2025-05-29 12:00:00+00:00,64.357,64.422,63.021,63.378,7035,84,0
2025-05-29 16:00:00+00:00,63.378,63.528,63.137,63.239,4138,80,0
2025-05-29 20:00:00+00:00,63.239,63.362,63.077,63.162,353,82,0
2025-05-30 00:00:00+00:00,63.18,63.187,62.794,62.92,2778,84,0
2025-05-30 04:00:00+00:00,62.927,63.387,62.843,63.303,3033,84,0
2025-05-30 08:00:00+00:00,63.303,63.941,62.986,63.182,3850,83,0
2025-05-30 12:00:00+00:00,63.179,63.238,62.185,62.277,8509,85,0
2025-05-30 16:00:00+00:00,62.278,62.812,61.947,62.662,5928,85,0
2025-05-30 20:00:00+00:00,62.655,62.724,62.529,62.581,490,86,0
2025-06-02 00:00:00+00:00,63.789,64.281,63.651,64.038,2309,100,0
2025-06-02 04:00:00+00:00,64.04,64.232,63.886,64.058,3161,98,0
2025-06-02 08:00:00+00:00,64.047,65.01,64.047,64.921,4449,89,0
2025-06-02 12:00:00+00:00,64.935,65.488,64.314,64.709,7554,84,0
2025-06-02 16:00:00+00:00,64.705,65.001,64.179,64.936,4544,84,0
2025-06-02 20:00:00+00:00,64.93,65.075,64.93,64.949,449,89,0
2025-06-03 00:00:00+00:00,64.915,65.096,64.678,64.681,3391,83,0
2025-06-03 04:00:00+00:00,64.681,64.996,64.473,64.861,3023,82,0
2025-06-03 08:00:00+00:00,64.871,64.938,64.314,64.895,4325,84,0
2025-06-03 12:00:00+00:00,64.904,65.666,64.745,65.538,6511,83,0
2025-06-03 16:00:00+00:00,65.524,65.734,65.263,65.368,3885,82,0
2025-06-03 20:00:00+00:00,65.367,65.458,65.349,65.401,366,80,0
2025-06-04 00:00:00+00:00,65.264,65.371,65.144,65.179,2221,81,0
2025-06-04 04:00:00+00:00,65.178,65.425,65.079,65.393,2588,81,0
2025-06-04 08:00:00+00:00,65.393,65.707,65.086,65.436,3761,84,0
2025-06-04 12:00:00+00:00,65.433,65.693,64.048,64.451,8293,86,0
2025-06-04 16:00:00+00:00,64.445,64.834,64.337,64.678,4397,81,0
2025-06-04 20:00:00+00:00,64.67,64.67,64.563,64.645,339,81,0
2025-06-05 00:00:00+00:00,64.533,64.668,64.372,64.463,1617,83,0
2025-06-05 04:00:00+00:00,64.461,64.987,64.385,64.859,2021,84,0
2025-06-05 08:00:00+00:00,64.859,65.033,64.643,64.871,3371,88,0
2025-06-05 12:00:00+00:00,64.868,65.584,64.849,65.243,6121,86,0
2025-06-05 16:00:00+00:00,65.249,65.26,64.961,65.065,3736,79,0
2025-06-05 20:00:00+00:00,65.063,65.11,64.964,64.99,319,80,0
2025-06-06 00:00:00+00:00,64.962,65.029,64.839,64.922,2005,82,0
2025-06-06 04:00:00+00:00,64.92,65.027,64.564,64.702,2684,82,0
2025-06-06 08:00:00+00:00,64.717,65.187,64.669,65.019,3809,81,0
2025-06-06 12:00:00+00:00,65.015,66.237,64.935,66.213,6653,83,0
2025-06-06 16:00:00+00:00,66.214,66.333,65.958,66.164,3573,80,0
2025-06-06 20:00:00+00:00,66.165,66.318,66.161,66.299,300,79,0
2025-06-09 00:00:00+00:00,66.118,66.139,66.007,66.08,2299,86,0
2025-06-09 04:00:00+00:00,66.081,66.113,65.729,65.97,2482,85,0
2025-06-09 08:00:00+00:00,65.977,66.562,65.874,66.5,3558,85,0
2025-06-09 12:00:00+00:00,66.494,66.686,65.956,66.532,5352,86,0
2025-06-09 16:00:00+00:00,66.533,66.746,66.238,66.646,3635,81,0
2025-06-09 20:00:00+00:00,66.647,66.831,66.529,66.573,361,85,0
2025-06-10 00:00:00+00:00,66.627,66.965,66.627,66.782,2372,83,0
2025-06-10 04:00:00+00:00,66.78,66.868,66.535,66.636,3346,84,0
2025-06-10 08:00:00+00:00,66.638,67.051,66.583,67.044,4195,83,0
2025-06-10 12:00:00+00:00,67.052,67.535,66.771,67.141,5767,81,0
2025-06-10 16:00:00+00:00,67.141,67.264,66.085,66.339,4698,83,0
2025-06-10 20:00:00+00:00,66.336,66.36,66.14,66.172,416,85,0
2025-06-11 00:00:00+00:00,66.139,66.359,66.044,66.343,2611,85,0
2025-06-11 04:00:00+00:00,66.343,66.629,66.251,66.566,2844,83,0
2025-06-11 08:00:00+00:00,66.56,67.413,66.075,67.401,5483,86,0
2025-06-11 12:00:00+00:00,67.399,67.984,67.153,67.962,7304,84,0
2025-06-11 16:00:00+00:00,67.954,69.458,67.797,68.978,5992,83,0
2025-06-11 20:00:00+00:00,68.982,69.295,68.956,69.283,550,117,0
2025-06-12 00:00:00+00:00,69.591,69.652,68.674,68.908,3972,103,0
2025-06-12 04:00:00+00:00,68.912,68.971,68.333,68.435,3169,97,0
2025-06-12 08:00:00+00:00,68.44,68.672,67.874,67.978,5565,87,0
2025-06-12 12:00:00+00:00,67.976,69.236,67.922,69.182,7538,89,0
2025-06-12 16:00:00+00:00,69.186,69.232,68.64,69.025,5112,89,0
2025-06-12 20:00:00+00:00,69.018,69.632,68.987,69.465,566,98,0
2025-06-13 00:00:00+00:00,72.049,76.226,70.591,74.221,9636,133,0
2025-06-13 04:00:00+00:00,74.221,75.028,71.446,72.36,7626,108,0
2025-06-13 08:00:00+00:00,72.366,74.613,72.366,73.344,9337,96,0
2025-06-13 12:00:00+00:00,73.347,73.979,72.046,72.491,9852,102,0
2025-06-13 16:00:00+00:00,72.49,74.238,72.106,73.383,8538,103,0
2025-06-13 20:00:00+00:00,73.385,73.958,73.376,73.651,1082,117,0
2025-06-16 00:00:00+00:00,74.429,74.429,73.192,73.805,4928,116,0
2025-06-16 04:00:00+00:00,73.804,74.02,72.873,72.989,4595,113,0
2025-06-16 08:00:00+00:00,72.992,73.154,72.314,72.341,6073,106,0
2025-06-16 12:00:00+00:00,72.34,72.772,69.847,71.67,10712,99,0
2025-06-16 16:00:00+00:00,71.664,72.443,71.378,72.019,6922,94,0
2025-06-16 20:00:00+00:00,72.02,72.165,71.878,72.111,733,102,0
2025-06-17 00:00:00+00:00,73.384,73.635,72.127,72.539,6466,114,0
2025-06-17 04:00:00+00:00,72.537,73.492,71.747,73.129,5072,112,0
2025-06-17 08:00:00+00:00,73.127,73.913,72.698,73.774,6342,102,0
2025-06-17 12:00:00+00:00,73.776,74.57,73.049,74.035,9469,97,0
2025-06-17 16:00:00+00:00,74.042,75.685,73.836,75.251,7973,96,0
2025-06-17 20:00:00+00:00,75.26,75.612,75.107,75.519,1191,106,0
2025-06-18 00:00:00+00:00,75.333,75.574,74.966,75.411,3960,107,0
2025-06-18 04:00:00+00:00,75.42,75.492,74.503,74.779,5173,113,0
2025-06-18 08:00:00+00:00,74.785,75.525,74.101,75.292,7139,101,0
2025-06-18 12:00:00+00:00,75.292,76.079,73.295,74.35,10249,99,0
2025-06-18 16:00:00+00:00,74.359,75.821,73.942,75.134,7963,98,0
2025-06-18 20:00:00+00:00,75.125,75.417,74.848,75.036,899,114,0
2025-06-19 00:00:00+00:00,74.995,75.395,74.391,75.167,3355,113,0
2025-06-19 04:00:00+00:00,75.164,76.254,75.061,75.707,4450,112,0
2025-06-19 08:00:00+00:00,75.709,76.328,75.272,76.297,6442,101,0
2025-06-19 12:00:00+00:00,76.298,77.463,76.002,76.889,8469,99,0
2025-06-19 16:00:00+00:00,76.885,77.406,76.665,77.0,2424,104,0
2025-06-20 00:00:00+00:00,75.818,76.061,75.331,75.53,4111,106,0
2025-06-20 04:00:00+00:00,75.527,75.935,74.884,75.642,4765,103,0
2025-06-20 08:00:00+00:00,75.647,75.991,74.187,74.944,6741,104,0
2025-06-20 12:00:00+00:00,74.951,75.555,74.631,75.452,8750,101,0
2025-06-20 16:00:00+00:00,75.449,75.942,74.987,75.818,6270,100,0
2025-06-20 20:00:00+00:00,75.815,75.942,75.703,75.747,622,102,0
2025-06-23 00:00:00+00:00,77.636,77.738,76.603,76.951,4887,120,0
2025-06-23 04:00:00+00:00,76.941,77.031,75.667,75.926,4928,118,0
2025-06-23 08:00:00+00:00,75.914,76.671,75.017,76.137,6802,107,0
2025-06-23 12:00:00+00:00,76.142,76.215,74.566,75.667,9463,106,0
2025-06-23 16:00:00+00:00,75.668,76.191,69.971,69.971,10856,108,0
2025-06-23 20:00:00+00:00,69.968,70.004,68.73,69.408,1562,125,0
2025-06-24 00:00:00+00:00,68.145,69.349,67.622,69.038,6383,118,0
2025-06-24 04:00:00+00:00,69.034,69.108,66.721,68.353,6576,125,0
2025-06-24 08:00:00+00:00,68.331,68.839,67.759,67.946,7876,103,0
2025-06-24 12:00:00+00:00,67.947,68.27,66.367,66.408,9581,103,0
2025-06-24 16:00:00+00:00,66.413,66.899,65.929,66.713,5520,92,0
2025-06-24 20:00:00+00:00,66.716,66.999,66.651,66.672,615,107,0
2025-06-25 00:00:00+00:00,66.808,67.091,66.768,66.921,2411,105,0
2025-06-25 04:00:00+00:00,66.922,67.365,66.801,67.2,2967,103,0
2025-06-25 08:00:00+00:00,67.205,67.218,66.192,66.418,4589,105,0
2025-06-25 12:00:00+00:00,66.435,67.142,66.158,67.039,7570,93,0
2025-06-25 16:00:00+00:00,67.038,67.425,66.328,66.625,5097,93,0
2025-06-25 20:00:00+00:00,66.62,66.623,66.36,66.365,298,90,0
2025-06-26 00:00:00+00:00,66.364,66.824,66.363,66.645,2282,90,0
2025-06-26 04:00:00+00:00,66.638,66.974,66.395,66.538,2796,91,0
2025-06-26 08:00:00+00:00,66.544,66.825,66.139,66.775,4837,94,0
2025-06-26 12:00:00+00:00,66.773,67.669,66.39,67.189,7152,93,0
2025-06-26 16:00:00+00:00,67.187,67.43,66.373,66.778,5096,92,0
2025-06-26 20:00:00+00:00,66.783,66.875,66.413,66.598,435,100,0
2025-06-27 00:00:00+00:00,66.684,67.042,66.653,66.855,1934,93,0
2025-06-27 04:00:00+00:00,66.857,67.15,66.853,66.915,2798,92,0
2025-06-27 08:00:00+00:00,66.926,67.173,66.571,66.959,4243,91,0
2025-06-27 12:00:00+00:00,66.965,67.153,65.997,66.394,6488,91,0
2025-06-27 16:00:00+00:00,66.395,66.807,66.226,66.319,4752,91,0
2025-06-27 20:00:00+00:00,66.331,66.403,66.254,66.282,402,91,0
2025-06-30 00:00:00+00:00,65.974,66.517,65.759,66.409,2499,94,0
2025-06-30 04:00:00+00:00,66.411,66.699,66.274,66.427,2713,91,0
2025-06-30 08:00:00+00:00,66.443,67.019,66.356,66.596,4507,93,0
2025-06-30 12:00:00+00:00,66.592,66.734,66.103,66.304,6249,90,0
2025-06-30 16:00:00+00:00,66.303,66.648,66.258,66.485,3943,88,0
2025-06-30 20:00:00+00:00,66.483,66.572,66.344,66.401,342,89,0
2025-07-01 00:00:00+00:00,66.346,66.413,66.141,66.212,1711,91,0
2025-07-01 04:00:00+00:00,66.212,66.721,66.176,66.569,2802,88,0
2025-07-01 08:00:00+00:00,66.57,67.266,66.331,67.035,4347,89,0
2025-07-01 12:00:00+00:00,67.039,67.191,66.462,67.021,6374,89,0
2025-07-01 16:00:00+00:00,67.017,67.177,66.822,67.163,3889,88,0
2025-07-01 20:00:00+00:00,67.161,67.223,67.008,67.05,403,87,0
2025-07-02 00:00:00+00:00,66.969,67.021,66.821,66.903,1665,88,0
2025-07-02 04:00:00+00:00,66.899,67.23,66.698,67.185,2526,86,0
2025-07-02 08:00:00+00:00,67.177,67.837,66.877,67.72,4170,88,0
2025-07-02 12:00:00+00:00,67.72,68.104,66.887,67.937,6341,89,0
2025-07-02 16:00:00+00:00,67.937,68.898,67.75,68.605,4871,91,0
2025-07-02 20:00:00+00:00,68.607,68.788,68.582,68.787,438,90,0
2025-07-03 00:00:00+00:00,68.499,68.521,68.061,68.26,2025,88,0
2025-07-03 04:00:00+00:00,68.259,68.37,67.991,68.157,2774,89,0
2025-07-03 08:00:00+00:00,68.16,68.752,67.987,68.668,4349,92,0
2025-07-03 12:00:00+00:00,68.665,68.748,67.977,68.372,6674,90,0
2025-07-03 16:00:00+00:00,68.37,68.632,68.185,68.586,3499,87,0
2025-07-03 20:00:00+00:00,68.587,68.596,68.517,68.517,216,88,0
2025-07-04 00:00:00+00:00,68.377,68.475,68.027,68.14,1317,97,0
2025-07-04 04:00:00+00:00,68.14,68.387,67.986,68.306,2046,91,0
2025-07-04 08:00:00+00:00,68.315,68.318,67.406,67.907,4073,88,0
2025-07-04 12:00:00+00:00,67.905,68.089,67.635,67.844,4424,87,0
2025-07-04 16:00:00+00:00,67.849,67.925,67.741,67.871,580,89,0
2025-07-07 00:00:00+00:00,67.079,67.459,66.914,67.361,2525,88,0
2025-07-07 04:00:00+00:00,67.362,67.885,67.342,67.849,2878,87,0
2025-07-07 08:00:00+00:00,67.865,68.365,67.475,68.231,4898,90,0
2025-07-07 12:00:00+00:00,68.232,68.934,68.129,68.768,6270,89,0
2025-07-07 16:00:00+00:00,68.77,69.472,68.417,69.164,5270,90,0
2025-07-07 20:00:00+00:00,69.161,69.267,69.129,69.135,375,89,0
2025-07-08 00:00:00+00:00,68.918,68.918,68.571,68.802,2133,89,0
2025-07-08 04:00:00+00:00,68.805,69.095,68.674,68.761,2960,89,0
2025-07-08 08:00:00+00:00,68.764,69.156,68.632,69.077,4298,86,0
2025-07-08 12:00:00+00:00,69.077,69.763,68.852,69.712,5814,88,0
2025-07-08 16:00:00+00:00,69.713,70.153,69.596,69.621,4154,86,0
2025-07-08 20:00:00+00:00,69.619,69.691,69.455,69.463,441,95,0
2025-07-09 00:00:00+00:00,69.332,69.543,69.292,69.532,2074,90,0
2025-07-09 04:00:00+00:00,69.531,69.932,69.364,69.905,2558,87,0
2025-07-09 08:00:00+00:00,69.901,70.129,69.634,69.746,4291,89,0
2025-07-09 12:00:00+00:00,69.745,69.881,69.061,69.854,6547,87,0
2025-07-09 16:00:00+00:00,69.865,70.01,69.486,69.541,3513,85,0
2025-07-09 20:00:00+00:00,69.541,69.588,69.516,69.565,273,86,0
2025-07-10 00:00:00+00:00,69.285,69.589,69.268,69.556,1675,92,0
2025-07-10 04:00:00+00:00,69.551,69.795,69.464,69.53,2760,89,0
2025-07-10 08:00:00+00:00,69.544,69.806,68.78,68.923,4972,89,0
2025-07-10 12:00:00+00:00,68.922,69.225,68.01,68.087,7140,89,0
2025-07-10 16:00:00+00:00,68.088,68.415,67.986,68.325,4074,85,0
2025-07-10 20:00:00+00:00,68.325,68.329,68.108,68.186,372,86,0
2025-07-11 00:00:00+00:00,68.232,68.482,67.995,68.242,2182,92,0
2025-07-11 04:00:00+00:00,68.245,68.542,68.053,68.201,2991,90,0
2025-07-11 08:00:00+00:00,68.211,68.865,67.947,68.834,4837,90,0
2025-07-11 12:00:00+00:00,68.818,69.827,68.603,69.801,6339,86,0
2025-07-11 16:00:00+00:00,69.799,69.945,69.527,69.918,3997,85,0
2025-07-11 20:00:00+00:00,69.92,70.016,69.824,69.948,463,89,0
2025-07-14 00:00:00+00:00,69.728,69.843,69.638,69.785,2183,87,0
2025-07-14 04:00:00+00:00,69.786,70.502,69.636,70.357,2950,85,0
2025-07-14 08:00:00+00:00,70.356,70.739,70.025,70.621,4185,91,0
2025-07-14 12:00:00+00:00,70.62,70.742,68.656,68.802,7029,90,0
2025-07-14 16:00:00+00:00,68.802,68.981,68.502,68.567,4059,89,0
2025-07-14 20:00:00+00:00,68.576,68.623,68.332,68.377,385,89,0
2025-07-15 00:00:00+00:00,68.311,68.477,68.202,68.256,2221,86,0
2025-07-15 04:00:00+00:00,68.254,68.487,68.005,68.11,3030,86,0
2025-07-15 08:00:00+00:00,68.116,68.715,68.046,68.616,4416,89,0
2025-07-15 12:00:00+00:00,68.62,68.778,68.12,68.261,7135,88,0
2025-07-15 16:00:00+00:00,68.263,68.365,68.012,68.21,4009,85,0
2025-07-15 20:00:00+00:00,68.203,68.392,68.162,68.233,364,86,0
2025-07-16 00:00:00+00:00,68.274,68.427,68.172,68.199,1670,89,0
2025-07-16 04:00:00+00:00,68.2,68.406,68.005,68.005,2419,88,0
2025-07-16 08:00:00+00:00,68.011,68.012,67.402,67.402,3833,87,0
2025-07-16 12:00:00+00:00,67.396,67.752,67.144,67.497,7057,87,0
2025-07-16 16:00:00+00:00,67.483,68.163,67.409,68.059,4908,86,0
2025-07-16 20:00:00+00:00,68.061,68.077,67.838,67.951,334,86,0
2025-07-17 00:00:00+00:00,68.07,68.231,67.98,68.123,1868,91,0
2025-07-17 04:00:00+00:00,68.12,68.12,67.643,67.691,2524,88,0
2025-07-17 08:00:00+00:00,67.687,68.088,67.579,67.985,4393,88,0
2025-07-17 12:00:00+00:00,67.985,68.411,67.704,68.33,6553,88,0
2025-07-17 16:00:00+00:00,68.333,68.892,68.3,68.842,4027,83,0
2025-07-17 20:00:00+00:00,68.839,68.866,68.703,68.798,280,83,0
2025-07-18 00:00:00+00:00,68.69,68.896,68.625,68.68,1969,90,0
2025-07-18 04:00:00+00:00,68.677,69.466,68.657,68.942,3849,91,0
2025-07-18 08:00:00+00:00,68.943,69.584,68.816,69.584,4803,89,0
2025-07-18 12:00:00+00:00,69.588,69.919,68.552,68.907,7407,90,0
2025-07-18 16:00:00+00:00,68.908,68.908,68.463,68.561,3827,86,0
2025-07-18 20:00:00+00:00,68.577,68.645,68.555,68.564,346,87,0
2025-07-21 00:00:00+00:00,68.614,68.767,68.526,68.667,2323,89,0
2025-07-21 04:00:00+00:00,68.668,68.898,68.392,68.456,2858,86,0
2025-07-21 08:00:00+00:00,68.476,68.678,68.093,68.461,4306,93,0
2025-07-21 12:00:00+00:00,68.457,68.552,67.835,68.04,6045,87,0
2025-07-21 16:00:00+00:00,68.038,68.539,68.038,68.3,3417,86,0
2025-07-21 20:00:00+00:00,68.302,68.351,68.281,68.306,235,85,0
2025-07-22 00:00:00+00:00,68.324,68.362,67.873,67.931,2255,88,0
2025-07-22 04:00:00+00:00,67.931,68.255,67.76,67.773,3058,85,0
2025-07-22 08:00:00+00:00,67.774,68.057,67.606,67.835,4691,92,0
2025-07-22 12:00:00+00:00,67.835,68.289,67.496,67.599,6757,89,0
2025-07-22 16:00:00+00:00,67.599,68.143,67.458,68.036,3922,88,0
2025-07-22 20:00:00+00:00,68.037,68.153,67.992,68.016,479,89,0
2025-07-23 00:00:00+00:00,68.078,68.287,67.915,68.017,2843,91,0
2025-07-23 04:00:00+00:00,68.017,68.166,67.739,67.784,2939,89,0
2025-07-23 08:00:00+00:00,67.799,67.892,67.345,67.436,4292,88,0
2025-07-23 12:00:00+00:00,67.43,67.838,67.377,67.713,6195,87,0
2025-07-23 16:00:00+00:00,67.713,68.092,67.641,68.043,3830,88,0
2025-07-23 20:00:00+00:00,68.047,68.078,67.977,68.017,326,87,0
2025-07-24 00:00:00+00:00,68.004,68.131,67.927,68.097,2073,93,0
2025-07-24 04:00:00+00:00,68.11,68.719,67.949,68.237,3255,91,0
2025-07-24 08:00:00+00:00,68.247,68.771,68.106,68.247,4192,91,0
2025-07-24 12:00:00+00:00,68.244,68.749,68.087,68.664,6221,92,0
2025-07-24 16:00:00+00:00,68.658,68.684,67.732,68.53,4391,90,0
2025-07-24 20:00:00+00:00,68.534,68.538,68.312,68.484,409,91,0
2025-07-25 00:00:00+00:00,68.483,68.782,68.38,68.458,2278,94,0
2025-07-25 04:00:00+00:00,68.458,68.958,68.455,68.639,2701,93,0
2025-07-25 08:00:00+00:00,68.645,68.825,68.406,68.604,3705,94,0
2025-07-25 12:00:00+00:00,68.601,68.822,67.705,67.747,5610,93,0
2025-07-25 16:00:00+00:00,67.75,67.959,67.511,67.524,3153,93,0
2025-07-25 20:00:00+00:00,67.526,67.561,67.492,67.53,264,88,0
2025-07-28 00:00:00+00:00,67.743,67.985,67.739,67.816,1778,96,0
2025-07-28 04:00:00+00:00,67.814,68.217,67.743,67.815,2250,95,0
2025-07-28 08:00:00+00:00,67.816,68.634,67.769,68.628,3083,97,0
2025-07-28 12:00:00+00:00,68.627,69.476,68.627,68.977,5848,97,0
2025-07-28 16:00:00+00:00,68.983,69.648,68.932,69.63,2654,91,0
2025-07-28 20:00:00+00:00,69.619,69.619,69.478,69.522,358,95,0
2025-07-29 00:00:00+00:00,69.367,69.43,69.155,69.158,1759,94,0
2025-07-29 04:00:00+00:00,69.16,69.408,69.109,69.165,2255,93,0
2025-07-29 08:00:00+00:00,69.17,69.745,69.157,69.414,3605,93,0
2025-07-29 12:00:00+00:00,69.408,70.226,69.359,70.167,5523,92,0
2025-07-29 16:00:00+00:00,70.173,72.104,70.105,71.753,5209,91,0
2025-07-29 20:00:00+00:00,71.756,71.89,71.53,71.639,608,97,0
2025-07-30 00:00:00+00:00,71.605,71.684,71.418,71.65,2532,93,0
2025-07-30 04:00:00+00:00,71.652,72.101,71.411,72.058,2688,94,0
2025-07-30 08:00:00+00:00,72.059,72.08,70.804,71.258,4610,92,0
2025-07-30 12:00:00+00:00,71.266,72.426,71.266,72.369,6741,92,0
2025-07-30 16:00:00+00:00,72.36,72.694,72.198,72.625,4979,92,0
2025-07-30 20:00:00+00:00,72.621,72.656,72.408,72.517,530,94,0
2025-07-31 00:00:00+00:00,72.556,72.619,72.116,72.125,2104,95,0
2025-07-31 04:00:00+00:00,72.126,72.443,71.995,72.346,3017,96,0
2025-07-31 08:00:00+00:00,72.348,72.373,71.603,71.869,4431,94,0
2025-07-31 12:00:00+00:00,71.871,72.059,70.845,70.951,6077,96,0
2025-07-31 16:00:00+00:00,70.952,71.692,70.927,71.432,4689,91,0
2025-07-31 20:00:00+00:00,71.425,71.741,71.39,71.609,575,98,0
2025-08-01 00:00:00+00:00,71.554,71.635,71.354,71.631,2368,96,0
2025-08-01 04:00:00+00:00,71.628,71.757,71.227,71.461,3241,94,0
2025-08-01 08:00:00+00:00,71.463,71.719,70.703,70.91,5102,92,0
2025-08-01 12:00:00+00:00,70.907,71.594,69.378,69.482,8778,92,0
2025-08-01 16:00:00+00:00,69.491,69.792,69.195,69.306,5378,89,0
2025-08-01 20:00:00+00:00,69.317,69.418,69.194,69.213,377,89,0
2025-08-04 00:00:00+00:00,68.926,69.301,68.894,69.221,2646,92,0
2025-08-04 04:00:00+00:00,69.222,69.709,69.116,69.495,2736,93,0
2025-08-04 08:00:00+00:00,69.48,69.502,68.19,68.221,4838,92,0
2025-08-04 12:00:00+00:00,68.205,69.122,67.784,68.928,7045,90,0
2025-08-04 16:00:00+00:00,68.921,68.974,68.249,68.364,3811,89,0
2025-08-04 20:00:00+00:00,68.366,68.48,68.362,68.479,291,90,0
2025-08-05 00:00:00+00:00,68.525,68.605,68.258,68.397,2057,89,0
2025-08-05 04:00:00+00:00,68.401,68.586,68.054,68.258,2749,90,0
2025-08-05 08:00:00+00:00,68.259,68.564,67.712,67.975,4484,90,0
2025-08-05 12:00:00+00:00,67.979,68.039,67.457,67.67,6898,90,0
2025-08-05 16:00:00+00:00,67.667,67.977,67.295,67.408,4308,85,0
2025-08-05 20:00:00+00:00,67.407,67.492,67.325,67.408,312,87,0
2025-08-06 00:00:00+00:00,67.481,67.819,67.472,67.801,1492,87,0
2025-08-06 04:00:00+00:00,67.801,68.131,67.692,67.935,2281,86,0
2025-08-06 08:00:00+00:00,67.93,68.515,67.887,68.357,3962,86,0
2025-08-06 12:00:00+00:00,68.355,68.852,67.149,67.168,7371,89,0
2025-08-06 16:00:00+00:00,67.171,67.87,65.978,66.375,6564,91,0
2025-08-06 20:00:00+00:00,66.374,66.536,66.303,66.438,532,90,0
2025-08-07 00:00:00+00:00,66.661,67.286,66.612,67.25,2270,87,0
2025-08-07 04:00:00+00:00,67.247,67.247,66.92,66.977,2945,88,0
2025-08-07 08:00:00+00:00,66.968,67.376,66.441,66.902,5132,90,0
2025-08-07 12:00:00+00:00,66.905,67.105,66.205,66.344,6467,88,0
2025-08-07 16:00:00+00:00,66.338,66.727,66.031,66.052,3996,80,0
2025-08-07 20:00:00+00:00,66.05,66.157,66.046,66.12,333,80,0
2025-08-08 00:00:00+00:00,66.116,66.251,66.021,66.139,2030,86,0
2025-08-08 04:00:00+00:00,66.138,66.274,65.554,66.211,2941,86,0
2025-08-08 08:00:00+00:00,66.21,66.745,65.93,66.433,4602,87,0
2025-08-08 12:00:00+00:00,66.432,66.87,65.236,66.578,7406,86,0
2025-08-08 16:00:00+00:00,66.585,66.737,66.027,66.049,4711,85,0
2025-08-08 20:00:00+00:00,66.056,66.074,65.774,65.774,484,88,0
2025-08-11 00:00:00+00:00,65.859,65.977,65.472,65.927,2440,88,0
2025-08-11 04:00:00+00:00,65.928,66.09,65.533,65.558,3108,87,0
2025-08-11 08:00:00+00:00,65.576,66.647,65.576,66.626,4244,87,0
2025-08-11 12:00:00+00:00,66.624,66.731,66.009,66.132,6187,87,0
2025-08-11 16:00:00+00:00,66.13,66.504,66.104,66.411,3979,86,0
2025-08-11 20:00:00+00:00,66.41,66.439,66.356,66.357,274,83,0
2025-08-12 00:00:00+00:00,66.488,66.563,66.247,66.479,1934,89,0
2025-08-12 04:00:00+00:00,66.477,66.643,66.349,66.513,2782,88,0
2025-08-12 08:00:00+00:00,66.498,66.679,65.929,65.949,4231,88,0
2025-08-12 12:00:00+00:00,65.951,66.279,65.747,65.846,5947,85,0
2025-08-12 16:00:00+00:00,65.846,65.981,65.67,65.798,3725,82,0
2025-08-12 20:00:00+00:00,65.799,65.83,65.769,65.79,296,83,0
2025-08-13 00:00:00+00:00,65.808,65.852,65.627,65.839,1896,84,0
2025-08-13 04:00:00+00:00,65.84,65.951,65.52,65.623,2623,88,0
2025-08-13 08:00:00+00:00,65.623,65.671,65.231,65.545,3778,87,0
2025-08-13 12:00:00+00:00,65.535,65.942,64.714,64.737,6135,84,0
2025-08-13 16:00:00+00:00,64.739,65.488,64.701,65.406,4195,84,0
2025-08-13 20:00:00+00:00,65.416,65.471,65.246,65.367,289,85,0
2025-08-14 00:00:00+00:00,65.45,65.621,65.398,65.501,2229,83,0
2025-08-14 04:00:00+00:00,65.501,65.698,65.406,65.455,2988,86,0
2025-08-14 08:00:00+00:00,65.47,65.65,65.209,65.537,3924,86,0
2025-08-14 12:00:00+00:00,65.536,66.402,65.432,66.292,5958,84,0
2025-08-14 16:00:00+00:00,66.292,66.516,66.044,66.477,3837,83,0
2025-08-14 20:00:00+00:00,66.477,66.485,66.395,66.421,322,83,0
2025-08-15 00:00:00+00:00,66.476,66.553,66.221,66.259,1993,87,0
2025-08-15 04:00:00+00:00,66.259,66.324,65.9,65.944,2640,87,0
2025-08-15 08:00:00+00:00,65.948,66.145,65.688,66.123,3736,87,0
2025-08-15 12:00:00+00:00,66.124,66.144,65.449,65.763,5742,86,0
2025-08-15 16:00:00+00:00,65.772,65.877,65.332,65.709,3984,84,0
2025-08-15 20:00:00+00:00,65.703,65.745,65.672,65.722,387,88,0
2025-08-18 00:00:00+00:00,65.079,65.424,65.038,65.4,2741,87,0
2025-08-18 04:00:00+00:00,65.403,65.786,65.274,65.291,2994,86,0
2025-08-18 08:00:00+00:00,65.294,65.882,65.239,65.629,3899,88,0
2025-08-18 12:00:00+00:00,65.629,65.736,64.891,65.691,5726,86,0
2025-08-18 16:00:00+00:00,65.691,66.343,65.624,66.083,4260,86,0
2025-08-18 20:00:00+00:00,66.083,66.142,66.047,66.113,302,91,0
2025-08-19 00:00:00+00:00,66.041,66.047,65.748,65.773,1958,85,0
2025-08-19 04:00:00+00:00,65.771,65.897,65.497,65.589,2808,86,0
2025-08-19 08:00:00+00:00,65.605,65.711,65.283,65.61,4008,89,0
2025-08-19 12:00:00+00:00,65.611,65.764,65.238,65.349,5217,84,0
2025-08-19 16:00:00+00:00,65.348,65.574,65.218,65.483,3440,86,0
2025-08-19 20:00:00+00:00,65.49,65.604,65.46,65.553,321,90,0
2025-08-20 00:00:00+00:00,65.615,65.733,65.382,65.426,2166,85,0
2025-08-20 04:00:00+00:00,65.425,66.08,65.421,65.994,2562,85,0
2025-08-20 08:00:00+00:00,65.995,66.216,65.697,66.091,3440,89,0
2025-08-20 12:00:00+00:00,66.092,66.474,65.762,66.444,6029,87,0
2025-08-20 16:00:00+00:00,66.457,66.583,66.248,66.503,3795,87,0
2025-08-20 20:00:00+00:00,66.504,66.572,66.421,66.434,235,87,0
2025-08-21 00:00:00+00:00,66.507,66.76,66.369,66.584,2116,87,0
2025-08-21 04:00:00+00:00,66.583,66.94,66.54,66.758,2601,90,0
2025-08-21 08:00:00+00:00,66.761,67.057,66.632,66.701,3426,90,0
2025-08-21 12:00:00+00:00,66.703,67.031,66.278,66.93,5839,89,0
2025-08-21 16:00:00+00:00,66.925,67.28,66.823,67.047,3649,87,0
2025-08-21 20:00:00+00:00,67.05,67.107,67.018,67.08,250,88,0
2025-08-22 00:00:00+00:00,67.092,67.108,66.902,66.997,1909,89,0
2025-08-22 04:00:00+00:00,66.999,67.354,66.98,67.175,2341,88,0
2025-08-22 08:00:00+00:00,67.169,67.386,66.898,67.209,3089,94,0
2025-08-22 12:00:00+00:00,67.208,67.451,66.99,67.212,5259,90,0
2025-08-22 16:00:00+00:00,67.21,67.359,67.016,67.326,3402,87,0
2025-08-22 20:00:00+00:00,67.326,67.335,67.27,67.282,194,89,0
2025-08-25 00:00:00+00:00,67.245,67.35,67.023,67.266,1773,89,0
2025-08-25 04:00:00+00:00,67.266,67.402,67.137,67.274,1886,90,0
2025-08-25 08:00:00+00:00,67.29,67.667,67.268,67.591,2582,91,0
2025-08-25 12:00:00+00:00,67.589,68.367,67.465,68.334,3707,90,0
2025-08-25 16:00:00+00:00,68.334,68.46,68.059,68.188,2462,94,0
2025-08-25 20:00:00+00:00,68.187,68.2,68.123,68.162,238,91,0
2025-08-26 00:00:00+00:00,67.999,68.015,67.778,67.893,1868,93,0
2025-08-26 04:00:00+00:00,67.893,67.919,67.572,67.579,2150,91,0
2025-08-26 08:00:00+00:00,67.594,67.731,67.036,67.07,2969,95,0
2025-08-26 12:00:00+00:00,67.069,67.611,66.722,66.831,4520,94,0
2025-08-26 16:00:00+00:00,66.831,66.887,66.554,66.705,2853,87,0
2025-08-26 20:00:00+00:00,66.706,66.766,66.7,66.726,301,87,0
2025-08-27 00:00:00+00:00,66.752,66.776,66.524,66.633,1933,87,0
2025-08-27 04:00:00+00:00,66.631,66.682,66.361,66.555,2286,90,0
2025-08-27 08:00:00+00:00,66.536,66.826,66.313,66.779,3478,92,0
2025-08-27 12:00:00+00:00,66.783,67.282,66.667,67.066,5122,91,0
2025-08-27 16:00:00+00:00,67.063,67.426,66.982,67.126,3243,87,0
2025-08-27 20:00:00+00:00,67.127,67.133,67.058,67.115,284,84,0
2025-08-28 00:00:00+00:00,67.052,67.072,66.847,66.866,1464,92,0
2025-08-28 04:00:00+00:00,66.867,67.182,66.736,66.974,2308,90,0
2025-08-28 08:00:00+00:00,66.982,67.336,66.757,67.248,3396,91,0
2025-08-28 12:00:00+00:00,67.248,67.299,66.715,66.974,5042,90,0
2025-08-28 16:00:00+00:00,66.968,67.943,66.823,67.589,3841,89,0
2025-08-28 20:00:00+00:00,67.577,67.63,67.551,67.562,226,97,0
2025-08-29 00:00:00+00:00,67.465,67.507,67.32,67.482,1043,100,0
2025-08-29 04:00:00+00:00,67.472,67.647,67.309,67.495,1677,96,0
2025-08-29 08:00:00+00:00,67.499,67.67,67.242,67.657,3527,91,0
2025-08-29 12:00:00+00:00,67.652,67.795,67.207,67.458,4789,89,0
2025-08-29 16:00:00+00:00,67.459,67.471,67.177,67.256,2748,90,0
2025-08-29 20:00:00+00:00,67.27,67.33,67.257,67.31,88,123,0
2025-09-01 00:00:00+00:00,67.233,67.263,66.963,67.042,1262,96,0
2025-09-01 04:00:00+00:00,67.041,67.684,67.0,67.595,1673,92,0
2025-09-01 08:00:00+00:00,67.594,68.066,67.476,68.016,2614,89,0
2025-09-01 12:00:00+00:00,68.014,68.194,67.944,68.035,3152,90,0
2025-09-01 16:00:00+00:00,68.033,68.047,67.921,68.003,765,90,0
2025-09-02 00:00:00+00:00,68.052,68.386,68.052,68.265,1386,98,0
2025-09-02 04:00:00+00:00,68.263,68.567,68.177,68.481,1845,97,0
2025-09-02 08:00:00+00:00,68.499,69.312,68.483,69.038,3470,91,0
2025-09-02 12:00:00+00:00,69.046,69.11,67.89,68.795,6490,89,0
2025-09-02 16:00:00+00:00,68.788,69.103,68.765,68.964,3450,87,0
2025-09-02 20:00:00+00:00,68.962,69.004,68.849,68.928,317,89,0
2025-09-03 00:00:00+00:00,68.853,69.029,68.678,68.707,1666,90,0
2025-09-03 04:00:00+00:00,68.711,68.81,68.588,68.663,2122,90,0
2025-09-03 08:00:00+00:00,68.667,68.903,67.546,67.738,4983,88,0
2025-09-03 12:00:00+00:00,67.737,68.211,67.299,68.12,6467,88,0
2025-09-03 16:00:00+00:00,68.135,68.19,67.243,67.369,4112,84,0
2025-09-03 20:00:00+00:00,67.367,67.384,67.226,67.239,354,86,0
2025-09-04 00:00:00+00:00,67.143,67.21,66.93,67.006,1961,88,0
2025-09-04 04:00:00+00:00,67.01,67.021,66.5,66.595,2570,89,0
2025-09-04 08:00:00+00:00,66.593,67.163,66.357,66.789,4158,89,0
2025-09-04 12:00:00+00:00,66.783,66.984,66.171,66.802,5893,88,0
2025-09-04 16:00:00+00:00,66.805,66.982,66.575,66.646,3533,87,0
2025-09-04 20:00:00+00:00,66.651,66.673,66.584,66.612,295,87,0
2025-09-05 00:00:00+00:00,66.542,66.673,66.414,66.642,1561,86,0
2025-09-05 04:00:00+00:00,66.642,66.747,66.396,66.502,2342,86,0
2025-09-05 08:00:00+00:00,66.499,66.819,66.177,66.231,3807,87,0
2025-09-05 12:00:00+00:00,66.234,66.302,64.896,64.924,6851,87,0
2025-09-05 16:00:00+00:00,64.928,65.524,64.914,65.473,3787,83,0
2025-09-05 20:00:00+00:00,65.477,65.511,65.277,65.359,382,86,0
2025-09-08 00:00:00+00:00,65.661,66.114,65.569,66.088,2229,86,0
2025-09-08 04:00:00+00:00,66.087,66.545,66.032,66.233,2830,84,0
2025-09-08 08:00:00+00:00,66.247,66.804,66.18,66.698,3697,87,0
2025-09-08 12:00:00+00:00,66.696,66.726,65.53,65.965,6025,85,0
2025-09-08 16:00:00+00:00,65.963,66.039,65.711,65.937,3192,83,0
2025-09-08 20:00:00+00:00,65.944,66.041,65.939,66.008,193,82,0
2025-09-09 00:00:00+00:00,66.007,66.21,65.912,66.167,1624,87,0
2025-09-09 04:00:00+00:00,66.167,66.561,66.153,66.431,2408,85,0
2025-09-09 08:00:00+00:00,66.428,66.709,66.166,66.385,3847,89,0
2025-09-09 12:00:00+00:00,66.386,67.144,66.358,66.498,6516,86,0
2025-09-09 16:00:00+00:00,66.499,66.517,66.153,66.244,3190,84,0
2025-09-09 20:00:00+00:00,66.244,66.35,66.206,66.35,315,84,0
2025-09-10 00:00:00+00:00,66.498,66.784,66.458,66.782,1773,86,0
2025-09-10 04:00:00+00:00,66.779,66.989,66.632,66.684,2518,88,0
2025-09-10 08:00:00+00:00,66.685,66.883,66.492,66.786,3177,85,0
2025-09-10 12:00:00+00:00,66.789,67.476,66.542,67.449,5592,85,0
2025-09-10 16:00:00+00:00,67.451,67.545,67.249,67.399,3087,84,0
2025-09-10 20:00:00+00:00,67.397,67.406,67.34,67.341,206,84,0
2025-09-11 00:00:00+00:00,67.361,67.368,67.159,67.159,1381,85,0
2025-09-11 04:00:00+00:00,67.156,67.245,67.016,67.19,2176,87,0
2025-09-11 08:00:00+00:00,67.204,67.271,66.527,66.636,3662,87,0
2025-09-11 12:00:00+00:00,66.611,66.636,65.925,66.162,5915,86,0
2025-09-11 16:00:00+00:00,66.153,66.303,65.986,66.007,3150,84,0
2025-09-11 20:00:00+00:00,66.016,66.069,66.016,66.059,211,82,0
2025-09-12 00:00:00+00:00,65.871,65.875,65.516,65.591,1983,82,0
2025-09-12 04:00:00+00:00,65.593,65.909,65.455,65.865,2554,84,0
2025-09-12 08:00:00+00:00,65.857,67.363,65.854,67.363,4172,86,0
2025-09-12 12:00:00+00:00,67.363,67.818,67.02,67.153,6091,85,0
2025-09-12 16:00:00+00:00,67.152,67.195,66.41,66.511,3594,83,0
2025-09-12 20:00:00+00:00,66.498,66.653,66.498,66.584,317,84,0
2025-09-15 00:00:00+00:00,66.699,67.096,66.696,67.048,1980,84,0
2025-09-15 04:00:00+00:00,67.047,67.187,66.798,66.973,2277,87,0
2025-09-15 08:00:00+00:00,66.99,67.036,66.697,66.846,3441,88,0
2025-09-15 12:00:00+00:00,66.851,67.493,66.788,66.968,5076,84,0
2025-09-15 16:00:00+00:00,66.96,67.304,66.907,67.149,2833,84,0
2025-09-15 20:00:00+00:00,67.149,67.191,67.137,67.146,191,83,0
2025-09-16 00:00:00+00:00,67.187,67.349,67.162,67.258,1893,86,0
2025-09-16 04:00:00+00:00,67.257,67.315,66.762,66.874,2487,85,0
2025-09-16 08:00:00+00:00,66.875,67.506,66.713,67.36,3588,87,0
2025-09-16 12:00:00+00:00,67.357,68.129,67.346,68.109,5532,87,0
2025-09-16 16:00:00+00:00,68.108,68.311,68.004,68.138,2928,84,0
2025-09-16 20:00:00+00:00,68.14,68.177,68.117,68.134,312,86,0
2025-09-17 00:00:00+00:00,68.121,68.153,67.937,67.94,1698,87,0
2025-09-17 04:00:00+00:00,67.95,68.103,67.736,67.748,2310,88,0
2025-09-17 08:00:00+00:00,67.746,67.807,67.44,67.801,3245,88,0
2025-09-17 12:00:00+00:00,67.793,68.153,67.558,67.844,4859,88,0
2025-09-17 16:00:00+00:00,67.85,67.945,67.223,67.453,4536,86,0
2025-09-17 20:00:00+00:00,67.451,67.577,67.435,67.519,264,86,0
2025-09-18 00:00:00+00:00,67.51,67.518,67.085,67.412,2145,86,0
2025-09-18 04:00:00+00:00,67.41,67.438,67.101,67.177,2664,86,0
2025-09-18 08:00:00+00:00,67.193,67.875,66.923,67.817,4108,91,0
2025-09-18 12:00:00+00:00,67.81,67.947,66.988,67.21,5907,88,0
2025-09-18 16:00:00+00:00,67.21,67.225,66.764,67.116,2980,84,0
2025-09-18 20:00:00+00:00,67.118,67.151,67.036,67.061,294,84,0
2025-09-19 00:00:00+00:00,66.991,67.096,66.843,66.902,1854,89,0
2025-09-19 04:00:00+00:00,66.905,67.02,66.637,66.717,2554,87,0
2025-09-19 08:00:00+00:00,66.716,66.97,66.349,66.71,3732,87,0
2025-09-19 12:00:00+00:00,66.709,66.835,65.911,66.158,5305,89,0
2025-09-19 16:00:00+00:00,66.148,66.227,66.053,66.079,2916,87,0
2025-09-19 20:00:00+00:00,66.077,66.113,66.066,66.077,205,84,0
2025-09-22 00:00:00+00:00,66.244,66.53,66.244,66.5,1595,84,0
2025-09-22 04:00:00+00:00,66.499,66.696,66.374,66.422,2111,89,0
2025-09-22 08:00:00+00:00,66.425,66.446,65.542,65.551,3187,88,0
2025-09-22 12:00:00+00:00,65.546,66.005,65.39,65.931,4281,88,0
2025-09-22 16:00:00+00:00,65.927,66.12,65.829,65.993,2506,86,0
2025-09-22 20:00:00+00:00,65.996,66.072,65.992,66.025,204,86,0
2025-09-23 00:00:00+00:00,66.01,66.013,65.549,65.569,1698,89,0
2025-09-23 04:00:00+00:00,65.566,65.882,65.509,65.88,2025,87,0
2025-09-23 08:00:00+00:00,65.884,66.649,65.6,66.602,3437,93,0
2025-09-23 12:00:00+00:00,66.604,67.43,66.531,67.182,4639,91,0
2025-09-23 16:00:00+00:00,67.182,67.353,66.792,67.274,3273,89,0
2025-09-23 20:00:00+00:00,67.275,67.295,67.169,67.219,295,87,0
2025-09-24 00:00:00+00:00,67.154,67.255,67.019,67.122,1577,87,0
2025-09-24 04:00:00+00:00,67.117,67.341,66.917,67.274,2244,87,0
2025-09-24 08:00:00+00:00,67.276,67.65,66.781,67.62,3286,92,0
2025-09-24 12:00:00+00:00,67.622,68.227,67.507,68.152,4367,91,0
2025-09-24 16:00:00+00:00,68.142,68.496,68.026,68.299,2770,90,0
2025-09-24 20:00:00+00:00,68.303,68.336,68.296,68.32,230,89,0
2025-09-25 00:00:00+00:00,68.26,68.429,68.116,68.178,1866,87,0
2025-09-25 04:00:00+00:00,68.174,68.361,67.928,68.141,2087,89,0
2025-09-25 08:00:00+00:00,68.148,68.344,67.742,68.206,3915,94,0
2025-09-25 12:00:00+00:00,68.196,68.438,67.629,68.341,4811,93,0
2025-09-25 16:00:00+00:00,68.343,68.783,68.124,68.761,3461,91,0
2025-09-25 20:00:00+00:00,68.755,68.772,68.667,68.716,372,90,0
2025-09-26 00:00:00+00:00,68.703,68.84,68.603,68.634,1672,85,0
2025-09-26 04:00:00+00:00,68.633,68.817,68.492,68.6,2555,87,0
2025-09-26 08:00:00+00:00,68.612,68.667,68.213,68.403,3508,90,0
2025-09-26 12:00:00+00:00,68.403,69.789,68.353,69.584,5404,90,0
2025-09-26 16:00:00+00:00,69.584,69.629,68.683,68.731,4259,91,0
2025-09-26 20:00:00+00:00,68.734,68.814,68.59,68.642,356,91,0
2025-09-29 00:00:00+00:00,68.558,68.808,68.496,68.696,2169,90,0
2025-09-29 04:00:00+00:00,68.702,68.852,68.349,68.43,2644,88,0
2025-09-29 08:00:00+00:00,68.415,68.504,67.822,67.944,4347,90,0
2025-09-29 12:00:00+00:00,67.936,68.059,66.689,66.884,6053,91,0
2025-09-29 16:00:00+00:00,66.886,67.048,66.608,66.723,3537,88,0
2025-09-29 20:00:00+00:00,66.726,66.755,66.637,66.66,383,86,0
2025-09-30 00:00:00+00:00,66.538,66.717,66.43,66.593,2015,83,0
2025-09-30 04:00:00+00:00,66.594,66.738,66.193,66.28,2879,84,0
2025-09-30 08:00:00+00:00,66.286,66.646,65.764,65.778,4454,89,0
2025-09-30 12:00:00+00:00,65.792,66.494,65.543,66.262,6734,93,0
2025-09-30 16:00:00+00:00,66.278,66.497,65.906,66.061,3871,83,0
2025-09-30 20:00:00+00:00,66.069,66.116,65.937,65.949,427,85,0
2025-10-01 00:00:00+00:00,66.038,66.127,65.762,66.087,1667,87,0
2025-10-01 04:00:00+00:00,66.085,66.394,65.997,66.324,2444,85,0
2025-10-01 08:00:00+00:00,66.319,66.441,65.218,65.659,4976,90,0
2025-10-01 12:00:00+00:00,65.661,65.693,64.949,65.313,6880,86,0
2025-10-01 16:00:00+00:00,65.295,65.746,65.187,65.419,4071,85,0
2025-10-01 20:00:00+00:00,65.426,65.466,65.246,65.264,404,87,0
2025-10-02 00:00:00+00:00,65.64,65.759,65.352,65.607,2243,88,0
2025-10-02 04:00:00+00:00,65.607,65.713,65.185,65.373,2688,87,0
2025-10-02 08:00:00+00:00,65.359,65.513,64.697,64.95,5136,85,0
2025-10-02 12:00:00+00:00,64.94,65.242,64.141,64.254,6447,86,0
2025-10-02 16:00:00+00:00,64.254,64.302,63.905,64.146,3502,81,0
2025-10-02 20:00:00+00:00,64.147,64.273,64.099,64.146,360,85,0
2025-10-03 00:00:00+00:00,64.157,64.38,64.09,64.332,1587,81,0
2025-10-03 04:00:00+00:00,64.334,64.709,64.313,64.427,2629,83,0
2025-10-03 08:00:00+00:00,64.428,64.871,64.174,64.219,4436,86,0
2025-10-03 12:00:00+00:00,64.219,64.728,64.086,64.525,6024,88,0
2025-10-03 16:00:00+00:00,64.527,64.68,64.253,64.3,3733,83,0
2025-10-03 20:00:00+00:00,64.296,64.392,64.177,64.227,477,85,0
2025-10-06 00:00:00+00:00,65.229,65.328,65.2,65.316,1632,83,0
2025-10-06 04:00:00+00:00,65.316,65.528,64.97,65.103,3179,84,0
2025-10-06 08:00:00+00:00,65.087,65.584,64.593,64.8,4428,87,0
2025-10-06 12:00:00+00:00,64.8,65.477,64.792,65.381,6117,86,0
2025-10-06 16:00:00+00:00,65.365,65.566,65.11,65.379,3202,83,0
2025-10-06 20:00:00+00:00,65.378,65.437,65.256,65.293,266,83,0
2025-10-07 00:00:00+00:00,65.278,65.545,65.276,65.506,1206,84,0
2025-10-07 04:00:00+00:00,65.504,65.636,65.119,65.276,2447,82,0
2025-10-07 08:00:00+00:00,65.274,65.502,64.887,65.313,3886,87,0
2025-10-07 12:00:00+00:00,65.325,65.378,64.353,65.045,6460,87,0
2025-10-07 16:00:00+00:00,65.048,65.568,64.852,65.549,3630,85,0
2025-10-07 20:00:00+00:00,65.549,65.565,65.48,65.525,312,84,0
2025-10-08 00:00:00+00:00,65.569,65.786,65.536,65.695,1415,81,0
2025-10-08 04:00:00+00:00,65.697,65.885,65.635,65.782,2398,77,0
2025-10-08 08:00:00+00:00,65.78,66.118,65.56,66.074,3994,82,0
2025-10-08 12:00:00+00:00,66.082,66.24,65.534,66.194,5478,82,0
2025-10-08 16:00:00+00:00,66.193,66.254,65.832,65.87,3263,83,0
2025-10-08 20:00:00+00:00,65.868,65.904,65.75,65.753,312,81,0
2025-10-09 00:00:00+00:00,65.376,65.629,65.251,65.576,3068,82,0
2025-10-09 04:00:00+00:00,65.58,66.19,65.58,66.122,3058,80,0
2025-10-09 08:00:00+00:00,66.137,66.261,65.525,65.692,4331,86,0
2025-10-09 12:00:00+00:00,65.675,66.175,65.327,65.346,5879,86,0
2025-10-09 16:00:00+00:00,65.343,65.494,64.709,64.896,4184,80,0
2025-10-09 20:00:00+00:00,64.895,64.948,64.859,64.948,286,82,0
2025-10-10 00:00:00+00:00,64.991,65.082,64.774,64.774,2000,80,0
2025-10-10 04:00:00+00:00,64.772,64.83,64.449,64.61,3069,81,0
2025-10-10 08:00:00+00:00,64.623,64.851,64.068,64.15,4230,84,0
2025-10-10 12:00:00+00:00,64.147,64.157,62.539,62.545,7827,85,0
2025-10-10 16:00:00+00:00,62.545,62.674,62.181,62.416,4074,85,0
2025-10-10 20:00:00+00:00,62.415,62.467,62.041,62.041,574,82,0
2025-10-13 00:00:00+00:00,63.067,63.538,62.891,63.315,3743,81,0
2025-10-13 04:00:00+00:00,63.314,63.492,63.207,63.347,3719,79,0
2025-10-13 08:00:00+00:00,63.353,63.664,63.181,63.289,4726,83,0
2025-10-13 12:00:00+00:00,63.282,63.555,62.816,63.057,6660,82,0
2025-10-13 16:00:00+00:00,63.041,63.343,63.025,63.257,3573,79,0
2025-10-13 20:00:00+00:00,63.252,63.307,63.076,63.128,404,83,0
2025-10-14 00:00:00+00:00,63.248,63.358,63.151,63.289,2528,79,0
2025-10-14 04:00:00+00:00,63.293,63.298,61.936,62.178,4754,79,0
2025-10-14 08:00:00+00:00,62.19,62.216,61.282,61.889,6000,87,0
2025-10-14 12:00:00+00:00,61.893,62.213,61.488,61.945,7634,83,0
2025-10-14 16:00:00+00:00,61.961,62.375,61.823,61.889,4710,81,0
2025-10-14 20:00:00+00:00,61.891,62.13,61.891,62.006,458,80,0
2025-10-15 00:00:00+00:00,62.04,62.145,61.777,61.907,2668,77,0
2025-10-15 04:00:00+00:00,61.907,62.212,61.853,62.079,3168,78,0
2025-10-15 08:00:00+00:00,62.078,62.26,61.91,62.194,4128,82,0
2025-10-15 12:00:00+00:00,62.188,62.739,61.69,61.772,6344,83,0
2025-10-15 16:00:00+00:00,61.768,62.063,61.588,61.901,4418,79,0
2025-10-15 20:00:00+00:00,61.906,62.249,61.906,62.199,645,81,0
2025-10-16 00:00:00+00:00,62.322,62.401,62.049,62.219,2526,77,0
2025-10-16 04:00:00+00:00,62.217,62.457,62.014,62.397,3150,79,0
2025-10-16 08:00:00+00:00,62.383,62.428,61.838,62.038,4280,83,0
2025-10-16 12:00:00+00:00,62.035,62.089,61.128,61.528,6453,82,0
2025-10-16 16:00:00+00:00,61.542,61.811,60.639,60.889,7051,80,0
2025-10-16 20:00:00+00:00,60.889,60.915,60.726,60.78,426,80,0
2025-10-17 00:00:00+00:00,60.759,60.829,60.38,60.687,3262,76,0
2025-10-17 04:00:00+00:00,60.685,60.861,60.292,60.523,4333,80,0
2025-10-17 08:00:00+00:00,60.538,60.879,59.993,60.852,5687,83,0
2025-10-17 12:00:00+00:00,60.853,61.162,60.648,61.003,7853,81,0
2025-10-17 16:00:00+00:00,60.998,61.268,60.695,61.125,4466,78,0
2025-10-17 20:00:00+00:00,61.124,61.269,61.097,61.169,420,83,0
2025-10-20 00:00:00+00:00,60.907,61.032,60.735,60.939,2599,78,0
2025-10-20 04:00:00+00:00,60.939,60.976,60.533,60.63,2711,79,0
2025-10-20 08:00:00+00:00,60.632,61.031,60.537,60.697,3720,85,0
2025-10-20 12:00:00+00:00,60.695,60.792,59.968,60.371,6053,83,0
2025-10-20 16:00:00+00:00,60.364,60.908,60.364,60.821,3790,81,0
2025-10-20 20:00:00+00:00,60.826,60.856,60.687,60.737,354,78,0
2025-10-21 00:00:00+00:00,60.707,60.838,60.431,60.684,1845,81,0
2025-10-21 04:00:00+00:00,60.684,61.025,60.535,60.582,2674,81,0
2025-10-21 08:00:00+00:00,60.579,61.47,60.578,61.194,4034,83,0
2025-10-21 12:00:00+00:00,61.188,61.552,60.194,61.112,6643,83,0
2025-10-21 16:00:00+00:00,61.112,61.79,60.777,61.187,4396,82,0
2025-10-21 20:00:00+00:00,61.188,61.394,61.188,61.32,411,84,0
2025-10-22 00:00:00+00:00,61.206,62.157,61.099,61.95,3194,79,0
2025-10-22 04:00:00+00:00,61.94,62.249,61.813,61.92,3629,80,0
2025-10-22 08:00:00+00:00,61.924,62.253,61.688,62.074,4106,85,0
2025-10-22 12:00:00+00:00,62.077,62.629,61.88,62.492,6091,84,0
2025-10-22 16:00:00+00:00,62.473,63.506,61.991,63.11,5995,84,0
2025-10-22 20:00:00+00:00,63.109,63.364,62.631,62.904,1440,91,0
2025-10-23 00:00:00+00:00,63.854,63.926,63.392,63.859,3894,84,0
2025-10-23 04:00:00+00:00,63.861,64.517,63.849,64.096,5360,87,0
2025-10-23 08:00:00+00:00,64.098,65.444,64.062,65.05,6524,86,0
2025-10-23 12:00:00+00:00,65.058,65.538,64.604,65.532,8415,84,0
2025-10-23 16:00:00+00:00,65.513,65.679,64.942,65.145,5229,86,0
2025-10-23 20:00:00+00:00,65.146,65.212,65.101,65.189,471,90,0
2025-10-24 00:00:00+00:00,65.051,65.193,64.747,64.925,2458,87,0
2025-10-24 04:00:00+00:00,64.932,65.439,64.848,65.418,2883,88,0
2025-10-24 08:00:00+00:00,65.415,65.86,65.092,65.842,4604,89,0
2025-10-24 12:00:00+00:00,65.844,65.971,65.309,65.921,6384,86,0
2025-10-24 16:00:00+00:00,65.915,65.925,65.152,65.202,3755,91,0
2025-10-24 20:00:00+00:00,65.193,65.196,65.072,65.133,282,90,0
2025-10-27 00:00:00+00:00,65.643,65.715,65.183,65.203,2764,87,0
2025-10-27 04:00:00+00:00,65.201,65.634,65.03,65.267,2777,89,0
2025-10-27 08:00:00+00:00,65.27,65.283,64.313,65.104,5254,90,0
2025-10-27 12:00:00+00:00,65.103,65.536,64.887,65.244,5643,89,0
2025-10-27 16:00:00+00:00,65.232,65.316,64.717,65.002,4168,89,0
2025-10-27 20:00:00+00:00,65.006,65.186,64.952,65.087,337,92,0
2025-10-28 00:00:00+00:00,64.628,64.967,64.604,64.802,2245,87,0
2025-10-28 04:00:00+00:00,64.802,64.831,64.022,64.052,3108,89,0
2025-10-28 08:00:00+00:00,64.052,64.198,63.46,64.026,5461,90,0
2025-10-28 12:00:00+00:00,64.032,64.276,63.377,63.516,6137,91,0
2025-10-28 16:00:00+00:00,63.513,63.9,63.47,63.591,4651,86,0
2025-10-28 20:00:00+00:00,63.595,63.856,63.524,63.77,464,90,0
2025-10-29 00:00:00+00:00,63.804,64.033,63.581,63.753,2274,85,0
2025-10-29 04:00:00+00:00,63.76,64.113,63.604,63.876,2736,83,0
2025-10-29 08:00:00+00:00,63.877,64.115,63.326,63.983,5022,88,0
2025-10-29 12:00:00+00:00,63.993,64.578,63.703,64.493,5860,84,0
2025-10-29 16:00:00+00:00,64.491,64.628,64.066,64.133,5852,82,0
2025-10-29 20:00:00+00:00,64.139,64.216,64.12,64.154,465,83,0
2025-10-30 00:00:00+00:00,64.16,64.202,63.864,64.156,2850,85,0
2025-10-30 04:00:00+00:00,64.156,64.199,63.604,63.658,4031,85,0
2025-10-30 08:00:00+00:00,63.66,63.975,63.636,63.843,4331,85,0
2025-10-30 12:00:00+00:00,63.842,64.312,63.398,64.171,6425,85,0
2025-10-30 16:00:00+00:00,64.17,64.441,63.88,63.908,4059,82,0
2025-10-30 20:00:00+00:00,63.907,63.984,63.888,63.967,419,85,0
2025-10-31 00:00:00+00:00,63.911,64.07,63.792,63.812,1874,83,0
2025-10-31 04:00:00+00:00,63.809,64.137,63.725,64.113,2455,83,0
2025-10-31 08:00:00+00:00,64.115,64.192,63.693,64.002,4431,84,0
2025-10-31 12:00:00+00:00,64.0,65.001,63.974,64.277,7016,86,0
2025-10-31 16:00:00+00:00,64.272,64.676,64.111,64.534,4283,86,0
2025-10-31 20:00:00+00:00,64.526,64.581,64.445,64.533,346,89,0
2025-11-03 00:00:00+00:00,64.881,64.977,64.752,64.917,901,94,0
2025-11-03 04:00:00+00:00,64.913,65.151,64.756,64.919,2112,90,0
2025-11-03 08:00:00+00:00,64.915,64.97,64.238,64.476,4077,87,0
2025-11-03 12:00:00+00:00,64.479,64.822,64.206,64.665,5545,86,0
2025-11-03 16:00:00+00:00,64.662,65.122,64.446,64.69,4443,85,0
2025-11-03 20:00:00+00:00,64.692,64.765,64.643,64.719,749,87,0
2025-11-04 00:00:00+00:00,64.627,64.642,64.459,64.6,1344,82,0
2025-11-04 04:00:00+00:00,64.603,64.603,64.236,64.265,2354,83,0
2025-11-04 08:00:00+00:00,64.271,64.278,63.688,63.935,4147,84,0
2025-11-04 12:00:00+00:00,63.934,64.461,63.735,64.461,5222,83,0
2025-11-04 16:00:00+00:00,64.463,64.578,64.229,64.287,4795,85,0
2025-11-04 20:00:00+00:00,64.286,64.316,64.098,64.178,904,86,0
2025-11-05 00:00:00+00:00,63.944,64.258,63.769,64.245,2007,80,0
2025-11-05 04:00:00+00:00,64.243,64.433,64.13,64.304,2739,82,0
2025-11-05 08:00:00+00:00,64.308,64.772,64.118,64.264,4385,85,0
2025-11-05 12:00:00+00:00,64.257,64.466,63.828,64.458,5566,85,0
2025-11-05 16:00:00+00:00,64.459,64.553,63.315,63.349,5426,83,0
2025-11-05 20:00:00+00:00,63.357,63.435,63.357,63.403,761,82,0
2025-11-06 00:00:00+00:00,63.371,63.574,63.339,63.565,1568,81,0
2025-11-06 04:00:00+00:00,63.564,63.752,63.531,63.538,2277,79,0
2025-11-06 08:00:00+00:00,63.547,64.175,63.245,63.662,4998,84,0
2025-11-06 12:00:00+00:00,63.665,63.895,62.724,62.985,6681,81,0
2025-11-06 16:00:00+00:00,62.984,63.279,62.784,63.263,5769,81,0
2025-11-06 20:00:00+00:00,63.265,63.469,63.265,63.287,1126,83,0
2025-11-07 00:00:00+00:00,63.48,63.556,63.365,63.43,1869,79,0
2025-11-07 04:00:00+00:00,63.43,63.946,63.359,63.828,2841,80,0
2025-11-07 08:00:00+00:00,63.83,64.198,63.631,63.747,4537,83,0
2025-11-07 12:00:00+00:00,63.745,63.848,63.319,63.351,6567,83,0
2025-11-07 16:00:00+00:00,63.337,63.688,63.088,63.592,5774,81,0
2025-11-07 20:00:00+00:00,63.59,63.627,63.418,63.531,1022,80,0
2025-11-10 00:00:00+00:00,63.826,63.952,63.715,63.867,1483,84,0
2025-11-10 04:00:00+00:00,63.873,64.071,63.838,63.921,2110,81,0
2025-11-10 08:00:00+00:00,63.926,64.148,63.538,63.615,4474,85,0
2025-11-10 12:00:00+00:00,63.614,63.943,63.305,63.313,4903,83,0
2025-11-10 16:00:00+00:00,63.306,63.969,63.196,63.868,4432,81,0
2025-11-10 20:00:00+00:00,63.869,63.944,63.774,63.806,741,81,0
2025-11-11 00:00:00+00:00,63.698,63.891,63.641,63.755,1165,83,0
2025-11-11 04:00:00+00:00,63.756,63.8,63.463,63.535,1955,81,0
2025-11-11 08:00:00+00:00,63.522,64.386,63.505,64.367,3590,85,0
2025-11-11 12:00:00+00:00,64.373,64.79,64.188,64.765,2530,95,0
2025-11-11 16:00:00+00:00,64.761,65.074,64.725,64.943,3737,84,0
2025-11-11 20:00:00+00:00,64.945,64.981,64.836,64.937,790,83,0
2025-11-12 00:00:00+00:00,64.839,64.891,64.713,64.726,1353,79,0
2025-11-12 04:00:00+00:00,64.726,64.818,64.632,64.637,1817,81,0
2025-11-12 08:00:00+00:00,64.631,64.725,64.255,64.27,3573,82,0
2025-11-12 12:00:00+00:00,64.273,64.379,62.938,62.95,5604,81,0
2025-11-12 16:00:00+00:00,62.946,63.026,62.387,62.426,4827,82,0
2025-11-12 20:00:00+00:00,62.422,62.529,62.383,62.476,826,85,0
2025-11-13 00:00:00+00:00,62.203,62.551,62.14,62.549,1842,84,0
2025-11-13 04:00:00+00:00,62.544,62.597,62.37,62.439,2073,84,0
2025-11-13 08:00:00+00:00,62.43,62.919,62.2,62.895,4095,84,0
2025-11-13 12:00:00+00:00,62.896,63.186,62.781,62.829,5154,81,0
2025-11-13 16:00:00+00:00,62.83,63.058,62.566,62.793,5730,83,0
2025-11-13 20:00:00+00:00,62.786,62.806,62.604,62.61,1122,82,0
2025-11-14 00:00:00+00:00,63.358,64.444,63.303,63.549,3756,86,0
2025-11-14 04:00:00+00:00,63.551,63.693,63.372,63.589,3092,91,0
2025-11-14 08:00:00+00:00,63.594,64.269,63.234,63.504,5843,86,0
2025-11-14 12:00:00+00:00,63.504,64.189,63.354,64.15,6711,81,0
2025-11-14 16:00:00+00:00,64.157,64.283,63.897,64.037,5377,81,0
2025-11-14 20:00:00+00:00,64.037,64.037,63.791,63.847,986,83,0
2025-11-17 00:00:00+00:00,63.477,63.541,63.323,63.473,1738,83,0
2025-11-17 04:00:00+00:00,63.472,63.647,63.325,63.605,2138,81,0
2025-11-17 08:00:00+00:00,63.59,64.103,63.466,64.019,3969,85,0
2025-11-17 12:00:00+00:00,64.025,64.328,63.83,63.858,4797,85,0
2025-11-17 16:00:00+00:00,63.866,64.112,63.688,63.695,4496,81,0
2025-11-17 20:00:00+00:00,63.693,63.787,63.63,63.644,963,81,0
2025-11-18 00:00:00+00:00,63.589,63.633,63.445,63.483,1757,81,0
2025-11-18 04:00:00+00:00,63.478,63.478,63.262,63.32,2931,78,0
2025-11-18 08:00:00+00:00,63.316,63.917,63.271,63.909,4117,84,0
2025-11-18 12:00:00+00:00,63.893,64.042,63.286,63.688,6125,82,0
2025-11-18 16:00:00+00:00,63.688,64.657,63.632,64.583,6380,81,0
2025-11-18 20:00:00+00:00,64.577,64.683,64.313,64.397,1496,84,0
2025-11-19 00:00:00+00:00,64.119,64.394,64.107,64.215,2087,81,0
2025-11-19 04:00:00+00:00,64.217,64.406,64.064,64.079,2834,80,0
2025-11-19 08:00:00+00:00,64.086,64.24,63.254,63.317,4788,84,0
2025-11-19 12:00:00+00:00,63.315,63.372,62.479,62.912,6402,83,0
2025-11-19 16:00:00+00:00,62.897,63.185,62.703,63.078,5751,82,0
2025-11-19 20:00:00+00:00,63.077,63.236,63.01,63.228,1157,80,0
2025-11-20 00:00:00+00:00,63.215,63.335,63.123,63.208,1838,82,0
2025-11-20 04:00:00+00:00,63.211,63.414,63.046,63.152,2331,83,0
2025-11-20 08:00:00+00:00,63.167,63.751,63.167,63.548,3997,87,0
2025-11-20 12:00:00+00:00,63.553,63.878,63.362,63.723,4908,83,0
2025-11-20 16:00:00+00:00,63.727,63.727,62.456,62.834,7493,84,0
2025-11-20 20:00:00+00:00,62.835,62.85,62.491,62.618,1269,86,0
2025-11-21 00:00:00+00:00,62.447,62.469,62.01,62.028,2048,81,0
2025-11-21 04:00:00+00:00,62.025,62.296,61.711,61.711,3149,82,0
2025-11-21 08:00:00+00:00,61.712,62.166,61.346,61.78,5169,83,0
2025-11-21 12:00:00+00:00,61.774,62.479,61.29,61.506,7491,85,0
2025-11-21 16:00:00+00:00,61.505,62.071,61.355,61.789,6087,83,0
2025-11-21 20:00:00+00:00,61.79,61.964,61.768,61.881,1207,81,0
2025-11-24 00:00:00+00:00,61.806,61.951,61.783,61.951,1817,84,0
2025-11-24 04:00:00+00:00,61.953,62.156,61.692,61.716,2405,85,0
2025-11-24 08:00:00+00:00,61.715,61.872,61.337,61.816,4188,85,0
2025-11-24 12:00:00+00:00,61.814,62.084,61.461,61.993,5364,85,0
2025-11-24 16:00:00+00:00,62.002,62.79,61.982,62.683,3605,86,0
2025-11-24 20:00:00+00:00,62.683,62.908,62.683,62.73,794,88,0
2025-11-25 00:00:00+00:00,62.566,62.608,62.388,62.391,1469,86,0
2025-11-25 04:00:00+00:00,62.394,62.477,62.248,62.386,2061,84,0
2025-11-25 08:00:00+00:00,62.389,62.589,62.09,62.401,3917,87,0
2025-11-25 12:00:00+00:00,62.385,62.467,60.921,61.048,6918,85,0
2025-11-25 16:00:00+00:00,61.046,61.833,61.03,61.623,4868,86,0
2025-11-25 20:00:00+00:00,61.623,61.946,61.623,61.869,933,87,0
2025-11-26 00:00:00+00:00,61.921,62.052,61.812,61.983,1444,83,0
2025-11-26 04:00:00+00:00,61.982,62.099,61.636,61.663,2130,80,0
2025-11-26 08:00:00+00:00,61.654,62.022,61.477,61.757,4312,87,0
2025-11-26 12:00:00+00:00,61.751,61.85,61.52,61.756,5020,83,0
2025-11-26 16:00:00+00:00,61.758,62.52,61.674,62.425,4847,86,0
2025-11-26 20:00:00+00:00,62.425,62.537,62.354,62.364,809,82,0
2025-11-27 00:00:00+00:00,62.217,62.233,62.066,62.112,880,94,0
2025-11-27 04:00:00+00:00,62.113,62.405,62.071,62.386,1042,92,0
2025-11-27 08:00:00+00:00,62.385,62.687,62.334,62.56,2650,85,0
2025-11-27 12:00:00+00:00,62.557,62.687,62.257,62.603,3019,83,0
2025-11-27 16:00:00+00:00,62.6,62.87,62.533,62.838,1626,83,0
2025-11-28 00:00:00+00:00,62.769,63.007,62.62,62.913,802,99,0
2025-11-28 04:00:00+00:00,62.913,63.124,62.859,62.878,833,99,0
2025-11-28 08:00:00+00:00,62.882,63.129,62.643,62.693,1199,134,0
2025-11-28 12:00:00+00:00,62.692,62.923,62.443,62.774,2091,97,0
2025-11-28 16:00:00+00:00,62.777,63.266,62.716,63.194,2000,96,0
2025-12-01 00:00:00+00:00,62.838,63.281,62.834,63.237,1184,99,0
2025-12-01 04:00:00+00:00,63.24,63.674,63.225,63.326,1483,101,0
2025-12-01 08:00:00+00:00,63.328,63.583,62.826,63.021,3338,92,0
2025-12-01 12:00:00+00:00,63.023,63.323,62.606,63.172,4706,85,0
2025-12-01 16:00:00+00:00,63.162,63.203,62.84,63.122,4328,82,0
2025-12-01 20:00:00+00:00,63.125,63.25,63.097,63.236,728,85,0
2025-12-02 00:00:00+00:00,63.093,63.129,62.992,63.066,1172,84,0
2025-12-02 04:00:00+00:00,63.07,63.19,62.921,62.931,1841,79,0
2025-12-02 08:00:00+00:00,62.934,63.147,62.72,62.747,3840,83,0
2025-12-02 12:00:00+00:00,62.747,63.072,62.047,62.932,5555,86,0
2025-12-02 16:00:00+00:00,62.929,63.016,62.166,62.273,5108,84,0
2025-12-02 20:00:00+00:00,62.275,62.335,62.163,62.285,880,83,0
2025-12-03 00:00:00+00:00,62.318,62.35,62.027,62.314,1470,81,0
2025-12-03 04:00:00+00:00,62.315,62.604,62.267,62.543,1976,81,0
2025-12-03 08:00:00+00:00,62.55,63.189,62.506,63.008,3688,80,0
2025-12-03 12:00:00+00:00,63.009,63.082,62.607,63.071,5301,82,0
2025-12-03 16:00:00+00:00,63.073,63.164,62.394,62.529,4759,82,0
2025-12-03 20:00:00+00:00,62.529,62.672,62.507,62.639,647,81,0
2025-12-04 00:00:00+00:00,62.655,62.794,62.548,62.765,1089,81,0
2025-12-04 04:00:00+00:00,62.765,62.927,62.677,62.832,1782,80,0
2025-12-04 08:00:00+00:00,62.833,62.902,62.573,62.724,3472,79,0
2025-12-04 12:00:00+00:00,62.731,63.08,62.369,62.918,4882,80,0
2025-12-04 16:00:00+00:00,62.917,63.432,62.887,63.123,4385,80,0
2025-12-04 20:00:00+00:00,63.125,63.218,63.061,63.126,862,78,0
2025-12-05 00:00:00+00:00,63.037,63.129,62.88,62.939,1227,81,0
2025-12-05 04:00:00+00:00,62.936,63.102,62.897,63.011,1803,78,0
2025-12-05 08:00:00+00:00,63.013,63.221,62.91,62.986,3295,82,0
2025-12-05 12:00:00+00:00,62.986,63.883,62.882,63.718,4831,82,0
2025-12-05 16:00:00+00:00,63.718,63.806,63.366,63.579,4331,81,0
2025-12-05 20:00:00+00:00,63.582,63.658,63.518,63.601,748,81,0
2025-12-08 00:00:00+00:00,63.586,63.694,63.452,63.65,1341,80,0
2025-12-08 04:00:00+00:00,63.65,63.736,63.557,63.672,1696,81,0
2025-12-08 08:00:00+00:00,63.666,63.752,62.851,62.931,3409,84,0
2025-12-08 12:00:00+00:00,62.928,63.074,62.58,62.758,4734,83,0
2025-12-08 16:00:00+00:00,62.746,62.746,62.158,62.246,4177,79,0
2025-12-08 20:00:00+00:00,62.252,62.329,62.221,62.285,621,79,0
2025-12-09 00:00:00+00:00,62.251,62.307,62.139,62.203,1263,77,0
2025-12-09 04:00:00+00:00,62.195,62.319,62.039,62.232,1900,77,0
2025-12-09 08:00:00+00:00,62.231,62.556,62.075,62.54,3596,80,0
2025-12-09 12:00:00+00:00,62.547,62.579,61.67,61.769,4538,81,0
2025-12-09 16:00:00+00:00,61.768,61.91,61.66,61.879,3707,80,0
2025-12-09 20:00:00+00:00,61.878,61.926,61.82,61.899,696,80,0
2025-12-10 00:00:00+00:00,61.835,61.93,61.772,61.84,1127,79,0
2025-12-10 04:00:00+00:00,61.842,61.967,61.744,61.796,1668,77,0
2025-12-10 08:00:00+00:00,61.795,62.105,61.57,61.993,3806,80,0
2025-12-10 12:00:00+00:00,61.993,62.113,61.219,61.254,4808,81,0
2025-12-10 16:00:00+00:00,61.253,62.278,61.177,62.255,4918,78,0
2025-12-10 20:00:00+00:00,62.259,62.497,62.243,62.444,1227,82,0
2025-12-11 00:00:00+00:00,62.254,62.382,61.888,61.932,1901,78,0
2025-12-11 04:00:00+00:00,61.932,61.976,61.478,61.556,2338,78,0
2025-12-11 08:00:00+00:00,61.555,61.575,61.007,61.258,4125,79,0
2025-12-11 12:00:00+00:00,61.259,61.397,60.74,60.964,5078,79,0
2025-12-11 16:00:00+00:00,60.969,61.328,60.584,61.277,4623,81,0
2025-12-11 20:00:00+00:00,61.275,61.437,61.176,61.388,845,80,0
2025-12-12 00:00:00+00:00,61.361,61.641,61.347,61.487,1520,79,0
2025-12-12 04:00:00+00:00,61.486,61.608,61.301,61.412,1892,78,0
2025-12-12 08:00:00+00:00,61.413,61.596,60.826,60.951,3728,80,0
2025-12-12 12:00:00+00:00,60.948,61.136,60.625,60.667,5008,79,0
2025-12-12 16:00:00+00:00,60.667,61.147,60.639,60.875,4623,80,0
2025-12-12 20:00:00+00:00,60.865,60.987,60.815,60.975,825,80,0
2025-12-15 00:00:00+00:00,61.106,61.261,61.085,61.19,1287,77,0
2025-12-15 04:00:00+00:00,61.19,61.256,61.095,61.108,1552,75,0
2025-12-15 08:00:00+00:00,61.113,61.183,60.55,60.624,3624,81,0
2025-12-15 12:00:00+00:00,60.613,60.904,60.221,60.302,4671,81,0
2025-12-15 16:00:00+00:00,60.299,60.401,59.924,60.266,4549,79,0
2025-12-15 20:00:00+00:00,60.266,60.27,60.103,60.202,780,82,0
2025-12-16 00:00:00+00:00,60.048,60.151,59.928,59.995,1274,76,0
2025-12-16 04:00:00+00:00,59.989,60.093,59.869,59.913,1832,77,0
2025-12-16 08:00:00+00:00,59.915,59.974,59.258,59.463,3887,80,0
2025-12-16 12:00:00+00:00,59.469,59.578,58.54,58.758,4978,80,0
2025-12-16 16:00:00+00:00,58.76,59.09,58.664,58.692,4556,79,0
2025-12-16 20:00:00+00:00,58.688,58.726,58.482,58.583,871,79,0
2025-12-17 00:00:00+00:00,59.139,59.433,59.048,59.38,2149,81,0
2025-12-17 04:00:00+00:00,59.375,59.636,59.343,59.429,2704,79,0
2025-12-17 08:00:00+00:00,59.439,60.111,59.287,59.818,4906,82,0
2025-12-17 12:00:00+00:00,59.815,59.918,59.149,59.449,5403,82,0
2025-12-17 16:00:00+00:00,59.451,59.739,59.373,59.583,4594,79,0
2025-12-17 20:00:00+00:00,59.579,60.381,59.569,60.331,1455,81,0
2025-12-18 00:00:00+00:00,60.235,60.373,59.487,59.802,2021,85,0
2025-12-18 04:00:00+00:00,59.801,60.011,59.689,59.849,1785,84,0
2025-12-18 08:00:00+00:00,59.853,59.913,59.304,59.333,3509,81,0
2025-12-18 12:00:00+00:00,59.339,59.952,59.303,59.753,4746,82,0
2025-12-18 16:00:00+00:00,59.746,60.009,59.337,59.358,3821,83,0
2025-12-18 20:00:00+00:00,59.356,59.512,59.356,59.429,742,82,0
2025-12-19 00:00:00+00:00,59.433,59.433,59.278,59.369,1337,79,0
2025-12-19 04:00:00+00:00,59.37,59.512,59.176,59.195,1748,81,0
2025-12-19 08:00:00+00:00,59.191,59.715,59.107,59.694,4247,82,0
2025-12-19 12:00:00+00:00,59.703,60.017,59.568,59.651,4269,82,0
2025-12-19 16:00:00+00:00,59.651,60.239,59.647,60.062,3590,82,0
2025-12-19 20:00:00+00:00,60.062,60.196,60.014,60.116,700,83,0
2025-12-22 00:00:00+00:00,60.502,60.646,60.44,60.542,1505,80,0
2025-12-22 04:00:00+00:00,60.539,60.825,60.504,60.641,2192,81,0
2025-12-22 08:00:00+00:00,60.644,61.319,60.473,61.31,2996,85,0
2025-12-22 12:00:00+00:00,61.314,61.665,61.155,61.158,3883,86,0
2025-12-22 16:00:00+00:00,61.164,61.624,61.132,61.601,3003,86,0
2025-12-22 20:00:00+00:00,61.605,61.656,61.474,61.538,609,86,0
2025-12-23 00:00:00+00:00,61.498,61.535,61.386,61.498,1008,85,0
2025-12-23 04:00:00+00:00,61.494,61.508,61.31,61.434,1408,83,0
2025-12-23 08:00:00+00:00,61.432,61.709,61.432,61.641,2439,85,0
2025-12-23 12:00:00+00:00,61.648,61.757,61.277,61.294,3480,85,0
2025-12-23 16:00:00+00:00,61.297,61.95,61.261,61.927,3050,84,0
2025-12-23 20:00:00+00:00,61.92,62.019,61.873,61.948,580,84,0
2025-12-24 00:00:00+00:00,61.906,61.906,61.708,61.875,1189,86,0
2025-12-24 04:00:00+00:00,61.875,62.059,61.639,62.008,1547,86,0
2025-12-24 08:00:00+00:00,62.011,62.169,61.789,61.985,2416,88,0
2025-12-24 12:00:00+00:00,61.987,62.091,61.517,61.57,2912,92,0
2025-12-24 16:00:00+00:00,61.569,61.917,61.533,61.766,1726,90,0
2025-12-26 00:00:00+00:00,61.882,61.957,61.794,61.801,832,95,0
2025-12-26 04:00:00+00:00,61.803,61.913,61.667,61.732,1183,93,0
2025-12-26 08:00:00+00:00,61.731,62.187,61.569,61.731,2634,95,0
2025-12-26 12:00:00+00:00,61.735,61.834,60.794,60.828,3775,87,0
2025-12-26 16:00:00+00:00,60.827,60.874,60.095,60.203,2995,92,0
2025-12-26 20:00:00+00:00,60.202,60.443,60.176,60.384,647,93,0
2025-12-29 00:00:00+00:00,60.724,60.796,60.525,60.778,1634,82,0
2025-12-29 04:00:00+00:00,60.774,60.954,60.721,60.792,1970,84,0
2025-12-29 08:00:00+00:00,60.795,61.47,60.723,61.407,3768,82,0
2025-12-29 12:00:00+00:00,61.409,61.635,61.256,61.543,4874,84,0
2025-12-29 16:00:00+00:00,61.545,61.606,61.127,61.356,4187,79,0
2025-12-29 20:00:00+00:00,61.357,61.357,61.133,61.177,704,83,0
2025-12-30 00:00:00+00:00,61.063,61.451,61.054,61.363,1639,86,0
2025-12-30 04:00:00+00:00,61.364,61.525,61.231,61.362,1964,84,0
2025-12-30 08:00:00+00:00,61.361,61.741,61.299,61.7,3266,85,0
2025-12-30 12:00:00+00:00,61.701,61.79,61.512,61.552,3884,81,0
2025-12-30 16:00:00+00:00,61.549,61.605,61.188,61.249,3310,80,0
2025-12-30 20:00:00+00:00,61.251,61.274,61.182,61.274,611,80,0
2025-12-31 00:00:00+00:00,61.198,61.23,61.071,61.165,1458,83,0
2025-12-31 04:00:00+00:00,61.17,61.526,61.076,61.127,2238,82,0
2025-12-31 08:00:00+00:00,61.125,61.596,60.98,61.492,2829,85,0
2025-12-31 12:00:00+00:00,61.495,61.808,61.128,61.13,4488,85,0
2025-12-31 16:00:00+00:00,61.123,61.331,60.701,60.714,3302,80,0
2026-01-02 00:00:00+00:00,60.783,61.038,60.753,61.033,938,83,0
2026-01-02 04:00:00+00:00,61.029,61.233,60.94,61.102,1358,84,0
2026-01-02 08:00:00+00:00,61.105,61.21,60.306,60.564,3990,82,0
2026-01-02 12:00:00+00:00,60.562,60.592,59.915,60.016,4579,82,0
2026-01-02 16:00:00+00:00,60.014,60.723,59.907,60.587,5019,77,0
2026-01-02 20:00:00+00:00,60.584,60.697,60.569,60.694,772,79,0
2026-01-05 00:00:00+00:00,61.02,61.036,60.383,60.408,2132,85,0
2026-01-05 04:00:00+00:00,60.405,60.48,60.039,60.079,2482,87,0
2026-01-05 08:00:00+00:00,60.079,60.972,59.634,60.875,4992,81,0
2026-01-05 12:00:00+00:00,60.873,61.711,60.706,61.646,5678,81,0
2026-01-05 16:00:00+00:00,61.645,61.728,61.174,61.585,3996,81,0
2026-01-05 20:00:00+00:00,61.586,61.726,61.586,61.692,754,79,0
2026-01-06 00:00:00+00:00,61.436,61.492,61.213,61.441,1577,81,0
2026-01-06 04:00:00+00:00,61.446,61.507,61.194,61.264,2159,77,0
2026-01-06 08:00:00+00:00,61.264,61.961,61.148,61.884,4208,81,0
2026-01-06 12:00:00+00:00,61.886,62.128,61.076,61.467,6021,80,0
2026-01-06 16:00:00+00:00,61.465,61.583,60.35,60.35,4742,80,0
2026-01-06 20:00:00+00:00,60.354,60.457,60.246,60.347,1139,81,0
2026-01-07 00:00:00+00:00,59.893,60.213,59.841,59.909,2545,83,0
2026-01-07 04:00:00+00:00,59.913,60.006,59.708,59.903,2467,86,0
2026-01-07 08:00:00+00:00,59.905,60.522,59.834,60.361,4627,81,0
2026-01-07 12:00:00+00:00,60.36,60.733,59.942,60.1,6228,79,0
2026-01-07 16:00:00+00:00,60.096,60.241,59.648,59.996,4763,77,0
2026-01-07 20:00:00+00:00,59.994,60.154,59.923,60.142,1034,81,0
2026-01-08 00:00:00+00:00,60.124,60.229,59.92,60.047,1670,77,0
2026-01-08 04:00:00+00:00,60.042,60.117,59.877,59.949,2351,77,0
2026-01-08 08:00:00+00:00,59.947,60.626,59.753,60.589,3874,79,0
2026-01-08 12:00:00+00:00,60.592,61.034,60.539,60.741,5341,79,0
2026-01-08 16:00:00+00:00,60.748,62.246,60.737,62.171,4810,80,0
2026-01-08 20:00:00+00:00,62.173,62.744,62.173,62.448,1810,85,0
2026-01-09 00:00:00+00:00,62.058,62.176,61.968,62.08,1910,83,0
2026-01-09 04:00:00+00:00,62.09,62.527,62.034,62.304,2232,81,0
2026-01-09 08:00:00+00:00,62.307,62.322,61.565,62.276,4545,82,0
2026-01-09 12:00:00+00:00,62.266,63.335,61.962,63.284,6248,83,0
2026-01-09 16:00:00+00:00,63.272,63.603,62.885,62.891,5436,82,0
2026-01-09 20:00:00+00:00,62.881,62.944,62.667,62.711,1128,83,0
2026-01-12 00:00:00+00:00,63.025,63.188,62.574,63.088,2627,90,0
2026-01-12 04:00:00+00:00,63.088,63.221,62.798,62.85,2321,83,0
2026-01-12 08:00:00+00:00,62.848,63.02,62.421,62.55,4784,85,0
2026-01-12 12:00:00+00:00,62.552,63.171,62.483,63.115,5707,82,0
2026-01-12 16:00:00+00:00,63.123,63.784,62.913,63.607,5190,85,0
2026-01-12 20:00:00+00:00,63.613,63.869,63.368,63.749,1136,89,0
2026-01-13 00:00:00+00:00,63.798,63.932,63.416,63.677,2154,81,0
2026-01-13 04:00:00+00:00,63.676,64.041,63.611,63.804,2368,85,0
2026-01-13 08:00:00+00:00,63.794,64.707,63.713,64.643,5367,80,0
2026-01-13 12:00:00+00:00,64.641,65.419,64.186,65.332,7066,85,0
2026-01-13 16:00:00+00:00,65.328,65.418,64.295,64.96,6790,85,0
2026-01-13 20:00:00+00:00,64.958,65.058,64.853,64.976,1306,89,0
2026-01-14 00:00:00+00:00,64.772,64.91,64.645,64.831,2167,87,0
2026-01-14 04:00:00+00:00,64.83,64.89,64.471,64.526,2836,88,0
2026-01-14 08:00:00+00:00,64.526,65.944,64.222,65.693,6368,83,0
2026-01-14 12:00:00+00:00,65.698,65.964,65.162,65.591,7342,85,0
2026-01-14 16:00:00+00:00,65.603,66.342,65.363,66.307,6066,84,0
2026-01-14 20:00:00+00:00,66.312,66.347,63.101,64.457,4198,91,0
2026-01-15 00:00:00+00:00,64.451,64.508,63.868,64.042,2689,103,0
2026-01-15 04:00:00+00:00,64.046,64.224,63.726,63.923,2721,105,0
2026-01-15 08:00:00+00:00,63.907,64.17,63.047,63.919,5937,94,0
2026-01-15 12:00:00+00:00,63.912,63.966,62.875,63.401,7207,86,0
2026-01-15 16:00:00+00:00,63.397,63.563,62.957,63.121,5456,84,0
2026-01-15 20:00:00+00:00,63.112,63.398,62.977,63.392,1313,84,0
2026-01-16 00:00:00+00:00,63.359,63.37,63.041,63.1,2191,84,0
2026-01-16 04:00:00+00:00,63.097,63.522,62.948,63.347,2729,85,0
2026-01-16 08:00:00+00:00,63.347,64.099,63.13,64.031,4596,87,0
2026-01-16 12:00:00+00:00,64.027,64.229,63.652,63.854,5640,87,0
2026-01-16 16:00:00+00:00,63.843,64.119,63.501,63.646,4739,86,0
2026-01-16 20:00:00+00:00,63.649,63.728,63.428,63.571,984,89,0
2026-01-19 00:00:00+00:00,63.435,63.691,63.328,63.69,1656,88,0
2026-01-19 04:00:00+00:00,63.691,63.793,63.023,63.147,2672,88,0
2026-01-19 08:00:00+00:00,63.162,63.286,62.746,63.184,4784,87,0
2026-01-19 12:00:00+00:00,63.183,63.604,63.038,63.536,3908,84,0
2026-01-19 16:00:00+00:00,63.532,63.667,63.331,63.571,2670,83,0
2026-01-20 00:00:00+00:00,63.437,63.513,63.324,63.498,1384,88,0
2026-01-20 04:00:00+00:00,63.5,63.663,63.025,63.09,2842,90,0
2026-01-20 08:00:00+00:00,63.082,63.711,62.802,63.684,5366,86,0
2026-01-20 12:00:00+00:00,63.681,64.47,63.501,64.014,6503,86,0
2026-01-20 16:00:00+00:00,64.014,64.41,63.859,63.894,5341,84,0
2026-01-20 20:00:00+00:00,63.891,63.948,63.318,63.467,1906,91,0
2026-01-21 00:00:00+00:00,63.461,63.761,63.454,63.628,1793,86,0
2026-01-21 04:00:00+00:00,63.631,63.802,63.332,63.433,3284,83,0
2026-01-21 08:00:00+00:00,63.43,64.495,63.104,64.302,6107,88,0
2026-01-21 12:00:00+00:00,64.302,64.774,64.071,64.431,6486,86,0
2026-01-21 16:00:00+00:00,64.424,64.752,64.238,64.634,5300,86,0
2026-01-21 20:00:00+00:00,64.632,64.711,64.535,64.661,1244,86,0
2026-01-22 00:00:00+00:00,64.578,64.714,64.511,64.677,1744,87,0
2026-01-22 04:00:00+00:00,64.677,64.719,64.26,64.308,2425,86,0
2026-01-22 08:00:00+00:00,64.311,64.467,63.459,63.709,5087,87,0
2026-01-22 12:00:00+00:00,63.704,63.939,63.306,63.666,6041,87,0
2026-01-22 16:00:00+00:00,63.667,63.835,62.952,63.369,5104,86,0
2026-01-22 20:00:00+00:00,63.371,63.606,63.348,63.59,771,85,0
2026-01-23 00:00:00+00:00,63.618,63.927,63.576,63.821,1824,86,0
2026-01-23 04:00:00+00:00,63.824,63.99,63.584,63.66,2457,85,0
2026-01-23 08:00:00+00:00,63.657,64.433,63.643,64.37,4630,85,0
2026-01-23 12:00:00+00:00,64.368,65.218,64.349,64.834,5567,87,0
2026-01-23 16:00:00+00:00,64.833,65.271,64.749,65.11,4491,89,0
2026-01-23 20:00:00+00:00,65.108,65.421,65.086,65.308,1133,91,0
2026-01-26 00:00:00+00:00,65.0,65.275,64.938,65.101,2290,88,0
2026-01-26 04:00:00+00:00,65.108,65.71,64.939,64.949,3768,87,0
2026-01-26 08:00:00+00:00,64.956,65.441,64.78,65.194,5249,89,0
2026-01-26 12:00:00+00:00,65.195,65.227,64.524,64.704,6223,88,0
2026-01-26 16:00:00+00:00,64.689,65.102,64.521,64.723,4776,89,0
2026-01-26 20:00:00+00:00,64.72,64.962,64.471,64.902,1344,89,0
2026-01-27 00:00:00+00:00,64.611,64.652,64.252,64.284,2040,88,0
2026-01-27 04:00:00+00:00,64.282,64.567,64.202,64.404,2635,88,0
2026-01-27 08:00:00+00:00,64.405,65.044,64.164,64.672,3373,89,0
2026-01-27 12:00:00+00:00,64.721,65.828,64.457,65.732,6471,90,0
2026-01-27 16:00:00+00:00,65.734,66.724,65.669,66.281,5081,86,0
2026-01-27 20:00:00+00:00,66.281,66.715,66.272,66.65,1462,92,0
2026-01-28 00:00:00+00:00,66.409,66.912,66.379,66.756,2375,89,0
2026-01-28 04:00:00+00:00,66.762,67.045,66.386,66.466,2946,86,0
2026-01-28 08:00:00+00:00,66.475,66.803,66.064,66.586,4990,87,0
2026-01-28 12:00:00+00:00,66.593,67.414,66.417,66.95,7401,90,0
2026-01-28 16:00:00+00:00,66.95,67.353,66.634,67.273,5488,90,0
2026-01-28 20:00:00+00:00,67.271,67.569,67.267,67.537,1326,86,0
2026-01-29 00:00:00+00:00,67.589,68.055,67.51,68.038,2874,85,0
2026-01-29 04:00:00+00:00,68.035,68.463,67.972,68.061,4217,87,0
2026-01-29 08:00:00+00:00,68.06,69.126,68.035,68.728,5955,87,0
2026-01-29 12:00:00+00:00,68.714,70.44,68.603,69.378,9333,94,0
2026-01-29 16:00:00+00:00,69.376,69.702,68.788,69.432,8322,94,0
2026-01-29 20:00:00+00:00,69.43,69.915,69.246,69.518,2050,94,0
2026-01-30 00:00:00+00:00,69.15,69.265,67.627,68.239,4568,111,0
2026-01-30 04:00:00+00:00,68.246,68.727,67.945,68.14,3845,112,0
2026-01-30 08:00:00+00:00,68.139,69.088,68.064,68.915,6910,102,0
2026-01-30 12:00:00+00:00,68.916,69.936,68.787,69.654,8175,93,0
2026-01-30 16:00:00+00:00,69.654,70.047,68.144,69.497,9197,92,0
2026-01-30 20:00:00+00:00,69.486,69.879,69.48,69.708,2185,95,0
2026-02-02 00:00:00+00:00,66.972,67.055,66.129,66.153,5708,89,0
2026-02-02 04:00:00+00:00,66.156,66.185,65.273,65.793,6378,91,0
2026-02-02 08:00:00+00:00,65.796,66.3,65.351,65.801,7645,89,0
2026-02-02 12:00:00+00:00,65.8,66.405,65.468,65.841,9224,89,0
2026-02-02 16:00:00+00:00,65.835,66.194,65.603,66.023,6818,86,0
2026-02-02 20:00:00+00:00,66.023,66.294,65.982,66.262,1215,86,0
2026-02-03 00:00:00+00:00,66.137,66.354,65.444,65.816,3470,87,0
2026-02-03 04:00:00+00:00,65.813,65.908,65.594,65.764,3633,88,0
2026-02-03 08:00:00+00:00,65.78,66.268,64.98,66.228,6271,87,0
2026-02-03 12:00:00+00:00,66.23,66.894,66.062,66.572,7419,86,0
2026-02-03 16:00:00+00:00,66.566,67.557,66.375,67.356,8653,89,0
2026-02-03 20:00:00+00:00,67.341,68.041,67.334,67.748,2121,92,0
2026-02-04 00:00:00+00:00,67.729,67.996,67.388,67.639,3121,89,0
2026-02-04 04:00:00+00:00,67.638,67.68,67.047,67.098,2763,87,0
2026-02-04 08:00:00+00:00,67.11,67.599,66.754,67.107,5192,89,0
2026-02-04 12:00:00+00:00,67.107,67.582,66.798,67.317,7670,87,0
2026-02-04 16:00:00+00:00,67.32,69.468,66.988,68.213,10297,86,0
2026-02-04 20:00:00+00:00,68.235,68.588,68.158,68.533,1693,101,0
2026-02-05 00:00:00+00:00,68.447,68.447,67.424,67.799,4434,91,0
2026-02-05 04:00:00+00:00,67.796,68.081,67.567,67.997,3654,91,0
2026-02-05 08:00:00+00:00,67.991,68.557,67.936,68.548,5896,92,0
2026-02-05 12:00:00+00:00,68.552,68.66,66.688,67.042,9488,88,0
2026-02-05 16:00:00+00:00,67.041,67.806,66.753,67.194,7618,86,0
2026-02-05 20:00:00+00:00,67.21,67.459,67.041,67.082,1571,89,0
2026-02-06 00:00:00+00:00,66.882,67.839,66.608,67.599,4319,88,0
2026-02-06 04:00:00+00:00,67.593,68.281,67.561,68.137,4654,91,0
2026-02-06 08:00:00+00:00,68.119,68.521,66.874,67.258,7270,89,0
2026-02-06 12:00:00+00:00,67.256,68.224,66.31,68.068,8646,87,0
2026-02-06 16:00:00+00:00,68.073,68.523,67.596,67.606,6256,88,0
2026-02-06 20:00:00+00:00,67.604,67.7,67.46,67.622,1270,90,0
2026-02-09 00:00:00+00:00,67.305,67.427,66.989,67.123,2679,83,0
2026-02-09 04:00:00+00:00,67.121,67.161,66.859,66.913,3050,83,0
2026-02-09 08:00:00+00:00,66.921,68.029,66.921,67.991,5678,87,0
2026-02-09 12:00:00+00:00,67.999,68.48,67.291,68.422,7169,86,0
2026-02-09 16:00:00+00:00,68.408,69.091,68.32,68.614,5628,84,0
2026-02-09 20:00:00+00:00,68.615,68.819,68.563,68.778,1008,84,0
2026-02-10 00:00:00+00:00,68.345,68.687,68.345,68.537,2688,87,0
2026-02-10 04:00:00+00:00,68.537,68.818,68.441,68.677,3292,86,0
2026-02-10 08:00:00+00:00,68.673,69.039,68.374,68.984,5158,89,0
2026-02-10 12:00:00+00:00,68.984,69.056,68.561,68.637,6277,88,0
2026-02-10 16:00:00+00:00,68.634,68.722,68.116,68.552,6217,84,0
2026-02-10 20:00:00+00:00,68.548,68.819,68.445,68.621,1398,86,0
2026-02-11 00:00:00+00:00,68.628,69.021,68.613,68.904,2023,83,0
2026-02-11 04:00:00+00:00,68.909,69.073,68.686,68.928,2471,86,0
2026-02-11 08:00:00+00:00,68.931,69.819,68.931,69.798,4116,85,0
2026-02-11 12:00:00+00:00,69.801,70.233,69.216,69.361,7480,88,0
2026-02-11 16:00:00+00:00,69.364,69.675,68.867,69.187,6843,87,0
2026-02-11 20:00:00+00:00,69.199,69.369,69.164,69.272,1040,90,0
2026-02-12 00:00:00+00:00,69.21,69.309,69.101,69.286,1943,88,0
2026-02-12 04:00:00+00:00,69.287,69.385,68.924,69.133,2756,86,0
2026-02-12 08:00:00+00:00,69.13,69.328,68.424,68.703,5086,90,0
2026-02-12 12:00:00+00:00,68.719,68.831,67.816,67.907,6822,87,0
2026-02-12 16:00:00+00:00,67.906,67.933,66.683,67.223,7777,85,0
2026-02-12 20:00:00+00:00,67.215,67.238,67.109,67.237,1123,83,0
2026-02-13 00:00:00+00:00,67.107,67.251,66.929,66.976,2332,84,0
2026-02-13 04:00:00+00:00,66.979,67.125,66.872,66.946,3028,87,0
2026-02-13 08:00:00+00:00,66.946,67.528,66.438,66.71,5787,88,0
2026-02-13 12:00:00+00:00,66.693,67.331,66.604,67.097,7615,87,0
2026-02-13 16:00:00+00:00,67.083,67.562,66.8,67.071,5943,85,0
2026-02-13 20:00:00+00:00,67.072,67.273,66.777,67.17,1385,88,0
2026-02-16 00:00:00+00:00,67.262,67.318,67.104,67.277,1264,88,0
2026-02-16 04:00:00+00:00,67.279,67.332,67.1,67.137,1939,88,0
2026-02-16 08:00:00+00:00,67.135,67.421,66.823,67.261,3703,90,0
2026-02-16 12:00:00+00:00,67.266,67.907,67.207,67.88,3526,87,0
2026-02-16 16:00:00+00:00,67.873,68.229,67.79,68.106,2538,87,0
2026-02-17 00:00:00+00:00,68.012,68.065,67.786,67.835,1336,85,0
2026-02-17 04:00:00+00:00,67.836,67.866,67.471,67.546,1995,83,0
2026-02-17 08:00:00+00:00,67.547,68.492,67.332,68.187,4818,88,0
2026-02-17 12:00:00+00:00,68.194,68.304,66.319,66.462,7943,89,0
2026-02-17 16:00:00+00:00,66.467,67.105,66.433,66.864,5996,85,0
2026-02-17 20:00:00+00:00,66.861,67.004,66.815,66.927,1156,85,0
2026-02-18 00:00:00+00:00,66.927,67.125,66.879,67.108,911,89,0
2026-02-18 04:00:00+00:00,67.108,67.217,66.982,67.116,1721,85,0
2026-02-18 08:00:00+00:00,67.117,68.358,67.025,68.357,4312,88,0
2026-02-18 12:00:00+00:00,68.36,69.192,68.157,68.951,5952,89,0
2026-02-18 16:00:00+00:00,68.955,70.047,68.875,69.772,5831,88,0
2026-02-18 20:00:00+00:00,69.773,70.151,69.536,69.702,1814,89,0
2026-02-19 00:00:00+00:00,69.685,70.101,69.681,70.056,1097,104,0
2026-02-19 04:00:00+00:00,70.057,70.521,69.854,70.503,1941,94,0
2026-02-19 08:00:00+00:00,70.505,71.025,70.37,70.798,5525,92,0
2026-02-19 12:00:00+00:00,70.802,71.323,70.228,71.177,7059,93,0
2026-02-19 16:00:00+00:00,71.173,71.517,71.002,71.436,5845,93,0
2026-02-19 20:00:00+00:00,71.437,71.68,70.78,71.486,1562,91,0
2026-02-20 00:00:00+00:00,71.378,71.67,71.299,71.448,1776,101,0
2026-02-20 04:00:00+00:00,71.446,71.843,71.129,71.149,2461,95,0
2026-02-20 08:00:00+00:00,71.176,71.427,70.675,70.865,5379,97,0
2026-02-20 12:00:00+00:00,70.865,71.42,70.696,70.775,6938,93,0
2026-02-20 16:00:00+00:00,70.779,71.518,70.66,71.305,6614,91,0
2026-02-20 20:00:00+00:00,71.308,71.342,71.093,71.173,1208,92,0
2026-02-23 00:00:00+00:00,70.503,70.869,70.417,70.51,1655,96,0
2026-02-23 04:00:00+00:00,70.505,70.642,70.312,70.452,1925,101,0
2026-02-23 08:00:00+00:00,70.463,71.266,70.388,71.236,4212,95,0
2026-02-23 12:00:00+00:00,71.242,72.01,71.215,71.588,5549,93,0
2026-02-23 16:00:00+00:00,71.57,71.898,70.886,71.115,5557,92,0
2026-02-23 20:00:00+00:00,71.121,71.276,71.039,71.055,1063,90,0
2026-02-24 00:00:00+00:00,71.003,71.719,70.826,71.648,2936,93,0
2026-02-24 04:00:00+00:00,71.65,71.72,71.218,71.307,2687,95,0
2026-02-24 08:00:00+00:00,71.308,71.353,70.855,71.057,4562,95,0
2026-02-24 12:00:00+00:00,71.05,71.84,70.491,70.738,6724,94,0
2026-02-24 16:00:00+00:00,70.735,71.11,70.475,70.802,5627,91,0
2026-02-24 20:00:00+00:00,70.797,71.354,70.715,70.978,1503,98,0
2026-02-25 00:00:00+00:00,71.141,71.48,70.877,70.921,2314,95,0
2026-02-25 04:00:00+00:00,70.919,71.057,70.652,70.771,2601,96,0
2026-02-25 08:00:00+00:00,70.778,71.01,70.393,70.846,4888,92,0
2026-02-25 12:00:00+00:00,70.847,71.294,70.35,70.503,6773,91,0
2026-02-25 16:00:00+00:00,70.5,70.977,70.198,70.906,5776,89,0
2026-02-25 20:00:00+00:00,70.908,70.933,70.649,70.809,936,88,0
2026-02-26 00:00:00+00:00,70.853,70.95,70.566,70.739,1887,95,0
2026-02-26 04:00:00+00:00,70.739,70.87,70.585,70.683,2194,93,0
2026-02-26 08:00:00+00:00,70.684,70.873,69.531,69.734,5499,91,0
2026-02-26 12:00:00+00:00,69.735,72.054,69.08,72.035,8385,88,0
2026-02-26 16:00:00+00:00,72.018,72.26,70.35,70.836,8732,93,0
2026-02-26 20:00:00+00:00,70.836,71.1,70.748,70.935,1439,96,0
2026-02-27 00:00:00+00:00,70.359,70.762,70.329,70.762,2208,93,0
2026-02-27 04:00:00+00:00,70.758,71.264,70.701,71.226,2737,97,0
2026-02-27 08:00:00+00:00,71.224,72.453,71.026,72.395,6061,93,0
2026-02-27 12:00:00+00:00,72.39,73.406,72.233,72.552,8384,94,0
2026-02-27 16:00:00+00:00,72.542,72.925,71.788,72.789,7289,92,0
2026-02-27 20:00:00+00:00,72.781,73.153,72.686,72.898,2064,93,0
2026-03-02 00:00:00+00:00,77.264,77.384,75.517,76.769,6359,113,0
2026-03-02 04:00:00+00:00,76.768,79.725,76.562,79.647,7990,128,0
2026-03-02 08:00:00+00:00,79.619,79.788,77.151,78.053,11186,110,0
2026-03-02 12:00:00+00:00,78.058,79.184,77.721,77.904,11412,104,0
2026-03-02 16:00:00+00:00,77.895,77.953,76.405,77.129,9901,101,0
2026-03-02 20:00:00+00:00,77.128,79.204,77.128,77.808,4480,103,0
2026-03-03 00:00:00+00:00,78.13,79.188,77.938,78.975,3785,127,0
2026-03-03 04:00:00+00:00,78.98,80.734,78.781,80.411,5917,126,0
2026-03-03 08:00:00+00:00,80.388,84.247,79.847,83.754,10964,118,0
2026-03-03 12:00:00+00:00,83.779,84.08,81.606,82.883,14121,115,0
2026-03-03 16:00:00+00:00,82.894,83.211,77.732,79.701,13621,111,0
2026-03-03 20:00:00+00:00,79.679,81.435,79.297,81.229,4217,116,0
2026-03-04 00:00:00+00:00,80.935,81.757,80.62,81.392,6049,129,0
2026-03-04 04:00:00+00:00,81.395,83.224,81.255,82.69,6586,131,0
2026-03-04 08:00:00+00:00,82.671,83.378,80.903,81.409,11758,113,0
2026-03-04 12:00:00+00:00,81.407,81.731,79.365,80.06,13228,105,0
2026-03-04 16:00:00+00:00,80.07,80.921,79.688,80.272,9756,108,0
2026-03-04 20:00:00+00:00,80.272,81.558,80.266,81.555,2998,114,0
2026-03-05 00:00:00+00:00,82.139,82.643,81.671,82.437,3973,149,0
2026-03-05 04:00:00+00:00,82.427,83.408,81.048,82.455,6276,132,0
2026-03-05 08:00:00+00:00,82.454,83.004,80.363,82.346,10949,109,0
2026-03-05 12:00:00+00:00,82.339,83.312,81.652,82.748,11482,107,0
2026-03-05 16:00:00+00:00,82.763,84.479,82.451,84.455,11305,110,0
2026-03-05 20:00:00+00:00,84.467,84.771,82.209,82.442,5207,117,0
2026-03-06 00:00:00+00:00,82.231,83.038,81.674,82.889,5254,128,0
2026-03-06 04:00:00+00:00,82.887,83.928,82.685,83.912,5876,126,0
2026-03-06 08:00:00+00:00,83.89,87.548,83.395,87.384,11335,117,0
2026-03-06 12:00:00+00:00,87.357,89.624,85.948,88.717,14507,63,0
2026-03-06 16:00:00+00:00,88.707,91.988,88.435,90.807,13739,63,0
2026-03-06 20:00:00+00:00,90.784,90.952,90.061,90.797,3559,63,0
2026-03-09 00:00:00+00:00,104.054,113.722,103.709,112.602,6064,180,0
2026-03-09 04:00:00+00:00,112.577,114.205,102.599,104.434,8572,184,0
2026-03-09 08:00:00+00:00,104.503,106.264,98.58,100.97,14681,78,0
2026-03-09 12:00:00+00:00,100.937,102.475,95.017,95.558,11940,94,0
2026-03-09 16:00:00+00:00,95.537,97.747,82.579,87.745,10043,137,0
2026-03-09 20:00:00+00:00,87.733,90.748,84.917,86.706,2391,163,0
2026-03-10 00:00:00+00:00,89.424,92.503,86.173,91.583,5410,166,0
2026-03-10 04:00:00+00:00,91.582,92.502,87.661,87.86,5105,126,0
2026-03-10 08:00:00+00:00,87.819,91.103,87.357,90.154,14279,69,0
2026-03-10 12:00:00+00:00,90.125,91.813,85.495,86.873,15549,69,0
2026-03-10 16:00:00+00:00,86.893,90.219,80.166,89.681,11277,92,0
2026-03-10 20:00:00+00:00,89.664,89.97,88.832,89.382,1339,90,0
2026-03-11 00:00:00+00:00,87.97,88.388,85.319,85.5,5872,94,0
2026-03-11 04:00:00+00:00,85.472,88.288,85.053,88.091,3829,95,0
2026-03-11 08:00:00+00:00,88.083,90.755,87.102,89.332,13712,51,0
2026-03-11 12:00:00+00:00,89.323,90.513,85.888,90.51,28595,46,0
2026-03-11 16:00:00+00:00,90.512,91.348,89.512,91.173,16773,49,0
2026-03-11 20:00:00+00:00,91.173,91.706,91.029,91.68,1340,55,0
2026-03-12 00:00:00+00:00,96.565,98.896,94.7,97.978,5827,98,0
2026-03-12 04:00:00+00:00,97.971,98.392,93.313,93.82,6792,94,0
2026-03-12 08:00:00+00:00,93.797,96.246,93.571,95.918,9002,85,0
2026-03-12 12:00:00+00:00,95.894,99.14,95.681,96.824,12531,79,0
2026-03-12 16:00:00+00:00,96.838,99.73,95.711,99.208,8373,53,0
2026-03-12 20:00:00+00:00,99.217,99.432,98.469,99.094,2089,52,0
2026-03-13 00:00:00+00:00,98.39,99.22,97.396,98.319,3300,97,0
2026-03-13 04:00:00+00:00,98.306,100.14,97.251,99.873,3183,94,0
2026-03-13 08:00:00+00:00,99.856,100.295,96.406,96.865,8250,81,0
2026-03-13 12:00:00+00:00,96.887,99.422,95.618,98.962,22069,45,0
2026-03-13 16:00:00+00:00,98.952,101.034,98.347,100.346,11558,47,0
2026-03-13 20:00:00+00:00,100.348,101.052,100.198,100.816,1583,60,0
2026-03-16 00:00:00+00:00,100.34,101.841,99.224,101.591,3548,96,0
2026-03-16 04:00:00+00:00,101.58,103.212,100.644,102.791,2354,90,0
2026-03-16 08:00:00+00:00,102.802,103.205,99.635,100.253,13311,49,0
2026-03-16 12:00:00+00:00,100.266,100.634,97.159,99.113,8753,68,0
2026-03-16 16:00:00+00:00,99.104,100.315,96.87,97.475,6538,81,0
2026-03-16 20:00:00+00:00,97.46,98.146,97.236,98.106,672,95,0
2026-03-17 00:00:00+00:00,98.833,100.082,98.776,99.905,8181,47,0
2026-03-17 04:00:00+00:00,99.916,101.773,99.431,100.363,10576,49,0
2026-03-17 08:00:00+00:00,100.372,101.354,99.704,100.785,13154,46,0
2026-03-17 12:00:00+00:00,100.782,100.854,98.361,100.017,14026,50,0
2026-03-17 16:00:00+00:00,100.015,101.065,98.763,100.91,8684,49,0
2026-03-17 20:00:00+00:00,100.923,101.025,100.642,100.846,744,58,0
2026-03-18 00:00:00+00:00,100.536,100.568,98.238,98.28,7564,49,0
2026-03-18 04:00:00+00:00,98.28,99.359,97.677,99.262,8279,50,0
2026-03-18 08:00:00+00:00,99.268,102.029,99.159,101.004,11868,41,0
2026-03-18 12:00:00+00:00,100.993,106.36,100.909,105.196,24103,47,0
2026-03-18 16:00:00+00:00,105.173,106.4,102.6,106.111,18495,47,0
2026-03-18 20:00:00+00:00,106.12,108.263,106.034,107.435,3277,54,0
2026-03-19 00:00:00+00:00,107.142,108.796,106.716,107.82,14300,48,0
2026-03-19 04:00:00+00:00,107.836,110.734,107.622,109.972,12735,48,0
2026-03-19 08:00:00+00:00,109.97,113.646,108.766,109.043,26383,48,0
2026-03-19 12:00:00+00:00,109.063,109.427,105.784,106.377,27684,52,0
2026-03-19 16:00:00+00:00,106.38,107.711,100.456,103.831,24761,47,0
2026-03-19 20:00:00+00:00,103.818,104.621,103.589,104.243,2529,55,0
2026-03-20 00:00:00+00:00,102.642,103.822,101.297,103.463,8902,51,0
2026-03-20 04:00:00+00:00,103.45,104.841,102.822,103.798,7841,52,0
2026-03-20 08:00:00+00:00,103.786,107.229,103.273,103.811,14347,51,0
2026-03-20 12:00:00+00:00,103.801,106.786,103.172,105.727,17998,50,0
2026-03-20 16:00:00+00:00,105.72,108.405,105.385,107.086,17083,47,0
2026-03-20 20:00:00+00:00,107.077,107.94,107.036,107.841,2185,55,0
2026-03-23 00:00:00+00:00,107.617,108.745,106.852,108.632,8530,50,0
2026-03-23 04:00:00+00:00,108.625,110.136,107.551,109.707,10065,50,0
2026-03-23 08:00:00+00:00,109.689,110.329,92.769,101.813,22459,54,0
2026-03-23 12:00:00+00:00,101.775,103.017,93.511,98.853,34979,48,0
2026-03-23 16:00:00+00:00,98.825,100.382,94.469,96.515,30418,41,0
2026-03-23 20:00:00+00:00,96.502,97.333,96.143,96.811,2775,41,0
2026-03-24 00:00:00+00:00,97.328,100.704,97.206,100.366,5105,76,0
2026-03-24 04:00:00+00:00,100.329,100.731,97.402,97.422,5811,76,0
2026-03-24 08:00:00+00:00,97.462,99.196,96.927,98.726,15182,44,0
2026-03-24 12:00:00+00:00,98.696,100.26,98.288,100.082,14488,40,0
2026-03-24 16:00:00+00:00,100.073,101.112,98.902,100.079,16513,43,0
2026-03-24 20:00:00+00:00,100.086,100.131,94.531,96.119,6481,45,0
2026-03-25 00:00:00+00:00,95.267,96.441,93.583,96.202,12097,42,0
2026-03-25 04:00:00+00:00,96.213,97.14,95.394,95.7,11306,42,0
2026-03-25 08:00:00+00:00,95.693,96.539,93.837,94.526,16004,45,0
2026-03-25 12:00:00+00:00,94.499,97.594,94.316,97.528,18959,42,0
2026-03-25 16:00:00+00:00,97.534,98.611,96.456,98.042,16148,39,0
2026-03-25 20:00:00+00:00,98.046,98.461,98.037,98.409,1650,37,0
2026-03-26 00:00:00+00:00,98.088,98.898,97.765,98.477,7939,38,0
2026-03-26 04:00:00+00:00,98.479,100.042,98.26,99.797,9226,35,0
2026-03-26 08:00:00+00:00,99.792,101.911,99.406,101.83,13710,41,0
2026-03-26 12:00:00+00:00,101.849,102.106,100.087,101.871,17867,41,0
2026-03-26 16:00:00+00:00,101.873,102.454,101.219,101.373,12277,35,0
2026-03-26 20:00:00+00:00,101.365,101.572,97.165,101.39,5387,37,0
2026-03-27 00:00:00+00:00,99.958,101.323,98.967,100.666,9381,40,0
2026-03-27 04:00:00+00:00,100.668,102.707,100.62,102.37,8792,35,0
2026-03-27 08:00:00+00:00,102.309,104.35,102.034,103.744,13026,39,0
2026-03-27 12:00:00+00:00,103.744,104.467,102.493,104.073,17876,29,0
2026-03-27 16:00:00+00:00,104.07,106.449,103.59,105.247,16435,36,0
2026-03-27 20:00:00+00:00,105.243,106.353,104.898,106.247,4143,39,0
2026-03-30 00:00:00+00:00,107.896,108.713,106.211,107.157,13845,40,0
2026-03-30 04:00:00+00:00,107.149,108.336,106.669,107.921,11424,42,0
2026-03-30 08:00:00+00:00,107.891,108.648,105.524,106.95,13223,43,0
2026-03-30 12:00:00+00:00,106.944,108.067,105.944,106.928,17360,40,0
2026-03-30 16:00:00+00:00,106.909,107.728,106.325,107.558,13380,38,0
2026-03-30 20:00:00+00:00,107.548,108.272,107.548,108.034,2118,38,0
2026-03-31 00:00:00+00:00,108.178,108.92,103.768,106.397,13924,43,0
2026-03-31 04:00:00+00:00,106.393,106.84,105.306,105.394,9812,40,0
2026-03-31 08:00:00+00:00,105.395,107.27,104.883,105.926,15775,40,0
2026-03-31 12:00:00+00:00,105.925,107.188,105.481,106.15,18736,40,0
2026-03-31 16:00:00+00:00,106.164,106.583,101.54,103.158,24256,40,0
2026-03-31 20:00:00+00:00,103.152,103.204,101.555,102.192,3186,40,0
2026-04-01 00:00:00+00:00,103.042,104.369,102.715,103.717,8193,40,0
2026-04-01 04:00:00+00:00,103.708,103.885,97.099,99.726,15557,39,0
2026-04-01 08:00:00+00:00,99.703,102.478,99.507,100.118,17210,39,0
2026-04-01 12:00:00+00:00,100.107,101.199,98.934,100.34,24259,38,0
2026-04-01 16:00:00+00:00,100.335,100.812,98.447,99.458,13523,38,0
2026-04-01 20:00:00+00:00,99.465,99.82,98.731,98.793,2105,33,0
2026-04-02 00:00:00+00:00,97.939,104.782,97.377,104.645,17653,41,0
2026-04-02 04:00:00+00:00,104.652,106.258,104.601,105.597,14903,40,0
2026-04-02 08:00:00+00:00,105.608,107.411,105.459,106.829,13697,38,0
2026-04-02 12:00:00+00:00,106.816,107.429,103.038,105.34,30644,39,0
2026-04-02 16:00:00+00:00,105.344,106.89,104.865,106.132,17740,37,0
2026-04-02 20:00:00+00:00,106.138,106.664,106.082,106.516,2614,35,0
2026-04-06 00:00:00+00:00,108.041,108.206,106.005,106.883,8553,43,0
2026-04-06 04:00:00+00:00,106.879,107.522,104.623,105.296,10200,42,0
2026-04-06 08:00:00+00:00,105.285,106.162,104.147,105.99,12852,40,0
2026-04-06 12:00:00+00:00,105.987,107.23,105.184,106.756,17816,39,0
2026-04-06 16:00:00+00:00,106.755,108.253,105.946,106.687,15970,38,0
2026-04-06 20:00:00+00:00,106.702,106.955,106.419,106.732,2535,35,0
2026-04-07 00:00:00+00:00,106.943,108.32,105.982,108.147,5436,38,0
2026-04-07 04:00:00+00:00,108.146,108.461,107.599,108.415,11063,39,0
2026-04-07 08:00:00+00:00,108.412,108.416,104.326,107.527,21180,37,0
2026-04-07 12:00:00+00:00,107.51,108.305,105.906,106.285,22489,40,0
2026-04-07 16:00:00+00:00,106.294,107.827,102.036,104.185,23527,39,0
2026-04-07 20:00:00+00:00,104.194,104.693,102.254,102.892,8804,45,0
2026-04-08 00:00:00+00:00,102.631,102.631,91.721,92.492,17091,37,0
2026-04-08 04:00:00+00:00,92.491,93.464,90.625,92.712,18575,35,0
2026-04-08 08:00:00+00:00,92.706,94.037,90.566,90.617,21394,36,0
2026-04-08 12:00:00+00:00,90.606,93.847,88.816,92.856,33921,35,0
2026-04-08 16:00:00+00:00,92.857,95.241,92.293,94.318,22452,35,0
2026-04-08 20:00:00+00:00,94.325,94.604,93.875,94.334,2921,37,0
2026-04-09 00:00:00+00:00,95.134,95.716,94.213,94.402,11286,36,0
2026-04-09 04:00:00+00:00,94.405,96.047,94.241,95.917,11252,34,0
2026-04-09 08:00:00+00:00,95.919,96.242,94.977,95.306,14815,36,0
2026-04-09 12:00:00+00:00,95.297,96.823,93.838,94.16,25508,32,0
2026-04-09 16:00:00+00:00,94.163,94.783,92.262,94.688,24301,33,0
2026-04-09 20:00:00+00:00,94.682,94.718,93.895,93.984,3411,34,0
2026-04-10 00:00:00+00:00,94.212,94.295,93.216,93.302,8280,35,0
2026-04-10 04:00:00+00:00,93.302,95.106,93.269,94.815,9303,34,0
2026-04-10 08:00:00+00:00,94.826,95.424,93.001,93.4,13954,34,0
2026-04-10 12:00:00+00:00,93.399,94.687,92.531,94.577,20969,34,0
2026-04-10 16:00:00+00:00,94.58,94.875,91.894,92.313,16217,32,0
2026-04-10 20:00:00+00:00,92.305,92.348,91.967,91.991,2041,34,0
2026-04-13 00:00:00+00:00,99.384,99.469,97.755,98.595,9129,33,0
2026-04-13 04:00:00+00:00,98.596,98.756,97.737,98.521,8670,33,0
2026-04-13 08:00:00+00:00,98.53,99.759,98.314,98.829,11811,34,0
2026-04-13 12:00:00+00:00,98.838,99.175,95.544,98.673,21727,35,0
2026-04-13 16:00:00+00:00,98.672,98.817,94.669,95.214,21373,33,0
2026-04-13 20:00:00+00:00,95.215,95.392,94.815,94.958,2045,35,0
2026-04-14 00:00:00+00:00,94.241,95.341,93.365,94.87,8147,34,0
2026-04-14 04:00:00+00:00,94.867,96.001,94.363,95.373,10895,34,0
2026-04-14 08:00:00+00:00,95.369,96.114,94.865,95.591,13192,34,0
2026-04-14 12:00:00+00:00,95.569,95.587,92.078,92.801,24059,34,0
2026-04-14 16:00:00+00:00,92.801,92.998,91.959,92.626,14285,32,0
2026-04-14 20:00:00+00:00,92.62,92.735,92.193,92.457,1809,31,0
2026-04-15 00:00:00+00:00,91.664,92.628,91.255,92.196,8747,34,0
2026-04-15 04:00:00+00:00,92.198,92.908,91.519,92.234,9506,34,0
2026-04-15 08:00:00+00:00,92.249,94.177,92.052,92.741,16160,34,0
2026-04-15 12:00:00+00:00,92.748,93.377,91.557,93.159,21641,33,0
2026-04-15 16:00:00+00:00,93.154,93.28,91.998,92.175,13668,32,0
2026-04-15 20:00:00+00:00,92.176,92.366,92.173,92.288,961,32,0
2026-04-16 00:00:00+00:00,91.734,92.398,91.581,92.08,5642,33,0
2026-04-16 04:00:00+00:00,92.077,93.319,91.772,93.302,6986,33,0
2026-04-16 08:00:00+00:00,93.308,93.772,92.441,92.749,9912,32,0
2026-04-16 12:00:00+00:00,92.738,95.212,92.47,94.72,16684,32,0
2026-04-16 16:00:00+00:00,94.708,95.815,94.38,94.56,13778,32,0
2026-04-16 20:00:00+00:00,94.565,94.585,94.295,94.34,1180,34,0
2026-04-17 00:00:00+00:00,94.05,94.611,94.013,94.126,4806,34,0
2026-04-17 04:00:00+00:00,94.125,94.733,93.824,94.267,6867,34,0
2026-04-17 08:00:00+00:00,94.281,94.46,91.767,92.209,13464,33,0
2026-04-17 12:00:00+00:00,92.2,92.4,84.23,86.485,38477,34,0
2026-04-17 16:00:00+00:00,86.497,88.36,86.068,87.855,16939,33,0
2026-04-17 20:00:00+00:00,87.861,88.56,87.702,88.287,2222,36,0
2026-04-20 00:00:00+00:00,92.818,92.824,90.664,91.329,11116,31,0
2026-04-20 04:00:00+00:00,91.33,92.322,90.647,91.801,10779,30,0
2026-04-20 08:00:00+00:00,91.807,92.353,90.623,91.07,15241,33,0
2026-04-20 12:00:00+00:00,91.077,92.369,89.48,91.814,23918,32,0
2026-04-20 16:00:00+00:00,91.806,92.083,91.188,91.258,12544,30,0
2026-04-20 20:00:00+00:00,91.252,91.351,90.524,90.537,1603,30,0
2026-04-21 00:00:00+00:00,90.578,91.196,90.42,90.988,5172,32,0
2026-04-21 04:00:00+00:00,90.988,91.612,90.005,90.903,7916,33,0
2026-04-21 08:00:00+00:00,90.915,91.704,90.55,91.582,12460,32,0
2026-04-21 12:00:00+00:00,91.576,94.295,91.058,93.979,19124,30,0
2026-04-21 16:00:00+00:00,93.976,96.555,92.67,96.049,24876,31,0
2026-04-21 20:00:00+00:00,96.04,96.205,92.611,94.83,6788,39,0
2026-04-22 00:00:00+00:00,93.887,94.078,93.258,93.534,8272,34,0
2026-04-22 04:00:00+00:00,93.535,93.907,92.134,93.899,10123,33,0
2026-04-22 08:00:00+00:00,93.887,95.664,93.758,94.906,14810,35,0
2026-04-22 12:00:00+00:00,94.914,97.222,94.49,97.088,22598,33,0
2026-04-22 16:00:00+00:00,97.079,97.494,96.461,96.655,13025,30,0
2026-04-22 20:00:00+00:00,96.66,97.009,96.529,96.886,1261,33,0
2026-04-23 00:00:00+00:00,97.058,100.221,96.567,98.045,14339,36,0
2026-04-23 04:00:00+00:00,98.047,98.309,97.157,97.65,10353,36,0
2026-04-23 08:00:00+00:00,97.633,99.462,97.198,97.37,14297,36,0
2026-04-23 12:00:00+00:00,97.385,98.978,96.448,98.636,21665,34,0
2026-04-23 16:00:00+00:00,98.625,101.948,98.056,100.502,23409,34,0
2026-04-23 20:00:00+00:00,100.496,101.394,100.479,101.289,2232,37,0
2026-04-24 00:00:00+00:00,100.583,101.108,99.581,100.091,7195,36,0
2026-04-24 04:00:00+00:00,100.088,100.751,99.149,100.61,8318,37,0
2026-04-24 08:00:00+00:00,100.624,101.588,97.839,98.651,17583,36,0
2026-04-24 12:00:00+00:00,98.665,100.373,97.926,98.774,24447,35,0
2026-04-24 16:00:00+00:00,98.784,100.335,97.901,100.064,16417,32,0
2026-04-24 20:00:00+00:00,100.071,100.849,100.071,100.221,2140,35,0
2026-04-27 00:00:00+00:00,101.386,101.606,99.952,100.339,6478,35,0
2026-04-27 04:00:00+00:00,100.341,101.915,100.283,101.865,7612,33,0
2026-04-27 08:00:00+00:00,101.883,102.167,99.57,100.163,11540,36,0
2026-04-27 12:00:00+00:00,100.144,102.398,99.971,101.316,18980,33,0
2026-04-27 16:00:00+00:00,101.322,102.597,101.248,101.601,13007,34,0
2026-04-27 20:00:00+00:00,101.596,101.951,101.474,101.918,1259,35,0
2026-04-28 00:00:00+00:00,101.53,102.493,101.432,102.489,4554,36,0
2026-04-28 04:00:00+00:00,102.487,104.576,102.313,104.24,9526,36,0
2026-04-28 08:00:00+00:00,104.255,105.543,103.216,105.233,13690,37,0
2026-04-28 12:00:00+00:00,105.238,105.287,102.759,103.853,26509,37,0
2026-04-28 16:00:00+00:00,103.853,104.404,103.146,104.113,11648,33,0
2026-04-28 20:00:00+00:00,104.12,104.126,103.653,103.932,1229,36,0
2026-04-29 00:00:00+00:00,103.344,104.589,102.777,103.525,7263,38,0
2026-04-29 04:00:00+00:00,103.525,105.842,103.484,105.488,7628,36,0
2026-04-29 08:00:00+00:00,105.495,107.404,105.438,107.092,14165,36,0
2026-04-29 12:00:00+00:00,107.098,110.56,106.74,110.375,20335,35,0
2026-04-29 16:00:00+00:00,110.368,111.122,109.367,110.805,18121,35,0
2026-04-29 20:00:00+00:00,110.811,111.154,110.536,111.019,2024,37,0
2026-04-30 00:00:00+00:00,109.596,112.154,109.476,111.832,12456,40,0
2026-04-30 04:00:00+00:00,111.834,113.524,110.469,110.824,17019,41,0
2026-04-30 08:00:00+00:00,110.807,111.395,106.159,107.868,23364,40,0
2026-04-30 12:00:00+00:00,107.878,110.055,107.13,108.586,29534,39,0
2026-04-30 16:00:00+00:00,108.578,110.04,107.633,109.995,18553,35,0
2026-04-30 20:00:00+00:00,109.985,110.781,109.846,110.219,2340,38,0
2026-05-01 00:00:00+00:00,110.101,110.878,109.904,110.122,5069,41,0
2026-05-01 04:00:00+00:00,110.125,111.05,109.067,110.115,10186,39,0
2026-05-01 08:00:00+00:00,110.106,110.919,109.391,109.564,13035,36,0
2026-05-01 12:00:00+00:00,109.561,109.878,105.08,106.472,25775,38,0
2026-05-01 16:00:00+00:00,106.479,107.514,105.963,107.367,17244,34,0
2026-05-01 20:00:00+00:00,107.361,107.921,107.265,107.614,1942,35,0
2026-05-04 00:00:00+00:00,106.927,107.339,106.08,106.952,5238,37,0
2026-05-04 04:00:00+00:00,106.951,108.483,105.092,108.463,9989,40,0
2026-05-04 08:00:00+00:00,108.478,112.501,107.573,109.742,21410,39,0
2026-05-04 12:00:00+00:00,109.744,112.896,108.254,112.443,29758,38,0
2026-05-04 16:00:00+00:00,112.439,113.571,111.54,112.428,20677,35,0
2026-05-04 20:00:00+00:00,112.44,112.515,111.891,112.326,1552,40,0
2026-05-05 00:00:00+00:00,111.898,112.16,111.01,111.318,5653,37,0
2026-05-05 04:00:00+00:00,111.317,112.536,110.445,111.809,10869,37,0
2026-05-05 08:00:00+00:00,111.798,111.94,110.168,110.693,15001,41,0
2026-05-05 12:00:00+00:00,110.696,111.149,108.319,108.895,24392,38,0
2026-05-05 16:00:00+00:00,108.894,109.15,108.163,108.827,12483,34,0
2026-05-05 20:00:00+00:00,108.841,108.993,108.651,108.988,1733,33,0
2026-05-06 00:00:00+00:00,106.589,107.375,105.907,106.422,7913,41,0
2026-05-06 04:00:00+00:00,106.434,107.322,104.102,104.204,10976,40,0
2026-05-06 08:00:00+00:00,104.195,105.444,95.438,98.846,39519,38,0
2026-05-06 12:00:00+00:00,98.839,102.543,98.766,100.695,33636,37,0
2026-05-06 16:00:00+00:00,100.696,101.488,99.29,100.031,15881,32,0
2026-05-06 20:00:00+00:00,100.039,100.727,99.827,100.433,2419,33,0
2026-05-07 00:00:00+00:00,100.5,100.67,99.376,100.255,8218,33,0
2026-05-07 04:00:00+00:00,100.262,100.307,95.932,97.97,12759,36,0
2026-05-07 08:00:00+00:00,97.984,99.169,96.239,96.547,19013,38,0
2026-05-07 12:00:00+00:00,96.54,97.815,94.643,97.697,26641,35,0
2026-05-07 16:00:00+00:00,97.701,101.246,97.664,100.232,29476,31,0
2026-05-07 20:00:00+00:00,100.219,101.256,98.558,101.224,5794,40,0
2026-05-08 00:00:00+00:00,100.423,101.106,99.0,99.408,8808,35,0
2026-05-08 04:00:00+00:00,99.411,100.107,98.057,99.231,12221,36,0
2026-05-08 08:00:00+00:00,99.229,99.555,97.898,98.879,17107,36,0
2026-05-08 12:00:00+00:00,98.885,100.479,98.001,100.048,23715,35,0
2026-05-08 16:00:00+00:00,100.039,100.096,98.85,99.042,15297,32,0
2026-05-08 20:00:00+00:00,99.05,99.171,98.527,98.793,1923,32,0
2026-05-11 00:00:00+00:00,102.733,103.663,102.414,103.523,7503,36,0
2026-05-11 04:00:00+00:00,103.525,103.837,102.316,102.552,8285,35,0
2026-05-11 08:00:00+00:00,102.543,102.657,101.353,102.318,12012,36,0
2026-05-11 12:00:00+00:00,102.316,102.74,100.951,102.201,19046,34,0
2026-05-11 16:00:00+00:00,102.201,103.737,102.125,102.449,13831,33,0
2026-05-11 20:00:00+00:00,102.44,103.029,102.339,102.615,1710,37,0
2026-05-12 00:00:00+00:00,102.368,103.283,102.341,103.108,4372,33,0
2026-05-12 04:00:00+00:00,103.106,104.467,102.606,104.359,7975,34,0
2026-05-12 08:00:00+00:00,104.35,105.995,104.306,105.354,13169,36,0
2026-05-12 12:00:00+00:00,105.364,106.195,104.951,105.489,17148,34,0
2026-05-12 16:00:00+00:00,105.48,106.117,105.055,105.757,11402,32,0
2026-05-12 20:00:00+00:00,105.747,105.838,105.244,105.33,1170,34,0
2026-05-13 00:00:00+00:00,105.071,105.183,104.035,104.328,4683,41,0
2026-05-13 04:00:00+00:00,104.328,104.669,103.866,104.599,5678,38,0
2026-05-13 08:00:00+00:00,104.591,105.853,104.453,105.142,10397,35,0
2026-05-13 12:00:00+00:00,105.142,105.738,104.051,104.362,14220,33,0
2026-05-13 16:00:00+00:00,104.365,104.383,103.148,103.546,11623,31,0
2026-05-13 20:00:00+00:00,103.551,103.742,103.025,103.067,1263,31,0
2026-05-14 00:00:00+00:00,103.215,103.639,102.768,103.383,3235,81,0
2026-05-14 04:00:00+00:00,103.379,104.153,102.032,104.041,5125,79,0
2026-05-14 08:00:00+00:00,104.044,104.505,101.964,102.189,11290,72,0
2026-05-14 12:00:00+00:00,102.178,103.466,101.207,102.298,12975,68,0
2026-05-14 16:00:00+00:00,102.297,103.824,101.935,103.814,7458,63,0
2026-05-14 20:00:00+00:00,103.808,104.067,103.728,103.848,1040,71,0
2026-05-15 00:00:00+00:00,103.511,104.526,103.325,103.895,6980,34,0
2026-05-15 04:00:00+00:00,103.895,104.904,103.895,104.778,8197,32,0
2026-05-15 08:00:00+00:00,104.779,106.456,104.222,105.486,15445,37,0
2026-05-15 12:00:00+00:00,105.496,106.518,104.829,106.273,14720,35,0
2026-05-15 16:00:00+00:00,106.275,106.562,105.735,106.304,9415,32,0
2026-05-15 20:00:00+00:00,106.312,106.586,106.107,106.2,1303,32,0
2026-05-18 00:00:00+00:00,106.864,108.593,106.816,107.814,7814,35,0
2026-05-18 04:00:00+00:00,107.809,108.06,106.302,106.906,8474,36,0
2026-05-18 08:00:00+00:00,106.894,108.009,105.363,106.032,13188,38,0
2026-05-18 12:00:00+00:00,106.031,107.845,103.906,107.654,23101,37,0
2026-05-18 16:00:00+00:00,107.647,109.355,105.617,106.053,17417,34,0
2026-05-18 20:00:00+00:00,106.045,106.17,105.075,106.17,2237,35,0
2026-05-19 00:00:00+00:00,106.031,106.812,105.773,106.511,6556,35,0
2026-05-19 04:00:00+00:00,106.51,107.293,106.227,106.629,8786,35,0
2026-05-19 08:00:00+00:00,106.613,107.777,106.295,107.607,11507,35,0
2026-05-19 12:00:00+00:00,107.609,108.205,106.21,107.433,17953,36,0
2026-05-19 16:00:00+00:00,107.427,108.287,106.771,107.905,10929,34,0
2026-05-19 20:00:00+00:00,107.926,108.023,107.385,107.588,1232,35,0
2026-05-20 00:00:00+00:00,107.112,107.762,106.531,106.925,7222,37,0
2026-05-20 04:00:00+00:00,106.926,107.272,105.897,106.31,7627,38,0
2026-05-20 08:00:00+00:00,106.311,106.395,104.317,105.613,11930,37,0
2026-05-20 12:00:00+00:00,105.611,106.029,100.136,102.425,24558,36,0
2026-05-20 16:00:00+00:00,102.434,102.997,100.77,101.886,16844,34,0
2026-05-20 20:00:00+00:00,101.893,102.371,101.678,102.317,1498,35,0
2026-05-21 00:00:00+00:00,102.34,103.153,101.749,102.36,7407,35,0
2026-05-21 04:00:00+00:00,102.361,103.336,102.063,102.511,7587,36,0
2026-05-21 08:00:00+00:00,102.51,104.338,100.693,103.669,18285,38,0
2026-05-21 12:00:00+00:00,103.676,105.814,103.352,103.983,20753,36,0
2026-05-21 16:00:00+00:00,103.968,103.986,99.321,101.414,25258,33,0
2026-05-21 20:00:00+00:00,101.404,102.149,101.243,101.974,1674,36,0
2026-05-22 00:00:00+00:00,101.634,102.1,100.931,101.171,5845,35,0
2026-05-22 04:00:00+00:00,101.175,102.6,100.707,102.139,7668,35,0
2026-05-22 08:00:00+00:00,102.132,103.073,101.301,101.448,11781,36,0
2026-05-22 12:00:00+00:00,101.46,101.824,99.489,100.774,19020,37,0
2026-05-22 16:00:00+00:00,100.769,101.059,98.5,100.209,15163,35,0
2026-05-22 20:00:00+00:00,100.208,100.943,99.823,100.764,2324,36,0
2026-05-25 00:00:00+00:00,95.888,96.79,94.315,94.88,9405,34,0
2026-05-25 04:00:00+00:00,94.882,96.678,94.588,95.657,8826,33,0
2026-05-25 08:00:00+00:00,95.657,96.572,94.332,94.604,9942,34,0
2026-05-25 12:00:00+00:00,94.602,95.85,94.211,94.871,11575,34,0
2026-05-25 16:00:00+00:00,94.877,95.372,93.332,93.753,7515,32,0
2026-05-26 00:00:00+00:00,95.14,95.539,94.717,95.044,5947,33,0
2026-05-26 04:00:00+00:00,95.046,96.472,94.925,96.118,8395,34,0
2026-05-26 08:00:00+00:00,96.116,97.052,95.005,96.102,13038,37,0
2026-05-26 12:00:00+00:00,96.112,97.772,95.842,97.162,17052,35,0
2026-05-26 16:00:00+00:00,97.162,97.445,96.231,96.457,11557,31,0
2026-05-26 20:00:00+00:00,96.449,96.792,96.158,96.516,1112,32,0
2026-05-27 00:00:00+00:00,95.852,96.073,94.8,94.916,7167,32,0
2026-05-27 04:00:00+00:00,94.916,95.134,94.057,94.133,7879,33,0
2026-05-27 08:00:00+00:00,94.124,94.35,92.744,94.023,13028,33,0
2026-05-27 12:00:00+00:00,94.049,94.436,91.663,93.299,23064,34,0
2026-05-27 16:00:00+00:00,93.3,93.639,91.983,92.812,11051,30,0
2026-05-27 20:00:00+00:00,92.819,92.939,92.696,92.837,782,30,0
2026-05-28 00:00:00+00:00,93.618,95.458,93.294,95.426,6638,33,0
2026-05-28 04:00:00+00:00,95.431,95.7,94.124,94.297,7665,33,0
2026-05-28 08:00:00+00:00,94.271,94.864,93.235,94.541,11523,33,0
2026-05-28 12:00:00+00:00,94.549,94.639,90.59,92.924,20285,33,0
2026-05-28 16:00:00+00:00,92.916,93.227,91.428,93.045,14393,30,0
2026-05-28 20:00:00+00:00,93.063,93.26,92.408,92.424,1186,33,0
2026-05-29 00:00:00+00:00,92.021,92.19,91.297,92.023,6821,34,0
2026-05-29 04:00:00+00:00,92.007,92.52,91.008,92.36,8153,33,0
2026-05-29 08:00:00+00:00,92.361,92.648,90.238,90.886,12307,34,0
2026-05-29 12:00:00+00:00,90.888,91.889,89.677,90.78,19530,31,0
2026-05-29 16:00:00+00:00,90.777,91.638,90.01,91.56,13118,29,0
2026-05-29 20:00:00+00:00,91.572,91.631,91.2,91.317,988,32,0
2026-06-01 00:00:00+00:00,92.675,93.134,92.144,92.867,5628,34,0
2026-06-01 04:00:00+00:00,92.862,93.771,92.272,93.477,6161,33,0
2026-06-01 08:00:00+00:00,93.483,94.117,93.099,93.183,8176,32,0
2026-06-01 12:00:00+00:00,93.187,97.21,92.183,96.453,24529,32,0
2026-06-01 16:00:00+00:00,96.441,97.006,93.747,94.809,16815,30,0
2026-06-01 20:00:00+00:00,94.804,95.031,94.599,94.969,1192,32,0
2026-06-02 00:00:00+00:00,94.4,94.883,93.621,93.762,7169,34,0
2026-06-02 04:00:00+00:00,93.761,93.995,92.818,93.008,7157,34,0
2026-06-02 08:00:00+00:00,93.023,93.565,92.324,93.236,11297,34,0
2026-06-02 12:00:00+00:00,93.232,95.145,92.954,94.904,16677,32,0
2026-06-02 16:00:00+00:00,94.897,95.684,94.583,95.449,10348,30,0
2026-06-02 20:00:00+00:00,95.45,95.494,95.161,95.213,993,32,0
2026-06-03 00:00:00+00:00,96.078,96.486,95.722,96.154,4951,33,0
2026-06-03 04:00:00+00:00,96.16,97.37,96.156,97.222,7224,33,0
2026-06-03 08:00:00+00:00,97.223,98.207,97.015,97.208,13288,33,0
2026-06-03 12:00:00+00:00,97.209,97.685,96.107,97.218,16610,32,0
2026-06-03 16:00:00+00:00,97.207,97.544,96.655,97.203,10232,29,0
2026-06-03 20:00:00+00:00,97.198,97.312,96.94,97.286,1092,30,0
2026-06-04 00:00:00+00:00,96.273,96.53,95.594,96.007,5209,32,0
2026-06-04 04:00:00+00:00,96.005,96.471,95.807,96.259,6661,34,0
2026-06-04 08:00:00+00:00,96.272,96.516,93.555,93.597,14609,34,0
2026-06-04 12:00:00+00:00,93.587,94.623,93.16,94.229,17145,33,0
2026-06-04 16:00:00+00:00,94.227,94.596,93.388,94.477,9624,30,0
2026-06-04 20:00:00+00:00,94.477,94.499,94.34,94.366,744,30,0
2026-06-05 00:00:00+00:00,94.335,94.97,93.878,94.502,4987,33,0
2026-06-05 04:00:00+00:00,94.506,94.623,93.467,94.001,6853,31,0
2026-06-05 08:00:00+00:00,94.007,94.438,92.781,93.864,13404,32,0
2026-06-05 12:00:00+00:00,93.867,94.171,92.2,92.582,17742,31,0
2026-06-05 16:00:00+00:00,92.59,92.767,91.833,92.13,11332,29,0
2026-06-05 20:00:00+00:00,92.129,92.304,92.015,92.03,1200,28,0
2026-06-08 00:00:00+00:00,94.297,96.063,93.964,95.346,11733,31,0
2026-06-08 04:00:00+00:00,95.347,96.77,95.346,96.513,13245,31,0
2026-06-08 08:00:00+00:00,96.504,96.978,93.01,93.16,19220,33,0
2026-06-08 12:00:00+00:00,93.154,94.233,92.763,93.88,17855,31,0
2026-06-08 16:00:00+00:00,93.888,94.009,93.095,93.36,10363,29,0
2026-06-08 20:00:00+00:00,93.371,93.622,93.257,93.425,995,29,0
2026-06-09 00:00:00+00:00,93.28,93.452,92.217,92.434,6605,32,0
2026-06-09 04:00:00+00:00,92.435,92.713,91.812,92.058,10676,30,0
2026-06-09 08:00:00+00:00,92.066,92.222,91.144,91.941,12547,30,0
2026-06-09 12:00:00+00:00,91.94,92.187,89.43,89.436,18977,30,0
2026-06-09 16:00:00+00:00,89.431,92.099,88.85,90.867,21910,28,0
2026-06-09 20:00:00+00:00,90.877,91.246,90.781,91.118,1477,29,0
2026-06-10 00:00:00+00:00,91.479,92.384,90.827,91.115,7868,34,0
2026-06-10 04:00:00+00:00,91.111,91.392,90.018,90.576,10753,32,0
2026-06-10 08:00:00+00:00,90.568,92.582,89.979,92.207,18711,32,0
2026-06-10 12:00:00+00:00,92.212,93.478,91.031,92.846,19424,31,0
2026-06-10 16:00:00+00:00,92.841,93.78,92.039,92.536,12691,29,0
2026-06-10 20:00:00+00:00,92.531,93.838,92.41,93.743,2401,29,0
2026-06-11 00:00:00+00:00,94.467,94.482,93.122,93.661,9619,32,0
2026-06-11 04:00:00+00:00,93.662,93.809,91.381,91.824,11207,31,0
2026-06-11 08:00:00+00:00,91.831,91.893,90.787,91.127,13125,31,0
2026-06-11 12:00:00+00:00,91.15,93.182,91.009,92.712,22541,29,0
2026-06-11 16:00:00+00:00,92.701,93.082,87.91,88.502,26109,27,0
2026-06-11 20:00:00+00:00,88.496,88.563,87.82,88.536,3353,29,0
2026-06-12 00:00:00+00:00,88.277,88.973,88.011,88.047,7310,30,0
2026-06-12 04:00:00+00:00,88.039,88.102,86.703,86.834,11941,30,0
2026-06-12 08:00:00+00:00,86.824,87.248,85.136,87.001,17949,31,0
2026-06-12 12:00:00+00:00,87.003,89.047,85.999,86.268,22587,29,0
2026-06-12 16:00:00+00:00,86.262,86.813,86.054,86.115,13485,26,0
2026-06-12 20:00:00+00:00,86.115,86.285,86.048,86.089,1112,27,0
2026-06-15 00:00:00+00:00,83.094,83.527,82.479,82.753,8847,28,0
2026-06-15 04:00:00+00:00,82.748,83.359,82.179,82.753,10048,26,0
2026-06-15 08:00:00+00:00,82.741,83.1,82.079,82.659,12870,29,0
2026-06-15 12:00:00+00:00,82.653,82.905,81.945,82.201,13260,27,0
2026-06-15 16:00:00+00:00,82.197,83.191,82.06,83.02,8822,26,0
2026-06-15 20:00:00+00:00,83.025,83.268,82.882,82.911,1172,26,0
2026-06-16 00:00:00+00:00,82.923,83.103,82.243,82.343,6252,28,0
2026-06-16 04:00:00+00:00,82.343,82.463,81.264,81.324,7729,27,0
2026-06-16 08:00:00+00:00,81.323,81.518,80.289,80.368,11560,27,0
2026-06-16 12:00:00+00:00,80.367,80.455,78.332,78.66,16752,26,0
2026-06-16 16:00:00+00:00,78.655,79.765,78.214,79.446,12258,25,0
2026-06-16 20:00:00+00:00,79.453,79.482,79.125,79.228,1893,26,0
2026-06-17 00:00:00+00:00,79.197,79.341,78.23,78.296,5777,30,0
2026-06-17 04:00:00+00:00,78.298,79.084,77.648,78.43,10661,27,0
2026-06-17 08:00:00+00:00,78.434,79.719,78.227,79.465,12376,27,0
2026-06-17 12:00:00+00:00,79.448,82.136,79.147,79.276,18734,28,0
2026-06-17 16:00:00+00:00,79.277,79.616,78.646,78.716,15339,26,0
2026-06-17 20:00:00+00:00,78.713,78.791,78.466,78.525,1170,24,0
2026-06-18 00:00:00+00:00,78.671,78.816,78.011,78.025,6173,26,0
2026-06-18 04:00:00+00:00,78.024,78.181,76.978,77.828,10471,24,0
2026-06-18 08:00:00+00:00,77.823,78.756,77.384,78.404,13101,29,0
2026-06-18 12:00:00+00:00,78.41,78.477,76.414,77.454,17783,27,0
2026-06-18 16:00:00+00:00,77.459,79.741,77.234,79.375,14233,26,0
2026-06-18 20:00:00+00:00,79.372,79.452,78.954,79.13,1271,25,0
2026-06-19 00:00:00+00:00,78.742,79.431,78.627,78.913,3717,29,0
2026-06-19 04:00:00+00:00,78.91,80.229,78.888,79.718,8100,29,0
2026-06-19 08:00:00+00:00,79.719,79.933,78.731,79.464,11881,29,0
2026-06-19 12:00:00+00:00,79.467,80.292,78.511,80.153,13075,29,0
2026-06-19 16:00:00+00:00,80.153,80.428,80.078,80.141,2017,28,0
2026-06-22 00:00:00+00:00,81.113,81.131,78.364,78.971,9251,30,0
2026-06-22 04:00:00+00:00,78.975,79.516,78.286,79.177,8195,29,0
2026-06-22 08:00:00+00:00,79.169,79.68,78.091,78.577,11595,31,0
2026-06-22 12:00:00+00:00,78.572,78.786,76.952,77.169,16772,28,0
2026-06-22 16:00:00+00:00,77.168,77.988,77.098,77.911,8312,25,0
2026-06-22 20:00:00+00:00,77.911,77.933,77.619,77.725,762,26,0
2026-06-23 00:00:00+00:00,77.694,77.905,77.165,77.224,6765,28,0
2026-06-23 04:00:00+00:00,77.226,77.372,76.165,76.736,8463,27,0
2026-06-23 08:00:00+00:00,76.75,77.699,76.75,77.447,10984,29,0
2026-06-23 12:00:00+00:00,77.449,77.485,76.276,76.667,14696,27,0
2026-06-23 16:00:00+00:00,76.669,77.087,76.518,76.844,8813,26,0
2026-06-23 20:00:00+00:00,76.848,77.034,76.596,76.638,736,26,0
2026-06-24 00:00:00+00:00,76.419,76.63,75.771,76.097,5039,28,0
2026-06-24 04:00:00+00:00,76.102,76.756,75.557,75.574,7442,27,0
2026-06-24 08:00:00+00:00,75.579,75.877,74.581,74.604,10013,29,0
2026-06-24 12:00:00+00:00,74.598,74.725,73.378,74.067,15351,26,0
2026-06-24 16:00:00+00:00,74.063,74.5,73.376,73.502,9755,25,0
2026-06-24 20:00:00+00:00,73.507,73.517,73.305,73.378,676,24,0
2026-06-25 00:00:00+00:00,73.576,73.705,72.61,72.845,7230,28,0
2026-06-25 04:00:00+00:00,72.848,73.474,72.686,73.342,7411,27,0
2026-06-25 08:00:00+00:00,73.355,73.528,72.414,73.402,12010,28,0
2026-06-25 12:00:00+00:00,73.4,75.125,73.032,74.915,17875,26,0
2026-06-25 16:00:00+00:00,74.916,76.075,74.807,75.608,10954,27,0
2026-06-25 20:00:00+00:00,75.6,75.742,74.945,74.984,1195,28,0
2026-06-26 00:00:00+00:00,75.078,75.432,74.086,74.204,6115,29,0
2026-06-26 04:00:00+00:00,74.207,74.612,73.384,73.436,7476,28,0
2026-06-26 08:00:00+00:00,73.432,73.752,72.461,73.441,13142,27,0
2026-06-26 12:00:00+00:00,73.435,73.857,71.92,72.416,21082,26,0
2026-06-26 16:00:00+00:00,72.414,72.854,72.307,72.784,9536,27,0
2026-06-26 20:00:00+00:00,72.779,73.538,72.673,73.51,3042,28,0
2026-06-29 00:00:00+00:00,72.71,73.474,72.556,73.246,8298,30,0
2026-06-29 04:00:00+00:00,73.247,73.478,72.64,72.701,8581,28,0
2026-06-29 08:00:00+00:00,72.694,73.842,72.678,73.115,10858,28,0
2026-06-29 12:00:00+00:00,73.121,73.856,72.873,73.784,13977,27,0
2026-06-29 16:00:00+00:00,73.781,74.209,73.563,73.725,7765,26,0
2026-06-29 20:00:00+00:00,73.729,73.765,73.613,73.656,498,27,0
2026-06-30 00:00:00+00:00,73.461,74.028,73.311,73.596,5871,29,0
2026-06-30 04:00:00+00:00,73.597,73.695,73.049,73.451,6975,27,0
2026-06-30 08:00:00+00:00,73.45,74.424,73.331,74.385,12144,26,0
2026-06-30 12:00:00+00:00,74.391,74.804,73.307,73.345,15463,26,0
2026-06-30 16:00:00+00:00,73.348,73.705,72.666,73.425,8295,26,0
2026-06-30 20:00:00+00:00,73.419,73.5,73.348,73.363,890,27,0
2026-07-01 00:00:00+00:00,73.431,73.531,73.07,73.269,4675,29,0
2026-07-01 04:00:00+00:00,73.263,73.312,72.759,72.921,5382,28,0
2026-07-01 08:00:00+00:00,72.927,73.003,71.685,72.319,11355,27,0
2026-07-01 12:00:00+00:00,72.324,72.343,71.202,71.271,15130,24,0
2026-07-01 16:00:00+00:00,71.273,71.784,71.103,71.204,7721,25,0
2026-07-01 20:00:00+00:00,71.207,71.32,71.162,71.239,648,26,0
2026-07-02 00:00:00+00:00,71.092,71.17,70.717,70.833,6289,28,0
2026-07-02 04:00:00+00:00,70.83,71.261,70.494,70.918,7684,27,0
2026-07-02 08:00:00+00:00,70.936,71.286,70.247,70.407,10664,25,0
2026-07-02 12:00:00+00:00,70.408,71.232,70.279,70.83,14615,24,0
2026-07-02 16:00:00+00:00,70.835,71.988,70.785,71.683,8472,25,0
2026-07-02 20:00:00+00:00,71.683,71.696,71.632,71.651,422,25,0
2026-07-03 00:00:00+00:00,71.559,72.453,71.534,72.334,5791,29,0
2026-07-03 04:00:00+00:00,72.337,72.563,71.74,71.836,5960,28,0
2026-07-03 08:00:00+00:00,71.84,72.17,71.428,71.739,9376,26,0
2026-07-03 12:00:00+00:00,71.744,72.313,71.373,72.121,10319,26,0
2026-07-03 16:00:00+00:00,72.125,72.201,71.952,72.156,1646,25,0
2026-07-06 00:00:00+00:00,71.989,72.468,71.556,71.78,7023,28,0
2026-07-06 04:00:00+00:00,71.78,72.494,71.105,71.214,7364,27,0
2026-07-06 08:00:00+00:00,71.215,72.149,71.182,72.079,10890,26,0
2026-07-06 12:00:00+00:00,72.083,72.645,71.623,72.203,14594,26,0
2026-07-06 16:00:00+00:00,72.202,72.271,71.733,72.148,7025,26,0
2026-07-06 20:00:00+00:00,72.148,72.21,72.088,72.147,312,26,0
2026-07-07 00:00:00+00:00,72.328,72.813,72.125,72.52,4930,26,0
2026-07-07 04:00:00+00:00,72.52,73.177,72.494,72.888,6930,27,0
2026-07-07 08:00:00+00:00,72.892,73.327,72.535,72.602,11177,26,0
2026-07-07 12:00:00+00:00,72.607,74.123,72.451,73.932,16770,26,0
2026-07-07 16:00:00+00:00,73.926,76.207,73.899,75.568,13865,26,0
2026-07-07 20:00:00+00:00,75.563,75.909,75.52,75.851,1705,28,0
2026-07-08 00:00:00+00:00,76.108,76.289,75.342,75.977,8630,27,0
2026-07-08 04:00:00+00:00,75.977,76.613,75.6,75.87,10949,27,0
2026-07-08 08:00:00+00:00,75.865,78.908,75.718,77.873,27815,27,0
2026-07-08 12:00:00+00:00,77.878,80.272,76.98,79.981,26501,28,0
2026-07-08 16:00:00+00:00,79.973,80.132,77.697,78.432,18598,27,0
2026-07-08 20:00:00+00:00,78.434,79.263,78.432,78.976,3154,29,0
2026-07-09 00:00:00+00:00,78.549,78.947,78.149,78.595,8736,31,0
2026-07-09 04:00:00+00:00,78.592,78.791,76.755,76.946,13101,29,0
2026-07-09 08:00:00+00:00,76.941,78.981,76.606,78.364,14918,28,0
2026-07-09 12:00:00+00:00,78.362,78.495,76.236,76.462,18896,28,0
2026-07-09 16:00:00+00:00,76.46,76.583,75.535,76.04,12248,27,0
2026-07-09 20:00:00+00:00,76.044,76.073,75.811,75.946,1175,28,0
2026-07-10 00:00:00+00:00,76.014,76.577,75.852,76.577,6454,29,0
2026-07-10 04:00:00+00:00,76.576,76.756,75.43,75.736,9513,28,0
2026-07-10 08:00:00+00:00,75.739,77.016,75.334,76.913,13451,27,0
2026-07-10 12:00:00+00:00,76.911,77.411,75.269,75.493,24486,26,0
2026-07-10 16:00:00+00:00,75.488,76.169,75.483,76.038,10367,26,0
2026-07-10 20:00:00+00:00,76.04,76.078,75.944,75.966,863,26,0
2026-07-13 00:00:00+00:00,78.431,79.251,78.389,78.912,10178,31,0
2026-07-13 04:00:00+00:00,78.912,79.619,78.312,78.673,9212,29,0
2026-07-13 08:00:00+00:00,78.659,78.675,77.195,78.443,14045,27,0
2026-07-13 12:00:00+00:00,78.441,79.809,78.131,79.568,20514,28,0
2026-07-13 16:00:00+00:00,79.568,83.193,79.45,82.605,18777,28,0
2026-07-13 20:00:00+00:00,82.605,83.461,82.589,82.812,3022,31,0
2026-07-14 00:00:00+00:00,84.139,85.093,83.214,84.057,19178,32,0
2026-07-14 04:00:00+00:00,84.052,85.473,83.292,84.938,17274,31,0
2026-07-14 08:00:00+00:00,84.932,86.244,84.744,84.901,24102,31,0
2026-07-14 12:00:00+00:00,84.906,85.993,82.589,84.261,32240,31,0
2026-07-14 16:00:00+00:00,84.269,84.59,83.382,84.382,15651,30,0
2026-07-14 20:00:00+00:00,84.381,84.938,84.381,84.578,1661,31,0
2026-07-15 00:00:00+00:00,84.632,85.314,84.367,84.677,9446,32,0
2026-07-15 04:00:00+00:00,84.675,85.181,84.127,85.08,12189,31,0
2026-07-15 08:00:00+00:00,85.074,85.435,83.653,84.078,15613,29,0
2026-07-15 12:00:00+00:00,84.082,84.656,82.635,83.417,21246,30,0
2026-07-15 16:00:00+00:00,83.423,85.091,83.238,84.831,14915,29,0
2026-07-15 20:00:00+00:00,84.836,84.991,84.686,84.741,1537,30,0
2026-07-16 00:00:00+00:00,84.229,84.561,83.497,83.792,7427,33,0
2026-07-16 04:00:00+00:00,83.79,83.987,83.419,83.69,9636,32,0
2026-07-16 08:00:00+00:00,83.698,84.632,83.013,83.886,13514,31,0
2026-07-16 12:00:00+00:00,83.882,85.234,83.69,83.881,18657,29,0
2026-07-16 16:00:00+00:00,83.882,84.797,83.134,83.48,12755,29,0
2026-07-16 20:00:00+00:00,83.485,84.174,83.304,84.118,1528,31,0
2026-07-17 00:00:00+00:00,83.85,84.604,83.787,84.149,6695,32,0
2026-07-17 04:00:00+00:00,84.149,84.257,82.838,83.553,11250,31,0
2026-07-17 08:00:00+00:00,83.548,85.056,83.306,84.992,12766,29,0
2026-07-17 12:00:00+00:00,84.994,86.017,84.929,85.653,16069,30,0
2026-07-17 16:00:00+00:00,85.655,87.076,85.598,86.512,12213,30,0
2026-07-17 20:00:00+00:00,86.518,86.908,86.389,86.749,1344,31,0
2026-07-20 00:00:00+00:00,88.746,88.895,88.309,88.625,9573,34,0
2026-07-20 04:00:00+00:00,88.625,89.306,87.108,87.312,12292,31,0
2026-07-20 08:00:00+00:00,87.307,87.307,84.813,85.481,19994,30,0
2026-07-20 12:00:00+00:00,85.474,87.24,85.451,86.653,23847,31,0
2026-07-20 16:00:00+00:00,86.657,88.165,86.256,87.449,14567,30,0
2026-07-20 20:00:00+00:00,87.443,87.547,87.37,87.499,1111,31,0
2026-07-21 00:00:00+00:00,87.176,87.487,86.801,87.089,6617,33,0
2026-07-21 04:00:00+00:00,87.088,87.88,86.663,86.88,9823,31,0
2026-07-21 08:00:00+00:00,86.883,88.92,86.439,88.781,17250,31,0
2026-07-21 12:00:00+00:00,88.774,89.767,88.269,89.265,21728,31,0
2026-07-21 16:00:00+00:00,89.267,89.49,88.726,89.39,10806,31,0
2026-07-21 20:00:00+00:00,89.387,89.456,89.14,89.351,1190,32,0
2026-07-22 00:00:00+00:00,89.317,90.24,89.104,89.797,8093,33,0
2026-07-22 04:00:00+00:00,89.797,91.805,89.485,91.544,11910,32,0
2026-07-22 08:00:00+00:00,91.545,91.623,90.51,91.175,18721,32,0
2026-07-22 12:00:00+00:00,91.178,91.527,89.886,90.041,20690,31,0
2026-07-22 16:00:00+00:00,90.039,91.104,89.976,90.682,10281,31,0
2026-07-22 20:00:00+00:00,90.689,90.833,90.481,90.665,1446,31,0
2026-07-23 00:00:00+00:00,91.945,92.416,91.547,92.162,10049,35,0
2026-07-23 04:00:00+00:00,92.162,93.472,91.661,93.017,12621,33,0
2026-07-23 08:00:00+00:00,93.017,94.088,92.693,93.734,18070,32,0
2026-07-23 12:00:00+00:00,93.736,95.453,93.619,94.863,23166,31,0
2026-07-23 16:00:00+00:00,94.868,96.146,94.061,94.448,15198,34,0
2026-07-23 20:00:00+00:00,94.454,94.974,94.309,94.924,1894,35,0
2026-07-24 00:00:00+00:00,94.752,95.064,93.745,94.482,10449,36,0
2026-07-24 04:00:00+00:00,94.482,94.553,92.776,92.993,12308,33,0
2026-07-24 08:00:00+00:00,92.988,93.239,91.476,92.166,18985,31,0
2026-07-24 12:00:00+00:00,92.158,92.738,90.732,91.496,25067,32,0
2026-07-24 16:00:00+00:00,91.489,92.513,91.104,92.511,15357,32,0
2026-07-24 20:00:00+00:00,92.505,93.242,92.504,93.164,2296,33,0
2026-07-27 00:00:00+00:00,87.657,88.777,87.126,88.219,11069,33,0
2026-07-27 04:00:00+00:00,88.209,88.209,86.296,87.375,17076,32,0
2026-07-27 08:00:00+00:00,87.366,87.697,84.759,86.125,22039,30,0
2026-07-27 12:00:00+00:00,86.131,87.536,86.108,86.747,22542,30,0
2026-07-27 16:00:00+00:00,86.742,87.092,85.391,85.422,16081,29,0
2026-07-27 20:00:00+00:00,85.418,85.548,85.239,85.308,1610,31,0
2026-07-28 00:00:00+00:00,85.206,85.563,84.061,84.841,10153,34,0
2026-07-28 04:00:00+00:00,84.841,85.566,83.667,83.89,15948,33,0
2026-07-28 08:00:00+00:00,83.89,84.704,82.838,84.583,19814,29,0
2026-07-28 12:00:00+00:00,84.578,84.596,81.183,81.251,27935,30,0
2026-07-28 16:00:00+00:00,81.261,82.413,80.659,81.858,21299,30,0
2026-07-28 20:00:00+00:00,81.865,82.019,81.716,81.952,1568,33,0
2026-07-29 00:00:00+00:00,84.422,85.494,83.971,85.172,11553,31,0
2026-07-29 04:00:00+00:00,85.165,85.165,84.175,84.524,12775,31,0
2026-07-29 08:00:00+00:00,84.527,85.85,84.153,85.093,15916,30,0
2026-07-29 12:00:00+00:00,85.099,87.97,85.051,87.776,23034,29,0
2026-07-29 16:00:00+00:00,87.767,88.422,87.333,88.138,18244,31,0
2026-07-29 20:00:00+00:00,88.131,88.339,87.893,87.912,1989,32,0
2026-07-30 00:00:00+00:00,87.32,87.892,86.526,86.896,11898,33,0
2026-07-30 04:00:00+00:00,86.902,89.114,86.884,88.179,16692,31,0
2026-07-30 08:00:00+00:00,88.186,88.425,86.55,86.783,18504,33,0
2026-07-30 12:00:00+00:00,86.793,87.342,85.958,86.75,22329,30,0
2026-07-30 16:00:00+00:00,86.756,87.064,86.344,86.622,11996,31,0
2026-07-30 20:00:00+00:00,86.628,87.096,86.523,86.873,1194,31,0
2026-07-31 00:00:00+00:00,86.725,86.912,84.511,85.385,10103,35,0
2026-07-31 04:00:00+00:00,85.384,85.766,84.209,85.276,12389,31,0
2026-07-31 08:00:00+00:00,85.273,88.024,84.996,87.771,18424,31,0
2026-07-31 12:00:00+00:00,87.775,88.43,86.601,86.738,20677,31,0
2026-07-31 16:00:00+00:00,86.734,87.944,86.727,87.653,13107,30,0
2026-07-31 20:00:00+00:00,87.648,88.577,87.285,88.29,1912,32,0
2026-08-03 00:00:00+00:00,83.395,83.63,82.83,82.92,11270,33,0
2026-08-03 04:00:00+00:00,82.92,83.77,82.16,83.15,13503,31,0
2026-08-03 08:00:00+00:00,83.156,84.126,82.41,82.418,16158,30,0
2026-08-03 12:00:00+00:00,82.413,83.982,82.239,83.301,20170,29,0
2026-08-03 16:00:00+00:00,83.299,83.612,82.497,83.149,13399,29,0
2026-08-03 20:00:00+00:00,83.154,83.27,82.843,83.066,1342,31,0
2026-08-04 00:00:00+00:00,83.37,84.353,83.333,84.304,7597,32,0
2026-08-04 04:00:00+00:00,84.304,84.553,83.622,84.17,9758,31,0
2026-08-04 08:00:00+00:00,84.164,85.554,80.045,80.127,25141,30,0
2026-08-04 12:00:00+00:00,80.12,81.53,78.358,78.805,34811,26,0
2026-08-04 16:00:00+00:00,78.807,79.493,78.725,78.962,12946,27,0
2026-08-04 20:00:00+00:00,78.964,79.015,78.319,78.522,2013,28,0
2026-08-05 00:00:00+00:00,78.405,79.38,77.696,77.91,9287,30,0
2026-08-05 04:00:00+00:00,77.914,79.909,77.856,79.591,13858,28,0
2026-08-05 08:00:00+00:00,79.584,80.4,79.368,79.625,15567,28,0
2026-08-05 12:00:00+00:00,79.634,80.189,77.893,79.049,26907,28,0
2026-08-05 16:00:00+00:00,79.042,79.335,78.133,78.93,14234,28,0
2026-08-05 20:00:00+00:00,78.923,78.925,78.632,78.8,1407,28,0
2026-08-06 00:00:00+00:00,78.567,79.72,78.426,78.655,9566,30,0
2026-08-06 04:00:00+00:00,78.654,79.391,78.361,79.244,11333,29,0
2026-08-06 08:00:00+00:00,79.251,80.029,78.717,79.55,13814,29,0
2026-08-06 12:00:00+00:00,79.555,82.081,79.477,81.742,18212,28,0
2026-08-06 16:00:00+00:00,81.737,82.691,81.488,82.181,15666,28,0
2026-08-06 20:00:00+00:00,82.174,82.948,82.119,82.77,2426,30,0
2026-08-07 00:00:00+00:00,82.445,82.897,82.166,82.524,7643,31,0
2026-08-07 04:00:00+00:00,82.524,83.449,82.118,82.352,10753,31,0
2026-08-07 08:00:00+00:00,82.364,82.468,80.895,81.085,12163,29,0
2026-08-07 12:00:00+00:00,81.08,83.0,80.763,82.925,16924,30,0
2026-08-07 16:00:00+00:00,82.923,83.007,81.164,81.403,12727,29,0
2026-08-07 20:00:00+00:00,81.404,81.759,81.206,81.498,1776,31,0
2026-08-10 00:00:00+00:00,83.336,83.814,82.762,83.409,8633,33,0
2026-08-10 04:00:00+00:00,83.411,83.505,82.433,82.886,11469,32,0
2026-08-10 08:00:00+00:00,82.88,84.176,82.825,84.076,13134,30,0
2026-08-10 12:00:00+00:00,84.082,86.144,83.847,85.818,17408,30,0
2026-08-10 16:00:00+00:00,85.818,87.067,85.611,86.756,11904,30,0
2026-08-10 20:00:00+00:00,86.755,86.98,86.714,86.917,1371,30,0
2026-08-11 00:00:00+00:00,86.788,87.052,86.536,86.635,7702,32,0
2026-08-11 04:00:00+00:00,86.635,88.551,86.46,88.531,11904,31,0
2026-08-11 08:00:00+00:00,88.525,88.876,86.094,86.483,19096,30,0
2026-08-11 12:00:00+00:00,86.491,87.818,85.641,87.694,21063,29,0
2026-08-11 16:00:00+00:00,87.689,88.151,87.173,87.979,11049,30,0
2026-08-11 20:00:00+00:00,87.989,88.075,87.867,87.904,1467,32,0
2026-08-12 00:00:00+00:00,88.002,88.675,87.941,88.669,8401,32,0
2026-08-12 04:00:00+00:00,88.667,88.683,87.721,88.162,10903,31,0
2026-08-12 08:00:00+00:00,88.168,88.254,86.848,87.881,16909,30,0
2026-08-12 12:00:00+00:00,87.885,87.987,86.915,87.522,18889,30,0
2026-08-12 16:00:00+00:00,87.523,87.894,87.226,87.559,10386,30,0
2026-08-12 20:00:00+00:00,87.559,87.58,87.187,87.243,1165,31,0
2026-08-13 00:00:00+00:00,87.047,87.216,86.435,87.142,9015,31,0
2026-08-13 04:00:00+00:00,87.145,87.715,86.341,86.739,10424,30,0
2026-08-13 08:00:00+00:00,86.731,86.987,85.667,86.267,13431,30,0
2026-08-13 12:00:00+00:00,86.279,87.313,84.82,87.067,20248,31,0
2026-08-13 16:00:00+00:00,87.072,87.192,85.654,85.919,11663,30,0
2026-08-13 20:00:00+00:00,85.918,85.971,85.752,85.853,1318,32,0
2026-08-14 00:00:00+00:00,85.888,86.09,85.346,85.92,8199,31,0
2026-08-14 04:00:00+00:00,85.92,87.336,85.799,87.28,9110,32,0
2026-08-14 08:00:00+00:00,87.271,87.366,85.578,85.851,11434,29,0
2026-08-14 12:00:00+00:00,85.85,86.762,85.41,86.507,15610,29,0
2026-08-14 16:00:00+00:00,86.504,87.447,86.4,87.203,8915,30,0
2026-08-14 20:00:00+00:00,87.2,87.335,87.049,87.205,1385,32,0
2026-08-17 00:00:00+00:00,87.018,87.86,86.56,87.124,10325,33,0
2026-08-17 04:00:00+00:00,87.126,87.341,86.685,87.156,10315,32,0
2026-08-17 08:00:00+00:00,87.151,88.153,86.894,87.385,14907,31,0
2026-08-17 12:00:00+00:00,87.384,88.061,87.15,87.819,18040,28,0
2026-08-17 16:00:00+00:00,87.825,89.871,87.484,89.54,13091,31,0
2026-08-17 20:00:00+00:00,89.538,89.827,89.408,89.761,1658,32,0
2026-08-18 00:00:00+00:00,89.765,90.096,89.339,90.085,9362,31,0
2026-08-18 04:00:00+00:00,90.087,90.416,89.532,89.883,9008,31,0
2026-08-18 08:00:00+00:00,89.861,90.158,89.374,89.781,10664,31,0
2026-08-18 12:00:00+00:00,89.782,90.773,89.511,90.429,17132,30,0
2026-08-18 16:00:00+00:00,90.433,90.433,89.693,89.771,9677,32,0
2026-08-18 20:00:00+00:00,89.77,90.226,89.733,90.157,1471,31,0
2026-08-19 00:00:00+00:00,90.038,90.762,90.038,90.357,9480,32,0
2026-08-19 04:00:00+00:00,90.357,90.682,89.968,90.372,8957,32,0
2026-08-19 08:00:00+00:00,90.378,91.063,89.925,90.267,12262,30,0
2026-08-19 12:00:00+00:00,90.272,91.048,89.169,90.82,17865,30,0
2026-08-19 16:00:00+00:00,90.821,91.291,89.708,90.009,11796,30,0
2026-08-19 20:00:00+00:00,90.017,90.09,89.882,90.008,1366,32,0
2026-08-20 00:00:00+00:00,90.067,90.646,89.972,90.115,10394,31,0
2026-08-20 04:00:00+00:00,90.116,91.417,89.971,91.176,9361,31,0
2026-08-20 08:00:00+00:00,91.182,92.616,90.814,92.611,12108,31,0
2026-08-20 12:00:00+00:00,92.606,92.877,91.191,91.995,17108,31,0
2026-08-20 16:00:00+00:00,91.99,92.36,91.404,91.92,9930,32,0
2026-08-20 20:00:00+00:00,91.916,91.997,91.714,91.714,1036,31,0
2026-08-21 00:00:00+00:00,91.501,92.351,91.443,91.897,7354,33,0
2026-08-21 04:00:00+00:00,91.895,91.967,91.539,91.86,7669,33,0
2026-08-21 08:00:00+00:00,91.867,92.723,91.303,92.355,13390,33,0
2026-08-21 12:00:00+00:00,92.358,92.824,92.036,92.641,15950,31,0
2026-08-21 16:00:00+00:00,92.641,93.146,92.236,92.352,10352,32,0
2026-08-21 20:00:00+00:00,92.351,92.576,92.301,92.395,1172,34,0
2026-08-24 00:00:00+00:00,91.749,91.782,90.366,91.366,9968,33,0
2026-08-24 04:00:00+00:00,91.365,91.606,90.959,91.557,9317,33,0
2026-08-24 08:00:00+00:00,91.556,91.798,90.749,91.294,12347,30,0
2026-08-24 12:00:00+00:00,91.29,92.062,90.271,90.734,19429,31,0
2026-08-24 16:00:00+00:00,90.729,91.064,90.243,90.498,11670,31,0
2026-08-24 20:00:00+00:00,90.502,90.543,90.339,90.393,861,30,0
2026-08-25 00:00:00+00:00,90.4,91.261,90.114,90.846,9316,35,0
2026-08-25 04:00:00+00:00,90.846,90.913,89.502,90.116,10283,35,0
2026-08-25 08:00:00+00:00,90.121,90.293,87.511,87.621,18412,34,0
2026-08-25 12:00:00+00:00,87.615,88.558,86.777,87.258,19897,32,0
2026-08-25 16:00:00+00:00,87.267,87.46,86.084,86.087,11477,32,0
2026-08-25 20:00:00+00:00,86.092,86.1,84.997,85.855,4998,33,0
2026-08-26 00:00:00+00:00,85.626,85.787,84.916,85.074,9934,30,0
2026-08-26 04:00:00+00:00,85.075,85.889,84.912,84.956,9960,32,0
2026-08-26 08:00:00+00:00,84.961,85.591,84.5,85.423,14581,30,0
2026-08-26 12:00:00+00:00,85.424,87.77,85.093,87.637,17133,31,0
2026-08-26 16:00:00+00:00,87.642,88.087,86.369,86.454,10783,31,0
2026-08-26 20:00:00+00:00,86.449,86.493,86.322,86.369,1069,30,0
2026-08-27 00:00:00+00:00,86.153,86.685,85.927,86.339,9726,31,0
2026-08-27 04:00:00+00:00,86.34,86.424,85.154,85.903,8284,31,0
2026-08-27 08:00:00+00:00,85.903,87.332,85.786,87.152,12811,31,0
2026-08-27 12:00:00+00:00,87.157,87.866,86.607,87.299,17088,30,0
2026-08-27 16:00:00+00:00,87.307,88.948,87.054,88.372,13329,30,0
2026-08-27 20:00:00+00:00,88.376,88.401,88.247,88.263,956,32,0
2026-08-28 00:00:00+00:00,88.117,88.274,87.792,87.892,7120,32,0
2026-08-28 04:00:00+00:00,87.891,88.117,87.425,87.744,8743,32,0
2026-08-28 08:00:00+00:00,87.749,88.391,87.306,87.699,13286,31,0
2026-08-28 12:00:00+00:00,87.705,88.074,86.964,87.712,16511,31,0
2026-08-28 16:00:00+00:00,87.718,88.116,87.561,87.901,10483,29,0
2026-08-28 20:00:00+00:00,87.901,88.01,87.844,87.974,1061,30,0
2026-08-31 00:00:00+00:00,89.015,90.29,88.639,89.793,12813,33,0
2026-08-31 04:00:00+00:00,89.795,90.565,89.148,89.915,10942,33,0
2026-08-31 08:00:00+00:00,89.908,91.086,89.731,90.55,13585,31,0
2026-08-31 12:00:00+00:00,90.558,90.888,89.823,90.083,18620,31,0
2026-08-31 16:00:00+00:00,90.083,90.284,89.681,90.098,10902,32,0
2026-08-31 20:00:00+00:00,90.098,90.368,90.029,90.331,1255,31,0
2026-09-01 00:00:00+00:00,90.586,90.837,90.345,90.729,8843,32,0
2026-09-01 04:00:00+00:00,90.729,91.429,90.222,91.181,11116,33,0
2026-09-01 08:00:00+00:00,91.174,91.967,91.099,91.517,14570,31,0
2026-09-01 12:00:00+00:00,91.509,92.217,91.199,91.975,17457,31,0
2026-09-01 16:00:00+00:00,91.972,94.443,91.934,94.417,17058,31,0
2026-09-01 20:00:00+00:00,94.41,94.696,94.261,94.409,2882,33,0
2026-09-02 00:00:00+00:00,94.63,96.027,94.307,94.495,15016,33,0
2026-09-02 04:00:00+00:00,94.495,94.85,93.638,94.014,12996,34,0
2026-09-02 08:00:00+00:00,94.007,94.314,92.816,92.849,15454,32,0
2026-09-02 12:00:00+00:00,92.845,94.845,92.682,94.484,18685,33,0
2026-09-02 16:00:00+00:00,94.491,95.004,94.165,94.482,13348,32,0
2026-09-02 20:00:00+00:00,94.49,94.49,94.034,94.301,2244,32,0
2026-09-03 00:00:00+00:00,93.984,94.77,93.852,94.318,9412,34,0
2026-09-03 04:00:00+00:00,94.322,94.328,92.961,94.048,11907,33,0
2026-09-03 08:00:00+00:00,94.046,96.156,93.003,95.834,18474,33,0
2026-09-03 12:00:00+00:00,95.833,95.866,94.284,94.358,20346,32,0
2026-09-03 16:00:00+00:00,94.358,94.949,93.906,94.512,12001,28,0
2026-09-03 20:00:00+00:00,94.518,94.679,94.506,94.62,1033,33,0
2026-09-04 00:00:00+00:00,94.376,94.79,94.112,94.582,9509,34,0
2026-09-04 04:00:00+00:00,94.581,94.658,93.6,93.725,11343,33,0
2026-09-04 08:00:00+00:00,93.718,94.261,93.541,93.859,13321,31,0
2026-09-04 12:00:00+00:00,93.854,94.364,91.984,94.258,21495,33,0
2026-09-04 16:00:00+00:00,94.252,95.162,93.974,94.69,12351,31,0
2026-09-04 20:00:00+00:00,94.676,94.791,94.419,94.492,1387,32,0
2026-09-07 00:00:00+00:00,95.066,95.56,94.691,95.536,9960,34,0
2026-09-07 04:00:00+00:00,95.536,96.316,95.014,95.048,10274,34,0
2026-09-07 08:00:00+00:00,95.053,96.026,94.495,95.933,12576,32,0
2026-09-07 12:00:00+00:00,95.936,96.368,95.469,96.006,12906,30,0
2026-09-07 16:00:00+00:00,96.005,96.118,95.287,95.761,3899,33,0
2026-09-08 00:00:00+00:00,95.331,95.912,95.107,95.744,8773,34,0
2026-09-08 04:00:00+00:00,95.745,97.295,95.745,97.196,10801,31,0
2026-09-08 08:00:00+00:00,97.188,97.585,96.297,96.853,15045,32,0
2026-09-08 12:00:00+00:00,96.86,97.044,95.653,95.959,17466,32,0
2026-09-08 16:00:00+00:00,95.956,97.314,95.272,97.163,18153,33,0
2026-09-08 20:00:00+00:00,97.17,97.701,97.14,97.571,2414,34,0
2026-09-09 00:00:00+00:00,97.428,97.825,97.324,97.45,9866,34,0
2026-09-09 04:00:00+00:00,97.446,98.303,97.012,98.05,10212,33,0
2026-09-09 08:00:00+00:00,98.059,99.038,97.796,98.908,14526,32,0
2026-09-09 12:00:00+00:00,98.902,99.517,98.555,99.355,19230,33,0
2026-09-09 16:00:00+00:00,99.35,99.57,98.267,99.482,13253,33,0
2026-09-09 20:00:00+00:00,99.485,99.697,99.467,99.567,1398,33,0
2026-09-10 00:00:00+00:00,99.446,99.519,98.652,98.781,11342,34,0
2026-09-10 04:00:00+00:00,98.782,99.287,98.072,99.088,10665,34,0
2026-09-10 08:00:00+00:00,99.097,101.11,98.911,101.11,15673,33,0
2026-09-10 12:00:00+00:00,101.105,104.556,100.915,104.556,29330,34,0
2026-09-10 16:00:00+00:00,104.55,105.687,103.992,105.397,20842,35,0
2026-09-10 20:00:00+00:00,105.404,106.255,105.393,106.178,2922,36,0
2026-09-11 00:00:00+00:00,105.294,105.775,104.345,105.604,18197,37,0
2026-09-11 04:00:00+00:00,105.61,105.77,102.381,103.12,23777,36,0
2026-09-11 08:00:00+00:00,103.114,103.51,100.919,101.505,24610,34,0
2026-09-11 12:00:00+00:00,101.506,102.502,101.092,102.321,25498,35,0
2026-09-11 16:00:00+00:00,102.321,102.692,101.273,102.146,17282,33,0
2026-09-11 20:00:00+00:00,102.148,102.228,101.685,101.733,1733,34,0
2026-09-14 00:00:00+00:00,104.074,105.109,103.582,104.405,16896,37,0
2026-09-14 04:00:00+00:00,104.407,104.768,103.25,104.477,15799,35,0
2026-09-14 08:00:00+00:00,104.468,105.232,103.868,104.92,17259,34,0
2026-09-14 12:00:00+00:00,104.919,106.135,103.402,104.207,31991,36,0
2026-09-14 16:00:00+00:00,104.207,104.349,101.946,103.223,22818,35,0
2026-09-14 20:00:00+00:00,103.23,103.316,102.987,103.139,2169,35,0
2026-09-15 00:00:00+00:00,103.18,104.054,102.921,103.7,12705,36,0
2026-09-15 04:00:00+00:00,103.699,104.526,103.496,104.405,13166,36,0
2026-09-15 08:00:00+00:00,104.388,104.953,102.628,102.822,17189,35,0
2026-09-15 12:00:00+00:00,102.825,105.292,102.083,104.647,25744,35,0
2026-09-15 16:00:00+00:00,104.641,105.849,104.601,105.11,14912,35,0
2026-09-15 20:00:00+00:00,105.105,105.246,104.749,104.951,2039,35,0
2026-09-16 00:00:00+00:00,104.358,104.817,103.701,104.191,13523,37,0
2026-09-16 04:00:00+00:00,104.191,104.533,103.517,104.092,11874,36,0
2026-09-16 08:00:00+00:00,104.086,104.781,103.179,103.457,17015,35,0
2026-09-16 12:00:00+00:00,103.451,103.97,103.259,103.884,4825,36,0
