time,open,high,low,close,tick_volume,spread,real_volume
2024-09-26 13:00:00+00:00,2677.326,2679.687,2654.717,2660.867,36787,159,0
2024-09-26 14:00:00+00:00,2660.918,2669.603,2659.58,2665.823,22543,159,0
2024-09-26 15:00:00+00:00,2665.79,2673.154,2662.414,2671.348,14031,159,0
2024-09-26 16:00:00+00:00,2671.39,2672.47,2662.946,2668.249,12091,159,0
2024-09-26 17:00:00+00:00,2668.2,2672.226,2667.582,2670.95,8117,159,0
2024-09-26 18:00:00+00:00,2670.986,2677.152,2670.08,2675.959,6742,159,0
2024-09-26 19:00:00+00:00,2675.988,2677.911,2672.28,2673.675,5774,159,0
2024-09-26 20:00:00+00:00,2673.715,2674.068,2670.805,2672.265,3042,159,0
2024-09-26 22:00:00+00:00,2671.888,2673.202,2671.804,2672.393,1877,159,0
2024-09-26 23:00:00+00:00,2672.434,2673.283,2671.959,2672.601,2496,159,0
2024-09-27 00:00:00+00:00,2672.61,2672.708,2669.295,2669.85,5000,159,0
2024-09-27 01:00:00+00:00,2669.811,2672.777,2666.19,2669.442,10420,159,0
2024-09-27 02:00:00+00:00,2669.442,2671.017,2667.22,2668.975,7118,159,0
2024-09-27 03:00:00+00:00,2668.942,2673.944,2668.609,2673.638,5376,159,0
2024-09-27 04:00:00+00:00,2673.65,2673.944,2669.299,2670.494,4130,159,0
2024-09-27 05:00:00+00:00,2670.488,2671.423,2662.336,2664.795,9928,159,0
2024-09-27 06:00:00+00:00,2664.829,2669.485,2664.017,2665.772,11822,159,0
2024-09-27 07:00:00+00:00,2665.723,2668.33,2660.89,2664.72,9869,159,0
2024-09-27 08:00:00+00:00,2664.685,2665.403,2661.8,2662.562,8003,159,0
2024-09-27 09:00:00+00:00,2662.472,2664.973,2658.284,2663.709,8326,159,0
2024-09-27 10:00:00+00:00,2663.735,2665.632,2662.048,2664.367,6718,159,0
2024-09-27 11:00:00+00:00,2664.349,2669.236,2664.305,2666.159,6583,159,0
2024-09-27 12:00:00+00:00,2666.125,2674.266,2662.315,2670.063,14825,159,0
2024-09-27 13:00:00+00:00,2670.026,2671.16,2664.059,2666.226,19111,159,0
2024-09-27 14:00:00+00:00,2666.153,2666.895,2649.385,2649.488,21230,159,0
2024-09-27 15:00:00+00:00,2649.448,2654.627,2644.705,2649.794,22042,159,0
2024-09-27 16:00:00+00:00,2649.751,2656.361,2645.972,2651.845,12079,159,0
2024-09-27 17:00:00+00:00,2651.835,2652.419,2642.994,2645.155,9531,159,0
2024-09-27 18:00:00+00:00,2645.155,2648.89,2643.356,2647.91,6877,159,0
2024-09-27 19:00:00+00:00,2647.949,2652.836,2645.577,2652.079,6391,159,0
2024-09-27 20:00:00+00:00,2652.036,2660.009,2651.126,2657.983,4330,159,0
2024-09-29 22:00:00+00:00,2661.714,2663.582,2659.762,2662.716,4942,159,0
2024-09-29 23:00:00+00:00,2662.678,2665.106,2661.64,2663.543,4923,159,0
2024-09-30 00:00:00+00:00,2663.58,2666.049,2661.271,2661.644,7286,159,0
2024-09-30 01:00:00+00:00,2661.68,2664.377,2647.264,2652.674,15819,159,0
2024-09-30 02:00:00+00:00,2652.632,2656.363,2650.196,2652.581,8956,159,0
2024-09-30 03:00:00+00:00,2652.605,2655.644,2652.107,2653.617,5896,159,0
2024-09-30 04:00:00+00:00,2653.573,2655.918,2652.122,2655.865,4790,159,0
2024-09-30 05:00:00+00:00,2655.896,2659.319,2654.383,2657.881,6912,159,0
2024-09-30 06:00:00+00:00,2657.753,2660.056,2655.586,2657.821,8304,159,0
2024-09-30 07:00:00+00:00,2657.856,2660.619,2650.63,2650.993,7613,159,0
2024-09-30 08:00:00+00:00,2650.935,2656.591,2650.646,2653.585,7225,159,0
2024-09-30 09:00:00+00:00,2653.614,2653.638,2648.294,2649.643,7441,159,0
2024-09-30 10:00:00+00:00,2649.715,2650.098,2635.748,2636.947,9945,159,0
2024-09-30 11:00:00+00:00,2636.911,2642.814,2634.41,2641.542,8946,159,0
2024-09-30 12:00:00+00:00,2641.523,2644.199,2634.879,2638.913,10192,159,0
2024-09-30 13:00:00+00:00,2638.955,2642.082,2630.398,2635.685,17591,159,0
2024-09-30 14:00:00+00:00,2635.659,2636.173,2628.693,2633.226,19253,159,0
2024-09-30 15:00:00+00:00,2633.289,2636.505,2630.262,2633.868,11092,159,0
2024-09-30 16:00:00+00:00,2633.874,2639.429,2633.356,2639.053,8054,159,0
2024-09-30 17:00:00+00:00,2639.091,2641.893,2636.385,2637.829,7075,159,0
2024-09-30 18:00:00+00:00,2637.804,2638.327,2624.679,2631.467,15432,159,0
2024-09-30 19:00:00+00:00,2631.431,2631.734,2626.43,2630.923,7403,159,0
2024-09-30 20:00:00+00:00,2630.963,2635.122,2630.747,2634.848,3189,159,0
2024-09-30 22:00:00+00:00,2633.527,2635.031,2632.53,2635.016,2124,159,0
2024-09-30 23:00:00+00:00,2634.994,2636.228,2634.559,2635.634,2638,160,0
2024-10-01 00:00:00+00:00,2635.659,2637.198,2633.911,2636.455,4255,159,0
2024-10-01 01:00:00+00:00,2636.439,2639.812,2635.5,2639.811,4505,160,0
2024-10-01 02:00:00+00:00,2639.788,2640.008,2634.995,2636.481,4619,159,0
2024-10-01 03:00:00+00:00,2636.494,2638.655,2634.48,2637.947,4304,159,0
2024-10-01 04:00:00+00:00,2637.955,2640.51,2637.399,2639.541,3893,159,0
2024-10-01 05:00:00+00:00,2639.555,2644.406,2639.528,2643.048,5362,159,0
2024-10-01 06:00:00+00:00,2643.012,2645.544,2642.536,2645.33,6143,159,0
2024-10-01 07:00:00+00:00,2645.354,2647.449,2641.633,2645.559,8892,159,0
2024-10-01 08:00:00+00:00,2645.593,2646.811,2642.418,2646.535,7049,159,0
2024-10-01 09:00:00+00:00,2646.492,2649.334,2645.371,2648.666,6593,159,0
2024-10-01 10:00:00+00:00,2648.698,2650.519,2648.24,2650.391,5461,159,0
2024-10-01 11:00:00+00:00,2650.416,2652.073,2646.88,2650.229,6455,159,0
2024-10-01 12:00:00+00:00,2650.274,2656.678,2650.142,2651.564,9689,159,0
2024-10-01 13:00:00+00:00,2651.533,2671.868,2647.946,2668.452,27601,159,0
2024-10-01 14:00:00+00:00,2668.506,2669.95,2657.343,2659.295,27251,159,0
2024-10-01 15:00:00+00:00,2659.195,2665.467,2653.857,2663.338,17567,159,0
2024-10-01 16:00:00+00:00,2663.303,2673.222,2661.166,2666.412,14446,159,0
2024-10-01 17:00:00+00:00,2666.46,2671.784,2661.164,2662.414,15816,159,0
2024-10-01 18:00:00+00:00,2662.447,2664.897,2657.515,2661.021,8233,159,0
2024-10-01 19:00:00+00:00,2660.99,2664.325,2658.16,2658.691,6349,159,0
2024-10-01 20:00:00+00:00,2658.73,2664.009,2657.812,2663.575,3127,160,0
2024-10-01 22:00:00+00:00,2661.812,2662.895,2661.194,2662.126,2235,160,0
2024-10-01 23:00:00+00:00,2662.127,2662.281,2660.135,2660.361,2687,160,0
2024-10-02 00:00:00+00:00,2660.39,2660.646,2656.95,2657.452,5107,159,0
2024-10-02 01:00:00+00:00,2657.496,2662.017,2656.294,2660.656,5852,159,0
2024-10-02 02:00:00+00:00,2660.611,2661.156,2658.735,2660.153,4900,159,0
2024-10-02 03:00:00+00:00,2660.116,2661.568,2655.101,2655.376,5339,159,0
2024-10-02 04:00:00+00:00,2655.351,2656.542,2652.54,2654.127,5170,159,0
2024-10-02 05:00:00+00:00,2654.118,2656.197,2644.495,2647.938,9168,159,0
2024-10-02 06:00:00+00:00,2648.023,2650.859,2647.178,2649.76,6810,159,0
2024-10-02 07:00:00+00:00,2649.714,2655.515,2649.397,2655.426,8550,159,0
2024-10-02 08:00:00+00:00,2655.482,2655.871,2648.579,2652.358,7406,159,0
2024-10-02 09:00:00+00:00,2652.359,2655.607,2651.509,2652.876,6611,159,0
2024-10-02 10:00:00+00:00,2652.911,2654.341,2648.741,2649.146,5570,159,0
2024-10-02 11:00:00+00:00,2649.097,2652.588,2647.941,2649.577,6269,159,0
2024-10-02 12:00:00+00:00,2649.619,2652.979,2643.699,2649.597,12131,159,0
2024-10-02 13:00:00+00:00,2649.509,2660.821,2649.165,2659.402,17451,159,0
2024-10-02 14:00:00+00:00,2659.446,2663.354,2647.35,2648.173,17535,159,0
2024-10-02 15:00:00+00:00,2648.201,2650.748,2641.038,2649.89,14659,159,0
2024-10-02 16:00:00+00:00,2649.918,2652.278,2648.064,2649.731,7965,159,0
2024-10-02 17:00:00+00:00,2649.751,2652.803,2647.096,2652.151,5882,159,0
2024-10-02 18:00:00+00:00,2652.136,2655.946,2651.149,2654.104,5596,159,0
2024-10-02 19:00:00+00:00,2654.065,2658.986,2653.678,2658.64,4625,159,0
2024-10-02 20:00:00+00:00,2658.622,2659.904,2658.263,2658.825,2961,159,0
2024-10-02 22:00:00+00:00,2658.946,2660.339,2658.375,2659.45,2409,160,0
2024-10-02 23:00:00+00:00,2659.454,2661.236,2659.375,2660.333,3007,159,0
2024-10-03 00:00:00+00:00,2660.299,2662.968,2657.398,2657.751,5590,159,0
2024-10-03 01:00:00+00:00,2657.729,2658.932,2654.994,2658.172,6162,159,0
2024-10-03 02:00:00+00:00,2658.212,2658.695,2655.363,2655.83,4892,159,0
2024-10-03 03:00:00+00:00,2655.785,2657.987,2653.273,2656.001,5162,159,0
2024-10-03 04:00:00+00:00,2655.966,2656.551,2654.605,2655.039,3959,159,0
2024-10-03 05:00:00+00:00,2655.0,2656.712,2651.804,2653.268,6314,159,0
2024-10-03 06:00:00+00:00,2653.226,2657.491,2651.308,2655.908,7092,159,0
2024-10-03 07:00:00+00:00,2655.931,2656.204,2643.491,2645.187,9894,159,0
2024-10-03 08:00:00+00:00,2645.215,2647.482,2641.672,2645.207,7772,159,0
2024-10-03 09:00:00+00:00,2645.163,2647.554,2640.975,2644.855,7768,159,0
2024-10-03 10:00:00+00:00,2644.824,2648.078,2643.969,2646.822,6913,159,0
2024-10-03 11:00:00+00:00,2646.739,2649.024,2643.555,2648.018,6773,159,0
2024-10-03 12:00:00+00:00,2647.984,2654.36,2642.014,2642.398,14345,159,0
2024-10-03 13:00:00+00:00,2642.36,2651.341,2641.539,2647.865,15845,159,0
2024-10-03 14:00:00+00:00,2647.629,2654.46,2637.964,2650.245,29265,159,0
2024-10-03 15:00:00+00:00,2650.208,2654.619,2647.884,2648.798,11203,159,0
2024-10-03 16:00:00+00:00,2648.842,2661.259,2648.49,2660.0,9629,159,0
2024-10-03 17:00:00+00:00,2659.997,2662.161,2655.157,2656.745,8409,159,0
2024-10-03 18:00:00+00:00,2656.741,2659.773,2655.361,2657.591,5310,159,0
2024-10-03 19:00:00+00:00,2657.586,2659.532,2656.974,2657.974,5223,159,0
2024-10-03 20:00:00+00:00,2658.009,2658.009,2655.776,2656.246,2410,159,0
2024-10-03 22:00:00+00:00,2657.147,2657.147,2654.356,2655.987,2434,160,0
2024-10-03 23:00:00+00:00,2656.046,2656.683,2654.319,2655.804,2112,159,0
2024-10-04 00:00:00+00:00,2655.8,2657.581,2655.444,2657.234,4024,159,0
2024-10-04 01:00:00+00:00,2657.243,2659.224,2656.742,2658.335,5172,159,0
2024-10-04 02:00:00+00:00,2658.291,2663.521,2657.965,2662.095,4882,159,0
2024-10-04 03:00:00+00:00,2662.099,2663.591,2660.714,2661.137,4787,159,0
2024-10-04 04:00:00+00:00,2661.128,2665.861,2660.634,2664.086,4223,159,0
2024-10-04 05:00:00+00:00,2664.08,2667.864,2664.055,2667.394,4765,159,0
2024-10-04 06:00:00+00:00,2667.391,2667.58,2659.636,2660.228,5929,159,0
2024-10-04 07:00:00+00:00,2660.275,2663.175,2658.703,2661.08,7809,159,0
2024-10-04 08:00:00+00:00,2661.05,2661.595,2658.772,2659.021,5716,159,0
2024-10-04 09:00:00+00:00,2659.06,2660.237,2656.783,2657.455,5448,159,0
2024-10-04 10:00:00+00:00,2657.427,2660.741,2657.131,2658.279,4896,159,0
2024-10-04 11:00:00+00:00,2658.234,2662.567,2657.346,2661.342,5798,159,0
2024-10-04 12:00:00+00:00,2661.307,2661.564,2632.038,2638.818,27374,159,0
2024-10-04 13:00:00+00:00,2638.854,2655.217,2637.409,2651.887,27421,159,0
2024-10-04 14:00:00+00:00,2651.904,2661.199,2646.482,2658.293,20735,159,0
2024-10-04 15:00:00+00:00,2658.338,2670.167,2647.8,2653.201,27103,159,0
2024-10-04 16:00:00+00:00,2653.227,2653.859,2641.813,2645.295,12908,159,0
2024-10-04 17:00:00+00:00,2645.338,2650.461,2643.898,2650.069,8460,159,0
2024-10-04 18:00:00+00:00,2650.068,2650.754,2644.31,2645.651,6955,159,0
2024-10-04 19:00:00+00:00,2645.686,2652.076,2642.763,2651.624,6023,159,0
2024-10-04 20:00:00+00:00,2651.657,2653.995,2649.848,2653.488,3395,159,0
2024-10-06 22:00:00+00:00,2651.575,2652.212,2649.908,2650.826,3443,159,0
2024-10-06 23:00:00+00:00,2650.825,2652.397,2649.674,2650.12,3410,159,0
2024-10-07 00:00:00+00:00,2650.103,2651.144,2647.737,2649.273,4666,159,0
2024-10-07 01:00:00+00:00,2649.268,2651.928,2643.825,2646.185,7448,159,0
2024-10-07 02:00:00+00:00,2646.151,2648.643,2645.264,2645.3,6280,159,0
2024-10-07 03:00:00+00:00,2645.269,2647.499,2643.891,2647.421,5214,159,0
2024-10-07 04:00:00+00:00,2647.399,2648.661,2646.342,2646.815,3646,159,0
2024-10-07 05:00:00+00:00,2646.759,2646.794,2639.917,2640.72,5472,159,0
2024-10-07 06:00:00+00:00,2640.688,2643.891,2639.597,2643.235,7465,159,0
2024-10-07 07:00:00+00:00,2643.167,2652.832,2642.045,2651.974,8930,159,0
2024-10-07 08:00:00+00:00,2652.016,2656.354,2651.529,2652.296,8320,159,0
2024-10-07 09:00:00+00:00,2652.257,2657.34,2650.597,2656.545,6622,159,0
2024-10-07 10:00:00+00:00,2656.52,2658.508,2655.176,2655.441,6482,159,0
2024-10-07 11:00:00+00:00,2655.398,2659.677,2655.029,2656.913,6753,159,0
2024-10-07 12:00:00+00:00,2656.949,2659.206,2637.728,2640.007,15617,159,0
2024-10-07 13:00:00+00:00,2639.934,2653.767,2639.64,2642.75,20423,159,0
2024-10-07 14:00:00+00:00,2642.704,2647.792,2640.38,2640.852,15923,159,0
2024-10-07 15:00:00+00:00,2640.821,2650.139,2639.051,2645.728,10855,159,0
2024-10-07 16:00:00+00:00,2645.687,2646.897,2642.604,2646.797,6585,159,0
2024-10-07 17:00:00+00:00,2646.796,2648.744,2644.117,2647.865,5298,159,0
2024-10-07 18:00:00+00:00,2647.902,2648.11,2639.686,2640.908,6412,159,0
2024-10-07 19:00:00+00:00,2640.931,2644.734,2640.384,2643.26,5514,159,0
2024-10-07 20:00:00+00:00,2643.224,2643.703,2641.776,2642.567,2667,160,0
2024-10-07 22:00:00+00:00,2643.087,2649.22,2641.768,2644.249,3947,159,0
2024-10-07 23:00:00+00:00,2644.274,2644.856,2642.389,2642.944,3481,160,0
2024-10-08 00:00:00+00:00,2642.962,2645.15,2642.32,2643.641,5058,159,0
2024-10-08 01:00:00+00:00,2643.665,2647.898,2637.861,2647.297,14679,159,0
2024-10-08 02:00:00+00:00,2647.253,2648.317,2633.726,2635.733,15943,159,0
2024-10-08 03:00:00+00:00,2635.699,2645.798,2635.207,2642.99,9486,159,0
2024-10-08 04:00:00+00:00,2642.952,2643.843,2641.282,2643.069,4787,159,0
2024-10-08 05:00:00+00:00,2643.027,2646.404,2641.526,2645.014,7359,159,0
2024-10-08 06:00:00+00:00,2644.998,2646.429,2635.595,2636.41,9856,159,0
2024-10-08 07:00:00+00:00,2636.374,2638.536,2631.1,2633.951,12072,159,0
2024-10-08 08:00:00+00:00,2633.977,2640.322,2628.487,2637.973,10652,159,0
2024-10-08 09:00:00+00:00,2637.963,2641.971,2635.718,2641.34,7338,159,0
2024-10-08 10:00:00+00:00,2641.339,2647.434,2639.719,2646.234,7499,159,0
2024-10-08 11:00:00+00:00,2646.269,2651.936,2646.159,2650.745,8876,159,0
2024-10-08 12:00:00+00:00,2650.739,2652.982,2639.738,2645.963,13718,159,0
2024-10-08 13:00:00+00:00,2645.919,2647.695,2636.588,2639.632,20884,159,0
2024-10-08 14:00:00+00:00,2639.674,2640.364,2619.494,2620.941,28946,159,0
2024-10-08 15:00:00+00:00,2620.973,2621.151,2604.686,2612.939,20923,159,0
2024-10-08 16:00:00+00:00,2613.016,2616.265,2606.663,2608.992,11038,159,0
2024-10-08 17:00:00+00:00,2609.031,2618.103,2605.443,2614.557,11027,159,0
2024-10-08 18:00:00+00:00,2614.527,2616.945,2613.762,2615.658,6341,159,0
2024-10-08 19:00:00+00:00,2615.668,2623.574,2614.864,2622.921,6291,159,0
2024-10-08 20:00:00+00:00,2622.963,2623.087,2618.811,2621.872,3924,159,0
2024-10-08 22:00:00+00:00,2621.786,2622.414,2620.542,2621.929,2114,159,0
2024-10-08 23:00:00+00:00,2621.951,2623.813,2621.151,2621.868,3264,159,0
2024-10-09 00:00:00+00:00,2621.868,2623.237,2620.963,2621.14,4750,159,0
2024-10-09 01:00:00+00:00,2621.167,2624.263,2618.287,2619.992,10652,159,0
2024-10-09 02:00:00+00:00,2620.028,2620.392,2616.847,2618.428,7489,159,0
2024-10-09 03:00:00+00:00,2618.408,2618.921,2614.848,2617.072,6397,159,0
2024-10-09 04:00:00+00:00,2617.035,2618.627,2615.404,2615.945,3534,159,0
2024-10-09 05:00:00+00:00,2615.906,2624.321,2615.632,2619.677,8679,159,0
2024-10-09 06:00:00+00:00,2619.644,2619.644,2610.611,2612.722,9385,159,0
2024-10-09 07:00:00+00:00,2612.808,2615.6,2609.139,2611.628,8358,159,0
2024-10-09 08:00:00+00:00,2611.669,2617.373,2610.405,2616.21,7981,159,0
2024-10-09 09:00:00+00:00,2616.184,2618.567,2614.582,2617.956,6528,159,0
2024-10-09 10:00:00+00:00,2617.996,2621.534,2616.041,2621.004,5717,159,0
2024-10-09 11:00:00+00:00,2620.976,2622.45,2616.91,2619.022,6332,159,0
2024-10-09 12:00:00+00:00,2619.061,2622.458,2615.3,2618.859,9784,159,0
2024-10-09 13:00:00+00:00,2618.89,2620.725,2606.875,2609.612,19383,159,0
2024-10-09 14:00:00+00:00,2609.586,2611.887,2605.189,2609.826,15437,159,0
2024-10-09 15:00:00+00:00,2609.784,2617.933,2609.391,2614.845,12201,159,0
2024-10-09 16:00:00+00:00,2614.861,2615.888,2607.778,2608.684,8053,159,0
2024-10-09 17:00:00+00:00,2608.702,2609.944,2606.372,2609.654,6734,159,0
2024-10-09 18:00:00+00:00,2609.723,2611.105,2605.116,2606.416,6003,159,0
2024-10-09 19:00:00+00:00,2606.451,2610.155,2606.266,2609.087,4750,159,0
2024-10-09 20:00:00+00:00,2609.15,2609.477,2606.881,2607.741,2851,160,0
2024-10-09 22:00:00+00:00,2608.184,2608.981,2607.436,2608.804,2171,159,0
2024-10-09 23:00:00+00:00,2608.882,2609.441,2607.907,2608.476,2164,159,0
2024-10-10 00:00:00+00:00,2608.438,2610.146,2605.904,2609.328,4679,159,0
2024-10-10 01:00:00+00:00,2609.326,2612.494,2606.769,2609.087,9014,159,0
2024-10-10 02:00:00+00:00,2609.052,2615.58,2607.95,2615.234,7356,159,0
2024-10-10 03:00:00+00:00,2615.267,2616.9,2611.39,2611.762,6922,159,0
2024-10-10 04:00:00+00:00,2611.724,2614.725,2611.492,2613.856,4043,159,0
2024-10-10 05:00:00+00:00,2613.892,2615.531,2612.461,2613.26,5983,159,0
2024-10-10 06:00:00+00:00,2613.307,2616.422,2610.545,2612.419,6628,159,0
2024-10-10 07:00:00+00:00,2612.398,2617.066,2610.202,2616.657,7763,159,0
2024-10-10 08:00:00+00:00,2616.695,2617.352,2613.497,2615.408,6032,159,0
2024-10-10 09:00:00+00:00,2615.487,2618.437,2614.301,2617.141,5243,159,0
2024-10-10 10:00:00+00:00,2617.173,2618.448,2615.519,2617.914,4825,159,0
2024-10-10 11:00:00+00:00,2617.888,2618.912,2611.306,2612.98,7139,159,0
2024-10-10 12:00:00+00:00,2613.013,2627.3,2602.164,2625.081,24176,159,0
2024-10-10 13:00:00+00:00,2625.046,2627.934,2615.681,2626.657,26382,159,0
2024-10-10 14:00:00+00:00,2626.754,2629.794,2622.644,2625.393,19174,159,0
2024-10-10 15:00:00+00:00,2625.431,2626.206,2618.722,2623.615,11316,159,0
2024-10-10 16:00:00+00:00,2623.619,2629.106,2618.717,2619.263,10117,159,0
2024-10-10 17:00:00+00:00,2619.23,2626.265,2616.442,2623.788,9671,159,0
2024-10-10 18:00:00+00:00,2623.868,2629.111,2623.254,2626.494,6221,159,0
2024-10-10 19:00:00+00:00,2626.5,2631.359,2625.931,2629.16,5369,159,0
2024-10-10 20:00:00+00:00,2629.135,2631.485,2628.804,2629.638,3201,159,0
2024-10-10 22:00:00+00:00,2629.12,2629.169,2628.071,2628.232,2240,160,0
2024-10-10 23:00:00+00:00,2628.237,2636.032,2628.237,2633.149,4681,160,0
2024-10-11 00:00:00+00:00,2633.161,2634.472,2631.952,2633.908,5798,159,0
2024-10-11 01:00:00+00:00,2633.896,2637.964,2632.944,2637.745,8723,159,0
2024-10-11 02:00:00+00:00,2637.712,2644.092,2635.222,2642.356,8494,159,0
2024-10-11 03:00:00+00:00,2642.324,2646.04,2640.65,2645.483,6075,159,0
2024-10-11 04:00:00+00:00,2645.51,2646.11,2643.901,2645.61,3741,159,0
2024-10-11 05:00:00+00:00,2645.57,2645.965,2643.155,2644.682,4759,159,0
2024-10-11 06:00:00+00:00,2644.723,2647.204,2638.037,2639.551,8717,159,0
2024-10-11 07:00:00+00:00,2639.506,2645.552,2638.283,2645.355,6318,159,0
2024-10-11 08:00:00+00:00,2645.317,2646.198,2639.003,2639.239,5516,159,0
2024-10-11 09:00:00+00:00,2639.247,2641.642,2636.153,2637.91,6005,159,0
2024-10-11 10:00:00+00:00,2637.87,2642.241,2636.976,2641.641,4944,159,0
2024-10-11 11:00:00+00:00,2641.679,2644.796,2638.658,2644.635,5974,159,0
2024-10-11 12:00:00+00:00,2644.599,2650.109,2640.61,2642.976,13366,159,0
2024-10-11 13:00:00+00:00,2643.009,2653.396,2642.623,2649.749,15766,159,0
2024-10-11 14:00:00+00:00,2649.58,2655.379,2646.48,2653.034,13329,159,0
2024-10-11 15:00:00+00:00,2653.027,2659.318,2653.027,2658.776,8831,159,0
2024-10-11 16:00:00+00:00,2658.784,2661.462,2657.857,2660.475,7058,159,0
2024-10-11 17:00:00+00:00,2660.487,2661.196,2656.304,2659.474,6013,159,0
2024-10-11 18:00:00+00:00,2659.44,2659.518,2656.123,2658.597,4837,159,0
2024-10-11 19:00:00+00:00,2658.587,2658.831,2655.24,2656.122,4596,159,0
2024-10-11 20:00:00+00:00,2656.16,2657.207,2654.728,2656.836,2817,160,0
2024-10-13 22:00:00+00:00,2650.086,2652.472,2646.866,2650.375,5932,159,0
2024-10-13 23:00:00+00:00,2650.378,2650.705,2647.617,2648.091,3896,159,0
2024-10-14 00:00:00+00:00,2648.131,2648.348,2645.112,2646.683,4930,159,0
2024-10-14 01:00:00+00:00,2646.682,2648.438,2643.556,2646.064,10528,159,0
2024-10-14 02:00:00+00:00,2646.031,2655.468,2643.075,2655.131,9050,159,0
2024-10-14 03:00:00+00:00,2655.124,2657.455,2653.761,2655.553,6194,159,0
2024-10-14 04:00:00+00:00,2655.556,2660.391,2655.194,2659.153,3717,160,0
2024-10-14 05:00:00+00:00,2659.172,2660.723,2657.106,2658.987,5351,159,0
2024-10-14 06:00:00+00:00,2658.979,2666.867,2657.468,2664.058,9693,159,0
2024-10-14 07:00:00+00:00,2664.019,2665.166,2659.101,2660.395,7248,159,0
2024-10-14 08:00:00+00:00,2660.396,2661.881,2658.278,2659.452,5859,159,0
2024-10-14 09:00:00+00:00,2659.476,2662.995,2656.732,2658.523,5602,159,0
2024-10-14 10:00:00+00:00,2658.519,2660.855,2655.743,2655.813,5828,159,0
2024-10-14 11:00:00+00:00,2655.828,2656.877,2650.987,2652.184,7181,160,0
2024-10-14 12:00:00+00:00,2652.174,2654.563,2649.217,2651.352,8905,159,0
2024-10-14 13:00:00+00:00,2651.307,2661.162,2647.662,2655.583,15597,159,0
2024-10-14 14:00:00+00:00,2655.543,2657.021,2644.729,2645.69,15242,159,0
2024-10-14 15:00:00+00:00,2645.725,2649.092,2643.94,2646.733,8733,159,0
2024-10-14 16:00:00+00:00,2646.795,2649.725,2645.745,2648.549,5440,159,0
2024-10-14 17:00:00+00:00,2648.517,2649.93,2647.24,2648.604,4352,159,0
2024-10-14 18:00:00+00:00,2648.61,2650.94,2648.389,2649.195,3524,159,0
2024-10-14 19:00:00+00:00,2649.257,2652.575,2646.993,2652.395,5051,159,0
2024-10-14 20:00:00+00:00,2652.437,2653.329,2646.075,2648.86,3345,159,0
2024-10-14 22:00:00+00:00,2647.876,2650.346,2647.415,2650.013,2186,160,0
2024-10-14 23:00:00+00:00,2650.011,2650.991,2648.901,2649.351,2656,159,0
2024-10-15 00:00:00+00:00,2649.419,2650.232,2647.813,2648.145,4301,159,0
2024-10-15 01:00:00+00:00,2648.121,2651.277,2647.265,2648.429,7347,160,0
2024-10-15 02:00:00+00:00,2648.467,2652.769,2648.082,2651.649,6386,159,0
2024-10-15 03:00:00+00:00,2651.682,2651.715,2644.449,2645.705,6216,159,0
2024-10-15 04:00:00+00:00,2645.743,2645.743,2642.907,2644.372,5051,159,0
2024-10-15 05:00:00+00:00,2644.374,2644.374,2637.975,2641.824,8716,159,0
2024-10-15 06:00:00+00:00,2641.813,2649.22,2641.305,2648.61,8288,159,0
2024-10-15 07:00:00+00:00,2648.642,2653.947,2647.906,2650.758,8741,159,0
2024-10-15 08:00:00+00:00,2650.74,2655.778,2649.72,2653.859,7423,159,0
2024-10-15 09:00:00+00:00,2653.859,2655.509,2651.032,2653.569,6384,159,0
2024-10-15 10:00:00+00:00,2653.611,2656.771,2652.602,2653.026,5637,159,0
2024-10-15 11:00:00+00:00,2653.065,2654.543,2645.596,2647.749,7622,159,0
2024-10-15 12:00:00+00:00,2647.726,2657.431,2647.168,2648.287,10983,159,0
2024-10-15 13:00:00+00:00,2648.285,2653.342,2646.001,2648.609,17149,159,0
2024-10-15 14:00:00+00:00,2648.576,2664.15,2647.785,2659.781,19202,159,0
2024-10-15 15:00:00+00:00,2659.808,2665.158,2657.284,2664.637,12188,159,0
2024-10-15 16:00:00+00:00,2664.673,2668.93,2661.051,2661.873,8317,159,0
2024-10-15 17:00:00+00:00,2661.793,2662.729,2658.971,2662.676,3946,159,0
2024-10-15 18:00:00+00:00,2664.158,2665.825,2663.853,2665.152,1359,159,0
2024-10-15 19:00:00+00:00,2665.111,2666.475,2659.424,2661.602,5845,159,0
2024-10-15 20:00:00+00:00,2661.64,2663.11,2660.269,2662.98,2823,159,0
2024-10-15 22:00:00+00:00,2662.042,2662.866,2661.519,2662.103,1831,159,0
2024-10-15 23:00:00+00:00,2662.132,2662.616,2660.413,2660.5,2482,159,0
2024-10-16 00:00:00+00:00,2660.498,2660.544,2658.722,2660.161,4120,159,0
2024-10-16 01:00:00+00:00,2660.167,2668.02,2660.085,2668.02,10421,159,0
2024-10-16 02:00:00+00:00,2667.975,2670.155,2665.506,2668.045,7754,159,0
2024-10-16 03:00:00+00:00,2668.1,2669.214,2665.292,2667.156,6233,159,0
2024-10-16 04:00:00+00:00,2667.12,2668.26,2665.592,2666.686,4110,159,0
2024-10-16 05:00:00+00:00,2666.721,2670.586,2666.091,2669.419,6211,159,0
2024-10-16 06:00:00+00:00,2669.46,2677.704,2667.071,2677.168,13042,159,0
2024-10-16 07:00:00+00:00,2677.135,2677.49,2673.25,2676.115,7381,159,0
2024-10-16 08:00:00+00:00,2676.113,2680.176,2674.539,2679.465,6187,159,0
2024-10-16 09:00:00+00:00,2679.506,2682.759,2678.055,2680.221,6529,159,0
2024-10-16 10:00:00+00:00,2680.253,2681.006,2673.191,2674.263,7740,159,0
2024-10-16 11:00:00+00:00,2674.307,2680.635,2672.964,2678.331,7646,159,0
2024-10-16 12:00:00+00:00,2678.312,2681.969,2676.479,2681.711,10141,159,0
2024-10-16 13:00:00+00:00,2681.671,2685.394,2672.386,2675.055,18927,159,0
2024-10-16 14:00:00+00:00,2675.081,2681.436,2670.03,2672.13,18666,159,0
2024-10-16 15:00:00+00:00,2672.154,2675.703,2667.541,2669.985,12134,159,0
2024-10-16 16:00:00+00:00,2669.925,2674.201,2666.68,2674.143,8282,159,0
2024-10-16 17:00:00+00:00,2674.187,2676.32,2673.075,2675.24,6166,159,0
2024-10-16 18:00:00+00:00,2675.217,2676.704,2674.588,2674.995,4030,160,0
2024-10-16 19:00:00+00:00,2674.95,2675.013,2672.765,2674.69,4063,159,0
2024-10-16 20:00:00+00:00,2674.735,2674.988,2673.078,2673.614,1928,160,0
2024-10-16 22:00:00+00:00,2674.51,2674.996,2673.292,2673.73,2115,159,0
2024-10-16 23:00:00+00:00,2673.721,2674.739,2673.456,2674.087,1899,160,0
2024-10-17 00:00:00+00:00,2674.122,2677.953,2674.069,2677.828,4164,159,0
2024-10-17 01:00:00+00:00,2677.894,2683.022,2676.463,2682.999,8346,159,0
2024-10-17 02:00:00+00:00,2683.024,2684.898,2678.885,2681.941,10762,159,0
2024-10-17 03:00:00+00:00,2681.905,2682.242,2674.531,2676.61,7489,159,0
2024-10-17 04:00:00+00:00,2676.651,2679.762,2676.397,2679.074,4622,159,0
2024-10-17 05:00:00+00:00,2679.06,2684.294,2678.032,2683.507,7755,159,0
2024-10-17 06:00:00+00:00,2683.536,2685.756,2679.981,2681.121,10532,159,0
2024-10-17 07:00:00+00:00,2681.165,2683.814,2678.878,2681.953,9015,159,0
2024-10-17 08:00:00+00:00,2681.981,2683.88,2680.017,2681.802,6299,159,0
2024-10-17 09:00:00+00:00,2681.805,2682.085,2676.949,2679.481,6652,159,0
2024-10-17 10:00:00+00:00,2679.458,2688.826,2679.026,2687.48,6617,159,0
2024-10-17 11:00:00+00:00,2687.443,2688.435,2680.778,2681.298,6579,159,0
2024-10-17 12:00:00+00:00,2681.258,2682.259,2673.155,2680.646,17945,159,0
2024-10-17 13:00:00+00:00,2680.603,2690.139,2677.78,2688.717,19425,159,0
2024-10-17 14:00:00+00:00,2688.753,2696.541,2684.72,2695.643,19936,159,0
2024-10-17 15:00:00+00:00,2695.602,2696.788,2687.543,2693.271,13675,159,0
2024-10-17 16:00:00+00:00,2693.365,2693.403,2683.959,2692.202,10109,159,0
2024-10-17 17:00:00+00:00,2692.234,2694.202,2690.433,2691.99,6710,159,0
2024-10-17 18:00:00+00:00,2691.971,2692.228,2689.165,2689.577,5132,159,0
2024-10-17 19:00:00+00:00,2689.572,2692.583,2688.858,2691.954,3913,159,0
2024-10-17 20:00:00+00:00,2692.006,2692.958,2690.958,2692.719,2396,160,0
2024-10-17 22:00:00+00:00,2692.423,2693.375,2692.318,2692.617,1625,159,0
2024-10-17 23:00:00+00:00,2692.618,2694.411,2692.309,2693.709,1996,160,0
2024-10-18 00:00:00+00:00,2693.67,2695.827,2692.765,2693.061,4517,159,0
2024-10-18 01:00:00+00:00,2693.018,2706.793,2692.789,2704.637,11736,159,0
2024-10-18 02:00:00+00:00,2704.529,2711.964,2703.977,2708.138,11779,159,0
2024-10-18 03:00:00+00:00,2708.062,2710.848,2706.957,2709.959,7040,159,0
2024-10-18 04:00:00+00:00,2709.944,2711.41,2708.751,2710.142,4029,159,0
2024-10-18 05:00:00+00:00,2710.164,2714.08,2710.044,2711.467,7483,159,0
2024-10-18 06:00:00+00:00,2711.429,2711.625,2702.643,2707.415,13844,159,0
2024-10-18 07:00:00+00:00,2707.382,2709.151,2702.233,2702.272,7722,159,0
2024-10-18 08:00:00+00:00,2702.281,2706.264,2701.682,2706.255,5826,159,0
2024-10-18 09:00:00+00:00,2706.243,2713.162,2706.135,2711.383,7095,159,0
2024-10-18 10:00:00+00:00,2711.412,2713.204,2707.944,2712.514,6559,159,0
2024-10-18 11:00:00+00:00,2712.506,2713.109,2707.963,2709.779,8418,159,0
2024-10-18 12:00:00+00:00,2709.808,2717.075,2709.133,2709.605,10118,159,0
2024-10-18 13:00:00+00:00,2709.566,2715.828,2704.921,2713.649,21345,159,0
2024-10-18 14:00:00+00:00,2713.624,2720.131,2712.095,2717.466,15454,159,0
2024-10-18 15:00:00+00:00,2717.363,2719.172,2713.575,2714.813,10812,159,0
2024-10-18 16:00:00+00:00,2714.846,2719.024,2714.686,2717.549,6948,159,0
2024-10-18 17:00:00+00:00,2717.585,2720.071,2713.576,2715.924,6877,159,0
2024-10-18 18:00:00+00:00,2715.923,2721.281,2715.49,2720.225,5582,159,0
2024-10-18 19:00:00+00:00,2720.269,2720.504,2718.028,2719.624,5618,159,0
2024-10-18 20:00:00+00:00,2719.665,2722.633,2719.181,2721.778,3661,159,0
2024-10-20 22:00:00+00:00,2723.092,2723.839,2720.179,2723.564,3435,159,0
2024-10-20 23:00:00+00:00,2723.527,2725.132,2722.363,2723.416,3992,159,0
2024-10-21 00:00:00+00:00,2723.457,2725.83,2721.425,2721.616,6480,159,0
2024-10-21 01:00:00+00:00,2721.659,2729.291,2721.04,2726.429,17236,159,0
2024-10-21 02:00:00+00:00,2726.442,2731.482,2724.75,2730.741,9699,159,0
2024-10-21 03:00:00+00:00,2730.697,2732.826,2729.348,2731.512,6666,159,0
2024-10-21 04:00:00+00:00,2731.514,2731.974,2729.552,2730.381,3895,160,0
2024-10-21 05:00:00+00:00,2730.385,2730.422,2724.436,2724.886,7654,159,0
2024-10-21 06:00:00+00:00,2724.851,2730.597,2723.554,2730.24,8339,159,0
2024-10-21 07:00:00+00:00,2730.284,2732.5,2725.333,2730.312,7701,159,0
2024-10-21 08:00:00+00:00,2730.322,2733.12,2729.357,2731.328,6545,159,0
2024-10-21 09:00:00+00:00,2731.341,2736.899,2730.725,2734.519,7787,159,0
2024-10-21 10:00:00+00:00,2734.54,2734.965,2727.706,2733.362,8255,159,0
2024-10-21 11:00:00+00:00,2733.317,2738.128,2732.955,2734.419,8785,159,0
2024-10-21 12:00:00+00:00,2734.458,2739.794,2732.731,2738.688,12857,159,0
2024-10-21 13:00:00+00:00,2738.713,2740.561,2733.687,2738.973,19451,159,0
2024-10-21 14:00:00+00:00,2739.045,2739.545,2722.236,2725.224,24141,159,0
2024-10-21 15:00:00+00:00,2725.268,2727.116,2716.833,2720.119,18724,159,0
2024-10-21 16:00:00+00:00,2720.093,2724.009,2718.086,2723.499,8495,159,0
2024-10-21 17:00:00+00:00,2723.539,2725.598,2721.596,2722.796,6978,159,0
2024-10-21 18:00:00+00:00,2722.788,2723.253,2715.325,2716.464,6085,159,0
2024-10-21 19:00:00+00:00,2716.424,2721.025,2714.178,2719.854,7672,159,0
2024-10-21 20:00:00+00:00,2719.81,2720.972,2718.823,2719.873,3158,159,0
2024-10-21 22:00:00+00:00,2718.77,2721.754,2718.707,2720.76,2072,159,0
2024-10-21 23:00:00+00:00,2720.726,2722.592,2720.38,2721.483,2591,159,0
2024-10-22 00:00:00+00:00,2721.478,2725.184,2720.633,2724.83,5415,159,0
2024-10-22 01:00:00+00:00,2724.866,2730.33,2723.917,2728.161,9684,159,0
2024-10-22 02:00:00+00:00,2728.12,2730.678,2727.69,2728.789,6195,159,0
2024-10-22 03:00:00+00:00,2728.763,2733.081,2728.66,2731.019,5895,159,0
2024-10-22 04:00:00+00:00,2730.967,2736.022,2730.967,2734.712,5601,159,0
2024-10-22 05:00:00+00:00,2734.733,2735.117,2729.015,2730.435,6232,160,0
2024-10-22 06:00:00+00:00,2730.397,2737.141,2729.575,2735.064,7592,159,0
2024-10-22 07:00:00+00:00,2735.016,2736.256,2732.456,2733.656,5889,159,0
2024-10-22 08:00:00+00:00,2733.617,2738.4,2731.433,2734.917,6966,159,0
2024-10-22 09:00:00+00:00,2734.915,2736.066,2729.809,2731.462,6710,159,0
2024-10-22 10:00:00+00:00,2731.435,2739.358,2730.481,2738.843,7828,159,0
2024-10-22 11:00:00+00:00,2738.887,2739.283,2729.436,2731.976,8220,159,0
2024-10-22 12:00:00+00:00,2732.01,2738.036,2731.553,2736.164,11335,159,0
2024-10-22 13:00:00+00:00,2736.202,2742.068,2735.417,2735.831,16331,159,0
2024-10-22 14:00:00+00:00,2735.775,2743.223,2733.713,2741.814,16632,159,0
2024-10-22 15:00:00+00:00,2741.851,2744.206,2736.822,2737.562,10529,159,0
2024-10-22 16:00:00+00:00,2737.521,2745.55,2737.117,2745.259,7850,159,0
2024-10-22 17:00:00+00:00,2745.301,2748.375,2743.528,2746.684,7751,159,0
2024-10-22 18:00:00+00:00,2746.718,2747.227,2744.102,2744.659,5474,159,0
2024-10-22 19:00:00+00:00,2744.621,2748.905,2743.827,2748.306,5126,159,0
2024-10-22 20:00:00+00:00,2748.354,2748.863,2746.755,2748.585,3550,159,0
2024-10-22 22:00:00+00:00,2747.854,2748.354,2747.021,2747.305,1782,159,0
2024-10-22 23:00:00+00:00,2747.304,2748.08,2745.82,2746.55,2053,160,0
2024-10-23 00:00:00+00:00,2746.557,2747.037,2744.725,2745.213,3972,159,0
2024-10-23 01:00:00+00:00,2745.255,2747.217,2737.92,2738.623,9298,160,0
2024-10-23 02:00:00+00:00,2738.575,2741.059,2737.816,2738.952,7027,159,0
2024-10-23 03:00:00+00:00,2738.906,2747.018,2738.238,2746.047,6791,159,0
2024-10-23 04:00:00+00:00,2746.054,2750.677,2745.347,2749.921,6208,159,0
2024-10-23 05:00:00+00:00,2749.928,2753.288,2748.803,2751.441,7470,159,0
2024-10-23 06:00:00+00:00,2751.406,2753.188,2748.096,2750.513,7550,159,0
2024-10-23 07:00:00+00:00,2750.47,2755.632,2749.254,2754.874,6363,159,0
2024-10-23 08:00:00+00:00,2754.913,2758.508,2754.574,2756.845,5615,159,0
2024-10-23 09:00:00+00:00,2756.89,2757.622,2749.83,2750.622,7923,159,0
2024-10-23 10:00:00+00:00,2750.643,2752.519,2749.675,2750.742,6302,159,0
2024-10-23 11:00:00+00:00,2750.736,2752.911,2749.134,2749.967,6740,159,0
2024-10-23 12:00:00+00:00,2749.932,2750.514,2740.762,2743.369,12365,159,0
2024-10-23 13:00:00+00:00,2743.407,2744.216,2731.595,2737.442,25759,159,0
2024-10-23 14:00:00+00:00,2737.508,2738.698,2716.402,2717.801,29590,159,0
2024-10-23 15:00:00+00:00,2717.827,2722.563,2708.604,2721.726,19486,159,0
2024-10-23 16:00:00+00:00,2721.692,2723.275,2718.47,2719.363,10245,159,0
2024-10-23 17:00:00+00:00,2719.308,2720.656,2713.743,2716.684,9128,159,0
2024-10-23 18:00:00+00:00,2716.659,2716.659,2711.932,2714.102,8134,159,0
2024-10-23 19:00:00+00:00,2714.017,2718.215,2713.218,2716.202,6154,159,0
2024-10-23 20:00:00+00:00,2716.236,2716.647,2714.143,2715.544,3475,159,0
2024-10-23 22:00:00+00:00,2715.19,2718.306,2715.156,2718.0,2448,159,0
2024-10-23 23:00:00+00:00,2718.049,2721.885,2718.049,2721.258,3476,159,0
2024-10-24 00:00:00+00:00,2721.219,2721.401,2717.761,2721.184,5791,159,0
2024-10-24 01:00:00+00:00,2721.282,2726.698,2720.292,2723.737,11008,159,0
2024-10-24 02:00:00+00:00,2723.74,2724.488,2720.22,2723.377,7920,159,0
2024-10-24 03:00:00+00:00,2723.382,2724.034,2721.392,2722.877,4977,159,0
2024-10-24 04:00:00+00:00,2722.882,2727.182,2722.824,2726.516,4459,159,0
2024-10-24 05:00:00+00:00,2726.507,2729.746,2725.779,2728.951,5812,159,0
2024-10-24 06:00:00+00:00,2728.93,2736.565,2728.29,2735.21,8585,159,0
2024-10-24 07:00:00+00:00,2735.169,2737.121,2732.148,2733.54,7865,159,0
2024-10-24 08:00:00+00:00,2733.613,2737.894,2732.489,2736.807,6976,159,0
2024-10-24 09:00:00+00:00,2736.768,2739.204,2735.844,2736.469,5761,159,0
2024-10-24 10:00:00+00:00,2736.515,2739.199,2736.222,2736.722,5162,159,0
2024-10-24 11:00:00+00:00,2736.767,2739.696,2735.074,2738.556,6621,159,0
2024-10-24 12:00:00+00:00,2738.464,2741.591,2734.634,2739.094,10620,159,0
2024-10-24 13:00:00+00:00,2739.138,2743.208,2729.556,2733.539,17706,159,0
2024-10-24 14:00:00+00:00,2733.586,2736.157,2722.364,2732.339,20208,159,0
2024-10-24 15:00:00+00:00,2732.302,2734.345,2726.75,2731.099,12379,159,0
2024-10-24 16:00:00+00:00,2731.091,2735.562,2725.758,2733.576,10598,159,0
2024-10-24 17:00:00+00:00,2733.554,2737.067,2732.87,2735.345,8041,159,0
2024-10-24 18:00:00+00:00,2735.381,2737.727,2734.447,2735.578,6093,159,0
2024-10-24 19:00:00+00:00,2735.611,2737.012,2733.424,2737.012,5112,159,0
2024-10-24 20:00:00+00:00,2737.119,2737.144,2735.027,2735.706,2567,159,0
2024-10-24 22:00:00+00:00,2735.683,2736.089,2734.529,2734.577,1760,159,0
2024-10-24 23:00:00+00:00,2734.584,2735.49,2733.622,2733.844,2197,160,0
2024-10-25 00:00:00+00:00,2733.885,2734.884,2731.305,2732.43,4153,159,0
2024-10-25 01:00:00+00:00,2732.472,2735.199,2729.788,2730.022,8274,159,0
2024-10-25 02:00:00+00:00,2729.979,2730.156,2726.136,2728.423,6730,159,0
2024-10-25 03:00:00+00:00,2728.38,2728.38,2724.376,2726.041,5318,159,0
2024-10-25 04:00:00+00:00,2726.077,2727.792,2723.863,2725.994,4574,159,0
2024-10-25 05:00:00+00:00,2726.033,2729.85,2726.005,2728.464,6505,159,0
2024-10-25 06:00:00+00:00,2728.477,2732.567,2724.961,2732.186,7801,159,0
2024-10-25 07:00:00+00:00,2732.148,2732.148,2725.88,2726.375,6792,159,0
2024-10-25 08:00:00+00:00,2726.464,2727.06,2718.805,2719.429,8545,159,0
2024-10-25 09:00:00+00:00,2719.32,2721.4,2716.956,2721.232,7076,159,0
2024-10-25 10:00:00+00:00,2721.338,2722.67,2717.166,2722.217,6386,159,0
2024-10-25 11:00:00+00:00,2722.224,2729.391,2721.205,2724.181,8238,159,0
2024-10-25 12:00:00+00:00,2724.208,2732.506,2723.198,2731.435,8928,159,0
2024-10-25 13:00:00+00:00,2731.474,2732.13,2725.195,2727.638,14935,159,0
2024-10-25 14:00:00+00:00,2727.705,2740.563,2727.67,2738.444,16072,159,0
2024-10-25 15:00:00+00:00,2738.423,2742.028,2736.444,2737.131,9384,159,0
2024-10-25 16:00:00+00:00,2737.093,2739.394,2733.864,2739.173,7913,159,0
2024-10-25 17:00:00+00:00,2739.198,2745.022,2738.693,2744.246,6335,159,0
2024-10-25 18:00:00+00:00,2744.285,2744.695,2741.234,2742.059,5338,159,0
2024-10-25 19:00:00+00:00,2742.055,2744.41,2740.3,2742.519,5426,159,0
2024-10-25 20:00:00+00:00,2742.561,2747.774,2742.469,2747.023,4214,159,0
2024-10-27 22:00:00+00:00,2733.443,2736.182,2730.34,2734.546,7106,159,0
2024-10-27 23:00:00+00:00,2734.571,2740.21,2734.563,2735.815,5686,159,0
2024-10-28 00:00:00+00:00,2735.783,2736.301,2732.145,2732.466,6196,159,0
2024-10-28 01:00:00+00:00,2732.433,2732.962,2724.631,2732.264,12838,159,0
2024-10-28 02:00:00+00:00,2732.261,2735.564,2730.662,2734.186,6609,159,0
2024-10-28 03:00:00+00:00,2734.129,2734.683,2729.584,2729.702,5499,159,0
2024-10-28 04:00:00+00:00,2729.629,2733.48,2729.059,2732.91,4085,159,0
2024-10-28 05:00:00+00:00,2732.954,2738.766,2731.083,2738.385,6158,159,0
2024-10-28 06:00:00+00:00,2738.393,2744.515,2737.466,2740.573,8723,159,0
2024-10-28 07:00:00+00:00,2740.582,2743.665,2735.795,2738.919,7172,159,0
2024-10-28 08:00:00+00:00,2738.887,2740.869,2731.383,2731.953,8332,159,0
2024-10-28 09:00:00+00:00,2731.923,2734.011,2728.386,2729.294,7545,159,0
2024-10-28 10:00:00+00:00,2729.256,2733.309,2727.811,2732.234,6731,159,0
2024-10-28 11:00:00+00:00,2732.242,2732.869,2729.683,2732.319,6088,159,0
2024-10-28 12:00:00+00:00,2732.312,2734.884,2731.171,2734.343,7838,159,0
2024-10-28 13:00:00+00:00,2734.299,2743.459,2732.811,2740.888,13941,159,0
2024-10-28 14:00:00+00:00,2740.851,2745.917,2738.873,2744.215,12572,159,0
2024-10-28 15:00:00+00:00,2744.244,2744.673,2739.645,2740.704,9871,159,0
2024-10-28 16:00:00+00:00,2740.671,2744.968,2739.976,2742.67,6305,159,0
2024-10-28 17:00:00+00:00,2742.658,2744.896,2740.27,2743.358,5806,159,0
2024-10-28 18:00:00+00:00,2743.396,2743.47,2740.169,2741.811,4835,159,0
2024-10-28 19:00:00+00:00,2741.851,2743.487,2740.313,2742.498,4421,159,0
2024-10-28 20:00:00+00:00,2742.464,2743.024,2741.32,2742.284,2521,159,0
2024-10-28 22:00:00+00:00,2741.724,2742.34,2739.774,2742.019,2223,160,0
2024-10-28 23:00:00+00:00,2742.009,2744.427,2741.124,2744.427,2761,160,0
2024-10-29 00:00:00+00:00,2744.379,2746.796,2743.267,2745.758,4246,159,0
2024-10-29 01:00:00+00:00,2745.746,2752.452,2745.566,2752.022,8743,159,0
2024-10-29 02:00:00+00:00,2752.071,2757.75,2750.466,2752.927,9641,159,0
2024-10-29 03:00:00+00:00,2752.905,2753.342,2748.598,2751.681,6721,159,0
2024-10-29 04:00:00+00:00,2751.677,2755.299,2751.287,2754.708,4235,159,0
2024-10-29 05:00:00+00:00,2754.752,2756.854,2749.732,2750.008,7422,159,0
2024-10-29 06:00:00+00:00,2749.96,2756.552,2748.898,2755.759,7365,159,0
2024-10-29 07:00:00+00:00,2755.722,2756.339,2751.918,2752.459,5952,159,0
2024-10-29 08:00:00+00:00,2752.499,2755.054,2746.303,2754.554,9347,159,0
2024-10-29 09:00:00+00:00,2754.593,2756.663,2750.096,2752.451,7424,159,0
2024-10-29 10:00:00+00:00,2752.494,2753.156,2747.383,2749.855,6876,159,0
2024-10-29 11:00:00+00:00,2749.857,2753.373,2746.19,2751.774,7507,159,0
2024-10-29 12:00:00+00:00,2751.806,2753.744,2748.937,2749.1,8299,159,0
2024-10-29 13:00:00+00:00,2749.073,2763.961,2748.142,2760.795,16334,159,0
2024-10-29 14:00:00+00:00,2760.811,2771.73,2760.811,2769.536,19271,159,0
2024-10-29 15:00:00+00:00,2769.571,2770.452,2760.778,2764.241,14441,159,0
2024-10-29 16:00:00+00:00,2764.219,2770.255,2764.128,2769.345,8525,159,0
2024-10-29 17:00:00+00:00,2769.343,2772.6,2766.262,2769.778,9322,159,0
2024-10-29 18:00:00+00:00,2769.808,2773.518,2768.207,2772.925,5975,159,0
2024-10-29 19:00:00+00:00,2772.919,2774.755,2771.0,2772.196,4947,159,0
2024-10-29 20:00:00+00:00,2772.165,2774.752,2771.823,2774.347,3035,159,0
2024-10-29 22:00:00+00:00,2773.558,2775.397,2772.943,2774.553,2236,160,0
2024-10-29 23:00:00+00:00,2774.561,2775.117,2773.367,2774.915,2744,159,0
2024-10-30 00:00:00+00:00,2774.943,2779.163,2774.778,2778.09,4998,160,0
2024-10-30 01:00:00+00:00,2778.145,2782.15,2776.956,2781.673,8693,159,0
2024-10-30 02:00:00+00:00,2781.707,2781.872,2776.048,2780.417,7251,159,0
2024-10-30 03:00:00+00:00,2780.462,2781.258,2777.187,2778.924,6048,159,0
2024-10-30 04:00:00+00:00,2778.93,2781.007,2777.395,2780.161,3673,159,0
2024-10-30 05:00:00+00:00,2780.123,2784.975,2777.939,2783.123,6070,159,0
2024-10-30 06:00:00+00:00,2783.124,2789.821,2781.228,2787.049,7826,159,0
2024-10-30 07:00:00+00:00,2787.087,2788.103,2780.447,2782.222,6924,159,0
2024-10-30 08:00:00+00:00,2782.257,2784.587,2779.541,2781.982,7319,159,0
2024-10-30 09:00:00+00:00,2781.885,2784.629,2780.275,2784.557,5616,159,0
2024-10-30 10:00:00+00:00,2784.56,2786.529,2780.11,2780.196,5543,159,0
2024-10-30 11:00:00+00:00,2780.16,2782.076,2778.213,2778.58,6394,159,0
2024-10-30 12:00:00+00:00,2778.556,2783.441,2773.618,2782.443,11673,159,0
2024-10-30 13:00:00+00:00,2782.549,2787.509,2770.83,2777.436,23312,159,0
2024-10-30 14:00:00+00:00,2777.455,2781.702,2775.108,2780.302,17744,159,0
2024-10-30 15:00:00+00:00,2780.268,2785.936,2771.956,2784.634,13191,159,0
2024-10-30 16:00:00+00:00,2784.675,2787.487,2783.002,2785.404,8003,159,0
2024-10-30 17:00:00+00:00,2785.351,2789.575,2783.887,2788.623,6859,159,0
2024-10-30 18:00:00+00:00,2788.575,2790.075,2787.265,2787.763,5073,159,0
2024-10-30 19:00:00+00:00,2787.801,2788.128,2784.47,2787.285,5175,159,0
2024-10-30 20:00:00+00:00,2787.333,2788.038,2784.777,2786.412,3539,159,0
2024-10-30 22:00:00+00:00,2787.459,2788.067,2786.207,2787.491,2658,160,0
2024-10-30 23:00:00+00:00,2787.46,2788.085,2785.215,2785.49,2500,159,0
2024-10-31 00:00:00+00:00,2785.489,2788.265,2784.648,2787.535,3771,159,0
2024-10-31 01:00:00+00:00,2787.572,2790.069,2783.554,2784.639,7069,159,0
2024-10-31 02:00:00+00:00,2784.655,2789.007,2784.376,2787.108,6200,159,0
2024-10-31 03:00:00+00:00,2787.076,2788.459,2784.321,2784.547,4449,159,0
2024-10-31 04:00:00+00:00,2784.598,2785.4,2782.088,2784.456,4404,159,0
2024-10-31 05:00:00+00:00,2784.427,2786.563,2782.618,2785.082,6689,159,0
2024-10-31 06:00:00+00:00,2785.086,2786.006,2779.688,2779.863,7456,159,0
2024-10-31 07:00:00+00:00,2779.819,2784.051,2778.054,2782.06,6943,159,0
2024-10-31 08:00:00+00:00,2782.028,2783.153,2776.893,2779.013,6698,159,0
2024-10-31 09:00:00+00:00,2779.097,2780.181,2776.972,2778.245,5865,159,0
2024-10-31 10:00:00+00:00,2778.213,2781.148,2773.305,2780.817,7140,159,0
2024-10-31 11:00:00+00:00,2780.865,2782.602,2776.691,2779.413,6649,159,0
2024-10-31 12:00:00+00:00,2779.414,2781.941,2771.911,2773.711,11764,159,0
2024-10-31 13:00:00+00:00,2773.611,2773.962,2754.467,2755.386,24449,159,0
2024-10-31 14:00:00+00:00,2755.348,2756.906,2734.619,2734.775,27606,159,0
2024-10-31 15:00:00+00:00,2734.749,2740.935,2731.515,2740.576,18089,159,0
2024-10-31 16:00:00+00:00,2740.617,2743.688,2738.004,2740.737,10535,159,0
2024-10-31 17:00:00+00:00,2740.762,2743.815,2738.206,2739.573,7323,159,0
2024-10-31 18:00:00+00:00,2739.568,2748.01,2739.567,2746.949,8535,159,0
2024-10-31 19:00:00+00:00,2746.918,2749.747,2745.709,2746.442,6471,159,0
2024-10-31 20:00:00+00:00,2746.407,2748.168,2743.269,2743.892,4030,159,0
2024-10-31 22:00:00+00:00,2743.947,2747.658,2743.904,2746.157,2502,159,0
2024-10-31 23:00:00+00:00,2746.174,2747.908,2745.411,2746.691,3095,160,0
2024-11-01 00:00:00+00:00,2746.672,2747.341,2744.815,2745.045,4242,159,0
2024-11-01 01:00:00+00:00,2745.045,2749.996,2744.819,2749.637,9252,159,0
2024-11-01 02:00:00+00:00,2749.605,2750.956,2745.756,2748.677,7901,159,0
2024-11-01 03:00:00+00:00,2748.708,2751.878,2747.426,2751.77,5864,159,0
2024-11-01 04:00:00+00:00,2751.728,2752.962,2750.69,2752.219,3422,159,0
2024-11-01 05:00:00+00:00,2752.209,2755.19,2751.608,2754.988,5633,159,0
2024-11-01 06:00:00+00:00,2754.959,2757.649,2751.25,2752.054,7846,159,0
2024-11-01 07:00:00+00:00,2752.05,2753.113,2747.065,2749.627,5923,159,0
2024-11-01 08:00:00+00:00,2749.589,2755.057,2748.518,2753.354,7429,159,0
2024-11-01 09:00:00+00:00,2753.388,2755.48,2748.049,2751.311,6812,159,0
2024-11-01 10:00:00+00:00,2751.346,2751.877,2744.818,2749.59,6461,159,0
2024-11-01 11:00:00+00:00,2749.63,2754.09,2749.567,2752.873,6500,159,0
2024-11-01 12:00:00+00:00,2752.892,2759.891,2749.489,2753.799,17388,159,0
2024-11-01 13:00:00+00:00,2753.834,2762.216,2752.11,2756.016,19610,159,0
2024-11-01 14:00:00+00:00,2755.991,2758.888,2739.674,2747.153,25039,159,0
2024-11-01 15:00:00+00:00,2747.179,2750.261,2742.554,2744.72,12776,159,0
2024-11-01 16:00:00+00:00,2744.706,2746.199,2740.376,2743.128,9480,159,0
2024-11-01 17:00:00+00:00,2743.161,2743.947,2735.015,2736.305,8558,159,0
2024-11-01 18:00:00+00:00,2736.296,2738.048,2733.427,2736.204,6951,159,0
2024-11-01 19:00:00+00:00,2736.18,2737.022,2733.12,2734.121,6099,159,0
2024-11-01 20:00:00+00:00,2734.077,2736.773,2733.266,2736.69,3639,159,0
2024-11-03 23:00:00+00:00,2732.846,2740.334,2732.577,2738.352,5452,159,0
2024-11-04 00:00:00+00:00,2738.379,2741.016,2736.974,2740.398,5007,159,0
2024-11-04 01:00:00+00:00,2740.361,2741.398,2735.343,2739.912,9848,159,0
2024-11-04 02:00:00+00:00,2739.902,2740.995,2736.971,2739.966,6530,159,0
2024-11-04 03:00:00+00:00,2739.969,2742.401,2739.318,2740.989,5553,159,0
2024-11-04 04:00:00+00:00,2740.952,2742.26,2739.652,2740.976,3747,159,0
2024-11-04 05:00:00+00:00,2740.969,2743.732,2737.648,2741.516,6235,159,0
2024-11-04 06:00:00+00:00,2741.515,2741.594,2735.728,2741.383,6843,159,0
2024-11-04 07:00:00+00:00,2741.422,2744.781,2735.07,2735.837,6739,159,0
2024-11-04 08:00:00+00:00,2735.806,2738.429,2731.807,2733.351,7989,159,0
2024-11-04 09:00:00+00:00,2733.339,2744.093,2732.515,2743.239,8199,159,0
2024-11-04 10:00:00+00:00,2743.28,2745.304,2737.181,2738.627,6805,159,0
2024-11-04 11:00:00+00:00,2738.613,2741.011,2736.397,2740.611,6149,159,0
2024-11-04 12:00:00+00:00,2740.534,2744.021,2739.443,2743.377,6427,159,0
2024-11-04 13:00:00+00:00,2743.349,2746.763,2738.726,2746.691,11692,159,0
2024-11-04 14:00:00+00:00,2746.721,2748.189,2737.892,2743.33,12770,159,0
2024-11-04 15:00:00+00:00,2743.33,2745.534,2737.67,2738.505,13998,159,0
2024-11-04 16:00:00+00:00,2738.529,2738.994,2732.314,2734.109,9894,159,0
2024-11-04 17:00:00+00:00,2734.145,2738.462,2731.711,2738.362,7443,159,0
2024-11-04 18:00:00+00:00,2738.396,2739.295,2735.608,2738.21,6503,159,0
2024-11-04 19:00:00+00:00,2738.254,2739.706,2737.215,2738.304,4910,159,0
2024-11-04 20:00:00+00:00,2738.245,2738.571,2736.346,2737.363,4694,159,0
2024-11-04 21:00:00+00:00,2737.374,2737.597,2736.054,2736.492,1973,159,0
2024-11-04 23:00:00+00:00,2737.663,2737.908,2736.008,2736.008,2301,160,0
2024-11-05 00:00:00+00:00,2736.046,2736.677,2734.045,2735.086,3612,159,0
2024-11-05 01:00:00+00:00,2735.092,2736.138,2732.917,2734.215,6940,159,0
2024-11-05 02:00:00+00:00,2734.195,2735.28,2724.694,2728.384,9981,159,0
2024-11-05 03:00:00+00:00,2728.351,2736.004,2727.665,2735.296,6740,159,0
2024-11-05 04:00:00+00:00,2735.24,2736.359,2733.035,2734.419,4767,159,0
2024-11-05 05:00:00+00:00,2734.365,2737.291,2731.845,2732.584,5694,159,0
2024-11-05 06:00:00+00:00,2732.59,2738.79,2731.697,2737.772,7037,159,0
2024-11-05 07:00:00+00:00,2737.736,2741.352,2735.136,2736.532,5595,159,0
2024-11-05 08:00:00+00:00,2736.492,2743.233,2732.09,2742.447,7731,159,0
2024-11-05 09:00:00+00:00,2742.487,2745.031,2738.856,2739.873,6499,159,0
2024-11-05 10:00:00+00:00,2739.839,2740.195,2735.595,2737.921,6354,159,0
2024-11-05 11:00:00+00:00,2737.952,2743.019,2737.952,2741.6,6420,159,0
2024-11-05 12:00:00+00:00,2741.697,2743.132,2737.509,2737.962,5697,159,0
2024-11-05 13:00:00+00:00,2737.996,2746.759,2736.274,2744.67,10120,159,0
2024-11-05 14:00:00+00:00,2744.614,2749.96,2741.437,2746.736,11939,159,0
2024-11-05 15:00:00+00:00,2746.728,2746.728,2732.921,2741.957,15689,159,0
2024-11-05 16:00:00+00:00,2742.001,2744.579,2736.327,2738.983,8854,159,0
2024-11-05 17:00:00+00:00,2739.014,2743.645,2738.171,2741.987,6321,159,0
2024-11-05 18:00:00+00:00,2741.974,2743.956,2739.358,2741.265,6290,159,0
2024-11-05 19:00:00+00:00,2741.232,2742.288,2739.479,2740.513,4898,159,0
2024-11-05 20:00:00+00:00,2740.549,2743.467,2739.619,2743.014,4584,159,0
2024-11-05 21:00:00+00:00,2743.026,2744.954,2742.539,2743.836,2338,160,0
2024-11-05 23:00:00+00:00,2742.57,2746.441,2742.423,2745.692,3352,159,0
2024-11-06 00:00:00+00:00,2745.686,2745.686,2735.316,2737.865,9912,159,0
2024-11-06 01:00:00+00:00,2737.963,2749.681,2732.609,2747.072,17381,159,0
2024-11-06 02:00:00+00:00,2747.045,2748.413,2736.778,2737.485,17827,159,0
2024-11-06 03:00:00+00:00,2737.518,2743.536,2730.639,2734.081,17488,159,0
2024-11-06 04:00:00+00:00,2734.119,2743.083,2733.156,2741.762,10334,159,0
2024-11-06 05:00:00+00:00,2741.852,2743.708,2736.371,2739.03,12326,159,0
2024-11-06 06:00:00+00:00,2739.006,2739.32,2701.319,2707.088,34033,159,0
2024-11-06 07:00:00+00:00,2707.065,2733.17,2704.114,2725.921,21747,159,0
2024-11-06 08:00:00+00:00,2725.87,2733.796,2722.721,2724.506,16059,159,0
2024-11-06 09:00:00+00:00,2724.473,2728.509,2716.426,2724.559,12526,159,0
2024-11-06 10:00:00+00:00,2724.535,2727.147,2718.673,2720.219,9181,159,0
2024-11-06 11:00:00+00:00,2720.262,2722.78,2696.018,2699.272,16727,159,0
2024-11-06 12:00:00+00:00,2699.231,2708.066,2693.246,2695.129,19559,159,0
2024-11-06 13:00:00+00:00,2695.141,2695.141,2659.07,2664.117,43080,159,0
2024-11-06 14:00:00+00:00,2664.091,2670.442,2652.335,2659.749,33668,159,0
2024-11-06 15:00:00+00:00,2659.834,2675.932,2657.383,2675.715,25679,159,0
2024-11-06 16:00:00+00:00,2675.752,2678.273,2662.863,2666.246,15359,159,0
2024-11-06 17:00:00+00:00,2666.249,2669.218,2661.574,2663.229,9972,159,0
2024-11-06 18:00:00+00:00,2663.258,2669.601,2662.805,2665.607,10102,159,0
2024-11-06 19:00:00+00:00,2665.647,2668.505,2664.916,2667.091,7446,159,0
2024-11-06 20:00:00+00:00,2667.055,2667.748,2659.29,2660.676,6463,159,0
2024-11-06 21:00:00+00:00,2660.634,2662.338,2658.958,2658.98,2843,159,0
2024-11-06 23:00:00+00:00,2660.168,2664.337,2659.911,2664.048,3685,159,0
2024-11-07 00:00:00+00:00,2664.035,2664.261,2660.905,2661.512,4888,159,0
2024-11-07 01:00:00+00:00,2661.483,2663.948,2643.208,2649.452,18559,159,0
2024-11-07 02:00:00+00:00,2649.437,2657.639,2649.437,2657.417,10611,159,0
2024-11-07 03:00:00+00:00,2657.46,2661.237,2655.559,2659.156,7865,159,0
2024-11-07 04:00:00+00:00,2659.199,2659.678,2654.119,2654.555,5566,159,0
2024-11-07 05:00:00+00:00,2654.608,2660.7,2654.608,2659.2,6744,159,0
2024-11-07 06:00:00+00:00,2659.175,2659.526,2652.794,2657.015,8929,159,0
2024-11-07 07:00:00+00:00,2656.976,2667.596,2656.164,2663.309,9803,159,0
2024-11-07 08:00:00+00:00,2663.349,2666.662,2657.423,2657.638,9024,159,0
2024-11-07 09:00:00+00:00,2657.606,2666.018,2657.435,2661.676,7549,159,0
2024-11-07 10:00:00+00:00,2661.636,2668.431,2659.794,2666.6,7491,159,0
2024-11-07 11:00:00+00:00,2666.552,2668.096,2663.835,2666.144,6331,159,0
2024-11-07 12:00:00+00:00,2666.266,2674.13,2664.276,2673.591,9354,159,0
2024-11-07 13:00:00+00:00,2673.641,2685.119,2672.339,2684.486,19242,159,0
2024-11-07 14:00:00+00:00,2684.527,2694.953,2682.348,2691.832,17629,159,0
2024-11-07 15:00:00+00:00,2691.8,2700.185,2690.028,2698.698,15710,159,0
2024-11-07 16:00:00+00:00,2698.687,2699.517,2690.604,2695.717,13615,159,0
2024-11-07 17:00:00+00:00,2695.756,2700.279,2694.253,2699.326,7895,159,0
2024-11-07 18:00:00+00:00,2699.277,2699.421,2693.937,2695.512,6831,159,0
2024-11-07 19:00:00+00:00,2695.647,2698.053,2687.424,2694.266,24043,159,0
2024-11-07 20:00:00+00:00,2694.308,2710.36,2692.817,2704.43,14572,159,0
2024-11-07 21:00:00+00:00,2704.451,2708.569,2703.624,2707.146,4026,159,0
2024-11-07 23:00:00+00:00,2704.674,2708.008,2704.108,2706.866,3521,159,0
2024-11-08 00:00:00+00:00,2706.87,2710.418,2705.577,2706.289,4755,159,0
2024-11-08 01:00:00+00:00,2706.338,2707.59,2699.041,2699.913,11486,159,0
2024-11-08 02:00:00+00:00,2699.868,2701.057,2695.096,2697.554,8825,159,0
2024-11-08 03:00:00+00:00,2697.516,2700.573,2694.034,2695.113,6509,159,0
2024-11-08 04:00:00+00:00,2695.083,2696.109,2693.237,2693.582,4978,159,0
2024-11-08 05:00:00+00:00,2693.587,2696.362,2693.58,2695.2,5882,159,0
2024-11-08 06:00:00+00:00,2695.183,2695.747,2685.963,2686.44,9604,159,0
2024-11-08 07:00:00+00:00,2686.408,2687.811,2680.286,2687.362,8371,159,0
2024-11-08 08:00:00+00:00,2687.404,2691.839,2681.906,2688.695,14359,159,0
2024-11-08 09:00:00+00:00,2688.653,2690.997,2687.07,2689.228,8220,159,0
2024-11-08 10:00:00+00:00,2689.302,2689.302,2681.983,2688.539,7629,159,0
2024-11-08 11:00:00+00:00,2688.577,2694.917,2686.704,2691.912,7146,159,0
2024-11-08 12:00:00+00:00,2691.937,2693.148,2686.153,2691.94,7895,159,0
2024-11-08 13:00:00+00:00,2691.909,2701.083,2687.842,2697.554,16250,159,0
2024-11-08 14:00:00+00:00,2697.598,2704.061,2687.75,2691.502,18733,159,0
2024-11-08 15:00:00+00:00,2691.495,2692.893,2683.379,2687.552,17575,159,0
2024-11-08 16:00:00+00:00,2687.499,2689.283,2682.813,2683.332,10857,159,0
2024-11-08 17:00:00+00:00,2683.385,2688.643,2683.385,2687.831,8535,159,0
2024-11-08 18:00:00+00:00,2687.833,2688.823,2683.847,2684.905,7138,159,0
2024-11-08 19:00:00+00:00,2684.946,2687.486,2683.238,2687.057,5551,159,0
2024-11-08 20:00:00+00:00,2687.023,2688.549,2684.948,2685.14,5554,159,0
2024-11-08 21:00:00+00:00,2685.098,2685.787,2682.983,2684.758,5219,159,0
2024-11-10 23:00:00+00:00,2683.161,2685.651,2681.526,2685.605,3698,159,0
2024-11-11 00:00:00+00:00,2685.638,2686.141,2682.553,2683.987,4226,159,0
2024-11-11 01:00:00+00:00,2683.961,2684.864,2671.83,2673.036,13523,159,0
2024-11-11 02:00:00+00:00,2673.065,2675.199,2666.444,2671.901,9499,159,0
2024-11-11 03:00:00+00:00,2671.937,2671.946,2667.985,2670.269,5622,159,0
2024-11-11 04:00:00+00:00,2670.272,2672.367,2668.826,2672.144,5180,159,0
2024-11-11 05:00:00+00:00,2672.16,2674.282,2666.928,2669.227,7256,159,0
2024-11-11 06:00:00+00:00,2669.237,2674.063,2668.373,2673.197,6526,159,0
2024-11-11 07:00:00+00:00,2673.229,2674.082,2668.818,2669.561,7336,159,0
2024-11-11 08:00:00+00:00,2669.516,2671.713,2667.549,2669.558,8052,159,0
2024-11-11 09:00:00+00:00,2669.523,2670.819,2663.837,2666.826,8595,159,0
2024-11-11 10:00:00+00:00,2666.789,2675.377,2660.881,2661.984,8931,159,0
2024-11-11 11:00:00+00:00,2661.944,2667.005,2658.992,2662.647,9249,159,0
2024-11-11 12:00:00+00:00,2662.672,2663.232,2656.676,2657.321,8726,159,0
2024-11-11 13:00:00+00:00,2657.282,2657.565,2634.253,2635.587,23137,159,0
2024-11-11 14:00:00+00:00,2635.545,2635.729,2617.704,2622.458,27363,159,0
2024-11-11 15:00:00+00:00,2622.483,2626.29,2613.422,2614.599,16200,159,0
2024-11-11 16:00:00+00:00,2614.558,2618.135,2612.595,2615.243,11089,159,0
2024-11-11 17:00:00+00:00,2615.219,2616.927,2611.407,2612.601,7931,159,0
2024-11-11 18:00:00+00:00,2612.564,2619.377,2610.53,2618.9,6569,159,0
2024-11-11 19:00:00+00:00,2618.938,2620.672,2617.79,2619.271,5250,159,0
2024-11-11 20:00:00+00:00,2619.316,2626.187,2619.233,2622.043,5248,159,0
2024-11-11 21:00:00+00:00,2622.008,2623.126,2619.276,2619.613,2854,159,0
2024-11-11 23:00:00+00:00,2620.155,2624.124,2619.767,2624.038,2798,160,0
2024-11-12 00:00:00+00:00,2624.027,2625.28,2622.195,2624.035,4437,159,0
2024-11-12 01:00:00+00:00,2624.084,2627.186,2619.119,2624.075,10412,159,0
2024-11-12 02:00:00+00:00,2624.045,2625.459,2620.405,2622.067,8111,159,0
2024-11-12 03:00:00+00:00,2622.048,2623.789,2618.717,2618.924,5494,160,0
2024-11-12 04:00:00+00:00,2618.875,2619.099,2615.558,2617.694,5652,159,0
2024-11-12 05:00:00+00:00,2617.74,2618.165,2605.341,2606.86,11549,159,0
2024-11-12 06:00:00+00:00,2606.823,2610.127,2603.421,2607.929,11887,159,0
2024-11-12 07:00:00+00:00,2607.886,2609.001,2595.164,2598.273,14110,159,0
2024-11-12 08:00:00+00:00,2598.309,2606.511,2598.119,2600.641,12042,159,0
2024-11-12 09:00:00+00:00,2600.567,2600.788,2590.758,2593.297,11905,159,0
2024-11-12 10:00:00+00:00,2593.303,2598.612,2589.657,2596.642,10183,159,0
2024-11-12 11:00:00+00:00,2596.605,2599.214,2592.672,2597.845,11517,159,0
2024-11-12 12:00:00+00:00,2597.82,2607.099,2597.82,2605.204,15161,159,0
2024-11-12 13:00:00+00:00,2605.235,2616.385,2604.397,2611.527,18495,159,0
2024-11-12 14:00:00+00:00,2611.566,2617.068,2608.855,2610.429,17776,159,0
2024-11-12 15:00:00+00:00,2610.364,2611.788,2597.387,2598.437,16804,159,0
2024-11-12 16:00:00+00:00,2598.479,2604.219,2597.812,2600.824,12978,159,0
2024-11-12 17:00:00+00:00,2600.799,2601.149,2592.43,2597.431,10091,159,0
2024-11-12 18:00:00+00:00,2597.475,2602.125,2596.416,2599.183,8025,159,0
2024-11-12 19:00:00+00:00,2599.217,2601.394,2597.927,2598.191,5062,159,0
2024-11-12 20:00:00+00:00,2598.166,2601.39,2595.112,2599.785,6049,159,0
2024-11-12 21:00:00+00:00,2599.821,2600.758,2597.198,2598.344,3434,160,0
2024-11-12 23:00:00+00:00,2598.073,2599.8,2597.649,2598.952,2322,160,0
2024-11-13 00:00:00+00:00,2599.01,2599.943,2598.002,2599.348,3500,159,0
2024-11-13 01:00:00+00:00,2599.389,2611.231,2599.389,2608.066,11039,159,0
2024-11-13 02:00:00+00:00,2608.106,2612.592,2605.154,2612.085,7661,159,0
2024-11-13 03:00:00+00:00,2612.055,2613.333,2606.419,2611.547,6606,159,0
2024-11-13 04:00:00+00:00,2611.579,2612.405,2606.038,2606.219,5345,159,0
2024-11-13 05:00:00+00:00,2606.279,2607.948,2603.49,2605.799,6601,159,0
2024-11-13 06:00:00+00:00,2605.768,2607.461,2604.194,2605.434,6990,159,0
2024-11-13 07:00:00+00:00,2605.394,2607.446,2604.251,2606.115,6212,159,0
2024-11-13 08:00:00+00:00,2606.166,2610.707,2601.031,2607.661,9687,159,0
2024-11-13 09:00:00+00:00,2607.622,2611.665,2607.3,2608.666,7404,159,0
2024-11-13 10:00:00+00:00,2608.623,2610.431,2606.955,2609.058,6049,159,0
2024-11-13 11:00:00+00:00,2609.052,2611.659,2605.78,2610.783,6040,159,0
2024-11-13 12:00:00+00:00,2610.848,2612.742,2608.838,2609.692,7055,159,0
2024-11-13 13:00:00+00:00,2609.726,2618.841,2607.146,2612.319,22282,159,0
2024-11-13 14:00:00+00:00,2612.223,2616.39,2601.027,2602.031,22560,159,0
2024-11-13 15:00:00+00:00,2602.007,2606.863,2593.564,2605.385,22738,159,0
2024-11-13 16:00:00+00:00,2605.341,2605.975,2584.707,2585.736,17115,159,0
2024-11-13 17:00:00+00:00,2585.83,2586.803,2577.507,2583.409,14188,159,0
2024-11-13 18:00:00+00:00,2583.364,2585.504,2579.513,2582.697,10272,159,0
2024-11-13 19:00:00+00:00,2582.659,2584.916,2580.552,2581.004,6799,159,0
2024-11-13 20:00:00+00:00,2580.971,2581.187,2572.926,2573.83,7972,159,0
2024-11-13 21:00:00+00:00,2573.783,2577.085,2572.589,2573.064,3692,159,0
2024-11-13 23:00:00+00:00,2571.948,2581.41,2569.214,2570.989,9213,159,0
2024-11-14 00:00:00+00:00,2571.012,2574.791,2569.612,2572.457,5047,159,0
2024-11-14 01:00:00+00:00,2572.458,2572.975,2561.5,2562.57,13874,159,0
2024-11-14 02:00:00+00:00,2562.533,2564.583,2558.875,2560.596,9053,159,0
2024-11-14 03:00:00+00:00,2560.565,2565.09,2559.877,2560.708,6237,159,0
2024-11-14 04:00:00+00:00,2560.718,2565.256,2559.24,2565.13,5205,159,0
2024-11-14 05:00:00+00:00,2565.134,2565.134,2555.28,2558.575,8350,159,0
2024-11-14 06:00:00+00:00,2558.543,2560.509,2551.893,2554.996,9289,159,0
2024-11-14 07:00:00+00:00,2555.037,2558.947,2550.361,2557.014,10244,159,0
2024-11-14 08:00:00+00:00,2556.972,2559.782,2554.463,2556.15,9302,159,0
2024-11-14 09:00:00+00:00,2556.108,2558.352,2536.747,2543.526,15183,159,0
2024-11-14 10:00:00+00:00,2543.568,2548.022,2539.029,2547.016,10497,159,0
2024-11-14 11:00:00+00:00,2547.055,2555.044,2545.124,2553.579,11088,159,0
2024-11-14 12:00:00+00:00,2553.621,2556.901,2550.07,2552.212,10613,159,0
2024-11-14 13:00:00+00:00,2552.174,2560.315,2551.191,2557.053,20803,159,0
2024-11-14 14:00:00+00:00,2557.029,2565.948,2554.191,2559.733,21234,159,0
2024-11-14 15:00:00+00:00,2559.69,2572.945,2558.513,2570.179,18574,159,0
2024-11-14 16:00:00+00:00,2570.203,2577.433,2569.192,2573.913,11085,159,0
2024-11-14 17:00:00+00:00,2573.959,2575.888,2567.392,2572.957,9855,159,0
2024-11-14 18:00:00+00:00,2572.986,2573.442,2567.086,2569.921,7979,159,0
2024-11-14 19:00:00+00:00,2569.897,2576.959,2569.849,2575.97,6352,159,0
2024-11-14 20:00:00+00:00,2575.981,2576.524,2563.866,2567.246,16010,159,0
2024-11-14 21:00:00+00:00,2567.281,2569.557,2564.133,2565.31,4707,159,0
2024-11-14 23:00:00+00:00,2564.927,2567.276,2564.898,2566.899,2816,159,0
2024-11-15 00:00:00+00:00,2566.888,2567.681,2565.842,2566.879,4303,159,0
2024-11-15 01:00:00+00:00,2566.877,2571.677,2563.027,2565.024,8747,159,0
2024-11-15 02:00:00+00:00,2565.002,2571.066,2564.846,2570.127,7191,159,0
2024-11-15 03:00:00+00:00,2570.096,2571.149,2567.608,2567.756,5168,159,0
2024-11-15 04:00:00+00:00,2567.719,2569.538,2566.998,2567.028,3511,159,0
2024-11-15 05:00:00+00:00,2567.075,2567.23,2559.76,2559.989,6310,159,0
2024-11-15 06:00:00+00:00,2559.953,2563.556,2554.392,2561.478,9279,159,0
2024-11-15 07:00:00+00:00,2561.434,2564.914,2559.283,2563.73,7141,159,0
2024-11-15 08:00:00+00:00,2563.692,2569.007,2560.822,2566.776,9088,159,0
2024-11-15 09:00:00+00:00,2566.73,2568.98,2563.899,2563.996,7693,159,0
2024-11-15 10:00:00+00:00,2563.965,2570.433,2562.953,2567.852,8732,159,0
2024-11-15 11:00:00+00:00,2567.828,2573.393,2566.597,2570.774,7985,159,0
2024-11-15 12:00:00+00:00,2570.801,2571.093,2565.44,2569.086,7995,159,0
2024-11-15 13:00:00+00:00,2569.13,2575.745,2561.218,2565.31,23975,159,0
2024-11-15 14:00:00+00:00,2565.275,2575.649,2564.187,2572.763,22637,159,0
2024-11-15 15:00:00+00:00,2572.828,2576.07,2564.968,2570.733,18073,159,0
2024-11-15 16:00:00+00:00,2570.742,2573.291,2561.994,2562.177,12520,159,0
2024-11-15 17:00:00+00:00,2562.16,2564.757,2560.11,2562.944,9506,159,0
2024-11-15 18:00:00+00:00,2562.99,2567.788,2559.413,2567.508,7814,159,0
2024-11-15 19:00:00+00:00,2567.453,2568.05,2562.697,2563.849,5618,159,0
2024-11-15 20:00:00+00:00,2563.849,2563.862,2559.758,2562.282,6553,159,0
2024-11-15 21:00:00+00:00,2562.242,2563.702,2561.11,2562.969,3296,159,0
2024-11-17 23:00:00+00:00,2568.027,2575.523,2568.027,2571.445,5724,159,0
2024-11-18 00:00:00+00:00,2571.418,2577.184,2569.866,2576.575,5852,159,0
2024-11-18 01:00:00+00:00,2576.488,2597.414,2576.488,2586.998,19715,159,0
2024-11-18 02:00:00+00:00,2586.917,2595.135,2586.823,2591.105,10122,159,0
2024-11-18 03:00:00+00:00,2591.026,2592.53,2587.753,2589.863,6169,159,0
2024-11-18 04:00:00+00:00,2589.895,2593.197,2589.256,2592.244,4380,159,0
2024-11-18 05:00:00+00:00,2592.256,2592.383,2585.078,2585.58,6823,159,0
2024-11-18 06:00:00+00:00,2585.611,2587.678,2580.42,2585.969,9749,159,0
2024-11-18 07:00:00+00:00,2586.03,2587.109,2581.671,2582.838,7088,159,0
2024-11-18 08:00:00+00:00,2582.796,2590.05,2582.021,2585.661,9190,159,0
2024-11-18 09:00:00+00:00,2585.62,2597.258,2583.802,2595.651,9655,159,0
2024-11-18 10:00:00+00:00,2595.648,2596.706,2589.522,2593.993,8426,159,0
2024-11-18 11:00:00+00:00,2594.006,2595.405,2590.428,2594.412,7324,159,0
2024-11-18 12:00:00+00:00,2594.339,2597.175,2590.358,2595.112,8552,159,0
2024-11-18 13:00:00+00:00,2595.111,2605.064,2592.87,2603.939,13176,159,0
2024-11-18 14:00:00+00:00,2603.964,2610.251,2602.699,2608.155,15364,159,0
2024-11-18 15:00:00+00:00,2608.192,2613.39,2605.861,2612.936,11695,159,0
2024-11-18 16:00:00+00:00,2612.972,2615.087,2609.329,2611.587,9008,159,0
2024-11-18 17:00:00+00:00,2611.623,2611.923,2607.341,2610.484,6696,159,0
2024-11-18 18:00:00+00:00,2610.487,2612.024,2607.666,2611.106,5866,159,0
2024-11-18 19:00:00+00:00,2611.144,2612.622,2608.343,2609.848,5470,159,0
2024-11-18 20:00:00+00:00,2609.804,2611.512,2608.192,2610.222,5048,159,0
2024-11-18 21:00:00+00:00,2610.26,2612.361,2609.823,2611.721,3318,159,0
2024-11-18 23:00:00+00:00,2611.031,2613.107,2610.345,2612.704,2274,160,0
2024-11-19 00:00:00+00:00,2612.731,2613.746,2611.047,2613.332,3712,159,0
2024-11-19 01:00:00+00:00,2613.344,2617.814,2611.538,2615.622,9956,159,0
2024-11-19 02:00:00+00:00,2615.618,2624.124,2615.618,2622.427,8269,159,0
2024-11-19 03:00:00+00:00,2622.392,2625.591,2621.321,2624.435,6466,159,0
2024-11-19 04:00:00+00:00,2624.456,2625.134,2621.47,2622.948,4587,159,0
2024-11-19 05:00:00+00:00,2622.903,2623.401,2620.801,2622.516,6297,159,0
2024-11-19 06:00:00+00:00,2622.475,2626.636,2621.376,2625.086,7160,159,0
2024-11-19 07:00:00+00:00,2625.184,2625.324,2617.689,2619.057,7817,159,0
2024-11-19 08:00:00+00:00,2619.021,2627.045,2618.674,2626.364,10275,159,0
2024-11-19 09:00:00+00:00,2626.28,2634.483,2625.281,2630.24,14219,159,0
2024-11-19 10:00:00+00:00,2630.216,2636.506,2629.909,2635.048,8429,159,0
2024-11-19 11:00:00+00:00,2635.061,2636.008,2629.026,2629.639,7700,159,0
2024-11-19 12:00:00+00:00,2629.667,2639.374,2628.686,2639.205,9311,159,0
2024-11-19 13:00:00+00:00,2639.236,2639.438,2629.25,2635.244,17130,159,0
2024-11-19 14:00:00+00:00,2635.216,2636.926,2622.74,2623.518,21366,159,0
2024-11-19 15:00:00+00:00,2623.481,2628.683,2620.912,2624.443,15264,159,0
2024-11-19 16:00:00+00:00,2624.478,2628.446,2622.295,2626.4,10998,159,0
2024-11-19 17:00:00+00:00,2626.364,2633.132,2625.622,2628.114,7942,159,0
2024-11-19 18:00:00+00:00,2628.148,2630.387,2626.247,2630.105,6634,159,0
2024-11-19 19:00:00+00:00,2630.14,2631.545,2628.859,2630.678,5365,159,0
2024-11-19 20:00:00+00:00,2630.717,2634.574,2630.414,2633.683,4537,159,0
2024-11-19 21:00:00+00:00,2633.651,2633.908,2630.548,2632.059,3554,159,0
2024-11-19 23:00:00+00:00,2632.155,2635.536,2632.009,2635.161,2843,160,0
2024-11-20 00:00:00+00:00,2635.161,2639.079,2634.676,2637.79,4497,159,0
2024-11-20 01:00:00+00:00,2637.833,2641.487,2635.771,2639.618,8940,159,0
2024-11-20 02:00:00+00:00,2639.635,2641.847,2638.374,2640.225,6356,159,0
2024-11-20 03:00:00+00:00,2640.208,2641.212,2637.541,2637.977,4967,159,0
2024-11-20 04:00:00+00:00,2638.012,2638.772,2636.109,2636.586,3785,159,0
2024-11-20 05:00:00+00:00,2636.526,2638.488,2634.869,2636.853,5866,159,0
2024-11-20 06:00:00+00:00,2636.822,2637.086,2628.55,2629.529,9433,159,0
2024-11-20 07:00:00+00:00,2629.508,2630.209,2621.232,2621.591,8423,159,0
2024-11-20 08:00:00+00:00,2621.555,2624.455,2618.864,2624.128,8452,159,0
2024-11-20 09:00:00+00:00,2624.195,2625.703,2621.058,2621.966,7358,159,0
2024-11-20 10:00:00+00:00,2621.944,2626.2,2620.871,2625.089,6819,159,0
2024-11-20 11:00:00+00:00,2625.042,2628.172,2621.398,2628.085,7313,159,0
2024-11-20 12:00:00+00:00,2628.123,2632.423,2627.065,2631.793,7848,159,0
2024-11-20 13:00:00+00:00,2631.751,2640.474,2631.165,2636.024,11550,159,0
2024-11-20 14:00:00+00:00,2636.063,2646.466,2634.126,2643.143,14653,159,0
2024-11-20 15:00:00+00:00,2643.127,2648.932,2640.775,2648.81,11002,159,0
2024-11-20 16:00:00+00:00,2648.808,2650.824,2646.045,2650.603,9827,159,0
2024-11-20 17:00:00+00:00,2650.623,2655.433,2649.194,2651.825,8201,159,0
2024-11-20 18:00:00+00:00,2651.781,2652.149,2645.357,2648.593,8609,159,0
2024-11-20 19:00:00+00:00,2648.568,2653.137,2648.447,2650.872,6001,159,0
2024-11-20 20:00:00+00:00,2650.841,2651.191,2647.27,2648.907,6129,159,0
2024-11-20 21:00:00+00:00,2648.886,2650.486,2648.051,2649.955,4006,159,0
2024-11-20 23:00:00+00:00,2651.224,2652.94,2648.987,2652.111,2981,159,0
2024-11-21 00:00:00+00:00,2652.153,2658.813,2651.776,2658.455,4687,159,0
2024-11-21 01:00:00+00:00,2658.494,2660.466,2651.807,2653.328,8493,159,0
2024-11-21 02:00:00+00:00,2653.298,2658.178,2652.505,2653.698,6299,159,0
2024-11-21 03:00:00+00:00,2653.702,2657.248,2650.358,2656.901,5378,159,0
2024-11-21 04:00:00+00:00,2656.873,2658.997,2656.797,2656.929,3810,159,0
2024-11-21 05:00:00+00:00,2656.972,2658.142,2654.625,2656.848,5592,159,0
2024-11-21 06:00:00+00:00,2656.921,2662.236,2656.537,2661.412,6737,159,0
2024-11-21 07:00:00+00:00,2661.374,2664.723,2659.992,2663.099,6894,159,0
2024-11-21 08:00:00+00:00,2663.06,2670.302,2661.967,2668.826,8120,159,0
2024-11-21 09:00:00+00:00,2668.853,2671.699,2663.42,2668.812,8876,159,0
2024-11-21 10:00:00+00:00,2668.811,2670.362,2665.064,2669.877,6638,159,0
2024-11-21 11:00:00+00:00,2669.918,2673.522,2668.31,2671.448,6737,160,0
2024-11-21 12:00:00+00:00,2671.491,2671.816,2662.897,2663.336,7829,159,0
2024-11-21 13:00:00+00:00,2663.278,2667.722,2660.418,2665.385,16178,159,0
2024-11-21 14:00:00+00:00,2665.42,2671.597,2661.345,2664.956,16223,159,0
2024-11-21 15:00:00+00:00,2665.042,2670.549,2664.358,2667.636,14302,159,0
2024-11-21 16:00:00+00:00,2667.674,2669.744,2661.306,2664.688,12882,159,0
2024-11-21 17:00:00+00:00,2664.716,2672.803,2661.765,2671.715,8806,159,0
2024-11-21 18:00:00+00:00,2671.758,2673.126,2669.017,2672.341,7136,159,0
2024-11-21 19:00:00+00:00,2672.38,2673.516,2667.814,2669.684,6336,159,0
2024-11-21 20:00:00+00:00,2669.718,2671.839,2668.551,2671.444,5302,159,0
2024-11-21 21:00:00+00:00,2671.488,2671.906,2668.056,2669.61,3742,159,0
2024-11-21 23:00:00+00:00,2669.861,2669.996,2668.146,2669.159,2983,159,0
2024-11-22 00:00:00+00:00,2669.127,2673.575,2668.844,2673.13,4608,159,0
2024-11-22 01:00:00+00:00,2673.114,2679.441,2673.04,2677.835,9561,159,0
2024-11-22 02:00:00+00:00,2677.776,2686.425,2677.3,2685.985,7589,159,0
2024-11-22 03:00:00+00:00,2685.982,2690.519,2681.413,2686.153,8413,159,0
2024-11-22 04:00:00+00:00,2686.186,2692.38,2682.975,2688.701,6389,159,0
2024-11-22 05:00:00+00:00,2688.743,2689.114,2683.011,2686.668,8214,159,0
2024-11-22 06:00:00+00:00,2686.636,2693.252,2685.859,2692.866,8225,159,0
2024-11-22 07:00:00+00:00,2692.897,2698.978,2690.449,2696.457,8373,159,0
2024-11-22 08:00:00+00:00,2696.488,2700.465,2694.705,2697.262,11559,159,0
2024-11-22 09:00:00+00:00,2697.302,2707.458,2693.554,2703.322,13320,159,0
2024-11-22 10:00:00+00:00,2703.358,2708.59,2702.622,2707.639,9596,159,0
2024-11-22 11:00:00+00:00,2707.678,2710.127,2696.989,2698.867,10792,159,0
2024-11-22 12:00:00+00:00,2698.826,2705.018,2696.996,2702.997,9500,159,0
2024-11-22 13:00:00+00:00,2702.957,2704.139,2689.268,2692.957,18655,159,0
2024-11-22 14:00:00+00:00,2692.915,2696.334,2684.441,2694.772,20045,159,0
2024-11-22 15:00:00+00:00,2694.641,2705.073,2694.492,2703.681,16305,159,0
2024-11-22 16:00:00+00:00,2703.741,2706.646,2700.745,2705.121,10741,159,0
2024-11-22 17:00:00+00:00,2705.22,2707.32,2703.561,2706.753,7720,159,0
2024-11-22 18:00:00+00:00,2706.787,2711.418,2706.68,2710.778,7510,159,0
2024-11-22 19:00:00+00:00,2710.823,2711.452,2706.942,2708.221,5851,159,0
2024-11-22 20:00:00+00:00,2708.18,2708.86,2705.102,2705.841,6337,159,0
2024-11-22 21:00:00+00:00,2705.806,2715.662,2705.707,2715.573,5288,159,0
2024-11-24 23:00:00+00:00,2711.186,2721.437,2710.748,2719.756,8493,159,0
2024-11-25 00:00:00+00:00,2719.719,2720.143,2709.706,2710.636,8237,159,0
2024-11-25 01:00:00+00:00,2710.672,2711.156,2694.855,2701.201,22993,159,0
2024-11-25 02:00:00+00:00,2701.225,2704.511,2692.258,2695.264,11561,159,0
2024-11-25 03:00:00+00:00,2695.249,2697.434,2658.997,2672.236,25377,159,0
2024-11-25 04:00:00+00:00,2672.191,2676.37,2663.825,2672.543,11097,159,0
2024-11-25 05:00:00+00:00,2672.587,2674.026,2658.14,2664.661,16361,159,0
2024-11-25 06:00:00+00:00,2664.711,2670.099,2661.63,2666.858,15422,159,0
2024-11-25 07:00:00+00:00,2666.902,2672.587,2663.785,2667.774,11633,159,0
2024-11-25 08:00:00+00:00,2667.809,2673.572,2667.098,2671.963,11636,159,0
2024-11-25 09:00:00+00:00,2671.988,2675.212,2669.844,2673.866,8736,159,0
2024-11-25 10:00:00+00:00,2673.826,2678.094,2668.834,2677.665,7705,159,0
2024-11-25 11:00:00+00:00,2677.629,2688.768,2677.596,2686.776,8754,159,0
2024-11-25 12:00:00+00:00,2686.806,2687.096,2679.951,2680.955,9645,159,0
2024-11-25 13:00:00+00:00,2680.964,2687.863,2676.608,2678.239,18462,159,0
2024-11-25 14:00:00+00:00,2678.281,2678.756,2633.51,2641.241,44325,159,0
2024-11-25 15:00:00+00:00,2641.263,2641.712,2626.231,2628.404,24694,159,0
2024-11-25 16:00:00+00:00,2628.435,2639.392,2628.313,2631.987,15411,159,0
2024-11-25 17:00:00+00:00,2631.948,2634.215,2624.455,2627.804,11037,159,0
2024-11-25 18:00:00+00:00,2627.726,2628.527,2615.519,2618.827,12694,159,0
2024-11-25 19:00:00+00:00,2618.785,2626.211,2618.341,2625.804,7554,159,0
2024-11-25 20:00:00+00:00,2625.83,2628.74,2622.628,2626.139,7039,159,0
2024-11-25 21:00:00+00:00,2626.098,2628.362,2625.1,2625.642,3421,159,0
2024-11-25 23:00:00+00:00,2625.829,2628.564,2605.128,2610.455,11298,159,0
2024-11-26 00:00:00+00:00,2610.484,2624.556,2608.477,2619.816,13761,159,0
2024-11-26 01:00:00+00:00,2619.791,2632.216,2618.021,2628.103,17238,159,0
2024-11-26 02:00:00+00:00,2628.113,2630.533,2624.893,2625.376,10063,159,0
2024-11-26 03:00:00+00:00,2625.335,2631.077,2622.888,2630.366,7505,159,0
2024-11-26 04:00:00+00:00,2630.342,2631.447,2625.027,2626.416,5075,159,0
2024-11-26 05:00:00+00:00,2626.41,2626.539,2617.871,2624.308,8967,159,0
2024-11-26 06:00:00+00:00,2624.351,2626.009,2621.109,2622.131,9088,159,0
2024-11-26 07:00:00+00:00,2622.088,2622.889,2610.832,2614.036,9265,159,0
2024-11-26 08:00:00+00:00,2614.07,2618.289,2612.417,2613.471,10656,159,0
2024-11-26 09:00:00+00:00,2613.42,2627.147,2612.876,2625.969,10169,159,0
2024-11-26 10:00:00+00:00,2625.993,2633.153,2625.102,2631.381,9101,159,0
2024-11-26 11:00:00+00:00,2631.394,2633.226,2627.58,2633.202,8003,159,0
2024-11-26 12:00:00+00:00,2633.243,2634.819,2629.274,2630.963,9205,159,0
2024-11-26 13:00:00+00:00,2630.939,2641.989,2623.942,2629.925,19292,159,0
2024-11-26 14:00:00+00:00,2629.877,2633.836,2616.72,2622.621,22167,159,0
2024-11-26 15:00:00+00:00,2622.649,2632.81,2620.287,2629.512,15791,159,0
2024-11-26 16:00:00+00:00,2629.527,2631.485,2626.374,2628.711,10041,159,0
2024-11-26 17:00:00+00:00,2628.678,2628.678,2624.939,2624.939,7983,159,0
2024-11-26 18:00:00+00:00,2624.909,2624.909,2619.498,2623.412,9132,159,0
2024-11-26 19:00:00+00:00,2623.375,2629.018,2622.681,2628.025,7168,159,0
2024-11-26 20:00:00+00:00,2628.065,2632.873,2627.427,2631.742,5665,159,0
2024-11-26 21:00:00+00:00,2631.767,2633.587,2630.745,2632.72,3341,159,0
2024-11-26 23:00:00+00:00,2631.285,2634.138,2630.779,2632.254,3191,159,0
2024-11-27 00:00:00+00:00,2632.249,2633.12,2627.184,2627.677,3835,159,0
2024-11-27 01:00:00+00:00,2627.703,2632.741,2627.017,2631.387,8713,160,0
2024-11-27 02:00:00+00:00,2631.352,2640.527,2631.136,2637.51,8293,159,0
2024-11-27 03:00:00+00:00,2637.543,2639.453,2635.847,2637.722,5954,159,0
2024-11-27 04:00:00+00:00,2637.728,2640.656,2636.555,2638.996,3925,159,0
2024-11-27 05:00:00+00:00,2638.979,2645.772,2638.121,2641.989,6706,159,0
2024-11-27 06:00:00+00:00,2642.075,2647.938,2638.927,2647.665,9008,159,0
2024-11-27 07:00:00+00:00,2647.745,2648.503,2645.887,2646.63,6748,159,0
2024-11-27 08:00:00+00:00,2646.54,2653.676,2645.108,2653.44,9635,159,0
2024-11-27 09:00:00+00:00,2653.487,2653.92,2647.762,2648.43,6808,159,0
2024-11-27 10:00:00+00:00,2648.389,2649.966,2647.696,2648.541,5897,159,0
2024-11-27 11:00:00+00:00,2648.575,2652.347,2643.187,2651.103,7380,159,0
2024-11-27 12:00:00+00:00,2651.115,2655.004,2649.493,2651.15,7259,159,0
2024-11-27 13:00:00+00:00,2651.195,2658.181,2645.756,2656.204,14826,159,0
2024-11-27 14:00:00+00:00,2656.212,2656.896,2648.979,2651.342,13707,159,0
2024-11-27 15:00:00+00:00,2651.378,2651.535,2635.501,2642.655,21083,159,0
2024-11-27 16:00:00+00:00,2642.651,2644.29,2638.042,2638.972,12408,159,0
2024-11-27 17:00:00+00:00,2638.946,2642.842,2635.229,2637.304,8926,159,0
2024-11-27 18:00:00+00:00,2637.281,2640.748,2636.499,2638.859,6149,159,0
2024-11-27 19:00:00+00:00,2638.898,2639.455,2633.73,2634.71,5138,159,0
2024-11-27 20:00:00+00:00,2634.755,2639.03,2634.231,2637.035,5301,159,0
2024-11-27 21:00:00+00:00,2637.029,2637.507,2634.725,2635.706,2797,159,0
2024-11-27 23:00:00+00:00,2637.116,2637.941,2636.236,2637.168,2152,159,0
2024-11-28 00:00:00+00:00,2637.127,2638.432,2635.046,2635.678,3805,159,0
2024-11-28 01:00:00+00:00,2635.684,2636.315,2620.844,2628.729,19336,159,0
2024-11-28 02:00:00+00:00,2628.765,2630.178,2625.591,2628.166,7434,159,0
2024-11-28 03:00:00+00:00,2628.129,2632.186,2625.637,2630.275,5478,159,0
2024-11-28 04:00:00+00:00,2630.286,2634.01,2629.328,2631.224,3911,159,0
2024-11-28 05:00:00+00:00,2631.231,2634.106,2630.091,2633.355,5905,159,0
2024-11-28 06:00:00+00:00,2633.384,2639.614,2631.834,2636.73,6711,159,0
2024-11-28 07:00:00+00:00,2636.735,2639.309,2634.544,2637.344,5940,159,0
2024-11-28 08:00:00+00:00,2637.275,2646.279,2635.668,2644.118,7043,159,0
2024-11-28 09:00:00+00:00,2644.142,2647.977,2642.732,2646.089,6454,159,0
2024-11-28 10:00:00+00:00,2646.093,2649.641,2644.766,2647.486,5131,159,0
2024-11-28 11:00:00+00:00,2647.549,2649.504,2644.861,2646.884,5047,159,0
2024-11-28 12:00:00+00:00,2646.881,2647.215,2643.837,2646.087,5396,159,0
2024-11-28 13:00:00+00:00,2646.051,2647.897,2642.742,2647.009,9348,159,0
2024-11-28 14:00:00+00:00,2647.042,2647.931,2640.829,2641.324,6491,159,0
2024-11-28 15:00:00+00:00,2641.264,2643.085,2636.215,2638.104,7340,159,0
2024-11-28 16:00:00+00:00,2638.07,2642.458,2637.519,2642.003,5247,159,0
2024-11-28 17:00:00+00:00,2642.04,2642.305,2639.57,2640.912,3349,159,0
2024-11-28 18:00:00+00:00,2640.923,2641.07,2639.524,2640.603,524,160,0
2024-11-28 23:00:00+00:00,2638.68,2639.268,2637.144,2638.765,2374,160,0
2024-11-29 00:00:00+00:00,2638.73,2639.203,2635.626,2636.048,4405,159,0
2024-11-29 01:00:00+00:00,2636.065,2647.177,2633.989,2644.918,10898,159,0
2024-11-29 02:00:00+00:00,2644.871,2662.802,2644.762,2657.45,12252,159,0
2024-11-29 03:00:00+00:00,2657.484,2660.627,2654.707,2660.047,7139,159,0
2024-11-29 04:00:00+00:00,2660.02,2664.355,2658.323,2659.863,5448,159,0
2024-11-29 05:00:00+00:00,2659.798,2664.013,2659.324,2662.378,6793,159,0
2024-11-29 06:00:00+00:00,2662.336,2666.383,2661.646,2665.152,7609,159,0
2024-11-29 07:00:00+00:00,2665.198,2665.482,2658.992,2660.522,6200,159,0
2024-11-29 08:00:00+00:00,2660.557,2662.539,2654.471,2657.324,7105,159,0
2024-11-29 09:00:00+00:00,2657.289,2664.701,2655.847,2664.202,7618,159,0
2024-11-29 10:00:00+00:00,2664.158,2665.917,2661.31,2662.755,6684,159,0
2024-11-29 11:00:00+00:00,2662.755,2664.296,2659.431,2659.61,6362,159,0
2024-11-29 12:00:00+00:00,2659.653,2664.936,2658.949,2659.906,7109,159,0
2024-11-29 13:00:00+00:00,2659.95,2663.287,2656.12,2657.947,12353,159,0
2024-11-29 14:00:00+00:00,2657.99,2662.716,2651.825,2653.509,13554,159,0
2024-11-29 15:00:00+00:00,2653.547,2658.946,2650.537,2658.946,12809,159,0
2024-11-29 16:00:00+00:00,2659.002,2662.281,2657.92,2662.142,9713,159,0
2024-11-29 17:00:00+00:00,2662.154,2662.262,2657.496,2660.559,7198,159,0
2024-11-29 18:00:00+00:00,2660.604,2660.708,2655.23,2655.23,3241,159,0
2024-12-01 23:00:00+00:00,2649.036,2650.324,2643.057,2645.659,5625,159,0
2024-12-02 00:00:00+00:00,2645.701,2647.691,2629.954,2637.43,10399,159,0
2024-12-02 01:00:00+00:00,2637.392,2639.188,2622.897,2635.89,19972,159,0
2024-12-02 02:00:00+00:00,2635.876,2638.082,2625.498,2626.8,12491,159,0
2024-12-02 03:00:00+00:00,2626.745,2631.057,2624.033,2629.272,9841,159,0
2024-12-02 04:00:00+00:00,2629.235,2630.541,2626.152,2628.542,5769,159,0
2024-12-02 05:00:00+00:00,2628.546,2628.795,2621.818,2623.207,9338,159,0
2024-12-02 06:00:00+00:00,2623.17,2627.697,2621.841,2625.981,9466,159,0
2024-12-02 07:00:00+00:00,2625.958,2633.664,2625.279,2629.898,8057,159,0
2024-12-02 08:00:00+00:00,2629.859,2632.803,2626.514,2629.534,10253,159,0
2024-12-02 09:00:00+00:00,2629.511,2636.845,2628.536,2633.666,9268,159,0
2024-12-02 10:00:00+00:00,2633.624,2637.682,2633.318,2635.792,7275,159,0
2024-12-02 11:00:00+00:00,2635.771,2646.37,2635.659,2641.885,11426,159,0
2024-12-02 12:00:00+00:00,2641.837,2645.153,2639.094,2641.034,8666,159,0
2024-12-02 13:00:00+00:00,2640.991,2648.866,2637.048,2646.921,15719,159,0
2024-12-02 14:00:00+00:00,2646.895,2651.794,2642.469,2645.693,16062,159,0
2024-12-02 15:00:00+00:00,2645.786,2649.374,2640.201,2642.318,15862,159,0
2024-12-02 16:00:00+00:00,2642.359,2644.372,2638.56,2641.359,11504,159,0
2024-12-02 17:00:00+00:00,2641.316,2642.005,2637.321,2638.821,8303,159,0
2024-12-02 18:00:00+00:00,2638.834,2638.924,2633.546,2636.947,7529,159,0
2024-12-02 19:00:00+00:00,2636.997,2640.205,2636.578,2637.611,5498,159,0
2024-12-02 20:00:00+00:00,2637.577,2644.203,2635.288,2637.134,8001,159,0
2024-12-02 21:00:00+00:00,2637.104,2639.095,2636.489,2638.713,2941,159,0
2024-12-02 23:00:00+00:00,2638.603,2642.936,2638.4,2642.206,2864,159,0
2024-12-03 00:00:00+00:00,2642.199,2644.324,2640.497,2641.091,4690,159,0
2024-12-03 01:00:00+00:00,2641.107,2645.325,2634.033,2636.508,11135,159,0
2024-12-03 02:00:00+00:00,2636.523,2639.095,2634.409,2637.07,8541,159,0
2024-12-03 03:00:00+00:00,2637.017,2640.689,2636.23,2640.427,5563,159,0
2024-12-03 04:00:00+00:00,2640.441,2643.004,2638.286,2639.895,4824,159,0
2024-12-03 05:00:00+00:00,2639.858,2641.984,2637.08,2641.149,5678,159,0
2024-12-03 06:00:00+00:00,2641.185,2650.052,2641.185,2646.907,9925,159,0
2024-12-03 07:00:00+00:00,2646.933,2647.652,2644.414,2644.622,6724,159,0
2024-12-03 08:00:00+00:00,2644.597,2645.398,2639.169,2645.006,9912,159,0
2024-12-03 09:00:00+00:00,2645.04,2648.095,2643.854,2643.942,9963,159,0
2024-12-03 10:00:00+00:00,2643.957,2645.602,2642.465,2642.813,6149,159,0
2024-12-03 11:00:00+00:00,2642.795,2645.584,2642.673,2643.663,5286,159,0
2024-12-03 12:00:00+00:00,2643.671,2644.239,2638.159,2639.773,6464,159,0
2024-12-03 13:00:00+00:00,2639.823,2653.725,2637.682,2652.836,12267,159,0
2024-12-03 14:00:00+00:00,2652.874,2655.665,2645.727,2646.615,15939,159,0
2024-12-03 15:00:00+00:00,2646.637,2647.216,2635.174,2640.435,18258,159,0
2024-12-03 16:00:00+00:00,2640.444,2648.638,2638.837,2648.306,10899,159,0
2024-12-03 17:00:00+00:00,2648.33,2648.801,2643.409,2646.979,8304,159,0
2024-12-03 18:00:00+00:00,2646.946,2649.164,2643.053,2645.819,6800,159,0
2024-12-03 19:00:00+00:00,2645.858,2646.26,2640.149,2640.998,5773,159,0
2024-12-03 20:00:00+00:00,2640.936,2644.226,2640.626,2642.079,4805,159,0
2024-12-03 21:00:00+00:00,2642.114,2644.017,2641.899,2643.558,2891,159,0
2024-12-03 23:00:00+00:00,2642.906,2643.21,2641.13,2642.721,2530,160,0
2024-12-04 00:00:00+00:00,2642.725,2643.559,2639.534,2640.509,3685,159,0
2024-12-04 01:00:00+00:00,2640.548,2643.294,2637.602,2642.242,9095,159,0
2024-12-04 02:00:00+00:00,2642.212,2648.093,2641.98,2645.781,7805,159,0
2024-12-04 03:00:00+00:00,2645.824,2647.871,2643.133,2644.501,5991,159,0
2024-12-04 04:00:00+00:00,2644.48,2648.681,2643.72,2648.367,4452,159,0
2024-12-04 05:00:00+00:00,2648.334,2651.133,2647.556,2649.703,6280,159,0
2024-12-04 06:00:00+00:00,2649.717,2651.403,2647.379,2649.208,6695,159,0
2024-12-04 07:00:00+00:00,2649.229,2649.331,2640.312,2641.412,6880,159,0
2024-12-04 08:00:00+00:00,2641.331,2642.212,2636.59,2641.268,8269,159,0
2024-12-04 09:00:00+00:00,2641.311,2642.735,2638.645,2640.885,7252,159,0
2024-12-04 10:00:00+00:00,2640.93,2644.529,2640.232,2644.36,7082,159,0
2024-12-04 11:00:00+00:00,2644.375,2647.735,2643.422,2646.168,6949,159,0
2024-12-04 12:00:00+00:00,2646.203,2646.551,2636.181,2637.078,8629,159,0
2024-12-04 13:00:00+00:00,2637.05,2649.226,2632.33,2648.469,18732,159,0
2024-12-04 14:00:00+00:00,2648.429,2653.525,2645.062,2649.409,15954,159,0
2024-12-04 15:00:00+00:00,2649.434,2657.165,2648.735,2655.062,19063,159,0
2024-12-04 16:00:00+00:00,2655.095,2655.581,2646.943,2649.684,11258,159,0
2024-12-04 17:00:00+00:00,2649.709,2652.991,2648.456,2651.325,8111,159,0
2024-12-04 18:00:00+00:00,2651.333,2652.974,2648.799,2649.101,6835,159,0
2024-12-04 19:00:00+00:00,2649.125,2655.46,2646.793,2651.708,8188,159,0
2024-12-04 20:00:00+00:00,2651.673,2651.962,2648.066,2650.044,5578,159,0
2024-12-04 21:00:00+00:00,2650.077,2651.2,2648.903,2649.897,2967,160,0
2024-12-04 23:00:00+00:00,2649.852,2651.638,2648.707,2650.397,2618,160,0
2024-12-05 00:00:00+00:00,2650.404,2650.474,2647.685,2648.382,3886,160,0
2024-12-05 01:00:00+00:00,2648.416,2650.717,2646.167,2647.074,7473,160,0
2024-12-05 02:00:00+00:00,2647.113,2649.704,2645.259,2646.529,6263,159,0
2024-12-05 03:00:00+00:00,2646.522,2649.308,2644.6,2648.882,5001,159,0
2024-12-05 04:00:00+00:00,2648.866,2649.654,2645.751,2646.316,3727,159,0
2024-12-05 05:00:00+00:00,2646.284,2655.518,2645.5,2653.204,7194,159,0
2024-12-05 06:00:00+00:00,2653.159,2654.166,2646.566,2646.962,7774,159,0
2024-12-05 07:00:00+00:00,2646.926,2650.904,2645.325,2648.575,6685,159,0
2024-12-05 08:00:00+00:00,2648.622,2650.172,2642.005,2643.158,7138,159,0
2024-12-05 09:00:00+00:00,2643.163,2646.163,2641.821,2644.825,6546,159,0
2024-12-05 10:00:00+00:00,2644.836,2650.357,2644.658,2648.751,5811,159,0
2024-12-05 11:00:00+00:00,2648.727,2652.714,2648.129,2651.307,5761,159,0
2024-12-05 12:00:00+00:00,2651.351,2653.397,2647.471,2653.22,6983,159,0
2024-12-05 13:00:00+00:00,2653.251,2654.517,2644.298,2648.888,14086,159,0
2024-12-05 14:00:00+00:00,2648.895,2650.262,2639.571,2640.395,14262,159,0
2024-12-05 15:00:00+00:00,2640.356,2641.93,2631.797,2640.27,16806,159,0
2024-12-05 16:00:00+00:00,2640.232,2643.395,2632.835,2635.196,10821,159,0
2024-12-05 17:00:00+00:00,2635.228,2635.917,2623.687,2627.944,12183,159,0
2024-12-05 18:00:00+00:00,2627.952,2629.616,2623.444,2629.481,8560,159,0
2024-12-05 19:00:00+00:00,2629.523,2631.729,2628.628,2629.8,6226,159,0
2024-12-05 20:00:00+00:00,2629.774,2631.738,2627.977,2631.335,5545,159,0
2024-12-05 21:00:00+00:00,2631.357,2632.511,2630.975,2631.813,2528,160,0
2024-12-05 23:00:00+00:00,2632.066,2633.832,2631.418,2633.713,2509,160,0
2024-12-06 00:00:00+00:00,2633.721,2633.753,2628.195,2628.556,3604,159,0
2024-12-06 01:00:00+00:00,2628.592,2630.507,2612.931,2617.604,17066,159,0
2024-12-06 02:00:00+00:00,2617.596,2625.543,2616.89,2625.271,7890,159,0
2024-12-06 03:00:00+00:00,2625.31,2642.55,2624.861,2640.877,11071,159,0
2024-12-06 04:00:00+00:00,2640.875,2644.577,2640.127,2642.281,6092,159,0
2024-12-06 05:00:00+00:00,2642.306,2642.68,2635.306,2637.953,7487,159,0
2024-12-06 06:00:00+00:00,2637.915,2642.304,2636.355,2639.37,7562,159,0
2024-12-06 07:00:00+00:00,2639.328,2640.193,2635.915,2639.682,5853,159,0
2024-12-06 08:00:00+00:00,2639.655,2645.25,2637.687,2644.153,7286,159,0
2024-12-06 09:00:00+00:00,2644.198,2645.733,2639.763,2640.677,7146,159,0
2024-12-06 10:00:00+00:00,2640.698,2640.906,2633.502,2634.195,6133,159,0
2024-12-06 11:00:00+00:00,2634.203,2639.334,2632.344,2638.489,5868,159,0
2024-12-06 12:00:00+00:00,2638.412,2641.478,2635.686,2638.494,7863,159,0
2024-12-06 13:00:00+00:00,2638.451,2643.536,2631.219,2635.757,25058,159,0
2024-12-06 14:00:00+00:00,2635.73,2638.936,2624.045,2635.601,28263,159,0
2024-12-06 15:00:00+00:00,2635.627,2640.588,2632.549,2637.53,17843,159,0
2024-12-06 16:00:00+00:00,2637.563,2641.654,2635.542,2640.4,10849,159,0
2024-12-06 17:00:00+00:00,2640.434,2640.643,2634.18,2634.93,8423,159,0
2024-12-06 18:00:00+00:00,2634.976,2638.99,2634.074,2636.918,5338,159,0
2024-12-06 19:00:00+00:00,2637.024,2637.194,2632.902,2634.544,3170,468,0
2024-12-06 20:00:00+00:00,2634.661,2636.145,2631.228,2631.907,3116,468,0
2024-12-06 21:00:00+00:00,2631.98,2633.584,2630.872,2632.914,1956,469,0
2024-12-08 23:00:00+00:00,2642.963,2648.524,2636.316,2640.128,8067,159,0
2024-12-09 00:00:00+00:00,2640.128,2640.128,2627.525,2630.988,8914,159,0
2024-12-09 01:00:00+00:00,2630.944,2650.632,2630.868,2646.718,16531,159,0
2024-12-09 02:00:00+00:00,2646.723,2648.691,2640.928,2646.077,9161,159,0
2024-12-09 03:00:00+00:00,2646.035,2646.67,2638.256,2638.889,7953,159,0
2024-12-09 04:00:00+00:00,2638.842,2639.363,2634.553,2635.92,7061,159,0
2024-12-09 05:00:00+00:00,2635.961,2640.355,2635.863,2638.378,6889,159,0
2024-12-09 06:00:00+00:00,2638.342,2644.566,2638.11,2643.819,7649,159,0
2024-12-09 07:00:00+00:00,2643.82,2651.245,2643.026,2650.49,8291,159,0
2024-12-09 08:00:00+00:00,2650.523,2651.073,2646.072,2649.296,8077,159,0
2024-12-09 09:00:00+00:00,2649.282,2657.456,2648.76,2655.589,7815,159,0
2024-12-09 10:00:00+00:00,2655.668,2658.392,2653.477,2657.451,7066,159,0
2024-12-09 11:00:00+00:00,2657.443,2660.406,2653.379,2656.227,7154,159,0
2024-12-09 12:00:00+00:00,2656.184,2658.307,2653.28,2656.18,7347,159,0
2024-12-09 13:00:00+00:00,2656.219,2666.329,2654.693,2665.491,14775,159,0
2024-12-09 14:00:00+00:00,2665.517,2675.24,2662.623,2674.044,15731,159,0
2024-12-09 15:00:00+00:00,2673.994,2676.454,2666.629,2668.257,15584,159,0
2024-12-09 16:00:00+00:00,2668.221,2670.569,2665.59,2667.608,11514,159,0
2024-12-09 17:00:00+00:00,2667.597,2669.373,2663.593,2664.5,7059,159,0
2024-12-09 18:00:00+00:00,2664.557,2664.632,2661.637,2662.982,6520,159,0
2024-12-09 19:00:00+00:00,2662.954,2663.308,2658.854,2660.166,5152,159,0
2024-12-09 20:00:00+00:00,2660.203,2660.238,2656.649,2657.873,5039,159,0
2024-12-09 21:00:00+00:00,2657.921,2660.966,2657.832,2660.258,3371,159,0
2024-12-09 23:00:00+00:00,2660.787,2661.677,2659.619,2660.454,3053,159,0
2024-12-10 00:00:00+00:00,2660.476,2665.473,2657.958,2664.961,4702,159,0
2024-12-10 01:00:00+00:00,2664.991,2668.693,2660.568,2667.435,10522,159,0
2024-12-10 02:00:00+00:00,2667.5,2671.494,2666.171,2669.013,9123,159,0
2024-12-10 03:00:00+00:00,2668.977,2671.782,2665.414,2669.918,7622,159,0
2024-12-10 04:00:00+00:00,2669.942,2673.909,2669.569,2670.309,5643,159,0
2024-12-10 05:00:00+00:00,2670.335,2671.683,2668.247,2668.94,6698,159,0
2024-12-10 06:00:00+00:00,2668.897,2670.921,2665.671,2669.991,6775,159,0
2024-12-10 07:00:00+00:00,2669.977,2670.848,2663.647,2664.666,6120,159,0
2024-12-10 08:00:00+00:00,2664.606,2665.648,2661.154,2663.223,8401,159,0
2024-12-10 09:00:00+00:00,2663.18,2666.97,2661.633,2664.912,8005,159,0
2024-12-10 10:00:00+00:00,2664.938,2676.839,2664.456,2675.451,8716,159,0
2024-12-10 11:00:00+00:00,2675.46,2675.497,2669.767,2674.496,8549,159,0
2024-12-10 12:00:00+00:00,2674.539,2679.372,2672.662,2677.714,10694,159,0
2024-12-10 13:00:00+00:00,2677.755,2681.961,2672.308,2680.38,12359,159,0
2024-12-10 14:00:00+00:00,2680.432,2691.777,2679.462,2688.964,15484,159,0
2024-12-10 15:00:00+00:00,2688.917,2690.472,2684.478,2687.446,12551,159,0
2024-12-10 16:00:00+00:00,2687.446,2692.547,2684.557,2692.265,10228,159,0
2024-12-10 17:00:00+00:00,2692.304,2695.522,2690.432,2694.319,6426,159,0
2024-12-10 18:00:00+00:00,2694.26,2695.195,2691.85,2692.462,6154,159,0
2024-12-10 19:00:00+00:00,2692.435,2694.553,2691.06,2692.011,5064,159,0
2024-12-10 20:00:00+00:00,2691.976,2693.127,2690.877,2691.714,4352,159,0
2024-12-10 21:00:00+00:00,2691.758,2694.46,2691.59,2693.655,3012,160,0
2024-12-10 23:00:00+00:00,2693.658,2698.332,2693.584,2695.991,3838,159,0
2024-12-11 00:00:00+00:00,2695.93,2701.89,2693.416,2701.046,7597,159,0
2024-12-11 01:00:00+00:00,2701.082,2703.781,2696.609,2699.961,13900,159,0
2024-12-11 02:00:00+00:00,2700.017,2704.348,2698.29,2699.052,13236,159,0
2024-12-11 03:00:00+00:00,2699.017,2702.223,2692.287,2695.697,14681,159,0
2024-12-11 04:00:00+00:00,2695.616,2696.234,2682.946,2684.834,21550,159,0
2024-12-11 05:00:00+00:00,2684.779,2693.656,2675.502,2688.609,24909,159,0
2024-12-11 06:00:00+00:00,2688.535,2698.242,2686.501,2696.442,21614,159,0
2024-12-11 07:00:00+00:00,2696.477,2696.514,2688.075,2690.644,15500,159,0
2024-12-11 08:00:00+00:00,2690.435,2696.052,2689.899,2691.143,7480,145,0
2024-12-11 09:00:00+00:00,2691.096,2696.12,2686.245,2695.709,3525,154,0
2024-12-11 10:00:00+00:00,2695.859,2699.761,2692.348,2694.52,3481,167,0
2024-12-11 11:00:00+00:00,2694.685,2697.618,2692.787,2696.439,3248,167,0
2024-12-11 12:00:00+00:00,2696.56,2697.524,2693.739,2695.687,3249,167,0
2024-12-11 13:00:00+00:00,2695.731,2702.389,2690.641,2700.991,3720,167,0
2024-12-11 14:00:00+00:00,2701.259,2706.886,2696.588,2706.576,3732,167,0
2024-12-11 15:00:00+00:00,2706.367,2715.956,2705.276,2713.101,3877,167,0
2024-12-11 16:00:00+00:00,2713.213,2718.511,2711.186,2715.161,3528,167,0
2024-12-11 17:00:00+00:00,2715.126,2719.896,2714.212,2718.069,3260,167,0
2024-12-11 18:00:00+00:00,2717.954,2721.064,2713.9,2714.41,3261,167,0
2024-12-11 19:00:00+00:00,2714.127,2719.67,2713.361,2717.964,3241,167,0
2024-12-11 20:00:00+00:00,2718.148,2720.065,2716.154,2717.175,3005,167,0
2024-12-11 21:00:00+00:00,2717.227,2718.829,2716.053,2718.096,1768,168,0
2024-12-11 23:00:00+00:00,2718.647,2720.433,2716.923,2719.922,1933,159,0
2024-12-12 00:00:00+00:00,2719.986,2724.341,2718.853,2724.19,2512,159,0
2024-12-12 01:00:00+00:00,2724.099,2726.206,2700.251,2711.089,3650,159,0
2024-12-12 02:00:00+00:00,2711.029,2711.451,2703.791,2705.991,3041,159,0
2024-12-12 03:00:00+00:00,2706.011,2711.44,2705.19,2710.489,2813,159,0
2024-12-12 04:00:00+00:00,2710.508,2715.909,2709.689,2712.706,2678,159,0
2024-12-12 05:00:00+00:00,2712.684,2716.301,2711.577,2713.665,2769,159,0
2024-12-12 06:00:00+00:00,2713.621,2718.516,2710.076,2718.438,2911,159,0
2024-12-12 07:00:00+00:00,2718.452,2720.369,2715.343,2716.047,3001,159,0
2024-12-12 08:00:00+00:00,2716.209,2719.428,2714.884,2718.042,3335,159,0
2024-12-12 09:00:00+00:00,2718.144,2718.685,2713.998,2714.908,3335,159,0
2024-12-12 10:00:00+00:00,2714.772,2715.737,2709.786,2711.537,3314,159,0
2024-12-12 11:00:00+00:00,2711.317,2713.388,2707.31,2710.934,3539,159,0
2024-12-12 12:00:00+00:00,2710.997,2712.392,2706.008,2706.716,3307,159,0
2024-12-12 13:00:00+00:00,2706.91,2711.514,2697.372,2697.372,4192,159,0
2024-12-12 14:00:00+00:00,2697.468,2699.576,2680.92,2686.645,4816,159,0
2024-12-12 15:00:00+00:00,2686.486,2688.253,2675.078,2679.785,4590,159,0
2024-12-12 16:00:00+00:00,2679.597,2683.761,2677.303,2683.52,3567,159,0
2024-12-12 17:00:00+00:00,2683.532,2686.596,2681.405,2686.285,3390,159,0
2024-12-12 18:00:00+00:00,2686.296,2687.038,2682.79,2684.289,3208,159,0
2024-12-12 19:00:00+00:00,2684.268,2686.76,2682.563,2683.133,2961,159,0
2024-12-12 20:00:00+00:00,2683.187,2683.576,2679.459,2679.848,2982,159,0
2024-12-12 21:00:00+00:00,2679.844,2682.942,2679.732,2680.699,2192,159,0
2024-12-12 23:00:00+00:00,2680.85,2681.599,2679.843,2680.623,1664,159,0
2024-12-13 00:00:00+00:00,2680.617,2685.58,2678.871,2685.488,2513,159,0
2024-12-13 01:00:00+00:00,2685.234,2692.778,2685.234,2689.95,3512,159,0
2024-12-13 02:00:00+00:00,2689.939,2691.258,2684.411,2686.649,3447,159,0
2024-12-13 03:00:00+00:00,2686.574,2691.313,2686.072,2688.114,2991,159,0
2024-12-13 04:00:00+00:00,2687.967,2688.627,2685.462,2687.374,2657,159,0
2024-12-13 05:00:00+00:00,2687.367,2689.414,2685.147,2688.349,2954,159,0
2024-12-13 06:00:00+00:00,2688.513,2690.527,2683.337,2689.585,3145,159,0
2024-12-13 07:00:00+00:00,2689.638,2690.158,2681.111,2683.202,3178,159,0
2024-12-13 08:00:00+00:00,2682.994,2684.782,2674.453,2675.025,3364,159,0
2024-12-13 09:00:00+00:00,2674.846,2677.0,2667.517,2668.896,3595,159,0
2024-12-13 10:00:00+00:00,2669.075,2670.075,2665.147,2666.731,3182,159,0
2024-12-13 11:00:00+00:00,2666.787,2669.497,2664.377,2664.993,3133,159,0
2024-12-13 12:00:00+00:00,2664.8,2672.695,2662.851,2672.416,3379,159,0
2024-12-13 13:00:00+00:00,2672.434,2672.877,2659.614,2662.196,3962,159,0
2024-12-13 14:00:00+00:00,2661.956,2664.06,2657.37,2660.133,3916,159,0
2024-12-13 15:00:00+00:00,2660.122,2662.606,2654.582,2659.888,3767,159,0
2024-12-13 16:00:00+00:00,2659.811,2664.566,2658.729,2662.046,3370,159,0
2024-12-13 17:00:00+00:00,2662.285,2662.285,2655.62,2656.368,3058,159,0
2024-12-13 18:00:00+00:00,2656.351,2657.105,2652.145,2654.182,3118,159,0
2024-12-13 19:00:00+00:00,2654.35,2655.307,2652.29,2653.04,2791,159,0
2024-12-13 20:00:00+00:00,2652.972,2653.522,2646.431,2647.825,2979,159,0
2024-12-13 21:00:00+00:00,2647.638,2649.889,2646.046,2648.392,2324,159,0
2024-12-15 23:00:00+00:00,2649.414,2653.127,2648.804,2651.479,1932,159,0
2024-12-16 00:00:00+00:00,2651.484,2651.759,2643.497,2647.072,2516,159,0
2024-12-16 01:00:00+00:00,2647.098,2655.608,2646.803,2653.423,3350,159,0
2024-12-16 02:00:00+00:00,2653.427,2654.716,2650.458,2651.861,2938,159,0
2024-12-16 03:00:00+00:00,2651.832,2655.588,2651.697,2653.871,2730,159,0
2024-12-16 04:00:00+00:00,2653.874,2654.524,2651.96,2652.802,2302,159,0
2024-12-16 05:00:00+00:00,2652.76,2653.455,2649.545,2652.792,2839,159,0
2024-12-16 06:00:00+00:00,2652.794,2654.827,2652.091,2653.714,2673,159,0
2024-12-16 07:00:00+00:00,2653.72,2655.868,2651.693,2653.69,2799,159,0
2024-12-16 08:00:00+00:00,2653.536,2662.043,2652.31,2658.022,5404,80,0
2024-12-16 09:00:00+00:00,2657.965,2660.123,2655.753,2658.187,6380,159,0
2024-12-16 10:00:00+00:00,2658.193,2661.137,2657.917,2658.902,6117,159,0
2024-12-16 11:00:00+00:00,2658.864,2664.168,2657.738,2663.542,6381,159,0
2024-12-16 12:00:00+00:00,2663.579,2664.447,2657.412,2659.941,6854,159,0
2024-12-16 13:00:00+00:00,2659.968,2664.259,2658.84,2661.97,11387,159,0
2024-12-16 14:00:00+00:00,2662.005,2663.035,2654.098,2654.841,11395,159,0
2024-12-16 15:00:00+00:00,2654.879,2656.937,2650.833,2654.472,10698,159,0
2024-12-16 16:00:00+00:00,2654.438,2655.801,2648.477,2652.195,7596,159,0
2024-12-16 17:00:00+00:00,2652.156,2655.42,2651.687,2652.153,5668,159,0
2024-12-16 18:00:00+00:00,2652.112,2655.669,2651.337,2655.337,5186,159,0
2024-12-16 19:00:00+00:00,2655.367,2655.78,2652.036,2653.299,4327,159,0
2024-12-16 20:00:00+00:00,2653.258,2653.609,2651.931,2652.742,4198,159,0
2024-12-16 21:00:00+00:00,2652.781,2653.104,2651.46,2652.85,2383,159,0
2024-12-16 23:00:00+00:00,2652.485,2653.006,2651.608,2651.744,2328,159,0
2024-12-17 00:00:00+00:00,2651.762,2655.496,2651.122,2655.24,3677,159,0
2024-12-17 01:00:00+00:00,2655.207,2658.611,2654.313,2658.015,7087,159,0
2024-12-17 02:00:00+00:00,2657.979,2658.593,2653.94,2654.973,5757,159,0
2024-12-17 03:00:00+00:00,2654.976,2656.214,2651.289,2653.616,5118,159,0
2024-12-17 04:00:00+00:00,2653.578,2655.328,2650.858,2651.688,3561,160,0
2024-12-17 05:00:00+00:00,2651.686,2654.823,2649.0,2653.791,6288,159,0
2024-12-17 06:00:00+00:00,2653.824,2654.646,2646.417,2648.861,7296,159,0
2024-12-17 07:00:00+00:00,2648.836,2657.093,2648.107,2653.753,6029,159,0
2024-12-17 08:00:00+00:00,2653.727,2653.736,2641.477,2644.234,9343,159,0
2024-12-17 09:00:00+00:00,2644.246,2646.121,2637.979,2639.781,11357,159,0
2024-12-17 10:00:00+00:00,2639.745,2643.268,2638.115,2638.115,7589,159,0
2024-12-17 11:00:00+00:00,2638.154,2642.516,2636.207,2642.187,6670,159,0
2024-12-17 12:00:00+00:00,2642.208,2645.538,2640.682,2642.741,6912,159,0
2024-12-17 13:00:00+00:00,2642.712,2646.944,2634.732,2637.125,15093,159,0
2024-12-17 14:00:00+00:00,2637.139,2642.076,2632.966,2636.726,15559,159,0
2024-12-17 15:00:00+00:00,2636.759,2642.953,2635.931,2640.16,10739,159,0
2024-12-17 16:00:00+00:00,2640.241,2641.52,2636.659,2638.884,8451,159,0
2024-12-17 17:00:00+00:00,2638.848,2647.033,2637.843,2646.001,6403,159,0
2024-12-17 18:00:00+00:00,2646.041,2649.079,2644.991,2647.329,5431,159,0
2024-12-17 19:00:00+00:00,2647.327,2648.256,2645.181,2645.385,4042,159,0
2024-12-17 20:00:00+00:00,2645.428,2646.923,2643.083,2643.605,4407,159,0
2024-12-17 21:00:00+00:00,2643.645,2646.364,2643.552,2645.968,2492,160,0
2024-12-17 23:00:00+00:00,2645.944,2647.681,2644.807,2647.378,2167,160,0
2024-12-18 00:00:00+00:00,2647.365,2650.365,2646.558,2650.002,3798,159,0
2024-12-18 01:00:00+00:00,2650.08,2651.7,2648.017,2651.008,6923,159,0
2024-12-18 02:00:00+00:00,2651.014,2651.031,2646.961,2647.424,5331,159,0
2024-12-18 03:00:00+00:00,2647.39,2648.91,2645.204,2645.669,4894,159,0
2024-12-18 04:00:00+00:00,2645.632,2645.964,2642.666,2645.104,4195,159,0
2024-12-18 05:00:00+00:00,2645.105,2649.551,2643.886,2647.463,4984,159,0
2024-12-18 06:00:00+00:00,2647.425,2647.945,2644.522,2646.673,5635,159,0
2024-12-18 07:00:00+00:00,2646.669,2647.375,2643.33,2644.61,5104,159,0
2024-12-18 08:00:00+00:00,2644.585,2649.734,2642.074,2647.977,6773,159,0
2024-12-18 09:00:00+00:00,2647.94,2649.277,2645.533,2646.857,5886,159,0
2024-12-18 10:00:00+00:00,2646.851,2649.417,2646.126,2648.463,4459,159,0
2024-12-18 11:00:00+00:00,2648.44,2649.434,2645.808,2646.096,4334,159,0
2024-12-18 12:00:00+00:00,2646.106,2647.723,2643.412,2644.061,4612,159,0
2024-12-18 13:00:00+00:00,2644.009,2647.568,2641.015,2643.977,9096,159,0
2024-12-18 14:00:00+00:00,2643.94,2644.991,2636.893,2638.009,11202,159,0
2024-12-18 15:00:00+00:00,2637.968,2638.309,2633.694,2638.145,8700,159,0
2024-12-18 16:00:00+00:00,2638.109,2639.502,2633.028,2634.699,6919,159,0
2024-12-18 17:00:00+00:00,2634.737,2639.991,2634.536,2636.038,5773,160,0
2024-12-18 18:00:00+00:00,2636.083,2638.932,2635.295,2637.14,5119,159,0
2024-12-18 19:00:00+00:00,2636.994,2637.0,2604.035,2604.543,30369,159,0
2024-12-18 20:00:00+00:00,2604.581,2609.313,2587.166,2592.419,25198,159,0
2024-12-18 21:00:00+00:00,2592.468,2595.362,2583.72,2585.955,9226,159,0
2024-12-18 23:00:00+00:00,2583.929,2592.31,2583.382,2588.225,6292,159,0
2024-12-19 00:00:00+00:00,2588.256,2597.183,2587.957,2595.36,6942,159,0
2024-12-19 01:00:00+00:00,2595.317,2618.118,2593.338,2611.966,17087,159,0
2024-12-19 02:00:00+00:00,2611.965,2613.955,2606.285,2612.162,10700,159,0
2024-12-19 03:00:00+00:00,2612.203,2613.451,2607.619,2610.455,6979,159,0
2024-12-19 04:00:00+00:00,2610.479,2611.57,2606.918,2609.163,5240,159,0
2024-12-19 05:00:00+00:00,2609.13,2610.631,2606.553,2607.205,5440,159,0
2024-12-19 06:00:00+00:00,2607.165,2614.259,2603.318,2612.899,7586,159,0
2024-12-19 07:00:00+00:00,2612.948,2622.636,2611.78,2616.515,10513,159,0
2024-12-19 08:00:00+00:00,2616.555,2619.269,2613.213,2618.458,8456,159,0
2024-12-19 09:00:00+00:00,2618.45,2622.914,2618.379,2620.369,8432,159,0
2024-12-19 10:00:00+00:00,2620.379,2626.43,2617.347,2619.438,8026,159,0
2024-12-19 11:00:00+00:00,2619.43,2621.978,2616.114,2616.81,6700,159,0
2024-12-19 12:00:00+00:00,2616.771,2616.771,2604.35,2606.234,9847,159,0
2024-12-19 13:00:00+00:00,2606.2,2606.271,2595.254,2596.29,17489,159,0
2024-12-19 14:00:00+00:00,2596.224,2600.807,2591.837,2592.617,18110,159,0
2024-12-19 15:00:00+00:00,2592.463,2595.944,2586.951,2588.446,14785,159,0
2024-12-19 16:00:00+00:00,2588.401,2596.652,2587.134,2591.653,11315,159,0
2024-12-19 17:00:00+00:00,2591.698,2594.222,2590.658,2592.565,7951,159,0
2024-12-19 18:00:00+00:00,2592.61,2599.903,2591.872,2599.69,8429,159,0
2024-12-19 19:00:00+00:00,2599.636,2600.993,2596.645,2596.788,6602,159,0
2024-12-19 20:00:00+00:00,2596.832,2600.343,2596.437,2596.894,6557,159,0
2024-12-19 21:00:00+00:00,2596.857,2597.055,2593.134,2593.993,3099,159,0
2024-12-19 23:00:00+00:00,2594.706,2595.912,2592.307,2593.519,2641,159,0
2024-12-20 00:00:00+00:00,2593.496,2595.331,2590.526,2590.869,3925,160,0
2024-12-20 01:00:00+00:00,2590.895,2603.885,2589.593,2603.775,10895,159,0
2024-12-20 02:00:00+00:00,2603.807,2604.033,2595.462,2597.071,9109,159,0
2024-12-20 03:00:00+00:00,2597.062,2599.073,2595.702,2598.471,5126,159,0
2024-12-20 04:00:00+00:00,2598.467,2601.012,2597.39,2597.963,4159,159,0
2024-12-20 05:00:00+00:00,2597.962,2601.292,2596.422,2600.275,4927,159,0
2024-12-20 06:00:00+00:00,2600.24,2605.388,2598.883,2604.757,6388,159,0
2024-12-20 07:00:00+00:00,2604.72,2607.516,2602.343,2606.253,6212,159,0
2024-12-20 08:00:00+00:00,2606.285,2607.695,2604.337,2605.531,7800,159,0
2024-12-20 09:00:00+00:00,2605.493,2606.717,2603.115,2605.094,6860,159,0
2024-12-20 10:00:00+00:00,2605.111,2606.943,2604.027,2604.219,5594,159,0
2024-12-20 11:00:00+00:00,2604.202,2604.821,2600.041,2603.694,5863,159,0
2024-12-20 12:00:00+00:00,2603.668,2606.195,2602.109,2603.487,6179,159,0
2024-12-20 13:00:00+00:00,2603.485,2614.155,2600.34,2609.566,12935,159,0
2024-12-20 14:00:00+00:00,2609.527,2618.344,2608.419,2617.226,16634,159,0
2024-12-20 15:00:00+00:00,2617.187,2631.214,2616.416,2630.314,16856,159,0
2024-12-20 16:00:00+00:00,2630.351,2631.875,2622.293,2625.219,12874,159,0
2024-12-20 17:00:00+00:00,2625.246,2627.529,2622.142,2625.547,8918,159,0
2024-12-20 18:00:00+00:00,2625.523,2627.373,2623.4,2626.105,9669,159,0
2024-12-20 19:00:00+00:00,2626.072,2629.318,2624.929,2627.881,6956,159,0
2024-12-20 20:00:00+00:00,2627.845,2628.12,2622.193,2622.786,8736,159,0
2024-12-20 21:00:00+00:00,2622.75,2624.034,2619.202,2622.643,2194,64,0
2024-12-22 23:00:00+00:00,2623.329,2624.924,2621.74,2624.293,1851,159,0
2024-12-23 00:00:00+00:00,2624.398,2625.199,2617.498,2621.649,2514,159,0
2024-12-23 01:00:00+00:00,2621.602,2624.163,2618.414,2620.806,3111,159,0
2024-12-23 02:00:00+00:00,2620.793,2627.446,2620.523,2625.922,2885,159,0
2024-12-23 03:00:00+00:00,2626.19,2626.922,2622.305,2624.095,2666,159,0
2024-12-23 04:00:00+00:00,2624.106,2626.389,2623.863,2625.51,2263,159,0
2024-12-23 05:00:00+00:00,2625.771,2629.236,2624.971,2626.67,2621,159,0
2024-12-23 06:00:00+00:00,2626.636,2633.005,2624.537,2631.564,2845,159,0
2024-12-23 07:00:00+00:00,2631.588,2633.241,2629.439,2630.23,2738,64,0
2024-12-23 08:00:00+00:00,2630.184,2632.093,2626.038,2629.857,6819,159,0
2024-12-23 09:00:00+00:00,2629.833,2630.73,2625.991,2626.436,5693,159,0
2024-12-23 10:00:00+00:00,2626.399,2626.908,2618.993,2619.491,6795,159,0
2024-12-23 11:00:00+00:00,2619.453,2620.101,2612.959,2616.26,6981,159,0
2024-12-23 12:00:00+00:00,2616.292,2618.688,2614.065,2615.065,6626,159,0
2024-12-23 13:00:00+00:00,2615.036,2619.865,2613.945,2617.306,8698,159,0
2024-12-23 14:00:00+00:00,2617.335,2619.898,2613.63,2615.719,9252,159,0
2024-12-23 15:00:00+00:00,2615.717,2616.665,2609.253,2609.762,12166,159,0
2024-12-23 16:00:00+00:00,2609.798,2616.097,2608.078,2615.942,11084,159,0
2024-12-23 17:00:00+00:00,2615.978,2616.609,2610.646,2611.223,7813,159,0
2024-12-23 18:00:00+00:00,2611.194,2612.792,2609.915,2610.417,6276,159,0
2024-12-23 19:00:00+00:00,2610.457,2612.55,2609.58,2611.084,4764,159,0
2024-12-23 20:00:00+00:00,2611.129,2612.596,2609.147,2610.83,4401,159,0
2024-12-23 21:00:00+00:00,2610.868,2613.782,2610.227,2613.42,2031,159,0
2024-12-23 23:00:00+00:00,2613.786,2617.043,2613.087,2615.492,2977,160,0
2024-12-24 00:00:00+00:00,2615.546,2617.386,2613.507,2616.716,3107,159,0
2024-12-24 01:00:00+00:00,2616.758,2618.0,2614.501,2617.605,6265,159,0
2024-12-24 02:00:00+00:00,2617.558,2619.928,2616.713,2616.915,4877,159,0
2024-12-24 03:00:00+00:00,2616.879,2618.697,2615.681,2618.697,4182,159,0
2024-12-24 04:00:00+00:00,2618.729,2620.482,2618.248,2620.192,3587,159,0
2024-12-24 05:00:00+00:00,2620.235,2621.405,2618.343,2619.274,4473,159,0
2024-12-24 06:00:00+00:00,2619.233,2619.778,2616.422,2618.982,5036,159,0
2024-12-24 07:00:00+00:00,2618.975,2621.447,2617.949,2618.459,4618,159,0
2024-12-24 08:00:00+00:00,2618.503,2619.808,2616.818,2617.395,4589,159,0
2024-12-24 09:00:00+00:00,2617.36,2618.337,2613.362,2613.551,4721,159,0
2024-12-24 10:00:00+00:00,2613.551,2617.907,2613.088,2615.573,4728,159,0
2024-12-24 11:00:00+00:00,2615.536,2616.263,2612.376,2615.152,4351,159,0
2024-12-24 12:00:00+00:00,2615.199,2616.407,2612.526,2613.786,5308,159,0
2024-12-24 13:00:00+00:00,2613.747,2614.72,2611.31,2614.227,7276,159,0
2024-12-24 14:00:00+00:00,2614.269,2617.266,2610.105,2610.933,8072,159,0
2024-12-24 15:00:00+00:00,2610.921,2613.474,2610.019,2611.664,7831,159,0
2024-12-24 16:00:00+00:00,2611.7,2617.811,2611.492,2615.955,6421,159,0
2024-12-24 17:00:00+00:00,2615.905,2619.335,2615.183,2617.072,9363,159,0
2024-12-24 18:00:00+00:00,2617.134,2617.884,2614.854,2616.713,2180,159,0
2024-12-25 23:00:00+00:00,2615.621,2620.115,2615.371,2618.656,2414,160,0
2024-12-26 00:00:00+00:00,2618.647,2622.797,2618.614,2621.538,3302,159,0
2024-12-26 01:00:00+00:00,2621.575,2627.787,2620.804,2626.656,6511,159,0
2024-12-26 02:00:00+00:00,2626.633,2627.859,2625.776,2627.538,4135,159,0
2024-12-26 03:00:00+00:00,2627.568,2629.113,2625.718,2626.893,4425,160,0
2024-12-26 04:00:00+00:00,2626.902,2629.252,2626.298,2627.378,3116,159,0
2024-12-26 05:00:00+00:00,2627.383,2628.337,2625.977,2626.423,4118,159,0
2024-12-26 06:00:00+00:00,2626.324,2627.365,2624.623,2626.155,3912,159,0
2024-12-26 07:00:00+00:00,2626.183,2629.713,2623.599,2625.413,4620,159,0
2024-12-26 08:00:00+00:00,2625.398,2629.042,2625.132,2627.474,4731,159,0
2024-12-26 09:00:00+00:00,2627.467,2628.294,2625.832,2627.368,3496,160,0
2024-12-26 10:00:00+00:00,2627.411,2629.395,2626.742,2628.716,3733,159,0
2024-12-26 11:00:00+00:00,2628.718,2630.019,2627.782,2627.882,4258,160,0
2024-12-26 12:00:00+00:00,2627.855,2628.458,2624.64,2626.686,4920,159,0
2024-12-26 13:00:00+00:00,2626.646,2631.163,2621.696,2623.111,9569,159,0
2024-12-26 14:00:00+00:00,2623.123,2630.139,2622.474,2629.979,8166,159,0
2024-12-26 15:00:00+00:00,2629.964,2639.177,2629.066,2636.479,8505,159,0
2024-12-26 16:00:00+00:00,2636.527,2636.838,2631.503,2632.118,7051,159,0
2024-12-26 17:00:00+00:00,2632.157,2632.263,2627.885,2629.355,6164,159,0
2024-12-26 18:00:00+00:00,2629.314,2635.975,2629.183,2634.761,6623,159,0
2024-12-26 19:00:00+00:00,2634.735,2635.81,2632.718,2634.951,4598,159,0
2024-12-26 20:00:00+00:00,2634.875,2636.162,2633.748,2634.403,5841,159,0
2024-12-26 21:00:00+00:00,2634.433,2634.624,2633.117,2633.486,2587,159,0
2024-12-26 23:00:00+00:00,2628.46,2634.49,2624.659,2632.684,3803,159,0
2024-12-27 00:00:00+00:00,2632.689,2634.05,2631.303,2631.387,3057,159,0
2024-12-27 01:00:00+00:00,2631.351,2633.866,2630.624,2632.14,6019,159,0
2024-12-27 02:00:00+00:00,2632.056,2633.674,2628.886,2632.932,5381,159,0
2024-12-27 03:00:00+00:00,2632.932,2635.512,2631.647,2633.706,5479,159,0
2024-12-27 04:00:00+00:00,2633.744,2633.965,2631.987,2633.497,3414,159,0
2024-12-27 05:00:00+00:00,2633.514,2634.179,2631.338,2631.342,3933,159,0
2024-12-27 06:00:00+00:00,2631.311,2637.029,2631.25,2634.69,5507,159,0
2024-12-27 07:00:00+00:00,2634.748,2638.314,2633.127,2633.638,5984,159,0
2024-12-27 08:00:00+00:00,2633.599,2633.599,2626.072,2626.195,6507,159,0
2024-12-27 09:00:00+00:00,2626.198,2627.707,2623.635,2624.044,4852,159,0
2024-12-27 10:00:00+00:00,2624.011,2628.063,2623.452,2626.676,5031,159,0
2024-12-27 11:00:00+00:00,2626.711,2628.856,2625.101,2628.642,4768,159,0
2024-12-27 12:00:00+00:00,2628.638,2631.55,2625.657,2626.203,5684,159,0
2024-12-27 13:00:00+00:00,2626.259,2627.304,2618.056,2618.778,11338,159,0
2024-12-27 14:00:00+00:00,2618.828,2619.414,2611.608,2615.761,13017,159,0
2024-12-27 15:00:00+00:00,2615.718,2619.518,2612.897,2618.134,10754,159,0
2024-12-27 16:00:00+00:00,2618.174,2619.801,2615.257,2617.891,7449,159,0
2024-12-27 17:00:00+00:00,2617.937,2618.303,2614.117,2615.839,7505,159,0
2024-12-27 18:00:00+00:00,2615.877,2620.148,2615.287,2618.689,5635,159,0
2024-12-27 19:00:00+00:00,2618.712,2621.397,2617.417,2620.685,4602,159,0
2024-12-27 20:00:00+00:00,2620.719,2620.851,2612.724,2615.499,6209,159,0
2024-12-27 21:00:00+00:00,2615.458,2621.98,2615.32,2621.623,3577,159,0
2024-12-29 23:00:00+00:00,2621.977,2626.167,2621.632,2624.035,4006,159,0
2024-12-30 00:00:00+00:00,2624.08,2625.489,2621.486,2622.555,3329,159,0
2024-12-30 01:00:00+00:00,2622.592,2626.857,2622.103,2624.346,7616,159,0
2024-12-30 02:00:00+00:00,2624.359,2625.466,2622.36,2623.965,5103,159,0
2024-12-30 03:00:00+00:00,2623.93,2628.157,2623.161,2626.579,4510,159,0
2024-12-30 04:00:00+00:00,2626.567,2626.567,2621.488,2622.243,3640,159,0
2024-12-30 05:00:00+00:00,2622.205,2624.192,2620.457,2623.748,4795,159,0
2024-12-30 06:00:00+00:00,2623.708,2624.674,2618.319,2619.131,5510,159,0
2024-12-30 07:00:00+00:00,2619.098,2620.01,2615.813,2616.784,5181,159,0
2024-12-30 08:00:00+00:00,2616.75,2617.456,2609.234,2611.87,6652,159,0
2024-12-30 09:00:00+00:00,2611.935,2617.52,2611.404,2612.82,5941,159,0
2024-12-30 10:00:00+00:00,2612.823,2615.243,2610.515,2610.564,5282,159,0
2024-12-30 11:00:00+00:00,2610.529,2618.71,2609.092,2616.332,5656,159,0
2024-12-30 12:00:00+00:00,2616.332,2622.509,2615.657,2621.556,4861,159,0
2024-12-30 13:00:00+00:00,2621.529,2622.635,2606.456,2606.716,10983,159,0
2024-12-30 14:00:00+00:00,2606.679,2613.773,2605.349,2611.517,11426,159,0
2024-12-30 15:00:00+00:00,2611.55,2611.696,2599.558,2601.599,13822,159,0
2024-12-30 16:00:00+00:00,2601.613,2602.793,2596.042,2599.729,9285,159,0
2024-12-30 17:00:00+00:00,2599.783,2605.558,2599.783,2605.141,7360,159,0
2024-12-30 18:00:00+00:00,2605.181,2606.747,2603.4,2606.125,5990,159,0
2024-12-30 19:00:00+00:00,2606.12,2608.39,2603.638,2607.153,5069,159,0
2024-12-30 20:00:00+00:00,2607.169,2609.518,2606.426,2607.789,5091,159,0
2024-12-30 21:00:00+00:00,2607.816,2608.027,2605.828,2606.303,2132,160,0
2024-12-30 23:00:00+00:00,2606.636,2607.317,2603.865,2606.677,2237,159,0
2024-12-31 00:00:00+00:00,2606.717,2608.678,2605.003,2607.727,2383,159,0
2024-12-31 01:00:00+00:00,2607.702,2611.613,2606.604,2608.974,5755,159,0
2024-12-31 02:00:00+00:00,2608.954,2609.617,2606.852,2607.107,4124,159,0
2024-12-31 03:00:00+00:00,2607.057,2607.572,2603.507,2604.613,4289,159,0
2024-12-31 04:00:00+00:00,2604.612,2607.104,2604.297,2606.561,3228,159,0
2024-12-31 05:00:00+00:00,2606.538,2608.155,2602.591,2604.366,3874,160,0
2024-12-31 06:00:00+00:00,2604.341,2608.651,2603.555,2607.866,5745,159,0
2024-12-31 07:00:00+00:00,2607.884,2614.132,2607.325,2613.694,4875,159,0
2024-12-31 08:00:00+00:00,2613.735,2617.796,2612.829,2616.582,5730,159,0
2024-12-31 09:00:00+00:00,2616.564,2616.883,2613.075,2615.218,4807,159,0
2024-12-31 10:00:00+00:00,2615.258,2615.815,2610.854,2611.786,5336,159,0
2024-12-31 11:00:00+00:00,2611.798,2614.23,2609.714,2611.051,4824,159,0
2024-12-31 12:00:00+00:00,2611.016,2612.818,2609.299,2611.17,5396,159,0
2024-12-31 13:00:00+00:00,2611.213,2616.23,2605.314,2613.223,8891,159,0
2024-12-31 14:00:00+00:00,2613.29,2617.843,2611.278,2613.659,9638,159,0
2024-12-31 15:00:00+00:00,2613.598,2626.638,2612.436,2625.656,11239,159,0
2024-12-31 16:00:00+00:00,2625.632,2627.161,2622.229,2625.395,8823,159,0
2024-12-31 17:00:00+00:00,2625.43,2627.562,2623.199,2624.313,6457,159,0
2024-12-31 18:00:00+00:00,2624.272,2627.233,2622.695,2624.781,6328,159,0
2024-12-31 19:00:00+00:00,2624.815,2627.255,2622.852,2623.872,4485,159,0
2024-12-31 20:00:00+00:00,2623.84,2625.024,2622.19,2623.216,4225,159,0
2024-12-31 21:00:00+00:00,2623.181,2624.919,2622.909,2624.381,1906,159,0
2025-01-01 23:00:00+00:00,2625.179,2625.839,2621.641,2623.766,3113,159,0
2025-01-02 00:00:00+00:00,2623.798,2627.9,2622.72,2625.373,3992,159,0
2025-01-02 01:00:00+00:00,2625.414,2634.386,2623.776,2632.921,11210,159,0
2025-01-02 02:00:00+00:00,2632.947,2636.54,2632.318,2634.701,6418,159,0
2025-01-02 03:00:00+00:00,2634.666,2635.341,2632.267,2633.644,4292,159,0
2025-01-02 04:00:00+00:00,2633.633,2634.213,2631.05,2633.925,3611,159,0
2025-01-02 05:00:00+00:00,2633.924,2636.491,2633.094,2634.036,4437,160,0
2025-01-02 06:00:00+00:00,2633.937,2635.437,2631.205,2634.126,4885,159,0
2025-01-02 07:00:00+00:00,2634.126,2635.994,2632.992,2635.915,4634,159,0
2025-01-02 08:00:00+00:00,2635.953,2637.804,2631.123,2636.432,6516,159,0
2025-01-02 09:00:00+00:00,2636.417,2639.978,2635.879,2636.139,6354,159,0
2025-01-02 10:00:00+00:00,2636.128,2646.379,2632.744,2642.691,8985,159,0
2025-01-02 11:00:00+00:00,2642.701,2644.692,2640.255,2641.974,5701,159,0
2025-01-02 12:00:00+00:00,2642.006,2646.444,2640.305,2643.446,6321,159,0
2025-01-02 13:00:00+00:00,2643.4,2647.341,2636.005,2643.006,13518,159,0
2025-01-02 14:00:00+00:00,2642.964,2651.068,2640.361,2647.517,14502,159,0
2025-01-02 15:00:00+00:00,2647.488,2655.843,2645.178,2654.13,12432,159,0
2025-01-02 16:00:00+00:00,2654.062,2660.419,2650.035,2659.284,10722,159,0
2025-01-02 17:00:00+00:00,2659.326,2660.457,2652.517,2656.471,8060,159,0
2025-01-02 18:00:00+00:00,2656.477,2658.755,2653.773,2655.483,7656,159,0
2025-01-02 19:00:00+00:00,2655.524,2657.161,2653.8,2654.74,5901,159,0
2025-01-02 20:00:00+00:00,2654.775,2660.458,2654.151,2659.664,5863,159,0
2025-01-02 21:00:00+00:00,2659.621,2660.235,2656.55,2657.442,2773,159,0
2025-01-02 23:00:00+00:00,2657.396,2659.54,2657.322,2658.327,2588,159,0
2025-01-03 00:00:00+00:00,2658.328,2661.175,2658.328,2660.717,3379,159,0
2025-01-03 01:00:00+00:00,2660.745,2662.583,2656.65,2659.414,5862,159,0
2025-01-03 02:00:00+00:00,2659.425,2664.049,2656.109,2662.413,7774,159,0
2025-01-03 03:00:00+00:00,2662.443,2665.214,2661.238,2662.288,5403,159,0
2025-01-03 04:00:00+00:00,2662.255,2664.409,2661.68,2662.839,3083,159,0
2025-01-03 05:00:00+00:00,2662.868,2662.916,2655.909,2658.55,4768,159,0
2025-01-03 06:00:00+00:00,2658.538,2660.247,2656.696,2659.61,5032,159,0
2025-01-03 07:00:00+00:00,2659.518,2659.55,2651.924,2654.192,6413,159,0
2025-01-03 08:00:00+00:00,2654.164,2655.773,2649.89,2652.952,7012,159,0
2025-01-03 09:00:00+00:00,2652.975,2656.006,2652.82,2653.608,5440,159,0
2025-01-03 10:00:00+00:00,2653.608,2657.979,2653.007,2657.617,4891,159,0
2025-01-03 11:00:00+00:00,2657.58,2659.258,2656.332,2658.361,3506,159,0
2025-01-03 12:00:00+00:00,2657.003,2657.461,2655.218,2655.291,956,160,0
2025-01-03 13:00:00+00:00,2655.257,2656.394,2643.387,2649.804,11137,159,0
2025-01-03 14:00:00+00:00,2649.834,2652.672,2645.1,2647.827,12086,159,0
2025-01-03 15:00:00+00:00,2647.73,2648.303,2640.927,2643.842,13727,159,0
2025-01-03 16:00:00+00:00,2643.812,2647.264,2638.954,2639.968,8478,159,0
2025-01-03 17:00:00+00:00,2639.934,2642.617,2639.043,2641.763,6551,159,0
2025-01-03 18:00:00+00:00,2641.726,2642.361,2639.763,2641.827,5939,159,0
2025-01-03 19:00:00+00:00,2641.831,2642.959,2639.135,2639.421,4294,159,0
2025-01-03 20:00:00+00:00,2639.392,2640.094,2636.881,2638.163,4560,159,0
2025-01-03 21:00:00+00:00,2638.196,2640.74,2636.644,2640.37,3386,159,0
2025-01-05 23:00:00+00:00,2639.644,2642.386,2639.644,2641.063,3241,160,0
2025-01-06 00:00:00+00:00,2641.098,2643.296,2638.599,2643.191,4325,159,0
2025-01-06 01:00:00+00:00,2643.223,2647.426,2640.748,2641.322,8221,159,0
2025-01-06 02:00:00+00:00,2641.333,2645.295,2639.726,2644.52,5978,159,0
2025-01-06 03:00:00+00:00,2644.493,2645.355,2639.137,2640.19,5122,159,0
2025-01-06 04:00:00+00:00,2640.203,2640.824,2634.197,2635.534,5508,159,0
2025-01-06 05:00:00+00:00,2635.531,2636.24,2631.45,2633.892,6869,159,0
2025-01-06 06:00:00+00:00,2633.879,2635.346,2630.173,2631.535,6023,159,0
2025-01-06 07:00:00+00:00,2631.46,2633.634,2625.058,2626.921,6680,159,0
2025-01-06 08:00:00+00:00,2626.891,2632.547,2625.759,2631.506,6393,159,0
2025-01-06 09:00:00+00:00,2631.427,2635.73,2631.15,2632.699,6140,159,0
2025-01-06 10:00:00+00:00,2632.713,2635.052,2630.92,2633.825,4940,159,0
2025-01-06 11:00:00+00:00,2633.852,2649.489,2632.548,2645.602,14621,159,0
2025-01-06 12:00:00+00:00,2645.562,2647.861,2641.973,2645.404,8944,159,0
2025-01-06 13:00:00+00:00,2645.366,2648.848,2621.685,2624.253,22140,159,0
2025-01-06 14:00:00+00:00,2624.191,2635.03,2614.436,2631.588,28028,159,0
2025-01-06 15:00:00+00:00,2631.577,2639.621,2629.445,2634.392,17079,159,0
2025-01-06 16:00:00+00:00,2634.419,2641.381,2632.507,2640.729,9617,159,0
2025-01-06 17:00:00+00:00,2640.727,2641.027,2634.15,2636.639,6518,159,0
2025-01-06 18:00:00+00:00,2636.688,2638.606,2633.719,2634.619,6941,159,0
2025-01-06 19:00:00+00:00,2634.583,2635.517,2632.87,2634.373,5683,159,0
2025-01-06 20:00:00+00:00,2634.41,2635.481,2633.132,2634.664,4771,159,0
2025-01-06 21:00:00+00:00,2634.618,2637.067,2634.618,2635.748,2277,159,0
2025-01-06 23:00:00+00:00,2635.92,2636.27,2633.495,2634.681,2152,159,0
2025-01-07 00:00:00+00:00,2634.634,2635.185,2632.918,2635.075,3071,159,0
2025-01-07 01:00:00+00:00,2635.034,2641.146,2634.756,2639.017,7679,159,0
2025-01-07 02:00:00+00:00,2639.022,2640.058,2636.943,2638.608,5010,159,0
2025-01-07 03:00:00+00:00,2638.634,2640.202,2637.569,2639.563,3613,159,0
2025-01-07 04:00:00+00:00,2639.56,2639.738,2637.287,2638.266,3356,159,0
2025-01-07 05:00:00+00:00,2638.28,2645.685,2637.02,2644.439,5774,159,0
2025-01-07 06:00:00+00:00,2644.401,2646.757,2639.878,2640.246,5832,159,0
2025-01-07 07:00:00+00:00,2640.242,2642.224,2638.003,2640.487,5201,159,0
2025-01-07 08:00:00+00:00,2640.444,2644.838,2640.031,2642.652,5806,159,0
2025-01-07 09:00:00+00:00,2642.597,2644.18,2640.116,2641.334,5116,159,0
2025-01-07 10:00:00+00:00,2641.375,2644.764,2641.319,2643.838,4749,159,0
2025-01-07 11:00:00+00:00,2643.873,2648.689,2642.014,2648.389,5246,159,0
2025-01-07 12:00:00+00:00,2648.348,2652.752,2647.358,2651.644,7224,159,0
2025-01-07 13:00:00+00:00,2651.603,2664.264,2649.883,2662.514,15899,159,0
2025-01-07 14:00:00+00:00,2662.548,2663.004,2655.802,2658.486,12826,159,0
2025-01-07 15:00:00+00:00,2658.531,2658.531,2641.885,2647.7,22171,159,0
2025-01-07 16:00:00+00:00,2647.625,2655.589,2646.383,2651.782,13651,159,0
2025-01-07 17:00:00+00:00,2651.825,2656.015,2650.199,2652.404,9235,159,0
2025-01-07 18:00:00+00:00,2652.379,2652.555,2647.193,2649.03,9778,159,0
2025-01-07 19:00:00+00:00,2649.09,2650.37,2646.928,2649.245,8725,159,0
2025-01-07 20:00:00+00:00,2649.297,2651.445,2647.195,2650.439,6414,159,0
2025-01-07 21:00:00+00:00,2650.469,2650.541,2647.731,2648.743,2268,159,0
2025-01-07 23:00:00+00:00,2649.303,2650.193,2648.355,2649.807,2455,159,0
2025-01-08 00:00:00+00:00,2649.817,2651.512,2648.721,2650.544,3385,159,0
2025-01-08 01:00:00+00:00,2650.586,2650.899,2647.083,2648.781,6634,160,0
2025-01-08 02:00:00+00:00,2648.779,2650.395,2645.925,2648.928,4834,159,0
2025-01-08 03:00:00+00:00,2648.932,2648.932,2645.569,2646.751,4161,159,0
2025-01-08 04:00:00+00:00,2646.728,2648.652,2645.202,2646.991,3241,159,0
2025-01-08 05:00:00+00:00,2646.998,2650.731,2646.633,2650.01,4557,159,0
2025-01-08 06:00:00+00:00,2650.065,2653.064,2648.876,2652.088,5179,159,0
2025-01-08 07:00:00+00:00,2652.078,2654.429,2651.618,2652.619,4561,159,0
2025-01-08 08:00:00+00:00,2652.651,2653.796,2649.578,2651.948,5915,159,0
2025-01-08 09:00:00+00:00,2651.91,2655.001,2651.792,2653.462,5187,159,0
2025-01-08 10:00:00+00:00,2653.534,2655.158,2652.648,2653.169,4951,159,0
2025-01-08 11:00:00+00:00,2653.129,2653.133,2647.595,2650.925,7329,159,0
2025-01-08 12:00:00+00:00,2650.838,2652.524,2645.847,2652.01,6907,159,0
2025-01-08 13:00:00+00:00,2651.961,2660.275,2651.538,2660.212,14055,159,0
2025-01-08 14:00:00+00:00,2660.184,2667.657,2660.002,2661.44,16252,159,0
2025-01-08 15:00:00+00:00,2661.35,2667.835,2659.398,2665.818,13093,159,0
2025-01-08 16:00:00+00:00,2665.84,2670.053,2662.641,2669.586,8922,159,0
2025-01-08 17:00:00+00:00,2669.625,2669.887,2649.388,2655.575,13184,159,0
2025-01-08 18:00:00+00:00,2655.624,2659.143,2651.765,2651.781,8765,159,0
2025-01-08 19:00:00+00:00,2653.539,2660.59,2653.376,2658.327,7847,159,0
2025-01-08 20:00:00+00:00,2658.364,2664.059,2658.276,2663.491,6963,159,0
2025-01-08 21:00:00+00:00,2663.451,2664.067,2660.884,2661.519,4627,159,0
2025-01-08 23:00:00+00:00,2662.413,2663.211,2661.994,2662.507,2042,159,0
2025-01-09 00:00:00+00:00,2662.526,2662.85,2659.526,2659.96,3315,159,0
2025-01-09 01:00:00+00:00,2659.996,2661.357,2657.325,2658.641,5619,159,0
2025-01-09 02:00:00+00:00,2658.599,2660.14,2656.266,2658.774,4806,159,0
2025-01-09 03:00:00+00:00,2658.801,2662.148,2658.488,2659.369,3930,159,0
2025-01-09 04:00:00+00:00,2659.335,2659.792,2655.471,2658.923,3666,159,0
2025-01-09 05:00:00+00:00,2658.926,2660.96,2657.555,2658.264,4888,159,0
2025-01-09 06:00:00+00:00,2658.263,2666.973,2658.263,2666.702,5041,159,0
2025-01-09 07:00:00+00:00,2666.735,2666.735,2662.328,2662.45,5152,159,0
2025-01-09 08:00:00+00:00,2662.418,2666.962,2660.425,2664.409,7547,159,0
2025-01-09 09:00:00+00:00,2664.458,2666.552,2662.302,2664.976,6237,159,0
2025-01-09 10:00:00+00:00,2664.995,2668.581,2664.477,2667.419,5160,159,0
2025-01-09 11:00:00+00:00,2667.471,2673.299,2665.265,2670.266,8530,159,0
2025-01-09 12:00:00+00:00,2670.249,2675.205,2669.432,2674.021,6729,159,0
2025-01-09 13:00:00+00:00,2674.001,2678.351,2671.985,2672.715,10452,159,0
2025-01-09 14:00:00+00:00,2672.691,2675.797,2667.196,2672.486,9585,159,0
2025-01-09 15:00:00+00:00,2672.485,2675.427,2668.091,2668.326,9256,159,0
2025-01-09 16:00:00+00:00,2668.32,2670.989,2666.249,2667.499,7427,159,0
2025-01-09 17:00:00+00:00,2667.465,2668.608,2662.69,2665.938,7655,159,0
2025-01-09 18:00:00+00:00,2665.897,2672.51,2665.038,2671.326,7385,159,0
2025-01-09 19:00:00+00:00,2671.367,2671.788,2668.552,2670.19,5436,159,0
2025-01-09 20:00:00+00:00,2670.154,2670.908,2669.247,2669.53,3545,160,0
2025-01-09 21:00:00+00:00,2669.534,2671.332,2668.957,2669.984,1985,159,0
2025-01-09 23:00:00+00:00,2670.696,2671.318,2668.492,2669.951,2781,159,0
2025-01-10 00:00:00+00:00,2669.978,2671.215,2668.965,2670.498,3536,160,0
2025-01-10 01:00:00+00:00,2670.528,2671.832,2669.225,2670.952,5691,159,0
2025-01-10 02:00:00+00:00,2670.925,2674.752,2670.52,2673.486,5404,159,0
2025-01-10 03:00:00+00:00,2673.517,2674.771,2672.468,2673.658,3938,159,0
2025-01-10 04:00:00+00:00,2673.631,2674.067,2671.825,2671.85,3205,160,0
2025-01-10 05:00:00+00:00,2671.855,2675.891,2671.556,2674.918,4450,159,0
2025-01-10 06:00:00+00:00,2674.908,2678.552,2674.233,2678.163,5364,159,0
2025-01-10 07:00:00+00:00,2678.179,2678.743,2673.469,2676.146,6630,159,0
2025-01-10 08:00:00+00:00,2676.181,2680.469,2675.736,2680.057,8875,159,0
2025-01-10 09:00:00+00:00,2680.021,2682.389,2677.544,2678.485,7843,159,0
2025-01-10 10:00:00+00:00,2678.532,2682.687,2678.205,2680.936,8458,159,0
2025-01-10 11:00:00+00:00,2680.95,2683.088,2680.242,2681.402,5962,159,0
2025-01-10 12:00:00+00:00,2681.363,2681.401,2674.811,2678.292,8016,159,0
2025-01-10 13:00:00+00:00,2678.321,2683.771,2663.994,2682.687,29222,159,0
2025-01-10 14:00:00+00:00,2682.626,2693.406,2680.79,2687.851,42236,159,0
2025-01-10 15:00:00+00:00,2687.856,2698.026,2682.39,2692.684,40573,159,0
2025-01-10 16:00:00+00:00,2692.588,2697.148,2686.727,2696.158,27612,159,0
2025-01-10 17:00:00+00:00,2696.207,2697.915,2692.413,2696.107,16873,159,0
2025-01-10 18:00:00+00:00,2696.016,2697.215,2685.11,2687.303,14106,159,0
2025-01-10 19:00:00+00:00,2687.338,2687.801,2684.586,2685.855,9254,159,0
2025-01-10 20:00:00+00:00,2685.89,2690.886,2684.5,2690.776,8496,159,0
2025-01-10 21:00:00+00:00,2690.728,2693.773,2689.005,2689.592,8409,159,0
2025-01-12 23:00:00+00:00,2689.769,2691.385,2687.574,2691.105,5119,159,0
2025-01-13 00:00:00+00:00,2691.128,2693.368,2688.103,2689.726,4494,159,0
2025-01-13 01:00:00+00:00,2689.73,2690.016,2679.294,2685.548,17711,159,0
2025-01-13 02:00:00+00:00,2685.59,2690.556,2684.853,2688.656,8219,159,0
2025-01-13 03:00:00+00:00,2688.563,2688.697,2685.362,2687.941,7070,159,0
2025-01-13 04:00:00+00:00,2687.977,2690.855,2684.307,2685.836,7994,159,0
2025-01-13 05:00:00+00:00,2685.907,2686.979,2683.273,2686.936,9763,159,0
2025-01-13 06:00:00+00:00,2687.0,2691.323,2686.894,2689.96,7900,159,0
2025-01-13 07:00:00+00:00,2689.935,2690.507,2684.44,2685.102,10718,159,0
2025-01-13 08:00:00+00:00,2685.074,2689.77,2684.013,2687.147,12775,159,0
2025-01-13 09:00:00+00:00,2687.074,2688.325,2682.876,2684.871,13475,159,0
2025-01-13 10:00:00+00:00,2684.823,2685.141,2677.26,2679.42,12428,159,0
2025-01-13 11:00:00+00:00,2679.366,2680.566,2675.449,2675.952,10041,159,0
2025-01-13 12:00:00+00:00,2675.911,2677.164,2664.398,2671.197,21050,159,0
2025-01-13 13:00:00+00:00,2671.286,2672.281,2663.693,2669.05,27329,159,0
2025-01-13 14:00:00+00:00,2669.134,2674.237,2664.044,2671.727,22371,159,0
2025-01-13 15:00:00+00:00,2671.688,2672.872,2661.033,2661.867,18390,159,0
2025-01-13 16:00:00+00:00,2661.792,2667.989,2660.636,2661.322,12837,159,0
2025-01-13 17:00:00+00:00,2661.332,2664.14,2659.183,2660.822,10469,159,0
2025-01-13 18:00:00+00:00,2660.815,2662.449,2657.525,2659.289,9282,159,0
2025-01-13 19:00:00+00:00,2659.298,2660.661,2656.768,2658.897,6916,159,0
2025-01-13 20:00:00+00:00,2658.959,2662.823,2658.734,2662.194,5384,159,0
2025-01-13 21:00:00+00:00,2662.241,2664.14,2660.834,2663.641,3257,159,0
2025-01-13 23:00:00+00:00,2663.151,2669.455,2663.064,2668.058,4112,159,0
2025-01-14 00:00:00+00:00,2667.975,2671.106,2666.365,2670.601,5004,159,0
2025-01-14 01:00:00+00:00,2670.534,2672.195,2667.848,2670.749,10168,159,0
2025-01-14 02:00:00+00:00,2670.787,2672.226,2668.471,2670.57,7817,159,0
2025-01-14 03:00:00+00:00,2670.522,2672.268,2668.861,2669.78,6970,159,0
2025-01-14 04:00:00+00:00,2669.818,2674.073,2668.422,2673.528,4990,159,0
2025-01-14 05:00:00+00:00,2673.573,2675.37,2667.392,2668.533,7607,159,0
2025-01-14 06:00:00+00:00,2668.507,2669.677,2667.402,2669.079,7424,159,0
2025-01-14 07:00:00+00:00,2669.078,2670.886,2667.184,2669.154,7778,159,0
2025-01-14 08:00:00+00:00,2669.196,2674.436,2667.239,2670.978,9828,159,0
2025-01-14 09:00:00+00:00,2670.919,2671.675,2664.832,2667.322,8237,159,0
2025-01-14 10:00:00+00:00,2667.368,2668.916,2664.681,2666.683,7501,159,0
2025-01-14 11:00:00+00:00,2666.702,2669.869,2664.453,2669.331,6926,159,0
2025-01-14 12:00:00+00:00,2669.287,2671.583,2666.446,2668.289,8284,159,0
2025-01-14 13:00:00+00:00,2668.237,2674.418,2660.621,2662.985,22176,159,0
2025-01-14 14:00:00+00:00,2662.946,2666.053,2659.802,2665.242,18939,159,0
2025-01-14 15:00:00+00:00,2665.285,2672.84,2665.07,2671.779,14470,159,0
2025-01-14 16:00:00+00:00,2671.826,2673.96,2669.826,2671.715,11184,159,0
2025-01-14 17:00:00+00:00,2671.68,2672.099,2668.044,2669.006,8530,159,0
2025-01-14 18:00:00+00:00,2668.967,2672.546,2666.703,2672.316,8110,159,0
2025-01-14 19:00:00+00:00,2672.349,2676.308,2671.843,2674.245,6646,159,0
2025-01-14 20:00:00+00:00,2674.209,2676.524,2671.833,2676.505,7008,159,0
2025-01-14 21:00:00+00:00,2676.458,2678.294,2675.858,2677.148,3459,159,0
2025-01-14 23:00:00+00:00,2677.397,2677.751,2673.995,2675.59,2896,159,0
2025-01-15 00:00:00+00:00,2675.58,2676.094,2672.55,2672.766,2717,160,0
2025-01-15 01:00:00+00:00,2672.772,2674.294,2669.891,2669.944,5269,159,0
2025-01-15 02:00:00+00:00,2669.967,2675.034,2669.388,2673.409,5908,159,0
2025-01-15 03:00:00+00:00,2673.46,2676.321,2672.306,2676.091,4954,160,0
2025-01-15 04:00:00+00:00,2676.052,2676.716,2674.183,2675.564,4198,159,0
2025-01-15 05:00:00+00:00,2675.61,2679.383,2674.516,2679.383,5621,159,0
2025-01-15 06:00:00+00:00,2679.341,2683.298,2679.045,2681.001,6563,159,0
2025-01-15 07:00:00+00:00,2681.042,2684.033,2680.05,2681.313,6329,159,0
2025-01-15 08:00:00+00:00,2681.357,2685.327,2681.168,2683.909,8180,159,0
2025-01-15 09:00:00+00:00,2683.94,2688.57,2682.913,2685.934,7829,159,0
2025-01-15 10:00:00+00:00,2685.961,2689.09,2684.792,2688.343,8125,159,0
2025-01-15 11:00:00+00:00,2688.466,2688.938,2685.118,2686.779,8940,159,0
2025-01-15 12:00:00+00:00,2686.748,2687.504,2684.092,2684.631,9051,159,0
2025-01-15 13:00:00+00:00,2684.632,2694.258,2682.127,2693.807,26920,159,0
2025-01-15 14:00:00+00:00,2693.759,2696.056,2678.148,2681.978,30996,159,0
2025-01-15 15:00:00+00:00,2681.935,2683.017,2676.64,2678.475,22289,159,0
2025-01-15 16:00:00+00:00,2678.512,2689.97,2676.925,2689.305,15150,159,0
2025-01-15 17:00:00+00:00,2689.263,2692.994,2688.491,2692.601,10524,159,0
2025-01-15 18:00:00+00:00,2692.64,2695.005,2691.077,2693.993,9991,159,0
2025-01-15 19:00:00+00:00,2694.056,2695.127,2692.568,2694.181,6828,159,0
2025-01-15 20:00:00+00:00,2694.142,2696.605,2693.249,2696.296,6018,159,0
2025-01-15 21:00:00+00:00,2696.341,2697.541,2694.056,2696.999,3545,159,0
2025-01-15 23:00:00+00:00,2695.145,2697.97,2694.193,2694.956,3567,159,0
2025-01-16 00:00:00+00:00,2694.984,2698.196,2692.861,2695.339,8212,159,0
2025-01-16 01:00:00+00:00,2695.382,2702.177,2694.53,2696.172,12794,159,0
2025-01-16 02:00:00+00:00,2696.209,2698.127,2695.237,2697.451,8464,159,0
2025-01-16 03:00:00+00:00,2697.455,2698.553,2695.653,2697.196,5723,159,0
2025-01-16 04:00:00+00:00,2697.144,2698.089,2696.743,2697.464,4226,159,0
2025-01-16 05:00:00+00:00,2697.426,2697.505,2693.736,2694.6,7323,159,0
2025-01-16 06:00:00+00:00,2694.642,2695.513,2689.907,2693.815,7167,159,0
2025-01-16 07:00:00+00:00,2693.862,2699.924,2693.44,2698.271,8052,159,0
2025-01-16 08:00:00+00:00,2698.313,2703.27,2697.115,2698.935,9971,159,0
2025-01-16 09:00:00+00:00,2698.945,2706.167,2697.407,2705.333,10731,159,0
2025-01-16 10:00:00+00:00,2705.296,2708.592,2704.684,2707.797,7574,159,0
2025-01-16 11:00:00+00:00,2707.826,2711.175,2706.169,2706.412,7846,159,0
2025-01-16 12:00:00+00:00,2706.416,2707.3,2700.041,2703.713,13872,159,0
2025-01-16 13:00:00+00:00,2703.652,2718.274,2701.388,2715.461,22864,159,0
2025-01-16 14:00:00+00:00,2715.414,2719.379,2712.941,2718.674,22494,159,0
2025-01-16 15:00:00+00:00,2718.624,2719.718,2712.63,2716.874,27534,159,0
2025-01-16 16:00:00+00:00,2716.93,2722.419,2716.629,2720.339,19416,159,0
2025-01-16 17:00:00+00:00,2720.3,2724.74,2719.462,2721.761,11965,159,0
2025-01-16 18:00:00+00:00,2721.793,2723.27,2714.751,2715.24,9227,159,0
2025-01-16 19:00:00+00:00,2715.262,2717.147,2714.649,2715.346,7084,160,0
2025-01-16 20:00:00+00:00,2715.368,2717.046,2714.389,2715.813,5605,159,0
2025-01-16 21:00:00+00:00,2715.768,2715.851,2712.534,2714.555,4054,159,0
2025-01-16 23:00:00+00:00,2714.345,2715.231,2712.401,2714.585,3302,160,0
2025-01-17 00:00:00+00:00,2714.619,2716.068,2713.727,2714.7,4342,159,0
2025-01-17 01:00:00+00:00,2714.741,2714.855,2709.834,2714.649,9606,159,0
2025-01-17 02:00:00+00:00,2714.692,2717.052,2713.9,2715.82,6736,159,0
2025-01-17 03:00:00+00:00,2715.83,2717.325,2714.555,2715.439,5229,159,0
2025-01-17 04:00:00+00:00,2715.476,2716.515,2714.247,2714.669,5362,159,0
2025-01-17 05:00:00+00:00,2714.698,2715.54,2711.212,2711.609,7793,159,0
2025-01-17 06:00:00+00:00,2711.616,2713.312,2710.566,2712.583,7538,159,0
2025-01-17 07:00:00+00:00,2712.622,2714.624,2708.585,2710.519,7236,159,0
2025-01-17 08:00:00+00:00,2710.577,2712.991,2709.45,2711.731,6843,159,0
2025-01-17 09:00:00+00:00,2711.689,2712.019,2703.909,2704.76,9508,159,0
2025-01-17 10:00:00+00:00,2704.839,2706.262,2702.767,2703.999,7768,159,0
2025-01-17 11:00:00+00:00,2704.005,2708.838,2703.629,2708.041,7083,159,0
2025-01-17 12:00:00+00:00,2708.002,2711.8,2706.98,2711.044,11037,159,0
2025-01-17 13:00:00+00:00,2711.088,2712.126,2704.59,2705.097,19274,159,0
2025-01-17 14:00:00+00:00,2705.041,2712.548,2702.723,2711.685,11829,159,0
2025-01-17 15:00:00+00:00,2711.652,2715.136,2710.135,2714.243,8749,159,0
2025-01-17 16:00:00+00:00,2714.256,2717.261,2713.585,2716.071,6668,159,0
2025-01-17 17:00:00+00:00,2716.064,2716.359,2710.679,2712.578,5410,159,0
2025-01-17 18:00:00+00:00,2712.604,2713.191,2705.492,2705.605,5576,159,0
2025-01-17 19:00:00+00:00,2705.619,2707.146,2702.88,2703.175,4497,159,0
2025-01-17 20:00:00+00:00,2703.189,2704.088,2699.897,2700.924,4925,159,0
2025-01-17 21:00:00+00:00,2700.901,2703.285,2699.242,2702.879,2365,159,0
2025-01-19 23:00:00+00:00,2702.629,2703.084,2691.547,2696.424,4791,160,0
2025-01-20 00:00:00+00:00,2696.424,2696.474,2692.699,2694.457,3274,159,0
2025-01-20 01:00:00+00:00,2694.441,2695.836,2689.395,2693.711,9162,159,0
2025-01-20 02:00:00+00:00,2693.714,2697.909,2693.672,2697.446,5282,159,0
2025-01-20 03:00:00+00:00,2697.456,2703.987,2697.451,2703.554,3716,159,0
2025-01-20 04:00:00+00:00,2703.559,2706.475,2702.279,2705.912,3643,159,0
2025-01-20 05:00:00+00:00,2705.907,2707.427,2703.692,2707.295,4985,159,0
2025-01-20 06:00:00+00:00,2707.341,2713.771,2706.662,2711.609,5125,159,0
2025-01-20 07:00:00+00:00,2711.607,2711.849,2702.728,2703.592,4366,159,0
2025-01-20 08:00:00+00:00,2703.571,2708.012,2703.058,2706.809,4300,159,0
2025-01-20 09:00:00+00:00,2706.779,2708.77,2702.993,2706.088,4716,159,0
2025-01-20 10:00:00+00:00,2706.096,2709.897,2705.226,2708.482,5141,159,0
2025-01-20 11:00:00+00:00,2708.503,2712.492,2704.835,2708.331,5562,159,0
2025-01-20 12:00:00+00:00,2708.289,2710.009,2706.057,2708.151,5183,159,0
2025-01-20 13:00:00+00:00,2708.145,2710.581,2701.915,2704.948,26746,159,0
2025-01-20 14:00:00+00:00,2704.981,2711.844,2704.98,2710.045,14589,159,0
2025-01-20 15:00:00+00:00,2710.064,2710.401,2705.292,2707.065,8691,159,0
2025-01-20 16:00:00+00:00,2707.063,2708.882,2703.167,2707.584,10735,159,0
2025-01-20 17:00:00+00:00,2707.559,2711.161,2703.93,2707.434,9623,159,0
2025-01-20 18:00:00+00:00,2707.441,2711.046,2705.431,2710.71,4597,159,0
2025-01-20 19:00:00+00:00,2710.709,2711.052,2708.299,2709.059,843,320,0
2025-01-20 23:00:00+00:00,2708.347,2711.032,2706.593,2710.445,2926,159,0
2025-01-21 00:00:00+00:00,2710.433,2711.524,2702.797,2705.381,6446,159,0
2025-01-21 01:00:00+00:00,2705.357,2719.291,2703.174,2718.105,12706,159,0
2025-01-21 02:00:00+00:00,2718.084,2725.754,2717.916,2724.843,7756,159,0
2025-01-21 03:00:00+00:00,2724.819,2726.941,2721.244,2724.196,6933,159,0
2025-01-21 04:00:00+00:00,2724.221,2727.856,2723.095,2727.305,4880,159,0
2025-01-21 05:00:00+00:00,2727.319,2729.143,2725.403,2726.148,6147,159,0
2025-01-21 06:00:00+00:00,2726.174,2729.429,2723.784,2724.38,6043,159,0
2025-01-21 07:00:00+00:00,2724.346,2732.773,2722.695,2729.729,7223,159,0
2025-01-21 08:00:00+00:00,2729.701,2730.05,2721.422,2723.267,9911,159,0
2025-01-21 09:00:00+00:00,2723.237,2724.15,2717.809,2721.222,11539,159,0
2025-01-21 10:00:00+00:00,2721.232,2723.968,2718.902,2719.824,7100,159,0
2025-01-21 11:00:00+00:00,2719.82,2724.505,2716.508,2723.998,5949,159,0
2025-01-21 12:00:00+00:00,2723.989,2727.172,2722.003,2726.777,6836,159,0
2025-01-21 13:00:00+00:00,2726.763,2730.03,2724.64,2726.239,11329,159,0
2025-01-21 14:00:00+00:00,2726.247,2738.583,2725.327,2738.123,10707,159,0
2025-01-21 15:00:00+00:00,2738.112,2740.384,2734.521,2738.776,11988,159,0
2025-01-21 16:00:00+00:00,2738.792,2744.986,2737.839,2743.056,8706,159,0
2025-01-21 17:00:00+00:00,2743.069,2745.839,2740.14,2740.22,5908,159,0
2025-01-21 18:00:00+00:00,2740.211,2745.963,2739.931,2744.512,4835,159,0
2025-01-21 19:00:00+00:00,2744.516,2745.348,2741.429,2742.837,4029,159,0
2025-01-21 20:00:00+00:00,2742.819,2743.247,2740.082,2742.392,4500,159,0
2025-01-21 21:00:00+00:00,2742.443,2745.863,2741.999,2744.674,2541,160,0
2025-01-21 23:00:00+00:00,2744.647,2745.136,2741.983,2744.259,5464,159,0
2025-01-22 00:00:00+00:00,2744.309,2749.109,2742.713,2748.24,5205,159,0
2025-01-22 01:00:00+00:00,2748.178,2749.979,2746.816,2748.029,12452,159,0
2025-01-22 02:00:00+00:00,2748.059,2749.728,2746.252,2748.904,8488,159,0
2025-01-22 03:00:00+00:00,2748.91,2751.088,2747.881,2750.266,6812,159,0
2025-01-22 04:00:00+00:00,2750.238,2752.951,2749.308,2752.084,4906,159,0
2025-01-22 05:00:00+00:00,2752.131,2758.831,2750.277,2758.062,8639,159,0
2025-01-22 06:00:00+00:00,2758.04,2758.217,2745.569,2746.814,14361,159,0
2025-01-22 07:00:00+00:00,2746.832,2754.006,2746.455,2748.781,8621,159,0
2025-01-22 08:00:00+00:00,2748.818,2753.863,2746.77,2753.134,10534,159,0
2025-01-22 09:00:00+00:00,2753.101,2762.335,2752.846,2758.438,11932,159,0
2025-01-22 10:00:00+00:00,2758.439,2763.43,2758.265,2760.043,9336,159,0
2025-01-22 11:00:00+00:00,2760.119,2760.611,2756.37,2756.534,6600,159,0
2025-01-22 12:00:00+00:00,2756.572,2758.722,2751.778,2758.236,8688,159,0
2025-01-22 13:00:00+00:00,2758.278,2761.606,2750.854,2757.612,23592,159,0
2025-01-22 14:00:00+00:00,2757.605,2758.242,2750.329,2753.872,21427,159,0
2025-01-22 15:00:00+00:00,2753.824,2760.295,2750.454,2759.351,15460,159,0
2025-01-22 16:00:00+00:00,2759.389,2760.279,2755.856,2758.272,10872,159,0
2025-01-22 17:00:00+00:00,2758.291,2758.529,2755.81,2756.526,7754,159,0
2025-01-22 18:00:00+00:00,2756.522,2759.35,2754.891,2757.816,8125,159,0
2025-01-22 19:00:00+00:00,2757.798,2757.798,2754.973,2755.309,5587,159,0
2025-01-22 20:00:00+00:00,2755.269,2757.144,2754.782,2756.626,5544,159,0
2025-01-22 21:00:00+00:00,2756.591,2757.097,2754.816,2756.165,2367,160,0
2025-01-22 23:00:00+00:00,2755.935,2756.66,2753.88,2755.583,4084,159,0
2025-01-23 00:00:00+00:00,2755.562,2755.947,2753.164,2755.397,4629,159,0
2025-01-23 01:00:00+00:00,2755.353,2756.3,2750.625,2752.731,11739,159,0
2025-01-23 02:00:00+00:00,2752.738,2754.989,2751.979,2752.552,6961,159,0
2025-01-23 03:00:00+00:00,2752.58,2753.046,2749.474,2749.959,7012,159,0
2025-01-23 04:00:00+00:00,2750.03,2753.605,2749.79,2751.663,4421,159,0
2025-01-23 05:00:00+00:00,2751.714,2753.472,2751.349,2752.012,10910,159,0
2025-01-23 06:00:00+00:00,2751.97,2755.575,2751.137,2753.298,8376,159,0
2025-01-23 07:00:00+00:00,2753.304,2754.704,2751.659,2752.683,7472,159,0
2025-01-23 08:00:00+00:00,2752.735,2754.789,2752.01,2752.801,8046,159,0
2025-01-23 09:00:00+00:00,2752.824,2753.792,2740.871,2745.833,13996,159,0
2025-01-23 10:00:00+00:00,2745.793,2752.546,2745.224,2751.369,9042,159,0
2025-01-23 11:00:00+00:00,2751.391,2754.433,2750.771,2751.898,7779,159,0
2025-01-23 12:00:00+00:00,2751.873,2753.386,2741.947,2744.843,14364,159,0
2025-01-23 13:00:00+00:00,2744.771,2745.857,2735.77,2741.543,25894,159,0
2025-01-23 14:00:00+00:00,2741.61,2747.548,2740.258,2746.093,22581,159,0
2025-01-23 15:00:00+00:00,2745.923,2749.46,2742.06,2746.424,13290,159,0
2025-01-23 16:00:00+00:00,2746.383,2757.398,2744.175,2753.98,16155,159,0
2025-01-23 17:00:00+00:00,2753.88,2758.962,2752.376,2757.664,11303,159,0
2025-01-23 18:00:00+00:00,2757.747,2758.199,2755.022,2755.792,8149,159,0
2025-01-23 19:00:00+00:00,2755.791,2758.022,2753.73,2754.173,7716,159,0
2025-01-23 20:00:00+00:00,2754.13,2754.627,2751.306,2753.767,10019,159,0
2025-01-23 21:00:00+00:00,2753.805,2754.765,2751.984,2754.37,2866,160,0
2025-01-23 23:00:00+00:00,2754.757,2755.636,2753.584,2754.543,2588,159,0
2025-01-24 00:00:00+00:00,2754.546,2761.086,2754.329,2759.693,4770,159,0
2025-01-24 01:00:00+00:00,2759.654,2762.592,2758.569,2762.261,9690,159,0
2025-01-24 02:00:00+00:00,2762.272,2775.375,2762.272,2774.202,16519,159,0
2025-01-24 03:00:00+00:00,2774.137,2777.417,2770.989,2772.308,12116,159,0
2025-01-24 04:00:00+00:00,2772.28,2775.024,2770.527,2772.079,8545,159,0
2025-01-24 05:00:00+00:00,2772.033,2776.679,2771.996,2775.282,9874,159,0
2025-01-24 06:00:00+00:00,2775.243,2778.363,2773.267,2773.818,12311,159,0
2025-01-24 07:00:00+00:00,2773.785,2775.423,2772.039,2772.675,8432,159,0
2025-01-24 08:00:00+00:00,2772.716,2775.334,2769.966,2774.128,10483,159,0
2025-01-24 09:00:00+00:00,2774.088,2777.874,2770.973,2772.749,8645,159,0
2025-01-24 10:00:00+00:00,2772.762,2776.191,2771.646,2775.682,8153,159,0
2025-01-24 11:00:00+00:00,2775.669,2780.193,2774.131,2776.617,8384,159,0
2025-01-24 12:00:00+00:00,2776.678,2779.153,2776.094,2778.546,8450,159,0
2025-01-24 13:00:00+00:00,2778.521,2784.615,2777.85,2782.382,14567,159,0
2025-01-24 14:00:00+00:00,2782.418,2784.389,2773.713,2778.176,19449,159,0
2025-01-24 15:00:00+00:00,2778.23,2786.011,2775.466,2775.973,15795,159,0
2025-01-24 16:00:00+00:00,2775.918,2777.564,2769.894,2771.995,14628,159,0
2025-01-24 17:00:00+00:00,2772.026,2776.124,2770.652,2773.312,8955,159,0
2025-01-24 18:00:00+00:00,2773.337,2774.073,2771.348,2773.357,6187,160,0
2025-01-24 19:00:00+00:00,2773.391,2775.277,2771.316,2774.628,6799,159,0
2025-01-24 20:00:00+00:00,2774.632,2774.798,2770.628,2771.113,6734,159,0
2025-01-24 21:00:00+00:00,2771.139,2772.177,2770.458,2771.079,2805,159,0
2025-01-26 23:00:00+00:00,2765.65,2769.721,2765.185,2767.553,8226,159,0
2025-01-27 00:00:00+00:00,2767.554,2770.954,2766.239,2769.722,6860,159,0
2025-01-27 01:00:00+00:00,2769.755,2772.54,2762.851,2762.936,13706,159,0
2025-01-27 02:00:00+00:00,2762.97,2763.656,2753.871,2756.175,13462,159,0
2025-01-27 03:00:00+00:00,2756.221,2762.665,2755.137,2761.117,11577,159,0
2025-01-27 04:00:00+00:00,2761.066,2761.075,2755.738,2758.058,8551,159,0
2025-01-27 05:00:00+00:00,2758.117,2758.166,2752.855,2753.25,10791,159,0
2025-01-27 06:00:00+00:00,2753.214,2755.086,2750.839,2754.581,10561,159,0
2025-01-27 07:00:00+00:00,2754.624,2755.073,2747.189,2749.46,9806,159,0
2025-01-27 08:00:00+00:00,2749.436,2759.79,2749.291,2757.259,14122,159,0
2025-01-27 09:00:00+00:00,2757.177,2765.008,2755.726,2763.342,13476,159,0
2025-01-27 10:00:00+00:00,2763.304,2771.056,2762.832,2768.082,15580,159,0
2025-01-27 11:00:00+00:00,2768.031,2772.108,2765.074,2771.247,14022,159,0
2025-01-27 12:00:00+00:00,2771.3,2771.634,2760.447,2761.372,11934,159,0
2025-01-27 13:00:00+00:00,2761.34,2762.435,2752.333,2757.361,17249,159,0
2025-01-27 14:00:00+00:00,2757.329,2757.976,2744.983,2751.355,20721,159,0
2025-01-27 15:00:00+00:00,2751.345,2751.363,2739.499,2742.084,20958,159,0
2025-01-27 16:00:00+00:00,2742.052,2743.136,2733.239,2734.472,17033,159,0
2025-01-27 17:00:00+00:00,2734.535,2736.963,2730.478,2733.627,14326,159,0
2025-01-27 18:00:00+00:00,2733.667,2737.951,2732.943,2737.046,10519,159,0
2025-01-27 19:00:00+00:00,2737.027,2740.559,2736.837,2739.328,8117,159,0
2025-01-27 20:00:00+00:00,2739.353,2742.564,2738.147,2741.558,6963,159,0
2025-01-27 21:00:00+00:00,2741.512,2744.01,2740.348,2740.612,2573,159,0
2025-01-27 23:00:00+00:00,2741.171,2745.325,2739.57,2741.71,6976,159,0
2025-01-28 00:00:00+00:00,2741.743,2744.554,2739.854,2740.615,5010,159,0
2025-01-28 01:00:00+00:00,2740.621,2745.268,2739.41,2741.491,6581,159,0
2025-01-28 02:00:00+00:00,2741.44,2741.628,2738.337,2739.336,10999,159,0
2025-01-28 03:00:00+00:00,2739.379,2741.82,2737.815,2738.813,7384,159,0
2025-01-28 04:00:00+00:00,2738.765,2742.636,2738.558,2742.296,7073,159,0
2025-01-28 05:00:00+00:00,2742.333,2744.894,2741.187,2741.717,7173,159,0
2025-01-28 06:00:00+00:00,2741.684,2742.986,2739.106,2739.661,6384,159,0
2025-01-28 07:00:00+00:00,2739.687,2743.072,2738.33,2738.91,9526,159,0
2025-01-28 08:00:00+00:00,2738.936,2741.763,2734.772,2741.164,11745,159,0
2025-01-28 09:00:00+00:00,2741.147,2745.151,2740.425,2743.403,10692,159,0
2025-01-28 10:00:00+00:00,2743.461,2745.172,2740.922,2743.13,8801,159,0
2025-01-28 11:00:00+00:00,2743.083,2744.579,2741.591,2742.793,7889,159,0
2025-01-28 12:00:00+00:00,2742.709,2745.645,2741.196,2745.53,8833,159,0
2025-01-28 13:00:00+00:00,2745.563,2749.507,2745.114,2748.82,12652,159,0
2025-01-28 14:00:00+00:00,2748.881,2756.379,2748.876,2753.533,17296,159,0
2025-01-28 15:00:00+00:00,2753.555,2757.204,2751.064,2755.33,15192,159,0
2025-01-28 16:00:00+00:00,2755.325,2759.673,2755.222,2758.669,13200,159,0
2025-01-28 17:00:00+00:00,2758.644,2760.013,2757.463,2759.662,10558,159,0
2025-01-28 18:00:00+00:00,2759.693,2763.547,2759.186,2762.194,9258,159,0
2025-01-28 19:00:00+00:00,2762.153,2764.998,2761.178,2764.828,6659,159,0
2025-01-28 20:00:00+00:00,2764.788,2765.052,2762.387,2764.169,7594,159,0
2025-01-28 21:00:00+00:00,2764.202,2764.329,2762.888,2763.601,2460,159,0
2025-01-28 23:00:00+00:00,2763.243,2764.316,2762.633,2762.695,2338,159,0
2025-01-29 00:00:00+00:00,2762.698,2764.879,2762.234,2763.925,2902,159,0
2025-01-29 01:00:00+00:00,2763.943,2766.271,2763.566,2763.801,6137,159,0
2025-01-29 02:00:00+00:00,2763.795,2765.654,2763.37,2764.208,6575,159,0
2025-01-29 03:00:00+00:00,2764.208,2764.518,2762.278,2762.774,7304,159,0
2025-01-29 04:00:00+00:00,2762.766,2764.356,2761.457,2762.43,7534,159,0
2025-01-29 05:00:00+00:00,2762.447,2763.058,2760.102,2760.739,5576,159,0
2025-01-29 06:00:00+00:00,2760.774,2762.131,2759.234,2759.24,7934,159,0
2025-01-29 07:00:00+00:00,2759.207,2760.605,2757.414,2759.074,7835,159,0
2025-01-29 08:00:00+00:00,2759.118,2766.083,2759.118,2763.952,7484,159,0
2025-01-29 09:00:00+00:00,2763.922,2764.469,2760.372,2762.843,8625,159,0
2025-01-29 10:00:00+00:00,2762.727,2763.486,2757.008,2758.255,12374,159,0
2025-01-29 11:00:00+00:00,2758.216,2759.826,2757.389,2758.994,6333,159,0
2025-01-29 12:00:00+00:00,2758.956,2759.138,2755.545,2756.557,9532,159,0
2025-01-29 13:00:00+00:00,2756.59,2759.507,2752.222,2758.68,17169,159,0
2025-01-29 14:00:00+00:00,2758.643,2761.119,2756.548,2759.326,18923,159,0
2025-01-29 15:00:00+00:00,2759.281,2759.724,2748.2,2754.11,16534,159,0
2025-01-29 16:00:00+00:00,2754.15,2756.29,2748.248,2751.511,15998,159,0
2025-01-29 17:00:00+00:00,2751.539,2754.4,2750.883,2752.888,7745,159,0
2025-01-29 18:00:00+00:00,2752.854,2753.881,2748.752,2751.511,8964,159,0
2025-01-29 19:00:00+00:00,2751.882,2757.913,2744.745,2755.218,22689,159,0
2025-01-29 20:00:00+00:00,2755.18,2759.037,2752.745,2754.903,14249,159,0
2025-01-29 21:00:00+00:00,2754.858,2759.65,2754.037,2759.022,5208,159,0
2025-01-29 23:00:00+00:00,2759.435,2760.685,2758.161,2760.306,3398,160,0
2025-01-30 00:00:00+00:00,2760.243,2762.53,2758.901,2762.159,3663,159,0
2025-01-30 01:00:00+00:00,2762.115,2762.115,2759.018,2760.107,6256,159,0
2025-01-30 02:00:00+00:00,2760.074,2761.65,2759.195,2760.307,6587,159,0
2025-01-30 03:00:00+00:00,2760.305,2762.577,2759.314,2761.735,5600,159,0
2025-01-30 04:00:00+00:00,2761.699,2763.398,2759.771,2760.494,4985,159,0
2025-01-30 05:00:00+00:00,2760.474,2761.148,2758.704,2760.566,4828,159,0
2025-01-30 06:00:00+00:00,2760.519,2766.506,2760.209,2765.558,6144,159,0
2025-01-30 07:00:00+00:00,2765.542,2769.528,2764.96,2769.135,7898,159,0
2025-01-30 08:00:00+00:00,2769.133,2776.627,2768.322,2776.195,7476,159,0
2025-01-30 09:00:00+00:00,2776.261,2776.453,2771.466,2774.269,8714,159,0
2025-01-30 10:00:00+00:00,2774.262,2779.291,2773.899,2778.266,6532,159,0
2025-01-30 11:00:00+00:00,2778.314,2779.432,2777.095,2777.699,5532,159,0
2025-01-30 12:00:00+00:00,2777.686,2781.212,2776.061,2780.216,5946,159,0
2025-01-30 13:00:00+00:00,2780.184,2786.074,2778.764,2785.773,15591,159,0
2025-01-30 14:00:00+00:00,2785.801,2789.133,2780.021,2787.767,26032,159,0
2025-01-30 15:00:00+00:00,2787.668,2796.778,2786.742,2795.411,22975,159,0
2025-01-30 16:00:00+00:00,2795.388,2798.469,2790.252,2790.595,24069,159,0
2025-01-30 17:00:00+00:00,2790.646,2795.926,2788.797,2795.536,17579,159,0
2025-01-30 18:00:00+00:00,2795.575,2797.076,2792.19,2795.236,10988,159,0
2025-01-30 19:00:00+00:00,2795.197,2795.489,2790.678,2793.363,7200,159,0
2025-01-30 20:00:00+00:00,2793.343,2798.245,2792.247,2795.581,12120,159,0
2025-01-30 21:00:00+00:00,2795.544,2798.476,2790.749,2793.385,12591,159,0
2025-01-30 23:00:00+00:00,2794.822,2796.97,2792.607,2796.146,5534,159,0
2025-01-31 00:00:00+00:00,2796.183,2799.636,2794.435,2795.771,6973,159,0
2025-01-31 01:00:00+00:00,2795.808,2796.646,2794.429,2796.344,7116,159,0
2025-01-31 02:00:00+00:00,2796.37,2798.241,2794.748,2796.301,7138,159,0
2025-01-31 03:00:00+00:00,2796.266,2798.227,2795.802,2796.453,7889,159,0
2025-01-31 04:00:00+00:00,2796.412,2796.488,2794.504,2795.854,5964,159,0
2025-01-31 05:00:00+00:00,2795.805,2796.467,2793.87,2795.573,8562,159,0
2025-01-31 06:00:00+00:00,2795.563,2795.968,2792.122,2792.792,7234,159,0
2025-01-31 07:00:00+00:00,2792.837,2801.072,2792.341,2798.232,10600,159,0
2025-01-31 08:00:00+00:00,2798.205,2799.455,2791.678,2793.287,11740,159,0
2025-01-31 09:00:00+00:00,2793.317,2796.413,2792.686,2793.791,8549,159,0
2025-01-31 10:00:00+00:00,2793.753,2795.151,2791.0,2794.202,8395,159,0
2025-01-31 11:00:00+00:00,2794.162,2800.867,2792.336,2800.195,12134,159,0
2025-01-31 12:00:00+00:00,2800.165,2807.848,2799.95,2805.492,12399,159,0
2025-01-31 13:00:00+00:00,2805.489,2808.54,2803.225,2806.391,18409,159,0
2025-01-31 14:00:00+00:00,2806.469,2812.532,2804.469,2812.315,18917,159,0
2025-01-31 15:00:00+00:00,2812.373,2817.244,2808.258,2809.224,20561,159,0
2025-01-31 16:00:00+00:00,2809.129,2810.259,2804.884,2807.35,11406,159,0
2025-01-31 17:00:00+00:00,2807.368,2816.261,2802.916,2808.744,31254,159,0
2025-01-31 18:00:00+00:00,2808.709,2808.966,2795.295,2798.89,33081,159,0
2025-01-31 19:00:00+00:00,2798.854,2802.918,2795.44,2796.26,16797,159,0
2025-01-31 20:00:00+00:00,2796.303,2802.174,2794.089,2800.81,19466,159,0
2025-01-31 21:00:00+00:00,2800.785,2802.565,2798.617,2799.348,10278,159,0
2025-02-02 23:00:00+00:00,2801.018,2804.653,2784.271,2793.709,36984,159,0
2025-02-03 00:00:00+00:00,2793.726,2796.511,2790.287,2792.218,18491,159,0
2025-02-03 01:00:00+00:00,2792.172,2792.271,2778.051,2782.298,20392,159,0
2025-02-03 02:00:00+00:00,2782.198,2782.73,2773.782,2778.104,32736,159,0
2025-02-03 03:00:00+00:00,2778.09,2778.414,2772.137,2774.454,17807,159,0
2025-02-03 04:00:00+00:00,2774.457,2783.083,2774.192,2780.785,16566,159,0
2025-02-03 05:00:00+00:00,2780.742,2785.084,2780.027,2783.084,12496,159,0
2025-02-03 06:00:00+00:00,2783.038,2788.181,2782.878,2786.874,13731,159,0
2025-02-03 07:00:00+00:00,2786.925,2789.913,2785.233,2789.28,15756,159,0
2025-02-03 08:00:00+00:00,2789.32,2800.643,2786.965,2796.716,17867,159,0
2025-02-03 09:00:00+00:00,2796.68,2800.889,2794.745,2796.409,14662,159,0
2025-02-03 10:00:00+00:00,2796.328,2800.114,2792.995,2798.045,10942,159,0
2025-02-03 11:00:00+00:00,2798.042,2804.246,2797.866,2801.142,11184,159,0
2025-02-03 12:00:00+00:00,2801.169,2810.849,2800.426,2810.496,13340,159,0
2025-02-03 13:00:00+00:00,2810.458,2811.871,2807.548,2810.969,17265,159,0
2025-02-03 14:00:00+00:00,2811.038,2830.57,2810.106,2830.123,27101,159,0
2025-02-03 15:00:00+00:00,2830.155,2830.155,2813.632,2817.456,46763,159,0
2025-02-03 16:00:00+00:00,2817.423,2825.301,2812.768,2814.199,24445,159,0
2025-02-03 17:00:00+00:00,2814.25,2822.174,2814.004,2817.194,16564,159,0
2025-02-03 18:00:00+00:00,2817.119,2821.781,2815.976,2820.967,12416,159,0
2025-02-03 19:00:00+00:00,2821.003,2822.885,2817.926,2818.268,9346,159,0
2025-02-03 20:00:00+00:00,2818.242,2819.508,2815.57,2816.547,8486,159,0
2025-02-03 21:00:00+00:00,2816.497,2817.498,2812.24,2814.44,7836,159,0
2025-02-03 23:00:00+00:00,2813.27,2815.258,2811.888,2814.023,7685,159,0
2025-02-04 00:00:00+00:00,2813.985,2817.665,2812.616,2817.395,4967,159,0
2025-02-04 01:00:00+00:00,2817.399,2824.328,2815.958,2823.293,11729,159,0
2025-02-04 02:00:00+00:00,2823.258,2824.68,2816.747,2821.117,13137,159,0
2025-02-04 03:00:00+00:00,2821.117,2824.34,2817.381,2821.403,9944,159,0
2025-02-04 04:00:00+00:00,2821.321,2821.48,2818.037,2819.184,15381,159,0
2025-02-04 05:00:00+00:00,2819.23,2819.43,2813.374,2815.858,15419,159,0
2025-02-04 06:00:00+00:00,2815.814,2816.138,2810.868,2813.495,12596,159,0
2025-02-04 07:00:00+00:00,2813.488,2814.417,2807.199,2812.723,14758,159,0
2025-02-04 08:00:00+00:00,2812.76,2819.25,2810.157,2815.183,17578,159,0
2025-02-04 09:00:00+00:00,2815.146,2821.895,2814.046,2820.32,14916,159,0
2025-02-04 10:00:00+00:00,2820.294,2820.294,2812.697,2814.864,12818,159,0
2025-02-04 11:00:00+00:00,2814.821,2816.854,2813.277,2815.444,10419,159,0
2025-02-04 12:00:00+00:00,2815.47,2822.984,2814.439,2821.797,14912,159,0
2025-02-04 13:00:00+00:00,2821.833,2837.082,2821.356,2831.732,23195,159,0
2025-02-04 14:00:00+00:00,2831.694,2841.284,2828.899,2839.464,28748,159,0
2025-02-04 15:00:00+00:00,2839.32,2845.504,2833.622,2835.914,27300,159,0
2025-02-04 16:00:00+00:00,2835.855,2842.454,2832.459,2840.402,18255,159,0
2025-02-04 17:00:00+00:00,2840.435,2844.741,2839.354,2844.06,12705,159,0
2025-02-04 18:00:00+00:00,2844.017,2844.969,2842.47,2842.656,10839,159,0
2025-02-04 19:00:00+00:00,2842.693,2844.118,2841.868,2843.057,7801,160,0
2025-02-04 20:00:00+00:00,2843.092,2844.917,2840.829,2844.215,7748,159,0
2025-02-04 21:00:00+00:00,2844.174,2844.516,2840.9,2842.062,3820,159,0
2025-02-04 23:00:00+00:00,2841.409,2842.713,2840.386,2841.206,4342,159,0
2025-02-05 00:00:00+00:00,2841.236,2848.257,2840.626,2845.348,7532,159,0
2025-02-05 01:00:00+00:00,2845.307,2849.01,2839.698,2844.387,24923,159,0
2025-02-05 02:00:00+00:00,2844.444,2853.808,2843.894,2850.919,11787,159,0
2025-02-05 03:00:00+00:00,2850.994,2854.321,2849.843,2852.34,7783,159,0
2025-02-05 04:00:00+00:00,2852.337,2858.117,2851.839,2855.324,7156,159,0
2025-02-05 05:00:00+00:00,2855.355,2860.619,2853.581,2859.333,8687,159,0
2025-02-05 06:00:00+00:00,2859.343,2861.815,2856.996,2859.232,8175,159,0
2025-02-05 07:00:00+00:00,2859.198,2864.214,2854.795,2864.174,10175,159,0
2025-02-05 08:00:00+00:00,2864.133,2869.828,2863.53,2867.471,11127,159,0
2025-02-05 09:00:00+00:00,2867.534,2872.252,2865.336,2870.312,8664,159,0
2025-02-05 10:00:00+00:00,2870.358,2877.069,2866.108,2867.839,10016,159,0
2025-02-05 11:00:00+00:00,2867.86,2870.517,2864.744,2868.658,11277,159,0
2025-02-05 12:00:00+00:00,2868.613,2870.866,2866.952,2870.255,9584,159,0
2025-02-05 13:00:00+00:00,2870.263,2870.75,2858.598,2861.646,24246,159,0
2025-02-05 14:00:00+00:00,2861.694,2872.582,2860.616,2870.908,22383,159,0
2025-02-05 15:00:00+00:00,2870.99,2882.425,2870.99,2880.223,22797,159,0
2025-02-05 16:00:00+00:00,2880.263,2881.188,2863.042,2874.884,24733,159,0
2025-02-05 17:00:00+00:00,2874.928,2876.697,2871.354,2872.95,11994,159,0
2025-02-05 18:00:00+00:00,2872.985,2873.535,2863.774,2865.642,12555,159,0
2025-02-05 19:00:00+00:00,2865.7,2869.04,2862.669,2863.512,13920,159,0
2025-02-05 20:00:00+00:00,2863.486,2866.165,2859.882,2862.601,13706,159,0
2025-02-05 21:00:00+00:00,2862.559,2867.383,2861.188,2867.345,3397,159,0
2025-02-05 23:00:00+00:00,2867.01,2870.97,2866.047,2869.279,4902,159,0
2025-02-06 00:00:00+00:00,2869.272,2870.003,2867.299,2869.814,5059,160,0
2025-02-06 01:00:00+00:00,2869.846,2871.91,2863.694,2871.559,15595,159,0
2025-02-06 02:00:00+00:00,2871.523,2873.317,2868.298,2870.679,11501,159,0
2025-02-06 03:00:00+00:00,2870.623,2870.692,2864.284,2869.405,9712,159,0
2025-02-06 04:00:00+00:00,2869.364,2872.311,2868.255,2868.5,7811,159,0
2025-02-06 05:00:00+00:00,2868.471,2869.978,2865.406,2868.333,9779,159,0
2025-02-06 06:00:00+00:00,2868.322,2871.383,2858.106,2859.198,12930,159,0
2025-02-06 07:00:00+00:00,2859.186,2861.855,2854.984,2855.822,12513,159,0
2025-02-06 08:00:00+00:00,2855.798,2858.478,2848.904,2856.124,16014,159,0
2025-02-06 09:00:00+00:00,2856.091,2860.017,2855.721,2859.391,13867,159,0
2025-02-06 10:00:00+00:00,2859.43,2861.794,2855.586,2859.176,11435,159,0
2025-02-06 11:00:00+00:00,2859.118,2867.342,2858.156,2865.972,13348,159,0
2025-02-06 12:00:00+00:00,2865.966,2870.312,2863.451,2864.415,15406,159,0
2025-02-06 13:00:00+00:00,2864.491,2864.961,2855.453,2856.734,22652,159,0
2025-02-06 14:00:00+00:00,2856.658,2859.764,2841.149,2841.827,27235,159,0
2025-02-06 15:00:00+00:00,2841.912,2853.27,2834.059,2850.595,27877,159,0
2025-02-06 16:00:00+00:00,2850.555,2854.743,2848.784,2848.784,14222,159,0
2025-02-06 17:00:00+00:00,2848.753,2852.66,2848.033,2852.208,9772,159,0
2025-02-06 18:00:00+00:00,2852.25,2853.667,2849.816,2852.55,11016,159,0
2025-02-06 19:00:00+00:00,2852.613,2854.153,2850.288,2853.746,8718,159,0
2025-02-06 20:00:00+00:00,2853.791,2857.251,2853.575,2856.345,8534,159,0
2025-02-06 21:00:00+00:00,2856.352,2857.217,2854.908,2856.14,2725,160,0
2025-02-06 23:00:00+00:00,2856.085,2858.777,2855.83,2858.0,3380,159,0
2025-02-07 00:00:00+00:00,2857.994,2860.484,2857.994,2858.447,4403,159,0
2025-02-07 01:00:00+00:00,2858.413,2868.276,2857.747,2866.286,11479,159,0
2025-02-07 02:00:00+00:00,2866.283,2869.35,2865.388,2868.724,8136,159,0
2025-02-07 03:00:00+00:00,2868.778,2870.645,2865.992,2867.181,7239,159,0
2025-02-07 04:00:00+00:00,2867.13,2869.615,2866.217,2866.485,6237,159,0
2025-02-07 05:00:00+00:00,2866.523,2867.021,2861.977,2862.114,7321,159,0
2025-02-07 06:00:00+00:00,2862.081,2866.269,2858.991,2860.708,10389,159,0
2025-02-07 07:00:00+00:00,2860.653,2865.694,2860.244,2864.214,8365,159,0
2025-02-07 08:00:00+00:00,2864.268,2866.683,2863.225,2866.225,8162,159,0
2025-02-07 09:00:00+00:00,2866.263,2870.685,2865.513,2868.975,12350,159,0
2025-02-07 10:00:00+00:00,2868.995,2869.238,2863.332,2867.504,10637,159,0
2025-02-07 11:00:00+00:00,2867.5,2868.257,2865.038,2867.628,7629,159,0
2025-02-07 12:00:00+00:00,2867.669,2868.066,2863.541,2863.611,10903,159,0
2025-02-07 13:00:00+00:00,2863.613,2870.854,2852.405,2862.492,30848,159,0
2025-02-07 14:00:00+00:00,2862.529,2878.33,2856.095,2876.673,28787,159,0
2025-02-07 15:00:00+00:00,2876.691,2886.747,2873.539,2880.299,23106,159,0
2025-02-07 16:00:00+00:00,2880.335,2881.545,2860.307,2860.715,26457,159,0
2025-02-07 17:00:00+00:00,2860.719,2862.704,2853.326,2860.127,22001,159,0
2025-02-07 18:00:00+00:00,2860.057,2865.224,2859.665,2861.249,9055,159,0
2025-02-07 19:00:00+00:00,2861.29,2863.307,2859.101,2860.146,6836,159,0
2025-02-07 20:00:00+00:00,2860.112,2863.782,2859.371,2860.586,9462,159,0
2025-02-07 21:00:00+00:00,2860.669,2863.368,2860.356,2861.002,4513,159,0
2025-02-09 23:00:00+00:00,2861.269,2870.59,2860.088,2867.495,7930,159,0
2025-02-10 00:00:00+00:00,2867.539,2869.228,2865.83,2867.932,6639,160,0
2025-02-10 01:00:00+00:00,2868.016,2876.602,2865.949,2871.866,14213,159,0
2025-02-10 02:00:00+00:00,2871.857,2874.952,2871.31,2873.806,10112,159,0
2025-02-10 03:00:00+00:00,2873.874,2875.767,2871.285,2875.572,7152,159,0
2025-02-10 04:00:00+00:00,2875.572,2879.597,2874.29,2879.121,7060,159,0
2025-02-10 05:00:00+00:00,2879.183,2880.102,2876.047,2879.22,8263,159,0
2025-02-10 06:00:00+00:00,2879.232,2892.338,2878.923,2888.606,10991,159,0
2025-02-10 07:00:00+00:00,2888.567,2896.595,2886.674,2895.471,11586,159,0
2025-02-10 08:00:00+00:00,2895.475,2898.897,2892.213,2896.676,14751,159,0
2025-02-10 09:00:00+00:00,2896.674,2903.258,2896.249,2902.972,10961,159,0
2025-02-10 10:00:00+00:00,2902.987,2906.297,2898.166,2902.389,13028,159,0
2025-02-10 11:00:00+00:00,2902.416,2905.78,2898.281,2904.502,9231,159,0
2025-02-10 12:00:00+00:00,2904.528,2906.969,2902.66,2903.097,13150,159,0
2025-02-10 13:00:00+00:00,2902.986,2911.09,2899.606,2901.003,26163,159,0
2025-02-10 14:00:00+00:00,2900.903,2909.218,2896.26,2908.648,21127,159,0
2025-02-10 15:00:00+00:00,2908.685,2912.062,2904.511,2908.93,15946,159,0
2025-02-10 16:00:00+00:00,2908.977,2910.318,2899.02,2900.973,11636,159,0
2025-02-10 17:00:00+00:00,2900.989,2904.517,2896.632,2903.261,10721,159,0
2025-02-10 18:00:00+00:00,2903.286,2906.985,2900.838,2905.144,9390,159,0
2025-02-10 19:00:00+00:00,2905.11,2906.778,2902.479,2904.342,6818,160,0
2025-02-10 20:00:00+00:00,2904.361,2907.715,2902.88,2907.295,7711,159,0
2025-02-10 21:00:00+00:00,2907.261,2908.478,2905.333,2908.15,3413,159,0
2025-02-10 23:00:00+00:00,2908.215,2921.603,2908.068,2917.847,9715,159,0
2025-02-11 00:00:00+00:00,2917.894,2925.082,2916.398,2922.589,6967,159,0
2025-02-11 01:00:00+00:00,2922.548,2936.25,2919.653,2933.94,16910,159,0
2025-02-11 02:00:00+00:00,2933.936,2942.649,2905.417,2919.044,36984,159,0
2025-02-11 03:00:00+00:00,2919.007,2925.73,2911.592,2919.716,21568,159,0
2025-02-11 04:00:00+00:00,2919.751,2920.765,2914.918,2916.379,11301,159,0
2025-02-11 05:00:00+00:00,2916.322,2923.714,2915.317,2922.935,11809,159,0
2025-02-11 06:00:00+00:00,2922.911,2929.43,2915.408,2917.851,15293,159,0
2025-02-11 07:00:00+00:00,2917.895,2918.359,2907.124,2913.351,16314,159,0
2025-02-11 08:00:00+00:00,2913.329,2915.303,2906.937,2907.451,17472,159,0
2025-02-11 09:00:00+00:00,2907.442,2912.286,2902.945,2903.291,16498,159,0
2025-02-11 10:00:00+00:00,2903.226,2907.178,2901.864,2902.699,15363,159,0
2025-02-11 11:00:00+00:00,2902.64,2906.761,2902.186,2903.981,12481,159,0
2025-02-11 12:00:00+00:00,2904.016,2904.393,2886.614,2889.45,20882,159,0
2025-02-11 13:00:00+00:00,2889.401,2898.219,2881.696,2896.363,35340,159,0
2025-02-11 14:00:00+00:00,2896.402,2904.345,2894.85,2896.791,25038,159,0
2025-02-11 15:00:00+00:00,2896.764,2906.574,2890.848,2904.794,22756,159,0
2025-02-11 16:00:00+00:00,2904.834,2908.679,2902.262,2902.385,13579,159,0
2025-02-11 17:00:00+00:00,2902.352,2907.337,2899.562,2905.535,9788,159,0
2025-02-11 18:00:00+00:00,2905.581,2907.217,2903.279,2905.844,8714,159,0
2025-02-11 19:00:00+00:00,2905.819,2906.47,2899.577,2900.082,9873,159,0
2025-02-11 20:00:00+00:00,2900.085,2900.521,2894.038,2897.621,10003,159,0
2025-02-11 21:00:00+00:00,2897.579,2899.78,2897.38,2897.84,2915,159,0
2025-02-11 23:00:00+00:00,2897.136,2900.906,2897.001,2898.536,3814,159,0
2025-02-12 00:00:00+00:00,2898.562,2898.895,2889.263,2892.178,5867,159,0
2025-02-12 01:00:00+00:00,2892.23,2897.731,2883.76,2893.319,16911,159,0
2025-02-12 02:00:00+00:00,2893.33,2897.795,2891.82,2892.444,12047,159,0
2025-02-12 03:00:00+00:00,2892.402,2893.139,2886.683,2889.001,11838,159,0
2025-02-12 04:00:00+00:00,2888.998,2890.551,2883.994,2885.29,8819,159,0
2025-02-12 05:00:00+00:00,2885.329,2888.018,2883.668,2886.258,8270,159,0
2025-02-12 06:00:00+00:00,2886.207,2894.921,2885.548,2892.573,11879,159,0
2025-02-12 07:00:00+00:00,2892.587,2895.862,2890.762,2892.773,9298,159,0
2025-02-12 08:00:00+00:00,2892.813,2894.083,2888.04,2891.661,10210,159,0
2025-02-12 09:00:00+00:00,2891.63,2893.473,2886.392,2886.791,9420,159,0
2025-02-12 10:00:00+00:00,2886.784,2889.914,2879.317,2882.681,9472,159,0
2025-02-12 11:00:00+00:00,2882.632,2886.015,2879.436,2879.802,8598,159,0
2025-02-12 12:00:00+00:00,2879.811,2885.902,2878.925,2884.959,9851,159,0
2025-02-12 13:00:00+00:00,2885.02,2885.632,2864.102,2884.725,34800,159,0
2025-02-12 14:00:00+00:00,2884.758,2898.014,2881.885,2894.458,29137,159,0
2025-02-12 15:00:00+00:00,2894.52,2895.954,2886.824,2894.553,16661,159,0
2025-02-12 16:00:00+00:00,2894.513,2904.431,2892.029,2902.511,14254,159,0
2025-02-12 17:00:00+00:00,2902.477,2909.267,2901.839,2902.913,12130,159,0
2025-02-12 18:00:00+00:00,2902.919,2903.851,2900.462,2901.106,8239,159,0
2025-02-12 19:00:00+00:00,2901.151,2901.802,2893.482,2897.905,7948,159,0
2025-02-12 20:00:00+00:00,2897.936,2901.467,2895.54,2900.892,5802,159,0
2025-02-12 21:00:00+00:00,2900.86,2904.392,2900.117,2904.132,4389,159,0
2025-02-12 23:00:00+00:00,2905.415,2906.403,2900.485,2905.781,4039,159,0
2025-02-13 00:00:00+00:00,2905.756,2909.108,2904.579,2906.395,5532,159,0
2025-02-13 01:00:00+00:00,2906.363,2907.462,2901.452,2906.027,10416,159,0
2025-02-13 02:00:00+00:00,2905.996,2909.04,2905.204,2908.76,7907,159,0
2025-02-13 03:00:00+00:00,2908.808,2918.097,2907.285,2916.475,10097,159,0
2025-02-13 04:00:00+00:00,2916.509,2919.175,2916.149,2918.438,5634,159,0
2025-02-13 05:00:00+00:00,2918.473,2922.801,2916.58,2917.948,6780,159,0
2025-02-13 06:00:00+00:00,2917.979,2918.902,2912.459,2915.951,11313,159,0
2025-02-13 07:00:00+00:00,2915.928,2920.674,2913.07,2914.569,11428,159,0
2025-02-13 08:00:00+00:00,2914.607,2918.144,2909.416,2911.645,13733,159,0
2025-02-13 09:00:00+00:00,2911.682,2918.325,2909.744,2915.401,9550,159,0
2025-02-13 10:00:00+00:00,2915.277,2919.475,2913.953,2918.013,7444,159,0
2025-02-13 11:00:00+00:00,2917.989,2918.354,2915.393,2917.873,8807,159,0
2025-02-13 12:00:00+00:00,2917.909,2921.398,2915.668,2917.753,9833,159,0
2025-02-13 13:00:00+00:00,2917.718,2917.992,2905.762,2908.623,22932,159,0
2025-02-13 14:00:00+00:00,2908.584,2917.332,2906.454,2915.152,20645,159,0
2025-02-13 15:00:00+00:00,2915.142,2920.973,2914.425,2920.235,14169,159,0
2025-02-13 16:00:00+00:00,2920.22,2920.824,2912.887,2913.764,9729,159,0
2025-02-13 17:00:00+00:00,2913.688,2919.231,2913.429,2918.996,8498,159,0
2025-02-13 18:00:00+00:00,2918.957,2925.362,2914.224,2924.097,11112,159,0
2025-02-13 19:00:00+00:00,2924.046,2927.402,2923.787,2926.812,7263,159,0
2025-02-13 20:00:00+00:00,2926.825,2929.058,2924.855,2928.418,7508,159,0
2025-02-13 21:00:00+00:00,2928.456,2929.552,2928.191,2928.708,2902,160,0
2025-02-13 23:00:00+00:00,2928.32,2932.484,2927.234,2931.217,5009,160,0
2025-02-14 00:00:00+00:00,2931.192,2931.601,2927.45,2927.847,4727,159,0
2025-02-14 01:00:00+00:00,2927.886,2933.879,2927.886,2929.879,11272,159,0
2025-02-14 02:00:00+00:00,2929.914,2930.494,2925.961,2927.32,9773,159,0
2025-02-14 03:00:00+00:00,2927.276,2930.367,2923.164,2924.33,7779,159,0
2025-02-14 04:00:00+00:00,2924.336,2929.251,2923.77,2928.602,6673,159,0
2025-02-14 05:00:00+00:00,2928.653,2932.418,2926.654,2931.021,9537,159,0
2025-02-14 06:00:00+00:00,2930.982,2936.84,2929.844,2934.315,10256,159,0
2025-02-14 07:00:00+00:00,2934.272,2935.145,2930.475,2931.853,9953,159,0
2025-02-14 08:00:00+00:00,2931.81,2938.549,2930.812,2935.107,10928,159,0
2025-02-14 09:00:00+00:00,2935.14,2938.793,2934.068,2935.118,9665,159,0
2025-02-14 10:00:00+00:00,2935.154,2940.0,2934.192,2935.866,9976,159,0
2025-02-14 11:00:00+00:00,2935.874,2937.598,2929.246,2931.181,8362,159,0
2025-02-14 12:00:00+00:00,2931.136,2933.052,2927.696,2930.818,10668,159,0
2025-02-14 13:00:00+00:00,2930.863,2933.388,2917.524,2920.62,27382,159,0
2025-02-14 14:00:00+00:00,2920.566,2928.561,2914.082,2921.059,31386,159,0
2025-02-14 15:00:00+00:00,2921.02,2921.775,2892.87,2901.939,36131,159,0
2025-02-14 16:00:00+00:00,2901.827,2903.915,2888.466,2895.844,25004,159,0
2025-02-14 17:00:00+00:00,2895.88,2897.448,2885.328,2886.953,16182,159,0
2025-02-14 18:00:00+00:00,2887.001,2887.925,2882.127,2883.695,12097,159,0
2025-02-14 19:00:00+00:00,2883.737,2885.93,2878.691,2880.499,8408,159,0
2025-02-14 20:00:00+00:00,2880.468,2886.209,2876.991,2885.31,10495,159,0
2025-02-14 21:00:00+00:00,2885.404,2885.817,2882.353,2882.772,3943,159,0
2025-02-16 23:00:00+00:00,2893.643,2894.027,2878.43,2879.221,16153,159,0
2025-02-17 00:00:00+00:00,2879.254,2888.168,2879.254,2883.584,7491,159,0
2025-02-17 01:00:00+00:00,2883.585,2896.619,2882.336,2895.474,13788,159,0
2025-02-17 02:00:00+00:00,2895.495,2899.85,2893.955,2899.261,9686,159,0
2025-02-17 03:00:00+00:00,2899.297,2904.607,2897.835,2903.603,7154,159,0
2025-02-17 04:00:00+00:00,2903.553,2904.958,2898.494,2899.403,6209,159,0
2025-02-17 05:00:00+00:00,2899.42,2905.407,2895.887,2896.3,7118,159,0
2025-02-17 06:00:00+00:00,2896.282,2897.826,2888.211,2896.549,10743,159,0
2025-02-17 07:00:00+00:00,2896.567,2903.642,2896.391,2902.479,10857,159,0
2025-02-17 08:00:00+00:00,2902.499,2902.723,2895.044,2900.232,10525,159,0
2025-02-17 09:00:00+00:00,2900.268,2906.428,2900.255,2902.598,11161,159,0
2025-02-17 10:00:00+00:00,2902.597,2902.985,2895.489,2902.812,9309,159,0
2025-02-17 11:00:00+00:00,2902.845,2903.964,2897.861,2900.992,8929,159,0
2025-02-17 12:00:00+00:00,2900.979,2901.726,2895.413,2897.676,8112,159,0
2025-02-17 13:00:00+00:00,2897.574,2899.21,2895.528,2896.782,13188,159,0
2025-02-17 14:00:00+00:00,2896.785,2903.897,2896.435,2902.952,12751,159,0
2025-02-17 15:00:00+00:00,2902.993,2904.199,2897.925,2899.19,10322,159,0
2025-02-17 16:00:00+00:00,2899.27,2901.275,2896.488,2899.162,8040,159,0
2025-02-17 17:00:00+00:00,2899.197,2899.755,2897.824,2898.405,5404,159,0
2025-02-17 18:00:00+00:00,2898.403,2899.14,2897.077,2898.248,3964,160,0
2025-02-17 19:00:00+00:00,2898.239,2898.438,2897.381,2897.392,856,160,0
2025-02-17 23:00:00+00:00,2899.102,2899.482,2897.106,2899.373,2075,159,0
2025-02-18 00:00:00+00:00,2899.325,2900.395,2898.285,2899.314,2849,159,0
2025-02-18 01:00:00+00:00,2899.329,2899.956,2892.013,2895.67,6758,159,0
2025-02-18 02:00:00+00:00,2895.706,2905.152,2895.315,2903.051,8337,159,0
2025-02-18 03:00:00+00:00,2903.024,2910.89,2902.727,2909.001,8547,159,0
2025-02-18 04:00:00+00:00,2908.996,2911.022,2907.173,2910.767,4262,159,0
2025-02-18 05:00:00+00:00,2910.877,2915.629,2909.785,2910.832,9142,159,0
2025-02-18 06:00:00+00:00,2910.775,2914.402,2910.041,2913.683,6582,159,0
2025-02-18 07:00:00+00:00,2913.722,2915.344,2908.514,2911.501,6164,159,0
2025-02-18 08:00:00+00:00,2911.54,2913.249,2908.211,2912.453,7512,159,0
2025-02-18 09:00:00+00:00,2912.414,2913.397,2910.003,2912.591,6303,159,0
2025-02-18 10:00:00+00:00,2912.594,2913.434,2906.997,2911.182,6199,159,0
2025-02-18 11:00:00+00:00,2911.227,2914.922,2909.689,2914.174,6200,159,0
2025-02-18 12:00:00+00:00,2914.224,2918.882,2912.054,2918.125,8275,159,0
2025-02-18 13:00:00+00:00,2918.166,2921.39,2913.257,2918.875,12607,159,0
2025-02-18 14:00:00+00:00,2918.874,2928.71,2917.748,2927.9,13050,159,0
2025-02-18 15:00:00+00:00,2927.95,2929.609,2923.552,2927.02,13644,159,0
2025-02-18 16:00:00+00:00,2926.986,2933.763,2924.186,2932.803,11489,159,0
2025-02-18 17:00:00+00:00,2932.769,2933.657,2929.64,2931.193,7883,159,0
2025-02-18 18:00:00+00:00,2931.232,2933.732,2928.294,2933.251,7416,159,0
2025-02-18 19:00:00+00:00,2933.245,2936.994,2931.933,2935.821,6336,159,0
2025-02-18 20:00:00+00:00,2935.832,2936.788,2932.393,2933.386,5552,159,0
2025-02-18 21:00:00+00:00,2933.417,2936.48,2933.202,2935.356,3123,159,0
2025-02-18 23:00:00+00:00,2935.27,2935.663,2933.124,2934.061,2375,160,0
2025-02-19 00:00:00+00:00,2934.059,2934.358,2928.581,2929.261,3577,159,0
2025-02-19 01:00:00+00:00,2929.237,2939.65,2927.879,2938.392,7583,159,0
2025-02-19 02:00:00+00:00,2938.487,2939.653,2924.058,2929.227,10271,159,0
2025-02-19 03:00:00+00:00,2929.254,2930.47,2924.907,2928.825,7396,159,0
2025-02-19 04:00:00+00:00,2928.828,2929.567,2926.487,2929.263,4808,159,0
2025-02-19 05:00:00+00:00,2929.26,2934.433,2928.003,2932.801,6146,159,0
2025-02-19 06:00:00+00:00,2932.775,2935.872,2930.748,2931.728,6106,160,0
2025-02-19 07:00:00+00:00,2931.683,2935.87,2930.44,2934.25,7926,159,0
2025-02-19 08:00:00+00:00,2934.21,2940.04,2933.718,2938.602,9550,159,0
2025-02-19 09:00:00+00:00,2938.554,2946.666,2938.121,2945.517,9031,159,0
2025-02-19 10:00:00+00:00,2945.534,2947.049,2942.614,2944.795,6574,159,0
2025-02-19 11:00:00+00:00,2944.728,2946.053,2934.023,2935.087,7599,159,0
2025-02-19 12:00:00+00:00,2935.059,2936.743,2931.202,2933.54,9730,159,0
2025-02-19 13:00:00+00:00,2933.507,2941.657,2932.464,2936.258,13991,159,0
2025-02-19 14:00:00+00:00,2936.225,2940.571,2930.193,2938.095,19575,159,0
2025-02-19 15:00:00+00:00,2938.07,2939.168,2925.426,2925.793,13974,159,0
2025-02-19 16:00:00+00:00,2925.767,2930.88,2922.986,2928.06,14845,159,0
2025-02-19 17:00:00+00:00,2928.085,2929.831,2921.459,2923.841,9433,159,0
2025-02-19 18:00:00+00:00,2923.801,2926.607,2918.524,2925.012,11081,159,0
2025-02-19 19:00:00+00:00,2924.932,2932.365,2923.467,2931.754,8174,159,0
2025-02-19 20:00:00+00:00,2931.715,2936.612,2931.305,2935.874,7548,159,0
2025-02-19 21:00:00+00:00,2935.836,2937.461,2932.373,2932.97,3137,159,0
2025-02-19 23:00:00+00:00,2933.724,2936.242,2933.526,2935.384,2709,159,0
2025-02-20 00:00:00+00:00,2935.386,2941.269,2935.386,2940.821,4956,159,0
2025-02-20 01:00:00+00:00,2940.879,2942.449,2934.619,2937.114,10632,159,0
2025-02-20 02:00:00+00:00,2937.074,2941.574,2933.858,2941.005,8389,159,0
2025-02-20 03:00:00+00:00,2940.999,2944.057,2940.592,2941.913,5430,159,0
2025-02-20 04:00:00+00:00,2941.933,2942.644,2939.267,2939.893,4499,159,0
2025-02-20 05:00:00+00:00,2939.876,2946.877,2939.354,2946.772,5304,159,0
2025-02-20 06:00:00+00:00,2946.76,2949.001,2943.924,2947.701,6762,159,0
2025-02-20 07:00:00+00:00,2947.737,2954.216,2946.435,2948.871,6776,159,0
2025-02-20 08:00:00+00:00,2948.966,2954.812,2948.962,2954.523,6326,159,0
2025-02-20 09:00:00+00:00,2954.522,2954.975,2949.948,2951.502,6582,159,0
2025-02-20 10:00:00+00:00,2951.477,2954.857,2949.058,2952.293,8638,159,0
2025-02-20 11:00:00+00:00,2952.326,2952.903,2947.148,2948.768,6379,159,0
2025-02-20 12:00:00+00:00,2948.743,2950.82,2938.746,2945.369,12108,159,0
2025-02-20 13:00:00+00:00,2945.408,2947.665,2933.786,2934.032,18209,159,0
2025-02-20 14:00:00+00:00,2933.991,2939.959,2924.08,2935.064,22545,159,0
2025-02-20 15:00:00+00:00,2935.117,2939.579,2931.593,2938.545,14924,159,0
2025-02-20 16:00:00+00:00,2938.503,2945.602,2935.981,2943.082,10798,159,0
2025-02-20 17:00:00+00:00,2943.008,2946.996,2939.971,2940.565,9312,159,0
2025-02-20 18:00:00+00:00,2940.519,2942.482,2937.407,2941.764,9102,159,0
2025-02-20 19:00:00+00:00,2941.797,2941.905,2933.524,2937.894,7208,159,0
2025-02-20 20:00:00+00:00,2938.034,2938.755,2935.512,2937.804,6860,159,0
2025-02-20 21:00:00+00:00,2937.777,2940.308,2937.47,2938.627,3936,160,0
2025-02-20 23:00:00+00:00,2939.784,2943.433,2938.496,2941.53,3215,159,0
2025-02-21 00:00:00+00:00,2941.57,2942.711,2937.287,2940.001,4321,159,0
2025-02-21 01:00:00+00:00,2940.008,2949.786,2926.797,2928.821,15158,159,0
2025-02-21 02:00:00+00:00,2928.787,2941.089,2926.286,2939.123,12741,159,0
2025-02-21 03:00:00+00:00,2939.148,2939.837,2927.175,2931.262,12285,159,0
2025-02-21 04:00:00+00:00,2931.262,2932.31,2926.608,2928.495,5977,159,0
2025-02-21 05:00:00+00:00,2928.459,2934.039,2924.187,2930.206,10365,159,0
2025-02-21 06:00:00+00:00,2930.212,2931.484,2925.618,2929.735,8974,159,0
2025-02-21 07:00:00+00:00,2929.723,2933.051,2929.122,2930.07,5961,159,0
2025-02-21 08:00:00+00:00,2930.032,2931.277,2916.682,2923.226,11979,159,0
2025-02-21 09:00:00+00:00,2923.197,2929.68,2923.036,2929.336,7379,159,0
2025-02-21 10:00:00+00:00,2929.328,2931.049,2928.848,2930.527,5061,160,0
2025-02-21 11:00:00+00:00,2930.549,2936.114,2928.009,2928.376,6558,159,0
2025-02-21 12:00:00+00:00,2928.411,2935.27,2927.523,2930.146,7588,159,0
2025-02-21 13:00:00+00:00,2930.104,2934.575,2926.914,2930.946,11895,159,0
2025-02-21 14:00:00+00:00,2930.92,2939.091,2928.214,2933.876,16645,159,0
2025-02-21 15:00:00+00:00,2933.737,2935.72,2921.547,2928.696,17564,159,0
2025-02-21 16:00:00+00:00,2928.67,2938.521,2927.322,2936.726,9965,159,0
2025-02-21 17:00:00+00:00,2936.718,2941.65,2936.16,2939.73,7442,159,0
2025-02-21 18:00:00+00:00,2939.691,2942.804,2937.776,2941.843,8607,159,0
2025-02-21 19:00:00+00:00,2941.86,2942.597,2932.923,2933.398,7440,159,0
2025-02-21 20:00:00+00:00,2933.374,2937.17,2932.408,2934.732,7723,159,0
2025-02-21 21:00:00+00:00,2934.707,2938.227,2932.099,2936.453,4043,159,0
2025-02-23 23:00:00+00:00,2939.411,2940.546,2936.498,2936.867,6037,159,0
2025-02-24 00:00:00+00:00,2936.863,2938.049,2929.6,2930.18,6461,159,0
2025-02-24 01:00:00+00:00,2930.22,2931.449,2921.332,2928.047,18572,159,0
2025-02-24 02:00:00+00:00,2928.004,2940.987,2925.073,2940.877,11276,159,0
2025-02-24 03:00:00+00:00,2940.829,2944.839,2939.768,2941.076,14877,159,0
2025-02-24 04:00:00+00:00,2941.133,2943.037,2937.781,2940.657,8214,159,0
2025-02-24 05:00:00+00:00,2940.744,2942.09,2935.591,2936.358,8149,159,0
2025-02-24 06:00:00+00:00,2936.32,2942.008,2935.22,2938.673,7093,159,0
2025-02-24 07:00:00+00:00,2938.648,2945.01,2938.244,2943.809,6239,159,0
2025-02-24 08:00:00+00:00,2943.85,2948.737,2938.188,2946.398,8512,159,0
2025-02-24 09:00:00+00:00,2946.348,2948.259,2942.846,2944.275,7133,159,0
2025-02-24 10:00:00+00:00,2944.311,2944.714,2934.893,2938.292,6210,159,0
2025-02-24 11:00:00+00:00,2938.39,2948.19,2937.676,2947.754,7405,159,0
2025-02-24 12:00:00+00:00,2947.709,2951.141,2945.447,2946.474,7065,159,0
2025-02-24 13:00:00+00:00,2946.424,2954.589,2946.262,2954.396,11171,159,0
2025-02-24 14:00:00+00:00,2954.395,2956.181,2934.621,2938.764,19594,159,0
2025-02-24 15:00:00+00:00,2938.692,2940.489,2930.649,2936.524,18109,159,0
2025-02-24 16:00:00+00:00,2936.5,2943.666,2936.45,2943.383,10906,159,0
2025-02-24 17:00:00+00:00,2943.451,2944.82,2940.99,2943.343,8026,159,0
2025-02-24 18:00:00+00:00,2943.368,2947.989,2942.795,2947.358,6073,159,0
2025-02-24 19:00:00+00:00,2947.394,2949.91,2946.861,2949.154,5331,159,0
2025-02-24 20:00:00+00:00,2949.214,2951.573,2947.038,2950.601,5476,159,0
2025-02-24 21:00:00+00:00,2950.641,2953.187,2950.291,2952.679,3045,160,0
2025-02-24 23:00:00+00:00,2953.028,2953.943,2948.284,2949.996,5187,159,0
2025-02-25 00:00:00+00:00,2949.957,2952.552,2948.269,2949.689,3978,160,0
2025-02-25 01:00:00+00:00,2949.723,2952.496,2945.214,2949.563,9615,159,0
2025-02-25 02:00:00+00:00,2949.526,2952.347,2947.05,2948.606,7363,159,0
2025-02-25 03:00:00+00:00,2948.561,2949.519,2937.535,2939.513,8912,159,0
2025-02-25 04:00:00+00:00,2939.492,2939.88,2935.026,2936.877,6412,159,0
2025-02-25 05:00:00+00:00,2936.841,2940.964,2936.566,2937.976,6388,159,0
2025-02-25 06:00:00+00:00,2937.913,2938.475,2933.489,2935.866,6218,159,0
2025-02-25 07:00:00+00:00,2935.926,2940.377,2930.471,2931.736,9616,159,0
2025-02-25 08:00:00+00:00,2931.762,2942.456,2929.553,2941.554,9499,159,0
2025-02-25 09:00:00+00:00,2941.62,2942.436,2937.456,2938.902,6500,159,0
2025-02-25 10:00:00+00:00,2939.004,2941.519,2937.411,2937.565,6541,159,0
2025-02-25 11:00:00+00:00,2937.604,2940.581,2937.123,2938.626,5962,159,0
2025-02-25 12:00:00+00:00,2938.664,2941.301,2924.044,2928.574,15214,159,0
2025-02-25 13:00:00+00:00,2928.616,2937.952,2926.166,2937.418,18046,159,0
2025-02-25 14:00:00+00:00,2937.383,2944.949,2932.089,2932.953,15764,159,0
2025-02-25 15:00:00+00:00,2932.851,2934.915,2900.498,2905.866,36001,159,0
2025-02-25 16:00:00+00:00,2905.892,2906.905,2888.229,2896.428,26521,159,0
2025-02-25 17:00:00+00:00,2896.329,2908.813,2893.588,2907.604,12869,159,0
2025-02-25 18:00:00+00:00,2907.63,2912.225,2905.353,2909.543,10191,159,0
2025-02-25 19:00:00+00:00,2909.5,2913.899,2905.717,2912.051,6690,159,0
2025-02-25 20:00:00+00:00,2912.074,2913.367,2910.817,2912.727,6531,159,0
2025-02-25 21:00:00+00:00,2912.767,2917.345,2912.615,2915.044,5056,159,0
2025-02-25 23:00:00+00:00,2914.903,2919.051,2913.569,2918.604,4996,159,0
2025-02-26 00:00:00+00:00,2918.626,2926.094,2918.626,2923.557,7064,159,0
2025-02-26 01:00:00+00:00,2923.453,2930.141,2915.244,2917.753,10950,159,0
2025-02-26 02:00:00+00:00,2917.761,2923.133,2914.783,2921.11,8369,159,0
2025-02-26 03:00:00+00:00,2921.15,2921.724,2916.434,2917.295,4721,159,0
2025-02-26 04:00:00+00:00,2917.264,2918.927,2912.665,2915.076,5378,159,0
2025-02-26 05:00:00+00:00,2915.06,2921.014,2914.795,2915.413,5839,159,0
2025-02-26 06:00:00+00:00,2915.406,2916.211,2906.62,2906.654,6771,159,0
2025-02-26 07:00:00+00:00,2906.618,2917.438,2905.857,2915.529,9119,159,0
2025-02-26 08:00:00+00:00,2915.504,2918.426,2909.518,2917.955,9273,159,0
2025-02-26 09:00:00+00:00,2917.987,2918.966,2912.195,2913.226,6810,159,0
2025-02-26 10:00:00+00:00,2913.191,2916.91,2910.971,2912.741,6348,159,0
2025-02-26 11:00:00+00:00,2912.69,2915.418,2912.018,2913.815,4902,159,0
2025-02-26 12:00:00+00:00,2913.844,2915.471,2910.076,2913.915,6225,159,0
2025-02-26 13:00:00+00:00,2913.913,2915.036,2905.491,2905.994,11594,159,0
2025-02-26 14:00:00+00:00,2905.97,2906.244,2890.669,2901.525,27445,159,0
2025-02-26 15:00:00+00:00,2901.574,2914.345,2898.469,2913.199,15912,159,0
2025-02-26 16:00:00+00:00,2913.239,2916.689,2909.914,2913.11,11325,159,0
2025-02-26 17:00:00+00:00,2913.086,2916.314,2910.335,2913.782,10129,159,0
2025-02-26 18:00:00+00:00,2913.683,2916.197,2912.36,2914.857,6950,159,0
2025-02-26 19:00:00+00:00,2914.879,2916.326,2913.329,2913.934,5004,159,0
2025-02-26 20:00:00+00:00,2913.921,2916.758,2911.996,2916.306,5551,159,0
2025-02-26 21:00:00+00:00,2916.268,2918.79,2915.897,2916.266,3811,159,0
2025-02-26 23:00:00+00:00,2916.968,2920.788,2915.668,2919.118,3149,160,0
2025-02-27 00:00:00+00:00,2919.176,2919.176,2915.906,2917.097,3351,159,0
2025-02-27 01:00:00+00:00,2917.147,2918.338,2911.021,2912.653,9761,159,0
2025-02-27 02:00:00+00:00,2912.574,2914.815,2904.352,2906.747,9196,159,0
2025-02-27 03:00:00+00:00,2906.807,2909.12,2905.238,2905.729,7045,160,0
2025-02-27 04:00:00+00:00,2905.768,2906.555,2896.238,2897.391,7324,159,0
2025-02-27 05:00:00+00:00,2897.436,2898.526,2888.571,2890.966,13866,159,0
2025-02-27 06:00:00+00:00,2890.975,2898.424,2890.53,2894.152,10841,159,0
2025-02-27 07:00:00+00:00,2894.115,2896.735,2887.924,2891.988,11064,159,0
2025-02-27 08:00:00+00:00,2891.944,2892.167,2880.69,2881.447,14289,159,0
2025-02-27 09:00:00+00:00,2881.397,2893.521,2876.987,2887.387,12747,159,0
2025-02-27 10:00:00+00:00,2887.416,2894.942,2886.514,2892.22,7362,159,0
2025-02-27 11:00:00+00:00,2892.221,2894.842,2883.414,2883.942,9139,159,0
2025-02-27 12:00:00+00:00,2884.054,2888.722,2883.12,2885.1,9474,159,0
2025-02-27 13:00:00+00:00,2885.06,2892.143,2881.045,2888.909,23598,159,0
2025-02-27 14:00:00+00:00,2888.88,2892.452,2867.74,2872.25,29535,159,0
2025-02-27 15:00:00+00:00,2872.198,2882.492,2870.374,2872.392,24400,159,0
2025-02-27 16:00:00+00:00,2872.363,2878.2,2871.766,2877.591,12682,159,0
2025-02-27 17:00:00+00:00,2877.559,2883.762,2876.101,2883.175,9904,159,0
2025-02-27 18:00:00+00:00,2883.175,2887.429,2882.847,2887.376,8696,159,0
2025-02-27 19:00:00+00:00,2887.427,2887.704,2877.244,2879.21,10067,159,0
2025-02-27 20:00:00+00:00,2879.248,2879.342,2872.757,2873.926,12766,159,0
2025-02-27 21:00:00+00:00,2873.888,2877.979,2871.339,2877.091,4448,159,0
2025-02-27 23:00:00+00:00,2877.652,2878.424,2874.723,2876.063,4458,160,0
2025-02-28 00:00:00+00:00,2876.069,2880.288,2874.92,2877.013,4432,159,0
2025-02-28 01:00:00+00:00,2877.035,2885.034,2873.834,2874.837,11738,159,0
2025-02-28 02:00:00+00:00,2874.771,2877.914,2870.339,2873.366,11897,159,0
2025-02-28 03:00:00+00:00,2873.328,2876.264,2863.667,2865.751,10084,159,0
2025-02-28 04:00:00+00:00,2865.731,2866.082,2856.942,2863.517,12489,159,0
2025-02-28 05:00:00+00:00,2863.42,2867.005,2861.773,2864.167,9598,159,0
2025-02-28 06:00:00+00:00,2864.191,2866.678,2861.906,2863.544,9081,159,0
2025-02-28 07:00:00+00:00,2863.566,2865.224,2857.337,2858.678,9212,159,0
2025-02-28 08:00:00+00:00,2858.639,2860.341,2851.064,2855.966,10411,159,0
2025-02-28 09:00:00+00:00,2855.901,2864.241,2855.724,2862.373,8770,159,0
2025-02-28 10:00:00+00:00,2862.337,2864.852,2860.674,2862.744,6587,159,0
2025-02-28 11:00:00+00:00,2862.81,2863.66,2859.058,2862.174,6146,159,0
2025-02-28 12:00:00+00:00,2862.216,2864.99,2854.294,2856.234,9209,159,0
2025-02-28 13:00:00+00:00,2856.273,2862.265,2848.299,2848.594,17982,159,0
2025-02-28 14:00:00+00:00,2848.655,2851.704,2833.427,2833.864,23260,159,0
2025-02-28 15:00:00+00:00,2833.836,2850.674,2832.578,2850.167,24392,159,0
2025-02-28 16:00:00+00:00,2850.197,2853.899,2846.27,2848.583,15717,159,0
2025-02-28 17:00:00+00:00,2848.547,2851.577,2844.502,2845.077,10292,159,0
2025-02-28 18:00:00+00:00,2845.041,2847.758,2838.063,2845.292,12631,159,0
2025-02-28 19:00:00+00:00,2845.328,2850.925,2844.114,2849.606,7623,159,0
2025-02-28 20:00:00+00:00,2849.58,2855.155,2847.79,2854.779,8330,159,0
2025-02-28 21:00:00+00:00,2854.736,2859.697,2853.403,2858.242,4787,160,0
2025-03-02 23:00:00+00:00,2873.556,2876.994,2863.995,2870.799,14068,159,0
2025-03-03 00:00:00+00:00,2870.866,2871.354,2865.152,2865.724,8677,159,0
2025-03-03 01:00:00+00:00,2865.81,2872.055,2864.086,2870.802,12220,159,0
2025-03-03 02:00:00+00:00,2870.8,2872.004,2867.801,2868.266,6522,159,0
2025-03-03 03:00:00+00:00,2868.222,2868.222,2859.294,2864.775,8803,159,0
2025-03-03 04:00:00+00:00,2864.85,2868.481,2863.071,2867.34,4859,159,0
2025-03-03 05:00:00+00:00,2867.297,2867.433,2861.224,2863.818,5995,159,0
2025-03-03 06:00:00+00:00,2863.796,2866.091,2861.802,2865.634,7188,159,0
2025-03-03 07:00:00+00:00,2865.659,2866.357,2860.093,2863.208,6762,159,0
2025-03-03 08:00:00+00:00,2863.274,2868.802,2858.83,2868.564,9187,159,0
2025-03-03 09:00:00+00:00,2868.586,2871.583,2864.324,2867.465,9078,159,0
2025-03-03 10:00:00+00:00,2867.492,2873.631,2867.187,2871.919,6449,159,0
2025-03-03 11:00:00+00:00,2871.961,2875.413,2871.263,2874.411,6120,159,0
2025-03-03 12:00:00+00:00,2874.361,2877.716,2873.919,2875.653,7406,159,0
2025-03-03 13:00:00+00:00,2875.614,2876.309,2868.878,2872.669,13326,159,0
2025-03-03 14:00:00+00:00,2872.619,2883.058,2871.227,2877.104,15243,159,0
2025-03-03 15:00:00+00:00,2877.13,2890.536,2873.905,2887.771,19028,159,0
2025-03-03 16:00:00+00:00,2887.862,2893.108,2886.037,2891.439,9617,159,0
2025-03-03 17:00:00+00:00,2891.478,2892.915,2887.344,2890.826,8117,159,0
2025-03-03 18:00:00+00:00,2890.858,2892.461,2886.628,2889.919,9855,159,0
2025-03-03 19:00:00+00:00,2889.976,2891.321,2879.697,2881.612,9893,159,0
2025-03-03 20:00:00+00:00,2881.655,2891.455,2878.303,2890.434,12319,159,0
2025-03-03 21:00:00+00:00,2890.474,2895.267,2890.211,2893.762,4751,159,0
2025-03-03 23:00:00+00:00,2892.205,2893.409,2890.505,2890.886,4233,159,0
2025-03-04 00:00:00+00:00,2890.863,2893.734,2890.149,2891.88,4848,159,0
2025-03-04 01:00:00+00:00,2891.841,2893.055,2881.95,2888.363,10991,159,0
2025-03-04 02:00:00+00:00,2888.319,2889.413,2884.722,2885.522,7641,159,0
2025-03-04 03:00:00+00:00,2885.465,2892.997,2884.938,2888.629,6986,159,0
2025-03-04 04:00:00+00:00,2888.57,2892.736,2886.733,2891.338,5432,159,0
2025-03-04 05:00:00+00:00,2891.259,2894.435,2888.482,2889.713,7456,159,0
2025-03-04 06:00:00+00:00,2889.695,2889.99,2884.391,2887.36,6782,159,0
2025-03-04 07:00:00+00:00,2887.402,2901.552,2887.01,2899.923,9429,159,0
2025-03-04 08:00:00+00:00,2899.908,2918.716,2896.707,2913.959,14418,159,0
2025-03-04 09:00:00+00:00,2914.0,2921.317,2912.495,2918.149,9017,159,0
2025-03-04 10:00:00+00:00,2918.114,2918.185,2912.138,2914.628,8121,159,0
2025-03-04 11:00:00+00:00,2914.612,2921.773,2913.069,2919.942,7252,159,0
2025-03-04 12:00:00+00:00,2920.02,2925.576,2918.625,2924.768,8567,159,0
2025-03-04 13:00:00+00:00,2924.797,2927.891,2919.818,2922.545,16524,159,0
2025-03-04 14:00:00+00:00,2922.586,2923.056,2903.31,2903.542,22231,159,0
2025-03-04 15:00:00+00:00,2903.567,2912.365,2900.31,2906.102,23468,159,0
2025-03-04 16:00:00+00:00,2906.087,2915.982,2903.724,2915.076,13772,159,0
2025-03-04 17:00:00+00:00,2915.185,2916.371,2911.11,2911.647,9186,159,0
2025-03-04 18:00:00+00:00,2911.567,2915.179,2908.239,2911.197,7425,159,0
2025-03-04 19:00:00+00:00,2911.213,2916.501,2911.106,2916.09,6847,159,0
2025-03-04 20:00:00+00:00,2916.052,2920.529,2914.326,2917.196,8032,159,0
2025-03-04 21:00:00+00:00,2917.223,2918.456,2913.269,2917.512,5257,160,0
2025-03-04 23:00:00+00:00,2918.216,2918.297,2914.267,2914.363,3337,159,0
2025-03-05 00:00:00+00:00,2914.355,2917.168,2912.193,2914.133,4782,159,0
2025-03-05 01:00:00+00:00,2914.125,2915.085,2903.445,2907.235,15259,159,0
2025-03-05 02:00:00+00:00,2907.235,2914.535,2902.094,2904.266,12593,159,0
2025-03-05 03:00:00+00:00,2904.241,2913.509,2903.334,2908.743,10252,159,0
2025-03-05 04:00:00+00:00,2908.704,2912.676,2908.576,2910.477,5793,159,0
2025-03-05 05:00:00+00:00,2910.481,2918.711,2909.975,2918.646,7125,159,0
2025-03-05 06:00:00+00:00,2918.603,2921.646,2913.552,2917.034,8480,159,0
2025-03-05 07:00:00+00:00,2917.023,2919.868,2913.021,2917.989,9494,159,0
2025-03-05 08:00:00+00:00,2917.947,2921.934,2916.653,2919.91,10684,159,0
2025-03-05 09:00:00+00:00,2919.941,2922.528,2913.245,2918.92,10532,159,0
2025-03-05 10:00:00+00:00,2918.878,2919.183,2909.01,2913.286,8759,159,0
2025-03-05 11:00:00+00:00,2913.28,2917.231,2911.97,2913.225,8046,159,0
2025-03-05 12:00:00+00:00,2913.278,2919.239,2912.245,2916.096,9394,159,0
2025-03-05 13:00:00+00:00,2916.152,2916.512,2894.255,2899.878,22781,159,0
2025-03-05 14:00:00+00:00,2899.919,2917.143,2897.601,2912.251,26211,159,0
2025-03-05 15:00:00+00:00,2912.226,2923.808,2908.106,2917.167,29035,159,0
2025-03-05 16:00:00+00:00,2917.109,2930.042,2915.175,2923.838,17504,159,0
2025-03-05 17:00:00+00:00,2923.877,2925.359,2913.659,2915.897,13529,159,0
2025-03-05 18:00:00+00:00,2915.949,2920.671,2911.189,2917.448,12603,159,0
2025-03-05 19:00:00+00:00,2917.48,2921.356,2916.233,2920.551,7900,159,0
2025-03-05 20:00:00+00:00,2920.512,2923.119,2919.511,2922.07,8176,159,0
2025-03-05 21:00:00+00:00,2922.153,2922.361,2917.732,2918.953,3078,159,0
2025-03-05 23:00:00+00:00,2918.008,2918.982,2916.711,2918.236,2938,159,0
2025-03-06 00:00:00+00:00,2918.237,2920.314,2916.568,2916.795,4032,159,0
2025-03-06 01:00:00+00:00,2916.785,2925.654,2915.874,2924.606,9409,159,0
2025-03-06 02:00:00+00:00,2924.617,2926.567,2922.919,2925.546,6693,159,0
2025-03-06 03:00:00+00:00,2925.552,2925.589,2920.111,2921.261,6032,159,0
2025-03-06 04:00:00+00:00,2921.227,2921.562,2916.285,2917.396,4770,160,0
2025-03-06 05:00:00+00:00,2917.359,2920.698,2914.499,2919.832,6430,159,0
2025-03-06 06:00:00+00:00,2919.837,2923.073,2919.837,2920.587,6787,159,0
2025-03-06 07:00:00+00:00,2920.609,2922.5,2909.757,2910.137,12614,159,0
2025-03-06 08:00:00+00:00,2910.108,2911.53,2901.06,2904.808,14273,159,0
2025-03-06 09:00:00+00:00,2904.698,2905.296,2891.159,2894.336,12699,159,0
2025-03-06 10:00:00+00:00,2894.264,2905.171,2891.918,2899.268,12307,159,0
2025-03-06 11:00:00+00:00,2899.221,2907.583,2898.55,2905.714,10364,159,0
2025-03-06 12:00:00+00:00,2905.76,2907.191,2899.238,2903.13,12721,159,0
2025-03-06 13:00:00+00:00,2903.121,2909.389,2900.865,2904.44,18225,159,0
2025-03-06 14:00:00+00:00,2904.412,2916.596,2903.345,2915.086,18365,159,0
2025-03-06 15:00:00+00:00,2915.147,2922.764,2908.955,2914.497,21801,159,0
2025-03-06 16:00:00+00:00,2914.53,2918.502,2912.579,2917.186,12865,159,0
2025-03-06 17:00:00+00:00,2917.257,2921.419,2914.362,2915.587,9114,159,0
2025-03-06 18:00:00+00:00,2915.612,2920.649,2913.745,2916.228,8799,159,0
2025-03-06 19:00:00+00:00,2916.262,2917.723,2912.337,2914.04,8040,159,0
2025-03-06 20:00:00+00:00,2914.013,2916.613,2908.373,2908.703,8546,160,0
2025-03-06 21:00:00+00:00,2908.745,2911.945,2908.395,2911.032,3712,160,0
2025-03-06 23:00:00+00:00,2912.057,2913.622,2909.93,2910.314,4678,159,0
2025-03-07 00:00:00+00:00,2910.249,2910.326,2896.667,2904.73,11850,159,0
2025-03-07 01:00:00+00:00,2904.768,2910.174,2901.433,2906.844,15136,159,0
2025-03-07 02:00:00+00:00,2906.804,2909.256,2901.155,2908.11,11914,159,0
2025-03-07 03:00:00+00:00,2908.08,2908.984,2903.919,2905.355,8911,159,0
2025-03-07 04:00:00+00:00,2905.269,2908.368,2904.73,2906.647,7274,159,0
2025-03-07 05:00:00+00:00,2906.652,2912.591,2906.436,2909.609,8503,159,0
2025-03-07 06:00:00+00:00,2909.562,2914.759,2907.781,2913.415,8121,159,0
2025-03-07 07:00:00+00:00,2913.404,2917.279,2911.706,2917.098,7959,159,0
2025-03-07 08:00:00+00:00,2917.138,2922.975,2915.201,2922.385,8964,159,0
2025-03-07 09:00:00+00:00,2922.367,2923.007,2920.197,2921.669,7440,159,0
2025-03-07 10:00:00+00:00,2921.621,2921.888,2917.007,2917.898,8954,159,0
2025-03-07 11:00:00+00:00,2917.95,2922.123,2916.601,2918.7,8908,159,0
2025-03-07 12:00:00+00:00,2918.796,2922.841,2917.923,2918.782,9893,159,0
2025-03-07 13:00:00+00:00,2918.747,2926.478,2910.224,2913.829,26493,159,0
2025-03-07 14:00:00+00:00,2913.777,2928.826,2903.57,2926.774,27807,159,0
2025-03-07 15:00:00+00:00,2926.732,2930.466,2908.558,2915.819,26076,159,0
2025-03-07 16:00:00+00:00,2915.783,2919.423,2911.629,2914.009,16334,159,0
2025-03-07 17:00:00+00:00,2913.969,2916.142,2905.076,2908.174,16187,159,0
2025-03-07 18:00:00+00:00,2908.13,2908.782,2901.86,2906.545,14120,159,0
2025-03-07 19:00:00+00:00,2906.587,2909.515,2904.544,2905.229,11271,159,0
2025-03-07 20:00:00+00:00,2905.199,2911.131,2904.716,2909.637,7717,159,0
2025-03-07 21:00:00+00:00,2909.691,2912.663,2908.498,2911.256,3194,159,0
2025-03-09 22:00:00+00:00,2912.347,2915.145,2909.658,2911.935,5419,159,0
2025-03-09 23:00:00+00:00,2911.975,2917.051,2911.394,2916.187,4905,160,0
2025-03-10 00:00:00+00:00,2916.19,2917.949,2912.984,2913.852,7175,159,0
2025-03-10 01:00:00+00:00,2913.889,2918.312,2911.327,2912.156,11476,159,0
2025-03-10 02:00:00+00:00,2912.12,2914.551,2909.471,2911.484,8082,159,0
2025-03-10 03:00:00+00:00,2911.444,2913.625,2908.127,2910.943,9041,159,0
2025-03-10 04:00:00+00:00,2910.982,2912.654,2910.216,2910.913,4691,159,0
2025-03-10 05:00:00+00:00,2911.025,2911.952,2906.942,2909.848,6366,159,0
2025-03-10 06:00:00+00:00,2909.796,2914.557,2909.307,2914.328,7197,159,0
2025-03-10 07:00:00+00:00,2914.355,2915.426,2904.304,2908.444,9270,159,0
2025-03-10 08:00:00+00:00,2908.432,2910.643,2897.509,2897.822,12620,159,0
2025-03-10 09:00:00+00:00,2897.797,2915.472,2896.723,2911.28,14254,159,0
2025-03-10 10:00:00+00:00,2911.236,2911.417,2898.309,2902.976,11988,159,0
2025-03-10 11:00:00+00:00,2903.001,2904.747,2895.606,2904.027,12656,159,0
2025-03-10 12:00:00+00:00,2904.029,2907.711,2900.36,2906.59,16696,159,0
2025-03-10 13:00:00+00:00,2906.632,2908.625,2897.612,2903.693,20954,159,0
2025-03-10 14:00:00+00:00,2903.664,2909.199,2900.85,2907.983,23662,159,0
2025-03-10 15:00:00+00:00,2908.026,2910.642,2900.607,2904.485,16590,159,0
2025-03-10 16:00:00+00:00,2904.506,2906.841,2895.864,2895.932,11813,159,0
2025-03-10 17:00:00+00:00,2895.908,2896.147,2882.766,2886.096,17267,159,0
2025-03-10 18:00:00+00:00,2886.1,2889.499,2880.166,2885.581,12859,159,0
2025-03-10 19:00:00+00:00,2885.557,2890.953,2880.222,2885.494,13306,159,0
2025-03-10 20:00:00+00:00,2885.422,2889.204,2884.288,2889.086,3941,159,0
2025-03-10 22:00:00+00:00,2888.412,2890.177,2884.021,2884.72,3924,159,0
2025-03-10 23:00:00+00:00,2884.731,2885.865,2882.332,2884.685,4196,160,0
2025-03-11 00:00:00+00:00,2884.724,2888.637,2884.135,2887.229,7862,159,0
2025-03-11 01:00:00+00:00,2887.296,2890.979,2880.131,2890.612,13153,159,0
2025-03-11 02:00:00+00:00,2890.569,2900.486,2889.921,2899.005,10319,159,0
2025-03-11 03:00:00+00:00,2899.043,2899.389,2895.201,2896.91,6243,159,0
2025-03-11 04:00:00+00:00,2896.91,2898.678,2895.468,2897.687,5032,159,0
2025-03-11 05:00:00+00:00,2897.699,2899.067,2892.752,2895.801,7054,159,0
2025-03-11 06:00:00+00:00,2895.812,2902.827,2893.462,2902.302,9029,159,0
2025-03-11 07:00:00+00:00,2902.272,2903.586,2897.534,2901.009,9111,159,0
2025-03-11 08:00:00+00:00,2901.052,2910.324,2900.416,2909.903,7717,159,0
2025-03-11 09:00:00+00:00,2909.913,2912.418,2908.735,2911.705,7499,159,0
2025-03-11 10:00:00+00:00,2911.73,2914.47,2910.898,2912.003,6111,159,0
2025-03-11 11:00:00+00:00,2911.957,2915.464,2910.631,2913.668,6931,159,0
2025-03-11 12:00:00+00:00,2913.651,2916.051,2910.465,2913.057,9535,159,0
2025-03-11 13:00:00+00:00,2913.082,2922.262,2906.789,2918.12,19490,159,0
2025-03-11 14:00:00+00:00,2918.211,2920.912,2911.76,2914.104,16327,159,0
2025-03-11 15:00:00+00:00,2914.142,2919.902,2913.941,2916.875,11396,159,0
2025-03-11 16:00:00+00:00,2916.833,2918.078,2915.137,2917.098,7180,159,0
2025-03-11 17:00:00+00:00,2917.061,2920.518,2914.071,2917.776,8100,159,0
2025-03-11 18:00:00+00:00,2917.773,2919.591,2915.209,2918.308,6317,159,0
2025-03-11 19:00:00+00:00,2918.241,2921.385,2917.503,2918.403,6863,159,0
2025-03-11 20:00:00+00:00,2918.365,2919.023,2915.111,2916.024,3500,160,0
2025-03-11 22:00:00+00:00,2915.587,2918.068,2914.414,2917.545,3643,159,0
2025-03-11 23:00:00+00:00,2917.63,2919.589,2915.429,2915.551,2833,159,0
2025-03-12 00:00:00+00:00,2915.589,2915.626,2912.113,2914.26,4112,159,0
2025-03-12 01:00:00+00:00,2914.217,2917.269,2910.866,2914.927,7702,159,0
2025-03-12 02:00:00+00:00,2914.866,2918.243,2913.981,2916.3,6343,159,0
2025-03-12 03:00:00+00:00,2916.255,2919.995,2914.862,2914.941,5540,159,0
2025-03-12 04:00:00+00:00,2914.977,2916.072,2912.597,2914.952,4833,159,0
2025-03-12 05:00:00+00:00,2914.914,2916.507,2912.072,2916.045,6880,159,0
2025-03-12 06:00:00+00:00,2916.096,2921.125,2911.336,2911.951,7914,159,0
2025-03-12 07:00:00+00:00,2911.971,2915.606,2908.904,2914.462,8643,159,0
2025-03-12 08:00:00+00:00,2914.477,2922.222,2913.914,2922.075,8972,159,0
2025-03-12 09:00:00+00:00,2922.105,2925.372,2913.73,2914.772,9715,159,0
2025-03-12 10:00:00+00:00,2914.738,2916.968,2912.742,2914.377,7311,159,0
2025-03-12 11:00:00+00:00,2914.338,2916.664,2912.638,2915.304,6524,159,0
2025-03-12 12:00:00+00:00,2915.308,2923.073,2912.056,2917.554,15998,159,0
2025-03-12 13:00:00+00:00,2917.579,2918.807,2905.97,2915.583,21553,159,0
2025-03-12 14:00:00+00:00,2915.545,2922.514,2914.272,2921.858,14144,159,0
2025-03-12 15:00:00+00:00,2921.899,2929.444,2921.292,2928.377,14599,159,0
2025-03-12 16:00:00+00:00,2928.457,2939.232,2927.89,2936.155,16632,159,0
2025-03-12 17:00:00+00:00,2936.131,2940.592,2935.842,2936.097,9833,159,0
2025-03-12 18:00:00+00:00,2936.093,2937.462,2933.744,2935.21,6662,159,0
2025-03-12 19:00:00+00:00,2935.143,2935.667,2930.931,2931.322,6992,159,0
2025-03-12 20:00:00+00:00,2931.289,2934.202,2930.784,2933.244,3406,159,0
2025-03-12 22:00:00+00:00,2933.73,2938.909,2933.385,2938.064,4213,160,0
2025-03-12 23:00:00+00:00,2938.13,2939.353,2934.711,2938.039,3607,159,0
2025-03-13 00:00:00+00:00,2938.025,2939.364,2937.538,2938.648,3546,159,0
2025-03-13 01:00:00+00:00,2938.706,2941.454,2936.511,2937.906,7820,159,0
2025-03-13 02:00:00+00:00,2937.914,2946.043,2937.49,2944.33,6811,159,0
2025-03-13 03:00:00+00:00,2944.223,2947.124,2943.064,2945.636,6106,159,0
2025-03-13 04:00:00+00:00,2945.601,2946.152,2943.457,2944.637,4573,159,0
2025-03-13 05:00:00+00:00,2944.707,2945.165,2938.18,2940.065,6732,159,0
2025-03-13 06:00:00+00:00,2940.084,2940.348,2935.389,2936.919,7600,159,0
2025-03-13 07:00:00+00:00,2936.88,2938.04,2932.92,2935.252,6604,159,0
2025-03-13 08:00:00+00:00,2935.287,2944.915,2934.768,2941.572,8017,159,0
2025-03-13 09:00:00+00:00,2941.542,2948.885,2941.073,2947.729,6106,159,0
2025-03-13 10:00:00+00:00,2947.725,2948.548,2942.084,2944.074,6086,159,0
2025-03-13 11:00:00+00:00,2944.084,2948.604,2944.084,2946.333,7009,159,0
2025-03-13 12:00:00+00:00,2946.371,2949.124,2940.916,2942.42,13817,159,0
2025-03-13 13:00:00+00:00,2942.377,2952.42,2938.935,2950.358,16411,159,0
2025-03-13 14:00:00+00:00,2950.317,2971.165,2949.802,2969.861,18635,159,0
2025-03-13 15:00:00+00:00,2969.886,2978.486,2966.442,2977.772,24616,159,0
2025-03-13 16:00:00+00:00,2977.797,2985.322,2976.579,2980.086,16149,159,0
2025-03-13 17:00:00+00:00,2980.12,2982.246,2976.363,2979.482,11873,159,0
2025-03-13 18:00:00+00:00,2979.48,2984.381,2979.06,2983.261,8074,159,0
2025-03-13 19:00:00+00:00,2983.3,2985.474,2980.588,2982.946,8712,159,0
2025-03-13 20:00:00+00:00,2982.973,2989.124,2981.256,2989.084,4390,159,0
2025-03-13 22:00:00+00:00,2988.581,2989.916,2983.171,2987.279,4750,159,0
2025-03-13 23:00:00+00:00,2987.207,2989.3,2985.374,2986.435,3870,160,0
2025-03-14 00:00:00+00:00,2986.473,2988.71,2984.759,2986.759,5987,159,0
2025-03-14 01:00:00+00:00,2986.795,2990.174,2981.721,2987.87,14034,159,0
2025-03-14 02:00:00+00:00,2987.83,2988.558,2983.886,2984.177,8046,159,0
2025-03-14 03:00:00+00:00,2984.191,2992.96,2983.871,2992.631,6394,159,0
2025-03-14 04:00:00+00:00,2992.654,2993.922,2984.357,2985.475,6499,159,0
2025-03-14 05:00:00+00:00,2985.51,2986.594,2981.863,2986.395,7919,159,0
2025-03-14 06:00:00+00:00,2986.358,2987.644,2981.128,2985.681,7555,159,0
2025-03-14 07:00:00+00:00,2985.655,2987.036,2980.753,2986.892,7325,159,0
2025-03-14 08:00:00+00:00,2986.921,2993.222,2985.154,2992.872,7156,159,0
2025-03-14 09:00:00+00:00,2992.843,2999.446,2992.6,2998.768,6385,159,0
2025-03-14 10:00:00+00:00,2998.76,3004.879,2986.578,2993.213,12806,159,0
2025-03-14 11:00:00+00:00,2993.205,2999.174,2993.205,2993.503,10106,159,0
2025-03-14 12:00:00+00:00,2993.477,2999.673,2993.306,2993.807,10853,159,0
2025-03-14 13:00:00+00:00,2993.845,2996.101,2983.18,2986.038,19915,159,0
2025-03-14 14:00:00+00:00,2985.874,2993.381,2981.919,2985.348,21614,159,0
2025-03-14 15:00:00+00:00,2985.383,2986.505,2978.421,2984.607,16688,159,0
2025-03-14 16:00:00+00:00,2984.569,2989.965,2982.909,2989.689,9142,159,0
2025-03-14 17:00:00+00:00,2989.702,2990.43,2986.325,2986.61,7085,159,0
2025-03-14 18:00:00+00:00,2986.656,2987.019,2983.213,2983.409,5916,159,0
2025-03-14 19:00:00+00:00,2983.38,2986.027,2982.14,2984.02,5297,159,0
2025-03-14 20:00:00+00:00,2983.985,2988.756,2981.633,2986.37,3476,159,0
2025-03-16 22:00:00+00:00,2987.601,2990.719,2986.054,2988.994,4043,159,0
2025-03-16 23:00:00+00:00,2989.069,2994.105,2988.236,2990.061,3834,159,0
2025-03-17 00:00:00+00:00,2990.027,2991.114,2986.373,2990.825,5198,159,0
2025-03-17 01:00:00+00:00,2990.809,2993.091,2988.661,2990.83,9099,159,0
2025-03-17 02:00:00+00:00,2990.84,2991.956,2986.946,2988.189,5576,159,0
2025-03-17 03:00:00+00:00,2988.153,2988.677,2985.22,2986.917,4621,159,0
2025-03-17 04:00:00+00:00,2986.943,2987.894,2982.388,2982.628,4200,159,0
2025-03-17 05:00:00+00:00,2982.636,2986.17,2982.158,2986.026,4347,159,0
2025-03-17 06:00:00+00:00,2986.084,2990.73,2985.374,2989.841,5679,159,0
2025-03-17 07:00:00+00:00,2989.792,2990.006,2984.087,2985.487,5274,159,0
2025-03-17 08:00:00+00:00,2985.548,2988.465,2983.053,2988.396,5111,159,0
2025-03-17 09:00:00+00:00,2988.404,2996.93,2987.618,2995.623,5603,159,0
2025-03-17 10:00:00+00:00,2995.643,2999.607,2994.776,2998.931,5265,159,0
2025-03-17 11:00:00+00:00,2998.962,3001.217,2996.52,2997.475,6063,159,0
2025-03-17 12:00:00+00:00,2997.515,2997.909,2984.718,2987.184,15187,159,0
2025-03-17 13:00:00+00:00,2987.217,2991.397,2985.961,2988.393,16010,159,0
2025-03-17 14:00:00+00:00,2988.369,3000.512,2987.064,2998.657,12550,159,0
2025-03-17 15:00:00+00:00,2998.69,2999.309,2992.923,2997.095,9155,159,0
2025-03-17 16:00:00+00:00,2997.165,2997.71,2993.027,2994.521,7239,159,0
2025-03-17 17:00:00+00:00,2994.562,2999.389,2994.562,2997.86,5705,159,0
2025-03-17 18:00:00+00:00,2997.855,3000.311,2996.69,2999.297,5514,159,0
2025-03-17 19:00:00+00:00,2999.369,3000.838,2997.66,3000.173,5110,159,0
2025-03-17 20:00:00+00:00,3000.147,3001.955,3000.085,3001.427,2931,160,0
2025-03-17 22:00:00+00:00,3001.367,3001.858,2999.931,3000.175,1784,159,0
2025-03-17 23:00:00+00:00,3000.17,3002.807,2999.583,2999.831,2463,159,0
2025-03-18 00:00:00+00:00,2999.803,3003.507,2999.57,3001.498,4769,159,0
2025-03-18 01:00:00+00:00,3001.496,3008.499,2999.49,3005.751,9601,159,0
2025-03-18 02:00:00+00:00,3005.713,3012.233,3002.773,3010.902,7145,159,0
2025-03-18 03:00:00+00:00,3010.853,3015.054,3009.64,3011.333,6589,159,0
2025-03-18 04:00:00+00:00,3011.34,3017.11,3011.256,3014.502,4590,159,0
2025-03-18 05:00:00+00:00,3014.475,3014.895,3006.066,3012.038,7148,159,0
2025-03-18 06:00:00+00:00,3012.056,3017.764,3010.626,3015.746,7932,159,0
2025-03-18 07:00:00+00:00,3015.761,3018.955,3014.443,3016.439,7173,159,0
2025-03-18 08:00:00+00:00,3016.483,3027.308,3016.354,3026.561,7403,159,0
2025-03-18 09:00:00+00:00,3026.588,3028.54,3018.141,3020.292,7624,159,0
2025-03-18 10:00:00+00:00,3020.216,3025.702,3019.59,3023.927,7239,159,0
2025-03-18 11:00:00+00:00,3023.995,3029.461,3022.356,3026.839,6459,159,0
2025-03-18 12:00:00+00:00,3026.842,3035.843,3026.779,3034.291,10572,159,0
2025-03-18 13:00:00+00:00,3034.33,3038.334,3026.186,3033.245,19546,159,0
2025-03-18 14:00:00+00:00,3033.179,3033.179,3024.72,3027.925,18755,159,0
2025-03-18 15:00:00+00:00,3027.973,3032.592,3025.192,3031.758,11473,159,0
2025-03-18 16:00:00+00:00,3031.719,3036.948,3030.453,3036.003,8052,159,0
2025-03-18 17:00:00+00:00,3036.048,3036.312,3029.777,3032.59,8216,159,0
2025-03-18 18:00:00+00:00,3032.606,3036.355,3032.448,3035.783,5076,160,0
2025-03-18 19:00:00+00:00,3035.741,3037.935,3035.142,3035.615,5261,159,0
2025-03-18 20:00:00+00:00,3035.643,3035.974,3033.318,3034.074,2759,159,0
2025-03-18 22:00:00+00:00,3034.025,3034.721,3032.602,3034.533,2222,159,0
2025-03-18 23:00:00+00:00,3034.52,3035.099,3031.512,3031.774,2885,159,0
2025-03-19 00:00:00+00:00,3031.801,3033.993,3030.515,3031.479,3638,159,0
2025-03-19 01:00:00+00:00,3031.476,3032.708,3027.32,3029.37,5158,160,0
2025-03-19 02:00:00+00:00,3029.362,3033.863,3028.98,3033.337,6000,159,0
2025-03-19 03:00:00+00:00,3033.372,3039.029,3032.316,3036.325,5437,159,0
2025-03-19 04:00:00+00:00,3036.291,3037.669,3034.25,3036.386,4623,159,0
2025-03-19 05:00:00+00:00,3036.387,3045.362,3036.387,3044.499,6956,159,0
2025-03-19 06:00:00+00:00,3044.503,3044.734,3034.532,3042.079,10739,159,0
2025-03-19 07:00:00+00:00,3042.176,3042.899,3035.592,3035.896,9023,159,0
2025-03-19 08:00:00+00:00,3035.949,3037.074,3024.748,3025.156,9258,159,0
2025-03-19 09:00:00+00:00,3025.129,3031.366,3022.744,3030.399,7434,159,0
2025-03-19 10:00:00+00:00,3030.406,3037.957,3028.32,3034.624,6304,159,0
2025-03-19 11:00:00+00:00,3034.612,3039.902,3033.73,3038.946,5259,160,0
2025-03-19 12:00:00+00:00,3038.955,3041.155,3036.218,3037.127,7602,159,0
2025-03-19 13:00:00+00:00,3037.226,3038.287,3027.69,3033.38,15053,159,0
2025-03-19 14:00:00+00:00,3033.344,3033.344,3025.845,3027.585,11867,159,0
2025-03-19 15:00:00+00:00,3027.556,3033.099,3026.801,3031.458,7973,159,0
2025-03-19 16:00:00+00:00,3031.482,3038.347,3031.294,3032.973,7075,159,0
2025-03-19 17:00:00+00:00,3033.056,3034.224,3029.388,3030.371,7616,159,0
2025-03-19 18:00:00+00:00,3030.378,3048.643,3029.977,3046.729,16322,159,0
2025-03-19 19:00:00+00:00,3046.769,3051.924,3041.018,3047.858,13277,159,0
2025-03-19 20:00:00+00:00,3047.818,3048.253,3044.205,3047.282,3909,160,0
2025-03-19 22:00:00+00:00,3048.924,3050.635,3047.059,3050.141,4021,160,0
2025-03-19 23:00:00+00:00,3050.141,3051.335,3048.794,3050.026,2434,159,0
2025-03-20 00:00:00+00:00,3050.023,3055.489,3050.023,3053.185,7109,159,0
2025-03-20 01:00:00+00:00,3053.222,3056.225,3049.382,3049.654,12394,159,0
2025-03-20 02:00:00+00:00,3049.626,3052.166,3045.054,3045.694,8716,159,0
2025-03-20 03:00:00+00:00,3045.637,3050.417,3045.41,3049.964,6843,159,0
2025-03-20 04:00:00+00:00,3050.068,3057.484,3048.151,3052.478,7380,159,0
2025-03-20 05:00:00+00:00,3052.523,3053.604,3044.873,3046.794,9037,159,0
2025-03-20 06:00:00+00:00,3046.837,3051.475,3045.675,3049.134,7622,159,0
2025-03-20 07:00:00+00:00,3048.999,3048.999,3041.78,3042.232,8496,159,0
2025-03-20 08:00:00+00:00,3042.268,3043.968,3038.671,3041.815,8077,159,0
2025-03-20 09:00:00+00:00,3041.781,3046.241,3040.574,3041.489,7901,159,0
2025-03-20 10:00:00+00:00,3041.484,3041.484,3025.626,3034.176,14385,159,0
2025-03-20 11:00:00+00:00,3034.157,3035.095,3029.27,3034.433,10120,159,0
2025-03-20 12:00:00+00:00,3034.467,3042.288,3033.358,3040.885,11956,159,0
2025-03-20 13:00:00+00:00,3040.927,3041.069,3029.883,3032.871,16459,159,0
2025-03-20 14:00:00+00:00,3032.828,3040.844,3030.643,3040.224,12799,159,0
2025-03-20 15:00:00+00:00,3040.175,3041.903,3037.559,3040.765,8994,159,0
2025-03-20 16:00:00+00:00,3040.802,3043.203,3033.884,3038.308,8836,159,0
2025-03-20 17:00:00+00:00,3038.346,3041.865,3034.815,3041.654,6544,159,0
2025-03-20 18:00:00+00:00,3041.635,3045.378,3040.926,3043.221,6445,159,0
2025-03-20 19:00:00+00:00,3043.196,3046.094,3043.172,3044.569,6298,159,0
2025-03-20 20:00:00+00:00,3044.604,3045.802,3044.218,3044.628,2849,160,0
2025-03-20 22:00:00+00:00,3044.988,3046.058,3043.501,3045.723,1817,159,0
2025-03-20 23:00:00+00:00,3045.686,3046.598,3044.424,3046.409,2361,159,0
2025-03-21 00:00:00+00:00,3046.335,3047.435,3042.269,3042.763,4152,159,0
2025-03-21 01:00:00+00:00,3042.827,3044.603,3035.899,3035.921,7762,159,0
2025-03-21 02:00:00+00:00,3035.896,3037.043,3033.774,3034.744,7471,159,0
2025-03-21 03:00:00+00:00,3034.702,3034.709,3029.984,3030.585,6240,159,0
2025-03-21 04:00:00+00:00,3030.539,3031.998,3027.857,3029.863,5133,159,0
2025-03-21 05:00:00+00:00,3029.842,3030.426,3021.553,3028.048,8192,159,0
2025-03-21 06:00:00+00:00,3028.086,3033.939,3027.451,3029.843,8079,159,0
2025-03-21 07:00:00+00:00,3029.766,3033.46,3028.104,3031.927,6513,159,0
2025-03-21 08:00:00+00:00,3032.022,3034.767,3027.049,3032.934,7724,159,0
2025-03-21 09:00:00+00:00,3032.957,3033.162,3027.789,3029.65,6848,160,0
2025-03-21 10:00:00+00:00,3029.677,3033.486,3029.635,3030.852,6090,159,0
2025-03-21 11:00:00+00:00,3030.816,3037.694,3028.912,3034.332,7333,159,0
2025-03-21 12:00:00+00:00,3034.311,3038.128,3033.473,3034.019,10003,159,0
2025-03-21 13:00:00+00:00,3033.973,3036.834,3004.17,3006.662,28109,159,0
2025-03-21 14:00:00+00:00,3006.583,3016.718,2999.385,3015.712,27411,159,0
2025-03-21 15:00:00+00:00,3015.712,3017.894,3009.994,3011.072,12687,159,0
2025-03-21 16:00:00+00:00,3011.037,3017.04,3010.66,3015.138,10076,159,0
2025-03-21 17:00:00+00:00,3015.184,3018.224,3012.845,3013.716,7008,159,0
2025-03-21 18:00:00+00:00,3013.714,3021.588,3013.474,3017.431,6320,159,0
2025-03-21 19:00:00+00:00,3017.407,3022.049,3015.937,3020.013,6783,159,0
2025-03-21 20:00:00+00:00,3020.037,3024.274,3019.974,3023.493,3771,160,0
2025-03-23 22:00:00+00:00,3023.441,3026.119,3022.143,3025.514,3610,159,0
2025-03-23 23:00:00+00:00,3025.514,3026.292,3023.268,3024.721,3206,159,0
2025-03-24 00:00:00+00:00,3024.709,3025.461,3017.087,3018.543,6447,159,0
2025-03-24 01:00:00+00:00,3018.513,3025.582,3018.281,3020.961,9933,159,0
2025-03-24 02:00:00+00:00,3020.987,3024.477,3013.646,3016.283,9103,159,0
2025-03-24 03:00:00+00:00,3016.328,3019.81,3015.67,3016.999,6412,159,0
2025-03-24 04:00:00+00:00,3017.049,3020.072,3016.524,3019.493,4536,159,0
2025-03-24 05:00:00+00:00,3019.454,3023.202,3018.997,3022.08,5983,159,0
2025-03-24 06:00:00+00:00,3022.047,3025.716,3017.319,3025.042,5953,159,0
2025-03-24 07:00:00+00:00,3025.003,3028.903,3020.971,3022.361,8107,159,0
2025-03-24 08:00:00+00:00,3022.329,3028.951,3021.835,3028.748,8146,159,0
2025-03-24 09:00:00+00:00,3028.827,3030.992,3022.683,3023.614,7399,159,0
2025-03-24 10:00:00+00:00,3023.662,3033.208,3023.436,3028.089,8105,159,0
2025-03-24 11:00:00+00:00,3028.067,3029.245,3024.327,3024.642,5885,160,0
2025-03-24 12:00:00+00:00,3024.602,3028.651,3022.388,3024.227,8602,159,0
2025-03-24 13:00:00+00:00,3024.187,3028.277,3019.165,3022.513,13101,159,0
2025-03-24 14:00:00+00:00,3022.485,3024.069,3007.957,3012.134,16554,159,0
2025-03-24 15:00:00+00:00,3012.092,3015.332,3005.745,3014.036,13061,159,0
2025-03-24 16:00:00+00:00,3014.054,3015.604,3008.018,3009.755,8608,159,0
2025-03-24 17:00:00+00:00,3009.717,3009.948,3005.764,3007.03,8068,159,0
2025-03-24 18:00:00+00:00,3007.071,3008.083,3002.465,3006.767,8693,159,0
2025-03-24 19:00:00+00:00,3006.807,3008.147,3004.997,3006.133,5211,160,0
2025-03-24 20:00:00+00:00,3006.096,3014.63,3005.559,3011.868,3378,159,0
2025-03-24 22:00:00+00:00,3011.722,3012.499,3008.992,3011.514,2736,160,0
2025-03-24 23:00:00+00:00,3011.468,3012.403,3009.372,3009.91,2662,159,0
2025-03-25 00:00:00+00:00,3009.945,3014.945,3008.983,3014.138,3678,159,0
2025-03-25 01:00:00+00:00,3014.177,3014.589,3010.562,3011.897,6632,159,0
2025-03-25 02:00:00+00:00,3011.83,3012.296,3007.555,3009.131,5691,159,0
2025-03-25 03:00:00+00:00,3009.182,3016.215,3008.57,3015.248,5523,159,0
2025-03-25 04:00:00+00:00,3015.284,3016.498,3014.68,3015.27,4009,159,0
2025-03-25 05:00:00+00:00,3015.204,3021.06,3014.295,3018.334,5614,159,0
2025-03-25 06:00:00+00:00,3018.292,3018.686,3014.807,3017.776,5139,159,0
2025-03-25 07:00:00+00:00,3017.808,3018.148,3010.521,3011.13,5365,159,0
2025-03-25 08:00:00+00:00,3011.151,3021.933,3010.681,3021.32,7711,159,0
2025-03-25 09:00:00+00:00,3021.273,3023.561,3018.992,3023.263,5546,159,0
2025-03-25 10:00:00+00:00,3023.229,3024.866,3020.611,3023.541,6085,159,0
2025-03-25 11:00:00+00:00,3023.543,3026.436,3020.399,3020.775,6222,159,0
2025-03-25 12:00:00+00:00,3020.738,3023.2,3014.132,3021.816,10242,159,0
2025-03-25 13:00:00+00:00,3021.75,3030.643,3020.821,3028.813,13310,159,0
2025-03-25 14:00:00+00:00,3028.803,3036.014,3024.954,3024.954,15738,159,0
2025-03-25 15:00:00+00:00,3024.926,3028.049,3017.921,3021.561,12191,159,0
2025-03-25 16:00:00+00:00,3021.592,3025.531,3021.406,3023.171,7016,159,0
2025-03-25 17:00:00+00:00,3023.192,3023.341,3019.83,3022.636,6851,159,0
2025-03-25 18:00:00+00:00,3022.59,3022.861,3017.759,3018.555,5072,159,0
2025-03-25 19:00:00+00:00,3018.523,3020.724,3017.721,3019.59,4194,159,0
2025-03-25 20:00:00+00:00,3019.616,3020.726,3018.824,3020.289,1982,159,0
2025-03-25 22:00:00+00:00,3019.663,3022.454,3019.663,3021.273,2367,159,0
2025-03-25 23:00:00+00:00,3021.273,3021.811,3020.504,3021.041,2045,160,0
2025-03-26 00:00:00+00:00,3021.037,3022.232,3017.786,3018.125,3732,159,0
2025-03-26 01:00:00+00:00,3018.142,3025.515,3016.394,3024.766,8580,159,0
2025-03-26 02:00:00+00:00,3024.79,3027.114,3022.834,3024.249,7253,159,0
2025-03-26 03:00:00+00:00,3024.206,3024.206,3016.458,3017.616,6799,159,0
2025-03-26 04:00:00+00:00,3017.542,3017.679,3014.249,3015.264,4319,160,0
2025-03-26 05:00:00+00:00,3015.232,3024.082,3013.218,3022.843,6693,159,0
2025-03-26 06:00:00+00:00,3022.819,3026.352,3022.087,3026.158,7709,159,0
2025-03-26 07:00:00+00:00,3026.125,3030.819,3024.997,3030.471,6224,159,0
2025-03-26 08:00:00+00:00,3030.509,3032.042,3023.61,3023.998,6267,159,0
2025-03-26 09:00:00+00:00,3024.033,3024.182,3017.543,3018.677,7253,159,0
2025-03-26 10:00:00+00:00,3018.653,3024.933,3016.886,3023.292,6178,159,0
2025-03-26 11:00:00+00:00,3023.227,3030.36,3023.227,3027.62,6465,159,0
2025-03-26 12:00:00+00:00,3027.54,3029.975,3025.289,3027.139,7998,159,0
2025-03-26 13:00:00+00:00,3027.163,3027.485,3015.873,3016.718,12391,159,0
2025-03-26 14:00:00+00:00,3016.689,3021.669,3014.903,3017.46,10892,159,0
2025-03-26 15:00:00+00:00,3017.443,3018.898,3012.325,3015.878,10583,159,0
2025-03-26 16:00:00+00:00,3015.911,3020.021,3015.157,3015.645,7148,159,0
2025-03-26 17:00:00+00:00,3015.686,3019.02,3015.209,3018.678,6043,159,0
2025-03-26 18:00:00+00:00,3018.693,3020.861,3018.126,3018.209,5208,159,0
2025-03-26 19:00:00+00:00,3018.254,3019.015,3015.766,3017.342,4931,159,0
2025-03-26 20:00:00+00:00,3017.367,3021.855,3017.188,3018.966,3643,160,0
2025-03-26 22:00:00+00:00,3020.487,3021.168,3018.012,3019.473,4260,160,0
2025-03-26 23:00:00+00:00,3019.461,3021.762,3017.558,3021.623,3743,160,0
2025-03-27 00:00:00+00:00,3021.563,3025.762,3021.522,3025.375,4699,159,0
2025-03-27 01:00:00+00:00,3025.352,3028.32,3022.926,3023.564,7837,159,0
2025-03-27 02:00:00+00:00,3023.583,3032.81,3023.249,3031.651,7927,159,0
2025-03-27 03:00:00+00:00,3031.655,3034.286,3029.686,3033.568,5758,159,0
2025-03-27 04:00:00+00:00,3033.568,3038.61,3031.753,3034.064,6154,159,0
2025-03-27 05:00:00+00:00,3034.1,3035.907,3029.315,3029.7,6691,159,0
2025-03-27 06:00:00+00:00,3029.708,3033.27,3026.7,3029.957,9370,159,0
2025-03-27 07:00:00+00:00,3029.911,3036.762,3029.214,3035.85,9797,159,0
2025-03-27 08:00:00+00:00,3035.863,3038.054,3033.757,3036.155,9148,159,0
2025-03-27 09:00:00+00:00,3036.126,3041.033,3034.601,3039.923,6175,159,0
2025-03-27 10:00:00+00:00,3039.957,3055.898,3039.797,3051.387,12777,159,0
2025-03-27 11:00:00+00:00,3051.424,3055.644,3048.822,3054.566,9208,159,0
2025-03-27 12:00:00+00:00,3054.548,3055.976,3047.117,3050.066,10966,159,0
2025-03-27 13:00:00+00:00,3050.036,3052.173,3033.428,3040.547,20837,159,0
2025-03-27 14:00:00+00:00,3040.613,3059.86,3040.613,3057.634,20967,159,0
2025-03-27 15:00:00+00:00,3057.668,3059.236,3051.36,3052.181,19400,159,0
2025-03-27 16:00:00+00:00,3052.123,3054.222,3047.779,3048.388,12786,159,0
2025-03-27 17:00:00+00:00,3048.372,3053.259,3047.841,3052.835,9116,159,0
2025-03-27 18:00:00+00:00,3052.889,3057.583,3052.712,3055.882,5883,159,0
2025-03-27 19:00:00+00:00,3055.919,3057.83,3054.938,3057.468,5365,159,0
2025-03-27 20:00:00+00:00,3057.438,3057.603,3055.134,3056.669,2501,160,0
2025-03-27 22:00:00+00:00,3055.858,3057.641,3054.488,3055.028,3172,159,0
2025-03-27 23:00:00+00:00,3055.03,3056.156,3054.119,3055.71,2710,159,0
2025-03-28 00:00:00+00:00,3055.726,3063.476,3054.997,3061.977,7144,159,0
2025-03-28 01:00:00+00:00,3061.937,3074.057,3061.841,3073.905,10795,159,0
2025-03-28 02:00:00+00:00,3073.874,3077.502,3070.04,3071.929,9636,159,0
2025-03-28 03:00:00+00:00,3071.846,3076.702,3069.645,3075.266,7442,159,0
2025-03-28 04:00:00+00:00,3075.25,3075.422,3072.596,3073.891,5090,159,0
2025-03-28 05:00:00+00:00,3073.837,3081.987,3072.446,3077.833,7238,159,0
2025-03-28 06:00:00+00:00,3077.809,3084.938,3076.623,3084.746,9499,159,0
2025-03-28 07:00:00+00:00,3084.7,3086.017,3077.783,3079.348,7758,159,0
2025-03-28 08:00:00+00:00,3079.302,3081.231,3066.153,3072.94,8976,159,0
2025-03-28 09:00:00+00:00,3073.0,3076.235,3069.589,3072.84,6876,159,0
2025-03-28 10:00:00+00:00,3072.882,3074.648,3067.365,3074.271,7930,159,0
2025-03-28 11:00:00+00:00,3074.233,3079.925,3074.071,3076.363,7525,159,0
2025-03-28 12:00:00+00:00,3076.344,3081.869,3072.495,3077.456,11688,159,0
2025-03-28 13:00:00+00:00,3077.377,3084.136,3070.752,3083.497,22292,159,0
2025-03-28 14:00:00+00:00,3083.469,3086.807,3068.026,3069.985,30094,159,0
2025-03-28 15:00:00+00:00,3069.911,3085.724,3067.255,3083.707,16725,159,0
2025-03-28 16:00:00+00:00,3083.677,3086.717,3080.45,3083.879,9955,159,0
2025-03-28 17:00:00+00:00,3083.839,3085.984,3076.112,3077.431,9268,159,0
2025-03-28 18:00:00+00:00,3077.473,3080.516,3073.488,3079.683,7342,160,0
2025-03-28 19:00:00+00:00,3079.658,3081.817,3079.437,3080.734,6243,159,0
2025-03-28 20:00:00+00:00,3080.708,3085.955,3080.708,3085.002,4575,159,0
2025-03-30 22:00:00+00:00,3092.531,3097.843,3088.585,3090.003,7749,159,0
2025-03-30 23:00:00+00:00,3090.0,3090.912,3087.793,3089.213,5503,159,0
2025-03-31 00:00:00+00:00,3089.159,3089.729,3077.459,3079.115,9581,159,0
2025-03-31 01:00:00+00:00,3079.079,3095.406,3076.803,3094.757,16927,159,0
2025-03-31 02:00:00+00:00,3094.747,3107.289,3093.848,3106.648,19151,159,0
2025-03-31 03:00:00+00:00,3106.694,3111.695,3105.147,3107.138,13461,159,0
2025-03-31 04:00:00+00:00,3107.072,3115.938,3105.925,3113.29,7502,159,0
2025-03-31 05:00:00+00:00,3113.251,3120.089,3107.573,3116.585,10485,159,0
2025-03-31 06:00:00+00:00,3116.486,3128.165,3113.435,3119.246,15807,159,0
2025-03-31 07:00:00+00:00,3119.204,3125.435,3118.605,3124.523,13807,159,0
2025-03-31 08:00:00+00:00,3124.477,3127.156,3120.926,3122.168,9235,159,0
2025-03-31 09:00:00+00:00,3122.208,3123.32,3111.82,3114.882,9656,159,0
2025-03-31 10:00:00+00:00,3114.876,3123.688,3111.829,3118.443,10576,159,0
2025-03-31 11:00:00+00:00,3118.464,3119.675,3113.37,3119.48,9206,159,0
2025-03-31 12:00:00+00:00,3119.471,3126.736,3118.095,3124.488,13991,159,0
2025-03-31 13:00:00+00:00,3124.445,3124.743,3099.753,3113.513,33019,159,0
2025-03-31 14:00:00+00:00,3113.478,3123.625,3110.87,3123.117,26019,159,0
2025-03-31 15:00:00+00:00,3123.168,3127.237,3112.889,3113.807,16022,159,0
2025-03-31 16:00:00+00:00,3113.847,3120.708,3111.637,3117.558,10315,159,0
2025-03-31 17:00:00+00:00,3117.526,3120.315,3115.85,3117.905,8520,159,0
2025-03-31 18:00:00+00:00,3117.908,3123.404,3117.312,3121.473,6759,159,0
2025-03-31 19:00:00+00:00,3121.472,3124.652,3120.862,3124.36,6899,159,0
2025-03-31 20:00:00+00:00,3124.32,3124.789,3122.879,3124.071,3188,159,0
2025-03-31 22:00:00+00:00,3125.076,3125.986,3121.73,3122.791,2673,159,0
2025-03-31 23:00:00+00:00,3122.773,3126.447,3120.05,3120.581,4067,159,0
2025-04-01 00:00:00+00:00,3120.569,3127.979,3120.227,3127.26,6726,160,0
2025-04-01 01:00:00+00:00,3127.229,3138.232,3126.561,3135.442,18389,159,0
2025-04-01 02:00:00+00:00,3135.386,3145.697,3132.955,3145.131,15131,159,0
2025-04-01 03:00:00+00:00,3145.089,3147.335,3142.564,3146.028,9659,159,0
2025-04-01 04:00:00+00:00,3146.0,3147.929,3142.796,3144.721,6357,159,0
2025-04-01 05:00:00+00:00,3144.665,3149.059,3130.495,3132.07,13752,159,0
2025-04-01 06:00:00+00:00,3132.078,3138.11,3126.501,3133.728,22307,159,0
2025-04-01 07:00:00+00:00,3133.702,3137.72,3124.123,3127.638,13251,159,0
2025-04-01 08:00:00+00:00,3127.594,3135.678,3126.392,3130.909,10017,159,0
2025-04-01 09:00:00+00:00,3130.953,3134.106,3130.077,3132.344,6776,159,0
2025-04-01 10:00:00+00:00,3132.381,3138.997,3130.778,3132.412,9866,159,0
2025-04-01 11:00:00+00:00,3132.374,3135.854,3128.652,3130.319,9267,159,0
2025-04-01 12:00:00+00:00,3130.354,3134.596,3127.689,3133.235,11465,159,0
2025-04-01 13:00:00+00:00,3133.287,3137.075,3128.182,3133.932,18652,159,0
2025-04-01 14:00:00+00:00,3133.821,3135.383,3123.639,3128.694,23561,159,0
2025-04-01 15:00:00+00:00,3128.737,3133.03,3113.401,3113.725,19763,159,0
2025-04-01 16:00:00+00:00,3113.69,3116.834,3100.761,3106.653,23730,159,0
2025-04-01 17:00:00+00:00,3106.69,3114.534,3105.671,3113.641,9637,159,0
2025-04-01 18:00:00+00:00,3113.613,3118.692,3113.289,3114.183,6632,159,0
2025-04-01 19:00:00+00:00,3114.201,3119.037,3113.711,3118.723,5302,159,0
2025-04-01 20:00:00+00:00,3118.681,3120.866,3113.095,3114.291,3564,159,0
2025-04-01 22:00:00+00:00,3114.278,3114.935,3107.742,3111.381,4810,159,0
2025-04-01 23:00:00+00:00,3111.418,3116.213,3111.176,3115.168,4253,159,0
2025-04-02 00:00:00+00:00,3115.16,3123.709,3112.989,3122.897,8176,159,0
2025-04-02 01:00:00+00:00,3122.883,3135.382,3121.353,3133.162,17183,159,0
2025-04-02 02:00:00+00:00,3133.117,3135.703,3128.533,3128.61,10723,159,0
2025-04-02 03:00:00+00:00,3128.581,3132.148,3124.601,3125.489,7288,159,0
2025-04-02 04:00:00+00:00,3125.458,3126.779,3115.548,3116.192,6750,159,0
2025-04-02 05:00:00+00:00,3116.156,3119.193,3108.623,3117.978,13768,159,0
2025-04-02 06:00:00+00:00,3117.982,3119.701,3113.976,3116.541,9164,159,0
2025-04-02 07:00:00+00:00,3116.575,3126.039,3112.175,3125.309,8325,159,0
2025-04-02 08:00:00+00:00,3125.275,3133.878,3123.401,3131.311,10781,159,0
2025-04-02 09:00:00+00:00,3131.2,3131.568,3126.966,3130.997,7736,159,0
2025-04-02 10:00:00+00:00,3131.018,3131.351,3110.052,3114.405,11778,159,0
2025-04-02 11:00:00+00:00,3114.438,3123.889,3114.315,3121.23,10049,159,0
2025-04-02 12:00:00+00:00,3121.314,3127.435,3117.046,3122.471,10929,159,0
2025-04-02 13:00:00+00:00,3122.377,3132.192,3116.608,3122.316,22573,159,0
2025-04-02 14:00:00+00:00,3122.276,3129.388,3119.383,3124.859,13544,159,0
2025-04-02 15:00:00+00:00,3124.797,3128.189,3120.79,3125.863,10639,159,0
2025-04-02 16:00:00+00:00,3125.909,3134.396,3125.909,3131.47,11405,159,0
2025-04-02 17:00:00+00:00,3131.377,3131.414,3120.846,3123.541,9908,159,0
2025-04-02 18:00:00+00:00,3123.582,3126.181,3118.666,3121.907,7847,159,0
2025-04-02 19:00:00+00:00,3121.874,3127.32,3121.523,3124.385,5875,159,0
2025-04-02 20:00:00+00:00,3124.305,3141.772,3104.795,3134.072,49565,159,0
2025-04-02 22:00:00+00:00,3130.015,3148.105,3122.557,3145.789,33675,159,0
2025-04-02 23:00:00+00:00,3145.814,3167.792,3145.814,3162.703,22339,159,0
2025-04-03 00:00:00+00:00,3162.55,3164.804,3140.717,3151.32,32078,159,0
2025-04-03 01:00:00+00:00,3151.345,3163.038,3147.902,3153.397,35918,159,0
2025-04-03 02:00:00+00:00,3153.422,3155.355,3142.241,3145.192,17014,159,0
2025-04-03 03:00:00+00:00,3145.168,3152.229,3144.635,3148.066,16078,159,0
2025-04-03 04:00:00+00:00,3148.02,3149.659,3139.083,3140.371,10080,159,0
2025-04-03 05:00:00+00:00,3140.425,3141.021,3124.052,3131.888,22081,159,0
2025-04-03 06:00:00+00:00,3131.924,3134.169,3116.432,3127.644,25946,159,0
2025-04-03 07:00:00+00:00,3127.715,3130.173,3119.781,3128.957,18004,159,0
2025-04-03 08:00:00+00:00,3129.011,3132.039,3126.015,3129.007,12116,159,0
2025-04-03 09:00:00+00:00,3129.125,3129.599,3121.488,3121.522,15568,159,0
2025-04-03 10:00:00+00:00,3121.56,3122.972,3089.165,3095.53,31344,159,0
2025-04-03 11:00:00+00:00,3095.509,3100.037,3085.054,3093.188,28970,159,0
2025-04-03 12:00:00+00:00,3093.193,3094.763,3061.916,3076.261,35649,159,0
2025-04-03 13:00:00+00:00,3076.233,3093.478,3054.052,3086.168,52474,159,0
2025-04-03 14:00:00+00:00,3086.698,3135.605,3086.123,3128.939,47170,159,0
2025-04-03 15:00:00+00:00,3128.968,3129.563,3103.896,3110.553,32933,159,0
2025-04-03 16:00:00+00:00,3110.603,3114.282,3101.799,3107.551,17144,159,0
2025-04-03 17:00:00+00:00,3107.529,3109.928,3099.949,3109.5,13271,159,0
2025-04-03 18:00:00+00:00,3109.542,3111.677,3102.115,3111.586,8121,159,0
2025-04-03 19:00:00+00:00,3111.608,3113.296,3101.532,3107.575,9174,159,0
2025-04-03 20:00:00+00:00,3107.567,3119.971,3107.2,3113.145,6866,159,0
2025-04-03 22:00:00+00:00,3114.351,3116.719,3112.327,3115.387,4302,160,0
2025-04-03 23:00:00+00:00,3115.423,3116.274,3109.757,3112.884,6406,159,0
2025-04-04 00:00:00+00:00,3112.908,3115.052,3106.014,3110.582,10114,160,0
2025-04-04 01:00:00+00:00,3110.542,3115.792,3109.102,3109.875,10462,159,0
2025-04-04 02:00:00+00:00,3109.869,3112.974,3091.172,3096.727,16626,159,0
2025-04-04 03:00:00+00:00,3096.698,3099.098,3087.018,3098.409,16596,159,0
2025-04-04 04:00:00+00:00,3098.454,3105.014,3095.992,3100.157,10692,159,0
2025-04-04 05:00:00+00:00,3100.119,3108.908,3098.82,3108.908,10697,159,0
2025-04-04 06:00:00+00:00,3108.882,3109.927,3100.471,3101.083,10853,159,0
2025-04-04 07:00:00+00:00,3101.05,3103.435,3091.993,3092.85,17832,159,0
2025-04-04 08:00:00+00:00,3092.774,3094.121,3078.42,3084.201,17270,159,0
2025-04-04 09:00:00+00:00,3084.175,3095.913,3083.87,3090.725,13987,159,0
2025-04-04 10:00:00+00:00,3090.749,3116.204,3090.501,3110.314,29679,159,0
2025-04-04 11:00:00+00:00,3110.273,3136.756,3095.552,3110.242,48635,159,0
2025-04-04 12:00:00+00:00,3110.248,3111.823,3069.359,3071.138,50199,159,0
2025-04-04 13:00:00+00:00,3071.176,3087.424,3059.591,3061.802,48017,159,0
2025-04-04 14:00:00+00:00,3061.858,3061.858,3026.903,3038.414,54682,159,0
2025-04-04 15:00:00+00:00,3038.455,3050.522,3016.939,3021.951,51901,159,0
2025-04-04 16:00:00+00:00,3021.908,3036.782,3017.578,3030.875,29076,159,0
2025-04-04 17:00:00+00:00,3030.909,3032.932,3015.556,3025.754,25477,159,0
2025-04-04 18:00:00+00:00,3025.714,3027.883,3017.896,3025.483,15135,159,0
2025-04-04 19:00:00+00:00,3025.508,3040.953,3021.97,3036.427,20021,159,0
2025-04-04 20:00:00+00:00,3036.464,3040.904,3033.834,3038.506,9043,159,0
2025-04-06 22:00:00+00:00,3028.686,3032.445,2999.829,3009.937,18286,159,0
2025-04-06 23:00:00+00:00,3009.903,3017.168,2977.024,2999.944,28218,159,0
2025-04-07 00:00:00+00:00,2999.954,3009.65,2970.689,2978.978,34178,159,0
2025-04-07 01:00:00+00:00,2978.939,3055.777,2972.065,3038.425,76005,159,0
2025-04-07 02:00:00+00:00,3038.383,3055.804,3024.274,3025.844,37133,159,0
2025-04-07 03:00:00+00:00,3025.816,3034.082,3017.067,3018.882,22956,159,0
2025-04-07 04:00:00+00:00,3018.946,3035.68,3018.946,3035.47,14213,159,0
2025-04-07 05:00:00+00:00,3035.425,3044.629,3024.899,3032.007,20477,159,0
2025-04-07 06:00:00+00:00,3031.959,3033.584,3016.646,3029.858,29369,159,0
2025-04-07 07:00:00+00:00,3029.887,3030.798,3013.2,3018.569,37936,159,0
2025-04-07 08:00:00+00:00,3018.527,3035.525,3017.652,3031.228,24192,159,0
2025-04-07 09:00:00+00:00,3031.204,3033.443,3019.527,3025.163,20019,159,0
2025-04-07 10:00:00+00:00,3025.192,3036.473,3024.13,3031.415,21976,159,0
2025-04-07 11:00:00+00:00,3031.372,3046.148,3030.217,3031.27,24808,159,0
2025-04-07 12:00:00+00:00,3031.296,3032.943,3014.71,3031.166,37212,159,0
2025-04-07 13:00:00+00:00,3031.079,3034.194,3002.122,3015.48,49752,159,0
2025-04-07 14:00:00+00:00,3015.431,3038.037,2996.453,2999.271,75839,159,0
2025-04-07 15:00:00+00:00,2999.309,3004.852,2979.826,2987.491,42382,159,0
2025-04-07 16:00:00+00:00,2987.526,2987.842,2969.859,2970.538,26202,159,0
2025-04-07 17:00:00+00:00,2970.57,2975.196,2956.302,2970.05,35161,159,0
2025-04-07 18:00:00+00:00,2970.085,2976.717,2964.0,2965.824,17020,159,0
2025-04-07 19:00:00+00:00,2965.778,2982.129,2965.33,2976.636,16482,159,0
2025-04-07 20:00:00+00:00,2976.704,2986.197,2969.926,2982.355,8286,159,0
2025-04-07 22:00:00+00:00,2982.102,2988.651,2980.896,2986.678,6989,159,0
2025-04-07 23:00:00+00:00,2986.678,2987.403,2978.548,2981.328,7485,159,0
2025-04-08 00:00:00+00:00,2981.363,2992.659,2980.318,2985.399,15624,159,0
2025-04-08 01:00:00+00:00,2985.357,3003.183,2983.566,2999.716,27848,159,0
2025-04-08 02:00:00+00:00,2999.843,3004.834,2998.272,3000.82,13806,159,0
2025-04-08 03:00:00+00:00,3000.822,3001.059,2993.103,2994.741,12457,159,0
2025-04-08 04:00:00+00:00,2994.716,3002.901,2990.88,3002.229,10638,159,0
2025-04-08 05:00:00+00:00,3002.197,3008.36,2999.422,3005.599,13270,159,0
2025-04-08 06:00:00+00:00,3005.649,3015.779,3002.456,3013.25,18537,159,0
2025-04-08 07:00:00+00:00,3013.276,3013.914,3001.943,3003.607,20478,159,0
2025-04-08 08:00:00+00:00,3003.579,3009.322,3001.174,3007.426,10937,159,0
2025-04-08 09:00:00+00:00,3007.384,3007.785,2994.795,3006.824,13183,159,0
2025-04-08 10:00:00+00:00,3006.862,3010.257,3004.11,3008.971,8503,159,0
2025-04-08 11:00:00+00:00,3008.899,3019.502,3008.61,3017.379,10035,159,0
2025-04-08 12:00:00+00:00,3017.467,3019.434,3002.358,3002.509,17402,159,0
2025-04-08 13:00:00+00:00,3002.573,3022.746,3002.544,3010.414,27467,159,0
2025-04-08 14:00:00+00:00,3010.319,3018.197,3005.859,3006.181,20270,159,0
2025-04-08 15:00:00+00:00,3006.215,3012.395,3001.241,3001.545,14148,159,0
2025-04-08 16:00:00+00:00,3001.596,3001.596,2984.324,2986.021,16628,159,0
2025-04-08 17:00:00+00:00,2986.062,2987.407,2974.596,2985.158,18412,159,0
2025-04-08 18:00:00+00:00,2985.048,2990.792,2979.323,2983.636,6862,159,0
2025-04-08 19:00:00+00:00,2983.598,2987.565,2976.691,2984.959,9999,159,0
2025-04-08 20:00:00+00:00,2984.996,2986.554,2977.139,2982.305,5518,159,0
2025-04-08 22:00:00+00:00,2984.367,2985.462,2980.082,2981.925,5227,159,0
2025-04-08 23:00:00+00:00,2981.963,2990.846,2969.971,2978.367,11144,159,0
2025-04-09 00:00:00+00:00,2978.398,2987.058,2974.777,2980.345,18360,159,0
2025-04-09 01:00:00+00:00,2980.393,3009.843,2972.475,3008.771,32633,159,0
2025-04-09 02:00:00+00:00,3008.715,3011.253,2999.898,3002.983,15847,159,0
2025-04-09 03:00:00+00:00,3002.925,3009.809,3002.597,3004.464,11910,159,0
2025-04-09 04:00:00+00:00,3004.464,3014.175,2999.481,3012.337,14426,159,0
2025-04-09 05:00:00+00:00,3012.37,3020.537,3005.502,3015.45,18161,159,0
2025-04-09 06:00:00+00:00,3015.489,3040.918,3014.561,3039.033,22966,159,0
2025-04-09 07:00:00+00:00,3039.09,3052.419,3034.366,3041.091,21215,159,0
2025-04-09 08:00:00+00:00,3041.05,3051.205,3038.104,3044.052,14654,159,0
2025-04-09 09:00:00+00:00,3043.951,3049.68,3038.556,3045.013,11290,159,0
2025-04-09 10:00:00+00:00,3045.008,3046.967,3038.195,3042.884,12057,159,0
2025-04-09 11:00:00+00:00,3042.91,3068.139,3036.077,3066.596,27672,159,0
2025-04-09 12:00:00+00:00,3066.631,3073.032,3042.626,3047.418,29455,159,0
2025-04-09 13:00:00+00:00,3047.446,3077.986,3047.281,3075.372,33376,159,0
2025-04-09 14:00:00+00:00,3075.336,3084.64,3068.387,3070.576,21550,159,0
2025-04-09 15:00:00+00:00,3070.474,3087.778,3065.32,3086.288,15912,159,0
2025-04-09 16:00:00+00:00,3086.33,3094.764,3082.772,3092.332,12194,159,0
2025-04-09 17:00:00+00:00,3092.444,3099.069,3051.123,3059.983,46333,159,0
2025-04-09 18:00:00+00:00,3059.942,3073.556,3048.521,3067.141,29224,159,0
2025-04-09 19:00:00+00:00,3067.216,3099.69,3064.241,3093.574,22409,159,0
2025-04-09 20:00:00+00:00,3093.548,3095.544,3078.156,3083.131,9284,159,0
2025-04-09 22:00:00+00:00,3080.368,3089.976,3071.424,3080.057,8997,159,0
2025-04-09 23:00:00+00:00,3080.052,3089.028,3079.567,3086.784,8607,159,0
2025-04-10 00:00:00+00:00,3086.745,3101.439,3081.346,3097.182,16660,159,0
2025-04-10 01:00:00+00:00,3097.171,3100.632,3078.448,3094.078,23967,159,0
2025-04-10 02:00:00+00:00,3094.069,3120.381,3093.949,3119.296,22536,159,0
2025-04-10 03:00:00+00:00,3119.256,3131.834,3115.295,3125.405,14883,159,0
2025-04-10 04:00:00+00:00,3125.366,3129.401,3121.164,3125.325,8837,159,0
2025-04-10 05:00:00+00:00,3125.346,3132.57,3112.725,3122.424,12122,159,0
2025-04-10 06:00:00+00:00,3122.387,3126.345,3118.946,3122.103,12277,159,0
2025-04-10 07:00:00+00:00,3122.135,3123.501,3106.611,3108.703,15943,159,0
2025-04-10 08:00:00+00:00,3108.704,3115.783,3104.686,3105.075,14010,159,0
2025-04-10 09:00:00+00:00,3105.075,3118.057,3103.182,3116.574,11153,159,0
2025-04-10 10:00:00+00:00,3116.599,3122.605,3114.344,3119.767,10726,159,0
2025-04-10 11:00:00+00:00,3119.793,3125.656,3113.194,3124.648,12317,159,0
2025-04-10 12:00:00+00:00,3124.677,3133.993,3116.312,3123.114,22889,159,0
2025-04-10 13:00:00+00:00,3123.139,3136.632,3116.011,3116.997,26625,159,0
2025-04-10 14:00:00+00:00,3116.956,3154.886,3116.809,3154.647,27911,159,0
2025-04-10 15:00:00+00:00,3154.621,3174.993,3154.437,3157.996,23063,159,0
2025-04-10 16:00:00+00:00,3157.95,3167.242,3153.956,3158.613,22107,159,0
2025-04-10 17:00:00+00:00,3158.572,3165.573,3151.542,3162.772,14750,159,0
2025-04-10 18:00:00+00:00,3162.776,3175.692,3158.021,3173.326,11691,159,0
2025-04-10 19:00:00+00:00,3173.397,3176.428,3167.998,3170.773,10912,159,0
2025-04-10 20:00:00+00:00,3170.749,3176.428,3168.493,3175.69,5494,159,0
2025-04-10 22:00:00+00:00,3177.764,3190.332,3176.372,3188.888,9214,159,0
2025-04-10 23:00:00+00:00,3188.926,3191.324,3183.054,3188.972,8957,159,0
2025-04-11 00:00:00+00:00,3188.993,3217.907,3184.855,3205.6,26617,159,0
2025-04-11 01:00:00+00:00,3205.55,3219.465,3201.021,3207.168,31372,159,0
2025-04-11 02:00:00+00:00,3207.209,3219.899,3205.993,3217.395,16441,159,0
2025-04-11 03:00:00+00:00,3217.354,3220.133,3214.129,3217.686,10959,159,0
2025-04-11 04:00:00+00:00,3217.693,3218.141,3208.455,3208.601,9110,159,0
2025-04-11 05:00:00+00:00,3208.581,3219.286,3187.126,3195.822,24433,159,0
2025-04-11 06:00:00+00:00,3195.798,3209.574,3190.24,3197.219,22730,159,0
2025-04-11 07:00:00+00:00,3197.243,3213.122,3193.912,3212.406,17213,159,0
2025-04-11 08:00:00+00:00,3212.43,3227.451,3208.511,3215.949,21886,159,0
2025-04-11 09:00:00+00:00,3215.984,3230.155,3211.935,3227.78,15492,159,0
2025-04-11 10:00:00+00:00,3227.741,3237.84,3210.091,3212.572,18485,159,0
2025-04-11 11:00:00+00:00,3212.629,3224.701,3211.49,3213.872,17653,159,0
2025-04-11 12:00:00+00:00,3213.91,3234.017,3211.033,3233.669,21737,159,0
2025-04-11 13:00:00+00:00,3233.65,3244.125,3219.638,3224.124,31627,159,0
2025-04-11 14:00:00+00:00,3224.102,3237.819,3222.909,3230.264,27830,159,0
2025-04-11 15:00:00+00:00,3230.226,3242.093,3229.43,3240.577,15639,159,0
2025-04-11 16:00:00+00:00,3240.602,3245.436,3219.579,3223.263,16045,159,0
2025-04-11 17:00:00+00:00,3223.318,3235.575,3223.318,3233.951,15026,159,0
2025-04-11 18:00:00+00:00,3234.0,3238.305,3231.197,3235.738,8515,159,0
2025-04-11 19:00:00+00:00,3235.711,3235.711,3227.462,3231.084,9195,159,0
2025-04-11 20:00:00+00:00,3231.057,3238.968,3230.864,3237.519,5174,159,0
2025-04-13 22:00:00+00:00,3220.46,3224.725,3213.589,3221.291,10111,159,0
2025-04-13 23:00:00+00:00,3221.333,3224.548,3216.864,3223.805,9640,159,0
2025-04-14 00:00:00+00:00,3223.699,3227.234,3219.19,3221.016,9706,159,0
2025-04-14 01:00:00+00:00,3221.04,3243.574,3215.38,3239.702,22059,159,0
2025-04-14 02:00:00+00:00,3239.673,3245.757,3229.538,3231.958,14187,159,0
2025-04-14 03:00:00+00:00,3232.001,3234.741,3226.909,3232.444,8775,159,0
2025-04-14 04:00:00+00:00,3232.445,3235.8,3226.137,3227.431,7199,159,0
2025-04-14 05:00:00+00:00,3227.39,3236.043,3221.386,3234.408,10696,159,0
2025-04-14 06:00:00+00:00,3234.383,3238.198,3228.861,3231.059,11632,159,0
2025-04-14 07:00:00+00:00,3231.086,3233.725,3224.73,3228.013,10033,159,0
2025-04-14 08:00:00+00:00,3227.973,3230.07,3216.566,3227.023,14152,159,0
2025-04-14 09:00:00+00:00,3227.02,3231.713,3220.898,3223.843,10906,159,0
2025-04-14 10:00:00+00:00,3223.888,3224.735,3206.323,3215.266,15788,159,0
2025-04-14 11:00:00+00:00,3215.235,3225.796,3213.94,3223.359,11005,159,0
2025-04-14 12:00:00+00:00,3223.332,3227.712,3200.514,3206.788,20347,159,0
2025-04-14 13:00:00+00:00,3206.744,3210.684,3193.552,3204.628,30967,159,0
2025-04-14 14:00:00+00:00,3204.56,3215.725,3200.39,3211.223,9420,159,0
2025-04-14 15:00:00+00:00,3211.168,3211.192,3196.318,3198.051,15304,159,0
2025-04-14 16:00:00+00:00,3198.089,3208.308,3197.669,3207.542,9913,159,0
2025-04-14 17:00:00+00:00,3207.565,3216.602,3207.018,3214.045,9073,159,0
2025-04-14 18:00:00+00:00,3214.138,3214.877,3201.379,3208.11,7332,159,0
2025-04-14 19:00:00+00:00,3208.078,3213.083,3207.726,3212.699,6361,159,0
2025-04-14 20:00:00+00:00,3212.745,3213.821,3207.342,3210.376,3884,159,0
2025-04-14 22:00:00+00:00,3211.99,3215.246,3210.78,3212.216,3670,160,0
2025-04-14 23:00:00+00:00,3212.224,3214.198,3210.469,3212.599,3910,159,0
2025-04-15 00:00:00+00:00,3212.634,3215.168,3210.772,3211.862,6217,159,0
2025-04-15 01:00:00+00:00,3211.827,3225.98,3209.977,3223.662,13317,159,0
2025-04-15 02:00:00+00:00,3223.705,3225.039,3218.719,3224.349,7930,159,0
2025-04-15 03:00:00+00:00,3224.31,3228.966,3223.268,3228.304,7529,159,0
2025-04-15 04:00:00+00:00,3228.345,3232.649,3226.8,3231.835,5616,159,0
2025-04-15 05:00:00+00:00,3231.81,3232.135,3220.817,3224.644,8652,159,0
2025-04-15 06:00:00+00:00,3224.685,3228.756,3223.203,3225.109,7346,159,0
2025-04-15 07:00:00+00:00,3225.15,3226.511,3217.371,3225.671,9670,159,0
2025-04-15 08:00:00+00:00,3225.623,3232.153,3224.327,3227.693,10955,159,0
2025-04-15 09:00:00+00:00,3227.657,3230.075,3221.12,3222.458,6609,159,0
2025-04-15 10:00:00+00:00,3222.569,3226.898,3219.618,3220.219,6450,159,0
2025-04-15 11:00:00+00:00,3220.252,3224.077,3216.776,3220.164,7487,159,0
2025-04-15 12:00:00+00:00,3220.192,3226.175,3214.266,3221.485,11200,159,0
2025-04-15 13:00:00+00:00,3221.503,3226.364,3211.575,3213.122,13721,159,0
2025-04-15 14:00:00+00:00,3213.147,3226.861,3213.147,3222.683,15218,159,0
2025-04-15 15:00:00+00:00,3222.682,3224.059,3217.059,3221.371,7656,159,0
2025-04-15 16:00:00+00:00,3221.394,3223.366,3219.487,3221.473,5399,159,0
2025-04-15 17:00:00+00:00,3221.396,3230.722,3220.338,3228.017,5954,159,0
2025-04-15 18:00:00+00:00,3228.054,3229.68,3225.7,3229.074,5150,160,0
2025-04-15 19:00:00+00:00,3229.075,3231.872,3226.19,3229.793,5043,159,0
2025-04-15 20:00:00+00:00,3229.831,3233.674,3226.428,3229.808,4070,159,0
2025-04-15 22:00:00+00:00,3230.815,3242.184,3229.896,3241.366,5212,159,0
2025-04-15 23:00:00+00:00,3241.405,3251.826,3238.334,3251.78,8585,159,0
2025-04-16 00:00:00+00:00,3251.804,3268.064,3251.59,3264.5,15938,159,0
2025-04-16 01:00:00+00:00,3264.473,3275.079,3256.014,3270.215,18978,159,0
2025-04-16 02:00:00+00:00,3270.216,3275.424,3266.967,3267.764,10314,159,0
2025-04-16 03:00:00+00:00,3267.644,3281.75,3266.135,3281.401,9358,159,0
2025-04-16 04:00:00+00:00,3281.401,3287.624,3269.272,3283.733,10043,159,0
2025-04-16 05:00:00+00:00,3283.69,3291.785,3283.603,3289.746,9876,160,0
2025-04-16 06:00:00+00:00,3289.756,3295.042,3285.939,3291.759,11295,159,0
2025-04-16 07:00:00+00:00,3291.768,3300.663,3291.296,3300.41,13600,159,0
2025-04-16 08:00:00+00:00,3300.458,3317.821,3288.646,3307.048,23027,159,0
2025-04-16 09:00:00+00:00,3307.092,3310.906,3300.028,3303.581,11090,159,0
2025-04-16 10:00:00+00:00,3303.607,3306.801,3299.598,3304.074,8044,159,0
2025-04-16 11:00:00+00:00,3304.175,3313.723,3293.164,3306.842,16084,159,0
2025-04-16 12:00:00+00:00,3306.798,3313.432,3302.417,3307.343,14976,159,0
2025-04-16 13:00:00+00:00,3307.359,3316.499,3296.866,3311.571,20599,159,0
2025-04-16 14:00:00+00:00,3311.656,3319.62,3306.147,3308.425,20944,159,0
2025-04-16 15:00:00+00:00,3308.534,3328.14,3305.264,3325.328,16266,159,0
2025-04-16 16:00:00+00:00,3325.288,3332.947,3321.433,3327.249,12378,159,0
2025-04-16 17:00:00+00:00,3327.277,3332.84,3324.445,3328.122,10995,159,0
2025-04-16 18:00:00+00:00,3328.217,3340.726,3326.388,3338.31,10148,159,0
2025-04-16 19:00:00+00:00,3338.399,3342.497,3335.892,3336.667,8863,159,0
2025-04-16 20:00:00+00:00,3336.72,3342.703,3334.437,3342.198,5841,159,0
2025-04-16 22:00:00+00:00,3343.801,3357.758,3343.035,3351.033,8904,159,0
2025-04-16 23:00:00+00:00,3351.072,3353.445,3346.918,3350.133,7726,159,0
2025-04-17 00:00:00+00:00,3350.168,3351.299,3342.027,3345.454,12404,159,0
2025-04-17 01:00:00+00:00,3345.35,3356.281,3320.801,3323.912,34850,159,0
2025-04-17 02:00:00+00:00,3323.888,3340.653,3321.086,3340.42,17564,159,0
2025-04-17 03:00:00+00:00,3340.392,3344.57,3337.403,3344.57,10337,159,0
2025-04-17 04:00:00+00:00,3344.55,3344.55,3337.838,3341.485,8262,159,0
2025-04-17 05:00:00+00:00,3341.531,3345.47,3328.403,3329.429,10555,159,0
2025-04-17 06:00:00+00:00,3329.456,3332.994,3325.204,3328.931,14989,159,0
2025-04-17 07:00:00+00:00,3328.899,3330.073,3314.279,3323.323,17894,159,0
2025-04-17 08:00:00+00:00,3323.36,3324.848,3312.683,3324.206,11089,159,0
2025-04-17 09:00:00+00:00,3324.234,3326.897,3320.594,3321.613,8458,159,0
2025-04-17 10:00:00+00:00,3321.593,3334.172,3321.047,3327.687,9802,159,0
2025-04-17 11:00:00+00:00,3327.711,3332.47,3322.372,3327.371,9757,159,0
2025-04-17 12:00:00+00:00,3327.322,3342.361,3322.144,3328.196,17129,159,0
2025-04-17 13:00:00+00:00,3328.22,3332.014,3311.946,3315.081,24910,159,0
2025-04-17 14:00:00+00:00,3315.055,3315.055,3283.822,3291.249,38241,159,0
2025-04-17 15:00:00+00:00,3291.293,3304.818,3290.592,3296.431,19308,159,0
2025-04-17 16:00:00+00:00,3296.335,3318.717,3294.904,3316.087,14310,159,0
2025-04-17 17:00:00+00:00,3316.136,3322.489,3314.291,3319.023,10017,159,0
2025-04-17 18:00:00+00:00,3318.998,3320.91,3314.317,3316.432,6303,159,0
2025-04-17 19:00:00+00:00,3316.404,3321.881,3310.958,3320.74,7117,159,0
2025-04-17 20:00:00+00:00,3320.691,3328.838,3317.975,3327.671,5337,159,0
2025-04-20 22:00:00+00:00,3331.849,3353.168,3331.288,3345.968,13362,159,0
2025-04-20 23:00:00+00:00,3345.971,3351.79,3343.395,3348.078,10293,159,0
2025-04-21 00:00:00+00:00,3348.191,3370.641,3347.487,3368.678,16541,159,0
2025-04-21 01:00:00+00:00,3368.718,3378.54,3367.298,3377.481,20526,159,0
2025-04-21 02:00:00+00:00,3377.496,3384.981,3374.217,3384.798,12952,159,0
2025-04-21 03:00:00+00:00,3384.757,3385.294,3378.257,3382.472,9965,159,0
2025-04-21 04:00:00+00:00,3382.465,3382.465,3369.558,3376.349,9180,159,0
2025-04-21 05:00:00+00:00,3376.359,3385.867,3375.877,3385.373,11659,159,0
2025-04-21 06:00:00+00:00,3385.398,3393.195,3382.468,3392.261,12891,159,0
2025-04-21 07:00:00+00:00,3392.237,3396.018,3381.82,3385.058,11822,159,0
2025-04-21 08:00:00+00:00,3385.031,3394.255,3383.647,3392.777,9209,159,0
2025-04-21 09:00:00+00:00,3392.775,3397.037,3390.907,3394.893,9045,159,0
2025-04-21 10:00:00+00:00,3394.901,3397.841,3391.986,3394.941,8150,159,0
2025-04-21 11:00:00+00:00,3394.905,3405.924,3386.401,3404.443,12442,159,0
2025-04-21 12:00:00+00:00,3404.499,3415.743,3398.008,3414.886,15476,159,0
2025-04-21 13:00:00+00:00,3414.86,3426.785,3405.142,3420.522,27606,159,0
2025-04-21 14:00:00+00:00,3420.423,3430.279,3408.889,3416.721,23715,159,0
2025-04-21 15:00:00+00:00,3416.754,3426.144,3407.934,3422.941,17806,159,0
2025-04-21 16:00:00+00:00,3422.897,3424.042,3410.246,3414.596,11938,159,0
2025-04-21 17:00:00+00:00,3414.648,3422.894,3406.013,3422.507,11454,159,0
2025-04-21 18:00:00+00:00,3422.554,3426.671,3417.65,3426.48,8308,159,0
2025-04-21 19:00:00+00:00,3426.425,3430.547,3417.436,3423.431,8682,159,0
2025-04-21 20:00:00+00:00,3423.458,3427.26,3419.628,3424.875,5156,159,0
2025-04-21 22:00:00+00:00,3423.892,3435.874,3423.892,3431.058,8394,159,0
2025-04-21 23:00:00+00:00,3431.096,3444.257,3429.332,3434.548,13381,159,0
2025-04-22 00:00:00+00:00,3434.524,3435.457,3412.18,3425.491,25741,159,0
2025-04-22 01:00:00+00:00,3425.503,3455.063,3421.55,3452.935,25920,159,0
2025-04-22 02:00:00+00:00,3452.981,3476.065,3442.45,3473.119,22463,159,0
2025-04-22 03:00:00+00:00,3473.092,3494.771,3472.064,3487.776,20703,159,0
2025-04-22 04:00:00+00:00,3487.894,3488.525,3479.558,3484.412,13308,159,0
2025-04-22 05:00:00+00:00,3484.52,3495.58,3473.467,3494.319,18597,159,0
2025-04-22 06:00:00+00:00,3494.344,3500.033,3475.243,3479.725,33141,159,0
2025-04-22 07:00:00+00:00,3479.756,3480.684,3460.861,3468.67,27130,159,0
2025-04-22 08:00:00+00:00,3468.671,3472.681,3443.156,3443.965,19422,159,0
2025-04-22 09:00:00+00:00,3443.993,3458.79,3443.989,3454.619,17977,159,0
2025-04-22 10:00:00+00:00,3454.619,3468.278,3451.34,3452.297,17014,159,0
2025-04-22 11:00:00+00:00,3452.291,3461.272,3448.08,3456.721,14012,159,0
2025-04-22 12:00:00+00:00,3456.706,3464.803,3424.256,3431.593,30888,159,0
2025-04-22 13:00:00+00:00,3431.63,3449.676,3408.594,3418.726,47296,159,0
2025-04-22 14:00:00+00:00,3418.735,3438.966,3418.034,3429.945,26091,159,0
2025-04-22 15:00:00+00:00,3430.043,3433.198,3410.299,3417.72,22715,159,0
2025-04-22 16:00:00+00:00,3417.678,3421.033,3371.994,3393.038,49245,159,0
2025-04-22 17:00:00+00:00,3392.991,3410.317,3386.07,3401.863,29085,159,0
2025-04-22 18:00:00+00:00,3401.837,3402.588,3373.195,3381.398,15324,159,0
2025-04-22 19:00:00+00:00,3381.488,3385.798,3366.718,3374.789,16424,159,0
2025-04-22 20:00:00+00:00,3374.818,3382.706,3373.296,3381.379,8108,159,0
2025-04-22 22:00:00+00:00,3337.522,3347.056,3315.831,3327.933,26567,159,0
2025-04-22 23:00:00+00:00,3327.957,3349.967,3326.849,3336.561,19821,159,0
2025-04-23 00:00:00+00:00,3336.607,3371.275,3334.606,3367.865,21021,159,0
2025-04-23 01:00:00+00:00,3367.949,3386.661,3359.01,3379.26,40808,159,0
2025-04-23 02:00:00+00:00,3379.252,3379.981,3348.658,3354.221,25277,159,0
2025-04-23 03:00:00+00:00,3354.141,3355.615,3329.203,3338.878,29574,159,0
2025-04-23 04:00:00+00:00,3338.943,3347.184,3335.676,3346.759,10162,159,0
2025-04-23 05:00:00+00:00,3346.651,3349.334,3315.936,3319.116,25607,159,0
2025-04-23 06:00:00+00:00,3319.14,3325.952,3291.763,3301.119,38621,159,0
2025-04-23 07:00:00+00:00,3301.148,3320.551,3301.148,3319.13,18836,159,0
2025-04-23 08:00:00+00:00,3319.185,3321.545,3305.439,3321.508,12977,159,0
2025-04-23 09:00:00+00:00,3321.589,3340.536,3317.24,3317.745,16394,159,0
2025-04-23 10:00:00+00:00,3317.718,3336.394,3316.661,3330.039,13668,159,0
2025-04-23 11:00:00+00:00,3330.084,3339.051,3321.675,3324.594,15662,159,0
2025-04-23 12:00:00+00:00,3324.677,3333.359,3310.629,3310.851,22587,159,0
2025-04-23 13:00:00+00:00,3310.812,3313.727,3271.118,3277.522,47378,159,0
2025-04-23 14:00:00+00:00,3277.458,3296.293,3260.042,3287.45,44977,159,0
2025-04-23 15:00:00+00:00,3287.49,3294.394,3269.103,3280.373,35539,159,0
2025-04-23 16:00:00+00:00,3280.428,3305.6,3279.135,3295.157,18838,159,0
2025-04-23 17:00:00+00:00,3295.043,3301.472,3277.789,3281.391,17454,159,0
2025-04-23 18:00:00+00:00,3281.35,3287.004,3277.891,3282.783,9350,159,0
2025-04-23 19:00:00+00:00,3282.791,3297.206,3282.629,3293.849,9924,159,0
2025-04-23 20:00:00+00:00,3293.943,3295.81,3283.939,3288.376,7160,159,0
2025-04-23 22:00:00+00:00,3295.004,3315.908,3294.975,3309.087,10335,159,0
2025-04-23 23:00:00+00:00,3309.143,3316.882,3308.248,3316.384,6206,159,0
2025-04-24 00:00:00+00:00,3316.351,3339.142,3313.286,3331.803,18412,159,0
2025-04-24 01:00:00+00:00,3331.703,3367.543,3330.792,3357.466,38690,159,0
2025-04-24 02:00:00+00:00,3357.44,3363.43,3335.746,3342.155,23135,159,0
2025-04-24 03:00:00+00:00,3342.13,3342.715,3320.548,3327.074,17649,159,0
2025-04-24 04:00:00+00:00,3326.906,3331.788,3325.779,3326.107,8314,159,0
2025-04-24 05:00:00+00:00,3326.133,3335.561,3320.466,3323.753,12739,159,0
2025-04-24 06:00:00+00:00,3323.711,3328.147,3314.775,3324.581,22351,159,0
2025-04-24 07:00:00+00:00,3324.554,3339.837,3323.096,3333.586,17933,159,0
2025-04-24 08:00:00+00:00,3333.733,3341.615,3327.282,3336.126,11437,159,0
2025-04-24 09:00:00+00:00,3336.165,3342.9,3325.428,3335.659,11451,159,0
2025-04-24 10:00:00+00:00,3335.709,3336.728,3325.627,3329.889,9604,159,0
2025-04-24 11:00:00+00:00,3329.85,3343.988,3329.544,3336.959,12237,159,0
2025-04-24 12:00:00+00:00,3336.948,3344.719,3335.423,3335.936,14371,159,0
2025-04-24 13:00:00+00:00,3335.907,3336.214,3312.552,3315.348,27793,159,0
2025-04-24 14:00:00+00:00,3315.376,3330.405,3306.737,3327.519,25661,159,0
2025-04-24 15:00:00+00:00,3327.486,3330.496,3319.528,3329.391,16467,159,0
2025-04-24 16:00:00+00:00,3329.365,3335.388,3322.437,3331.6,12275,159,0
2025-04-24 17:00:00+00:00,3331.593,3338.699,3329.954,3336.724,9765,159,0
2025-04-24 18:00:00+00:00,3336.711,3340.339,3333.675,3334.737,6698,159,0
2025-04-24 19:00:00+00:00,3334.762,3347.037,3333.42,3342.226,6708,159,0
2025-04-24 20:00:00+00:00,3342.266,3349.961,3338.128,3349.37,5749,159,0
2025-04-24 22:00:00+00:00,3353.183,3370.789,3352.716,3367.039,8303,159,0
2025-04-24 23:00:00+00:00,3367.071,3368.189,3346.946,3348.976,12743,159,0
2025-04-25 00:00:00+00:00,3348.951,3361.361,3347.281,3357.678,15265,159,0
2025-04-25 01:00:00+00:00,3357.653,3363.12,3342.906,3345.67,18199,159,0
2025-04-25 02:00:00+00:00,3345.769,3353.412,3344.552,3348.666,11812,159,0
2025-04-25 03:00:00+00:00,3348.713,3354.206,3322.632,3323.655,13169,159,0
2025-04-25 04:00:00+00:00,3323.681,3327.775,3316.342,3324.78,17349,159,0
2025-04-25 05:00:00+00:00,3324.802,3327.19,3287.012,3294.521,25437,159,0
2025-04-25 06:00:00+00:00,3294.309,3306.304,3287.493,3304.448,24215,159,0
2025-04-25 07:00:00+00:00,3304.406,3314.553,3303.105,3307.377,14167,159,0
2025-04-25 08:00:00+00:00,3307.408,3307.905,3291.903,3303.669,13814,159,0
2025-04-25 09:00:00+00:00,3303.704,3308.754,3292.03,3292.091,12248,159,0
2025-04-25 10:00:00+00:00,3292.066,3306.419,3291.956,3298.027,11417,159,0
2025-04-25 11:00:00+00:00,3298.019,3300.98,3287.911,3293.455,11581,159,0
2025-04-25 12:00:00+00:00,3293.426,3303.054,3291.059,3292.683,14836,159,0
2025-04-25 13:00:00+00:00,3292.644,3292.9,3265.072,3281.289,38113,159,0
2025-04-25 14:00:00+00:00,3281.138,3287.235,3274.602,3277.937,21703,159,0
2025-04-25 15:00:00+00:00,3278.037,3285.519,3270.161,3282.883,13216,159,0
2025-04-25 16:00:00+00:00,3282.89,3287.517,3280.338,3285.328,8444,159,0
2025-04-25 17:00:00+00:00,3285.368,3295.167,3281.848,3293.341,11420,159,0
2025-04-25 18:00:00+00:00,3293.291,3297.008,3288.403,3288.412,7191,159,0
2025-04-25 19:00:00+00:00,3288.455,3312.464,3287.864,3304.818,9929,159,0
2025-04-25 20:00:00+00:00,3304.856,3319.24,3304.569,3318.726,7500,159,0
2025-04-27 22:00:00+00:00,3325.64,3330.229,3309.114,3310.701,11156,159,0
2025-04-27 23:00:00+00:00,3310.708,3318.166,3298.606,3302.739,14533,159,0
2025-04-28 00:00:00+00:00,3302.791,3315.965,3301.594,3314.158,15776,159,0
2025-04-28 01:00:00+00:00,3314.14,3315.282,3279.148,3280.9,29547,159,0
2025-04-28 02:00:00+00:00,3280.937,3286.405,3268.074,3280.778,21240,159,0
2025-04-28 03:00:00+00:00,3280.825,3295.163,3280.372,3290.902,11070,159,0
2025-04-28 04:00:00+00:00,3290.894,3299.052,3288.637,3298.901,8079,159,0
2025-04-28 05:00:00+00:00,3298.913,3301.054,3287.817,3295.08,10523,159,0
2025-04-28 06:00:00+00:00,3295.089,3296.49,3281.838,3283.399,13487,159,0
2025-04-28 07:00:00+00:00,3283.427,3292.577,3277.645,3287.466,14424,159,0
2025-04-28 08:00:00+00:00,3287.44,3288.551,3279.197,3282.622,8365,159,0
2025-04-28 09:00:00+00:00,3282.657,3287.36,3274.487,3274.507,9419,159,0
2025-04-28 10:00:00+00:00,3274.54,3291.904,3273.225,3289.553,10445,159,0
2025-04-28 11:00:00+00:00,3289.566,3297.183,3284.888,3294.202,10526,159,0
2025-04-28 12:00:00+00:00,3294.225,3302.284,3292.707,3295.977,12679,159,0
2025-04-28 13:00:00+00:00,3296.043,3301.31,3286.823,3293.222,20920,159,0
2025-04-28 14:00:00+00:00,3293.134,3333.189,3293.11,3328.593,26438,159,0
2025-04-28 15:00:00+00:00,3328.568,3336.044,3319.071,3325.005,18398,159,0
2025-04-28 16:00:00+00:00,3325.035,3339.258,3324.496,3336.556,13283,159,0
2025-04-28 17:00:00+00:00,3336.581,3340.193,3333.226,3335.299,9701,159,0
2025-04-28 18:00:00+00:00,3335.273,3349.842,3333.902,3349.015,9872,159,0
2025-04-28 19:00:00+00:00,3349.05,3353.004,3345.582,3352.076,8187,159,0
2025-04-28 20:00:00+00:00,3352.107,3352.38,3342.333,3344.194,4875,159,0
2025-04-28 22:00:00+00:00,3345.965,3348.677,3332.362,3338.11,9776,159,0
2025-04-28 23:00:00+00:00,3338.076,3342.929,3333.821,3337.61,9501,159,0
2025-04-29 00:00:00+00:00,3337.643,3339.062,3327.72,3329.946,11514,159,0
2025-04-29 01:00:00+00:00,3329.993,3340.039,3322.768,3326.465,18739,159,0
2025-04-29 02:00:00+00:00,3326.441,3333.824,3319.325,3320.583,13646,159,0
2025-04-29 03:00:00+00:00,3320.601,3321.616,3308.016,3316.03,15421,159,0
2025-04-29 04:00:00+00:00,3316.057,3318.199,3306.692,3309.374,8172,159,0
2025-04-29 05:00:00+00:00,3309.345,3316.566,3305.084,3310.341,10402,159,0
2025-04-29 06:00:00+00:00,3310.349,3323.895,3308.746,3318.78,11808,159,0
2025-04-29 07:00:00+00:00,3318.766,3323.228,3312.292,3323.042,8956,159,0
2025-04-29 08:00:00+00:00,3323.066,3324.9,3311.674,3311.887,7660,159,0
2025-04-29 09:00:00+00:00,3311.862,3315.961,3308.655,3309.103,7995,159,0
2025-04-29 10:00:00+00:00,3309.007,3315.542,3306.159,3312.914,8570,159,0
2025-04-29 11:00:00+00:00,3312.94,3316.017,3307.916,3309.416,9008,159,0
2025-04-29 12:00:00+00:00,3309.358,3314.623,3300.378,3312.869,16125,159,0
2025-04-29 13:00:00+00:00,3312.798,3321.374,3299.783,3306.985,26530,159,0
2025-04-29 14:00:00+00:00,3307.01,3317.757,3299.649,3314.464,19927,159,0
2025-04-29 15:00:00+00:00,3314.579,3315.634,3305.233,3312.455,12732,159,0
2025-04-29 16:00:00+00:00,3312.477,3330.013,3312.187,3328.718,10480,159,0
2025-04-29 17:00:00+00:00,3328.763,3329.694,3314.221,3314.399,8346,159,0
2025-04-29 18:00:00+00:00,3314.368,3320.062,3313.26,3319.977,8130,159,0
2025-04-29 19:00:00+00:00,3320.015,3324.957,3317.887,3320.535,8103,159,0
2025-04-29 20:00:00+00:00,3320.51,3323.498,3316.956,3317.338,4556,159,0
2025-04-29 22:00:00+00:00,3317.26,3323.37,3315.968,3318.859,4988,159,0
2025-04-29 23:00:00+00:00,3318.955,3319.374,3310.949,3317.122,6041,159,0
2025-04-30 00:00:00+00:00,3317.122,3327.971,3311.429,3313.083,11277,159,0
2025-04-30 01:00:00+00:00,3313.161,3322.721,3307.799,3308.233,12979,159,0
2025-04-30 02:00:00+00:00,3308.207,3313.187,3305.048,3306.72,10463,159,0
2025-04-30 03:00:00+00:00,3306.74,3311.262,3303.782,3304.753,8416,159,0
2025-04-30 04:00:00+00:00,3304.765,3308.905,3301.326,3308.044,6828,160,0
2025-04-30 05:00:00+00:00,3308.069,3314.658,3307.623,3309.5,8368,159,0
2025-04-30 06:00:00+00:00,3309.532,3311.256,3304.931,3305.877,8555,159,0
2025-04-30 07:00:00+00:00,3305.844,3314.646,3303.125,3307.203,7786,159,0
2025-04-30 08:00:00+00:00,3307.242,3307.704,3280.266,3284.573,18343,159,0
2025-04-30 09:00:00+00:00,3284.539,3286.863,3275.076,3276.008,10727,159,0
2025-04-30 10:00:00+00:00,3275.983,3280.799,3271.84,3272.633,9150,159,0
2025-04-30 11:00:00+00:00,3272.634,3281.671,3268.3,3272.319,11411,159,0
2025-04-30 12:00:00+00:00,3272.343,3304.816,3266.901,3298.655,26990,159,0
2025-04-30 13:00:00+00:00,3298.633,3319.742,3296.205,3309.125,27264,159,0
2025-04-30 14:00:00+00:00,3309.082,3313.725,3292.863,3309.931,29530,159,0
2025-04-30 15:00:00+00:00,3309.889,3314.697,3299.044,3307.955,19281,159,0
2025-04-30 16:00:00+00:00,3308.073,3314.279,3307.056,3310.788,11326,159,0
2025-04-30 17:00:00+00:00,3310.751,3313.461,3304.943,3305.324,8900,159,0
2025-04-30 18:00:00+00:00,3305.295,3307.793,3300.397,3301.701,9981,159,0
2025-04-30 19:00:00+00:00,3301.728,3305.784,3292.086,3295.883,8412,159,0
2025-04-30 20:00:00+00:00,3295.808,3297.987,3283.085,3288.521,8590,159,0
2025-04-30 22:00:00+00:00,3287.87,3288.182,3271.297,3274.043,11770,159,0
2025-04-30 23:00:00+00:00,3274.071,3285.35,3269.738,3272.887,11626,159,0
2025-05-01 00:00:00+00:00,3272.922,3276.323,3241.146,3246.641,27290,159,0
2025-05-01 01:00:00+00:00,3246.603,3251.359,3234.502,3238.862,18179,159,0
2025-05-01 02:00:00+00:00,3238.887,3251.637,3235.161,3241.586,14220,159,0
2025-05-01 03:00:00+00:00,3241.5,3242.628,3228.894,3229.493,15790,159,0
2025-05-01 04:00:00+00:00,3229.496,3231.994,3221.264,3226.772,13192,159,0
2025-05-01 05:00:00+00:00,3226.757,3238.822,3223.359,3236.714,13228,159,0
2025-05-01 06:00:00+00:00,3236.688,3243.171,3233.861,3235.673,14195,159,0
2025-05-01 07:00:00+00:00,3235.671,3236.872,3226.086,3230.192,11278,159,0
2025-05-01 08:00:00+00:00,3230.149,3236.752,3229.928,3235.145,7594,159,0
2025-05-01 09:00:00+00:00,3235.169,3236.276,3215.873,3218.563,10091,159,0
2025-05-01 10:00:00+00:00,3218.529,3225.41,3213.618,3222.982,9889,159,0
2025-05-01 11:00:00+00:00,3223.007,3227.153,3203.334,3205.502,13795,159,0
2025-05-01 12:00:00+00:00,3205.465,3232.721,3201.862,3226.841,24871,159,0
2025-05-01 13:00:00+00:00,3226.815,3233.32,3218.755,3224.685,24668,159,0
2025-05-01 14:00:00+00:00,3224.814,3231.564,3214.307,3219.034,27926,159,0
2025-05-01 15:00:00+00:00,3219.16,3221.839,3205.044,3216.475,15150,159,0
2025-05-01 16:00:00+00:00,3216.437,3220.567,3208.912,3219.536,11057,159,0
2025-05-01 17:00:00+00:00,3219.548,3220.778,3209.85,3214.656,9271,159,0
2025-05-01 18:00:00+00:00,3214.628,3226.802,3212.825,3223.861,8457,159,0
2025-05-01 19:00:00+00:00,3223.908,3229.776,3223.908,3228.25,7305,159,0
2025-05-01 20:00:00+00:00,3228.236,3239.834,3228.039,3238.216,7702,159,0
2025-05-01 22:00:00+00:00,3240.879,3243.531,3232.532,3237.985,7861,159,0
2025-05-01 23:00:00+00:00,3238.011,3241.599,3234.725,3237.253,6412,159,0
2025-05-02 00:00:00+00:00,3237.291,3244.301,3227.533,3231.311,13811,159,0
2025-05-02 01:00:00+00:00,3231.277,3237.501,3231.277,3236.369,11185,159,0
2025-05-02 02:00:00+00:00,3236.405,3249.398,3235.905,3248.008,10686,159,0
2025-05-02 03:00:00+00:00,3248.049,3258.758,3245.816,3254.916,9392,159,0
2025-05-02 04:00:00+00:00,3255.02,3257.525,3250.433,3251.749,8105,159,0
2025-05-02 05:00:00+00:00,3251.777,3256.965,3249.536,3251.869,7261,159,0
2025-05-02 06:00:00+00:00,3251.973,3262.39,3246.314,3252.922,11515,159,0
2025-05-02 07:00:00+00:00,3252.944,3263.343,3251.588,3258.895,9735,159,0
2025-05-02 08:00:00+00:00,3258.992,3261.643,3255.249,3258.045,8461,159,0
2025-05-02 09:00:00+00:00,3258.09,3267.214,3255.161,3265.212,9946,159,0
2025-05-02 10:00:00+00:00,3265.246,3265.742,3257.317,3259.392,8479,159,0
2025-05-02 11:00:00+00:00,3259.504,3269.242,3258.046,3262.698,9677,159,0
2025-05-02 12:00:00+00:00,3262.684,3264.933,3249.847,3250.417,23703,159,0
2025-05-02 13:00:00+00:00,3250.369,3259.65,3239.49,3250.486,31124,159,0
2025-05-02 14:00:00+00:00,3250.525,3264.589,3242.133,3262.748,23931,159,0
2025-05-02 15:00:00+00:00,3262.776,3264.195,3230.19,3231.601,21530,159,0
2025-05-02 16:00:00+00:00,3231.604,3236.314,3222.721,3224.904,22308,159,0
2025-05-02 17:00:00+00:00,3224.954,3239.823,3223.543,3231.44,15166,159,0
2025-05-02 18:00:00+00:00,3231.479,3232.459,3224.268,3226.455,9384,159,0
2025-05-02 19:00:00+00:00,3226.48,3234.576,3226.48,3233.555,9505,159,0
2025-05-02 20:00:00+00:00,3233.581,3241.232,3232.627,3240.947,5915,159,0
2025-05-04 22:00:00+00:00,3238.49,3244.213,3237.49,3239.53,7653,159,0
2025-05-04 23:00:00+00:00,3239.601,3252.3,3238.864,3247.922,9663,159,0
2025-05-05 00:00:00+00:00,3247.981,3248.745,3241.18,3246.704,9114,159,0
2025-05-05 01:00:00+00:00,3246.753,3271.092,3246.547,3264.76,15109,159,0
2025-05-05 02:00:00+00:00,3264.712,3272.429,3259.654,3270.186,12303,159,0
2025-05-05 03:00:00+00:00,3270.213,3271.286,3253.107,3254.585,11827,159,0
2025-05-05 04:00:00+00:00,3254.55,3259.447,3253.616,3256.461,7885,159,0
2025-05-05 05:00:00+00:00,3256.517,3262.079,3254.089,3259.733,8630,159,0
2025-05-05 06:00:00+00:00,3259.628,3265.705,3256.775,3262.183,10949,159,0
2025-05-05 07:00:00+00:00,3262.227,3267.748,3258.676,3264.76,10156,159,0
2025-05-05 08:00:00+00:00,3264.82,3282.886,3263.06,3282.653,11287,159,0
2025-05-05 09:00:00+00:00,3282.681,3308.963,3282.157,3308.625,17419,159,0
2025-05-05 10:00:00+00:00,3308.706,3318.643,3308.549,3313.274,14089,159,0
2025-05-05 11:00:00+00:00,3313.233,3318.985,3311.35,3312.919,10260,159,0
2025-05-05 12:00:00+00:00,3312.801,3322.547,3312.776,3319.591,13532,159,0
2025-05-05 13:00:00+00:00,3319.555,3321.089,3311.87,3315.294,15025,159,0
2025-05-05 14:00:00+00:00,3315.482,3328.838,3309.793,3312.629,21870,159,0
2025-05-05 15:00:00+00:00,3312.633,3317.882,3309.006,3312.065,14722,159,0
2025-05-05 16:00:00+00:00,3312.028,3313.556,3305.577,3309.774,11495,159,0
2025-05-05 17:00:00+00:00,3309.797,3318.239,3309.14,3317.129,8891,159,0
2025-05-05 18:00:00+00:00,3317.104,3323.598,3313.874,3323.141,7978,159,0
2025-05-05 19:00:00+00:00,3323.223,3337.678,3322.778,3328.793,11606,159,0
2025-05-05 20:00:00+00:00,3328.76,3334.764,3328.647,3333.919,5926,159,0
2025-05-05 22:00:00+00:00,3336.247,3338.052,3327.401,3330.642,6675,159,0
2025-05-05 23:00:00+00:00,3330.662,3335.084,3328.886,3334.031,6806,159,0
2025-05-06 00:00:00+00:00,3334.038,3334.4,3323.139,3329.569,12824,159,0
2025-05-06 01:00:00+00:00,3329.618,3381.795,3329.618,3379.645,39287,159,0
2025-05-06 02:00:00+00:00,3379.601,3387.099,3356.451,3358.395,25963,159,0
2025-05-06 03:00:00+00:00,3358.487,3372.425,3352.407,3360.401,19683,159,0
2025-05-06 04:00:00+00:00,3360.395,3366.213,3356.066,3363.248,11610,159,0
2025-05-06 05:00:00+00:00,3363.279,3364.017,3350.152,3362.038,15461,159,0
2025-05-06 06:00:00+00:00,3361.99,3367.984,3358.763,3364.654,13011,159,0
2025-05-06 07:00:00+00:00,3364.73,3379.653,3364.73,3371.2,14161,159,0
2025-05-06 08:00:00+00:00,3371.313,3383.152,3368.547,3377.243,13119,159,0
2025-05-06 09:00:00+00:00,3377.161,3383.227,3371.432,3383.135,10901,159,0
2025-05-06 10:00:00+00:00,3383.186,3383.816,3376.66,3383.576,9581,159,0
2025-05-06 11:00:00+00:00,3383.527,3385.084,3373.731,3379.123,11229,159,0
2025-05-06 12:00:00+00:00,3379.145,3392.407,3373.128,3391.025,15694,159,0
2025-05-06 13:00:00+00:00,3391.005,3397.595,3387.824,3391.781,23926,159,0
2025-05-06 14:00:00+00:00,3391.747,3398.022,3378.227,3386.302,21292,159,0
2025-05-06 15:00:00+00:00,3386.18,3399.895,3385.3,3395.051,11760,159,0
2025-05-06 16:00:00+00:00,3395.083,3411.672,3394.673,3408.809,12925,159,0
2025-05-06 17:00:00+00:00,3408.85,3417.839,3407.439,3414.054,12271,159,0
2025-05-06 18:00:00+00:00,3414.081,3417.504,3410.231,3415.566,8172,159,0
2025-05-06 19:00:00+00:00,3415.591,3424.077,3412.565,3423.168,8398,159,0
2025-05-06 20:00:00+00:00,3423.139,3435.016,3419.165,3430.343,9658,159,0
2025-05-06 22:00:00+00:00,3420.702,3424.802,3380.514,3381.489,32787,159,0
2025-05-06 23:00:00+00:00,3381.518,3404.778,3376.84,3400.68,22404,159,0
2025-05-07 00:00:00+00:00,3400.723,3401.666,3360.747,3379.565,33583,159,0
2025-05-07 01:00:00+00:00,3379.612,3385.204,3360.068,3374.737,30566,159,0
2025-05-07 02:00:00+00:00,3374.739,3393.909,3371.935,3390.613,20240,159,0
2025-05-07 03:00:00+00:00,3390.568,3392.595,3370.039,3375.541,14768,159,0
2025-05-07 04:00:00+00:00,3375.519,3387.53,3374.962,3382.118,10718,159,0
2025-05-07 05:00:00+00:00,3382.14,3389.548,3378.597,3387.906,12102,159,0
2025-05-07 06:00:00+00:00,3387.909,3395.827,3387.389,3392.418,12105,159,0
2025-05-07 07:00:00+00:00,3392.423,3397.425,3383.715,3387.991,11360,159,0
2025-05-07 08:00:00+00:00,3387.971,3388.622,3378.198,3382.803,10888,159,0
2025-05-07 09:00:00+00:00,3382.803,3385.2,3369.591,3369.976,10988,159,0
2025-05-07 10:00:00+00:00,3369.941,3393.387,3369.186,3391.389,13687,159,0
2025-05-07 11:00:00+00:00,3391.437,3391.56,3383.695,3387.083,10030,159,0
2025-05-07 12:00:00+00:00,3387.055,3393.798,3384.039,3390.907,13225,159,0
2025-05-07 13:00:00+00:00,3390.87,3398.082,3381.226,3394.47,21613,159,0
2025-05-07 14:00:00+00:00,3394.445,3394.681,3375.662,3385.814,20726,159,0
2025-05-07 15:00:00+00:00,3385.888,3389.576,3381.943,3385.27,13616,159,0
2025-05-07 16:00:00+00:00,3385.224,3389.751,3378.861,3386.933,9686,159,0
2025-05-07 17:00:00+00:00,3386.889,3389.888,3383.774,3385.194,9366,159,0
2025-05-07 18:00:00+00:00,3385.15,3398.001,3376.028,3384.565,30490,159,0
2025-05-07 19:00:00+00:00,3384.649,3387.008,3363.692,3371.832,26215,159,0
2025-05-07 20:00:00+00:00,3371.954,3374.566,3363.791,3364.21,8888,159,0
2025-05-07 22:00:00+00:00,3366.954,3373.861,3366.75,3369.978,6792,159,0
2025-05-07 23:00:00+00:00,3369.974,3377.185,3369.619,3376.488,5687,159,0
2025-05-08 00:00:00+00:00,3376.515,3386.927,3373.777,3380.569,11909,159,0
2025-05-08 01:00:00+00:00,3380.595,3409.704,3379.018,3408.631,23367,159,0
2025-05-08 02:00:00+00:00,3408.662,3414.851,3402.08,3402.08,17132,159,0
2025-05-08 03:00:00+00:00,3402.065,3408.473,3395.739,3396.864,13253,159,0
2025-05-08 04:00:00+00:00,3396.839,3399.385,3382.033,3382.125,12176,159,0
2025-05-08 05:00:00+00:00,3382.174,3384.272,3354.949,3355.404,22206,159,0
2025-05-08 06:00:00+00:00,3355.442,3361.968,3320.263,3329.842,37708,159,0
2025-05-08 07:00:00+00:00,3329.799,3349.278,3327.167,3342.956,20269,159,0
2025-05-08 08:00:00+00:00,3342.892,3344.249,3337.059,3339.371,12411,159,0
2025-05-08 09:00:00+00:00,3339.335,3344.359,3331.176,3331.992,12126,159,0
2025-05-08 10:00:00+00:00,3331.994,3346.695,3330.39,3342.54,12271,159,0
2025-05-08 11:00:00+00:00,3342.498,3345.492,3339.196,3344.378,9611,159,0
2025-05-08 12:00:00+00:00,3344.311,3358.611,3343.165,3356.149,14843,159,0
2025-05-08 13:00:00+00:00,3356.119,3369.602,3354.646,3356.076,20994,159,0
2025-05-08 14:00:00+00:00,3356.133,3362.988,3350.762,3356.533,22336,159,0
2025-05-08 15:00:00+00:00,3356.562,3360.052,3326.804,3330.509,28755,159,0
2025-05-08 16:00:00+00:00,3330.47,3330.47,3304.341,3310.29,26603,159,0
2025-05-08 17:00:00+00:00,3310.325,3311.204,3297.806,3308.272,20296,159,0
2025-05-08 18:00:00+00:00,3308.374,3310.992,3305.608,3308.425,9125,159,0
2025-05-08 19:00:00+00:00,3308.472,3310.051,3288.697,3306.384,14150,159,0
2025-05-08 20:00:00+00:00,3306.434,3310.842,3303.828,3306.319,7253,159,0
2025-05-08 22:00:00+00:00,3308.508,3323.957,3306.525,3323.882,10824,159,0
2025-05-08 23:00:00+00:00,3323.808,3324.007,3311.99,3316.412,7655,159,0
2025-05-09 00:00:00+00:00,3316.448,3323.138,3308.806,3322.205,11485,159,0
2025-05-09 01:00:00+00:00,3322.134,3322.558,3286.67,3291.343,27120,159,0
2025-05-09 02:00:00+00:00,3291.229,3308.604,3274.664,3308.264,26415,159,0
2025-05-09 03:00:00+00:00,3308.237,3313.395,3299.622,3308.106,16084,159,0
2025-05-09 04:00:00+00:00,3308.099,3327.574,3308.099,3324.621,11362,159,0
2025-05-09 05:00:00+00:00,3324.607,3330.32,3312.926,3321.464,13784,159,0
2025-05-09 06:00:00+00:00,3321.436,3326.837,3315.226,3325.496,13035,159,0
2025-05-09 07:00:00+00:00,3325.431,3332.264,3322.403,3327.074,11621,159,0
2025-05-09 08:00:00+00:00,3327.208,3328.991,3320.217,3328.514,10444,159,0
2025-05-09 09:00:00+00:00,3328.542,3329.335,3323.491,3325.103,7795,159,0
2025-05-09 10:00:00+00:00,3325.063,3329.938,3321.979,3323.337,6732,159,0
2025-05-09 11:00:00+00:00,3323.231,3338.367,3323.231,3332.962,14074,159,0
2025-05-09 12:00:00+00:00,3333.066,3335.722,3329.116,3333.581,11617,159,0
2025-05-09 13:00:00+00:00,3333.549,3340.369,3328.669,3330.719,17400,159,0
2025-05-09 14:00:00+00:00,3330.77,3341.241,3320.298,3337.155,20641,159,0
2025-05-09 15:00:00+00:00,3337.134,3346.044,3336.134,3345.04,13687,159,0
2025-05-09 16:00:00+00:00,3345.143,3347.556,3336.361,3336.893,10445,159,0
2025-05-09 17:00:00+00:00,3336.868,3342.551,3336.016,3340.927,7698,159,0
2025-05-09 18:00:00+00:00,3340.983,3343.004,3336.269,3338.725,5917,159,0
2025-05-09 19:00:00+00:00,3338.703,3339.859,3325.441,3328.802,8070,159,0
2025-05-09 20:00:00+00:00,3328.76,3330.295,3325.142,3326.805,5122,159,0
2025-05-11 22:00:00+00:00,3282.255,3292.606,3266.71,3272.689,14872,159,0
2025-05-11 23:00:00+00:00,3272.696,3288.87,3265.847,3287.534,17482,159,0
2025-05-12 00:00:00+00:00,3287.506,3289.998,3272.151,3279.172,18244,159,0
2025-05-12 01:00:00+00:00,3279.199,3282.238,3258.751,3271.896,31466,159,0
2025-05-12 02:00:00+00:00,3271.869,3279.922,3269.533,3272.146,16302,159,0
2025-05-12 03:00:00+00:00,3272.041,3284.785,3270.461,3283.25,11875,159,0
2025-05-12 04:00:00+00:00,3283.214,3283.662,3275.558,3278.852,8504,159,0
2025-05-12 05:00:00+00:00,3278.896,3279.731,3268.46,3276.094,11552,159,0
2025-05-12 06:00:00+00:00,3276.133,3281.651,3272.976,3277.442,14654,159,0
2025-05-12 07:00:00+00:00,3277.489,3277.737,3216.131,3222.685,50870,159,0
2025-05-12 08:00:00+00:00,3222.718,3234.462,3220.582,3231.386,28912,159,0
2025-05-12 09:00:00+00:00,3231.418,3231.418,3212.993,3215.262,16399,159,0
2025-05-12 10:00:00+00:00,3215.236,3219.499,3207.693,3208.112,16717,159,0
2025-05-12 11:00:00+00:00,3208.059,3229.36,3207.758,3224.811,18151,159,0
2025-05-12 12:00:00+00:00,3224.777,3234.355,3220.326,3233.717,17904,159,0
2025-05-12 13:00:00+00:00,3233.635,3248.609,3231.777,3240.927,34528,159,0
2025-05-12 14:00:00+00:00,3240.861,3247.733,3233.447,3237.545,27656,159,0
2025-05-12 15:00:00+00:00,3237.588,3244.029,3232.741,3239.262,15155,159,0
2025-05-12 16:00:00+00:00,3239.237,3240.138,3223.261,3224.236,12930,159,0
2025-05-12 17:00:00+00:00,3224.256,3227.628,3221.123,3223.204,10618,159,0
2025-05-12 18:00:00+00:00,3223.208,3230.062,3220.295,3229.662,7578,159,0
2025-05-12 19:00:00+00:00,3229.701,3238.872,3228.845,3235.394,10634,159,0
2025-05-12 20:00:00+00:00,3235.355,3238.401,3232.562,3234.271,4734,159,0
2025-05-12 22:00:00+00:00,3239.778,3241.807,3229.864,3233.906,7167,159,0
2025-05-12 23:00:00+00:00,3233.915,3240.079,3233.445,3236.88,6189,159,0
2025-05-13 00:00:00+00:00,3236.906,3243.286,3233.876,3239.888,10771,159,0
2025-05-13 01:00:00+00:00,3239.833,3243.399,3215.868,3225.111,20939,159,0
2025-05-13 02:00:00+00:00,3225.188,3241.349,3223.155,3228.921,15951,159,0
2025-05-13 03:00:00+00:00,3228.855,3238.429,3228.193,3236.743,10175,159,0
2025-05-13 04:00:00+00:00,3236.719,3253.566,3234.881,3252.526,9095,159,0
2025-05-13 05:00:00+00:00,3252.551,3260.722,3251.154,3256.566,11516,159,0
2025-05-13 06:00:00+00:00,3256.534,3265.659,3247.343,3261.92,13017,159,0
2025-05-13 07:00:00+00:00,3261.968,3264.958,3254.282,3259.098,10792,159,0
2025-05-13 08:00:00+00:00,3259.139,3261.284,3250.405,3255.569,9751,159,0
2025-05-13 09:00:00+00:00,3255.537,3256.614,3250.521,3253.386,8266,159,0
2025-05-13 10:00:00+00:00,3253.394,3256.229,3251.114,3252.834,6781,159,0
2025-05-13 11:00:00+00:00,3252.799,3258.576,3248.716,3249.14,10021,159,0
2025-05-13 12:00:00+00:00,3249.098,3249.952,3237.302,3241.778,21054,159,0
2025-05-13 13:00:00+00:00,3241.742,3246.929,3227.234,3227.563,27259,159,0
2025-05-13 14:00:00+00:00,3227.531,3248.713,3225.476,3242.666,20011,159,0
2025-05-13 15:00:00+00:00,3242.686,3255.827,3241.996,3253.325,13937,159,0
2025-05-13 16:00:00+00:00,3253.293,3257.818,3248.666,3250.997,10003,159,0
2025-05-13 17:00:00+00:00,3251.03,3252.778,3242.044,3247.003,8644,159,0
2025-05-13 18:00:00+00:00,3247.052,3250.767,3245.692,3248.675,6038,159,0
2025-05-13 19:00:00+00:00,3248.75,3251.207,3246.375,3249.324,6158,159,0
2025-05-13 20:00:00+00:00,3249.355,3254.818,3248.043,3249.942,4200,159,0
2025-05-13 22:00:00+00:00,3252.408,3254.606,3249.432,3254.526,4231,159,0
2025-05-13 23:00:00+00:00,3254.521,3257.115,3252.133,3254.425,4536,159,0
2025-05-14 00:00:00+00:00,3254.388,3254.658,3240.533,3243.755,11575,159,0
2025-05-14 01:00:00+00:00,3243.852,3251.798,3237.202,3238.942,16653,159,0
2025-05-14 02:00:00+00:00,3238.832,3241.472,3229.098,3232.792,13813,159,0
2025-05-14 03:00:00+00:00,3232.762,3233.732,3226.212,3228.366,10514,159,0
2025-05-14 04:00:00+00:00,3228.37,3230.429,3222.541,3224.028,9592,159,0
2025-05-14 05:00:00+00:00,3223.985,3234.364,3221.57,3233.77,10008,159,0
2025-05-14 06:00:00+00:00,3233.804,3236.701,3227.682,3228.722,10283,159,0
2025-05-14 07:00:00+00:00,3228.747,3238.874,3224.235,3238.085,12300,159,0
2025-05-14 08:00:00+00:00,3237.99,3243.897,3230.385,3232.551,14309,159,0
2025-05-14 09:00:00+00:00,3232.598,3236.536,3229.094,3232.291,12081,159,0
2025-05-14 10:00:00+00:00,3232.224,3236.571,3229.611,3235.753,8714,159,0
2025-05-14 11:00:00+00:00,3235.78,3239.201,3219.436,3220.132,10584,159,0
2025-05-14 12:00:00+00:00,3220.142,3222.52,3184.11,3184.754,33078,159,0
2025-05-14 13:00:00+00:00,3184.797,3198.332,3174.904,3191.406,39374,159,0
2025-05-14 14:00:00+00:00,3191.374,3194.272,3179.328,3181.799,22793,159,0
2025-05-14 15:00:00+00:00,3181.823,3186.701,3179.059,3182.674,16200,159,0
2025-05-14 16:00:00+00:00,3182.629,3190.941,3173.685,3188.543,14683,159,0
2025-05-14 17:00:00+00:00,3188.51,3190.537,3180.869,3181.923,11734,159,0
2025-05-14 18:00:00+00:00,3181.958,3183.024,3171.671,3171.93,8651,159,0
2025-05-14 19:00:00+00:00,3171.971,3181.508,3167.933,3180.587,10282,159,0
2025-05-14 20:00:00+00:00,3180.613,3183.254,3177.075,3178.241,5055,159,0
2025-05-14 22:00:00+00:00,3179.701,3183.97,3179.506,3182.706,5134,159,0
2025-05-14 23:00:00+00:00,3182.772,3187.312,3181.188,3186.098,4858,159,0
2025-05-15 00:00:00+00:00,3186.043,3187.918,3180.196,3187.826,8793,159,0
2025-05-15 01:00:00+00:00,3187.787,3192.713,3171.238,3172.483,16554,159,0
2025-05-15 02:00:00+00:00,3172.451,3175.584,3150.081,3154.223,20151,159,0
2025-05-15 03:00:00+00:00,3154.194,3157.025,3148.315,3150.594,11818,159,0
2025-05-15 04:00:00+00:00,3150.546,3152.579,3135.539,3138.574,10515,159,0
2025-05-15 05:00:00+00:00,3138.679,3143.102,3123.365,3128.902,14407,159,0
2025-05-15 06:00:00+00:00,3128.977,3153.863,3120.649,3149.896,21605,159,0
2025-05-15 07:00:00+00:00,3149.848,3151.965,3130.565,3142.318,18487,159,0
2025-05-15 08:00:00+00:00,3142.244,3164.334,3139.065,3162.614,13961,159,0
2025-05-15 09:00:00+00:00,3162.568,3171.646,3159.344,3165.273,11816,159,0
2025-05-15 10:00:00+00:00,3165.307,3179.142,3164.118,3178.219,11266,159,0
2025-05-15 11:00:00+00:00,3178.267,3180.019,3172.414,3179.18,10697,159,0
2025-05-15 12:00:00+00:00,3179.141,3189.913,3177.501,3188.79,16939,159,0
2025-05-15 13:00:00+00:00,3188.83,3199.765,3185.17,3192.233,27010,159,0
2025-05-15 14:00:00+00:00,3192.192,3207.164,3190.439,3205.336,22779,159,0
2025-05-15 15:00:00+00:00,3205.294,3220.088,3204.578,3219.74,13673,159,0
2025-05-15 16:00:00+00:00,3219.78,3222.768,3215.873,3222.398,8785,159,0
2025-05-15 17:00:00+00:00,3222.437,3229.185,3216.398,3221.212,9835,159,0
2025-05-15 18:00:00+00:00,3221.251,3225.934,3219.75,3223.184,7146,159,0
2025-05-15 19:00:00+00:00,3223.225,3232.731,3222.255,3232.037,7762,159,0
2025-05-15 20:00:00+00:00,3231.901,3240.704,3231.094,3240.471,6288,159,0
2025-05-15 22:00:00+00:00,3239.605,3252.132,3236.929,3251.038,8702,159,0
2025-05-15 23:00:00+00:00,3251.081,3251.236,3236.489,3237.15,11795,159,0
2025-05-16 00:00:00+00:00,3237.175,3244.029,3232.013,3243.152,16015,159,0
2025-05-16 01:00:00+00:00,3243.223,3244.615,3214.907,3222.256,21855,159,0
2025-05-16 02:00:00+00:00,3222.23,3227.501,3212.804,3215.472,14780,159,0
2025-05-16 03:00:00+00:00,3215.422,3217.452,3206.518,3211.889,13655,159,0
2025-05-16 04:00:00+00:00,3211.969,3222.557,3211.729,3219.576,9483,159,0
2025-05-16 05:00:00+00:00,3219.508,3222.34,3211.964,3218.54,11238,159,0
2025-05-16 06:00:00+00:00,3218.515,3231.343,3212.835,3214.899,13584,159,0
2025-05-16 07:00:00+00:00,3214.864,3217.978,3205.365,3207.69,13878,159,0
2025-05-16 08:00:00+00:00,3207.572,3209.298,3195.518,3207.488,11750,159,0
2025-05-16 09:00:00+00:00,3207.415,3212.954,3203.742,3209.211,10036,159,0
2025-05-16 10:00:00+00:00,3209.307,3211.146,3168.921,3175.921,19221,159,0
2025-05-16 11:00:00+00:00,3175.95,3179.288,3154.289,3163.119,21613,159,0
2025-05-16 12:00:00+00:00,3163.149,3182.086,3154.881,3177.431,25561,159,0
2025-05-16 13:00:00+00:00,3177.472,3186.693,3169.409,3180.653,29459,159,0
2025-05-16 14:00:00+00:00,3180.685,3188.606,3165.997,3173.342,24544,159,0
2025-05-16 15:00:00+00:00,3173.366,3185.2,3172.703,3183.479,13819,159,0
2025-05-16 16:00:00+00:00,3183.5,3189.758,3180.432,3189.406,10899,159,0
2025-05-16 17:00:00+00:00,3189.358,3192.157,3183.468,3189.388,8649,159,0
2025-05-16 18:00:00+00:00,3189.411,3191.222,3184.804,3187.399,6851,159,0
2025-05-16 19:00:00+00:00,3187.445,3195.763,3187.413,3192.615,7649,159,0
2025-05-16 20:00:00+00:00,3192.583,3202.928,3192.132,3202.217,8684,159,0
2025-05-18 22:00:00+00:00,3214.226,3240.839,3211.645,3239.282,15020,159,0
2025-05-18 23:00:00+00:00,3239.289,3245.254,3226.552,3234.91,13699,159,0
2025-05-19 00:00:00+00:00,3234.947,3249.812,3233.486,3246.513,16637,159,0
2025-05-19 01:00:00+00:00,3246.479,3246.822,3214.577,3218.453,25191,159,0
2025-05-19 02:00:00+00:00,3218.473,3230.112,3217.069,3228.604,14279,159,0
2025-05-19 03:00:00+00:00,3228.65,3230.547,3208.04,3212.27,12424,159,0
2025-05-19 04:00:00+00:00,3212.228,3218.2,3206.584,3215.842,8489,159,0
2025-05-19 05:00:00+00:00,3215.882,3224.287,3214.877,3223.939,10280,159,0
2025-05-19 06:00:00+00:00,3223.963,3231.694,3220.222,3224.253,14671,159,0
2025-05-19 07:00:00+00:00,3224.211,3234.64,3224.074,3232.389,13567,159,0
2025-05-19 08:00:00+00:00,3232.361,3244.937,3229.973,3244.348,11690,159,0
2025-05-19 09:00:00+00:00,3244.362,3247.562,3233.576,3242.046,11652,159,0
2025-05-19 10:00:00+00:00,3242.025,3245.302,3234.159,3241.708,8826,159,0
2025-05-19 11:00:00+00:00,3241.693,3248.535,3239.083,3243.82,8070,159,0
2025-05-19 12:00:00+00:00,3243.817,3244.444,3228.836,3229.35,12891,159,0
2025-05-19 13:00:00+00:00,3229.308,3241.661,3224.556,3229.999,23022,159,0
2025-05-19 14:00:00+00:00,3229.951,3236.24,3217.216,3233.939,19144,159,0
2025-05-19 15:00:00+00:00,3233.937,3239.832,3229.603,3231.662,12464,159,0
2025-05-19 16:00:00+00:00,3231.687,3234.278,3228.069,3231.903,8807,159,0
2025-05-19 17:00:00+00:00,3231.871,3233.257,3225.598,3226.413,8415,159,0
2025-05-19 18:00:00+00:00,3226.459,3235.189,3225.166,3233.528,6284,159,0
2025-05-19 19:00:00+00:00,3233.564,3235.866,3231.623,3233.01,5534,159,0
2025-05-19 20:00:00+00:00,3233.056,3233.771,3228.048,3230.334,4274,159,0
2025-05-19 22:00:00+00:00,3229.311,3230.416,3224.589,3226.731,4250,159,0
2025-05-19 23:00:00+00:00,3226.73,3227.434,3219.097,3222.532,6391,159,0
2025-05-20 00:00:00+00:00,3222.561,3224.249,3214.095,3222.792,11133,159,0
2025-05-20 01:00:00+00:00,3222.807,3232.77,3220.539,3221.119,14844,159,0
2025-05-20 02:00:00+00:00,3221.156,3223.056,3206.386,3206.65,15014,159,0
2025-05-20 03:00:00+00:00,3206.678,3214.158,3204.521,3211.446,11070,159,0
2025-05-20 04:00:00+00:00,3211.394,3218.011,3211.187,3217.189,7919,159,0
2025-05-20 05:00:00+00:00,3217.21,3219.837,3209.885,3213.759,10528,159,0
2025-05-20 06:00:00+00:00,3213.724,3219.255,3208.615,3209.793,11428,159,0
2025-05-20 07:00:00+00:00,3209.84,3225.46,3207.946,3222.843,10546,159,0
2025-05-20 08:00:00+00:00,3222.819,3235.914,3218.275,3235.859,10259,159,0
2025-05-20 09:00:00+00:00,3235.955,3239.366,3230.508,3236.436,12015,159,0
2025-05-20 10:00:00+00:00,3236.403,3238.449,3231.891,3235.354,6193,159,0
2025-05-20 11:00:00+00:00,3235.314,3241.651,3235.132,3241.138,6812,159,0
2025-05-20 12:00:00+00:00,3241.236,3250.828,3234.38,3242.867,12586,159,0
2025-05-20 13:00:00+00:00,3242.749,3261.738,3232.837,3261.035,23765,159,0
2025-05-20 14:00:00+00:00,3261.217,3285.886,3260.678,3282.496,34856,159,0
2025-05-20 15:00:00+00:00,3282.596,3283.586,3273.342,3277.264,17000,159,0
2025-05-20 16:00:00+00:00,3277.239,3282.596,3275.204,3278.812,9047,159,0
2025-05-20 17:00:00+00:00,3278.859,3287.838,3278.28,3286.428,8527,159,0
2025-05-20 18:00:00+00:00,3286.453,3289.736,3284.189,3287.646,7657,159,0
2025-05-20 19:00:00+00:00,3287.683,3295.172,3287.256,3294.078,7225,159,0
2025-05-20 20:00:00+00:00,3294.13,3295.73,3289.243,3289.937,5367,159,0
2025-05-20 22:00:00+00:00,3291.7,3304.072,3290.809,3296.885,11859,159,0
2025-05-20 23:00:00+00:00,3296.808,3296.878,3288.505,3290.695,9226,159,0
2025-05-21 00:00:00+00:00,3290.734,3304.23,3288.959,3303.386,11604,159,0
2025-05-21 01:00:00+00:00,3303.426,3314.689,3285.42,3294.597,24995,159,0
2025-05-21 02:00:00+00:00,3294.566,3305.293,3289.306,3301.736,14655,159,0
2025-05-21 03:00:00+00:00,3301.733,3309.732,3299.164,3307.544,9187,159,0
2025-05-21 04:00:00+00:00,3307.505,3308.294,3301.133,3302.143,7472,159,0
2025-05-21 05:00:00+00:00,3302.104,3319.643,3298.404,3316.441,12288,159,0
2025-05-21 06:00:00+00:00,3316.415,3320.765,3310.737,3320.024,14055,159,0
2025-05-21 07:00:00+00:00,3319.985,3320.035,3307.76,3309.906,11655,159,0
2025-05-21 08:00:00+00:00,3309.933,3312.28,3303.946,3308.507,10426,159,0
2025-05-21 09:00:00+00:00,3308.508,3313.541,3307.12,3313.5,9048,159,0
2025-05-21 10:00:00+00:00,3313.597,3318.285,3308.568,3311.708,9629,159,0
2025-05-21 11:00:00+00:00,3311.725,3316.456,3306.539,3311.249,9916,159,0
2025-05-21 12:00:00+00:00,3311.243,3312.685,3290.693,3302.621,22225,159,0
2025-05-21 13:00:00+00:00,3302.648,3309.535,3295.404,3303.618,22021,159,0
2025-05-21 14:00:00+00:00,3303.54,3307.764,3295.27,3304.364,19052,159,0
2025-05-21 15:00:00+00:00,3304.347,3315.216,3303.53,3311.978,13548,159,0
2025-05-21 16:00:00+00:00,3312.004,3314.664,3302.758,3303.074,9954,159,0
2025-05-21 17:00:00+00:00,3303.16,3316.351,3302.811,3316.312,14168,159,0
2025-05-21 18:00:00+00:00,3316.394,3316.445,3311.908,3314.332,8074,159,0
2025-05-21 19:00:00+00:00,3314.359,3324.897,3314.359,3318.38,10307,159,0
2025-05-21 20:00:00+00:00,3318.423,3319.846,3313.164,3315.567,6451,159,0
2025-05-21 22:00:00+00:00,3319.029,3321.078,3315.583,3317.967,6900,159,0
2025-05-21 23:00:00+00:00,3317.96,3324.213,3317.26,3320.082,7026,159,0
2025-05-22 00:00:00+00:00,3320.143,3326.302,3319.389,3323.774,10045,159,0
2025-05-22 01:00:00+00:00,3323.78,3342.942,3320.376,3338.147,19001,159,0
2025-05-22 02:00:00+00:00,3338.095,3344.73,3336.582,3341.187,12809,159,0
2025-05-22 03:00:00+00:00,3341.2,3345.43,3334.868,3335.44,9555,159,0
2025-05-22 04:00:00+00:00,3335.451,3339.192,3332.704,3338.646,7105,159,0
2025-05-22 05:00:00+00:00,3338.614,3339.502,3326.198,3332.309,8847,159,0
2025-05-22 06:00:00+00:00,3332.276,3335.723,3325.538,3326.403,11814,159,0
2025-05-22 07:00:00+00:00,3326.511,3331.268,3322.608,3327.621,12480,159,0
2025-05-22 08:00:00+00:00,3327.636,3329.873,3310.168,3311.228,15721,159,0
2025-05-22 09:00:00+00:00,3311.176,3313.942,3304.139,3304.77,13704,159,0
2025-05-22 10:00:00+00:00,3304.701,3307.474,3288.476,3289.694,16235,159,0
2025-05-22 11:00:00+00:00,3289.669,3314.721,3282.977,3314.466,19227,159,0
2025-05-22 12:00:00+00:00,3314.428,3314.526,3300.907,3304.181,21597,159,0
2025-05-22 13:00:00+00:00,3304.134,3315.775,3286.88,3287.816,29420,159,0
2025-05-22 14:00:00+00:00,3287.774,3304.565,3279.252,3296.994,22355,159,0
2025-05-22 15:00:00+00:00,3296.961,3298.804,3281.474,3294.675,19814,159,0
2025-05-22 16:00:00+00:00,3294.722,3304.818,3291.108,3301.596,11470,159,0
2025-05-22 17:00:00+00:00,3301.582,3301.747,3290.167,3296.683,11407,159,0
2025-05-22 18:00:00+00:00,3296.66,3298.901,3292.311,3293.886,7711,159,0
2025-05-22 19:00:00+00:00,3293.924,3297.165,3288.982,3290.255,7702,159,0
2025-05-22 20:00:00+00:00,3290.301,3295.648,3289.593,3294.61,4971,159,0
2025-05-22 22:00:00+00:00,3295.987,3299.421,3295.117,3297.679,4667,160,0
2025-05-22 23:00:00+00:00,3297.716,3302.011,3297.285,3300.146,5242,159,0
2025-05-23 00:00:00+00:00,3300.172,3308.908,3286.942,3301.0,17195,159,0
2025-05-23 01:00:00+00:00,3301.031,3306.532,3295.907,3305.172,17463,159,0
2025-05-23 02:00:00+00:00,3305.237,3305.376,3290.949,3296.862,11538,159,0
2025-05-23 03:00:00+00:00,3296.826,3303.424,3296.511,3302.07,7767,159,0
2025-05-23 04:00:00+00:00,3302.097,3316.186,3301.915,3313.667,8427,159,0
2025-05-23 05:00:00+00:00,3313.584,3325.685,3312.51,3323.926,11450,159,0
2025-05-23 06:00:00+00:00,3323.825,3332.048,3322.995,3330.977,12548,159,0
2025-05-23 07:00:00+00:00,3331.075,3334.502,3326.757,3329.145,10172,159,0
2025-05-23 08:00:00+00:00,3329.191,3329.471,3322.548,3326.336,8898,159,0
2025-05-23 09:00:00+00:00,3326.394,3334.027,3324.867,3328.785,9424,159,0
2025-05-23 10:00:00+00:00,3328.674,3331.863,3323.352,3328.672,8261,159,0
2025-05-23 11:00:00+00:00,3328.662,3349.78,3324.505,3347.926,28633,159,0
2025-05-23 12:00:00+00:00,3347.966,3360.466,3344.809,3356.968,35067,159,0
2025-05-23 13:00:00+00:00,3356.937,3364.62,3337.165,3340.067,38204,159,0
2025-05-23 14:00:00+00:00,3340.005,3359.645,3336.612,3359.185,23930,159,0
2025-05-23 15:00:00+00:00,3359.232,3362.489,3352.074,3361.655,15291,159,0
2025-05-23 16:00:00+00:00,3361.687,3364.517,3357.155,3358.939,10381,159,0
2025-05-23 17:00:00+00:00,3358.953,3365.925,3356.348,3362.668,9326,159,0
2025-05-23 18:00:00+00:00,3362.687,3365.876,3361.11,3361.923,6501,159,0
2025-05-23 19:00:00+00:00,3361.947,3365.793,3358.279,3360.785,7513,159,0
2025-05-23 20:00:00+00:00,3360.743,3361.7,3356.103,3356.295,5516,159,0
2025-05-25 22:00:00+00:00,3352.095,3352.48,3341.349,3344.326,14450,159,0
2025-05-25 23:00:00+00:00,3344.376,3350.711,3341.41,3342.691,8482,159,0
2025-05-26 00:00:00+00:00,3342.73,3346.211,3331.39,3341.932,14227,159,0
2025-05-26 01:00:00+00:00,3341.968,3347.707,3335.554,3344.967,15660,159,0
2025-05-26 02:00:00+00:00,3344.934,3356.859,3343.246,3348.214,12255,159,0
2025-05-26 03:00:00+00:00,3348.174,3349.99,3344.278,3347.636,8662,159,0
2025-05-26 04:00:00+00:00,3347.639,3351.116,3346.253,3349.914,6557,159,0
2025-05-26 05:00:00+00:00,3349.89,3351.899,3344.289,3347.314,8958,159,0
2025-05-26 06:00:00+00:00,3347.389,3347.518,3337.043,3337.229,10057,159,0
2025-05-26 07:00:00+00:00,3337.211,3338.769,3332.124,3337.327,9546,159,0
2025-05-26 08:00:00+00:00,3337.418,3339.672,3331.027,3334.657,9753,159,0
2025-05-26 09:00:00+00:00,3334.691,3336.184,3323.485,3328.536,11572,159,0
2025-05-26 10:00:00+00:00,3328.533,3333.672,3328.533,3331.485,5234,159,0
2025-05-26 11:00:00+00:00,3331.488,3334.555,3329.175,3333.13,4710,159,0
2025-05-26 12:00:00+00:00,3333.152,3335.094,3326.35,3334.39,7856,159,0
2025-05-26 13:00:00+00:00,3334.423,3338.901,3331.309,3338.329,9066,159,0
2025-05-26 14:00:00+00:00,3338.353,3341.614,3335.526,3337.211,8860,159,0
2025-05-26 15:00:00+00:00,3337.223,3339.753,3336.877,3337.957,5322,159,0
2025-05-26 16:00:00+00:00,3337.998,3343.666,3337.521,3342.145,4309,159,0
2025-05-26 17:00:00+00:00,3342.08,3343.105,3340.463,3341.184,2872,160,0
2025-05-26 18:00:00+00:00,3341.19,3341.938,3340.949,3341.558,660,160,0
2025-05-26 22:00:00+00:00,3346.458,3348.878,3342.829,3347.535,4905,159,0
2025-05-26 23:00:00+00:00,3347.539,3348.5,3344.573,3346.139,4350,159,0
2025-05-27 00:00:00+00:00,3346.182,3350.029,3342.446,3345.097,8159,159,0
2025-05-27 01:00:00+00:00,3345.125,3347.323,3331.73,3335.905,11437,159,0
2025-05-27 02:00:00+00:00,3335.936,3344.436,3335.086,3342.942,8307,159,0
2025-05-27 03:00:00+00:00,3342.914,3347.251,3340.834,3341.217,6633,159,0
2025-05-27 04:00:00+00:00,3341.188,3341.485,3330.703,3330.966,6599,159,0
2025-05-27 05:00:00+00:00,3330.971,3332.69,3315.992,3323.425,15348,159,0
2025-05-27 06:00:00+00:00,3323.393,3328.356,3305.006,3308.76,20274,159,0
2025-05-27 07:00:00+00:00,3308.717,3312.508,3292.535,3296.244,19923,159,0
2025-05-27 08:00:00+00:00,3296.214,3310.344,3296.015,3298.62,15479,159,0
2025-05-27 09:00:00+00:00,3298.568,3309.701,3294.586,3296.3,13629,159,0
2025-05-27 10:00:00+00:00,3296.274,3299.66,3290.68,3293.264,13492,159,0
2025-05-27 11:00:00+00:00,3293.31,3298.192,3287.724,3288.352,11261,159,0
2025-05-27 12:00:00+00:00,3288.399,3297.956,3287.989,3293.764,12683,159,0
2025-05-27 13:00:00+00:00,3293.687,3304.901,3292.268,3295.349,19223,159,0
2025-05-27 14:00:00+00:00,3295.273,3303.267,3285.089,3299.883,16258,159,0
2025-05-27 15:00:00+00:00,3299.842,3303.061,3289.609,3293.605,11550,159,0
2025-05-27 16:00:00+00:00,3293.612,3298.806,3292.969,3297.752,6879,159,0
2025-05-27 17:00:00+00:00,3297.758,3304.375,3296.866,3301.329,6508,159,0
2025-05-27 18:00:00+00:00,3301.363,3303.988,3299.098,3303.106,5230,159,0
2025-05-27 19:00:00+00:00,3303.069,3308.008,3302.905,3304.38,5142,159,0
2025-05-27 20:00:00+00:00,3304.356,3305.08,3299.64,3300.192,3577,159,0
2025-05-27 22:00:00+00:00,3301.447,3305.743,3301.411,3303.105,4929,159,0
2025-05-27 23:00:00+00:00,3303.141,3310.953,3297.621,3309.402,7161,159,0
2025-05-28 00:00:00+00:00,3309.431,3315.805,3308.181,3308.488,6681,159,0
2025-05-28 01:00:00+00:00,3308.52,3310.775,3298.538,3301.81,11752,159,0
2025-05-28 02:00:00+00:00,3301.821,3313.625,3300.262,3302.393,12670,159,0
2025-05-28 03:00:00+00:00,3302.419,3304.051,3291.667,3297.76,12177,159,0
2025-05-28 04:00:00+00:00,3297.722,3299.278,3294.407,3296.463,7168,159,0
2025-05-28 05:00:00+00:00,3296.483,3310.258,3295.977,3307.232,10497,159,0
2025-05-28 06:00:00+00:00,3307.247,3308.722,3298.328,3308.274,9581,159,0
2025-05-28 07:00:00+00:00,3308.314,3322.363,3307.024,3319.271,11468,159,0
2025-05-28 08:00:00+00:00,3319.228,3323.837,3315.147,3321.609,10584,159,0
2025-05-28 09:00:00+00:00,3321.629,3325.556,3320.045,3324.108,6540,159,0
2025-05-28 10:00:00+00:00,3324.153,3324.737,3311.763,3313.357,7450,159,0
2025-05-28 11:00:00+00:00,3313.342,3315.118,3307.461,3311.122,8031,159,0
2025-05-28 12:00:00+00:00,3311.162,3314.56,3305.319,3312.335,10168,159,0
2025-05-28 13:00:00+00:00,3312.292,3316.424,3297.414,3305.229,19529,159,0
2025-05-28 14:00:00+00:00,3305.184,3309.027,3300.392,3302.617,14347,159,0
2025-05-28 15:00:00+00:00,3302.607,3302.754,3292.51,3296.094,11513,159,0
2025-05-28 16:00:00+00:00,3296.125,3299.225,3288.591,3293.41,8050,159,0
2025-05-28 17:00:00+00:00,3293.416,3299.122,3291.303,3296.765,6922,159,0
2025-05-28 18:00:00+00:00,3296.793,3302.988,3296.556,3302.067,6651,159,0
2025-05-28 19:00:00+00:00,3302.042,3303.065,3293.873,3296.983,8893,159,0
2025-05-28 20:00:00+00:00,3297.006,3297.346,3276.411,3286.656,7056,159,0
2025-05-28 22:00:00+00:00,3286.879,3294.958,3282.049,3286.518,8792,159,0
2025-05-28 23:00:00+00:00,3286.514,3287.792,3250.249,3259.895,29093,159,0
2025-05-29 00:00:00+00:00,3259.921,3268.976,3253.823,3265.001,24247,159,0
2025-05-29 01:00:00+00:00,3265.099,3265.858,3245.432,3263.539,24696,159,0
2025-05-29 02:00:00+00:00,3263.527,3275.459,3261.03,3270.052,14846,159,0
2025-05-29 03:00:00+00:00,3270.01,3280.189,3268.063,3274.545,11714,159,0
2025-05-29 04:00:00+00:00,3274.635,3275.439,3269.044,3269.125,8781,159,0
2025-05-29 05:00:00+00:00,3269.162,3272.598,3265.986,3272.548,9250,159,0
2025-05-29 06:00:00+00:00,3272.534,3276.412,3268.051,3271.677,10711,159,0
2025-05-29 07:00:00+00:00,3271.716,3287.433,3271.716,3286.559,10443,159,0
2025-05-29 08:00:00+00:00,3286.528,3289.286,3278.173,3281.748,8560,159,0
2025-05-29 09:00:00+00:00,3281.684,3283.204,3276.262,3282.103,7201,159,0
2025-05-29 10:00:00+00:00,3282.132,3300.796,3281.864,3296.705,10772,159,0
2025-05-29 11:00:00+00:00,3296.63,3305.549,3295.374,3299.719,10258,159,0
2025-05-29 12:00:00+00:00,3299.844,3317.576,3298.541,3316.539,17663,159,0
2025-05-29 13:00:00+00:00,3316.414,3322.008,3310.208,3312.724,21350,159,0
2025-05-29 14:00:00+00:00,3312.682,3319.532,3304.814,3310.343,18502,159,0
2025-05-29 15:00:00+00:00,3310.382,3322.005,3309.745,3321.578,11223,159,0
2025-05-29 16:00:00+00:00,3321.664,3331.247,3319.797,3322.273,10896,159,0
2025-05-29 17:00:00+00:00,3322.258,3324.538,3318.087,3324.133,8495,159,0
2025-05-29 18:00:00+00:00,3324.177,3325.818,3317.549,3321.312,8155,159,0
2025-05-29 19:00:00+00:00,3321.269,3321.539,3315.486,3316.615,7012,159,0
2025-05-29 20:00:00+00:00,3316.586,3318.393,3315.245,3317.534,3361,159,0
2025-05-29 22:00:00+00:00,3320.033,3321.098,3313.54,3314.293,4721,159,0
2025-05-29 23:00:00+00:00,3314.372,3317.315,3312.854,3315.503,5600,159,0
2025-05-30 00:00:00+00:00,3315.498,3318.879,3309.572,3312.593,8291,159,0
2025-05-30 01:00:00+00:00,3312.627,3322.777,3308.077,3309.913,14615,159,0
2025-05-30 02:00:00+00:00,3309.959,3312.189,3294.969,3297.253,15488,159,0
2025-05-30 03:00:00+00:00,3297.279,3302.308,3291.219,3294.531,9807,159,0
2025-05-30 04:00:00+00:00,3294.53,3296.53,3291.522,3296.174,6273,159,0
2025-05-30 05:00:00+00:00,3296.231,3305.02,3290.181,3303.812,9375,159,0
2025-05-30 06:00:00+00:00,3303.851,3304.306,3290.503,3301.851,12280,159,0
2025-05-30 07:00:00+00:00,3301.806,3301.806,3287.336,3294.93,11834,159,0
2025-05-30 08:00:00+00:00,3294.975,3299.317,3291.624,3295.797,9826,159,0
2025-05-30 09:00:00+00:00,3295.756,3299.27,3292.594,3295.634,7664,159,0
2025-05-30 10:00:00+00:00,3295.634,3300.669,3292.581,3295.22,6969,159,0
2025-05-30 11:00:00+00:00,3295.216,3297.289,3288.668,3294.055,8932,159,0
2025-05-30 12:00:00+00:00,3294.091,3306.796,3282.805,3304.032,29341,159,0
2025-05-30 13:00:00+00:00,3303.985,3308.322,3275.171,3276.784,28888,159,0
2025-05-30 14:00:00+00:00,3276.739,3287.38,3271.526,3282.705,25559,159,0
2025-05-30 15:00:00+00:00,3282.73,3292.818,3275.962,3288.676,18232,159,0
2025-05-30 16:00:00+00:00,3288.603,3295.778,3283.957,3293.391,14367,159,0
2025-05-30 17:00:00+00:00,3293.356,3294.803,3289.817,3290.964,9832,159,0
2025-05-30 18:00:00+00:00,3290.972,3295.018,3290.972,3293.823,6691,159,0
2025-05-30 19:00:00+00:00,3293.784,3295.194,3291.66,3294.826,5881,159,0
2025-05-30 20:00:00+00:00,3294.865,3295.834,3288.642,3289.665,4823,159,0
2025-06-01 22:00:00+00:00,3303.113,3315.076,3299.888,3313.124,9629,159,0
2025-06-01 23:00:00+00:00,3313.134,3316.742,3309.189,3310.255,7355,159,0
2025-06-02 00:00:00+00:00,3310.213,3314.959,3303.212,3311.418,11576,159,0
2025-06-02 01:00:00+00:00,3311.454,3313.828,3301.409,3303.576,10978,159,0
2025-06-02 02:00:00+00:00,3303.534,3311.535,3303.31,3307.33,7869,159,0
2025-06-02 03:00:00+00:00,3307.232,3308.973,3303.375,3308.685,7247,159,0
2025-06-02 04:00:00+00:00,3308.771,3318.296,3308.771,3313.854,6745,159,0
2025-06-02 05:00:00+00:00,3313.883,3325.775,3313.883,3323.704,7995,159,0
2025-06-02 06:00:00+00:00,3323.686,3345.466,3323.686,3344.458,13061,159,0
2025-06-02 07:00:00+00:00,3344.485,3359.037,3343.135,3352.549,15342,159,0
2025-06-02 08:00:00+00:00,3352.655,3356.424,3350.008,3352.101,9393,159,0
2025-06-02 09:00:00+00:00,3352.07,3352.502,3344.391,3348.385,9118,159,0
2025-06-02 10:00:00+00:00,3348.425,3351.442,3344.546,3348.629,8735,159,0
2025-06-02 11:00:00+00:00,3348.593,3360.152,3346.082,3356.324,10087,159,0
2025-06-02 12:00:00+00:00,3356.296,3363.62,3353.964,3355.465,12442,159,0
2025-06-02 13:00:00+00:00,3355.509,3376.242,3350.288,3371.107,19043,159,0
2025-06-02 14:00:00+00:00,3370.947,3379.064,3367.682,3376.002,23512,159,0
2025-06-02 15:00:00+00:00,3376.042,3378.84,3369.857,3374.294,12952,159,0
2025-06-02 16:00:00+00:00,3374.319,3379.257,3369.309,3371.719,9303,159,0
2025-06-02 17:00:00+00:00,3371.664,3376.017,3371.233,3374.338,8042,159,0
2025-06-02 18:00:00+00:00,3374.384,3380.145,3370.786,3379.252,7234,159,0
2025-06-02 19:00:00+00:00,3379.257,3382.344,3377.858,3381.539,5866,159,0
2025-06-02 20:00:00+00:00,3381.51,3382.959,3378.394,3381.794,4417,159,0
2025-06-02 22:00:00+00:00,3383.838,3391.422,3382.953,3389.939,6847,159,0
2025-06-02 23:00:00+00:00,3389.979,3392.238,3383.175,3387.384,6812,159,0
2025-06-03 00:00:00+00:00,3387.407,3388.671,3373.76,3375.755,11400,159,0
2025-06-03 01:00:00+00:00,3375.794,3376.152,3363.238,3372.632,21449,159,0
2025-06-03 02:00:00+00:00,3372.577,3378.01,3364.362,3368.796,13368,159,0
2025-06-03 03:00:00+00:00,3368.826,3369.653,3359.717,3361.087,10753,159,0
2025-06-03 04:00:00+00:00,3361.195,3365.237,3359.249,3362.677,7707,159,0
2025-06-03 05:00:00+00:00,3362.736,3367.784,3356.244,3365.028,9306,159,0
2025-06-03 06:00:00+00:00,3364.91,3367.319,3351.149,3358.847,12622,159,0
2025-06-03 07:00:00+00:00,3358.809,3361.332,3352.536,3359.648,12451,159,0
2025-06-03 08:00:00+00:00,3359.752,3364.881,3359.648,3361.147,8732,159,0
2025-06-03 09:00:00+00:00,3361.1,3362.715,3354.962,3356.812,7474,159,0
2025-06-03 10:00:00+00:00,3356.864,3358.705,3354.895,3355.43,6182,159,0
2025-06-03 11:00:00+00:00,3355.472,3360.528,3353.305,3359.347,6786,159,0
2025-06-03 12:00:00+00:00,3359.323,3363.129,3349.024,3359.349,13286,159,0
2025-06-03 13:00:00+00:00,3359.399,3363.095,3340.962,3345.698,19633,159,0
2025-06-03 14:00:00+00:00,3345.751,3350.17,3333.078,3346.526,19716,159,0
2025-06-03 15:00:00+00:00,3346.495,3351.553,3343.997,3350.255,9894,159,0
2025-06-03 16:00:00+00:00,3350.333,3353.568,3344.585,3348.473,7688,159,0
2025-06-03 17:00:00+00:00,3348.428,3354.576,3347.382,3353.171,6079,159,0
2025-06-03 18:00:00+00:00,3353.089,3353.816,3350.439,3353.546,4571,159,0
2025-06-03 19:00:00+00:00,3353.592,3355.491,3351.282,3352.657,4707,159,0
2025-06-03 20:00:00+00:00,3352.617,3355.305,3352.469,3353.345,3137,159,0
2025-06-03 22:00:00+00:00,3355.807,3358.535,3354.837,3357.165,3267,159,0
2025-06-03 23:00:00+00:00,3357.108,3361.632,3355.269,3359.945,4736,159,0
2025-06-04 00:00:00+00:00,3359.972,3360.18,3349.84,3350.162,10439,159,0
2025-06-04 01:00:00+00:00,3350.187,3372.386,3346.444,3370.932,14398,159,0
2025-06-04 02:00:00+00:00,3370.898,3372.637,3362.781,3365.564,8460,159,0
2025-06-04 03:00:00+00:00,3365.526,3367.471,3358.278,3359.246,7177,159,0
2025-06-04 04:00:00+00:00,3359.221,3361.481,3352.389,3354.781,7481,159,0
2025-06-04 05:00:00+00:00,3354.78,3356.441,3347.996,3351.021,9522,159,0
2025-06-04 06:00:00+00:00,3351.059,3358.453,3348.96,3355.643,10687,159,0
2025-06-04 07:00:00+00:00,3355.692,3365.256,3353.595,3354.721,8878,159,0
2025-06-04 08:00:00+00:00,3354.679,3364.322,3351.734,3362.769,8662,159,0
2025-06-04 09:00:00+00:00,3362.805,3364.998,3359.387,3362.983,7334,159,0
2025-06-04 10:00:00+00:00,3362.945,3363.938,3347.332,3350.87,9615,159,0
2025-06-04 11:00:00+00:00,3350.906,3352.057,3343.72,3346.577,9539,159,0
2025-06-04 12:00:00+00:00,3346.613,3360.812,3344.356,3358.887,17694,159,0
2025-06-04 13:00:00+00:00,3358.924,3362.827,3350.847,3352.841,16591,159,0
2025-06-04 14:00:00+00:00,3352.808,3384.637,3351.191,3377.424,21091,159,0
2025-06-04 15:00:00+00:00,3377.394,3378.978,3369.603,3371.764,13297,159,0
2025-06-04 16:00:00+00:00,3371.724,3376.329,3370.804,3375.025,7633,159,0
2025-06-04 17:00:00+00:00,3374.962,3380.902,3372.913,3379.206,6246,159,0
2025-06-04 18:00:00+00:00,3379.149,3382.217,3374.964,3376.256,5288,159,0
2025-06-04 19:00:00+00:00,3376.21,3376.327,3371.951,3373.614,5592,159,0
2025-06-04 20:00:00+00:00,3373.566,3375.042,3370.508,3373.808,4206,160,0
2025-06-04 22:00:00+00:00,3373.576,3376.047,3372.316,3373.534,3368,159,0
2025-06-04 23:00:00+00:00,3373.576,3379.08,3372.387,3378.042,4917,159,0
2025-06-05 00:00:00+00:00,3378.099,3381.728,3372.234,3380.276,10465,159,0
2025-06-05 01:00:00+00:00,3380.251,3384.183,3370.591,3373.708,12536,159,0
2025-06-05 02:00:00+00:00,3373.703,3375.16,3368.172,3370.797,8431,159,0
2025-06-05 03:00:00+00:00,3370.82,3377.463,3369.277,3369.674,6622,159,0
2025-06-05 04:00:00+00:00,3369.683,3372.535,3363.943,3368.487,8191,159,0
2025-06-05 05:00:00+00:00,3368.53,3369.822,3361.138,3364.281,8349,159,0
2025-06-05 06:00:00+00:00,3364.24,3370.086,3363.72,3365.975,7954,159,0
2025-06-05 07:00:00+00:00,3365.939,3374.559,3365.355,3371.304,7726,159,0
2025-06-05 08:00:00+00:00,3371.295,3376.966,3369.641,3375.205,6546,159,0
2025-06-05 09:00:00+00:00,3375.202,3391.324,3374.017,3389.565,15497,159,0
2025-06-05 10:00:00+00:00,3389.534,3400.457,3388.261,3399.949,13081,159,0
2025-06-05 11:00:00+00:00,3399.898,3403.592,3391.628,3392.293,13860,159,0
2025-06-05 12:00:00+00:00,3392.327,3400.153,3377.619,3383.084,26157,159,0
2025-06-05 13:00:00+00:00,3383.122,3388.461,3371.157,3378.173,42024,159,0
2025-06-05 14:00:00+00:00,3378.247,3383.203,3363.859,3367.645,34455,159,0
2025-06-05 15:00:00+00:00,3367.61,3372.937,3339.37,3344.779,33654,159,0
2025-06-05 16:00:00+00:00,3344.74,3356.501,3339.811,3354.165,17845,159,0
2025-06-05 17:00:00+00:00,3354.123,3354.772,3348.894,3353.908,9380,159,0
2025-06-05 18:00:00+00:00,3353.951,3356.144,3350.469,3353.607,8115,159,0
2025-06-05 19:00:00+00:00,3353.652,3361.384,3352.83,3356.885,11386,159,0
2025-06-05 20:00:00+00:00,3356.861,3357.717,3352.006,3352.752,4718,159,0
2025-06-05 22:00:00+00:00,3354.17,3363.526,3353.168,3358.982,7029,159,0
2025-06-05 23:00:00+00:00,3359.085,3362.679,3357.216,3361.81,5265,159,0
2025-06-06 00:00:00+00:00,3361.867,3364.114,3357.312,3359.357,7388,159,0
2025-06-06 01:00:00+00:00,3359.33,3368.555,3356.133,3363.776,12195,159,0
2025-06-06 02:00:00+00:00,3363.75,3366.529,3362.064,3363.888,8137,159,0
2025-06-06 03:00:00+00:00,3363.975,3371.844,3359.37,3369.747,7342,159,0
2025-06-06 04:00:00+00:00,3369.706,3374.661,3369.016,3373.595,6649,159,0
2025-06-06 05:00:00+00:00,3373.569,3375.685,3362.223,3366.046,8921,159,0
2025-06-06 06:00:00+00:00,3365.964,3366.967,3356.083,3360.632,10708,159,0
2025-06-06 07:00:00+00:00,3360.682,3362.419,3352.833,3359.374,10627,159,0
2025-06-06 08:00:00+00:00,3359.419,3367.732,3358.375,3365.305,8622,159,0
2025-06-06 09:00:00+00:00,3365.283,3365.342,3352.703,3356.712,8533,159,0
2025-06-06 10:00:00+00:00,3356.725,3360.914,3355.908,3360.472,6977,159,0
2025-06-06 11:00:00+00:00,3360.515,3364.329,3358.153,3358.292,8132,159,0
2025-06-06 12:00:00+00:00,3358.308,3364.421,3343.528,3353.391,29600,159,0
2025-06-06 13:00:00+00:00,3353.365,3361.016,3342.46,3343.278,35395,159,0
2025-06-06 14:00:00+00:00,3343.239,3345.028,3316.269,3326.113,37692,159,0
2025-06-06 15:00:00+00:00,3326.153,3336.772,3323.311,3332.231,18329,159,0
2025-06-06 16:00:00+00:00,3332.182,3332.741,3320.824,3322.79,11586,159,0
2025-06-06 17:00:00+00:00,3322.789,3326.849,3321.378,3323.627,8611,159,0
2025-06-06 18:00:00+00:00,3323.637,3323.987,3313.661,3317.477,7992,159,0
2025-06-06 19:00:00+00:00,3317.473,3318.955,3311.358,3312.345,7859,159,0
2025-06-06 20:00:00+00:00,3312.382,3312.896,3307.053,3311.702,5577,159,0
2025-06-08 22:00:00+00:00,3317.819,3321.214,3309.201,3314.935,8015,159,0
2025-06-08 23:00:00+00:00,3314.894,3318.633,3313.377,3318.038,6548,159,0
2025-06-09 00:00:00+00:00,3318.082,3318.699,3298.209,3305.496,14647,159,0
2025-06-09 01:00:00+00:00,3305.495,3309.456,3295.076,3295.964,15700,159,0
2025-06-09 02:00:00+00:00,3295.999,3307.618,3293.452,3305.534,12375,159,0
2025-06-09 03:00:00+00:00,3305.562,3311.987,3304.213,3310.769,8521,159,0
2025-06-09 04:00:00+00:00,3310.799,3313.506,3309.248,3311.754,5896,159,0
2025-06-09 05:00:00+00:00,3311.683,3316.605,3309.547,3314.669,7507,159,0
2025-06-09 06:00:00+00:00,3314.681,3324.911,3312.439,3324.327,8575,159,0
2025-06-09 07:00:00+00:00,3324.363,3328.652,3321.539,3324.238,9204,159,0
2025-06-09 08:00:00+00:00,3324.269,3325.685,3319.705,3319.705,8189,159,0
2025-06-09 09:00:00+00:00,3319.808,3323.453,3316.872,3318.689,7068,159,0
2025-06-09 10:00:00+00:00,3318.669,3319.75,3312.057,3314.645,6426,159,0
2025-06-09 11:00:00+00:00,3314.686,3321.311,3313.667,3317.43,7844,159,0
2025-06-09 12:00:00+00:00,3317.412,3322.432,3312.953,3320.001,10524,159,0
2025-06-09 13:00:00+00:00,3319.954,3321.748,3310.698,3319.297,16933,159,0
2025-06-09 14:00:00+00:00,3319.268,3326.819,3316.124,3320.808,14132,159,0
2025-06-09 15:00:00+00:00,3320.855,3332.063,3320.343,3328.665,9120,159,0
2025-06-09 16:00:00+00:00,3328.668,3337.877,3327.52,3337.588,8064,159,0
2025-06-09 17:00:00+00:00,3337.695,3338.21,3332.972,3333.694,6447,159,0
2025-06-09 18:00:00+00:00,3333.705,3337.054,3332.697,3333.19,4928,159,0
2025-06-09 19:00:00+00:00,3333.176,3335.493,3325.881,3327.231,5797,159,0
2025-06-09 20:00:00+00:00,3327.201,3329.5,3324.853,3325.683,3814,160,0
2025-06-09 22:00:00+00:00,3325.892,3326.895,3321.562,3323.606,4732,159,0
2025-06-09 23:00:00+00:00,3323.682,3327.944,3323.682,3326.766,3915,160,0
2025-06-10 00:00:00+00:00,3326.809,3326.851,3314.528,3316.578,11153,159,0
2025-06-10 01:00:00+00:00,3316.651,3319.938,3302.929,3306.264,16885,159,0
2025-06-10 02:00:00+00:00,3306.227,3310.391,3301.92,3309.3,11671,159,0
2025-06-10 03:00:00+00:00,3309.293,3310.454,3305.051,3307.602,7737,159,0
2025-06-10 04:00:00+00:00,3307.592,3308.783,3302.789,3307.318,6108,159,0
2025-06-10 05:00:00+00:00,3307.328,3319.134,3306.813,3317.623,12831,159,0
2025-06-10 06:00:00+00:00,3317.712,3331.322,3315.545,3325.374,12934,159,0
2025-06-10 07:00:00+00:00,3325.349,3332.172,3323.98,3330.18,11615,159,0
2025-06-10 08:00:00+00:00,3330.09,3334.82,3326.17,3329.337,8547,159,0
2025-06-10 09:00:00+00:00,3329.3,3331.863,3327.141,3329.726,6059,159,0
2025-06-10 10:00:00+00:00,3329.83,3336.287,3328.406,3335.389,6467,159,0
2025-06-10 11:00:00+00:00,3335.352,3342.585,3332.176,3333.78,8619,159,0
2025-06-10 12:00:00+00:00,3333.817,3340.261,3328.2,3337.221,11246,159,0
2025-06-10 13:00:00+00:00,3337.19,3349.122,3335.571,3343.628,15779,159,0
2025-06-10 14:00:00+00:00,3343.591,3343.727,3325.422,3328.561,19266,159,0
2025-06-10 15:00:00+00:00,3328.605,3329.339,3323.199,3326.692,13593,159,0
2025-06-10 16:00:00+00:00,3326.653,3327.758,3319.944,3321.357,8361,159,0
2025-06-10 17:00:00+00:00,3321.382,3325.878,3320.427,3324.763,6559,159,0
2025-06-10 18:00:00+00:00,3324.67,3325.388,3319.358,3321.628,6117,159,0
2025-06-10 19:00:00+00:00,3321.677,3334.539,3321.402,3328.716,7156,159,0
2025-06-10 20:00:00+00:00,3328.757,3328.958,3322.355,3322.514,5022,159,0
2025-06-10 22:00:00+00:00,3321.278,3327.5,3320.724,3324.422,5555,159,0
2025-06-10 23:00:00+00:00,3324.461,3328.14,3315.517,3327.862,9408,159,0
2025-06-11 00:00:00+00:00,3327.914,3335.194,3325.008,3332.45,11202,159,0
2025-06-11 01:00:00+00:00,3332.411,3337.467,3327.611,3328.603,9858,159,0
2025-06-11 02:00:00+00:00,3328.567,3339.566,3327.078,3338.2,7774,159,0
2025-06-11 03:00:00+00:00,3338.265,3341.566,3336.407,3339.416,6185,159,0
2025-06-11 04:00:00+00:00,3339.395,3342.976,3336.875,3341.901,5733,159,0
2025-06-11 05:00:00+00:00,3341.855,3343.147,3335.584,3339.704,7437,159,0
2025-06-11 06:00:00+00:00,3339.697,3340.196,3332.522,3337.212,9599,159,0
2025-06-11 07:00:00+00:00,3337.232,3348.531,3335.189,3345.696,9120,159,0
2025-06-11 08:00:00+00:00,3345.664,3346.717,3342.538,3344.572,7533,159,0
2025-06-11 09:00:00+00:00,3344.531,3344.701,3331.302,3333.759,11526,159,0
2025-06-11 10:00:00+00:00,3333.817,3336.798,3328.452,3329.92,7848,159,0
2025-06-11 11:00:00+00:00,3329.886,3335.234,3326.038,3333.097,9395,159,0
2025-06-11 12:00:00+00:00,3333.103,3360.764,3327.235,3336.689,30497,159,0
2025-06-11 13:00:00+00:00,3336.774,3344.488,3327.882,3330.022,30775,159,0
2025-06-11 14:00:00+00:00,3329.907,3341.262,3328.525,3337.564,17334,159,0
2025-06-11 15:00:00+00:00,3337.606,3342.764,3329.579,3333.195,13737,159,0
2025-06-11 16:00:00+00:00,3333.293,3334.52,3328.09,3330.267,9182,159,0
2025-06-11 17:00:00+00:00,3330.308,3331.435,3319.194,3324.278,11487,160,0
2025-06-11 18:00:00+00:00,3324.303,3347.342,3323.804,3343.9,19320,160,0
2025-06-11 19:00:00+00:00,3343.827,3349.268,3342.311,3346.849,10063,160,0
2025-06-11 20:00:00+00:00,3346.876,3355.672,3346.522,3355.508,5842,160,0
2025-06-11 22:00:00+00:00,3359.272,3369.788,3356.289,3368.909,8863,160,0
2025-06-11 23:00:00+00:00,3368.984,3373.534,3357.669,3365.376,11254,160,0
2025-06-12 00:00:00+00:00,3365.467,3371.376,3362.125,3365.865,14198,160,0
2025-06-12 01:00:00+00:00,3365.89,3376.896,3362.401,3371.117,15532,160,0
2025-06-12 02:00:00+00:00,3371.072,3377.786,3368.918,3374.674,10433,160,0
2025-06-12 03:00:00+00:00,3374.649,3376.639,3371.578,3373.455,7335,160,0
2025-06-12 04:00:00+00:00,3373.409,3373.772,3369.43,3370.345,5239,160,0
2025-06-12 05:00:00+00:00,3370.442,3375.783,3367.772,3374.598,6542,160,0
2025-06-12 06:00:00+00:00,3374.475,3375.601,3365.226,3375.026,10062,160,0
2025-06-12 07:00:00+00:00,3374.982,3375.196,3338.57,3346.168,21438,160,0
2025-06-12 08:00:00+00:00,3346.192,3361.173,3346.192,3356.766,16772,160,0
2025-06-12 09:00:00+00:00,3356.709,3367.956,3355.332,3365.354,11629,160,0
2025-06-12 10:00:00+00:00,3365.45,3385.913,3362.532,3382.54,14678,160,0
2025-06-12 11:00:00+00:00,3382.577,3388.609,3373.212,3379.285,13710,160,0
2025-06-12 12:00:00+00:00,3379.252,3390.416,3376.337,3388.008,17809,160,0
2025-06-12 13:00:00+00:00,3388.115,3399.02,3379.417,3392.026,26548,160,0
2025-06-12 14:00:00+00:00,3391.983,3393.14,3382.938,3383.892,24017,160,0
2025-06-12 15:00:00+00:00,3383.847,3390.287,3377.784,3385.804,17502,160,0
2025-06-12 16:00:00+00:00,3385.906,3391.374,3380.961,3383.79,11970,160,0
2025-06-12 17:00:00+00:00,3383.759,3385.039,3378.097,3382.565,8619,160,0
2025-06-12 18:00:00+00:00,3382.677,3386.329,3381.849,3385.904,5918,160,0
2025-06-12 19:00:00+00:00,3385.858,3389.324,3384.796,3388.139,5319,160,0
2025-06-12 20:00:00+00:00,3388.111,3388.989,3384.76,3385.813,3559,160,0
2025-06-12 22:00:00+00:00,3385.856,3385.961,3379.633,3383.339,4950,160,0
2025-06-12 23:00:00+00:00,3383.369,3396.296,3382.584,3395.952,6634,160,0
2025-06-13 00:00:00+00:00,3395.837,3419.974,3391.72,3416.859,45191,160,0
2025-06-13 01:00:00+00:00,3416.894,3433.392,3413.974,3427.624,27566,160,0
2025-06-13 02:00:00+00:00,3427.539,3444.196,3424.759,3441.434,18837,160,0
2025-06-13 03:00:00+00:00,3441.405,3444.435,3423.805,3425.557,20021,160,0
2025-06-13 04:00:00+00:00,3425.543,3430.288,3422.611,3425.305,11160,160,0
2025-06-13 05:00:00+00:00,3425.336,3428.79,3418.008,3425.995,13367,160,0
2025-06-13 06:00:00+00:00,3426.026,3428.693,3408.379,3416.239,16489,160,0
2025-06-13 07:00:00+00:00,3416.271,3419.021,3407.879,3414.933,14564,160,0
2025-06-13 08:00:00+00:00,3414.858,3426.136,3414.308,3424.446,10982,160,0
2025-06-13 09:00:00+00:00,3424.345,3427.328,3420.074,3424.255,12007,160,0
2025-06-13 10:00:00+00:00,3424.293,3427.689,3411.622,3415.818,14601,160,0
2025-06-13 11:00:00+00:00,3415.83,3423.043,3412.496,3422.217,11828,160,0
2025-06-13 12:00:00+00:00,3422.207,3438.205,3421.751,3436.641,13399,160,0
2025-06-13 13:00:00+00:00,3436.608,3446.755,3433.933,3436.934,22841,160,0
2025-06-13 14:00:00+00:00,3436.912,3439.879,3423.727,3427.856,24709,160,0
2025-06-13 15:00:00+00:00,3427.824,3430.391,3420.906,3426.225,17725,160,0
2025-06-13 16:00:00+00:00,3426.258,3431.131,3419.175,3430.047,9895,160,0
2025-06-13 17:00:00+00:00,3430.04,3433.543,3427.411,3430.415,9613,160,0
2025-06-13 18:00:00+00:00,3430.343,3439.473,3428.645,3436.555,11184,160,0
2025-06-13 19:00:00+00:00,3436.544,3438.211,3431.658,3432.307,9324,160,0
2025-06-13 20:00:00+00:00,3432.352,3434.78,3428.955,3433.449,6186,160,0
2025-06-15 22:00:00+00:00,3440.955,3451.255,3438.616,3448.312,13397,160,0
2025-06-15 23:00:00+00:00,3448.425,3450.122,3439.518,3444.141,11543,160,0
2025-06-16 00:00:00+00:00,3444.166,3451.224,3434.286,3436.183,15283,160,0
2025-06-16 01:00:00+00:00,3436.135,3443.228,3433.208,3441.51,15636,160,0
2025-06-16 02:00:00+00:00,3441.515,3446.374,3437.889,3438.432,10595,160,0
2025-06-16 03:00:00+00:00,3438.392,3439.683,3429.269,3431.428,9733,160,0
2025-06-16 04:00:00+00:00,3431.475,3433.277,3426.895,3427.567,7345,160,0
2025-06-16 05:00:00+00:00,3427.522,3430.46,3417.753,3421.614,13246,160,0
2025-06-16 06:00:00+00:00,3421.649,3421.649,3412.964,3418.301,15261,160,0
2025-06-16 07:00:00+00:00,3418.192,3419.843,3409.482,3412.619,13105,160,0
2025-06-16 08:00:00+00:00,3412.624,3418.536,3409.776,3413.919,10068,160,0
2025-06-16 09:00:00+00:00,3413.955,3419.528,3411.902,3412.028,8486,160,0
2025-06-16 10:00:00+00:00,3412.075,3421.364,3410.609,3421.028,8389,160,0
2025-06-16 11:00:00+00:00,3421.019,3422.654,3410.754,3415.0,9452,160,0
2025-06-16 12:00:00+00:00,3415.043,3417.822,3411.12,3415.685,12051,160,0
2025-06-16 13:00:00+00:00,3415.648,3418.093,3382.725,3388.229,32881,160,0
2025-06-16 14:00:00+00:00,3388.255,3399.432,3387.401,3397.001,27464,160,0
2025-06-16 15:00:00+00:00,3396.895,3405.688,3396.895,3404.606,14102,160,0
2025-06-16 16:00:00+00:00,3404.534,3404.992,3397.443,3399.473,9040,160,0
2025-06-16 17:00:00+00:00,3399.464,3400.231,3391.09,3392.593,7940,160,0
2025-06-16 18:00:00+00:00,3392.561,3394.076,3384.084,3385.322,7205,160,0
2025-06-16 19:00:00+00:00,3385.336,3388.51,3382.795,3384.094,8220,160,0
2025-06-16 20:00:00+00:00,3384.015,3386.067,3383.294,3384.922,3930,160,0
2025-06-16 22:00:00+00:00,3386.69,3398.531,3386.442,3395.465,6710,160,0
2025-06-16 23:00:00+00:00,3395.451,3402.977,3393.039,3402.769,9914,160,0
2025-06-17 00:00:00+00:00,3402.815,3403.289,3391.455,3394.191,14489,160,0
2025-06-17 01:00:00+00:00,3394.219,3402.469,3393.321,3393.689,11577,160,0
2025-06-17 02:00:00+00:00,3393.7,3400.444,3388.251,3390.069,10614,160,0
2025-06-17 03:00:00+00:00,3390.046,3392.591,3373.535,3387.583,15778,160,0
2025-06-17 04:00:00+00:00,3387.557,3396.268,3387.051,3393.979,7198,160,0
2025-06-17 05:00:00+00:00,3394.024,3395.46,3390.679,3392.641,7798,160,0
2025-06-17 06:00:00+00:00,3392.652,3392.652,3381.074,3385.484,11290,160,0
2025-06-17 07:00:00+00:00,3385.452,3391.94,3383.134,3387.783,10114,160,0
2025-06-17 08:00:00+00:00,3387.784,3388.651,3377.77,3378.848,9974,160,0
2025-06-17 09:00:00+00:00,3378.823,3385.976,3375.747,3385.652,12459,160,0
2025-06-17 10:00:00+00:00,3385.577,3398.783,3385.327,3398.089,11853,160,0
2025-06-17 11:00:00+00:00,3398.176,3400.131,3388.219,3388.635,11347,160,0
2025-06-17 12:00:00+00:00,3388.65,3391.59,3383.508,3386.689,16566,160,0
2025-06-17 13:00:00+00:00,3386.693,3397.536,3385.815,3390.675,20674,160,0
2025-06-17 14:00:00+00:00,3390.651,3392.056,3366.079,3385.032,27253,160,0
2025-06-17 15:00:00+00:00,3385.01,3388.286,3372.369,3379.284,14693,160,0
2025-06-17 16:00:00+00:00,3379.386,3385.941,3376.677,3382.881,12062,160,0
2025-06-17 17:00:00+00:00,3382.897,3391.326,3381.337,3390.258,10408,160,0
2025-06-17 18:00:00+00:00,3390.27,3392.499,3382.422,3382.821,8328,160,0
2025-06-17 19:00:00+00:00,3382.834,3386.408,3382.296,3385.71,7787,160,0
2025-06-17 20:00:00+00:00,3385.675,3390.315,3383.634,3388.822,4546,160,0
2025-06-17 22:00:00+00:00,3392.82,3396.256,3388.782,3388.854,5595,160,0
2025-06-17 23:00:00+00:00,3388.903,3390.31,3384.926,3387.38,5206,160,0
2025-06-18 00:00:00+00:00,3387.295,3388.919,3382.918,3385.853,9003,160,0
2025-06-18 01:00:00+00:00,3385.883,3388.722,3378.653,3379.022,9854,160,0
2025-06-18 02:00:00+00:00,3378.926,3379.716,3370.63,3379.393,8985,160,0
2025-06-18 03:00:00+00:00,3379.433,3391.524,3379.302,3390.96,7357,160,0
2025-06-18 04:00:00+00:00,3390.928,3400.0,3389.388,3395.176,7482,160,0
2025-06-18 05:00:00+00:00,3395.225,3395.698,3384.199,3386.407,10372,160,0
2025-06-18 06:00:00+00:00,3386.426,3386.874,3379.364,3382.381,9764,160,0
2025-06-18 07:00:00+00:00,3382.344,3386.195,3377.037,3385.991,8955,160,0
2025-06-18 08:00:00+00:00,3385.894,3388.38,3382.56,3383.611,7007,160,0
2025-06-18 09:00:00+00:00,3383.604,3385.533,3375.433,3378.079,7011,160,0
2025-06-18 10:00:00+00:00,3378.146,3382.422,3375.686,3380.193,8175,160,0
2025-06-18 11:00:00+00:00,3380.238,3387.026,3378.918,3382.048,8912,160,0
2025-06-18 12:00:00+00:00,3381.999,3389.92,3381.592,3386.534,11109,160,0
2025-06-18 13:00:00+00:00,3386.647,3396.852,3385.666,3392.333,13194,160,0
2025-06-18 14:00:00+00:00,3392.288,3392.447,3373.833,3386.892,24003,160,0
2025-06-18 15:00:00+00:00,3386.924,3392.88,3381.214,3392.734,10188,160,0
2025-06-18 16:00:00+00:00,3392.709,3394.683,3389.924,3391.031,6911,160,0
2025-06-18 17:00:00+00:00,3391.031,3391.295,3384.291,3385.333,6172,160,0
2025-06-18 18:00:00+00:00,3385.359,3395.803,3378.362,3379.067,24930,160,0
2025-06-18 19:00:00+00:00,3379.109,3379.294,3362.867,3366.818,25114,160,0
2025-06-18 20:00:00+00:00,3366.771,3369.444,3362.474,3368.518,7983,160,0
2025-06-18 22:00:00+00:00,3373.198,3379.89,3370.586,3375.178,6578,160,0
2025-06-18 23:00:00+00:00,3375.166,3377.063,3370.664,3375.023,6476,160,0
2025-06-19 00:00:00+00:00,3375.042,3383.292,3374.72,3379.416,7923,160,0
2025-06-19 01:00:00+00:00,3379.442,3387.968,3374.516,3374.881,13810,160,0
2025-06-19 02:00:00+00:00,3374.902,3379.478,3373.998,3376.783,7071,160,0
2025-06-19 03:00:00+00:00,3376.727,3377.366,3369.72,3373.609,6852,160,0
2025-06-19 04:00:00+00:00,3373.609,3375.191,3372.001,3374.508,4483,160,0
2025-06-19 05:00:00+00:00,3374.514,3375.314,3360.187,3364.477,9461,160,0
2025-06-19 06:00:00+00:00,3364.52,3364.818,3347.474,3357.401,22830,160,0
2025-06-19 07:00:00+00:00,3357.446,3369.142,3350.693,3365.957,14974,160,0
2025-06-19 08:00:00+00:00,3366.004,3371.651,3362.215,3368.65,10668,160,0
2025-06-19 09:00:00+00:00,3368.679,3373.624,3363.635,3370.267,8512,160,0
2025-06-19 10:00:00+00:00,3370.31,3379.05,3369.027,3374.947,8193,160,0
2025-06-19 11:00:00+00:00,3375.046,3375.547,3370.484,3371.967,6836,160,0
2025-06-19 12:00:00+00:00,3371.971,3372.57,3363.787,3367.958,9023,160,0
2025-06-19 13:00:00+00:00,3367.996,3372.963,3361.52,3369.573,11787,160,0
2025-06-19 14:00:00+00:00,3369.547,3371.005,3361.574,3364.632,9994,160,0
2025-06-19 15:00:00+00:00,3364.607,3371.922,3362.182,3369.26,10662,160,0
2025-06-19 16:00:00+00:00,3369.223,3371.703,3366.108,3371.146,6389,160,0
2025-06-19 17:00:00+00:00,3371.105,3374.14,3370.972,3373.455,1102,160,0
2025-06-19 22:00:00+00:00,3369.491,3370.375,3361.971,3365.623,7503,160,0
2025-06-19 23:00:00+00:00,3365.643,3370.411,3363.627,3368.739,6671,160,0
2025-06-20 00:00:00+00:00,3368.763,3370.35,3364.625,3368.174,7797,160,0
2025-06-20 01:00:00+00:00,3368.142,3368.289,3356.08,3356.516,10668,160,0
2025-06-20 02:00:00+00:00,3356.476,3360.653,3351.551,3352.479,10519,160,0
2025-06-20 03:00:00+00:00,3352.51,3356.353,3344.625,3355.507,11623,160,0
2025-06-20 04:00:00+00:00,3355.611,3357.693,3352.499,3354.316,5536,160,0
2025-06-20 05:00:00+00:00,3354.284,3355.186,3342.726,3344.74,8985,160,0
2025-06-20 06:00:00+00:00,3344.773,3348.691,3340.345,3345.292,10422,160,0
2025-06-20 07:00:00+00:00,3345.251,3355.333,3343.382,3347.685,9591,160,0
2025-06-20 08:00:00+00:00,3347.657,3352.519,3346.681,3351.026,7696,160,0
2025-06-20 09:00:00+00:00,3350.977,3359.236,3349.177,3355.228,7717,160,0
2025-06-20 10:00:00+00:00,3355.262,3357.928,3354.92,3355.374,5489,160,0
2025-06-20 11:00:00+00:00,3355.429,3356.048,3346.498,3347.051,9643,160,0
2025-06-20 12:00:00+00:00,3347.094,3350.723,3341.899,3344.444,13507,160,0
2025-06-20 13:00:00+00:00,3344.513,3373.885,3343.039,3370.312,17687,160,0
2025-06-20 14:00:00+00:00,3370.367,3374.477,3365.196,3369.235,14850,160,0
2025-06-20 15:00:00+00:00,3369.278,3371.752,3365.86,3369.856,8356,160,0
2025-06-20 16:00:00+00:00,3369.786,3373.365,3367.712,3371.518,6226,160,0
2025-06-20 17:00:00+00:00,3371.461,3371.806,3366.546,3367.356,5519,160,0
2025-06-20 18:00:00+00:00,3367.4,3367.963,3364.579,3366.72,4874,160,0
2025-06-20 19:00:00+00:00,3366.748,3370.724,3364.844,3365.625,4829,160,0
2025-06-20 20:00:00+00:00,3365.578,3369.314,3364.69,3368.618,4122,160,0
2025-06-22 22:00:00+00:00,3384.117,3388.928,3372.298,3379.119,16368,160,0
2025-06-22 23:00:00+00:00,3379.143,3380.631,3371.173,3372.755,9981,160,0
2025-06-23 00:00:00+00:00,3372.776,3373.551,3358.317,3365.69,13776,160,0
2025-06-23 01:00:00+00:00,3365.762,3368.135,3351.918,3355.307,16070,160,0
2025-06-23 02:00:00+00:00,3355.263,3364.935,3354.768,3361.564,8375,160,0
2025-06-23 03:00:00+00:00,3361.555,3366.423,3360.366,3363.372,7289,160,0
2025-06-23 04:00:00+00:00,3363.385,3365.061,3356.831,3358.472,5296,160,0
2025-06-23 05:00:00+00:00,3358.466,3360.602,3346.971,3356.776,9420,160,0
2025-06-23 06:00:00+00:00,3356.818,3359.838,3352.673,3357.578,9154,160,0
2025-06-23 07:00:00+00:00,3357.542,3358.777,3351.646,3357.627,8205,160,0
2025-06-23 08:00:00+00:00,3357.672,3362.382,3357.672,3361.845,7422,160,0
2025-06-23 09:00:00+00:00,3361.78,3368.98,3361.571,3366.542,8485,160,0
2025-06-23 10:00:00+00:00,3366.608,3368.24,3363.947,3367.724,6352,160,0
2025-06-23 11:00:00+00:00,3367.766,3382.017,3367.766,3380.596,10454,160,0
2025-06-23 12:00:00+00:00,3380.627,3381.012,3355.889,3360.449,14027,160,0
2025-06-23 13:00:00+00:00,3360.43,3387.759,3359.726,3380.59,19307,160,0
2025-06-23 14:00:00+00:00,3380.534,3386.753,3369.786,3386.366,20729,160,0
2025-06-23 15:00:00+00:00,3386.402,3389.82,3384.496,3387.24,9755,160,0
2025-06-23 16:00:00+00:00,3387.233,3393.493,3380.473,3389.774,15011,160,0
2025-06-23 17:00:00+00:00,3389.813,3391.527,3375.598,3382.526,16360,160,0
2025-06-23 18:00:00+00:00,3382.553,3387.755,3376.836,3378.635,9811,160,0
2025-06-23 19:00:00+00:00,3378.665,3382.101,3375.676,3376.362,7108,160,0
2025-06-23 20:00:00+00:00,3376.32,3377.295,3367.236,3368.358,6085,160,0
2025-06-23 22:00:00+00:00,3365.986,3365.986,3350.421,3355.464,12632,160,0
2025-06-23 23:00:00+00:00,3355.435,3357.398,3341.51,3344.235,14153,160,0
2025-06-24 00:00:00+00:00,3344.27,3355.22,3333.143,3351.064,16892,160,0
2025-06-24 01:00:00+00:00,3351.054,3354.353,3342.201,3347.775,17544,160,0
2025-06-24 02:00:00+00:00,3347.738,3352.948,3345.84,3351.894,9038,160,0
2025-06-24 03:00:00+00:00,3351.903,3357.912,3351.509,3352.404,6532,160,0
2025-06-24 04:00:00+00:00,3352.403,3353.369,3347.077,3348.605,6327,160,0
2025-06-24 05:00:00+00:00,3348.534,3348.744,3326.552,3332.044,14254,160,0
2025-06-24 06:00:00+00:00,3332.103,3333.086,3316.022,3322.736,18874,160,0
2025-06-24 07:00:00+00:00,3322.814,3331.754,3316.536,3329.645,17049,160,0
2025-06-24 08:00:00+00:00,3329.658,3332.32,3324.631,3327.323,10506,160,0
2025-06-24 09:00:00+00:00,3327.298,3328.755,3317.931,3318.575,9294,160,0
2025-06-24 10:00:00+00:00,3318.602,3327.663,3318.537,3325.485,6788,160,0
2025-06-24 11:00:00+00:00,3325.459,3328.955,3317.829,3321.214,9084,160,0
2025-06-24 12:00:00+00:00,3321.181,3321.181,3304.515,3314.718,18974,160,0
2025-06-24 13:00:00+00:00,3314.694,3317.953,3295.306,3301.966,26244,160,0
2025-06-24 14:00:00+00:00,3302.009,3310.273,3298.666,3304.591,18035,160,0
2025-06-24 15:00:00+00:00,3304.551,3317.037,3299.787,3313.261,13486,160,0
2025-06-24 16:00:00+00:00,3313.296,3320.489,3311.276,3318.4,7694,160,0
2025-06-24 17:00:00+00:00,3318.462,3321.227,3317.835,3317.926,7307,160,0
2025-06-24 18:00:00+00:00,3317.921,3319.03,3315.672,3317.119,5706,160,0
2025-06-24 19:00:00+00:00,3317.155,3325.184,3316.056,3323.479,6520,160,0
2025-06-24 20:00:00+00:00,3323.526,3324.444,3321.607,3323.086,3780,160,0
2025-06-24 22:00:00+00:00,3324.444,3324.444,3320.842,3321.641,3388,160,0
2025-06-24 23:00:00+00:00,3321.679,3324.882,3321.602,3324.142,2978,160,0
2025-06-25 00:00:00+00:00,3324.139,3330.081,3323.627,3326.955,6723,160,0
2025-06-25 01:00:00+00:00,3327.004,3334.822,3326.348,3334.572,8306,160,0
2025-06-25 02:00:00+00:00,3334.678,3335.234,3327.808,3329.444,6136,160,0
2025-06-25 03:00:00+00:00,3329.445,3332.02,3327.197,3328.295,5287,160,0
2025-06-25 04:00:00+00:00,3328.284,3329.273,3325.797,3327.509,3846,160,0
2025-06-25 05:00:00+00:00,3327.501,3333.742,3326.698,3331.625,5108,160,0
2025-06-25 06:00:00+00:00,3331.609,3333.461,3328.975,3331.652,6002,160,0
2025-06-25 07:00:00+00:00,3331.676,3337.117,3326.682,3330.631,8325,160,0
2025-06-25 08:00:00+00:00,3330.656,3332.414,3326.528,3327.223,7823,160,0
2025-06-25 09:00:00+00:00,3327.251,3327.323,3321.397,3325.249,7232,160,0
2025-06-25 10:00:00+00:00,3325.292,3329.569,3324.164,3324.483,6388,160,0
2025-06-25 11:00:00+00:00,3324.392,3329.548,3322.111,3322.646,7888,160,0
2025-06-25 12:00:00+00:00,3322.66,3329.507,3318.186,3320.609,8666,160,0
2025-06-25 13:00:00+00:00,3320.655,3321.646,3311.894,3314.467,12809,160,0
2025-06-25 14:00:00+00:00,3314.46,3326.368,3312.238,3323.404,11178,160,0
2025-06-25 15:00:00+00:00,3323.386,3327.194,3321.603,3325.643,7593,160,0
2025-06-25 16:00:00+00:00,3325.656,3335.149,3324.111,3334.782,7710,160,0
2025-06-25 17:00:00+00:00,3334.884,3335.418,3324.727,3328.042,8548,160,0
2025-06-25 18:00:00+00:00,3328.015,3331.855,3326.18,3331.583,5462,160,0
2025-06-25 19:00:00+00:00,3331.544,3336.068,3330.347,3333.706,5543,160,0
2025-06-25 20:00:00+00:00,3333.745,3335.674,3331.379,3332.385,3881,160,0
2025-06-25 22:00:00+00:00,3335.125,3335.589,3331.277,3333.211,4269,160,0
2025-06-25 23:00:00+00:00,3333.253,3340.158,3332.814,3339.028,5102,160,0
2025-06-26 00:00:00+00:00,3338.987,3339.381,3332.103,3334.028,7383,160,0
2025-06-26 01:00:00+00:00,3334.065,3336.775,3329.181,3330.222,9641,160,0
2025-06-26 02:00:00+00:00,3330.183,3341.814,3329.263,3339.476,7022,160,0
2025-06-26 03:00:00+00:00,3339.481,3343.223,3336.425,3337.97,6002,160,0
2025-06-26 04:00:00+00:00,3338.088,3338.126,3333.335,3333.983,4690,160,0
2025-06-26 05:00:00+00:00,3333.965,3338.25,3332.349,3334.218,6332,160,0
2025-06-26 06:00:00+00:00,3334.155,3340.367,3330.981,3339.782,8510,160,0
2025-06-26 07:00:00+00:00,3339.755,3347.239,3339.662,3346.051,7456,160,0
2025-06-26 08:00:00+00:00,3346.066,3350.37,3344.448,3348.256,8169,160,0
2025-06-26 09:00:00+00:00,3348.217,3348.792,3338.68,3340.549,9015,160,0
2025-06-26 10:00:00+00:00,3340.535,3343.469,3337.838,3343.253,5572,160,0
2025-06-26 11:00:00+00:00,3343.258,3344.094,3331.469,3332.921,7921,160,0
2025-06-26 12:00:00+00:00,3332.937,3344.056,3321.59,3322.06,15643,160,0
2025-06-26 13:00:00+00:00,3322.116,3328.7,3309.916,3319.925,28379,160,0
2025-06-26 14:00:00+00:00,3319.891,3323.898,3311.896,3318.411,16575,160,0
2025-06-26 15:00:00+00:00,3318.453,3324.937,3318.453,3324.808,9295,160,0
2025-06-26 16:00:00+00:00,3324.845,3333.325,3323.729,3331.328,8145,160,0
2025-06-26 17:00:00+00:00,3331.329,3336.501,3331.145,3332.718,7361,160,0
2025-06-26 18:00:00+00:00,3332.69,3334.906,3331.261,3334.127,5635,160,0
2025-06-26 19:00:00+00:00,3334.155,3334.329,3328.265,3331.301,5612,160,0
2025-06-26 20:00:00+00:00,3331.407,3332.327,3327.804,3328.215,3332,160,0
2025-06-26 22:00:00+00:00,3325.601,3325.842,3318.774,3321.513,5076,160,0
2025-06-26 23:00:00+00:00,3321.555,3323.729,3316.229,3318.758,5076,160,0
2025-06-27 00:00:00+00:00,3318.731,3319.936,3313.226,3318.808,7809,160,0
2025-06-27 01:00:00+00:00,3318.791,3322.012,3314.872,3316.427,9843,160,0
2025-06-27 02:00:00+00:00,3316.498,3320.341,3308.541,3308.891,8962,160,0
2025-06-27 03:00:00+00:00,3308.87,3310.923,3292.557,3294.318,11878,160,0
2025-06-27 04:00:00+00:00,3294.364,3297.58,3291.039,3293.969,8573,160,0
2025-06-27 05:00:00+00:00,3294.008,3300.922,3289.262,3297.103,10518,160,0
2025-06-27 06:00:00+00:00,3297.332,3299.92,3286.833,3294.888,13557,160,0
2025-06-27 07:00:00+00:00,3294.979,3295.392,3283.394,3284.458,13117,160,0
2025-06-27 08:00:00+00:00,3284.43,3291.126,3281.778,3289.427,11502,160,0
2025-06-27 09:00:00+00:00,3289.399,3289.83,3282.072,3282.797,9797,160,0
2025-06-27 10:00:00+00:00,3282.819,3290.959,3279.692,3285.613,8394,160,0
2025-06-27 11:00:00+00:00,3285.713,3287.99,3276.009,3281.389,10559,160,0
2025-06-27 12:00:00+00:00,3281.358,3282.328,3269.434,3270.1,19755,160,0
2025-06-27 13:00:00+00:00,3270.06,3274.422,3255.836,3274.143,28446,160,0
2025-06-27 14:00:00+00:00,3274.231,3278.062,3263.58,3272.407,19696,160,0
2025-06-27 15:00:00+00:00,3272.445,3277.493,3270.91,3274.655,12556,160,0
2025-06-27 16:00:00+00:00,3274.574,3278.629,3273.36,3277.558,7648,160,0
2025-06-27 17:00:00+00:00,3277.598,3282.773,3272.7,3277.353,9169,160,0
2025-06-27 18:00:00+00:00,3277.402,3278.39,3270.464,3275.773,8376,160,0
2025-06-27 19:00:00+00:00,3275.766,3276.561,3268.366,3270.574,7068,160,0
2025-06-27 20:00:00+00:00,3270.616,3275.496,3270.301,3274.598,4765,160,0
2025-06-29 22:00:00+00:00,3272.488,3274.234,3247.921,3263.811,18265,160,0
2025-06-29 23:00:00+00:00,3263.784,3270.917,3262.825,3263.805,9657,160,0
2025-06-30 00:00:00+00:00,3263.775,3269.786,3262.637,3264.626,9148,160,0
2025-06-30 01:00:00+00:00,3264.587,3275.962,3259.425,3273.862,14164,160,0
2025-06-30 02:00:00+00:00,3273.901,3283.297,3273.592,3280.186,9996,160,0
2025-06-30 03:00:00+00:00,3280.154,3282.822,3277.815,3278.981,6871,160,0
2025-06-30 04:00:00+00:00,3278.996,3286.354,3276.964,3285.686,5619,160,0
2025-06-30 05:00:00+00:00,3285.573,3291.417,3284.683,3288.997,7217,160,0
2025-06-30 06:00:00+00:00,3288.983,3295.551,3287.85,3292.123,8150,160,0
2025-06-30 07:00:00+00:00,3292.153,3296.842,3290.74,3292.873,7628,160,0
2025-06-30 08:00:00+00:00,3292.879,3296.558,3288.122,3289.186,7599,160,0
2025-06-30 09:00:00+00:00,3289.188,3289.188,3277.381,3287.791,10491,160,0
2025-06-30 10:00:00+00:00,3287.828,3288.833,3282.44,3283.455,5667,160,0
2025-06-30 11:00:00+00:00,3283.509,3283.821,3274.488,3277.932,8533,160,0
2025-06-30 12:00:00+00:00,3277.993,3288.981,3277.993,3282.089,8870,160,0
2025-06-30 13:00:00+00:00,3282.048,3287.062,3277.955,3284.791,12132,160,0
2025-06-30 14:00:00+00:00,3284.761,3289.612,3279.178,3287.647,11677,160,0
2025-06-30 15:00:00+00:00,3287.634,3290.782,3283.619,3289.553,8980,160,0
2025-06-30 16:00:00+00:00,3289.669,3297.51,3289.073,3297.227,6938,160,0
2025-06-30 17:00:00+00:00,3297.192,3298.535,3291.983,3294.048,6932,160,0
2025-06-30 18:00:00+00:00,3294.061,3299.606,3292.631,3298.414,5443,160,0
2025-06-30 19:00:00+00:00,3298.414,3309.446,3298.02,3308.534,7522,160,0
2025-06-30 20:00:00+00:00,3308.502,3309.33,3302.32,3303.195,4343,160,0
2025-06-30 22:00:00+00:00,3302.878,3314.602,3302.297,3311.45,5547,160,0
2025-06-30 23:00:00+00:00,3311.41,3312.582,3308.556,3312.441,5642,160,0
2025-07-01 00:00:00+00:00,3312.435,3314.839,3309.917,3314.722,6508,160,0
2025-07-01 01:00:00+00:00,3314.663,3320.968,3313.872,3317.842,9498,160,0
2025-07-01 02:00:00+00:00,3317.798,3319.45,3314.344,3316.124,7940,160,0
2025-07-01 03:00:00+00:00,3316.098,3322.644,3315.696,3321.161,6324,160,0
2025-07-01 04:00:00+00:00,3321.173,3323.108,3318.893,3322.98,4618,160,0
2025-07-01 05:00:00+00:00,3322.978,3332.368,3322.904,3328.707,7668,160,0
2025-07-01 06:00:00+00:00,3328.681,3334.567,3325.035,3331.347,8000,160,0
2025-07-01 07:00:00+00:00,3331.384,3339.897,3330.741,3339.497,9831,160,0
2025-07-01 08:00:00+00:00,3339.501,3342.432,3336.796,3339.525,7809,160,0
2025-07-01 09:00:00+00:00,3339.555,3348.118,3338.174,3345.755,7908,160,0
2025-07-01 10:00:00+00:00,3345.782,3349.716,3344.359,3348.643,6542,160,0
2025-07-01 11:00:00+00:00,3348.67,3353.082,3347.035,3349.01,8501,160,0
2025-07-01 12:00:00+00:00,3348.99,3358.015,3348.283,3354.683,12939,160,0
2025-07-01 13:00:00+00:00,3354.643,3355.548,3344.48,3351.512,15390,160,0
2025-07-01 14:00:00+00:00,3351.595,3354.405,3343.583,3345.678,15091,160,0
2025-07-01 15:00:00+00:00,3345.793,3346.684,3337.007,3340.228,13934,160,0
2025-07-01 16:00:00+00:00,3340.215,3343.523,3337.533,3341.723,8095,160,0
2025-07-01 17:00:00+00:00,3341.738,3342.197,3336.885,3339.695,7220,160,0
2025-07-01 18:00:00+00:00,3339.65,3339.921,3336.816,3337.933,4684,160,0
2025-07-01 19:00:00+00:00,3338.023,3340.155,3336.835,3338.005,5433,160,0
2025-07-01 20:00:00+00:00,3338.042,3340.363,3336.771,3338.959,3282,160,0
2025-07-01 22:00:00+00:00,3337.692,3343.826,3336.88,3341.515,5323,160,0
2025-07-01 23:00:00+00:00,3341.569,3341.874,3336.814,3338.152,5161,160,0
2025-07-02 00:00:00+00:00,3338.186,3344.987,3334.557,3339.009,9483,160,0
2025-07-02 01:00:00+00:00,3339.044,3342.877,3330.975,3332.194,10081,160,0
2025-07-02 02:00:00+00:00,3332.234,3338.225,3328.509,3336.764,8581,160,0
2025-07-02 03:00:00+00:00,3336.718,3342.063,3334.946,3339.959,6380,160,0
2025-07-02 04:00:00+00:00,3339.925,3342.033,3339.401,3340.084,4412,160,0
2025-07-02 05:00:00+00:00,3340.09,3343.951,3336.523,3338.756,6527,160,0
2025-07-02 06:00:00+00:00,3338.789,3339.366,3329.839,3333.507,8122,160,0
2025-07-02 07:00:00+00:00,3333.399,3336.836,3327.587,3334.614,9210,160,0
2025-07-02 08:00:00+00:00,3334.583,3338.054,3332.869,3333.558,6484,160,0
2025-07-02 09:00:00+00:00,3333.49,3342.298,3333.033,3341.636,6924,160,0
2025-07-02 10:00:00+00:00,3341.686,3345.758,3340.594,3344.261,5160,160,0
2025-07-02 11:00:00+00:00,3344.298,3347.711,3339.696,3342.199,6433,160,0
2025-07-02 12:00:00+00:00,3342.214,3351.117,3337.666,3346.621,14200,160,0
2025-07-02 13:00:00+00:00,3346.595,3346.62,3334.9,3337.44,15007,160,0
2025-07-02 14:00:00+00:00,3337.479,3343.599,3333.818,3342.961,10021,160,0
2025-07-02 15:00:00+00:00,3342.998,3343.839,3338.677,3341.021,9210,160,0
2025-07-02 16:00:00+00:00,3340.943,3349.237,3340.943,3348.668,7178,160,0
2025-07-02 17:00:00+00:00,3348.626,3350.543,3347.378,3349.646,5301,160,0
2025-07-02 18:00:00+00:00,3349.584,3355.215,3348.486,3354.906,4530,160,0
2025-07-02 19:00:00+00:00,3354.913,3359.519,3354.63,3358.258,5199,160,0
2025-07-02 20:00:00+00:00,3358.302,3360.148,3355.577,3357.315,3530,160,0
2025-07-02 22:00:00+00:00,3358.427,3365.752,3358.424,3361.906,5353,160,0
2025-07-02 23:00:00+00:00,3361.958,3362.315,3348.754,3349.395,8964,160,0
2025-07-03 00:00:00+00:00,3349.444,3349.895,3343.471,3344.788,7623,160,0
2025-07-03 01:00:00+00:00,3344.826,3348.183,3341.88,3345.975,7820,160,0
2025-07-03 02:00:00+00:00,3345.994,3351.423,3345.724,3350.965,5939,160,0
2025-07-03 03:00:00+00:00,3351.008,3351.476,3345.487,3347.509,4997,160,0
2025-07-03 04:00:00+00:00,3347.437,3351.786,3347.384,3350.834,4334,160,0
2025-07-03 05:00:00+00:00,3350.794,3360.49,3350.152,3359.279,6898,160,0
2025-07-03 06:00:00+00:00,3359.345,3363.677,3356.488,3361.859,7566,160,0
2025-07-03 07:00:00+00:00,3361.823,3363.08,3352.628,3353.077,7758,160,0
2025-07-03 08:00:00+00:00,3353.096,3358.367,3351.65,3356.225,6508,160,0
2025-07-03 09:00:00+00:00,3356.183,3356.423,3343.844,3345.687,7790,160,0
2025-07-03 10:00:00+00:00,3345.673,3355.421,3344.817,3352.969,6124,160,0
2025-07-03 11:00:00+00:00,3353.077,3353.717,3342.985,3346.03,6855,160,0
2025-07-03 12:00:00+00:00,3346.041,3352.314,3311.535,3324.559,29351,160,0
2025-07-03 13:00:00+00:00,3324.519,3338.521,3322.058,3332.152,21224,160,0
2025-07-03 14:00:00+00:00,3332.21,3334.671,3323.417,3324.643,15344,160,0
2025-07-03 15:00:00+00:00,3324.636,3331.477,3323.047,3328.045,8727,160,0
2025-07-03 16:00:00+00:00,3328.106,3334.714,3325.646,3333.866,6381,160,0
2025-07-03 17:00:00+00:00,3333.827,3334.862,3328.839,3329.141,4315,160,0
2025-07-03 18:00:00+00:00,3329.069,3330.286,3327.843,3329.132,2492,160,0
2025-07-03 19:00:00+00:00,3329.1,3329.532,3327.011,3328.749,2444,160,0
2025-07-03 20:00:00+00:00,3328.713,3328.911,3325.321,3326.687,2065,160,0
2025-07-03 22:00:00+00:00,3326.167,3329.629,3323.582,3329.07,3244,160,0
2025-07-03 23:00:00+00:00,3329.036,3332.025,3328.526,3330.871,4519,160,0
2025-07-04 00:00:00+00:00,3330.875,3331.12,3325.869,3328.996,5389,160,0
2025-07-04 01:00:00+00:00,3328.987,3334.281,3326.429,3330.056,6967,160,0
2025-07-04 02:00:00+00:00,3330.088,3332.443,3327.124,3327.371,5900,160,0
2025-07-04 03:00:00+00:00,3327.29,3338.948,3326.126,3338.35,5601,160,0
2025-07-04 04:00:00+00:00,3338.307,3342.252,3337.973,3340.817,5151,160,0
2025-07-04 05:00:00+00:00,3340.81,3342.266,3338.371,3339.475,5117,160,0
2025-07-04 06:00:00+00:00,3339.569,3345.087,3339.208,3342.64,6671,160,0
2025-07-04 07:00:00+00:00,3342.664,3343.782,3336.425,3342.947,7380,160,0
2025-07-04 08:00:00+00:00,3342.95,3344.247,3340.824,3342.804,5393,160,0
2025-07-04 09:00:00+00:00,3342.803,3343.099,3332.974,3334.403,6872,160,0
2025-07-04 10:00:00+00:00,3334.373,3338.074,3331.466,3336.799,5783,160,0
2025-07-04 11:00:00+00:00,3336.776,3337.797,3334.35,3334.795,4772,160,0
2025-07-04 12:00:00+00:00,3334.791,3337.83,3331.328,3333.931,6703,160,0
2025-07-04 13:00:00+00:00,3333.888,3338.059,3332.254,3333.856,7090,160,0
2025-07-04 14:00:00+00:00,3333.866,3334.239,3330.855,3333.212,5915,160,0
2025-07-04 15:00:00+00:00,3333.21,3333.973,3330.868,3332.384,3835,160,0
2025-07-04 16:00:00+00:00,3332.357,3335.958,3332.222,3335.07,2598,160,0
2025-07-06 22:00:00+00:00,3341.408,3341.911,3332.39,3333.456,5696,160,0
2025-07-06 23:00:00+00:00,3333.505,3334.487,3326.187,3328.853,6336,160,0
2025-07-07 00:00:00+00:00,3328.83,3329.726,3321.717,3326.505,8259,160,0
2025-07-07 01:00:00+00:00,3326.535,3327.691,3306.618,3316.554,15371,160,0
2025-07-07 02:00:00+00:00,3316.587,3317.778,3306.017,3308.943,9547,160,0
2025-07-07 03:00:00+00:00,3308.903,3315.282,3307.07,3310.848,7808,160,0
2025-07-07 04:00:00+00:00,3310.892,3312.359,3305.219,3307.706,8078,160,0
2025-07-07 05:00:00+00:00,3307.719,3315.104,3306.972,3313.467,8313,160,0
2025-07-07 06:00:00+00:00,3313.422,3315.215,3308.333,3309.878,9272,160,0
2025-07-07 07:00:00+00:00,3309.827,3313.315,3300.648,3302.217,9387,160,0
2025-07-07 08:00:00+00:00,3302.175,3312.763,3301.231,3310.169,8215,160,0
2025-07-07 09:00:00+00:00,3310.112,3311.929,3306.103,3308.996,7594,160,0
2025-07-07 10:00:00+00:00,3308.941,3310.697,3296.296,3302.079,11350,160,0
2025-07-07 11:00:00+00:00,3302.114,3307.615,3299.774,3301.982,12511,160,0
2025-07-07 12:00:00+00:00,3301.94,3312.723,3300.376,3309.551,15190,160,0
2025-07-07 13:00:00+00:00,3309.661,3317.073,3306.199,3316.297,13773,160,0
2025-07-07 14:00:00+00:00,3316.333,3321.396,3313.293,3318.094,10639,160,0
2025-07-07 15:00:00+00:00,3318.049,3322.031,3316.114,3320.839,6445,160,0
2025-07-07 16:00:00+00:00,3320.784,3328.091,3320.082,3327.367,9455,160,0
2025-07-07 17:00:00+00:00,3327.404,3335.818,3327.31,3332.018,8421,160,0
2025-07-07 18:00:00+00:00,3331.911,3335.706,3328.439,3334.291,6388,160,0
2025-07-07 19:00:00+00:00,3334.302,3340.438,3334.302,3336.981,5681,160,0
2025-07-07 20:00:00+00:00,3337.025,3338.067,3335.393,3336.468,3512,160,0
2025-07-07 22:00:00+00:00,3340.98,3345.857,3338.89,3339.804,5566,160,0
2025-07-07 23:00:00+00:00,3339.8,3340.135,3333.899,3334.653,5573,160,0
2025-07-08 00:00:00+00:00,3334.697,3337.314,3331.148,3334.261,9204,160,0
2025-07-08 01:00:00+00:00,3334.23,3336.971,3329.717,3334.86,10230,160,0
2025-07-08 02:00:00+00:00,3334.777,3338.035,3332.793,3334.531,7216,160,0
2025-07-08 03:00:00+00:00,3334.47,3335.459,3329.595,3331.469,5169,160,0
2025-07-08 04:00:00+00:00,3331.398,3332.827,3327.329,3329.612,5294,160,0
2025-07-08 05:00:00+00:00,3329.556,3336.57,3329.486,3334.011,5731,160,0
2025-07-08 06:00:00+00:00,3334.024,3336.024,3330.774,3335.743,6783,160,0
2025-07-08 07:00:00+00:00,3335.798,3339.5,3330.509,3333.893,7333,160,0
2025-07-08 08:00:00+00:00,3333.852,3333.852,3323.259,3323.725,9766,160,0
2025-07-08 09:00:00+00:00,3323.612,3326.736,3321.088,3322.038,7559,160,0
2025-07-08 10:00:00+00:00,3322.045,3327.1,3320.395,3324.621,5599,160,0
2025-07-08 11:00:00+00:00,3324.658,3327.484,3319.94,3324.971,6674,160,0
2025-07-08 12:00:00+00:00,3325.014,3329.864,3324.697,3328.206,7734,160,0
2025-07-08 13:00:00+00:00,3328.242,3328.65,3314.728,3315.27,15593,160,0
2025-07-08 14:00:00+00:00,3315.236,3315.847,3294.284,3296.625,20642,160,0
2025-07-08 15:00:00+00:00,3296.662,3300.322,3287.041,3298.241,15338,160,0
2025-07-08 16:00:00+00:00,3298.249,3301.572,3295.912,3300.468,9863,160,0
2025-07-08 17:00:00+00:00,3300.518,3310.422,3299.306,3306.348,13624,160,0
2025-07-08 18:00:00+00:00,3306.304,3308.191,3300.601,3305.401,7232,160,0
2025-07-08 19:00:00+00:00,3305.438,3306.163,3302.379,3302.992,5406,160,0
2025-07-08 20:00:00+00:00,3303.02,3303.783,3299.326,3301.488,3772,160,0
2025-07-08 22:00:00+00:00,3303.13,3304.074,3300.335,3301.589,4030,160,0
2025-07-08 23:00:00+00:00,3301.616,3303.923,3297.199,3302.277,6226,160,0
2025-07-09 00:00:00+00:00,3302.341,3308.003,3301.815,3307.084,7407,160,0
2025-07-09 01:00:00+00:00,3307.109,3307.305,3299.262,3301.838,9232,160,0
2025-07-09 02:00:00+00:00,3301.818,3303.02,3286.295,3288.57,10399,160,0
2025-07-09 03:00:00+00:00,3288.536,3294.763,3284.933,3293.252,8932,160,0
2025-07-09 04:00:00+00:00,3293.244,3296.359,3291.192,3293.965,5123,160,0
2025-07-09 05:00:00+00:00,3293.898,3297.833,3288.964,3289.441,8194,160,0
2025-07-09 06:00:00+00:00,3289.484,3292.795,3285.495,3292.194,9635,160,0
2025-07-09 07:00:00+00:00,3292.242,3295.959,3288.207,3291.852,9940,160,0
2025-07-09 08:00:00+00:00,3291.822,3292.677,3282.626,3285.04,9201,160,0
2025-07-09 09:00:00+00:00,3285.082,3290.425,3284.345,3289.173,7029,160,0
2025-07-09 10:00:00+00:00,3289.116,3295.951,3288.197,3295.552,6212,160,0
2025-07-09 11:00:00+00:00,3295.576,3295.944,3283.168,3284.936,7812,160,0
2025-07-09 12:00:00+00:00,3284.976,3297.481,3284.976,3296.365,10201,160,0
2025-07-09 13:00:00+00:00,3296.329,3305.233,3291.823,3300.27,15164,160,0
2025-07-09 14:00:00+00:00,3300.167,3312.934,3299.562,3312.275,12322,160,0
2025-07-09 15:00:00+00:00,3312.311,3312.889,3306.338,3309.606,8023,160,0
2025-07-09 16:00:00+00:00,3309.555,3313.324,3307.889,3311.891,5892,160,0
2025-07-09 17:00:00+00:00,3311.906,3314.64,3308.07,3309.498,6003,160,0
2025-07-09 18:00:00+00:00,3309.596,3313.683,3308.081,3311.42,5558,160,0
2025-07-09 19:00:00+00:00,3311.377,3316.874,3310.951,3315.677,5700,160,0
2025-07-09 20:00:00+00:00,3315.645,3315.879,3311.59,3313.846,3355,160,0
2025-07-09 22:00:00+00:00,3315.287,3321.104,3314.721,3319.464,3843,160,0
2025-07-09 23:00:00+00:00,3319.473,3319.723,3315.65,3317.66,4010,160,0
2025-07-10 00:00:00+00:00,3317.559,3321.989,3316.617,3317.746,7135,160,0
2025-07-10 01:00:00+00:00,3317.704,3326.415,3316.401,3322.181,7840,160,0
2025-07-10 02:00:00+00:00,3322.069,3323.633,3318.141,3319.156,5556,160,0
2025-07-10 03:00:00+00:00,3319.216,3320.19,3315.362,3315.799,4918,160,0
2025-07-10 04:00:00+00:00,3315.682,3322.56,3314.806,3322.139,4268,160,0
2025-07-10 05:00:00+00:00,3322.184,3325.055,3320.671,3321.308,5515,160,0
2025-07-10 06:00:00+00:00,3321.149,3328.463,3320.902,3325.252,6547,160,0
2025-07-10 07:00:00+00:00,3325.211,3329.486,3319.867,3321.047,7105,160,0
2025-07-10 08:00:00+00:00,3321.071,3330.141,3319.895,3328.63,5887,160,0
2025-07-10 09:00:00+00:00,3328.602,3330.223,3323.273,3326.474,6366,160,0
2025-07-10 10:00:00+00:00,3326.507,3328.719,3322.214,3325.3,6608,160,0
2025-07-10 11:00:00+00:00,3325.341,3330.318,3318.331,3320.411,8576,160,0
2025-07-10 12:00:00+00:00,3320.424,3326.089,3317.966,3323.783,9920,160,0
2025-07-10 13:00:00+00:00,3323.746,3329.458,3311.935,3312.836,17975,160,0
2025-07-10 14:00:00+00:00,3312.742,3321.543,3310.017,3314.931,13327,160,0
2025-07-10 15:00:00+00:00,3314.96,3321.515,3314.558,3319.754,7256,160,0
2025-07-10 16:00:00+00:00,3319.711,3320.003,3312.108,3315.138,6586,160,0
2025-07-10 17:00:00+00:00,3315.016,3318.641,3314.649,3317.278,5612,160,0
2025-07-10 18:00:00+00:00,3317.291,3321.854,3316.431,3321.513,5288,160,0
2025-07-10 19:00:00+00:00,3321.551,3325.908,3321.363,3324.819,5520,160,0
2025-07-10 20:00:00+00:00,3324.842,3325.3,3323.348,3324.489,3068,160,0
2025-07-10 22:00:00+00:00,3325.207,3326.476,3321.84,3323.271,4770,160,0
2025-07-10 23:00:00+00:00,3323.229,3326.401,3322.918,3323.808,3518,160,0
2025-07-11 00:00:00+00:00,3323.764,3336.187,3323.621,3330.627,10670,160,0
2025-07-11 01:00:00+00:00,3330.58,3331.604,3325.25,3329.569,9562,160,0
2025-07-11 02:00:00+00:00,3329.552,3335.015,3327.173,3332.62,6414,160,0
2025-07-11 03:00:00+00:00,3332.645,3336.042,3332.155,3333.765,4575,160,0
2025-07-11 04:00:00+00:00,3333.744,3335.389,3329.505,3331.999,4594,160,0
2025-07-11 05:00:00+00:00,3331.964,3341.676,3331.964,3334.02,9143,160,0
2025-07-11 06:00:00+00:00,3334.051,3343.827,3332.076,3332.567,9309,160,0
2025-07-11 07:00:00+00:00,3332.52,3342.264,3331.086,3341.833,8555,160,0
2025-07-11 08:00:00+00:00,3341.789,3343.795,3332.822,3333.087,9393,160,0
2025-07-11 09:00:00+00:00,3333.119,3340.059,3332.708,3339.449,6907,160,0
2025-07-11 10:00:00+00:00,3339.486,3348.248,3339.486,3345.011,7454,160,0
2025-07-11 11:00:00+00:00,3345.053,3350.305,3342.029,3347.507,8047,160,0
2025-07-11 12:00:00+00:00,3347.526,3357.059,3344.356,3355.081,12685,160,0
2025-07-11 13:00:00+00:00,3355.127,3359.26,3350.068,3351.845,19259,160,0
2025-07-11 14:00:00+00:00,3351.889,3363.853,3350.189,3361.167,16737,160,0
2025-07-11 15:00:00+00:00,3361.124,3368.733,3356.854,3358.915,12096,160,0
2025-07-11 16:00:00+00:00,3358.884,3359.717,3352.804,3353.809,8851,160,0
2025-07-11 17:00:00+00:00,3353.779,3354.104,3349.232,3353.345,7252,160,0
2025-07-11 18:00:00+00:00,3353.38,3358.482,3353.264,3356.117,5953,160,0
2025-07-11 19:00:00+00:00,3356.064,3359.753,3355.534,3356.407,5888,160,0
2025-07-11 20:00:00+00:00,3356.459,3358.959,3353.605,3355.105,3741,160,0
2025-07-13 22:00:00+00:00,3361.295,3371.157,3359.658,3369.222,9706,160,0
2025-07-13 23:00:00+00:00,3369.261,3374.017,3366.326,3367.772,8255,160,0
2025-07-14 00:00:00+00:00,3367.731,3373.284,3364.916,3367.628,9239,160,0
2025-07-14 01:00:00+00:00,3367.582,3370.168,3356.993,3358.747,11646,160,0
2025-07-14 02:00:00+00:00,3358.709,3359.583,3353.865,3357.393,7413,160,0
2025-07-14 03:00:00+00:00,3357.435,3359.663,3355.402,3356.964,5652,160,0
2025-07-14 04:00:00+00:00,3356.952,3361.682,3353.735,3359.794,6391,160,0
2025-07-14 05:00:00+00:00,3359.742,3360.419,3353.738,3357.649,7370,160,0
2025-07-14 06:00:00+00:00,3357.613,3369.652,3356.652,3368.882,8382,160,0
2025-07-14 07:00:00+00:00,3368.834,3375.078,3366.581,3371.948,9175,160,0
2025-07-14 08:00:00+00:00,3371.956,3372.62,3365.369,3365.9,6998,160,0
2025-07-14 09:00:00+00:00,3365.901,3370.351,3364.034,3370.205,5636,160,0
2025-07-14 10:00:00+00:00,3370.196,3374.647,3369.76,3372.007,6026,160,0
2025-07-14 11:00:00+00:00,3372.02,3373.041,3363.917,3364.169,7057,160,0
2025-07-14 12:00:00+00:00,3364.192,3366.632,3349.376,3350.103,13007,160,0
2025-07-14 13:00:00+00:00,3350.136,3359.073,3347.139,3355.238,13321,160,0
2025-07-14 14:00:00+00:00,3355.19,3356.311,3340.971,3343.045,12990,160,0
2025-07-14 15:00:00+00:00,3343.097,3349.726,3342.466,3345.105,8625,160,0
2025-07-14 16:00:00+00:00,3345.044,3349.253,3343.082,3347.724,6347,160,0
2025-07-14 17:00:00+00:00,3347.794,3351.697,3347.398,3351.044,5361,160,0
2025-07-14 18:00:00+00:00,3351.026,3351.221,3347.848,3348.872,4396,160,0
2025-07-14 19:00:00+00:00,3348.936,3350.486,3343.202,3344.125,5703,160,0
2025-07-14 20:00:00+00:00,3344.16,3345.623,3341.217,3342.572,3559,160,0
2025-07-14 22:00:00+00:00,3343.626,3345.792,3341.301,3345.792,2980,160,0
2025-07-14 23:00:00+00:00,3345.722,3346.556,3343.945,3345.337,3274,160,0
2025-07-15 00:00:00+00:00,3345.299,3349.391,3344.721,3347.626,4624,160,0
2025-07-15 01:00:00+00:00,3347.597,3350.648,3345.969,3346.585,5902,160,0
2025-07-15 02:00:00+00:00,3346.568,3352.03,3345.737,3350.902,6035,160,0
2025-07-15 03:00:00+00:00,3350.872,3358.362,3350.719,3357.841,5686,160,0
2025-07-15 04:00:00+00:00,3357.853,3361.426,3357.58,3360.241,4783,160,0
2025-07-15 05:00:00+00:00,3360.232,3365.194,3360.232,3362.237,5253,160,0
2025-07-15 06:00:00+00:00,3362.202,3364.155,3357.637,3358.151,7036,160,0
2025-07-15 07:00:00+00:00,3358.189,3365.448,3357.466,3364.347,6612,160,0
2025-07-15 08:00:00+00:00,3364.3,3365.629,3356.53,3361.025,8645,160,0
2025-07-15 09:00:00+00:00,3361.06,3364.721,3358.623,3363.37,6909,160,0
2025-07-15 10:00:00+00:00,3363.377,3366.356,3361.117,3361.258,5482,160,0
2025-07-15 11:00:00+00:00,3361.278,3362.105,3353.954,3354.932,7201,160,0
2025-07-15 12:00:00+00:00,3354.892,3360.391,3346.428,3348.813,15390,160,0
2025-07-15 13:00:00+00:00,3348.85,3352.399,3334.37,3346.489,20471,160,0
2025-07-15 14:00:00+00:00,3346.464,3352.17,3342.406,3347.989,13874,160,0
2025-07-15 15:00:00+00:00,3348.022,3349.939,3325.341,3328.982,16005,160,0
2025-07-15 16:00:00+00:00,3328.957,3330.312,3320.218,3329.274,11076,160,0
2025-07-15 17:00:00+00:00,3329.298,3331.382,3325.852,3328.179,6491,160,0
2025-07-15 18:00:00+00:00,3328.186,3331.986,3325.786,3328.877,5601,160,0
2025-07-15 19:00:00+00:00,3328.842,3331.221,3326.421,3330.455,4833,160,0
2025-07-15 20:00:00+00:00,3330.408,3331.019,3324.792,3325.267,3194,160,0
2025-07-15 22:00:00+00:00,3325.035,3327.692,3325.01,3326.606,2746,160,0
2025-07-15 23:00:00+00:00,3326.584,3331.78,3326.29,3331.056,3368,160,0
2025-07-16 00:00:00+00:00,3331.092,3332.596,3328.82,3330.612,5154,160,0
2025-07-16 01:00:00+00:00,3330.629,3334.977,3328.851,3330.966,7366,160,0
2025-07-16 02:00:00+00:00,3330.987,3331.573,3325.053,3326.224,5206,160,0
2025-07-16 03:00:00+00:00,3326.189,3335.084,3325.899,3334.352,5455,160,0
2025-07-16 04:00:00+00:00,3334.281,3338.667,3332.798,3338.219,4697,160,0
2025-07-16 05:00:00+00:00,3338.198,3339.903,3335.601,3338.151,4893,160,0
2025-07-16 06:00:00+00:00,3338.156,3341.996,3337.758,3339.15,5983,160,0
2025-07-16 07:00:00+00:00,3339.288,3340.139,3335.993,3337.778,5672,160,0
2025-07-16 08:00:00+00:00,3337.824,3342.675,3337.721,3342.079,5075,160,0
2025-07-16 09:00:00+00:00,3342.042,3343.072,3338.973,3340.058,5586,160,0
2025-07-16 10:00:00+00:00,3340.022,3340.389,3334.039,3334.981,5563,160,0
2025-07-16 11:00:00+00:00,3334.92,3340.266,3333.695,3339.259,6834,160,0
2025-07-16 12:00:00+00:00,3339.219,3341.031,3330.951,3334.494,12509,160,0
2025-07-16 13:00:00+00:00,3334.531,3339.452,3321.938,3326.819,14649,160,0
2025-07-16 14:00:00+00:00,3326.855,3342.666,3319.529,3338.187,20259,160,0
2025-07-16 15:00:00+00:00,3338.162,3377.523,3336.092,3343.553,68411,160,0
2025-07-16 16:00:00+00:00,3343.524,3355.183,3338.958,3349.054,23854,160,0
2025-07-16 17:00:00+00:00,3349.076,3357.301,3348.744,3354.77,9512,160,0
2025-07-16 18:00:00+00:00,3354.758,3357.41,3349.036,3350.346,6423,160,0
2025-07-16 19:00:00+00:00,3350.325,3350.512,3346.014,3347.08,6871,160,0
2025-07-16 20:00:00+00:00,3347.116,3349.545,3346.272,3347.547,3819,160,0
2025-07-16 22:00:00+00:00,3350.161,3352.247,3346.224,3349.595,3840,160,0
2025-07-16 23:00:00+00:00,3349.594,3350.223,3345.269,3346.526,3420,160,0
2025-07-17 00:00:00+00:00,3346.556,3347.405,3339.642,3340.802,5594,160,0
2025-07-17 01:00:00+00:00,3340.914,3344.511,3337.204,3343.905,7340,160,0
2025-07-17 02:00:00+00:00,3343.877,3344.684,3337.791,3341.373,5586,160,0
2025-07-17 03:00:00+00:00,3341.398,3342.426,3336.241,3341.496,5160,160,0
2025-07-17 04:00:00+00:00,3341.511,3344.726,3338.384,3342.763,4192,160,0
2025-07-17 05:00:00+00:00,3342.718,3342.928,3335.878,3339.325,5228,160,0
2025-07-17 06:00:00+00:00,3339.328,3339.738,3328.24,3335.48,9264,160,0
2025-07-17 07:00:00+00:00,3335.439,3336.216,3325.208,3325.886,8354,160,0
2025-07-17 08:00:00+00:00,3325.925,3332.032,3325.532,3328.828,5991,160,0
2025-07-17 09:00:00+00:00,3328.843,3332.523,3324.697,3325.552,5519,160,0
2025-07-17 10:00:00+00:00,3325.562,3331.12,3324.893,3325.86,6131,160,0
2025-07-17 11:00:00+00:00,3325.753,3328.527,3322.358,3324.254,7241,160,0
2025-07-17 12:00:00+00:00,3324.261,3328.586,3309.883,3313.05,18363,160,0
2025-07-17 13:00:00+00:00,3313.151,3321.891,3311.072,3318.99,19147,160,0
2025-07-17 14:00:00+00:00,3319.037,3335.16,3318.254,3334.143,11469,160,0
2025-07-17 15:00:00+00:00,3334.183,3338.451,3331.302,3336.707,8683,160,0
2025-07-17 16:00:00+00:00,3336.72,3339.939,3335.378,3338.821,6340,160,0
2025-07-17 17:00:00+00:00,3338.861,3341.098,3336.29,3337.444,5511,160,0
2025-07-17 18:00:00+00:00,3337.445,3338.97,3335.587,3338.523,4518,160,0
2025-07-17 19:00:00+00:00,3338.537,3340.771,3338.2,3339.763,4350,160,0
2025-07-17 20:00:00+00:00,3339.799,3340.229,3337.411,3338.733,2618,160,0
2025-07-17 22:00:00+00:00,3340.927,3344.019,3338.179,3343.267,5066,160,0
2025-07-17 23:00:00+00:00,3343.339,3343.448,3339.523,3340.159,3695,160,0
2025-07-18 00:00:00+00:00,3340.214,3341.513,3337.979,3339.869,4697,160,0
2025-07-18 01:00:00+00:00,3339.9,3343.035,3335.352,3337.707,7656,160,0
2025-07-18 02:00:00+00:00,3337.666,3344.224,3336.835,3337.844,6713,160,0
2025-07-18 03:00:00+00:00,3337.74,3338.478,3334.038,3334.6,4893,160,0
2025-07-18 04:00:00+00:00,3334.598,3336.991,3333.738,3336.985,4150,160,0
2025-07-18 05:00:00+00:00,3337.018,3340.402,3333.367,3333.433,5743,160,0
2025-07-18 06:00:00+00:00,3333.454,3342.658,3331.806,3342.043,7187,160,0
2025-07-18 07:00:00+00:00,3342.004,3350.091,3340.67,3349.823,6293,160,0
2025-07-18 08:00:00+00:00,3349.849,3350.446,3346.237,3347.457,5528,160,0
2025-07-18 09:00:00+00:00,3347.504,3354.882,3347.421,3352.338,5851,160,0
2025-07-18 10:00:00+00:00,3352.295,3352.772,3347.895,3351.349,6218,160,0
2025-07-18 11:00:00+00:00,3351.324,3357.659,3350.819,3354.436,6400,160,0
2025-07-18 12:00:00+00:00,3354.458,3361.212,3354.19,3359.916,8856,160,0
2025-07-18 13:00:00+00:00,3359.954,3360.338,3352.207,3355.534,12938,160,0
2025-07-18 14:00:00+00:00,3355.565,3359.141,3351.119,3354.707,11228,160,0
2025-07-18 15:00:00+00:00,3354.706,3356.413,3352.288,3353.711,8032,160,0
2025-07-18 16:00:00+00:00,3353.626,3357.46,3351.196,3353.732,7237,160,0
2025-07-18 17:00:00+00:00,3353.75,3353.75,3350.518,3352.223,5533,160,0
2025-07-18 18:00:00+00:00,3352.218,3353.367,3350.17,3351.365,4447,160,0
2025-07-18 19:00:00+00:00,3351.348,3352.778,3347.668,3348.325,4681,160,0
2025-07-18 20:00:00+00:00,3348.279,3352.122,3347.804,3350.395,3478,160,0
2025-07-20 22:00:00+00:00,3348.767,3350.115,3345.006,3347.755,4175,160,0
2025-07-20 23:00:00+00:00,3347.778,3349.573,3345.38,3349.107,3620,160,0
2025-07-21 00:00:00+00:00,3349.168,3354.538,3347.696,3352.272,5002,160,0
2025-07-21 01:00:00+00:00,3352.241,3358.641,3351.869,3356.497,6869,160,0
2025-07-21 02:00:00+00:00,3356.526,3357.403,3352.319,3354.117,5397,160,0
2025-07-21 03:00:00+00:00,3354.163,3356.854,3351.053,3351.286,4573,160,0
2025-07-21 04:00:00+00:00,3351.275,3358.68,3350.618,3357.782,3988,160,0
2025-07-21 05:00:00+00:00,3357.764,3369.701,3357.644,3366.661,8554,160,0
2025-07-21 06:00:00+00:00,3366.689,3370.785,3365.377,3368.384,6702,160,0
2025-07-21 07:00:00+00:00,3368.34,3370.444,3363.867,3364.763,6540,160,0
2025-07-21 08:00:00+00:00,3364.8,3366.92,3363.126,3365.909,6177,160,0
2025-07-21 09:00:00+00:00,3365.947,3366.413,3362.674,3366.04,5101,160,0
2025-07-21 10:00:00+00:00,3366.108,3368.067,3362.776,3365.996,4693,160,0
2025-07-21 11:00:00+00:00,3366.091,3375.631,3365.26,3375.302,7029,160,0
2025-07-21 12:00:00+00:00,3375.271,3388.606,3374.531,3387.23,10438,160,0
2025-07-21 13:00:00+00:00,3387.261,3395.321,3383.592,3388.58,14601,160,0
2025-07-21 14:00:00+00:00,3388.544,3401.575,3386.141,3400.316,15662,160,0
2025-07-21 15:00:00+00:00,3400.37,3401.022,3395.556,3397.994,10586,160,0
2025-07-21 16:00:00+00:00,3397.983,3399.032,3393.731,3395.575,7941,160,0
2025-07-21 17:00:00+00:00,3395.587,3395.867,3391.468,3393.23,6200,160,0
2025-07-21 18:00:00+00:00,3393.309,3395.844,3393.02,3395.389,5467,160,0
2025-07-21 19:00:00+00:00,3395.43,3399.787,3395.077,3398.805,6487,160,0
2025-07-21 20:00:00+00:00,3398.744,3399.297,3396.753,3397.578,3261,160,0
2025-07-21 22:00:00+00:00,3399.028,3401.115,3398.052,3399.329,2632,160,0
2025-07-21 23:00:00+00:00,3399.369,3402.783,3393.208,3396.532,5427,160,0
2025-07-22 00:00:00+00:00,3396.54,3397.665,3390.475,3394.553,7699,160,0
2025-07-22 01:00:00+00:00,3394.526,3395.838,3385.148,3385.964,9426,160,0
2025-07-22 02:00:00+00:00,3385.952,3391.972,3385.241,3391.566,6513,160,0
2025-07-22 03:00:00+00:00,3391.526,3393.69,3388.737,3392.628,5127,160,0
2025-07-22 04:00:00+00:00,3392.589,3392.589,3387.942,3391.162,4379,160,0
2025-07-22 05:00:00+00:00,3391.197,3391.899,3384.62,3385.542,6383,160,0
2025-07-22 06:00:00+00:00,3385.584,3388.025,3384.331,3384.691,6766,160,0
2025-07-22 07:00:00+00:00,3384.818,3387.562,3383.24,3387.562,5616,160,0
2025-07-22 08:00:00+00:00,3387.524,3390.089,3386.192,3389.017,6663,160,0
2025-07-22 09:00:00+00:00,3388.973,3390.627,3384.528,3386.193,5798,160,0
2025-07-22 10:00:00+00:00,3386.198,3388.747,3385.889,3387.059,4614,160,0
2025-07-22 11:00:00+00:00,3387.115,3391.675,3386.653,3391.384,5371,160,0
2025-07-22 12:00:00+00:00,3391.334,3407.872,3390.993,3407.643,11219,160,0
2025-07-22 13:00:00+00:00,3407.592,3420.208,3406.397,3412.339,19324,160,0
2025-07-22 14:00:00+00:00,3412.384,3427.758,3405.032,3426.368,21032,160,0
2025-07-22 15:00:00+00:00,3426.37,3430.614,3423.665,3426.597,13702,160,0
2025-07-22 16:00:00+00:00,3426.64,3432.926,3426.257,3432.18,8899,160,0
2025-07-22 17:00:00+00:00,3432.237,3433.507,3426.523,3429.236,8667,160,0
2025-07-22 18:00:00+00:00,3429.254,3431.05,3427.892,3429.637,6039,160,0
2025-07-22 19:00:00+00:00,3429.612,3432.496,3428.929,3431.738,5792,160,0
2025-07-22 20:00:00+00:00,3431.683,3432.681,3427.798,3431.203,4315,160,0
2025-07-22 22:00:00+00:00,3430.826,3431.39,3427.46,3427.929,3225,160,0
2025-07-22 23:00:00+00:00,3427.926,3433.368,3426.283,3427.458,5869,160,0
2025-07-23 00:00:00+00:00,3427.433,3438.943,3427.007,3428.862,9799,160,0
2025-07-23 01:00:00+00:00,3428.852,3430.711,3420.959,3421.114,13119,160,0
2025-07-23 02:00:00+00:00,3421.071,3425.027,3419.172,3423.065,8012,160,0
2025-07-23 03:00:00+00:00,3422.991,3428.739,3422.853,3423.153,6869,160,0
2025-07-23 04:00:00+00:00,3423.063,3425.301,3421.974,3423.467,5141,160,0
2025-07-23 05:00:00+00:00,3423.505,3423.856,3416.322,3420.379,6699,160,0
2025-07-23 06:00:00+00:00,3420.357,3425.19,3419.543,3425.012,8478,160,0
2025-07-23 07:00:00+00:00,3424.973,3429.705,3419.865,3420.72,7479,160,0
2025-07-23 08:00:00+00:00,3420.754,3428.744,3420.575,3428.376,7074,160,0
2025-07-23 09:00:00+00:00,3428.412,3433.858,3428.247,3431.188,6102,160,0
2025-07-23 10:00:00+00:00,3431.158,3431.422,3421.159,3422.712,7193,160,0
2025-07-23 11:00:00+00:00,3422.675,3429.782,3420.305,3428.18,6908,160,0
2025-07-23 12:00:00+00:00,3428.17,3429.928,3419.839,3420.025,10556,160,0
2025-07-23 13:00:00+00:00,3419.993,3420.626,3405.576,3413.346,19372,160,0
2025-07-23 14:00:00+00:00,3413.304,3419.803,3410.634,3413.562,10658,160,0
2025-07-23 15:00:00+00:00,3413.486,3415.874,3398.206,3398.206,11533,160,0
2025-07-23 16:00:00+00:00,3398.106,3398.127,3381.375,3387.451,27142,160,0
2025-07-23 17:00:00+00:00,3387.344,3394.887,3385.657,3393.197,11415,160,0
2025-07-23 18:00:00+00:00,3393.233,3395.855,3391.954,3393.71,6338,160,0
2025-07-23 19:00:00+00:00,3393.737,3395.945,3388.503,3390.081,6505,160,0
2025-07-23 20:00:00+00:00,3390.122,3390.443,3386.121,3386.882,3740,160,0
2025-07-23 22:00:00+00:00,3391.108,3392.489,3386.696,3386.696,3807,160,0
2025-07-23 23:00:00+00:00,3386.748,3391.601,3386.497,3390.008,3886,160,0
2025-07-24 00:00:00+00:00,3390.047,3393.259,3388.526,3391.483,5351,160,0
2025-07-24 01:00:00+00:00,3391.455,3393.438,3384.027,3387.651,11740,160,0
2025-07-24 02:00:00+00:00,3387.678,3388.933,3380.859,3383.836,10138,160,0
2025-07-24 03:00:00+00:00,3383.917,3386.06,3374.782,3383.762,9551,160,0
2025-07-24 04:00:00+00:00,3383.666,3385.389,3380.95,3382.575,4850,160,0
2025-07-24 05:00:00+00:00,3382.584,3382.941,3374.405,3379.265,7350,160,0
2025-07-24 06:00:00+00:00,3379.29,3379.575,3369.926,3376.012,8807,160,0
2025-07-24 07:00:00+00:00,3375.924,3377.597,3366.054,3367.757,8031,160,0
2025-07-24 08:00:00+00:00,3367.767,3374.663,3365.82,3369.718,7581,160,0
2025-07-24 09:00:00+00:00,3369.678,3370.146,3361.985,3363.627,7218,160,0
2025-07-24 10:00:00+00:00,3363.647,3367.199,3362.08,3364.376,5627,160,0
2025-07-24 11:00:00+00:00,3364.409,3366.457,3361.253,3362.296,6112,160,0
2025-07-24 12:00:00+00:00,3362.254,3365.506,3352.536,3353.469,12512,160,0
2025-07-24 13:00:00+00:00,3353.504,3372.159,3351.315,3366.744,19394,160,0
2025-07-24 14:00:00+00:00,3366.666,3377.43,3365.667,3373.666,11914,160,0
2025-07-24 15:00:00+00:00,3373.549,3375.193,3370.283,3372.541,8384,160,0
2025-07-24 16:00:00+00:00,3372.515,3373.702,3366.926,3367.004,6329,160,0
2025-07-24 17:00:00+00:00,3366.988,3371.838,3366.197,3370.032,5685,160,0
2025-07-24 18:00:00+00:00,3370.092,3373.477,3367.385,3372.027,4720,160,0
2025-07-24 19:00:00+00:00,3371.988,3373.133,3370.015,3370.478,4312,160,0
2025-07-24 20:00:00+00:00,3370.517,3371.212,3367.222,3368.152,3594,160,0
2025-07-24 22:00:00+00:00,3368.512,3370.011,3365.105,3368.799,4048,160,0
2025-07-24 23:00:00+00:00,3368.74,3371.457,3366.676,3369.419,4158,160,0
2025-07-25 00:00:00+00:00,3369.422,3373.528,3368.356,3372.22,4608,160,0
2025-07-25 01:00:00+00:00,3372.238,3372.783,3366.009,3370.599,6508,160,0
2025-07-25 02:00:00+00:00,3370.548,3370.592,3362.49,3363.214,5835,160,0
2025-07-25 03:00:00+00:00,3363.178,3363.58,3358.613,3359.194,5122,160,0
2025-07-25 04:00:00+00:00,3359.176,3363.496,3357.819,3360.994,4802,160,0
2025-07-25 05:00:00+00:00,3361.027,3362.418,3355.29,3358.677,5431,160,0
2025-07-25 06:00:00+00:00,3358.636,3359.776,3354.664,3359.427,6482,160,0
2025-07-25 07:00:00+00:00,3359.297,3360.171,3352.636,3354.008,6098,160,0
2025-07-25 08:00:00+00:00,3354.041,3355.358,3344.551,3345.49,6324,160,0
2025-07-25 09:00:00+00:00,3345.495,3348.928,3343.037,3345.884,5652,160,0
2025-07-25 10:00:00+00:00,3345.889,3348.066,3340.997,3342.836,5672,160,0
2025-07-25 11:00:00+00:00,3342.898,3345.155,3338.621,3341.058,6556,160,0
2025-07-25 12:00:00+00:00,3341.008,3344.092,3336.303,3340.707,8791,160,0
2025-07-25 13:00:00+00:00,3340.753,3347.498,3336.808,3343.977,15931,160,0
2025-07-25 14:00:00+00:00,3343.935,3344.961,3330.523,3331.751,16402,160,0
2025-07-25 15:00:00+00:00,3331.721,3335.988,3324.928,3327.896,15563,160,0
2025-07-25 16:00:00+00:00,3327.842,3331.465,3326.161,3329.705,7372,160,0
2025-07-25 17:00:00+00:00,3329.74,3336.765,3329.587,3335.873,5877,160,0
2025-07-25 18:00:00+00:00,3335.968,3339.396,3335.825,3338.681,4349,160,0
2025-07-25 19:00:00+00:00,3338.776,3340.284,3337.237,3337.804,4423,160,0
2025-07-25 20:00:00+00:00,3337.769,3339.163,3336.199,3336.869,3549,160,0
2025-07-27 22:00:00+00:00,3329.144,3335.364,3323.817,3329.603,8519,160,0
2025-07-27 23:00:00+00:00,3329.59,3337.465,3329.368,3333.683,7433,160,0
2025-07-28 00:00:00+00:00,3333.675,3336.11,3327.64,3333.426,7720,160,0
2025-07-28 01:00:00+00:00,3333.398,3338.8,3329.85,3332.008,10880,160,0
2025-07-28 02:00:00+00:00,3331.939,3336.492,3330.54,3335.654,6066,160,0
2025-07-28 03:00:00+00:00,3335.549,3343.316,3334.399,3343.246,5163,160,0
2025-07-28 04:00:00+00:00,3343.199,3343.992,3339.432,3339.633,4569,160,0
2025-07-28 05:00:00+00:00,3339.584,3344.233,3338.029,3343.37,5402,160,0
2025-07-28 06:00:00+00:00,3343.333,3345.352,3335.755,3340.2,7156,160,0
2025-07-28 07:00:00+00:00,3340.13,3341.896,3333.785,3334.882,8011,160,0
2025-07-28 08:00:00+00:00,3334.879,3338.791,3332.382,3335.965,6637,160,0
2025-07-28 09:00:00+00:00,3335.978,3340.78,3335.884,3337.717,6707,160,0
2025-07-28 10:00:00+00:00,3337.744,3338.808,3334.21,3335.843,7039,160,0
2025-07-28 11:00:00+00:00,3335.9,3338.306,3334.445,3336.563,5776,160,0
2025-07-28 12:00:00+00:00,3336.593,3338.369,3325.508,3328.472,11134,160,0
2025-07-28 13:00:00+00:00,3328.479,3330.657,3301.777,3302.314,18396,160,0
2025-07-28 14:00:00+00:00,3302.318,3314.819,3301.788,3307.981,18976,160,0
2025-07-28 15:00:00+00:00,3307.942,3317.235,3306.553,3314.764,9550,160,0
2025-07-28 16:00:00+00:00,3314.736,3315.027,3311.453,3312.286,5867,160,0
2025-07-28 17:00:00+00:00,3312.255,3313.206,3308.799,3310.703,6247,160,0
2025-07-28 18:00:00+00:00,3310.738,3315.614,3310.156,3313.659,4575,160,0
2025-07-28 19:00:00+00:00,3313.692,3318.89,3312.974,3317.161,5042,160,0
2025-07-28 20:00:00+00:00,3317.195,3318.409,3314.379,3314.878,3468,160,0
2025-07-28 22:00:00+00:00,3313.198,3315.295,3311.901,3314.606,5431,160,0
2025-07-28 23:00:00+00:00,3314.626,3314.724,3310.485,3312.468,3660,160,0
2025-07-29 00:00:00+00:00,3312.485,3315.903,3307.843,3311.6,6885,160,0
2025-07-29 01:00:00+00:00,3311.612,3320.861,3308.484,3318.918,8887,160,0
2025-07-29 02:00:00+00:00,3318.947,3320.337,3317.47,3318.928,5840,160,0
2025-07-29 03:00:00+00:00,3318.871,3318.871,3311.203,3312.576,5693,160,0
2025-07-29 04:00:00+00:00,3312.58,3317.425,3308.959,3316.507,4984,160,0
2025-07-29 05:00:00+00:00,3316.569,3320.093,3314.281,3319.874,5363,160,0
2025-07-29 06:00:00+00:00,3319.905,3322.43,3316.25,3316.975,10070,160,0
2025-07-29 07:00:00+00:00,3317.017,3318.665,3311.294,3317.133,9325,160,0
2025-07-29 08:00:00+00:00,3317.139,3329.976,3316.603,3326.385,8377,160,0
2025-07-29 09:00:00+00:00,3326.347,3328.285,3320.831,3324.525,8877,160,0
2025-07-29 10:00:00+00:00,3324.503,3326.388,3321.965,3322.155,5385,160,0
2025-07-29 11:00:00+00:00,3322.195,3322.201,3314.884,3315.278,7480,160,0
2025-07-29 12:00:00+00:00,3315.249,3324.53,3315.249,3323.225,9451,160,0
2025-07-29 13:00:00+00:00,3323.2,3324.231,3312.85,3317.573,16620,160,0
2025-07-29 14:00:00+00:00,3317.486,3329.635,3311.89,3328.9,14726,160,0
2025-07-29 15:00:00+00:00,3328.933,3334.117,3319.566,3320.751,11233,160,0
2025-07-29 16:00:00+00:00,3320.751,3324.811,3319.046,3323.152,7326,160,0
2025-07-29 17:00:00+00:00,3323.12,3329.228,3322.95,3328.25,6199,160,0
2025-07-29 18:00:00+00:00,3328.299,3330.864,3325.296,3325.807,4973,160,0
2025-07-29 19:00:00+00:00,3325.892,3328.777,3322.68,3324.938,5896,160,0
2025-07-29 20:00:00+00:00,3324.989,3326.686,3324.697,3326.474,3349,160,0
2025-07-29 22:00:00+00:00,3327.751,3329.171,3325.946,3327.643,2657,160,0
2025-07-29 23:00:00+00:00,3327.686,3328.366,3326.137,3327.552,2690,160,0
2025-07-30 00:00:00+00:00,3327.562,3333.673,3327.206,3330.206,5229,160,0
2025-07-30 01:00:00+00:00,3330.104,3333.256,3321.859,3323.295,8524,160,0
2025-07-30 02:00:00+00:00,3323.351,3332.349,3323.351,3329.382,6945,160,0
2025-07-30 03:00:00+00:00,3329.356,3329.905,3326.23,3328.429,4908,160,0
2025-07-30 04:00:00+00:00,3328.383,3329.828,3325.797,3327.194,4149,160,0
2025-07-30 05:00:00+00:00,3327.172,3330.649,3324.47,3324.946,5527,160,0
2025-07-30 06:00:00+00:00,3324.918,3327.538,3323.031,3326.99,6324,160,0
2025-07-30 07:00:00+00:00,3327.101,3332.149,3325.601,3327.751,6383,160,0
2025-07-30 08:00:00+00:00,3327.784,3333.399,3327.511,3332.199,6014,160,0
2025-07-30 09:00:00+00:00,3332.169,3334.052,3329.33,3331.273,5717,160,0
2025-07-30 10:00:00+00:00,3331.245,3332.939,3326.596,3328.473,8157,160,0
2025-07-30 11:00:00+00:00,3328.515,3331.601,3323.966,3330.846,7391,160,0
2025-07-30 12:00:00+00:00,3330.891,3331.904,3310.564,3313.421,13947,160,0
2025-07-30 13:00:00+00:00,3313.446,3316.117,3298.441,3303.078,22330,160,0
2025-07-30 14:00:00+00:00,3303.177,3308.376,3301.156,3302.045,10115,160,0
2025-07-30 15:00:00+00:00,3302.115,3303.341,3288.575,3290.465,11922,160,0
2025-07-30 16:00:00+00:00,3290.45,3298.541,3289.876,3297.95,7049,160,0
2025-07-30 17:00:00+00:00,3297.99,3302.1,3297.658,3301.493,5854,160,0
2025-07-30 18:00:00+00:00,3301.376,3304.767,3279.474,3280.221,31685,160,0
2025-07-30 19:00:00+00:00,3280.178,3282.68,3268.034,3269.396,22334,160,0
2025-07-30 20:00:00+00:00,3269.334,3276.212,3268.912,3275.266,7654,160,0
2025-07-30 22:00:00+00:00,3274.201,3280.076,3274.201,3278.907,5283,160,0
2025-07-30 23:00:00+00:00,3278.906,3285.8,3277.742,3285.303,4464,160,0
2025-07-31 00:00:00+00:00,3285.257,3288.496,3282.802,3286.516,7946,160,0
2025-07-31 01:00:00+00:00,3286.543,3293.972,3285.128,3293.786,10832,160,0
2025-07-31 02:00:00+00:00,3293.838,3297.516,3290.476,3297.218,7255,160,0
2025-07-31 03:00:00+00:00,3297.252,3298.55,3293.407,3295.086,5992,160,0
2025-07-31 04:00:00+00:00,3295.042,3298.418,3293.644,3298.098,4644,160,0
2025-07-31 05:00:00+00:00,3298.065,3301.54,3294.646,3299.671,5289,160,0
2025-07-31 06:00:00+00:00,3299.641,3304.837,3298.112,3299.024,8063,160,0
2025-07-31 07:00:00+00:00,3299.027,3309.741,3298.033,3304.761,8525,160,0
2025-07-31 08:00:00+00:00,3304.682,3314.812,3303.515,3309.953,8633,160,0
2025-07-31 09:00:00+00:00,3309.914,3313.11,3304.855,3306.634,7795,160,0
2025-07-31 10:00:00+00:00,3306.703,3308.161,3293.803,3296.261,8520,160,0
2025-07-31 11:00:00+00:00,3296.269,3307.776,3295.146,3306.111,10020,160,0
2025-07-31 12:00:00+00:00,3306.086,3311.164,3303.888,3307.642,11097,160,0
2025-07-31 13:00:00+00:00,3307.677,3310.479,3300.591,3301.413,18673,160,0
2025-07-31 14:00:00+00:00,3301.369,3303.196,3291.302,3296.121,15276,160,0
2025-07-31 15:00:00+00:00,3296.092,3299.136,3291.32,3295.545,10722,160,0
2025-07-31 16:00:00+00:00,3295.437,3297.326,3289.617,3294.988,9845,160,0
2025-07-31 17:00:00+00:00,3294.965,3298.43,3294.023,3295.006,7572,160,0
2025-07-31 18:00:00+00:00,3295.043,3297.102,3292.821,3295.711,5496,160,0
2025-07-31 19:00:00+00:00,3295.755,3296.37,3290.485,3291.029,5965,160,0
2025-07-31 20:00:00+00:00,3290.989,3293.711,3289.83,3290.735,4102,160,0
2025-07-31 22:00:00+00:00,3289.873,3295.172,3289.583,3295.01,3346,160,0
2025-07-31 23:00:00+00:00,3294.999,3295.138,3287.967,3288.651,4944,160,0
2025-08-01 00:00:00+00:00,3288.607,3293.799,3286.442,3290.356,7015,160,0
2025-08-01 01:00:00+00:00,3290.304,3293.535,3281.59,3283.643,8527,160,0
2025-08-01 02:00:00+00:00,3283.616,3292.488,3283.269,3291.718,7756,160,0
2025-08-01 03:00:00+00:00,3291.713,3297.12,3290.523,3291.428,5854,160,0
2025-08-01 04:00:00+00:00,3291.437,3295.58,3290.063,3292.088,5803,160,0
2025-08-01 05:00:00+00:00,3292.094,3300.445,3291.769,3296.712,6268,160,0
2025-08-01 06:00:00+00:00,3296.669,3297.695,3290.594,3292.369,6792,160,0
2025-08-01 07:00:00+00:00,3292.412,3293.384,3285.223,3286.861,8100,160,0
2025-08-01 08:00:00+00:00,3286.823,3294.501,3285.247,3294.265,7148,160,0
2025-08-01 09:00:00+00:00,3294.248,3296.427,3292.753,3294.438,6384,160,0
2025-08-01 10:00:00+00:00,3294.447,3303.033,3293.224,3298.36,6632,160,0
2025-08-01 11:00:00+00:00,3298.397,3301.33,3296.811,3300.309,6789,160,0
2025-08-01 12:00:00+00:00,3300.342,3345.261,3297.385,3341.208,29031,160,0
2025-08-01 13:00:00+00:00,3341.182,3354.631,3338.868,3342.162,32491,160,0
2025-08-01 14:00:00+00:00,3342.224,3355.114,3341.295,3345.868,24545,160,0
2025-08-01 15:00:00+00:00,3345.914,3351.32,3341.525,3348.567,13257,160,0
2025-08-01 16:00:00+00:00,3348.532,3349.377,3340.532,3347.365,11271,160,0
2025-08-01 17:00:00+00:00,3347.284,3349.434,3345.565,3348.22,8652,160,0
2025-08-01 18:00:00+00:00,3348.249,3351.342,3345.882,3347.624,6198,160,0
2025-08-01 19:00:00+00:00,3347.585,3361.322,3347.585,3357.185,10015,160,0
2025-08-01 20:00:00+00:00,3357.239,3363.566,3357.028,3363.119,5140,160,0
2025-08-03 22:00:00+00:00,3364.339,3364.521,3357.631,3359.084,6912,160,0
2025-08-03 23:00:00+00:00,3359.126,3362.05,3354.585,3361.957,5524,160,0
2025-08-04 00:00:00+00:00,3361.99,3362.378,3350.113,3352.197,7710,160,0
2025-08-04 01:00:00+00:00,3352.149,3353.649,3345.006,3352.315,9200,160,0
2025-08-04 02:00:00+00:00,3352.232,3355.281,3350.243,3354.267,5554,160,0
2025-08-04 03:00:00+00:00,3354.233,3360.817,3354.233,3360.255,5807,160,0
2025-08-04 04:00:00+00:00,3360.259,3362.167,3358.763,3358.953,4251,160,0
2025-08-04 05:00:00+00:00,3358.923,3360.984,3355.442,3357.553,4680,160,0
2025-08-04 06:00:00+00:00,3357.495,3362.671,3353.555,3362.625,7398,160,0
2025-08-04 07:00:00+00:00,3362.576,3362.576,3351.732,3355.809,8537,160,0
2025-08-04 08:00:00+00:00,3355.842,3359.83,3354.081,3358.448,6491,160,0
2025-08-04 09:00:00+00:00,3358.407,3361.836,3356.874,3357.977,5992,160,0
2025-08-04 10:00:00+00:00,3357.953,3358.927,3352.886,3357.796,5731,160,0
2025-08-04 11:00:00+00:00,3357.818,3370.749,3357.642,3370.263,7723,160,0
2025-08-04 12:00:00+00:00,3370.262,3371.552,3361.037,3367.79,9888,160,0
2025-08-04 13:00:00+00:00,3367.808,3385.377,3367.031,3383.241,13943,160,0
2025-08-04 14:00:00+00:00,3383.288,3384.611,3371.828,3374.062,11465,160,0
2025-08-04 15:00:00+00:00,3374.02,3376.116,3370.647,3374.306,9203,160,0
2025-08-04 16:00:00+00:00,3374.305,3378.147,3370.571,3370.962,6830,160,0
2025-08-04 17:00:00+00:00,3370.992,3374.316,3370.665,3373.946,5665,160,0
2025-08-04 18:00:00+00:00,3374.038,3376.857,3373.19,3375.817,4071,160,0
2025-08-04 19:00:00+00:00,3375.806,3377.165,3374.44,3375.971,4231,160,0
2025-08-04 20:00:00+00:00,3375.917,3376.928,3373.415,3373.878,2742,160,0
2025-08-04 22:00:00+00:00,3375.432,3376.422,3373.683,3374.733,2313,160,0
2025-08-04 23:00:00+00:00,3374.728,3379.703,3374.728,3377.407,4062,160,0
2025-08-05 00:00:00+00:00,3377.383,3381.409,3375.858,3379.779,4773,160,0
2025-08-05 01:00:00+00:00,3379.806,3382.398,3377.855,3379.061,6191,160,0
2025-08-05 02:00:00+00:00,3378.963,3381.452,3373.72,3373.72,5858,160,0
2025-08-05 03:00:00+00:00,3373.618,3375.442,3372.057,3372.057,4449,160,0
2025-08-05 04:00:00+00:00,3372.107,3373.258,3370.981,3371.111,3554,160,0
2025-08-05 05:00:00+00:00,3371.169,3374.078,3367.706,3373.988,5978,160,0
2025-08-05 06:00:00+00:00,3374.022,3374.158,3365.688,3366.182,5809,160,0
2025-08-05 07:00:00+00:00,3366.255,3375.499,3366.071,3373.652,7185,160,0
2025-08-05 08:00:00+00:00,3373.644,3374.655,3366.055,3366.124,5978,160,0
2025-08-05 09:00:00+00:00,3366.162,3366.355,3358.854,3359.64,6339,160,0
2025-08-05 10:00:00+00:00,3359.615,3361.755,3352.942,3353.22,7216,160,0
2025-08-05 11:00:00+00:00,3353.23,3354.33,3349.803,3351.408,6977,160,0
2025-08-05 12:00:00+00:00,3351.408,3366.998,3349.898,3366.113,10198,160,0
2025-08-05 13:00:00+00:00,3366.147,3379.675,3365.837,3373.726,12171,160,0
2025-08-05 14:00:00+00:00,3373.793,3386.593,3370.464,3385.354,16926,160,0
2025-08-05 15:00:00+00:00,3385.386,3390.046,3382.161,3389.49,8276,160,0
2025-08-05 16:00:00+00:00,3389.527,3390.452,3376.89,3382.015,8503,160,0
2025-08-05 17:00:00+00:00,3382.055,3382.828,3378.985,3380.099,5422,160,0
2025-08-05 18:00:00+00:00,3380.098,3381.191,3378.382,3380.091,4923,160,0
2025-08-05 19:00:00+00:00,3380.013,3381.405,3378.129,3378.982,4227,160,0
2025-08-05 20:00:00+00:00,3378.945,3380.941,3378.406,3380.799,2531,160,0
2025-08-05 22:00:00+00:00,3381.515,3381.691,3378.164,3379.719,2357,160,0
2025-08-05 23:00:00+00:00,3379.681,3383.984,3378.903,3383.187,3467,160,0
2025-08-06 00:00:00+00:00,3383.194,3385.34,3380.834,3383.473,4807,160,0
2025-08-06 01:00:00+00:00,3383.446,3383.677,3373.046,3376.122,7673,160,0
2025-08-06 02:00:00+00:00,3376.041,3377.785,3374.206,3376.313,5390,160,0
2025-08-06 03:00:00+00:00,3376.348,3378.43,3373.422,3374.61,4340,160,0
2025-08-06 04:00:00+00:00,3374.59,3376.509,3372.182,3372.45,3342,160,0
2025-08-06 05:00:00+00:00,3372.326,3374.878,3370.628,3374.256,4987,160,0
2025-08-06 06:00:00+00:00,3374.323,3378.65,3373.216,3375.138,5467,160,0
2025-08-06 07:00:00+00:00,3375.208,3377.143,3368.953,3373.617,6006,160,0
2025-08-06 08:00:00+00:00,3373.509,3374.723,3364.758,3365.179,6731,160,0
2025-08-06 09:00:00+00:00,3365.172,3367.806,3358.091,3358.919,6390,160,0
2025-08-06 10:00:00+00:00,3358.872,3365.396,3358.162,3363.595,6787,160,0
2025-08-06 11:00:00+00:00,3363.595,3367.015,3360.651,3365.174,5183,160,0
2025-08-06 12:00:00+00:00,3365.156,3369.299,3360.141,3367.545,8542,160,0
2025-08-06 13:00:00+00:00,3367.513,3373.526,3365.072,3371.709,13779,160,0
2025-08-06 14:00:00+00:00,3371.659,3379.331,3369.426,3379.273,9623,160,0
2025-08-06 15:00:00+00:00,3379.241,3380.007,3370.044,3377.431,9818,160,0
2025-08-06 16:00:00+00:00,3377.392,3379.439,3372.889,3376.003,6858,160,0
2025-08-06 17:00:00+00:00,3376.043,3377.648,3370.87,3374.638,5755,160,0
2025-08-06 18:00:00+00:00,3374.535,3374.604,3368.983,3371.673,5434,160,0
2025-08-06 19:00:00+00:00,3371.626,3373.129,3370.289,3371.675,5038,160,0
2025-08-06 20:00:00+00:00,3371.624,3372.182,3367.133,3369.079,3750,160,0
2025-08-06 22:00:00+00:00,3371.635,3374.796,3369.876,3372.018,4685,160,0
2025-08-06 23:00:00+00:00,3372.01,3372.01,3367.59,3370.155,4758,160,0
2025-08-07 00:00:00+00:00,3370.205,3374.828,3365.192,3372.336,8487,160,0
2025-08-07 01:00:00+00:00,3372.297,3382.53,3370.186,3382.311,9340,160,0
2025-08-07 02:00:00+00:00,3382.324,3384.146,3378.212,3379.641,6398,160,0
2025-08-07 03:00:00+00:00,3379.637,3380.243,3376.508,3379.696,5370,160,0
2025-08-07 04:00:00+00:00,3379.732,3380.695,3376.838,3377.515,4766,160,0
2025-08-07 05:00:00+00:00,3377.566,3380.998,3371.601,3375.564,7328,160,0
2025-08-07 06:00:00+00:00,3375.533,3387.819,3374.968,3387.667,8035,160,0
2025-08-07 07:00:00+00:00,3387.673,3397.446,3386.279,3396.155,9910,160,0
2025-08-07 08:00:00+00:00,3396.189,3396.603,3372.421,3378.107,17633,160,0
2025-08-07 09:00:00+00:00,3378.153,3381.232,3373.255,3376.761,11308,160,0
2025-08-07 10:00:00+00:00,3376.714,3378.818,3371.765,3372.925,7282,160,0
2025-08-07 11:00:00+00:00,3372.949,3383.308,3371.726,3378.183,11436,160,0
2025-08-07 12:00:00+00:00,3378.199,3389.798,3375.284,3380.823,11761,160,0
2025-08-07 13:00:00+00:00,3380.746,3393.833,3380.139,3384.914,18482,160,0
2025-08-07 14:00:00+00:00,3384.85,3390.349,3375.261,3387.799,30438,160,0
2025-08-07 15:00:00+00:00,3387.831,3390.844,3384.43,3390.102,9416,160,0
2025-08-07 16:00:00+00:00,3390.148,3392.606,3387.144,3388.856,6684,160,0
2025-08-07 17:00:00+00:00,3388.82,3392.989,3384.29,3392.185,7752,160,0
2025-08-07 18:00:00+00:00,3392.179,3393.999,3387.62,3388.279,6130,160,0
2025-08-07 19:00:00+00:00,3388.183,3400.872,3387.276,3399.659,11135,160,0
2025-08-07 20:00:00+00:00,3399.712,3401.873,3392.508,3396.399,10380,160,0
2025-08-07 22:00:00+00:00,3401.918,3409.019,3389.025,3405.178,28794,160,0
2025-08-07 23:00:00+00:00,3405.174,3407.043,3396.626,3400.47,10074,160,0
2025-08-08 00:00:00+00:00,3400.432,3402.356,3387.667,3389.828,20700,160,0
2025-08-08 01:00:00+00:00,3389.94,3390.942,3381.082,3383.411,21736,160,0
2025-08-08 02:00:00+00:00,3383.37,3389.986,3383.115,3388.369,10878,160,0
2025-08-08 03:00:00+00:00,3388.395,3397.785,3383.627,3395.841,13505,160,0
2025-08-08 04:00:00+00:00,3395.821,3399.272,3393.528,3394.363,7537,160,0
2025-08-08 05:00:00+00:00,3394.31,3396.048,3390.213,3392.296,8870,160,0
2025-08-08 06:00:00+00:00,3392.269,3397.71,3388.723,3393.447,12159,160,0
2025-08-08 07:00:00+00:00,3393.494,3404.271,3392.215,3401.976,19964,160,0
2025-08-08 08:00:00+00:00,3402.049,3402.631,3394.156,3394.372,12354,160,0
2025-08-08 09:00:00+00:00,3394.416,3401.41,3393.952,3400.646,12440,160,0
2025-08-08 10:00:00+00:00,3400.688,3401.003,3384.343,3385.135,14302,160,0
2025-08-08 11:00:00+00:00,3385.163,3388.651,3380.361,3386.249,17079,160,0
2025-08-08 12:00:00+00:00,3386.206,3401.944,3385.096,3391.621,29764,160,0
2025-08-08 13:00:00+00:00,3391.646,3401.643,3387.552,3400.247,25939,160,0
2025-08-08 14:00:00+00:00,3400.206,3401.296,3381.105,3390.573,21297,160,0
2025-08-08 15:00:00+00:00,3390.601,3395.265,3388.673,3395.248,10434,160,0
2025-08-08 16:00:00+00:00,3395.284,3400.635,3393.533,3397.492,7474,160,0
2025-08-08 17:00:00+00:00,3397.493,3399.553,3379.796,3379.813,9317,160,0
2025-08-08 18:00:00+00:00,3381.732,3404.295,3376.553,3395.431,58606,160,0
2025-08-08 19:00:00+00:00,3395.401,3400.83,3392.28,3398.566,16472,160,0
2025-08-08 20:00:00+00:00,3398.618,3398.898,3392.421,3398.564,7302,160,0
2025-08-10 22:00:00+00:00,3400.572,3401.819,3390.632,3395.289,8961,160,0
2025-08-10 23:00:00+00:00,3395.306,3397.045,3390.292,3391.548,5125,160,0
2025-08-11 00:00:00+00:00,3391.592,3391.639,3381.516,3381.561,10338,160,0
2025-08-11 01:00:00+00:00,3381.6,3383.93,3367.702,3377.554,14728,160,0
2025-08-11 02:00:00+00:00,3377.505,3379.944,3369.668,3377.287,9758,160,0
2025-08-11 03:00:00+00:00,3377.171,3380.212,3374.057,3378.257,6465,160,0
2025-08-11 04:00:00+00:00,3378.253,3379.771,3375.555,3375.891,5753,160,0
2025-08-11 05:00:00+00:00,3375.853,3380.065,3373.968,3377.116,7113,160,0
2025-08-11 06:00:00+00:00,3377.083,3377.231,3363.732,3365.869,11495,160,0
2025-08-11 07:00:00+00:00,3365.828,3366.39,3357.097,3360.069,14831,160,0
2025-08-11 08:00:00+00:00,3360.112,3365.807,3358.836,3361.9,10233,160,0
2025-08-11 09:00:00+00:00,3361.871,3363.687,3352.926,3353.277,9504,160,0
2025-08-11 10:00:00+00:00,3353.37,3363.797,3353.119,3358.456,8067,160,0
2025-08-11 11:00:00+00:00,3358.428,3358.913,3349.852,3355.23,11226,160,0
2025-08-11 12:00:00+00:00,3355.226,3357.55,3344.347,3356.821,14193,160,0
2025-08-11 13:00:00+00:00,3356.781,3362.902,3348.301,3358.665,14218,160,0
2025-08-11 14:00:00+00:00,3358.62,3359.406,3341.409,3346.359,13231,160,0
2025-08-11 15:00:00+00:00,3346.386,3352.215,3344.829,3349.405,8225,160,0
2025-08-11 16:00:00+00:00,3349.502,3350.334,3342.507,3344.174,6788,160,0
2025-08-11 17:00:00+00:00,3344.207,3358.829,3341.273,3357.628,14256,160,0
2025-08-11 18:00:00+00:00,3357.623,3358.694,3352.266,3356.162,6822,160,0
2025-08-11 19:00:00+00:00,3356.14,3356.801,3350.501,3351.696,5273,160,0
2025-08-11 20:00:00+00:00,3351.662,3351.777,3342.175,3342.963,5666,160,0
2025-08-11 22:00:00+00:00,3343.475,3347.176,3342.497,3347.03,4370,160,0
2025-08-11 23:00:00+00:00,3347.048,3349.59,3346.174,3349.027,4089,160,0
2025-08-12 00:00:00+00:00,3349.01,3355.694,3347.443,3354.482,6469,160,0
2025-08-12 01:00:00+00:00,3354.453,3357.462,3346.181,3349.739,9096,160,0
2025-08-12 02:00:00+00:00,3349.847,3354.308,3349.65,3352.948,5823,160,0
2025-08-12 03:00:00+00:00,3352.989,3355.419,3347.989,3349.39,5285,160,0
2025-08-12 04:00:00+00:00,3349.437,3355.724,3348.626,3354.382,5427,160,0
2025-08-12 05:00:00+00:00,3354.42,3355.77,3350.468,3354.51,5729,160,0
2025-08-12 06:00:00+00:00,3354.626,3354.967,3342.274,3345.388,10566,160,0
2025-08-12 07:00:00+00:00,3345.414,3358.176,3343.799,3355.539,8857,160,0
2025-08-12 08:00:00+00:00,3355.512,3355.863,3345.526,3347.973,6999,160,0
2025-08-12 09:00:00+00:00,3347.974,3351.813,3344.46,3345.607,5414,160,0
2025-08-12 10:00:00+00:00,3345.547,3350.54,3343.93,3344.682,7152,160,0
2025-08-12 11:00:00+00:00,3344.766,3348.278,3336.068,3347.469,8479,160,0
2025-08-12 12:00:00+00:00,3347.464,3358.023,3338.539,3349.849,22390,160,0
2025-08-12 13:00:00+00:00,3349.81,3357.08,3340.026,3345.633,29390,160,0
2025-08-12 14:00:00+00:00,3345.658,3346.626,3331.071,3337.417,19292,160,0
2025-08-12 15:00:00+00:00,3337.384,3359.244,3336.856,3349.812,16180,160,0
2025-08-12 16:00:00+00:00,3349.887,3351.259,3345.83,3349.466,8279,160,0
2025-08-12 17:00:00+00:00,3349.412,3350.609,3346.354,3349.032,6587,160,0
2025-08-12 18:00:00+00:00,3349.028,3350.86,3347.514,3349.024,4663,160,0
2025-08-12 19:00:00+00:00,3348.983,3349.331,3345.516,3347.563,4895,160,0
2025-08-12 20:00:00+00:00,3347.549,3350.03,3346.012,3348.056,3548,160,0
2025-08-12 22:00:00+00:00,3350.832,3353.762,3349.128,3350.46,3442,160,0
2025-08-12 23:00:00+00:00,3350.472,3352.087,3349.654,3350.57,3174,160,0
2025-08-13 00:00:00+00:00,3350.58,3350.783,3342.678,3343.625,6050,160,0
2025-08-13 01:00:00+00:00,3343.649,3352.044,3342.787,3350.836,8197,160,0
2025-08-13 02:00:00+00:00,3350.797,3354.457,3346.641,3351.827,6649,160,0
2025-08-13 03:00:00+00:00,3351.812,3352.98,3348.588,3349.593,5222,160,0
2025-08-13 04:00:00+00:00,3349.615,3352.364,3348.149,3351.818,3783,160,0
2025-08-13 05:00:00+00:00,3351.808,3352.131,3345.69,3349.218,5713,160,0
2025-08-13 06:00:00+00:00,3349.248,3357.512,3348.878,3357.071,7208,160,0
2025-08-13 07:00:00+00:00,3357.105,3361.004,3353.895,3354.723,7529,160,0
2025-08-13 08:00:00+00:00,3354.688,3363.487,3352.848,3360.168,8108,160,0
2025-08-13 09:00:00+00:00,3360.258,3366.727,3358.612,3364.593,6049,160,0
2025-08-13 10:00:00+00:00,3364.631,3367.024,3362.998,3366.067,5196,160,0
2025-08-13 11:00:00+00:00,3366.043,3367.121,3358.796,3362.312,7341,160,0
2025-08-13 12:00:00+00:00,3362.314,3363.743,3355.47,3358.171,9421,160,0
2025-08-13 13:00:00+00:00,3358.118,3365.955,3354.134,3365.024,11048,160,0
2025-08-13 14:00:00+00:00,3365.029,3370.735,3361.005,3363.124,10784,160,0
2025-08-13 15:00:00+00:00,3363.158,3363.798,3354.348,3357.746,8197,160,0
2025-08-13 16:00:00+00:00,3357.778,3360.92,3357.017,3357.93,4726,160,0
2025-08-13 17:00:00+00:00,3357.928,3359.362,3352.658,3353.654,4641,160,0
2025-08-13 18:00:00+00:00,3353.694,3354.442,3349.9,3353.758,4474,160,0
2025-08-13 19:00:00+00:00,3353.732,3358.744,3352.561,3357.812,3825,160,0
2025-08-13 20:00:00+00:00,3357.845,3358.239,3355.61,3355.915,2624,160,0
2025-08-13 22:00:00+00:00,3358.408,3358.408,3356.616,3357.532,2653,160,0
2025-08-13 23:00:00+00:00,3357.589,3363.446,3357.52,3362.702,4135,160,0
2025-08-14 00:00:00+00:00,3362.724,3374.845,3362.709,3369.621,7948,160,0
2025-08-14 01:00:00+00:00,3369.58,3370.912,3365.138,3367.421,8609,160,0
2025-08-14 02:00:00+00:00,3367.44,3369.273,3362.774,3362.862,6363,160,0
2025-08-14 03:00:00+00:00,3362.822,3364.163,3355.38,3360.464,7646,160,0
2025-08-14 04:00:00+00:00,3360.496,3361.838,3358.543,3360.478,4697,160,0
2025-08-14 05:00:00+00:00,3360.459,3361.801,3356.146,3358.838,5950,160,0
2025-08-14 06:00:00+00:00,3358.814,3362.41,3355.939,3362.071,7643,160,0
2025-08-14 07:00:00+00:00,3362.112,3366.483,3343.591,3345.984,11923,160,0
2025-08-14 08:00:00+00:00,3345.958,3350.318,3341.447,3346.108,11871,160,0
2025-08-14 09:00:00+00:00,3346.191,3359.188,3345.077,3356.546,8745,160,0
2025-08-14 10:00:00+00:00,3356.587,3359.08,3352.131,3354.963,6031,160,0
2025-08-14 11:00:00+00:00,3354.999,3357.133,3352.481,3355.4,6009,160,0
2025-08-14 12:00:00+00:00,3355.431,3358.393,3342.001,3350.634,16265,160,0
2025-08-14 13:00:00+00:00,3350.573,3356.091,3343.675,3344.127,19209,160,0
2025-08-14 14:00:00+00:00,3344.098,3346.699,3334.198,3340.613,17134,160,0
2025-08-14 15:00:00+00:00,3340.659,3342.889,3335.352,3341.796,9475,160,0
2025-08-14 16:00:00+00:00,3341.757,3342.118,3329.838,3334.385,10293,160,0
2025-08-14 17:00:00+00:00,3334.346,3338.467,3331.825,3337.824,6126,160,0
2025-08-14 18:00:00+00:00,3337.877,3339.397,3336.018,3338.32,4450,160,0
2025-08-14 19:00:00+00:00,3338.313,3341.066,3337.895,3337.965,4030,160,0
2025-08-14 20:00:00+00:00,3338.019,3338.54,3334.502,3335.312,3179,160,0
2025-08-14 22:00:00+00:00,3337.796,3337.796,3332.415,3333.369,3975,160,0
2025-08-14 23:00:00+00:00,3333.385,3336.596,3332.188,3335.551,3392,160,0
2025-08-15 00:00:00+00:00,3335.58,3338.792,3332.372,3337.008,5620,160,0
2025-08-15 01:00:00+00:00,3337.122,3340.238,3333.288,3339.608,7338,160,0
2025-08-15 02:00:00+00:00,3339.625,3340.835,3336.721,3340.456,5250,160,0
2025-08-15 03:00:00+00:00,3340.486,3344.893,3340.089,3343.45,4495,160,0
2025-08-15 04:00:00+00:00,3343.412,3346.622,3343.27,3345.449,4621,160,0
2025-08-15 05:00:00+00:00,3345.45,3348.747,3341.957,3343.893,5716,160,0
2025-08-15 06:00:00+00:00,3343.857,3344.476,3340.189,3340.43,6116,160,0
2025-08-15 07:00:00+00:00,3340.397,3346.544,3340.093,3346.147,6807,160,0
2025-08-15 08:00:00+00:00,3346.107,3348.268,3338.302,3341.243,7347,160,0
2025-08-15 09:00:00+00:00,3341.156,3344.927,3338.402,3342.65,6930,160,0
2025-08-15 10:00:00+00:00,3342.682,3342.718,3336.243,3337.687,6428,160,0
2025-08-15 11:00:00+00:00,3337.725,3344.144,3337.069,3342.359,6434,160,0
2025-08-15 12:00:00+00:00,3342.362,3343.939,3333.621,3342.642,12023,160,0
2025-08-15 13:00:00+00:00,3342.68,3345.994,3332.856,3335.409,13932,160,0
2025-08-15 14:00:00+00:00,3335.441,3343.654,3335.115,3341.806,9763,160,0
2025-08-15 15:00:00+00:00,3341.822,3345.133,3341.323,3342.287,6781,160,0
2025-08-15 16:00:00+00:00,3342.369,3342.523,3335.772,3338.163,5566,160,0
2025-08-15 17:00:00+00:00,3338.202,3338.931,3335.102,3336.062,4743,160,0
2025-08-15 18:00:00+00:00,3336.066,3338.222,3334.687,3336.051,4070,160,0
2025-08-15 19:00:00+00:00,3336.028,3339.62,3334.387,3339.143,4434,160,0
2025-08-15 20:00:00+00:00,3339.146,3339.435,3335.141,3335.213,3321,160,0
2025-08-17 22:00:00+00:00,3334.569,3335.381,3332.964,3334.405,3364,160,0
2025-08-17 23:00:00+00:00,3334.369,3334.469,3323.503,3327.097,6672,160,0
2025-08-18 00:00:00+00:00,3327.08,3342.861,3326.727,3340.615,8954,160,0
2025-08-18 01:00:00+00:00,3340.509,3347.47,3339.55,3346.874,8651,160,0
2025-08-18 02:00:00+00:00,3346.864,3347.543,3342.403,3343.351,5163,160,0
2025-08-18 03:00:00+00:00,3343.315,3351.841,3343.25,3347.156,5679,160,0
2025-08-18 04:00:00+00:00,3347.073,3358.219,3346.754,3357.455,5314,160,0
2025-08-18 05:00:00+00:00,3357.492,3358.418,3346.612,3349.611,7523,160,0
2025-08-18 06:00:00+00:00,3349.579,3351.113,3346.003,3349.418,6313,160,0
2025-08-18 07:00:00+00:00,3349.516,3355.648,3347.144,3349.022,6984,160,0
2025-08-18 08:00:00+00:00,3349.024,3349.96,3344.554,3348.651,5909,160,0
2025-08-18 09:00:00+00:00,3348.665,3351.734,3347.521,3348.152,5479,160,0
2025-08-18 10:00:00+00:00,3348.124,3351.412,3346.507,3346.627,5060,160,0
2025-08-18 11:00:00+00:00,3346.629,3348.766,3344.475,3345.456,4204,160,0
2025-08-18 12:00:00+00:00,3345.5,3348.839,3343.117,3344.723,6895,160,0
2025-08-18 13:00:00+00:00,3344.797,3345.006,3335.68,3336.874,9816,160,0
2025-08-18 14:00:00+00:00,3336.899,3338.685,3332.41,3334.362,9015,160,0
2025-08-18 15:00:00+00:00,3334.397,3336.869,3332.195,3335.606,6124,160,0
2025-08-18 16:00:00+00:00,3335.702,3335.884,3331.713,3334.356,5240,160,0
2025-08-18 17:00:00+00:00,3334.281,3334.827,3331.685,3333.713,4621,160,0
2025-08-18 18:00:00+00:00,3333.679,3333.799,3331.436,3331.923,3281,160,0
2025-08-18 19:00:00+00:00,3331.967,3334.424,3330.179,3333.623,3754,160,0
2025-08-18 20:00:00+00:00,3333.667,3334.266,3332.65,3332.676,2107,160,0
2025-08-18 22:00:00+00:00,3333.777,3334.693,3332.857,3334.408,2645,160,0
2025-08-18 23:00:00+00:00,3334.409,3334.719,3330.542,3330.978,3159,160,0
2025-08-19 00:00:00+00:00,3330.99,3339.164,3326.07,3335.114,8830,160,0
2025-08-19 01:00:00+00:00,3335.197,3335.678,3330.107,3333.011,9576,160,0
2025-08-19 02:00:00+00:00,3333.0,3338.076,3329.5,3338.06,5965,160,0
2025-08-19 03:00:00+00:00,3338.074,3341.663,3337.074,3337.787,5743,160,0
2025-08-19 04:00:00+00:00,3337.745,3338.217,3334.4,3337.653,4344,160,0
2025-08-19 05:00:00+00:00,3337.644,3340.66,3335.683,3336.165,5262,160,0
2025-08-19 06:00:00+00:00,3336.189,3338.783,3334.466,3335.951,5469,160,0
2025-08-19 07:00:00+00:00,3336.041,3341.845,3335.018,3340.711,6570,160,0
2025-08-19 08:00:00+00:00,3340.777,3340.961,3336.427,3338.0,4843,160,0
2025-08-19 09:00:00+00:00,3338.019,3339.691,3336.886,3339.286,4436,160,0
2025-08-19 10:00:00+00:00,3339.264,3345.304,3339.219,3343.506,4949,160,0
2025-08-19 11:00:00+00:00,3343.543,3344.811,3339.273,3339.767,4877,160,0
2025-08-19 12:00:00+00:00,3339.768,3340.544,3334.292,3334.794,7268,160,0
2025-08-19 13:00:00+00:00,3334.767,3339.336,3325.658,3333.99,12794,160,0
2025-08-19 14:00:00+00:00,3334.028,3336.975,3320.884,3325.307,12851,160,0
2025-08-19 15:00:00+00:00,3325.334,3326.733,3321.589,3322.669,8547,160,0
2025-08-19 16:00:00+00:00,3322.711,3324.435,3317.023,3317.493,6398,160,0
2025-08-19 17:00:00+00:00,3317.488,3320.035,3314.867,3317.549,6522,160,0
2025-08-19 18:00:00+00:00,3317.505,3320.197,3316.778,3318.522,4022,160,0
2025-08-19 19:00:00+00:00,3318.519,3318.898,3315.491,3315.965,4574,160,0
2025-08-19 20:00:00+00:00,3315.923,3317.474,3314.928,3315.311,3169,160,0
2025-08-19 22:00:00+00:00,3316.796,3317.637,3315.447,3316.852,2549,160,0
2025-08-19 23:00:00+00:00,3316.87,3316.894,3312.771,3314.231,3820,160,0
2025-08-20 00:00:00+00:00,3314.241,3317.055,3312.8,3316.019,5480,160,0
2025-08-20 01:00:00+00:00,3315.987,3317.769,3311.514,3315.31,8150,160,0
2025-08-20 02:00:00+00:00,3315.273,3317.103,3312.415,3314.045,6256,160,0
2025-08-20 03:00:00+00:00,3314.011,3318.648,3313.995,3317.52,5269,160,0
2025-08-20 04:00:00+00:00,3317.517,3320.996,3317.177,3318.715,4054,160,0
2025-08-20 05:00:00+00:00,3318.739,3324.089,3318.12,3323.398,5042,160,0
2025-08-20 06:00:00+00:00,3323.403,3325.954,3322.217,3322.964,5851,160,0
2025-08-20 07:00:00+00:00,3322.939,3327.549,3321.61,3324.813,5544,160,0
2025-08-20 08:00:00+00:00,3324.769,3325.626,3320.886,3324.921,5378,160,0
2025-08-20 09:00:00+00:00,3324.864,3327.44,3323.529,3326.141,5157,160,0
2025-08-20 10:00:00+00:00,3326.156,3327.913,3323.84,3326.542,5044,160,0
2025-08-20 11:00:00+00:00,3326.5,3332.935,3325.719,3332.313,6756,160,0
2025-08-20 12:00:00+00:00,3332.32,3344.901,3332.056,3342.895,10071,160,0
2025-08-20 13:00:00+00:00,3342.869,3348.383,3338.861,3344.905,10609,160,0
2025-08-20 14:00:00+00:00,3344.944,3350.322,3340.02,3346.956,9463,160,0
2025-08-20 15:00:00+00:00,3346.936,3346.964,3338.821,3340.594,6736,160,0
2025-08-20 16:00:00+00:00,3340.703,3346.006,3340.66,3345.137,4859,160,0
2025-08-20 17:00:00+00:00,3345.147,3348.135,3344.017,3346.972,4740,160,0
2025-08-20 18:00:00+00:00,3347.026,3347.135,3344.028,3345.732,4615,160,0
2025-08-20 19:00:00+00:00,3345.718,3349.263,3345.052,3348.821,4245,160,0
2025-08-20 20:00:00+00:00,3348.773,3349.264,3347.468,3348.453,2988,160,0
2025-08-20 22:00:00+00:00,3350.438,3352.092,3348.753,3349.72,3827,160,0
2025-08-20 23:00:00+00:00,3349.72,3349.72,3346.342,3346.836,3556,160,0
2025-08-21 00:00:00+00:00,3346.906,3346.906,3341.466,3342.307,4728,160,0
2025-08-21 01:00:00+00:00,3342.354,3346.382,3340.813,3342.8,6025,160,0
2025-08-21 02:00:00+00:00,3342.8,3345.012,3340.379,3344.656,5070,160,0
2025-08-21 03:00:00+00:00,3344.64,3344.819,3339.687,3339.858,4267,160,0
2025-08-21 04:00:00+00:00,3339.887,3341.045,3337.944,3338.294,3632,160,0
2025-08-21 05:00:00+00:00,3338.305,3340.681,3337.065,3338.831,4409,160,0
2025-08-21 06:00:00+00:00,3338.788,3339.869,3334.283,3336.678,5903,160,0
2025-08-21 07:00:00+00:00,3336.614,3341.525,3335.373,3339.629,5108,160,0
2025-08-21 08:00:00+00:00,3339.665,3341.341,3337.885,3339.652,4476,160,0
2025-08-21 09:00:00+00:00,3339.608,3342.234,3338.015,3340.579,4812,160,0
2025-08-21 10:00:00+00:00,3340.657,3341.531,3327.491,3328.409,7004,160,0
2025-08-21 11:00:00+00:00,3328.389,3334.409,3325.126,3333.569,7264,160,0
2025-08-21 12:00:00+00:00,3333.604,3345.077,3333.604,3341.888,11555,160,0
2025-08-21 13:00:00+00:00,3341.924,3347.68,3336.012,3339.367,13867,160,0
2025-08-21 14:00:00+00:00,3339.407,3348.112,3337.876,3344.115,11983,160,0
2025-08-21 15:00:00+00:00,3344.225,3346.212,3337.548,3343.647,9449,160,0
2025-08-21 16:00:00+00:00,3343.597,3343.972,3338.282,3339.78,5410,160,0
2025-08-21 17:00:00+00:00,3339.801,3342.064,3336.96,3337.067,4569,160,0
2025-08-21 18:00:00+00:00,3337.107,3339.576,3336.544,3339.353,3684,160,0
2025-08-21 19:00:00+00:00,3339.336,3341.948,3337.959,3338.823,3703,160,0
2025-08-21 20:00:00+00:00,3338.863,3339.203,3337.841,3338.676,2179,160,0
2025-08-21 22:00:00+00:00,3338.375,3340.64,3338.232,3338.888,2909,160,0
2025-08-21 23:00:00+00:00,3338.997,3339.567,3337.356,3338.411,2550,160,0
2025-08-22 00:00:00+00:00,3338.367,3339.803,3335.029,3339.56,4784,160,0
2025-08-22 01:00:00+00:00,3339.602,3340.225,3333.759,3334.13,5446,160,0
2025-08-22 02:00:00+00:00,3334.13,3336.219,3332.802,3334.146,5106,160,0
2025-08-22 03:00:00+00:00,3334.106,3335.337,3331.613,3331.976,4535,160,0
2025-08-22 04:00:00+00:00,3331.963,3332.732,3327.988,3328.411,3770,160,0
2025-08-22 05:00:00+00:00,3328.424,3331.449,3327.183,3330.072,4567,160,0
2025-08-22 06:00:00+00:00,3330.074,3330.421,3325.692,3329.434,5255,160,0
2025-08-22 07:00:00+00:00,3329.393,3335.026,3325.817,3327.465,6650,160,0
2025-08-22 08:00:00+00:00,3327.428,3330.624,3325.332,3328.827,6155,160,0
2025-08-22 09:00:00+00:00,3328.824,3331.628,3328.124,3330.136,4493,160,0
2025-08-22 10:00:00+00:00,3330.107,3331.771,3328.892,3330.913,4150,160,0
2025-08-22 11:00:00+00:00,3330.946,3331.087,3327.647,3329.346,4839,160,0
2025-08-22 12:00:00+00:00,3329.342,3329.99,3321.378,3323.54,10789,160,0
2025-08-22 13:00:00+00:00,3323.498,3336.257,3323.167,3333.702,10953,160,0
2025-08-22 14:00:00+00:00,3333.733,3376.788,3333.733,3373.882,38030,160,0
2025-08-22 15:00:00+00:00,3373.846,3378.869,3367.383,3367.914,13017,160,0
2025-08-22 16:00:00+00:00,3367.883,3374.234,3367.824,3370.588,7987,160,0
2025-08-22 17:00:00+00:00,3370.549,3375.501,3370.465,3374.205,5406,160,0
2025-08-22 18:00:00+00:00,3374.155,3375.071,3371.021,3372.681,4539,160,0
2025-08-22 19:00:00+00:00,3372.659,3373.59,3368.904,3373.188,4591,160,0
2025-08-22 20:00:00+00:00,3373.213,3373.666,3370.154,3372.299,3371,160,0
2025-08-24 22:00:00+00:00,3368.744,3370.214,3365.848,3367.355,3517,160,0
2025-08-24 23:00:00+00:00,3367.292,3371.039,3366.361,3368.995,3663,160,0
2025-08-25 00:00:00+00:00,3369.08,3369.684,3363.212,3364.886,5170,160,0
2025-08-25 01:00:00+00:00,3364.933,3367.858,3360.69,3362.829,6984,160,0
2025-08-25 02:00:00+00:00,3362.831,3365.125,3359.796,3364.405,5184,160,0
2025-08-25 03:00:00+00:00,3364.361,3368.076,3364.166,3367.263,3750,160,0
2025-08-25 04:00:00+00:00,3367.263,3367.721,3363.791,3366.039,3571,160,0
2025-08-25 05:00:00+00:00,3366.05,3366.074,3363.028,3364.579,3865,160,0
2025-08-25 06:00:00+00:00,3364.541,3369.59,3364.438,3368.97,4690,160,0
2025-08-25 07:00:00+00:00,3368.931,3369.888,3366.083,3366.226,4072,160,0
2025-08-25 08:00:00+00:00,3366.229,3366.771,3363.408,3363.979,4034,160,0
2025-08-25 09:00:00+00:00,3363.94,3368.01,3361.927,3367.282,4082,160,0
2025-08-25 10:00:00+00:00,3367.329,3368.454,3365.131,3366.034,4076,160,0
2025-08-25 11:00:00+00:00,3365.997,3371.514,3365.687,3370.594,4126,160,0
2025-08-25 12:00:00+00:00,3370.592,3371.215,3364.171,3364.531,4966,160,0
2025-08-25 13:00:00+00:00,3364.533,3371.265,3362.185,3370.84,7856,160,0
2025-08-25 14:00:00+00:00,3370.905,3375.465,3369.274,3374.245,8378,160,0
2025-08-25 15:00:00+00:00,3374.285,3376.306,3371.822,3374.068,5616,160,0
2025-08-25 16:00:00+00:00,3374.001,3374.398,3371.655,3373.753,4403,160,0
2025-08-25 17:00:00+00:00,3373.795,3374.842,3370.843,3371.161,4332,160,0
2025-08-25 18:00:00+00:00,3371.145,3373.287,3369.868,3370.557,3697,160,0
2025-08-25 19:00:00+00:00,3370.556,3370.837,3365.183,3365.421,4162,160,0
2025-08-25 20:00:00+00:00,3365.465,3366.191,3364.249,3365.501,2758,160,0
2025-08-25 22:00:00+00:00,3365.597,3367.156,3363.69,3364.294,2914,160,0
2025-08-25 23:00:00+00:00,3364.26,3364.26,3351.71,3354.892,6755,160,0
2025-08-26 00:00:00+00:00,3354.827,3386.515,3351.207,3383.264,21537,160,0
2025-08-26 01:00:00+00:00,3383.298,3384.937,3371.652,3376.709,11295,160,0
2025-08-26 02:00:00+00:00,3376.741,3379.052,3372.92,3375.359,7025,160,0
2025-08-26 03:00:00+00:00,3375.365,3375.47,3369.747,3372.21,5716,160,0
2025-08-26 04:00:00+00:00,3372.217,3379.04,3372.085,3377.449,4857,160,0
2025-08-26 05:00:00+00:00,3377.407,3379.072,3372.475,3376.558,5556,160,0
2025-08-26 06:00:00+00:00,3376.532,3377.693,3372.465,3376.268,5887,160,0
2025-08-26 07:00:00+00:00,3376.23,3379.121,3367.291,3376.726,8458,160,0
2025-08-26 08:00:00+00:00,3376.741,3379.909,3375.59,3376.693,5974,160,0
2025-08-26 09:00:00+00:00,3376.691,3378.585,3369.419,3372.012,7065,160,0
2025-08-26 10:00:00+00:00,3372.003,3375.164,3367.235,3371.96,5495,160,0
2025-08-26 11:00:00+00:00,3371.997,3380.36,3370.668,3377.501,6982,160,0
2025-08-26 12:00:00+00:00,3377.52,3379.793,3371.022,3372.062,8018,160,0
2025-08-26 13:00:00+00:00,3372.096,3378.117,3370.565,3375.794,11245,160,0
2025-08-26 14:00:00+00:00,3375.707,3379.579,3370.374,3379.285,10050,160,0
2025-08-26 15:00:00+00:00,3379.326,3389.457,3378.586,3386.688,7283,160,0
2025-08-26 16:00:00+00:00,3386.675,3387.712,3382.479,3383.001,5617,160,0
2025-08-26 17:00:00+00:00,3382.967,3385.932,3381.51,3381.714,4671,160,0
2025-08-26 18:00:00+00:00,3381.681,3385.676,3380.289,3385.602,4239,160,0
2025-08-26 19:00:00+00:00,3385.566,3390.818,3385.081,3389.658,4605,160,0
2025-08-26 20:00:00+00:00,3389.689,3393.583,3389.191,3393.583,2887,160,0
2025-08-26 22:00:00+00:00,3392.136,3392.241,3388.72,3391.043,3770,160,0
2025-08-26 23:00:00+00:00,3390.991,3392.952,3389.96,3390.862,3377,160,0
2025-08-27 00:00:00+00:00,3390.853,3393.554,3388.957,3389.587,5392,160,0
2025-08-27 01:00:00+00:00,3389.627,3390.025,3383.372,3386.299,6933,160,0
2025-08-27 02:00:00+00:00,3386.253,3387.051,3382.147,3384.23,4826,160,0
2025-08-27 03:00:00+00:00,3384.192,3384.532,3380.577,3380.633,4073,160,0
2025-08-27 04:00:00+00:00,3380.677,3381.242,3373.839,3374.993,4880,160,0
2025-08-27 05:00:00+00:00,3375.002,3378.876,3374.055,3377.202,5241,160,0
2025-08-27 06:00:00+00:00,3377.204,3381.93,3376.269,3377.539,5448,160,0
2025-08-27 07:00:00+00:00,3377.494,3381.586,3373.755,3381.393,5960,160,0
2025-08-27 08:00:00+00:00,3381.374,3385.042,3380.998,3384.489,5915,160,0
2025-08-27 09:00:00+00:00,3384.494,3385.49,3377.621,3378.177,5743,160,0
2025-08-27 10:00:00+00:00,3378.222,3379.183,3374.838,3375.593,6801,160,0
2025-08-27 11:00:00+00:00,3375.628,3378.159,3373.698,3376.822,5532,160,0
2025-08-27 12:00:00+00:00,3376.844,3382.898,3374.255,3381.195,7786,160,0
2025-08-27 13:00:00+00:00,3381.22,3384.797,3375.489,3377.804,11298,160,0
2025-08-27 14:00:00+00:00,3377.845,3386.958,3376.067,3386.357,8505,160,0
2025-08-27 15:00:00+00:00,3386.398,3390.42,3385.151,3387.898,6795,160,0
2025-08-27 16:00:00+00:00,3387.917,3398.823,3387.478,3395.491,7332,160,0
2025-08-27 17:00:00+00:00,3395.481,3397.499,3394.86,3395.207,5498,160,0
2025-08-27 18:00:00+00:00,3395.17,3396.286,3392.272,3394.541,4034,160,0
2025-08-27 19:00:00+00:00,3394.505,3396.328,3393.729,3396.21,4206,160,0
2025-08-27 20:00:00+00:00,3396.172,3398.18,3394.137,3397.256,3199,160,0
2025-08-27 22:00:00+00:00,3398.497,3398.526,3394.786,3395.754,3550,160,0
2025-08-27 23:00:00+00:00,3395.699,3399.502,3395.073,3395.819,3847,160,0
2025-08-28 00:00:00+00:00,3395.75,3398.029,3391.314,3391.994,5312,160,0
2025-08-28 01:00:00+00:00,3391.97,3392.95,3385.521,3386.053,7988,160,0
2025-08-28 02:00:00+00:00,3385.967,3391.402,3384.637,3391.355,5788,160,0
2025-08-28 03:00:00+00:00,3391.347,3392.486,3388.916,3390.079,4493,160,0
2025-08-28 04:00:00+00:00,3390.206,3392.233,3388.701,3390.214,3834,160,0
2025-08-28 05:00:00+00:00,3390.223,3390.83,3387.608,3389.17,4300,160,0
2025-08-28 06:00:00+00:00,3389.199,3395.717,3388.767,3395.334,5900,160,0
2025-08-28 07:00:00+00:00,3395.314,3397.696,3393.757,3395.752,6087,160,0
2025-08-28 08:00:00+00:00,3395.746,3401.034,3393.982,3400.71,6322,160,0
2025-08-28 09:00:00+00:00,3400.758,3401.599,3398.441,3399.232,4893,160,0
2025-08-28 10:00:00+00:00,3399.229,3399.268,3393.821,3397.036,6027,160,0
2025-08-28 11:00:00+00:00,3397.002,3407.671,3396.239,3404.153,6787,160,0
2025-08-28 12:00:00+00:00,3404.058,3408.791,3396.873,3397.246,11103,160,0
2025-08-28 13:00:00+00:00,3397.271,3410.415,3394.306,3407.28,13323,160,0
2025-08-28 14:00:00+00:00,3407.277,3413.49,3406.456,3412.28,8926,160,0
2025-08-28 15:00:00+00:00,3412.323,3413.137,3404.463,3410.901,7506,160,0
2025-08-28 16:00:00+00:00,3410.897,3417.77,3409.857,3415.5,6251,160,0
2025-08-28 17:00:00+00:00,3415.476,3418.786,3414.558,3418.088,5290,160,0
2025-08-28 18:00:00+00:00,3417.995,3420.239,3417.247,3419.973,4644,160,0
2025-08-28 19:00:00+00:00,3420.003,3423.212,3417.918,3422.07,5779,160,0
2025-08-28 20:00:00+00:00,3422.11,3422.521,3416.322,3417.012,3671,160,0
2025-08-28 22:00:00+00:00,3417.816,3418.467,3415.523,3416.882,3025,160,0
2025-08-28 23:00:00+00:00,3416.809,3416.818,3414.759,3414.819,2321,160,0
2025-08-29 00:00:00+00:00,3414.85,3417.885,3413.015,3413.44,5003,160,0
2025-08-29 01:00:00+00:00,3413.545,3413.667,3407.956,3409.976,6158,160,0
2025-08-29 02:00:00+00:00,3409.971,3414.019,3409.933,3411.347,4955,160,0
2025-08-29 03:00:00+00:00,3411.37,3413.577,3409.926,3410.864,4114,160,0
2025-08-29 04:00:00+00:00,3410.843,3411.547,3407.483,3408.899,4178,160,0
2025-08-29 05:00:00+00:00,3408.933,3410.795,3406.922,3410.265,4065,160,0
2025-08-29 06:00:00+00:00,3410.244,3412.616,3407.858,3410.229,4649,160,0
2025-08-29 07:00:00+00:00,3410.224,3412.661,3406.537,3412.197,5713,160,0
2025-08-29 08:00:00+00:00,3412.161,3414.879,3409.775,3410.41,5317,160,0
2025-08-29 09:00:00+00:00,3410.435,3411.016,3406.844,3407.43,5516,160,0
2025-08-29 10:00:00+00:00,3407.44,3408.851,3404.684,3405.559,4640,160,0
2025-08-29 11:00:00+00:00,3405.581,3411.314,3404.309,3410.725,4825,160,0
2025-08-29 12:00:00+00:00,3410.655,3416.888,3406.708,3416.487,8698,160,0
2025-08-29 13:00:00+00:00,3416.521,3429.027,3413.653,3428.691,10350,160,0
2025-08-29 14:00:00+00:00,3428.723,3441.077,3428.723,3440.875,14512,160,0
2025-08-29 15:00:00+00:00,3440.839,3447.633,3438.953,3445.494,10604,160,0
2025-08-29 16:00:00+00:00,3445.487,3449.363,3442.28,3449.165,8474,160,0
2025-08-29 17:00:00+00:00,3449.114,3450.149,3440.988,3443.714,7876,160,0
2025-08-29 18:00:00+00:00,3443.751,3445.68,3441.01,3442.929,5907,160,0
2025-08-29 19:00:00+00:00,3442.91,3453.924,3441.607,3452.573,7250,160,0
2025-08-29 20:00:00+00:00,3452.605,3452.734,3445.768,3448.035,5530,160,0
2025-08-31 22:00:00+00:00,3445.866,3452.606,3442.459,3450.204,5483,160,0
2025-08-31 23:00:00+00:00,3450.201,3450.856,3444.678,3447.952,4313,160,0
2025-09-01 00:00:00+00:00,3447.912,3447.912,3442.71,3444.039,5866,160,0
2025-09-01 01:00:00+00:00,3444.112,3459.3,3437.028,3457.22,10331,160,0
2025-09-01 02:00:00+00:00,3457.272,3484.755,3455.17,3483.531,22774,160,0
2025-09-01 03:00:00+00:00,3483.591,3486.107,3469.687,3474.523,12990,160,0
2025-09-01 04:00:00+00:00,3474.491,3479.419,3472.185,3475.134,6521,160,0
2025-09-01 05:00:00+00:00,3475.028,3482.79,3474.23,3477.234,8689,160,0
2025-09-01 06:00:00+00:00,3477.21,3489.928,3476.761,3479.239,10040,160,0
2025-09-01 07:00:00+00:00,3479.213,3481.013,3467.764,3477.857,10212,160,0
2025-09-01 08:00:00+00:00,3477.886,3479.901,3474.503,3476.919,7487,160,0
2025-09-01 09:00:00+00:00,3477.002,3477.151,3467.2,3469.407,7886,160,0
2025-09-01 10:00:00+00:00,3469.439,3473.94,3466.281,3470.566,8111,160,0
2025-09-01 11:00:00+00:00,3470.526,3473.443,3467.67,3470.025,7849,160,0
2025-09-01 12:00:00+00:00,3470.058,3471.66,3467.112,3469.461,6805,160,0
2025-09-01 13:00:00+00:00,3469.434,3479.084,3468.871,3475.327,8288,160,0
2025-09-01 14:00:00+00:00,3475.3,3481.298,3473.68,3475.635,7316,160,0
2025-09-01 15:00:00+00:00,3475.631,3479.094,3473.423,3474.085,4995,160,0
2025-09-01 16:00:00+00:00,3474.09,3477.711,3472.35,3477.371,3503,160,0
2025-09-01 17:00:00+00:00,3477.347,3478.89,3476.126,3477.947,2918,160,0
2025-09-01 18:00:00+00:00,3477.875,3478.03,3476.18,3476.76,828,160,0
2025-09-01 22:00:00+00:00,3476.299,3480.401,3475.302,3475.302,5881,160,0
2025-09-01 23:00:00+00:00,3475.227,3481.524,3474.527,3479.211,5564,160,0
2025-09-02 00:00:00+00:00,3479.183,3485.12,3478.169,3479.155,8398,160,0
2025-09-02 01:00:00+00:00,3479.206,3508.741,3476.897,3497.812,17475,160,0
2025-09-02 02:00:00+00:00,3497.837,3500.845,3491.273,3496.258,11159,160,0
2025-09-02 03:00:00+00:00,3496.228,3496.228,3490.049,3495.044,7078,160,0
2025-09-02 04:00:00+00:00,3495.008,3498.332,3493.296,3496.698,5421,160,0
2025-09-02 05:00:00+00:00,3496.693,3497.872,3492.119,3493.312,6896,160,0
2025-09-02 06:00:00+00:00,3493.291,3495.731,3483.236,3485.684,10326,160,0
2025-09-02 07:00:00+00:00,3485.709,3488.363,3472.072,3476.857,13478,160,0
2025-09-02 08:00:00+00:00,3476.955,3481.419,3470.218,3477.603,11060,160,0
2025-09-02 09:00:00+00:00,3477.635,3480.364,3475.956,3476.731,8933,160,0
2025-09-02 10:00:00+00:00,3476.775,3485.926,3475.705,3485.649,9083,160,0
2025-09-02 11:00:00+00:00,3485.695,3490.14,3478.517,3489.727,10189,160,0
2025-09-02 12:00:00+00:00,3489.687,3494.072,3474.19,3482.187,19588,160,0
2025-09-02 13:00:00+00:00,3482.227,3493.57,3478.284,3489.304,23141,160,0
2025-09-02 14:00:00+00:00,3489.277,3514.171,3488.613,3511.05,21077,160,0
2025-09-02 15:00:00+00:00,3511.08,3520.3,3509.506,3520.3,14365,160,0
2025-09-02 16:00:00+00:00,3520.327,3528.752,3518.156,3527.784,11106,160,0
2025-09-02 17:00:00+00:00,3527.728,3530.38,3521.899,3529.299,8362,160,0
2025-09-02 18:00:00+00:00,3529.329,3532.064,3525.269,3528.301,7016,160,0
2025-09-02 19:00:00+00:00,3528.336,3540.122,3528.336,3536.978,8238,160,0
2025-09-02 20:00:00+00:00,3537.036,3537.73,3533.327,3533.885,4786,160,0
2025-09-02 22:00:00+00:00,3531.828,3535.033,3529.104,3529.317,4809,160,0
2025-09-02 23:00:00+00:00,3529.311,3533.215,3526.293,3529.984,5605,160,0
2025-09-03 00:00:00+00:00,3530.01,3546.95,3528.022,3536.1,13185,160,0
2025-09-03 01:00:00+00:00,3536.047,3541.792,3531.858,3538.88,12758,160,0
2025-09-03 02:00:00+00:00,3538.778,3545.972,3531.27,3531.815,10868,160,0
2025-09-03 03:00:00+00:00,3531.787,3533.482,3529.272,3530.921,8560,160,0
2025-09-03 04:00:00+00:00,3530.815,3538.292,3530.619,3536.886,6058,160,0
2025-09-03 05:00:00+00:00,3536.884,3538.016,3526.781,3529.999,7877,160,0
2025-09-03 06:00:00+00:00,3529.958,3537.445,3529.825,3535.274,8462,160,0
2025-09-03 07:00:00+00:00,3535.236,3537.08,3529.291,3533.847,8048,160,0
2025-09-03 08:00:00+00:00,3533.874,3541.314,3533.777,3540.001,8676,160,0
2025-09-03 09:00:00+00:00,3540.006,3541.951,3533.87,3534.332,7649,160,0
2025-09-03 10:00:00+00:00,3534.375,3541.743,3532.292,3540.068,7004,160,0
2025-09-03 11:00:00+00:00,3540.06,3549.594,3539.914,3547.551,9647,160,0
2025-09-03 12:00:00+00:00,3547.535,3551.496,3541.357,3550.502,14875,160,0
2025-09-03 13:00:00+00:00,3550.471,3561.41,3549.369,3553.798,22347,160,0
2025-09-03 14:00:00+00:00,3553.662,3565.572,3551.474,3558.409,21166,160,0
2025-09-03 15:00:00+00:00,3558.442,3567.404,3557.392,3563.953,10984,160,0
2025-09-03 16:00:00+00:00,3563.95,3572.578,3562.225,3572.479,7740,160,0
2025-09-03 17:00:00+00:00,3572.442,3575.998,3570.247,3574.309,6871,160,0
2025-09-03 18:00:00+00:00,3574.348,3578.427,3565.393,3570.298,11006,160,0
2025-09-03 19:00:00+00:00,3570.343,3571.633,3561.159,3563.559,11100,160,0
2025-09-03 20:00:00+00:00,3563.527,3566.064,3558.825,3559.616,5544,160,0
2025-09-03 22:00:00+00:00,3560.701,3564.225,3559.808,3561.783,8065,160,0
2025-09-03 23:00:00+00:00,3561.803,3561.803,3554.411,3560.292,7959,160,0
2025-09-04 00:00:00+00:00,3560.341,3562.575,3552.08,3561.459,9438,160,0
2025-09-04 01:00:00+00:00,3561.568,3563.473,3543.593,3546.202,15530,160,0
2025-09-04 02:00:00+00:00,3546.229,3550.531,3526.345,3530.883,17107,160,0
2025-09-04 03:00:00+00:00,3530.823,3531.778,3511.211,3529.147,15991,160,0
2025-09-04 04:00:00+00:00,3529.182,3534.387,3528.697,3533.077,5735,160,0
2025-09-04 05:00:00+00:00,3533.055,3534.098,3525.369,3527.297,8637,160,0
2025-09-04 06:00:00+00:00,3527.343,3541.701,3524.44,3536.065,11737,160,0
2025-09-04 07:00:00+00:00,3536.108,3541.248,3532.635,3541.137,9666,160,0
2025-09-04 08:00:00+00:00,3541.09,3545.577,3537.318,3541.242,8844,160,0
2025-09-04 09:00:00+00:00,3541.204,3544.915,3536.688,3538.673,7719,160,0
2025-09-04 10:00:00+00:00,3538.681,3546.977,3538.357,3540.834,7976,160,0
2025-09-04 11:00:00+00:00,3540.873,3549.862,3536.558,3545.464,9637,160,0
2025-09-04 12:00:00+00:00,3545.419,3553.912,3541.207,3548.26,14572,160,0
2025-09-04 13:00:00+00:00,3548.288,3558.825,3539.738,3546.646,21246,160,0
2025-09-04 14:00:00+00:00,3546.841,3546.841,3535.042,3545.936,19978,160,0
2025-09-04 15:00:00+00:00,3545.976,3553.313,3542.386,3552.829,10086,160,0
2025-09-04 16:00:00+00:00,3552.866,3556.227,3549.201,3552.567,7272,160,0
2025-09-04 17:00:00+00:00,3552.536,3555.393,3542.526,3542.969,7328,160,0
2025-09-04 18:00:00+00:00,3542.96,3548.291,3542.779,3546.29,6161,160,0
2025-09-04 19:00:00+00:00,3546.301,3551.047,3545.656,3549.8,5162,160,0
2025-09-04 20:00:00+00:00,3549.836,3550.486,3544.349,3545.68,3527,160,0
2025-09-04 22:00:00+00:00,3544.605,3545.948,3539.909,3540.837,4378,160,0
2025-09-04 23:00:00+00:00,3540.902,3554.549,3540.776,3552.549,6400,160,0
2025-09-05 00:00:00+00:00,3552.532,3556.504,3548.969,3552.136,9004,160,0
2025-09-05 01:00:00+00:00,3552.116,3556.477,3550.082,3552.413,9224,160,0
2025-09-05 02:00:00+00:00,3552.37,3555.317,3545.958,3550.771,7084,160,0
2025-09-05 03:00:00+00:00,3550.759,3559.102,3548.636,3558.294,5988,160,0
2025-09-05 04:00:00+00:00,3558.359,3559.244,3556.23,3558.421,4258,160,0
2025-09-05 05:00:00+00:00,3558.512,3561.15,3555.763,3557.739,6075,160,0
2025-09-05 06:00:00+00:00,3557.772,3558.068,3548.259,3552.553,7733,160,0
2025-09-05 07:00:00+00:00,3552.585,3554.336,3546.635,3548.197,8265,160,0
2025-09-05 08:00:00+00:00,3548.161,3549.921,3544.721,3546.031,7364,160,0
2025-09-05 09:00:00+00:00,3546.062,3553.702,3545.96,3552.428,6432,160,0
2025-09-05 10:00:00+00:00,3552.321,3552.969,3549.455,3551.797,5642,160,0
2025-09-05 11:00:00+00:00,3551.786,3555.201,3547.862,3553.228,6916,160,0
2025-09-05 12:00:00+00:00,3553.254,3586.859,3548.802,3580.248,32858,160,0
2025-09-05 13:00:00+00:00,3580.217,3595.25,3573.332,3594.47,33867,160,0
2025-09-05 14:00:00+00:00,3594.5,3597.893,3573.134,3590.206,29939,160,0
2025-09-05 15:00:00+00:00,3590.144,3595.493,3581.798,3592.005,16432,160,0
2025-09-05 16:00:00+00:00,3592.046,3600.076,3591.169,3595.243,10890,160,0
2025-09-05 17:00:00+00:00,3595.329,3597.442,3590.504,3596.35,10339,160,0
2025-09-05 18:00:00+00:00,3596.364,3597.262,3592.54,3595.462,7532,160,0
2025-09-05 19:00:00+00:00,3595.418,3596.018,3592.657,3594.813,6391,160,0
2025-09-05 20:00:00+00:00,3594.773,3595.357,3586.376,3586.597,5915,160,0
2025-09-07 22:00:00+00:00,3591.856,3596.716,3587.112,3592.104,15713,160,0
2025-09-07 23:00:00+00:00,3592.15,3594.025,3587.753,3591.178,8000,160,0
2025-09-08 00:00:00+00:00,3591.11,3594.362,3586.867,3594.241,9969,160,0
2025-09-08 01:00:00+00:00,3594.197,3597.16,3584.935,3589.421,16688,160,0
2025-09-08 02:00:00+00:00,3589.481,3594.412,3586.497,3590.686,11557,160,0
2025-09-08 03:00:00+00:00,3590.717,3592.156,3582.926,3583.61,6902,160,0
2025-09-08 04:00:00+00:00,3583.567,3584.765,3579.62,3581.563,5603,160,0
2025-09-08 05:00:00+00:00,3581.596,3591.538,3581.172,3591.099,6837,160,0
2025-09-08 06:00:00+00:00,3591.154,3598.836,3589.519,3598.021,8186,160,0
2025-09-08 07:00:00+00:00,3598.042,3613.605,3596.412,3609.483,10852,160,0
2025-09-08 08:00:00+00:00,3609.581,3617.345,3607.132,3611.31,9313,160,0
2025-09-08 09:00:00+00:00,3611.278,3614.97,3608.659,3613.703,7405,160,0
2025-09-08 10:00:00+00:00,3613.793,3622.52,3613.515,3616.988,8392,160,0
2025-09-08 11:00:00+00:00,3616.98,3620.018,3612.781,3619.901,7221,160,0
2025-09-08 12:00:00+00:00,3619.926,3626.099,3614.775,3624.147,11078,160,0
2025-09-08 13:00:00+00:00,3624.263,3636.905,3620.324,3633.366,22023,160,0
2025-09-08 14:00:00+00:00,3633.453,3640.929,3628.87,3640.67,17541,160,0
2025-09-08 15:00:00+00:00,3640.714,3646.316,3633.231,3639.26,14430,160,0
2025-09-08 16:00:00+00:00,3639.339,3641.772,3635.833,3640.569,8967,160,0
2025-09-08 17:00:00+00:00,3640.563,3641.153,3632.544,3633.376,7793,160,0
2025-09-08 18:00:00+00:00,3633.473,3636.623,3631.841,3635.955,5867,160,0
2025-09-08 19:00:00+00:00,3636.064,3637.635,3632.534,3636.528,5656,160,0
2025-09-08 20:00:00+00:00,3636.555,3637.945,3634.395,3635.352,3532,160,0
2025-09-08 22:00:00+00:00,3634.538,3636.942,3628.825,3629.477,4847,160,0
2025-09-08 23:00:00+00:00,3629.502,3636.227,3628.216,3634.992,5614,160,0
2025-09-09 00:00:00+00:00,3635.023,3640.893,3633.474,3638.541,7621,160,0
2025-09-09 01:00:00+00:00,3638.494,3647.426,3635.963,3646.405,11328,160,0
2025-09-09 02:00:00+00:00,3646.47,3654.597,3644.706,3647.575,11059,160,0
2025-09-09 03:00:00+00:00,3647.543,3651.958,3642.647,3645.838,9706,160,0
2025-09-09 04:00:00+00:00,3645.864,3657.15,3645.694,3654.973,5884,160,0
2025-09-09 05:00:00+00:00,3654.934,3659.258,3652.841,3655.269,7505,160,0
2025-09-09 06:00:00+00:00,3655.316,3656.371,3636.485,3647.471,20341,160,0
2025-09-09 07:00:00+00:00,3647.511,3650.92,3641.579,3644.363,10063,160,0
2025-09-09 08:00:00+00:00,3644.298,3651.005,3641.989,3648.139,11484,160,0
2025-09-09 09:00:00+00:00,3648.185,3656.71,3647.681,3653.664,8071,160,0
2025-09-09 10:00:00+00:00,3653.701,3656.084,3648.825,3651.822,6714,160,0
2025-09-09 11:00:00+00:00,3651.925,3654.236,3646.855,3648.0,6985,160,0
2025-09-09 12:00:00+00:00,3648.072,3655.338,3643.809,3647.499,12688,160,0
2025-09-09 13:00:00+00:00,3647.474,3668.322,3646.383,3666.057,20813,160,0
2025-09-09 14:00:00+00:00,3666.025,3674.541,3636.113,3645.065,48677,160,0
2025-09-09 15:00:00+00:00,3645.107,3646.426,3626.845,3645.441,23006,160,0
2025-09-09 16:00:00+00:00,3645.462,3649.458,3644.117,3644.994,8455,160,0
2025-09-09 17:00:00+00:00,3644.952,3646.425,3641.305,3642.752,7225,160,0
2025-09-09 18:00:00+00:00,3642.788,3645.083,3639.656,3640.417,6041,160,0
2025-09-09 19:00:00+00:00,3640.358,3641.341,3628.449,3629.362,8077,160,0
2025-09-09 20:00:00+00:00,3629.325,3632.83,3626.631,3626.758,4840,160,0
2025-09-09 22:00:00+00:00,3625.128,3635.794,3623.12,3635.422,7823,160,0
2025-09-09 23:00:00+00:00,3635.429,3640.753,3633.307,3633.568,6950,160,0
2025-09-10 00:00:00+00:00,3633.543,3634.433,3621.389,3623.872,10347,160,0
2025-09-10 01:00:00+00:00,3623.866,3632.697,3620.18,3630.635,16011,160,0
2025-09-10 02:00:00+00:00,3630.737,3638.325,3630.113,3636.275,9054,160,0
2025-09-10 03:00:00+00:00,3636.303,3637.018,3633.118,3636.479,6117,160,0
2025-09-10 04:00:00+00:00,3636.579,3643.284,3636.488,3642.932,4699,160,0
2025-09-10 05:00:00+00:00,3642.929,3645.386,3639.888,3642.962,5987,160,0
2025-09-10 06:00:00+00:00,3642.953,3647.585,3640.727,3643.637,8734,160,0
2025-09-10 07:00:00+00:00,3643.675,3648.467,3641.222,3644.103,8712,160,0
2025-09-10 08:00:00+00:00,3644.141,3647.623,3641.995,3645.772,7133,160,0
2025-09-10 09:00:00+00:00,3645.858,3655.976,3644.968,3655.151,6515,160,0
2025-09-10 10:00:00+00:00,3655.113,3657.577,3651.532,3655.249,7026,160,0
2025-09-10 11:00:00+00:00,3655.287,3656.345,3648.442,3649.282,7795,160,0
2025-09-10 12:00:00+00:00,3649.298,3657.417,3640.357,3643.941,17795,160,0
2025-09-10 13:00:00+00:00,3643.979,3654.046,3642.196,3651.201,16659,160,0
2025-09-10 14:00:00+00:00,3651.225,3655.283,3643.914,3647.5,12622,160,0
2025-09-10 15:00:00+00:00,3647.546,3648.654,3638.438,3644.495,10528,160,0
2025-09-10 16:00:00+00:00,3644.465,3646.867,3639.886,3642.82,7539,160,0
2025-09-10 17:00:00+00:00,3642.777,3647.581,3641.652,3647.35,6078,160,0
2025-09-10 18:00:00+00:00,3647.367,3649.72,3644.531,3645.276,4888,160,0
2025-09-10 19:00:00+00:00,3645.313,3646.41,3635.064,3641.898,6993,160,0
2025-09-10 20:00:00+00:00,3641.864,3642.832,3637.997,3640.016,3763,160,0
2025-09-10 22:00:00+00:00,3643.435,3644.45,3638.111,3639.855,4271,160,0
2025-09-10 23:00:00+00:00,3639.921,3645.552,3638.508,3644.915,4558,160,0
2025-09-11 00:00:00+00:00,3644.851,3647.184,3642.574,3643.966,8001,160,0
2025-09-11 01:00:00+00:00,3643.938,3649.15,3639.827,3641.085,8588,160,0
2025-09-11 02:00:00+00:00,3641.047,3643.448,3634.142,3637.443,7281,160,0
2025-09-11 03:00:00+00:00,3637.468,3637.468,3629.794,3632.005,7483,160,0
2025-09-11 04:00:00+00:00,3632.072,3634.375,3630.149,3630.686,4469,160,0
2025-09-11 05:00:00+00:00,3630.719,3633.379,3623.356,3625.068,9538,160,0
2025-09-11 06:00:00+00:00,3625.112,3637.976,3622.666,3633.222,10247,160,0
2025-09-11 07:00:00+00:00,3633.325,3633.402,3623.807,3629.811,9605,160,0
2025-09-11 08:00:00+00:00,3629.845,3631.716,3625.434,3626.269,6477,160,0
2025-09-11 09:00:00+00:00,3626.232,3626.232,3614.136,3621.886,9932,160,0
2025-09-11 10:00:00+00:00,3621.9,3624.945,3619.716,3621.852,6512,160,0
2025-09-11 11:00:00+00:00,3621.81,3622.192,3615.398,3616.789,7423,160,0
2025-09-11 12:00:00+00:00,3616.76,3643.946,3613.082,3628.904,24148,160,0
2025-09-11 13:00:00+00:00,3628.936,3637.052,3618.325,3630.289,26955,160,0
2025-09-11 14:00:00+00:00,3630.179,3637.889,3626.162,3629.585,15990,160,0
2025-09-11 15:00:00+00:00,3629.609,3638.993,3629.609,3633.06,9250,160,0
2025-09-11 16:00:00+00:00,3633.102,3641.947,3633.102,3636.144,9057,160,0
2025-09-11 17:00:00+00:00,3636.184,3636.664,3631.793,3635.065,7557,160,0
2025-09-11 18:00:00+00:00,3635.104,3637.084,3630.298,3632.341,5640,160,0
2025-09-11 19:00:00+00:00,3632.329,3637.47,3632.142,3636.945,5253,160,0
2025-09-11 20:00:00+00:00,3636.909,3637.639,3633.176,3633.536,2831,160,0
2025-09-11 22:00:00+00:00,3634.833,3638.26,3633.103,3634.867,3123,160,0
2025-09-11 23:00:00+00:00,3634.856,3636.161,3631.539,3631.842,3685,160,0
2025-09-12 00:00:00+00:00,3631.81,3637.987,3630.497,3636.495,6681,160,0
2025-09-12 01:00:00+00:00,3636.547,3647.56,3636.484,3646.47,12585,160,0
2025-09-12 02:00:00+00:00,3646.427,3651.001,3644.657,3648.958,8100,160,0
2025-09-12 03:00:00+00:00,3648.93,3653.272,3646.551,3652.849,6406,160,0
2025-09-12 04:00:00+00:00,3652.81,3656.035,3651.557,3654.847,4762,160,0
2025-09-12 05:00:00+00:00,3654.843,3656.62,3651.904,3653.085,6023,160,0
2025-09-12 06:00:00+00:00,3653.111,3654.108,3648.295,3650.576,7154,160,0
2025-09-12 07:00:00+00:00,3650.602,3653.803,3647.772,3648.301,7554,160,0
2025-09-12 08:00:00+00:00,3648.242,3651.195,3639.7,3641.075,9554,160,0
2025-09-12 09:00:00+00:00,3641.048,3647.036,3637.707,3646.455,9302,160,0
2025-09-12 10:00:00+00:00,3646.507,3652.168,3646.287,3651.124,6361,160,0
2025-09-12 11:00:00+00:00,3651.166,3651.988,3646.863,3647.044,6772,160,0
2025-09-12 12:00:00+00:00,3647.076,3649.006,3638.242,3645.354,12540,160,0
2025-09-12 13:00:00+00:00,3645.394,3652.534,3643.338,3650.623,14440,160,0
2025-09-12 14:00:00+00:00,3650.677,3654.32,3647.326,3648.1,11008,160,0
2025-09-12 15:00:00+00:00,3648.144,3648.315,3641.859,3644.515,8597,160,0
2025-09-12 16:00:00+00:00,3644.539,3649.608,3642.707,3649.096,5571,160,0
2025-09-12 17:00:00+00:00,3649.12,3650.615,3647.527,3648.731,4996,160,0
2025-09-12 18:00:00+00:00,3648.708,3649.435,3647.053,3648.368,4226,160,0
2025-09-12 19:00:00+00:00,3648.405,3648.449,3643.583,3644.164,4096,160,0
2025-09-12 20:00:00+00:00,3644.204,3645.399,3641.347,3643.484,4084,160,0
2025-09-14 22:00:00+00:00,3644.61,3645.996,3639.748,3642.085,3588,160,0
2025-09-14 23:00:00+00:00,3642.136,3642.136,3636.772,3638.241,3532,160,0
2025-09-15 00:00:00+00:00,3638.237,3642.599,3631.98,3633.401,7772,160,0
2025-09-15 01:00:00+00:00,3633.432,3634.789,3626.541,3634.444,12475,160,0
2025-09-15 02:00:00+00:00,3634.377,3645.5,3634.327,3641.069,7286,160,0
2025-09-15 03:00:00+00:00,3641.007,3646.422,3640.073,3646.019,5063,160,0
2025-09-15 04:00:00+00:00,3646.03,3646.892,3643.676,3645.596,3666,160,0
2025-09-15 05:00:00+00:00,3645.64,3646.218,3642.325,3643.623,5030,160,0
2025-09-15 06:00:00+00:00,3643.704,3643.98,3636.593,3636.593,7676,160,0
2025-09-15 07:00:00+00:00,3636.623,3644.964,3633.754,3643.821,7845,160,0
2025-09-15 08:00:00+00:00,3643.9,3645.821,3640.805,3645.461,6955,160,0
2025-09-15 09:00:00+00:00,3645.436,3646.004,3635.711,3641.18,7323,160,0
2025-09-15 10:00:00+00:00,3641.211,3646.306,3639.097,3639.958,7074,160,0
2025-09-15 11:00:00+00:00,3639.945,3646.701,3639.048,3642.661,7022,160,0
2025-09-15 12:00:00+00:00,3642.686,3651.031,3636.957,3650.255,11074,160,0
2025-09-15 13:00:00+00:00,3650.226,3664.371,3646.794,3657.179,13841,160,0
2025-09-15 14:00:00+00:00,3657.147,3663.777,3653.809,3663.436,11958,160,0
2025-09-15 15:00:00+00:00,3663.468,3681.938,3662.936,3680.435,10534,160,0
2025-09-15 16:00:00+00:00,3680.497,3685.623,3674.749,3679.202,11561,160,0
2025-09-15 17:00:00+00:00,3679.209,3682.689,3678.541,3681.705,6865,160,0
2025-09-15 18:00:00+00:00,3681.704,3681.97,3675.833,3676.94,5590,160,0
2025-09-15 19:00:00+00:00,3676.971,3682.786,3676.666,3680.955,5667,160,0
2025-09-15 20:00:00+00:00,3680.912,3681.986,3678.635,3679.02,3635,160,0
2025-09-15 22:00:00+00:00,3680.555,3680.605,3676.282,3678.791,3625,160,0
2025-09-15 23:00:00+00:00,3678.888,3680.428,3676.111,3676.996,3512,160,0
2025-09-16 00:00:00+00:00,3676.886,3686.904,3676.416,3686.353,7704,160,0
2025-09-16 01:00:00+00:00,3686.391,3689.475,3677.153,3679.284,11880,160,0
2025-09-16 02:00:00+00:00,3679.245,3682.654,3674.646,3677.683,8422,160,0
2025-09-16 03:00:00+00:00,3677.718,3683.191,3676.99,3681.135,5585,160,0
2025-09-16 04:00:00+00:00,3681.062,3685.495,3680.179,3684.235,4178,160,0
2025-09-16 05:00:00+00:00,3684.18,3684.557,3680.325,3682.696,5235,160,0
2025-09-16 06:00:00+00:00,3682.789,3694.183,3681.736,3693.352,7646,160,0
2025-09-16 07:00:00+00:00,3693.322,3694.17,3686.319,3686.47,8427,160,0
2025-09-16 08:00:00+00:00,3686.431,3697.271,3686.135,3694.31,7551,160,0
2025-09-16 09:00:00+00:00,3694.28,3698.865,3692.949,3698.197,6922,160,0
2025-09-16 10:00:00+00:00,3698.173,3698.752,3692.918,3693.161,6154,160,0
2025-09-16 11:00:00+00:00,3693.203,3699.491,3690.542,3697.166,7903,160,0
2025-09-16 12:00:00+00:00,3697.203,3697.514,3686.475,3689.26,12247,160,0
2025-09-16 13:00:00+00:00,3689.221,3698.594,3685.12,3695.586,15004,160,0
2025-09-16 14:00:00+00:00,3695.555,3703.11,3685.705,3686.339,18519,160,0
2025-09-16 15:00:00+00:00,3686.374,3688.851,3678.868,3686.142,14622,160,0
2025-09-16 16:00:00+00:00,3686.21,3691.17,3684.613,3689.74,7439,160,0
2025-09-16 17:00:00+00:00,3689.715,3690.91,3686.312,3687.647,6573,160,0
2025-09-16 18:00:00+00:00,3687.665,3690.897,3686.453,3690.631,4727,160,0
2025-09-16 19:00:00+00:00,3690.614,3691.084,3687.73,3689.61,4394,160,0
2025-09-16 20:00:00+00:00,3689.662,3693.815,3689.44,3689.947,3229,160,0
2025-09-16 22:00:00+00:00,3691.231,3692.864,3689.831,3691.878,2702,160,0
2025-09-16 23:00:00+00:00,3691.916,3695.243,3691.646,3694.245,3528,160,0
2025-09-17 00:00:00+00:00,3694.244,3695.378,3691.152,3691.42,5107,160,0
2025-09-17 01:00:00+00:00,3691.374,3692.021,3676.03,3679.426,12489,160,0
2025-09-17 02:00:00+00:00,3679.394,3683.841,3674.218,3682.154,10167,160,0
2025-09-17 03:00:00+00:00,3682.162,3683.469,3679.88,3681.691,5372,160,0
2025-09-17 04:00:00+00:00,3681.688,3682.477,3680.449,3680.774,3451,160,0
2025-09-17 05:00:00+00:00,3680.78,3685.835,3675.767,3679.089,7782,160,0
2025-09-17 06:00:00+00:00,3679.229,3680.099,3670.37,3675.041,8999,160,0
2025-09-17 07:00:00+00:00,3675.01,3677.391,3666.593,3667.199,9422,160,0
2025-09-17 08:00:00+00:00,3667.155,3667.913,3662.489,3664.832,8581,160,0
2025-09-17 09:00:00+00:00,3664.785,3670.964,3663.882,3667.841,7049,160,0
2025-09-17 10:00:00+00:00,3667.883,3669.779,3660.354,3661.556,10238,160,0
2025-09-17 11:00:00+00:00,3661.547,3669.878,3659.843,3665.975,9428,160,0
2025-09-17 12:00:00+00:00,3666.005,3679.387,3665.538,3678.626,8735,160,0
2025-09-17 13:00:00+00:00,3678.691,3682.554,3672.781,3678.752,13807,160,0
2025-09-17 14:00:00+00:00,3678.743,3686.161,3676.847,3684.23,9961,160,0
2025-09-17 15:00:00+00:00,3684.237,3687.2,3682.835,3684.136,6637,160,0
2025-09-17 16:00:00+00:00,3684.167,3688.567,3683.93,3684.739,5469,160,0
2025-09-17 17:00:00+00:00,3684.771,3687.804,3678.65,3686.9,6759,160,0
2025-09-17 18:00:00+00:00,3686.822,3707.455,3646.057,3650.301,77843,160,0
2025-09-17 19:00:00+00:00,3650.344,3666.993,3646.368,3661.73,38019,160,0
2025-09-17 20:00:00+00:00,3661.755,3661.755,3656.33,3659.677,6206,160,0
2025-09-17 22:00:00+00:00,3660.131,3665.33,3655.582,3662.982,6671,160,0
2025-09-17 23:00:00+00:00,3662.952,3672.021,3662.059,3669.169,6203,160,0
2025-09-18 00:00:00+00:00,3669.1,3669.989,3658.066,3665.157,9569,160,0
2025-09-18 01:00:00+00:00,3665.197,3668.808,3651.826,3657.22,17955,160,0
2025-09-18 02:00:00+00:00,3657.102,3665.806,3655.506,3664.775,8494,160,0
2025-09-18 03:00:00+00:00,3664.752,3666.034,3657.854,3658.506,5283,160,0
2025-09-18 04:00:00+00:00,3658.554,3659.294,3653.437,3653.714,5250,160,0
2025-09-18 05:00:00+00:00,3653.717,3659.154,3649.328,3651.557,9114,160,0
2025-09-18 06:00:00+00:00,3651.598,3652.006,3633.824,3637.469,18924,160,0
2025-09-18 07:00:00+00:00,3637.5,3659.874,3635.454,3659.018,13104,160,0
2025-09-18 08:00:00+00:00,3658.971,3665.773,3653.687,3665.473,9526,160,0
2025-09-18 09:00:00+00:00,3665.431,3673.017,3664.552,3671.665,9686,160,0
2025-09-18 10:00:00+00:00,3671.635,3672.495,3665.505,3667.153,7555,160,0
2025-09-18 11:00:00+00:00,3667.13,3670.941,3664.443,3667.193,8019,160,0
2025-09-18 12:00:00+00:00,3667.233,3672.452,3662.863,3663.246,12889,160,0
2025-09-18 13:00:00+00:00,3663.307,3664.258,3627.744,3642.237,31489,160,0
2025-09-18 14:00:00+00:00,3642.192,3646.373,3634.267,3638.386,26098,160,0
2025-09-18 15:00:00+00:00,3638.427,3642.404,3636.701,3641.315,12742,160,0
2025-09-18 16:00:00+00:00,3641.346,3647.229,3640.85,3646.411,8867,160,0
2025-09-18 17:00:00+00:00,3646.368,3646.797,3643.287,3643.588,7775,160,0
2025-09-18 18:00:00+00:00,3643.589,3643.629,3640.506,3641.405,5887,160,0
2025-09-18 19:00:00+00:00,3641.363,3647.061,3640.62,3646.565,5530,160,0
2025-09-18 20:00:00+00:00,3646.611,3647.257,3643.878,3644.38,2840,160,0
2025-09-18 22:00:00+00:00,3643.34,3643.744,3639.423,3640.263,2819,160,0
2025-09-18 23:00:00+00:00,3640.337,3641.877,3637.719,3640.239,4047,160,0
2025-09-19 00:00:00+00:00,3640.242,3642.788,3636.241,3640.047,6794,160,0
2025-09-19 01:00:00+00:00,3640.114,3651.172,3632.203,3639.922,14110,160,0
2025-09-19 02:00:00+00:00,3639.849,3650.247,3638.788,3647.368,10357,160,0
2025-09-19 03:00:00+00:00,3647.288,3656.444,3645.298,3653.722,9383,160,0
2025-09-19 04:00:00+00:00,3653.66,3659.995,3653.66,3658.875,6625,160,0
2025-09-19 05:00:00+00:00,3658.866,3661.222,3651.439,3652.432,8185,160,0
2025-09-19 06:00:00+00:00,3652.427,3654.256,3643.269,3646.957,11778,160,0
2025-09-19 07:00:00+00:00,3647.003,3657.56,3644.462,3653.984,9040,160,0
2025-09-19 08:00:00+00:00,3653.874,3656.57,3649.492,3655.655,7669,160,0
2025-09-19 09:00:00+00:00,3655.614,3658.827,3655.175,3658.504,5889,160,0
2025-09-19 10:00:00+00:00,3658.558,3659.228,3655.042,3655.841,5131,160,0
2025-09-19 11:00:00+00:00,3655.799,3655.899,3645.676,3648.392,8312,160,0
2025-09-19 12:00:00+00:00,3648.421,3651.882,3644.59,3649.286,10352,160,0
2025-09-19 13:00:00+00:00,3649.242,3664.365,3643.763,3663.239,16597,160,0
2025-09-19 14:00:00+00:00,3663.286,3669.301,3656.36,3666.994,15574,160,0
2025-09-19 15:00:00+00:00,3666.958,3676.032,3665.281,3670.739,12906,160,0
2025-09-19 16:00:00+00:00,3670.71,3673.262,3666.602,3668.31,7839,160,0
2025-09-19 17:00:00+00:00,3668.273,3679.491,3668.09,3678.604,7389,160,0
2025-09-19 18:00:00+00:00,3678.595,3684.111,3678.18,3683.612,6306,160,0
2025-09-19 19:00:00+00:00,3683.653,3685.19,3681.302,3684.462,5690,160,0
2025-09-19 20:00:00+00:00,3684.353,3685.038,3680.835,3684.861,4022,160,0
2025-09-21 22:00:00+00:00,3687.969,3692.329,3683.776,3688.35,6414,160,0
2025-09-21 23:00:00+00:00,3688.332,3690.59,3685.701,3686.253,5612,160,0
2025-09-22 00:00:00+00:00,3686.263,3691.035,3685.642,3690.774,7333,160,0
2025-09-22 01:00:00+00:00,3690.737,3696.97,3686.689,3689.369,16062,160,0
2025-09-22 02:00:00+00:00,3689.348,3693.351,3685.466,3686.312,8873,160,0
2025-09-22 03:00:00+00:00,3686.332,3697.532,3685.885,3695.442,7420,160,0
2025-09-22 04:00:00+00:00,3695.454,3695.936,3690.102,3692.208,5232,160,0
2025-09-22 05:00:00+00:00,3692.202,3700.356,3691.837,3697.02,7089,160,0
2025-09-22 06:00:00+00:00,3697.066,3719.857,3695.467,3714.474,13659,160,0
2025-09-22 07:00:00+00:00,3714.432,3716.318,3708.621,3713.226,12097,160,0
2025-09-22 08:00:00+00:00,3713.193,3722.605,3712.314,3720.403,9013,160,0
2025-09-22 09:00:00+00:00,3720.448,3726.703,3719.244,3723.256,8204,160,0
2025-09-22 10:00:00+00:00,3723.193,3728.313,3721.089,3727.456,7884,160,0
2025-09-22 11:00:00+00:00,3727.418,3728.246,3721.211,3724.606,8708,160,0
2025-09-22 12:00:00+00:00,3724.643,3725.585,3712.054,3721.646,14445,160,0
2025-09-22 13:00:00+00:00,3721.62,3725.598,3713.732,3722.395,24183,160,0
2025-09-22 14:00:00+00:00,3722.317,3726.37,3716.773,3725.783,17410,160,0
2025-09-22 15:00:00+00:00,3725.893,3736.395,3723.511,3736.15,11064,160,0
2025-09-22 16:00:00+00:00,3736.109,3739.644,3735.201,3737.058,8429,160,0
2025-09-22 17:00:00+00:00,3737.136,3747.244,3737.13,3746.594,7609,160,0
2025-09-22 18:00:00+00:00,3746.56,3748.043,3744.589,3747.659,5503,160,0
2025-09-22 19:00:00+00:00,3747.608,3748.793,3742.433,3747.651,6323,160,0
2025-09-22 20:00:00+00:00,3747.606,3748.618,3745.48,3746.967,3643,160,0
2025-09-22 22:00:00+00:00,3746.503,3747.704,3738.273,3739.95,4614,160,0
2025-09-22 23:00:00+00:00,3740.059,3749.254,3738.959,3747.763,6967,160,0
2025-09-23 00:00:00+00:00,3747.797,3750.774,3744.867,3747.123,7634,160,0
2025-09-23 01:00:00+00:00,3747.167,3759.325,3745.665,3754.576,15987,160,0
2025-09-23 02:00:00+00:00,3754.615,3755.467,3736.722,3741.719,16425,160,0
2025-09-23 03:00:00+00:00,3741.68,3747.161,3739.004,3746.477,8666,160,0
2025-09-23 04:00:00+00:00,3746.489,3747.471,3743.065,3744.761,5812,160,0
2025-09-23 05:00:00+00:00,3744.725,3758.762,3743.23,3753.178,9292,160,0
2025-09-23 06:00:00+00:00,3753.145,3757.381,3751.287,3753.941,11020,160,0
2025-09-23 07:00:00+00:00,3753.912,3757.423,3748.896,3753.435,10195,160,0
2025-09-23 08:00:00+00:00,3753.381,3775.191,3752.965,3774.227,11842,160,0
2025-09-23 09:00:00+00:00,3774.281,3791.065,3774.182,3784.721,16144,160,0
2025-09-23 10:00:00+00:00,3784.839,3787.837,3780.799,3783.005,9139,160,0
2025-09-23 11:00:00+00:00,3783.03,3788.811,3779.698,3783.475,11326,160,0
2025-09-23 12:00:00+00:00,3783.52,3785.427,3777.352,3784.309,12814,160,0
2025-09-23 13:00:00+00:00,3784.345,3788.815,3774.238,3783.856,22871,160,0
2025-09-23 14:00:00+00:00,3783.875,3784.981,3767.617,3773.966,21382,160,0
2025-09-23 15:00:00+00:00,3774.005,3782.048,3772.805,3779.338,11463,160,0
2025-09-23 16:00:00+00:00,3779.37,3782.024,3765.08,3779.265,16156,160,0
2025-09-23 17:00:00+00:00,3779.295,3785.704,3775.776,3777.396,11993,160,0
2025-09-23 18:00:00+00:00,3777.436,3781.377,3756.209,3756.775,13711,160,0
2025-09-23 19:00:00+00:00,3756.735,3768.134,3751.856,3764.306,20447,160,0
2025-09-23 20:00:00+00:00,3764.248,3767.482,3762.489,3763.891,5002,160,0
2025-09-23 22:00:00+00:00,3766.672,3767.597,3761.554,3765.409,3622,160,0
2025-09-23 23:00:00+00:00,3765.456,3770.193,3761.869,3763.842,6217,160,0
2025-09-24 00:00:00+00:00,3763.822,3765.622,3758.844,3765.198,8639,160,0
2025-09-24 01:00:00+00:00,3765.207,3771.877,3755.015,3756.596,16610,160,0
2025-09-24 02:00:00+00:00,3756.557,3759.299,3750.597,3757.101,9604,160,0
2025-09-24 03:00:00+00:00,3757.125,3766.596,3752.246,3765.399,8680,160,0
2025-09-24 04:00:00+00:00,3765.422,3768.287,3763.218,3768.19,6089,160,0
2025-09-24 05:00:00+00:00,3768.166,3777.013,3767.834,3774.914,7811,160,0
2025-09-24 06:00:00+00:00,3774.956,3776.095,3769.016,3771.176,9304,160,0
2025-09-24 07:00:00+00:00,3771.25,3779.229,3770.619,3777.358,8195,160,0
2025-09-24 08:00:00+00:00,3777.391,3777.734,3766.964,3770.132,7591,160,0
2025-09-24 09:00:00+00:00,3770.099,3771.778,3763.117,3768.483,7806,160,0
2025-09-24 10:00:00+00:00,3768.413,3768.735,3759.764,3762.156,7722,160,0
2025-09-24 11:00:00+00:00,3762.189,3769.607,3759.629,3768.958,7458,160,0
2025-09-24 12:00:00+00:00,3768.932,3771.468,3763.928,3768.024,12519,160,0
2025-09-24 13:00:00+00:00,3767.999,3772.985,3759.055,3761.311,18291,160,0
2025-09-24 14:00:00+00:00,3761.319,3765.055,3749.359,3752.737,21281,160,0
2025-09-24 15:00:00+00:00,3752.767,3756.584,3739.64,3741.114,17086,160,0
2025-09-24 16:00:00+00:00,3741.079,3745.225,3732.199,3735.747,16178,160,0
2025-09-24 17:00:00+00:00,3735.778,3738.757,3732.35,3733.228,8742,160,0
2025-09-24 18:00:00+00:00,3733.186,3733.976,3722.702,3724.381,9018,160,0
2025-09-24 19:00:00+00:00,3724.406,3731.888,3717.427,3730.032,10244,160,0
2025-09-24 20:00:00+00:00,3730.098,3737.499,3729.941,3736.431,3880,160,0
2025-09-24 22:00:00+00:00,3739.494,3745.319,3738.898,3741.055,5043,160,0
2025-09-24 23:00:00+00:00,3741.021,3745.269,3739.055,3742.92,5026,160,0
2025-09-25 00:00:00+00:00,3743.0,3751.539,3741.378,3749.019,9625,160,0
2025-09-25 01:00:00+00:00,3748.987,3750.497,3732.852,3736.086,13495,160,0
2025-09-25 02:00:00+00:00,3735.979,3742.455,3729.422,3739.591,10772,160,0
2025-09-25 03:00:00+00:00,3739.55,3739.692,3734.341,3736.578,7484,160,0
2025-09-25 04:00:00+00:00,3736.581,3740.726,3731.74,3738.097,6299,160,0
2025-09-25 05:00:00+00:00,3738.069,3741.292,3734.108,3738.699,8186,160,0
2025-09-25 06:00:00+00:00,3738.723,3748.333,3737.712,3741.037,10332,160,0
2025-09-25 07:00:00+00:00,3741.074,3755.001,3740.002,3752.213,11859,160,0
2025-09-25 08:00:00+00:00,3752.174,3761.601,3751.129,3756.374,13600,160,0
2025-09-25 09:00:00+00:00,3756.396,3761.319,3750.386,3756.971,10375,160,0
2025-09-25 10:00:00+00:00,3756.983,3760.874,3755.584,3757.179,7879,160,0
2025-09-25 11:00:00+00:00,3757.221,3757.649,3741.067,3753.056,14214,160,0
2025-09-25 12:00:00+00:00,3753.018,3755.929,3730.542,3738.812,25476,160,0
2025-09-25 13:00:00+00:00,3738.833,3745.529,3721.945,3733.715,33887,160,0
2025-09-25 14:00:00+00:00,3733.768,3736.413,3723.567,3731.467,23020,160,0
2025-09-25 15:00:00+00:00,3731.507,3738.799,3727.916,3735.828,14713,160,0
2025-09-25 16:00:00+00:00,3735.893,3742.762,3732.664,3733.718,10433,160,0
2025-09-25 17:00:00+00:00,3733.69,3744.185,3732.366,3741.826,12272,160,0
2025-09-25 18:00:00+00:00,3741.864,3758.296,3736.518,3755.19,12330,160,0
2025-09-25 19:00:00+00:00,3755.165,3756.75,3744.613,3746.523,10543,160,0
2025-09-25 20:00:00+00:00,3746.56,3752.524,3745.975,3749.696,4677,160,0
2025-09-25 22:00:00+00:00,3748.251,3751.594,3746.303,3748.845,4772,160,0
2025-09-25 23:00:00+00:00,3748.831,3749.94,3738.051,3744.717,8534,160,0
2025-09-26 00:00:00+00:00,3744.676,3749.597,3740.215,3749.569,10976,160,0
2025-09-26 01:00:00+00:00,3749.639,3753.33,3737.693,3738.969,14153,160,0
2025-09-26 02:00:00+00:00,3738.998,3742.896,3737.603,3738.419,8231,160,0
2025-09-26 03:00:00+00:00,3738.455,3746.092,3734.464,3745.435,6855,160,0
2025-09-26 04:00:00+00:00,3745.474,3747.768,3744.648,3747.724,5120,160,0
2025-09-26 05:00:00+00:00,3747.609,3749.612,3741.865,3742.11,6038,160,0
2025-09-26 06:00:00+00:00,3742.061,3754.165,3741.468,3743.66,12739,160,0
2025-09-26 07:00:00+00:00,3743.608,3749.56,3739.181,3747.971,10398,160,0
2025-09-26 08:00:00+00:00,3747.991,3755.206,3747.025,3752.951,8023,160,0
2025-09-26 09:00:00+00:00,3752.914,3754.455,3747.237,3751.509,6905,160,0
2025-09-26 10:00:00+00:00,3751.527,3755.015,3742.903,3744.65,7382,160,0
2025-09-26 11:00:00+00:00,3744.646,3752.898,3744.416,3748.706,7591,160,0
2025-09-26 12:00:00+00:00,3748.662,3757.451,3746.602,3752.048,15803,160,0
2025-09-26 13:00:00+00:00,3752.092,3766.361,3751.238,3761.906,27228,160,0
2025-09-26 14:00:00+00:00,3761.846,3783.826,3761.571,3778.894,25311,160,0
2025-09-26 15:00:00+00:00,3778.835,3780.965,3772.95,3780.373,13781,160,0
2025-09-26 16:00:00+00:00,3780.332,3781.248,3771.419,3774.202,12479,160,0
2025-09-26 17:00:00+00:00,3774.193,3783.092,3774.032,3782.873,9357,160,0
2025-09-26 18:00:00+00:00,3782.908,3783.204,3774.682,3778.558,8641,160,0
2025-09-26 19:00:00+00:00,3778.55,3778.55,3764.617,3766.707,11874,160,0
2025-09-26 20:00:00+00:00,3766.743,3769.555,3760.026,3761.041,6557,160,0
2025-09-28 22:00:00+00:00,3764.718,3770.994,3763.322,3770.583,6654,160,0
2025-09-28 23:00:00+00:00,3770.482,3772.502,3766.297,3766.899,6304,160,0
2025-09-29 00:00:00+00:00,3766.858,3787.473,3763.91,3787.103,12893,160,0
2025-09-29 01:00:00+00:00,3787.066,3788.808,3767.846,3778.557,31534,160,0
2025-09-29 02:00:00+00:00,3778.531,3798.798,3777.583,3792.789,18252,160,0
2025-09-29 03:00:00+00:00,3792.825,3799.439,3792.144,3794.34,11814,160,0
2025-09-29 04:00:00+00:00,3794.355,3808.827,3792.419,3805.003,10679,160,0
2025-09-29 05:00:00+00:00,3804.974,3814.471,3801.306,3813.565,16877,160,0
2025-09-29 06:00:00+00:00,3813.682,3819.874,3810.953,3817.4,18860,160,0
2025-09-29 07:00:00+00:00,3817.36,3819.417,3805.02,3806.343,15148,160,0
2025-09-29 08:00:00+00:00,3806.381,3819.549,3806.381,3818.762,12264,160,0
2025-09-29 09:00:00+00:00,3818.753,3819.679,3806.941,3807.605,9328,160,0
2025-09-29 10:00:00+00:00,3807.631,3818.491,3806.499,3817.856,10198,160,0
2025-09-29 11:00:00+00:00,3817.908,3831.36,3816.349,3828.916,12287,160,0
2025-09-29 12:00:00+00:00,3828.865,3830.451,3811.594,3813.8,22559,160,0
2025-09-29 13:00:00+00:00,3813.831,3828.007,3809.189,3821.404,26294,160,0
2025-09-29 14:00:00+00:00,3821.39,3830.536,3816.734,3828.108,21213,160,0
2025-09-29 15:00:00+00:00,3828.153,3833.183,3820.843,3830.351,16529,160,0
2025-09-29 16:00:00+00:00,3830.345,3833.56,3828.195,3830.274,8642,160,0
2025-09-29 17:00:00+00:00,3830.31,3832.838,3823.936,3828.918,10523,160,0
2025-09-29 18:00:00+00:00,3828.976,3830.674,3823.343,3824.581,9214,160,0
2025-09-29 19:00:00+00:00,3824.585,3829.771,3822.605,3828.754,8709,160,0
2025-09-29 20:00:00+00:00,3828.792,3834.025,3827.758,3833.974,5498,160,0
2025-09-29 22:00:00+00:00,3830.346,3833.099,3825.656,3830.688,4345,160,0
2025-09-29 23:00:00+00:00,3830.641,3833.376,3828.041,3832.835,4781,160,0
2025-09-30 00:00:00+00:00,3832.89,3840.605,3831.128,3838.9,12792,160,0
2025-09-30 01:00:00+00:00,3838.856,3850.661,3837.969,3847.94,16283,160,0
2025-09-30 02:00:00+00:00,3847.985,3851.98,3842.589,3848.019,12208,160,0
2025-09-30 03:00:00+00:00,3847.989,3867.205,3845.821,3864.772,10980,160,0
2025-09-30 04:00:00+00:00,3864.731,3867.123,3861.979,3867.088,7164,160,0
2025-09-30 05:00:00+00:00,3867.046,3870.426,3862.599,3869.7,11309,160,0
2025-09-30 06:00:00+00:00,3869.771,3871.7,3854.854,3855.72,15595,160,0
2025-09-30 07:00:00+00:00,3855.767,3859.358,3839.471,3843.811,19104,160,0
2025-09-30 08:00:00+00:00,3843.843,3847.244,3807.567,3816.341,34323,160,0
2025-09-30 09:00:00+00:00,3816.366,3821.471,3793.074,3798.718,29580,160,0
2025-09-30 10:00:00+00:00,3798.749,3814.601,3798.226,3812.117,14970,160,0
2025-09-30 11:00:00+00:00,3812.084,3817.816,3804.313,3815.189,14298,160,0
2025-09-30 12:00:00+00:00,3815.128,3821.663,3808.828,3819.35,19200,160,0
2025-09-30 13:00:00+00:00,3819.357,3830.039,3811.529,3824.163,24712,160,0
2025-09-30 14:00:00+00:00,3824.004,3854.543,3820.381,3854.076,29081,160,0
2025-09-30 15:00:00+00:00,3854.03,3854.213,3831.177,3839.035,28794,160,0
2025-09-30 16:00:00+00:00,3839.001,3847.97,3837.779,3845.911,12662,160,0
2025-09-30 17:00:00+00:00,3845.95,3849.32,3842.683,3844.106,9758,160,0
2025-09-30 18:00:00+00:00,3844.094,3848.985,3839.696,3847.902,7779,160,0
2025-09-30 19:00:00+00:00,3847.933,3860.808,3847.115,3859.05,7886,160,0
2025-09-30 20:00:00+00:00,3859.09,3860.145,3850.731,3858.857,8112,160,0
2025-09-30 22:00:00+00:00,3857.224,3861.403,3854.64,3860.053,6987,160,0
2025-09-30 23:00:00+00:00,3860.046,3863.08,3860.046,3862.927,4702,160,0
2025-10-01 00:00:00+00:00,3862.94,3865.365,3858.56,3860.594,7728,160,0
2025-10-01 01:00:00+00:00,3860.567,3869.029,3859.006,3868.977,8565,160,0
2025-10-01 02:00:00+00:00,3868.859,3875.562,3858.013,3863.336,15022,160,0
2025-10-01 03:00:00+00:00,3863.346,3866.41,3855.514,3861.982,12134,160,0
2025-10-01 04:00:00+00:00,3861.988,3865.011,3857.379,3864.912,8375,160,0
2025-10-01 05:00:00+00:00,3864.915,3869.907,3862.05,3863.506,10415,160,0
2025-10-01 06:00:00+00:00,3863.463,3864.886,3853.356,3859.131,12959,160,0
2025-10-01 07:00:00+00:00,3859.167,3879.88,3858.925,3879.186,13408,160,0
2025-10-01 08:00:00+00:00,3879.237,3895.376,3879.002,3892.901,16529,160,0
2025-10-01 09:00:00+00:00,3892.921,3895.19,3883.602,3888.986,11907,160,0
2025-10-01 10:00:00+00:00,3889.008,3889.559,3885.145,3887.524,9817,160,0
2025-10-01 11:00:00+00:00,3887.635,3888.449,3878.059,3883.512,10468,160,0
2025-10-01 12:00:00+00:00,3883.596,3891.122,3864.487,3870.377,30039,160,0
2025-10-01 13:00:00+00:00,3870.407,3877.199,3863.693,3872.974,28818,160,0
2025-10-01 14:00:00+00:00,3872.906,3878.806,3856.11,3873.036,33753,160,0
2025-10-01 15:00:00+00:00,3872.989,3876.8,3857.987,3868.483,27899,160,0
2025-10-01 16:00:00+00:00,3868.424,3871.554,3860.745,3870.868,11622,160,0
2025-10-01 17:00:00+00:00,3870.861,3871.894,3860.648,3860.847,9245,160,0
2025-10-01 18:00:00+00:00,3860.842,3866.319,3854.896,3862.117,14311,160,0
2025-10-01 19:00:00+00:00,3862.158,3871.045,3861.305,3867.708,9577,160,0
2025-10-01 20:00:00+00:00,3867.731,3867.883,3860.298,3864.616,6158,160,0
2025-10-01 22:00:00+00:00,3867.707,3867.766,3858.612,3862.103,5787,160,0
2025-10-01 23:00:00+00:00,3862.082,3866.617,3857.474,3863.518,8223,160,0
2025-10-02 00:00:00+00:00,3863.475,3863.806,3855.935,3856.078,10564,160,0
2025-10-02 01:00:00+00:00,3856.025,3865.165,3852.832,3865.041,10755,160,0
2025-10-02 02:00:00+00:00,3865.08,3870.021,3861.58,3866.197,9034,160,0
2025-10-02 03:00:00+00:00,3866.157,3869.478,3863.911,3866.58,6131,160,0
2025-10-02 04:00:00+00:00,3866.587,3867.669,3861.799,3864.164,4515,160,0
2025-10-02 05:00:00+00:00,3864.237,3871.334,3864.179,3867.739,6712,160,0
2025-10-02 06:00:00+00:00,3867.821,3874.316,3862.059,3864.211,9712,160,0
2025-10-02 07:00:00+00:00,3864.167,3874.822,3861.697,3868.558,14218,160,0
2025-10-02 08:00:00+00:00,3868.463,3878.719,3864.659,3874.634,10417,160,0
2025-10-02 09:00:00+00:00,3874.594,3879.796,3873.352,3879.046,8887,160,0
2025-10-02 10:00:00+00:00,3879.108,3883.784,3875.729,3881.722,8007,160,0
2025-10-02 11:00:00+00:00,3881.769,3886.696,3879.752,3886.313,8653,160,0
2025-10-02 12:00:00+00:00,3886.277,3892.037,3880.076,3884.458,16866,160,0
2025-10-02 13:00:00+00:00,3884.492,3897.154,3873.453,3875.305,27413,160,0
2025-10-02 14:00:00+00:00,3875.289,3876.863,3825.281,3839.936,50996,160,0
2025-10-02 15:00:00+00:00,3839.83,3844.814,3819.32,3828.364,41565,160,0
2025-10-02 16:00:00+00:00,3828.316,3845.354,3827.173,3844.831,23373,160,0
2025-10-02 17:00:00+00:00,3844.856,3847.933,3840.605,3844.287,14688,160,0
2025-10-02 18:00:00+00:00,3844.288,3851.56,3843.404,3850.866,7891,160,0
2025-10-02 19:00:00+00:00,3850.901,3859.08,3850.556,3855.554,9573,160,0
2025-10-02 20:00:00+00:00,3855.603,3859.353,3853.495,3855.423,4690,160,0
2025-10-02 22:00:00+00:00,3856.811,3858.482,3852.146,3857.108,4739,160,0
2025-10-02 23:00:00+00:00,3857.071,3863.763,3856.803,3862.41,5209,160,0
2025-10-03 00:00:00+00:00,3862.365,3862.779,3856.371,3856.912,8592,160,0
2025-10-03 01:00:00+00:00,3856.878,3862.622,3847.333,3858.458,14655,160,0
2025-10-03 02:00:00+00:00,3858.424,3859.093,3847.62,3848.159,8627,160,0
2025-10-03 03:00:00+00:00,3848.129,3851.001,3837.995,3842.757,13228,160,0
2025-10-03 04:00:00+00:00,3842.711,3848.294,3841.597,3843.951,7805,160,0
2025-10-03 05:00:00+00:00,3843.97,3859.238,3843.836,3855.053,10895,160,0
2025-10-03 06:00:00+00:00,3855.046,3860.983,3850.842,3859.182,10343,160,0
2025-10-03 07:00:00+00:00,3859.168,3865.262,3856.972,3864.275,8555,160,0
2025-10-03 08:00:00+00:00,3864.196,3865.705,3860.168,3864.797,7417,160,0
2025-10-03 09:00:00+00:00,3864.745,3864.946,3856.834,3864.218,7105,160,0
2025-10-03 10:00:00+00:00,3864.221,3867.688,3862.092,3865.886,8889,160,0
2025-10-03 11:00:00+00:00,3865.866,3867.075,3854.689,3862.077,12559,160,0
2025-10-03 12:00:00+00:00,3862.141,3874.927,3860.448,3873.79,13823,160,0
2025-10-03 13:00:00+00:00,3873.897,3890.618,3870.036,3882.558,27070,160,0
2025-10-03 14:00:00+00:00,3882.607,3885.931,3866.235,3879.616,36005,160,0
2025-10-03 15:00:00+00:00,3879.585,3891.638,3873.906,3889.44,19654,160,0
2025-10-03 16:00:00+00:00,3889.402,3889.785,3880.48,3883.629,13150,160,0
2025-10-03 17:00:00+00:00,3883.676,3886.016,3876.909,3881.97,13785,160,0
2025-10-03 18:00:00+00:00,3882.021,3889.19,3879.92,3886.04,11118,160,0
2025-10-03 19:00:00+00:00,3886.051,3889.133,3883.581,3885.568,9114,160,0
2025-10-03 20:00:00+00:00,3885.537,3887.228,3882.845,3887.045,4691,160,0
2025-10-05 22:00:00+00:00,3888.624,3903.926,3884.034,3899.56,10015,160,0
2025-10-05 23:00:00+00:00,3899.787,3920.986,3898.418,3909.45,25323,160,0
2025-10-06 00:00:00+00:00,3909.487,3910.073,3898.931,3900.397,18442,160,0
2025-10-06 01:00:00+00:00,3900.435,3918.312,3899.71,3917.882,12889,160,0
2025-10-06 02:00:00+00:00,3917.926,3924.616,3917.472,3921.013,12318,160,0
2025-10-06 03:00:00+00:00,3920.964,3932.041,3919.884,3929.569,11475,160,0
2025-10-06 04:00:00+00:00,3929.584,3940.343,3928.73,3938.742,13246,160,0
2025-10-06 05:00:00+00:00,3938.67,3945.205,3927.364,3932.657,18363,160,0
2025-10-06 06:00:00+00:00,3932.752,3934.852,3922.449,3934.292,18708,160,0
2025-10-06 07:00:00+00:00,3934.321,3943.87,3929.272,3941.617,20713,160,0
2025-10-06 08:00:00+00:00,3941.651,3949.598,3935.409,3942.47,18125,160,0
2025-10-06 09:00:00+00:00,3942.371,3944.993,3936.585,3942.334,11924,160,0
2025-10-06 10:00:00+00:00,3942.367,3946.782,3932.586,3942.229,14483,160,0
2025-10-06 11:00:00+00:00,3942.113,3942.787,3930.997,3938.294,17377,160,0
2025-10-06 12:00:00+00:00,3938.256,3941.325,3926.478,3934.202,29088,160,0
2025-10-06 13:00:00+00:00,3934.227,3947.163,3927.168,3944.569,29112,160,0
2025-10-06 14:00:00+00:00,3944.537,3958.886,3940.236,3954.949,26662,160,0
2025-10-06 15:00:00+00:00,3954.924,3964.126,3948.056,3962.468,18947,160,0
2025-10-06 16:00:00+00:00,3962.454,3970.01,3945.753,3954.035,24981,160,0
2025-10-06 17:00:00+00:00,3954.066,3959.008,3951.151,3957.842,13287,160,0
2025-10-06 18:00:00+00:00,3957.876,3960.613,3955.878,3958.472,7784,160,0
2025-10-06 19:00:00+00:00,3958.427,3964.982,3958.274,3959.451,8439,160,0
2025-10-06 20:00:00+00:00,3959.415,3962.517,3957.397,3961.114,5187,160,0
2025-10-06 22:00:00+00:00,3958.919,3976.198,3958.455,3963.471,15949,160,0
2025-10-06 23:00:00+00:00,3963.433,3972.57,3961.599,3969.514,10921,160,0
2025-10-07 00:00:00+00:00,3969.556,3977.475,3961.443,3962.855,17054,160,0
2025-10-07 01:00:00+00:00,3962.822,3963.82,3955.804,3958.182,15031,160,0
2025-10-07 02:00:00+00:00,3958.135,3966.991,3957.414,3964.903,8077,160,0
2025-10-07 03:00:00+00:00,3964.848,3974.634,3960.738,3973.395,9922,160,0
2025-10-07 04:00:00+00:00,3973.418,3976.904,3971.454,3975.944,8008,160,0
2025-10-07 05:00:00+00:00,3975.918,3976.781,3960.096,3964.747,16630,160,0
2025-10-07 06:00:00+00:00,3964.624,3966.32,3953.792,3955.192,14563,160,0
2025-10-07 07:00:00+00:00,3955.223,3956.18,3943.273,3945.962,25443,160,0
2025-10-07 08:00:00+00:00,3945.918,3953.973,3940.82,3951.285,17389,160,0
2025-10-07 09:00:00+00:00,3951.283,3963.524,3951.052,3955.184,12425,160,0
2025-10-07 10:00:00+00:00,3955.161,3962.877,3954.06,3960.075,9539,160,0
2025-10-07 11:00:00+00:00,3960.088,3969.135,3956.38,3966.998,10481,160,0
2025-10-07 12:00:00+00:00,3966.949,3980.171,3964.319,3979.442,18492,160,0
2025-10-07 13:00:00+00:00,3979.372,3985.642,3970.499,3979.25,25597,160,0
2025-10-07 14:00:00+00:00,3979.211,3986.655,3968.988,3985.6,27392,160,0
2025-10-07 15:00:00+00:00,3985.635,3991.059,3961.777,3966.153,33045,160,0
2025-10-07 16:00:00+00:00,3966.198,3979.455,3963.164,3976.555,23294,160,0
2025-10-07 17:00:00+00:00,3976.665,3987.739,3976.43,3980.912,15023,160,0
2025-10-07 18:00:00+00:00,3980.954,3983.932,3974.102,3980.947,14339,160,0
2025-10-07 19:00:00+00:00,3981.006,3983.302,3978.451,3980.14,9592,160,0
2025-10-07 20:00:00+00:00,3980.195,3986.494,3980.195,3984.493,4892,160,0
2025-10-07 22:00:00+00:00,3983.622,3990.689,3983.44,3989.576,4731,160,0
2025-10-07 23:00:00+00:00,3989.611,3995.946,3988.357,3994.411,6964,160,0
2025-10-08 00:00:00+00:00,3994.367,3999.248,3989.358,3992.425,12839,160,0
2025-10-08 01:00:00+00:00,3992.376,4000.812,3984.478,4000.581,16282,160,0
2025-10-08 02:00:00+00:00,4000.535,4011.713,3995.653,4011.629,11897,160,0
2025-10-08 03:00:00+00:00,4011.582,4016.527,4008.89,4014.641,9936,160,0
2025-10-08 04:00:00+00:00,4014.688,4027.29,4014.688,4026.73,11510,160,0
2025-10-08 05:00:00+00:00,4026.685,4037.018,4024.482,4029.089,14578,160,0
2025-10-08 06:00:00+00:00,4029.203,4033.131,4021.305,4031.575,16489,160,0
2025-10-08 07:00:00+00:00,4031.675,4039.029,4030.023,4034.2,15063,160,0
2025-10-08 08:00:00+00:00,4034.165,4040.458,4033.183,4036.247,12368,160,0
2025-10-08 09:00:00+00:00,4036.218,4049.564,4030.829,4049.239,13207,160,0
2025-10-08 10:00:00+00:00,4049.204,4049.631,4033.557,4037.132,14627,160,0
2025-10-08 11:00:00+00:00,4037.182,4038.141,4032.023,4037.935,11743,160,0
2025-10-08 12:00:00+00:00,4037.899,4046.419,4030.954,4039.984,19137,160,0
2025-10-08 13:00:00+00:00,4040.015,4049.412,4026.342,4038.136,30043,160,0
2025-10-08 14:00:00+00:00,4038.031,4049.059,4035.629,4048.136,22486,160,0
2025-10-08 15:00:00+00:00,4048.102,4050.719,4037.215,4045.664,20647,160,0
2025-10-08 16:00:00+00:00,4045.694,4059.321,4044.191,4056.5,16976,160,0
2025-10-08 17:00:00+00:00,4056.544,4058.141,4042.84,4051.223,14271,160,0
2025-10-08 18:00:00+00:00,4051.224,4053.224,4038.492,4049.827,18187,160,0
2025-10-08 19:00:00+00:00,4049.858,4054.593,4032.041,4044.914,25860,160,0
2025-10-08 20:00:00+00:00,4044.886,4046.707,4038.582,4041.764,8357,160,0
2025-10-08 22:00:00+00:00,4036.284,4038.291,4015.413,4021.407,12280,160,0
2025-10-08 23:00:00+00:00,4021.435,4022.01,4001.257,4011.708,19655,160,0
2025-10-09 00:00:00+00:00,4011.706,4027.951,4008.663,4023.037,19070,160,0
2025-10-09 01:00:00+00:00,4023.061,4036.3,4008.205,4019.764,38349,160,0
2025-10-09 02:00:00+00:00,4019.727,4021.319,4002.492,4018.578,23464,160,0
2025-10-09 03:00:00+00:00,4018.56,4029.493,4017.154,4026.749,12894,160,0
2025-10-09 04:00:00+00:00,4026.72,4041.039,4026.72,4039.004,9874,160,0
2025-10-09 05:00:00+00:00,4039.037,4043.744,4034.236,4039.776,15590,160,0
2025-10-09 06:00:00+00:00,4039.811,4041.0,4022.631,4026.1,19188,160,0
2025-10-09 07:00:00+00:00,4026.133,4032.941,4024.651,4031.582,15085,160,0
2025-10-09 08:00:00+00:00,4031.479,4040.325,4030.183,4038.203,11027,160,0
2025-10-09 09:00:00+00:00,4038.167,4042.083,4034.218,4037.488,11222,160,0
2025-10-09 10:00:00+00:00,4037.458,4044.346,4036.293,4044.219,8139,160,0
2025-10-09 11:00:00+00:00,4044.172,4046.733,4033.459,4044.488,13866,160,0
2025-10-09 12:00:00+00:00,4044.45,4053.776,4037.388,4053.429,19357,160,0
2025-10-09 13:00:00+00:00,4053.362,4057.978,4016.773,4017.276,52314,160,0
2025-10-09 14:00:00+00:00,4017.227,4029.048,4003.929,4024.195,61419,160,0
2025-10-09 15:00:00+00:00,4024.155,4028.593,4006.43,4014.65,36653,160,0
2025-10-09 16:00:00+00:00,4014.581,4021.757,3964.007,3968.601,47930,160,0
2025-10-09 17:00:00+00:00,3968.63,3974.424,3944.6,3950.14,55184,160,0
2025-10-09 18:00:00+00:00,3950.116,3968.883,3949.459,3957.338,25504,160,0
2025-10-09 19:00:00+00:00,3957.36,3982.142,3955.2,3973.033,21969,160,0
2025-10-09 20:00:00+00:00,3973.087,3979.011,3973.034,3976.054,8860,160,0
2025-10-09 22:00:00+00:00,3981.265,3981.298,3958.514,3975.332,11278,160,0
2025-10-09 23:00:00+00:00,3975.406,3990.833,3974.503,3989.932,12479,160,0
2025-10-10 00:00:00+00:00,3989.927,3994.402,3985.535,3991.074,14462,160,0
2025-10-10 01:00:00+00:00,3991.043,3992.409,3969.907,3973.275,23818,160,0
2025-10-10 02:00:00+00:00,3973.316,3986.738,3973.159,3978.67,14623,160,0
2025-10-10 03:00:00+00:00,3978.624,3979.305,3960.778,3961.963,17712,160,0
2025-10-10 04:00:00+00:00,3961.934,3966.77,3946.94,3966.303,16725,160,0
2025-10-10 05:00:00+00:00,3966.324,3977.909,3965.637,3974.887,18839,160,0
2025-10-10 06:00:00+00:00,3974.957,3976.185,3962.684,3968.41,21626,160,0
2025-10-10 07:00:00+00:00,3968.35,3976.207,3952.594,3971.99,22260,160,0
2025-10-10 08:00:00+00:00,3971.998,3994.826,3970.098,3992.036,17865,160,0
2025-10-10 09:00:00+00:00,3992.079,4006.76,3990.192,3995.72,19843,160,0
2025-10-10 10:00:00+00:00,3995.695,4000.138,3990.767,3993.963,17030,160,0
2025-10-10 11:00:00+00:00,3993.991,3999.743,3983.165,3987.181,18341,160,0
2025-10-10 12:00:00+00:00,3987.207,3993.515,3980.25,3985.709,21746,160,0
2025-10-10 13:00:00+00:00,3985.714,3998.208,3975.412,3980.858,35636,160,0
2025-10-10 14:00:00+00:00,3980.827,3994.257,3970.62,3990.132,35850,160,0
2025-10-10 15:00:00+00:00,3990.098,4022.825,3988.042,3997.977,67019,160,0
2025-10-10 16:00:00+00:00,3998.011,3998.782,3977.393,3983.316,43385,160,0
2025-10-10 17:00:00+00:00,3983.36,3992.23,3974.975,3989.816,29141,160,0
2025-10-10 18:00:00+00:00,3989.887,4009.051,3984.161,3999.014,21194,160,0
2025-10-10 19:00:00+00:00,3998.931,4021.315,3995.694,4011.206,23453,160,0
2025-10-10 20:00:00+00:00,4011.247,4020.903,4005.645,4010.399,17156,160,0
2025-10-12 22:00:00+00:00,4014.463,4045.339,4008.645,4042.325,23030,160,0
2025-10-12 23:00:00+00:00,4042.285,4060.193,4032.155,4035.147,26679,160,0
2025-10-13 00:00:00+00:00,4035.195,4059.926,4024.338,4043.878,37061,160,0
2025-10-13 01:00:00+00:00,4043.834,4054.96,4035.787,4053.025,31354,160,0
2025-10-13 02:00:00+00:00,4053.111,4055.915,4041.588,4048.049,18154,160,0
2025-10-13 03:00:00+00:00,4048.0,4056.467,4046.245,4051.928,13006,160,0
2025-10-13 04:00:00+00:00,4051.922,4059.453,4050.974,4056.313,9012,160,0
2025-10-13 05:00:00+00:00,4056.291,4078.206,4054.814,4063.659,23061,160,0
2025-10-13 06:00:00+00:00,4063.702,4073.577,4059.739,4069.542,21733,160,0
2025-10-13 07:00:00+00:00,4069.498,4077.47,4066.446,4071.176,16835,160,0
2025-10-13 08:00:00+00:00,4071.135,4079.319,4069.031,4077.813,15249,160,0
2025-10-13 09:00:00+00:00,4077.8,4079.864,4070.327,4077.35,12098,160,0
2025-10-13 10:00:00+00:00,4077.365,4085.261,4071.288,4080.903,13033,160,0
2025-10-13 11:00:00+00:00,4080.944,4084.617,4073.602,4073.986,14724,160,0
2025-10-13 12:00:00+00:00,4073.987,4085.902,4073.173,4079.562,20185,160,0
2025-10-13 13:00:00+00:00,4079.599,4095.605,4078.165,4093.982,28458,160,0
2025-10-13 14:00:00+00:00,4093.955,4103.956,4090.67,4097.407,24129,160,0
2025-10-13 15:00:00+00:00,4097.383,4107.412,4091.783,4104.946,18717,160,0
2025-10-13 16:00:00+00:00,4104.908,4117.037,4103.859,4105.753,19266,160,0
2025-10-13 17:00:00+00:00,4105.783,4115.36,4100.195,4103.905,18106,160,0
2025-10-13 18:00:00+00:00,4103.85,4107.521,4099.371,4101.73,11734,160,0
2025-10-13 19:00:00+00:00,4101.736,4110.909,4090.701,4108.627,14235,160,0
2025-10-13 20:00:00+00:00,4108.532,4112.752,4106.024,4111.336,5193,160,0
2025-10-13 22:00:00+00:00,4112.466,4115.83,4106.541,4114.908,7628,160,0
2025-10-13 23:00:00+00:00,4114.903,4132.069,4112.828,4128.045,16331,160,0
2025-10-14 00:00:00+00:00,4128.091,4130.196,4119.597,4124.551,18893,160,0
2025-10-14 01:00:00+00:00,4124.516,4149.927,4123.052,4137.258,33862,160,0
2025-10-14 02:00:00+00:00,4137.296,4149.756,4136.972,4146.032,20029,160,0
2025-10-14 03:00:00+00:00,4146.01,4166.495,4145.104,4163.373,16705,160,0
2025-10-14 04:00:00+00:00,4163.414,4170.064,4155.738,4168.037,17147,160,0
2025-10-14 05:00:00+00:00,4168.002,4179.707,4111.124,4121.125,58190,160,0
2025-10-14 06:00:00+00:00,4121.166,4133.87,4090.603,4112.192,70051,160,0
2025-10-14 07:00:00+00:00,4112.167,4127.815,4102.469,4126.245,35292,160,0
2025-10-14 08:00:00+00:00,4126.277,4145.217,4124.656,4143.955,27459,160,0
2025-10-14 09:00:00+00:00,4144.051,4144.347,4121.822,4127.456,25896,160,0
2025-10-14 10:00:00+00:00,4127.492,4144.272,4125.018,4131.785,24592,160,0
2025-10-14 11:00:00+00:00,4131.811,4137.864,4125.698,4130.511,19207,160,0
2025-10-14 12:00:00+00:00,4130.473,4134.503,4103.479,4106.476,35746,160,0
2025-10-14 13:00:00+00:00,4106.506,4129.563,4097.762,4124.097,55331,160,0
2025-10-14 14:00:00+00:00,4124.039,4137.647,4121.168,4129.088,37483,160,0
2025-10-14 15:00:00+00:00,4129.137,4142.716,4126.168,4137.989,25174,160,0
2025-10-14 16:00:00+00:00,4138.03,4155.284,4127.903,4140.455,29637,160,0
2025-10-14 17:00:00+00:00,4140.406,4152.949,4137.302,4148.035,25750,160,0
2025-10-14 18:00:00+00:00,4148.097,4152.503,4143.076,4148.177,15000,160,0
2025-10-14 19:00:00+00:00,4148.254,4150.642,4134.416,4141.606,22475,160,0
2025-10-14 20:00:00+00:00,4141.564,4146.02,4139.138,4143.662,7199,160,0
2025-10-14 22:00:00+00:00,4143.875,4163.875,4140.571,4158.48,13300,160,0
2025-10-14 23:00:00+00:00,4158.45,4167.144,4157.158,4161.613,9313,160,0
2025-10-15 00:00:00+00:00,4161.574,4169.657,4153.803,4162.576,16708,160,0
2025-10-15 01:00:00+00:00,4162.604,4186.768,4162.047,4181.641,29334,160,0
2025-10-15 02:00:00+00:00,4181.703,4184.621,4167.008,4176.306,20623,160,0
2025-10-15 03:00:00+00:00,4176.381,4190.855,4176.013,4187.051,13107,160,0
2025-10-15 04:00:00+00:00,4187.099,4187.579,4173.253,4179.758,10270,160,0
2025-10-15 05:00:00+00:00,4179.646,4193.743,4176.539,4185.969,17069,160,0
2025-10-15 06:00:00+00:00,4185.869,4200.368,4184.184,4199.422,15488,160,0
2025-10-15 07:00:00+00:00,4199.388,4209.799,4194.569,4207.69,12703,160,0
2025-10-15 08:00:00+00:00,4207.732,4218.221,4207.058,4208.095,15247,160,0
2025-10-15 09:00:00+00:00,4208.169,4212.105,4164.774,4192.554,33279,160,0
2025-10-15 10:00:00+00:00,4192.521,4206.441,4190.434,4202.555,18124,160,0
2025-10-15 11:00:00+00:00,4202.525,4204.284,4193.452,4198.664,13912,160,0
2025-10-15 12:00:00+00:00,4198.692,4202.743,4176.187,4190.529,29329,160,0
2025-10-15 13:00:00+00:00,4190.478,4198.684,4182.851,4192.199,36584,160,0
2025-10-15 14:00:00+00:00,4192.153,4212.361,4191.439,4199.899,32897,160,0
2025-10-15 15:00:00+00:00,4199.867,4203.031,4179.651,4190.235,37091,160,0
2025-10-15 16:00:00+00:00,4190.285,4199.978,4186.258,4199.098,22775,160,0
2025-10-15 17:00:00+00:00,4199.048,4199.736,4182.527,4197.937,27616,160,0
2025-10-15 18:00:00+00:00,4197.967,4204.674,4195.132,4200.571,17040,160,0
2025-10-15 19:00:00+00:00,4200.542,4213.525,4200.377,4210.372,12568,160,0
2025-10-15 20:00:00+00:00,4210.328,4212.914,4206.076,4208.285,7314,160,0
2025-10-15 22:00:00+00:00,4211.948,4215.694,4199.584,4213.234,9612,160,0
2025-10-15 23:00:00+00:00,4213.32,4215.9,4206.188,4209.458,9880,160,0
2025-10-16 00:00:00+00:00,4209.563,4227.274,4204.95,4210.631,17444,160,0
2025-10-16 01:00:00+00:00,4210.679,4232.972,4210.679,4230.194,22557,160,0
2025-10-16 02:00:00+00:00,4230.221,4239.552,4225.872,4239.461,12292,160,0
2025-10-16 03:00:00+00:00,4239.405,4242.119,4228.947,4233.816,14373,160,0
2025-10-16 04:00:00+00:00,4233.804,4239.452,4227.919,4233.559,11972,160,0
2025-10-16 05:00:00+00:00,4233.467,4234.775,4203.546,4204.951,35582,160,0
2025-10-16 06:00:00+00:00,4204.915,4227.219,4203.588,4222.844,21767,160,0
2025-10-16 07:00:00+00:00,4222.776,4233.992,4222.094,4230.521,14663,160,0
2025-10-16 08:00:00+00:00,4230.551,4235.933,4228.414,4232.869,11181,160,0
2025-10-16 09:00:00+00:00,4232.903,4241.682,4222.062,4239.667,13208,160,0
2025-10-16 10:00:00+00:00,4239.639,4246.209,4234.291,4242.761,13187,160,0
2025-10-16 11:00:00+00:00,4242.802,4247.734,4239.564,4240.659,11884,160,0
2025-10-16 12:00:00+00:00,4240.703,4251.174,4227.691,4235.98,25197,160,0
2025-10-16 13:00:00+00:00,4235.95,4258.793,4234.779,4246.366,32894,160,0
2025-10-16 14:00:00+00:00,4246.339,4267.566,4245.4,4263.243,30226,160,0
2025-10-16 15:00:00+00:00,4263.261,4276.073,4260.812,4273.407,22766,160,0
2025-10-16 16:00:00+00:00,4273.438,4291.916,4261.335,4282.611,50350,160,0
2025-10-16 17:00:00+00:00,4282.579,4298.709,4280.097,4293.827,30498,160,0
2025-10-16 18:00:00+00:00,4293.796,4294.997,4273.39,4291.124,30583,160,0
2025-10-16 19:00:00+00:00,4291.09,4313.043,4287.719,4307.326,22352,160,0
2025-10-16 20:00:00+00:00,4307.373,4330.586,4307.373,4329.323,15582,160,0
2025-10-16 22:00:00+00:00,4345.115,4380.074,4332.662,4346.788,33884,160,0
2025-10-16 23:00:00+00:00,4346.837,4379.13,4341.797,4365.805,26912,160,0
2025-10-17 00:00:00+00:00,4365.763,4371.673,4353.488,4358.268,28245,160,0
2025-10-17 01:00:00+00:00,4358.303,4362.218,4278.793,4314.064,82056,160,0
2025-10-17 02:00:00+00:00,4314.022,4348.516,4312.218,4342.449,43530,160,0
2025-10-17 03:00:00+00:00,4342.504,4366.791,4338.707,4366.694,23039,160,0
2025-10-17 04:00:00+00:00,4366.703,4377.169,4355.093,4376.318,22262,160,0
2025-10-17 05:00:00+00:00,4376.234,4378.554,4342.105,4365.532,32645,160,0
2025-10-17 06:00:00+00:00,4365.591,4369.588,4346.738,4360.029,36552,160,0
2025-10-17 07:00:00+00:00,4360.067,4361.888,4308.845,4342.371,53565,160,0
2025-10-17 08:00:00+00:00,4342.341,4349.77,4321.101,4347.8,41355,160,0
2025-10-17 09:00:00+00:00,4347.753,4348.535,4332.263,4340.238,22749,160,0
2025-10-17 10:00:00+00:00,4340.196,4342.141,4319.538,4327.664,29124,160,0
2025-10-17 11:00:00+00:00,4327.628,4336.003,4286.613,4287.043,51369,160,0
2025-10-17 12:00:00+00:00,4287.106,4320.228,4283.516,4314.447,52955,160,0
2025-10-17 13:00:00+00:00,4314.485,4317.764,4258.315,4273.92,93286,160,0
2025-10-17 14:00:00+00:00,4273.883,4274.607,4216.823,4248.889,124928,160,0
2025-10-17 15:00:00+00:00,4248.861,4259.404,4230.958,4237.478,53832,160,0
2025-10-17 16:00:00+00:00,4237.54,4244.98,4200.883,4205.005,63060,160,0
2025-10-17 17:00:00+00:00,4205.033,4228.402,4186.194,4221.199,58673,160,0
2025-10-17 18:00:00+00:00,4221.236,4244.687,4218.116,4235.715,35088,160,0
2025-10-17 19:00:00+00:00,4235.687,4237.915,4212.62,4225.936,31377,160,0
2025-10-17 20:00:00+00:00,4225.895,4252.702,4220.102,4250.936,21062,160,0
2025-10-19 22:00:00+00:00,4264.629,4268.325,4245.406,4255.79,21803,160,0
2025-10-19 23:00:00+00:00,4255.758,4256.409,4233.246,4237.851,19152,160,0
2025-10-20 00:00:00+00:00,4237.822,4250.801,4218.935,4249.487,34634,160,0
2025-10-20 01:00:00+00:00,4249.439,4268.983,4229.569,4262.393,45389,160,0
2025-10-20 02:00:00+00:00,4262.444,4271.286,4253.355,4255.797,24495,160,0
2025-10-20 03:00:00+00:00,4255.821,4265.336,4248.719,4264.725,18438,160,0
2025-10-20 04:00:00+00:00,4264.681,4268.295,4260.349,4266.333,11513,160,0
2025-10-20 05:00:00+00:00,4266.263,4266.776,4239.732,4239.968,27899,160,0
2025-10-20 06:00:00+00:00,4240.003,4245.715,4221.41,4236.332,36107,160,0
2025-10-20 07:00:00+00:00,4236.361,4260.954,4234.778,4255.173,22718,160,0
2025-10-20 08:00:00+00:00,4255.137,4266.147,4252.29,4258.671,17779,160,0
2025-10-20 09:00:00+00:00,4258.706,4263.728,4250.321,4260.684,15019,160,0
2025-10-20 10:00:00+00:00,4260.652,4260.895,4245.621,4254.885,18269,160,0
2025-10-20 11:00:00+00:00,4254.846,4279.738,4250.858,4279.281,15743,160,0
2025-10-20 12:00:00+00:00,4279.313,4327.16,4272.727,4323.592,42920,160,0
2025-10-20 13:00:00+00:00,4323.638,4325.27,4299.499,4300.904,54238,160,0
2025-10-20 14:00:00+00:00,4300.862,4334.751,4292.608,4332.283,42924,160,0
2025-10-20 15:00:00+00:00,4332.25,4355.752,4332.25,4349.215,30806,160,0
2025-10-20 16:00:00+00:00,4349.18,4350.84,4342.655,4347.872,19832,160,0
2025-10-20 17:00:00+00:00,4347.869,4351.148,4337.34,4347.503,19906,160,0
2025-10-20 18:00:00+00:00,4347.6,4364.622,4344.535,4359.427,17789,160,0
2025-10-20 19:00:00+00:00,4359.491,4381.569,4359.202,4378.211,17734,160,0
2025-10-20 20:00:00+00:00,4378.162,4380.115,4346.475,4356.042,23738,160,0
2025-10-20 22:00:00+00:00,4364.452,4375.487,4357.543,4367.537,17867,160,0
2025-10-20 23:00:00+00:00,4367.49,4371.685,4356.602,4360.492,12603,160,0
2025-10-21 00:00:00+00:00,4360.442,4371.14,4356.136,4368.835,20175,160,0
2025-10-21 01:00:00+00:00,4368.79,4372.296,4332.872,4350.833,36114,160,0
2025-10-21 02:00:00+00:00,4350.899,4355.398,4335.163,4338.905,26853,160,0
2025-10-21 03:00:00+00:00,4338.872,4350.799,4337.851,4346.584,13834,160,0
2025-10-21 04:00:00+00:00,4346.538,4347.068,4337.141,4341.941,10499,160,0
2025-10-21 05:00:00+00:00,4341.946,4344.297,4317.151,4323.315,25604,160,0
2025-10-21 06:00:00+00:00,4323.285,4344.259,4317.144,4343.203,21917,160,0
2025-10-21 07:00:00+00:00,4343.227,4343.227,4293.394,4298.449,42282,160,0
2025-10-21 08:00:00+00:00,4298.363,4301.779,4244.728,4273.882,67259,160,0
2025-10-21 09:00:00+00:00,4273.933,4278.089,4254.6,4265.136,32221,160,0
2025-10-21 10:00:00+00:00,4265.098,4266.5,4249.266,4253.766,27091,160,0
2025-10-21 11:00:00+00:00,4253.74,4272.444,4245.513,4253.325,25205,160,0
2025-10-21 12:00:00+00:00,4253.353,4257.511,4205.763,4211.051,61270,160,0
2025-10-21 13:00:00+00:00,4211.104,4225.438,4167.546,4174.071,93301,160,0
2025-10-21 14:00:00+00:00,4174.028,4188.508,4080.817,4138.912,124771,160,0
2025-10-21 15:00:00+00:00,4138.939,4150.596,4119.988,4138.535,70048,160,0
2025-10-21 16:00:00+00:00,4138.648,4143.876,4101.424,4113.475,52175,160,0
2025-10-21 17:00:00+00:00,4113.579,4120.237,4093.562,4111.23,49288,160,0
2025-10-21 18:00:00+00:00,4111.156,4125.82,4106.379,4114.82,26523,160,0
2025-10-21 19:00:00+00:00,4114.884,4122.214,4100.376,4108.77,29424,160,0
2025-10-21 20:00:00+00:00,4108.802,4130.976,4105.999,4125.337,15659,160,0
2025-10-21 22:00:00+00:00,4132.096,4132.322,4113.804,4123.235,15184,160,0
2025-10-21 23:00:00+00:00,4123.277,4127.882,4090.127,4093.156,19209,160,0
2025-10-22 00:00:00+00:00,4093.182,4094.052,4004.185,4075.132,112547,160,0
2025-10-22 01:00:00+00:00,4075.165,4121.152,4064.368,4087.171,67585,160,0
2025-10-22 02:00:00+00:00,4087.217,4117.831,4087.217,4114.959,27301,160,0
2025-10-22 03:00:00+00:00,4114.985,4143.136,4107.312,4128.674,25156,160,0
2025-10-22 04:00:00+00:00,4128.61,4133.411,4107.57,4128.173,20413,160,0
2025-10-22 05:00:00+00:00,4128.21,4147.036,4126.424,4135.118,23322,160,0
2025-10-22 06:00:00+00:00,4135.068,4161.36,4127.752,4155.691,24310,160,0
2025-10-22 07:00:00+00:00,4155.656,4156.421,4129.293,4132.901,38769,160,0
2025-10-22 08:00:00+00:00,4132.863,4135.863,4058.479,4070.637,74481,160,0
2025-10-22 09:00:00+00:00,4070.588,4101.828,4061.553,4069.586,48854,160,0
2025-10-22 10:00:00+00:00,4069.522,4090.878,4023.765,4035.14,46362,160,0
2025-10-22 11:00:00+00:00,4035.093,4045.103,4015.07,4027.778,57820,160,0
2025-10-22 12:00:00+00:00,4027.805,4053.495,4023.049,4033.777,51719,160,0
2025-10-22 13:00:00+00:00,4033.885,4085.272,4033.417,4075.941,69994,160,0
2025-10-22 14:00:00+00:00,4075.9,4078.403,4010.988,4015.041,66680,160,0
2025-10-22 15:00:00+00:00,4014.994,4047.356,4014.775,4037.089,52341,160,0
2025-10-22 16:00:00+00:00,4037.043,4064.215,4023.211,4059.221,50044,160,0
2025-10-22 17:00:00+00:00,4059.185,4071.16,4043.944,4069.951,41142,160,0
2025-10-22 18:00:00+00:00,4070.023,4081.545,4066.559,4076.727,20342,160,0
2025-10-22 19:00:00+00:00,4076.707,4113.632,4076.544,4102.378,31731,160,0
2025-10-22 20:00:00+00:00,4102.333,4107.299,4088.435,4098.347,15215,160,0
2025-10-22 22:00:00+00:00,4106.302,4116.475,4092.238,4102.071,19481,160,0
2025-10-22 23:00:00+00:00,4102.076,4104.782,4080.517,4087.735,20541,160,0
2025-10-23 00:00:00+00:00,4087.639,4096.871,4065.984,4081.794,33209,160,0
2025-10-23 01:00:00+00:00,4081.822,4092.792,4071.81,4073.297,30943,160,0
2025-10-23 02:00:00+00:00,4073.322,4085.463,4072.204,4082.552,20076,160,0
2025-10-23 03:00:00+00:00,4082.506,4100.724,4077.717,4091.173,16763,160,0
2025-10-23 04:00:00+00:00,4091.195,4093.025,4079.656,4089.702,12143,160,0
2025-10-23 05:00:00+00:00,4089.675,4110.517,4083.866,4110.266,18375,160,0
2025-10-23 06:00:00+00:00,4110.224,4137.712,4110.089,4113.599,39639,160,0
2025-10-23 07:00:00+00:00,4113.628,4121.242,4091.781,4094.256,29961,160,0
2025-10-23 08:00:00+00:00,4094.292,4119.027,4094.292,4116.135,25394,160,0
2025-10-23 09:00:00+00:00,4116.178,4125.478,4111.167,4124.415,19523,160,0
2025-10-23 10:00:00+00:00,4124.456,4125.235,4101.765,4108.833,24827,160,0
2025-10-23 11:00:00+00:00,4108.879,4121.031,4107.654,4109.614,23620,160,0
2025-10-23 12:00:00+00:00,4109.581,4129.402,4100.14,4127.175,26129,160,0
2025-10-23 13:00:00+00:00,4127.216,4151.129,4125.759,4144.946,46460,160,0
2025-10-23 14:00:00+00:00,4144.905,4154.684,4136.026,4148.231,36726,160,0
2025-10-23 15:00:00+00:00,4148.258,4151.888,4137.135,4141.845,23990,160,0
2025-10-23 16:00:00+00:00,4141.816,4148.643,4125.523,4133.022,22073,160,0
2025-10-23 17:00:00+00:00,4132.976,4139.254,4124.747,4137.659,20300,160,0
2025-10-23 18:00:00+00:00,4137.661,4143.464,4133.143,4135.982,13494,160,0
2025-10-23 19:00:00+00:00,4136.016,4138.225,4116.426,4118.289,17616,160,0
2025-10-23 20:00:00+00:00,4118.333,4125.967,4107.377,4125.56,12862,160,0
2025-10-23 22:00:00+00:00,4131.889,4131.923,4111.301,4116.133,10804,160,0
2025-10-23 23:00:00+00:00,4116.129,4122.968,4105.812,4121.703,9866,160,0
2025-10-24 00:00:00+00:00,4121.728,4133.713,4117.975,4132.564,14713,160,0
2025-10-24 01:00:00+00:00,4132.579,4144.297,4112.151,4118.823,27023,160,0
2025-10-24 02:00:00+00:00,4118.87,4119.084,4109.384,4109.614,18759,160,0
2025-10-24 03:00:00+00:00,4109.741,4123.507,4107.556,4122.38,12765,160,0
2025-10-24 04:00:00+00:00,4122.262,4123.316,4102.818,4111.724,14755,160,0
2025-10-24 05:00:00+00:00,4111.774,4117.981,4102.902,4104.65,14163,160,0
2025-10-24 06:00:00+00:00,4104.58,4104.856,4081.417,4092.262,28332,160,0
2025-10-24 07:00:00+00:00,4092.149,4095.987,4069.547,4074.245,24472,160,0
2025-10-24 08:00:00+00:00,4074.376,4077.914,4047.503,4065.337,32246,160,0
2025-10-24 09:00:00+00:00,4065.299,4073.618,4054.394,4060.753,19972,160,0
2025-10-24 10:00:00+00:00,4060.728,4070.902,4053.48,4054.84,15787,160,0
2025-10-24 11:00:00+00:00,4054.814,4065.572,4043.978,4061.284,21652,160,0
2025-10-24 12:00:00+00:00,4061.371,4093.731,4059.819,4081.987,37751,160,0
2025-10-24 13:00:00+00:00,4082.026,4122.324,4079.085,4106.845,61786,160,0
2025-10-24 14:00:00+00:00,4106.682,4135.165,4102.186,4117.364,45440,160,0
2025-10-24 15:00:00+00:00,4117.339,4131.922,4113.214,4130.347,28661,160,0
2025-10-24 16:00:00+00:00,4130.419,4138.594,4121.643,4129.162,22598,160,0
2025-10-24 17:00:00+00:00,4129.267,4134.373,4105.67,4107.531,23763,160,0
2025-10-24 18:00:00+00:00,4107.585,4113.615,4101.801,4110.312,20442,160,0
2025-10-24 19:00:00+00:00,4110.278,4117.407,4102.2,4103.999,15590,160,0
2025-10-24 20:00:00+00:00,4104.036,4114.062,4096.254,4113.082,9813,160,0
2025-10-26 22:00:00+00:00,4083.572,4109.193,4071.68,4081.724,27817,160,0
2025-10-26 23:00:00+00:00,4081.764,4088.452,4061.912,4064.458,22367,160,0
2025-10-27 00:00:00+00:00,4064.532,4084.199,4058.108,4081.343,21230,160,0
2025-10-27 01:00:00+00:00,4081.368,4097.781,4075.056,4081.734,30618,160,0
2025-10-27 02:00:00+00:00,4081.755,4082.086,4070.098,4071.586,18774,160,0
2025-10-27 03:00:00+00:00,4071.558,4081.909,4065.319,4069.559,14257,160,0
2025-10-27 04:00:00+00:00,4069.523,4071.856,4053.805,4068.752,17750,160,0
2025-10-27 05:00:00+00:00,4068.8,4084.569,4068.582,4079.552,14937,160,0
2025-10-27 06:00:00+00:00,4079.522,4084.782,4073.829,4078.286,17450,160,0
2025-10-27 07:00:00+00:00,4078.287,4079.997,4064.017,4068.619,14954,160,0
2025-10-27 08:00:00+00:00,4068.588,4070.548,4023.351,4043.306,28189,160,0
2025-10-27 09:00:00+00:00,4043.408,4050.274,4030.104,4039.737,31106,160,0
2025-10-27 10:00:00+00:00,4039.716,4047.826,4028.795,4037.364,20743,160,0
2025-10-27 11:00:00+00:00,4037.407,4041.376,4015.427,4023.923,28587,160,0
2025-10-27 12:00:00+00:00,4023.971,4046.553,4022.293,4045.514,27700,160,0
2025-10-27 13:00:00+00:00,4045.564,4050.275,4013.181,4022.017,49174,160,0
2025-10-27 14:00:00+00:00,4022.04,4023.383,3982.877,3987.902,68967,160,0
2025-10-27 15:00:00+00:00,3987.927,3993.532,3971.348,3989.93,44519,160,0
2025-10-27 16:00:00+00:00,3990.039,4000.444,3983.978,3999.159,22326,160,0
2025-10-27 17:00:00+00:00,3999.255,4008.887,3990.771,4006.472,21323,160,0
2025-10-27 18:00:00+00:00,4006.419,4010.147,3997.793,3999.308,17926,160,0
2025-10-27 19:00:00+00:00,3999.338,4005.656,3985.575,3990.129,22719,160,0
2025-10-27 20:00:00+00:00,3990.176,4000.309,3979.11,3982.549,13108,160,0
2025-10-27 22:00:00+00:00,3986.884,3996.477,3983.714,3989.898,10551,160,0
2025-10-27 23:00:00+00:00,3989.896,4004.562,3982.88,3998.491,13089,160,0
2025-10-28 00:00:00+00:00,3998.379,4009.739,3973.043,4006.746,19361,160,0
2025-10-28 01:00:00+00:00,4006.712,4019.767,4004.355,4011.01,24355,160,0
2025-10-28 02:00:00+00:00,4010.983,4013.994,3980.663,3983.882,24245,160,0
2025-10-28 03:00:00+00:00,3983.838,3994.378,3983.107,3992.9,13829,160,0
2025-10-28 04:00:00+00:00,3992.855,3994.255,3963.645,3973.68,21985,160,0
2025-10-28 05:00:00+00:00,3973.682,3980.167,3959.031,3966.441,24485,160,0
2025-10-28 06:00:00+00:00,3966.512,3968.627,3938.4,3942.666,25812,160,0
2025-10-28 07:00:00+00:00,3942.556,3948.582,3921.754,3932.473,29164,160,0
2025-10-28 08:00:00+00:00,3932.508,3935.894,3896.474,3897.412,37693,160,0
2025-10-28 09:00:00+00:00,3897.452,3911.022,3886.54,3904.714,32707,160,0
2025-10-28 10:00:00+00:00,3904.702,3930.741,3899.951,3926.405,24907,160,0
2025-10-28 11:00:00+00:00,3926.447,3929.956,3910.769,3923.293,23603,160,0
2025-10-28 12:00:00+00:00,3923.32,3929.916,3905.489,3912.891,24943,160,0
2025-10-28 13:00:00+00:00,3912.946,3940.493,3912.406,3938.881,43137,160,0
2025-10-28 14:00:00+00:00,3938.934,3953.977,3934.699,3949.702,30954,160,0
2025-10-28 15:00:00+00:00,3949.678,3969.566,3947.11,3964.762,23347,160,0
2025-10-28 16:00:00+00:00,3964.796,3965.383,3951.104,3958.497,27691,160,0
2025-10-28 17:00:00+00:00,3958.424,3970.422,3955.104,3962.456,20916,160,0
2025-10-28 18:00:00+00:00,3962.423,3964.096,3945.144,3956.612,18540,160,0
2025-10-28 19:00:00+00:00,3956.638,3962.866,3950.76,3960.116,19021,160,0
2025-10-28 20:00:00+00:00,3960.164,3960.968,3949.293,3952.221,9571,160,0
2025-10-28 22:00:00+00:00,3957.342,3961.222,3915.99,3934.029,23716,160,0
2025-10-28 23:00:00+00:00,3934.044,3967.841,3934.003,3964.818,15389,160,0
2025-10-29 00:00:00+00:00,3964.847,3982.257,3959.089,3975.301,20587,160,0
2025-10-29 01:00:00+00:00,3975.258,3979.705,3966.152,3973.798,24096,160,0
2025-10-29 02:00:00+00:00,3973.775,3974.537,3944.199,3961.174,22184,160,0
2025-10-29 03:00:00+00:00,3961.214,3972.238,3958.379,3963.36,15309,160,0
2025-10-29 04:00:00+00:00,3963.373,3964.926,3951.138,3952.027,14426,160,0
2025-10-29 05:00:00+00:00,3952.044,3966.401,3950.749,3962.618,18083,160,0
2025-10-29 06:00:00+00:00,3962.509,3984.966,3959.849,3978.278,17670,160,0
2025-10-29 07:00:00+00:00,3978.332,4001.599,3974.965,4001.329,20097,160,0
2025-10-29 08:00:00+00:00,4001.294,4018.454,4000.436,4016.617,19209,160,0
2025-10-29 09:00:00+00:00,4016.592,4029.65,4013.389,4023.998,18927,160,0
2025-10-29 10:00:00+00:00,4024.1,4029.706,4017.185,4023.366,17738,160,0
2025-10-29 11:00:00+00:00,4023.415,4028.678,4013.39,4016.693,19559,160,0
2025-10-29 12:00:00+00:00,4016.722,4030.268,4013.595,4025.39,20979,160,0
2025-10-29 13:00:00+00:00,4025.357,4025.479,4002.483,4012.287,32237,160,0
2025-10-29 14:00:00+00:00,4012.253,4022.391,4007.362,4008.574,24290,160,0
2025-10-29 15:00:00+00:00,4008.543,4012.122,3989.229,3993.002,26058,160,0
2025-10-29 16:00:00+00:00,3993.009,4001.026,3991.353,3992.863,15051,160,0
2025-10-29 17:00:00+00:00,3992.832,3997.836,3985.614,3994.873,14746,160,0
2025-10-29 18:00:00+00:00,3994.835,4007.464,3942.858,3969.394,80004,160,0
2025-10-29 19:00:00+00:00,3969.431,3979.807,3927.91,3945.555,53988,160,0
2025-10-29 20:00:00+00:00,3945.528,3954.199,3927.99,3928.745,20070,160,0
2025-10-29 22:00:00+00:00,3927.247,3948.501,3917.19,3941.336,20786,160,0
2025-10-29 23:00:00+00:00,3941.38,3954.061,3939.512,3952.836,13219,160,0
2025-10-30 00:00:00+00:00,3952.798,3964.254,3937.991,3950.191,21247,160,0
2025-10-30 01:00:00+00:00,3950.21,3966.389,3945.125,3947.978,27464,160,0
2025-10-30 02:00:00+00:00,3947.937,3948.246,3921.643,3921.95,25955,160,0
2025-10-30 03:00:00+00:00,3921.953,3938.288,3915.301,3938.002,17466,160,0
2025-10-30 04:00:00+00:00,3938.03,3982.421,3934.842,3972.691,29017,160,0
2025-10-30 05:00:00+00:00,3972.664,3978.472,3947.087,3963.757,28662,160,0
2025-10-30 06:00:00+00:00,3963.716,3977.177,3956.36,3976.845,24747,160,0
2025-10-30 07:00:00+00:00,3976.775,3977.246,3955.865,3961.323,19808,160,0
2025-10-30 08:00:00+00:00,3961.339,3976.794,3960.183,3976.385,18390,160,0
2025-10-30 09:00:00+00:00,3976.326,4011.878,3976.001,3998.67,26629,160,0
2025-10-30 10:00:00+00:00,3998.645,4000.997,3973.717,3984.292,22567,160,0
2025-10-30 11:00:00+00:00,3984.311,3984.986,3964.005,3974.38,21313,160,0
2025-10-30 12:00:00+00:00,3974.422,3985.628,3961.012,3961.446,28862,160,0
2025-10-30 13:00:00+00:00,3961.408,3995.367,3960.046,3995.367,40839,160,0
2025-10-30 14:00:00+00:00,3995.414,4014.809,3986.728,3996.41,48689,160,0
2025-10-30 15:00:00+00:00,3996.359,4008.495,3988.385,4001.938,27065,160,0
2025-10-30 16:00:00+00:00,4001.9,4004.112,3991.38,4001.28,18957,160,0
2025-10-30 17:00:00+00:00,4001.324,4017.883,3994.383,4004.795,16371,160,0
2025-10-30 18:00:00+00:00,4004.839,4017.757,4000.237,4016.104,16053,160,0
2025-10-30 19:00:00+00:00,4016.134,4025.972,4015.329,4023.45,16418,160,0
2025-10-30 20:00:00+00:00,4023.4,4027.454,4016.379,4024.533,9667,160,0
2025-10-30 22:00:00+00:00,4023.522,4046.422,4016.328,4037.974,13991,160,0
2025-10-30 23:00:00+00:00,4038.002,4043.094,4018.906,4036.658,18823,160,0
2025-10-31 00:00:00+00:00,4036.633,4037.155,4023.798,4025.304,16688,160,0
2025-10-31 01:00:00+00:00,4025.272,4039.309,4012.93,4018.868,25065,160,0
2025-10-31 02:00:00+00:00,4018.824,4019.228,4001.586,4011.051,26578,160,0
2025-10-31 03:00:00+00:00,4011.118,4013.936,3991.092,3996.422,21355,160,0
2025-10-31 04:00:00+00:00,3996.448,4010.602,3989.103,4005.678,15050,160,0
2025-10-31 05:00:00+00:00,4005.64,4011.353,3994.021,4005.093,20349,160,0
2025-10-31 06:00:00+00:00,4005.121,4015.101,4002.055,4013.049,19783,160,0
2025-10-31 07:00:00+00:00,4013.086,4025.316,4007.446,4021.041,19121,160,0
2025-10-31 08:00:00+00:00,4020.948,4026.871,4006.64,4010.481,18170,160,0
2025-10-31 09:00:00+00:00,4010.442,4014.294,3998.795,4008.554,16953,160,0
2025-10-31 10:00:00+00:00,4008.547,4016.773,4003.609,4007.458,14225,160,0
2025-10-31 11:00:00+00:00,4007.413,4011.227,4001.666,4010.527,13396,160,0
2025-10-31 12:00:00+00:00,4010.483,4036.188,4009.075,4023.052,20496,160,0
2025-10-31 13:00:00+00:00,4023.013,4035.265,4010.09,4016.522,33796,160,0
2025-10-31 14:00:00+00:00,4016.556,4027.332,4010.859,4020.547,27343,160,0
2025-10-31 15:00:00+00:00,4020.566,4022.818,4009.409,4012.804,26078,160,0
2025-10-31 16:00:00+00:00,4012.753,4015.136,3972.406,3980.751,47364,160,0
2025-10-31 17:00:00+00:00,3980.793,4003.589,3980.453,3997.671,25456,160,0
2025-10-31 18:00:00+00:00,3997.706,4010.142,3995.487,4000.027,15835,160,0
2025-10-31 19:00:00+00:00,4000.064,4005.615,3991.236,4001.071,15936,160,0
2025-10-31 20:00:00+00:00,4001.033,4006.709,3996.134,4001.621,7984,160,0
2025-11-02 23:00:00+00:00,3990.719,3998.936,3977.946,3980.468,17526,160,0
2025-11-03 00:00:00+00:00,3980.378,3987.771,3962.306,3970.971,22269,160,0
2025-11-03 01:00:00+00:00,3971.006,4001.846,3965.367,3995.838,30196,160,0
2025-11-03 02:00:00+00:00,3995.811,4006.557,3990.316,4004.002,18630,160,0
2025-11-03 03:00:00+00:00,4004.042,4015.557,4002.349,4011.186,16270,160,0
2025-11-03 04:00:00+00:00,4011.183,4014.493,4001.693,4003.761,12307,160,0
2025-11-03 05:00:00+00:00,4003.762,4018.698,3997.685,4014.055,14820,160,0
2025-11-03 06:00:00+00:00,4014.082,4018.783,4010.105,4017.369,13729,160,0
2025-11-03 07:00:00+00:00,4017.343,4026.054,4013.527,4025.279,15344,160,0
2025-11-03 08:00:00+00:00,4025.371,4027.868,4011.224,4019.736,18275,160,0
2025-11-03 09:00:00+00:00,4019.807,4026.007,3992.968,4000.605,24122,160,0
2025-11-03 10:00:00+00:00,4000.679,4004.807,3994.424,3998.911,17912,160,0
2025-11-03 11:00:00+00:00,3998.951,4008.639,3994.258,4007.563,14662,160,0
2025-11-03 12:00:00+00:00,4007.556,4013.568,4001.707,4013.239,14221,160,0
2025-11-03 13:00:00+00:00,4013.206,4020.632,4010.724,4015.983,24614,160,0
2025-11-03 14:00:00+00:00,4016.024,4026.127,4001.745,4022.647,27816,160,0
2025-11-03 15:00:00+00:00,4022.761,4030.646,4003.414,4008.635,36584,160,0
2025-11-03 16:00:00+00:00,4008.604,4013.492,3995.327,4008.205,22743,160,0
2025-11-03 17:00:00+00:00,4008.263,4012.066,4003.531,4006.159,13498,160,0
2025-11-03 18:00:00+00:00,4006.134,4009.6,3999.527,4006.661,11747,160,0
2025-11-03 19:00:00+00:00,4006.658,4008.276,3995.081,4004.71,14146,160,0
2025-11-03 20:00:00+00:00,4004.67,4014.932,4004.67,4010.359,9973,160,0
2025-11-03 21:00:00+00:00,4010.248,4010.248,3999.703,4000.684,5315,160,0
2025-11-03 23:00:00+00:00,4001.347,4005.837,3980.963,3997.194,13320,160,0
2025-11-04 00:00:00+00:00,3997.301,3999.269,3978.198,3986.349,18020,160,0
2025-11-04 01:00:00+00:00,3986.449,3994.523,3979.582,3987.411,20966,160,0
2025-11-04 02:00:00+00:00,3987.415,3987.415,3975.503,3986.62,20229,160,0
2025-11-04 03:00:00+00:00,3986.668,3999.382,3981.608,3994.564,14241,160,0
2025-11-04 04:00:00+00:00,3994.525,3995.175,3983.78,3985.48,12234,160,0
2025-11-04 05:00:00+00:00,3985.448,3987.093,3972.837,3973.41,17890,160,0
2025-11-04 06:00:00+00:00,3973.362,3988.008,3966.773,3985.053,20244,160,0
2025-11-04 07:00:00+00:00,3985.174,3996.438,3982.273,3993.904,16376,160,0
2025-11-04 08:00:00+00:00,3994.038,4000.711,3990.7,3996.008,16101,160,0
2025-11-04 09:00:00+00:00,3995.976,3999.395,3990.327,3991.224,14938,160,0
2025-11-04 10:00:00+00:00,3991.184,3997.523,3985.891,3993.927,14388,160,0
2025-11-04 11:00:00+00:00,3993.952,4000.218,3991.558,3995.205,9835,160,0
2025-11-04 12:00:00+00:00,3995.22,3997.576,3983.43,3984.707,13024,160,0
2025-11-04 13:00:00+00:00,3984.606,3996.027,3971.848,3975.696,23077,160,0
2025-11-04 14:00:00+00:00,3975.732,3977.762,3928.81,3956.957,45196,160,0
2025-11-04 15:00:00+00:00,3956.958,3968.055,3941.092,3956.768,28183,160,0
2025-11-04 16:00:00+00:00,3956.871,3975.778,3956.729,3968.911,20261,160,0
2025-11-04 17:00:00+00:00,3969.031,3971.009,3952.449,3955.014,18319,160,0
2025-11-04 18:00:00+00:00,3954.986,3956.858,3932.102,3937.847,22765,160,0
2025-11-04 19:00:00+00:00,3937.882,3944.104,3934.654,3937.435,17280,160,0
2025-11-04 20:00:00+00:00,3937.45,3942.073,3931.4,3938.528,15971,160,0
2025-11-04 21:00:00+00:00,3938.463,3938.582,3930.398,3932.139,6014,160,0
2025-11-04 23:00:00+00:00,3932.054,3940.555,3930.911,3934.767,9941,160,0
2025-11-05 00:00:00+00:00,3934.793,3943.054,3929.598,3939.874,17021,160,0
2025-11-05 01:00:00+00:00,3939.908,3949.453,3934.412,3937.05,21933,160,0
2025-11-05 02:00:00+00:00,3937.01,3950.974,3935.45,3948.503,15609,160,0
2025-11-05 03:00:00+00:00,3948.491,3965.385,3947.424,3960.802,11451,160,0
2025-11-05 04:00:00+00:00,3960.841,3973.637,3959.739,3970.233,9812,160,0
2025-11-05 05:00:00+00:00,3970.292,3978.556,3961.873,3964.933,13292,160,0
2025-11-05 06:00:00+00:00,3964.965,3973.594,3961.792,3966.191,14459,160,0
2025-11-05 07:00:00+00:00,3966.229,3974.807,3963.627,3972.701,11778,160,0
2025-11-05 08:00:00+00:00,3972.734,3987.091,3972.734,3979.852,15193,160,0
2025-11-05 09:00:00+00:00,3979.815,3981.302,3963.519,3971.802,12706,160,0
2025-11-05 10:00:00+00:00,3971.835,3971.835,3956.021,3964.456,13891,160,0
2025-11-05 11:00:00+00:00,3964.481,3968.861,3957.502,3966.879,10029,160,0
2025-11-05 12:00:00+00:00,3966.823,3969.91,3962.266,3969.571,9416,160,0
2025-11-05 13:00:00+00:00,3969.513,3979.533,3964.643,3975.814,18413,160,0
2025-11-05 14:00:00+00:00,3975.922,3985.562,3969.513,3973.399,24890,160,0
2025-11-05 15:00:00+00:00,3973.333,3984.502,3963.964,3978.192,24830,160,0
2025-11-05 16:00:00+00:00,3978.268,3990.518,3974.787,3986.864,16391,160,0
2025-11-05 17:00:00+00:00,3986.824,3989.659,3978.565,3981.948,11254,160,0
2025-11-05 18:00:00+00:00,3981.991,3986.002,3978.815,3982.459,8678,160,0
2025-11-05 19:00:00+00:00,3982.475,3988.887,3979.217,3987.809,7460,160,0
2025-11-05 20:00:00+00:00,3987.838,3990.243,3981.466,3983.78,7902,160,0
2025-11-05 21:00:00+00:00,3983.774,3984.941,3977.889,3979.101,4370,160,0
2025-11-05 23:00:00+00:00,3976.052,3980.142,3966.726,3973.671,11737,160,0
2025-11-06 00:00:00+00:00,3973.63,3976.129,3969.492,3976.129,9622,160,0
2025-11-06 01:00:00+00:00,3976.213,3977.409,3964.543,3976.629,15242,160,0
2025-11-06 02:00:00+00:00,3976.623,3985.259,3974.242,3983.325,11035,160,0
2025-11-06 03:00:00+00:00,3983.354,3990.439,3979.527,3987.556,8894,160,0
2025-11-06 04:00:00+00:00,3987.549,3989.858,3984.522,3988.748,6186,160,0
2025-11-06 05:00:00+00:00,3988.748,3990.925,3985.628,3987.694,9068,160,0
2025-11-06 06:00:00+00:00,3987.737,3992.93,3982.182,3991.508,10666,160,0
2025-11-06 07:00:00+00:00,3991.443,4009.645,3991.063,4005.883,13457,160,0
2025-11-06 08:00:00+00:00,4005.852,4016.818,4004.708,4014.801,12184,160,0
2025-11-06 09:00:00+00:00,4014.832,4015.191,4009.313,4011.031,9622,160,0
2025-11-06 10:00:00+00:00,4011.095,4011.216,4004.248,4008.363,8536,160,0
2025-11-06 11:00:00+00:00,4008.318,4019.609,4006.901,4018.182,9163,160,0
2025-11-06 12:00:00+00:00,4018.104,4019.506,4002.899,4005.269,9771,160,0
2025-11-06 13:00:00+00:00,4005.308,4016.118,4003.507,4012.14,14022,160,0
2025-11-06 14:00:00+00:00,4012.148,4013.794,3988.87,3993.264,28594,160,0
2025-11-06 15:00:00+00:00,3993.312,3993.763,3975.197,3980.22,32835,160,0
2025-11-06 16:00:00+00:00,3980.264,3986.27,3976.478,3980.916,20818,160,0
2025-11-06 17:00:00+00:00,3980.95,3988.178,3965.754,3986.251,21886,160,0
2025-11-06 18:00:00+00:00,3986.258,3991.074,3980.214,3987.769,13144,160,0
2025-11-06 19:00:00+00:00,3987.817,3995.278,3983.091,3985.395,10172,160,0
2025-11-06 20:00:00+00:00,3985.35,3987.277,3979.399,3980.709,14467,160,0
2025-11-06 21:00:00+00:00,3980.793,3982.399,3976.545,3977.032,6959,160,0
2025-11-06 23:00:00+00:00,3977.349,3989.711,3974.354,3989.177,6286,160,0
2025-11-07 00:00:00+00:00,3989.212,3994.485,3984.509,3988.647,7762,160,0
2025-11-07 01:00:00+00:00,3988.635,4002.751,3987.099,4001.748,12371,160,0
2025-11-07 02:00:00+00:00,4001.707,4003.402,3991.433,3995.397,10064,160,0
2025-11-07 03:00:00+00:00,3995.338,3996.568,3988.213,3990.445,8293,160,0
2025-11-07 04:00:00+00:00,3990.413,3998.635,3985.363,3998.451,8005,160,0
2025-11-07 05:00:00+00:00,3998.494,3998.904,3991.954,3995.159,9550,160,0
2025-11-07 06:00:00+00:00,3995.13,4008.442,3992.442,4006.685,10444,160,0
2025-11-07 07:00:00+00:00,4006.735,4010.016,4002.893,4007.772,9990,160,0
2025-11-07 08:00:00+00:00,4007.836,4010.328,4003.597,4009.683,9240,160,0
2025-11-07 09:00:00+00:00,4009.721,4014.195,4004.08,4006.548,9558,160,0
2025-11-07 10:00:00+00:00,4006.595,4009.41,4002.928,4007.849,9493,160,0
2025-11-07 11:00:00+00:00,4007.852,4012.18,3993.715,4002.861,14112,160,0
2025-11-07 12:00:00+00:00,4002.935,4008.431,3991.464,3995.829,13492,160,0
2025-11-07 13:00:00+00:00,3995.868,4002.03,3991.72,3997.699,15937,160,0
2025-11-07 14:00:00+00:00,3997.653,4007.452,3984.433,3993.336,26689,160,0
2025-11-07 15:00:00+00:00,3993.333,3999.231,3984.058,3990.952,22967,160,0
2025-11-07 16:00:00+00:00,3990.989,4027.628,3989.915,4007.833,25785,160,0
2025-11-07 17:00:00+00:00,4007.859,4009.958,3992.218,4005.371,26718,160,0
2025-11-07 18:00:00+00:00,4005.464,4009.17,3999.778,4005.564,14070,160,0
2025-11-07 19:00:00+00:00,4005.594,4009.027,4001.721,4006.841,11780,160,0
2025-11-07 20:00:00+00:00,4006.811,4007.184,3994.34,4004.02,17938,160,0
2025-11-07 21:00:00+00:00,4003.986,4005.128,3998.491,4001.422,4584,160,0
2025-11-09 23:00:00+00:00,4004.876,4012.265,4004.027,4011.86,11896,160,0
2025-11-10 00:00:00+00:00,4011.87,4023.809,4011.132,4020.382,11658,160,0
2025-11-10 01:00:00+00:00,4020.306,4053.256,4019.102,4043.982,28137,160,0
2025-11-10 02:00:00+00:00,4043.95,4049.012,4037.742,4048.212,16107,160,0
2025-11-10 03:00:00+00:00,4048.134,4052.929,4044.94,4050.292,8360,160,0
2025-11-10 04:00:00+00:00,4050.242,4056.836,4049.947,4054.216,8339,160,0
2025-11-10 05:00:00+00:00,4054.121,4069.865,4050.074,4069.251,11462,160,0
2025-11-10 06:00:00+00:00,4069.301,4078.671,4067.008,4075.095,13737,160,0
2025-11-10 07:00:00+00:00,4075.04,4079.165,4072.043,4075.19,11299,160,0
2025-11-10 08:00:00+00:00,4075.215,4085.186,4074.821,4082.196,14851,160,0
2025-11-10 09:00:00+00:00,4082.238,4086.238,4071.617,4076.625,13255,160,0
2025-11-10 10:00:00+00:00,4076.67,4083.514,4075.958,4080.83,9306,160,0
2025-11-10 11:00:00+00:00,4080.879,4085.497,4075.781,4085.293,9031,160,0
2025-11-10 12:00:00+00:00,4085.335,4099.989,4084.182,4097.69,13784,160,0
2025-11-10 13:00:00+00:00,4097.668,4105.886,4090.31,4091.597,24783,160,0
2025-11-10 14:00:00+00:00,4091.634,4094.146,4074.405,4083.582,30291,160,0
2025-11-10 15:00:00+00:00,4083.545,4094.344,4077.971,4084.555,24303,160,0
2025-11-10 16:00:00+00:00,4084.509,4095.768,4081.921,4094.822,14470,160,0
2025-11-10 17:00:00+00:00,4094.863,4102.643,4093.328,4102.492,10953,160,0
2025-11-10 18:00:00+00:00,4102.439,4115.834,4101.49,4110.195,12731,160,0
2025-11-10 19:00:00+00:00,4110.215,4115.66,4107.878,4113.162,9594,160,0
2025-11-10 20:00:00+00:00,4113.102,4114.519,4106.58,4111.662,10985,160,0
2025-11-10 21:00:00+00:00,4111.765,4116.659,4110.535,4115.691,4519,160,0
2025-11-10 23:00:00+00:00,4115.42,4122.665,4114.901,4119.955,8127,160,0
2025-11-11 00:00:00+00:00,4119.992,4133.67,4116.195,4130.931,10689,160,0
2025-11-11 01:00:00+00:00,4130.979,4141.134,4128.01,4136.261,20146,160,0
2025-11-11 02:00:00+00:00,4136.225,4139.55,4129.554,4138.0,14203,160,0
2025-11-11 03:00:00+00:00,4138.002,4148.113,4136.996,4146.879,10068,160,0
2025-11-11 04:00:00+00:00,4146.816,4148.862,4141.931,4143.052,7455,160,0
2025-11-11 05:00:00+00:00,4143.169,4144.534,4124.545,4131.026,16329,160,0
2025-11-11 06:00:00+00:00,4130.995,4137.88,4126.799,4129.998,13239,160,0
2025-11-11 07:00:00+00:00,4129.94,4133.287,4124.863,4129.671,11203,160,0
2025-11-11 08:00:00+00:00,4129.564,4137.702,4128.805,4135.678,13018,160,0
2025-11-11 09:00:00+00:00,4135.703,4146.001,4134.39,4141.891,8959,160,0
2025-11-11 10:00:00+00:00,4141.883,4144.28,4136.799,4141.891,9222,160,0
2025-11-11 11:00:00+00:00,4141.928,4144.547,4139.086,4142.788,8751,160,0
2025-11-11 12:00:00+00:00,4142.829,4143.943,4133.211,4134.334,10596,160,0
2025-11-11 13:00:00+00:00,4134.375,4146.645,4133.858,4142.475,13710,160,0
2025-11-11 14:00:00+00:00,4142.475,4143.263,4120.002,4125.081,28043,160,0
2025-11-11 15:00:00+00:00,4125.016,4126.364,4097.107,4106.638,32977,160,0
2025-11-11 16:00:00+00:00,4106.671,4115.676,4105.046,4113.226,16183,160,0
2025-11-11 17:00:00+00:00,4113.198,4117.776,4110.651,4114.315,11434,160,0
2025-11-11 18:00:00+00:00,4114.349,4116.325,4106.712,4113.998,12396,160,0
2025-11-11 19:00:00+00:00,4113.907,4126.175,4112.018,4123.01,9065,160,0
2025-11-11 20:00:00+00:00,4123.062,4131.983,4122.366,4129.524,10744,160,0
2025-11-11 21:00:00+00:00,4129.491,4131.311,4125.704,4126.546,5287,160,0
2025-11-11 23:00:00+00:00,4127.6,4144.677,4127.33,4142.639,10936,160,0
2025-11-12 00:00:00+00:00,4142.641,4145.524,4132.035,4133.017,11954,160,0
2025-11-12 01:00:00+00:00,4133.062,4137.311,4126.368,4131.633,19803,160,0
2025-11-12 02:00:00+00:00,4131.636,4135.442,4118.858,4124.006,13851,160,0
2025-11-12 03:00:00+00:00,4123.992,4125.381,4111.79,4111.972,11509,160,0
2025-11-12 04:00:00+00:00,4111.9,4113.209,4103.61,4110.41,12758,160,0
2025-11-12 05:00:00+00:00,4110.461,4111.024,4098.923,4104.681,14174,160,0
2025-11-12 06:00:00+00:00,4104.714,4119.062,4103.201,4118.448,14405,160,0
2025-11-12 07:00:00+00:00,4118.319,4125.318,4113.305,4116.963,12876,160,0
2025-11-12 08:00:00+00:00,4117.004,4132.909,4112.131,4131.233,15277,160,0
2025-11-12 09:00:00+00:00,4131.202,4133.567,4120.584,4124.669,13645,160,0
2025-11-12 10:00:00+00:00,4124.693,4129.185,4118.052,4127.815,13656,160,0
2025-11-12 11:00:00+00:00,4127.841,4131.075,4123.062,4126.121,11185,160,0
2025-11-12 12:00:00+00:00,4126.096,4139.537,4124.875,4130.209,14734,160,0
2025-11-12 13:00:00+00:00,4130.25,4132.669,4122.809,4127.013,20864,160,0
2025-11-12 14:00:00+00:00,4127.011,4140.067,4125.06,4136.763,27633,160,0
2025-11-12 15:00:00+00:00,4136.647,4185.704,4134.546,4181.424,39798,160,0
2025-11-12 16:00:00+00:00,4181.381,4197.842,4180.097,4196.322,31030,160,0
2025-11-12 17:00:00+00:00,4196.367,4206.535,4192.2,4199.374,25119,160,0
2025-11-12 18:00:00+00:00,4199.41,4211.751,4190.841,4206.899,21492,160,0
2025-11-12 19:00:00+00:00,4206.927,4210.099,4192.209,4197.485,18325,160,0
2025-11-12 20:00:00+00:00,4197.44,4199.81,4190.695,4195.859,15280,160,0
2025-11-12 21:00:00+00:00,4195.933,4202.228,4191.098,4194.486,7100,160,0
2025-11-12 23:00:00+00:00,4203.503,4208.175,4187.243,4191.097,13359,160,0
2025-11-13 00:00:00+00:00,4191.055,4209.002,4185.809,4205.918,16793,160,0
2025-11-13 01:00:00+00:00,4205.874,4209.38,4179.864,4192.336,26612,160,0
2025-11-13 02:00:00+00:00,4192.23,4195.82,4183.503,4190.073,20781,160,0
2025-11-13 03:00:00+00:00,4190.123,4213.486,4190.087,4213.125,16898,160,0
2025-11-13 04:00:00+00:00,4213.094,4219.568,4203.316,4209.314,13960,160,0
2025-11-13 05:00:00+00:00,4209.278,4217.76,4207.3,4211.945,18809,160,0
2025-11-13 06:00:00+00:00,4211.98,4212.241,4203.286,4210.337,15778,160,0
2025-11-13 07:00:00+00:00,4210.383,4220.15,4208.462,4219.942,13163,160,0
2025-11-13 08:00:00+00:00,4219.896,4239.515,4218.874,4232.847,19011,160,0
2025-11-13 09:00:00+00:00,4232.801,4239.493,4224.944,4233.2,15193,160,0
2025-11-13 10:00:00+00:00,4233.163,4240.261,4221.773,4225.373,14026,160,0
2025-11-13 11:00:00+00:00,4225.424,4232.315,4219.38,4230.52,14370,160,0
2025-11-13 12:00:00+00:00,4230.479,4245.332,4230.091,4242.523,11886,160,0
2025-11-13 13:00:00+00:00,4242.562,4243.956,4220.174,4231.841,29601,160,0
2025-11-13 14:00:00+00:00,4231.94,4232.457,4184.507,4195.363,50531,160,0
2025-11-13 15:00:00+00:00,4195.337,4205.029,4186.685,4202.482,36892,160,0
2025-11-13 16:00:00+00:00,4202.509,4211.009,4195.735,4206.601,27576,160,0
2025-11-13 17:00:00+00:00,4206.567,4208.336,4193.209,4201.869,22655,160,0
2025-11-13 18:00:00+00:00,4201.899,4203.365,4145.372,4157.983,46407,160,0
2025-11-13 19:00:00+00:00,4157.926,4170.622,4145.838,4163.828,27483,160,0
2025-11-13 20:00:00+00:00,4163.872,4170.609,4160.283,4163.946,21216,160,0
2025-11-13 21:00:00+00:00,4163.972,4181.371,4161.122,4171.534,9995,160,0
2025-11-13 23:00:00+00:00,4170.27,4186.697,4170.197,4185.929,12504,160,0
2025-11-14 00:00:00+00:00,4185.951,4189.957,4178.207,4183.793,13465,160,0
2025-11-14 01:00:00+00:00,4183.759,4193.844,4173.688,4190.127,23945,160,0
2025-11-14 02:00:00+00:00,4190.081,4210.26,4188.535,4207.113,17661,160,0
2025-11-14 03:00:00+00:00,4207.14,4211.561,4201.385,4204.436,12085,160,0
2025-11-14 04:00:00+00:00,4204.4,4205.836,4196.908,4203.31,10850,160,0
2025-11-14 05:00:00+00:00,4203.243,4203.696,4184.122,4189.919,20050,160,0
2025-11-14 06:00:00+00:00,4189.871,4193.193,4169.242,4175.27,21184,160,0
2025-11-14 07:00:00+00:00,4175.309,4182.382,4158.836,4180.986,20575,160,0
2025-11-14 08:00:00+00:00,4180.917,4187.007,4169.837,4176.063,21579,160,0
2025-11-14 09:00:00+00:00,4175.987,4180.409,4166.488,4169.232,17254,160,0
2025-11-14 10:00:00+00:00,4169.369,4171.064,4159.358,4167.811,15313,160,0
2025-11-14 11:00:00+00:00,4167.826,4169.907,4130.777,4132.907,28523,160,0
2025-11-14 12:00:00+00:00,4132.858,4140.501,4107.233,4116.161,40409,160,0
2025-11-14 13:00:00+00:00,4116.12,4118.823,4041.062,4055.752,65800,160,0
2025-11-14 14:00:00+00:00,4055.708,4083.941,4032.197,4082.653,60668,160,0
2025-11-14 15:00:00+00:00,4082.694,4096.446,4068.282,4093.474,47124,160,0
2025-11-14 16:00:00+00:00,4093.53,4111.212,4080.85,4105.116,30620,160,0
2025-11-14 17:00:00+00:00,4105.076,4110.634,4093.952,4099.889,26769,160,0
2025-11-14 18:00:00+00:00,4099.931,4103.708,4080.789,4098.069,27709,160,0
2025-11-14 19:00:00+00:00,4098.036,4100.042,4087.704,4089.972,18494,160,0
2025-11-14 20:00:00+00:00,4090.03,4092.339,4075.294,4087.143,20859,160,0
2025-11-14 21:00:00+00:00,4087.12,4087.12,4077.63,4084.62,9595,160,0
2025-11-16 23:00:00+00:00,4083.755,4106.794,4071.875,4096.461,23002,160,0
2025-11-17 00:00:00+00:00,4096.528,4098.279,4080.5,4083.038,20845,160,0
2025-11-17 01:00:00+00:00,4083.073,4102.076,4082.47,4091.202,27567,160,0
2025-11-17 02:00:00+00:00,4091.159,4093.793,4080.73,4081.702,23083,160,0
2025-11-17 03:00:00+00:00,4081.677,4085.746,4070.048,4082.993,22862,160,0
2025-11-17 04:00:00+00:00,4082.938,4087.96,4076.835,4078.618,10841,160,0
2025-11-17 05:00:00+00:00,4078.643,4078.759,4049.649,4058.254,23463,160,0
2025-11-17 06:00:00+00:00,4058.227,4071.878,4054.582,4066.086,19036,160,0
2025-11-17 07:00:00+00:00,4066.022,4089.243,4065.135,4088.159,13429,160,0
2025-11-17 08:00:00+00:00,4088.13,4095.987,4072.079,4077.406,19610,160,0
2025-11-17 09:00:00+00:00,4077.412,4088.844,4072.22,4082.251,16036,160,0
2025-11-17 10:00:00+00:00,4082.202,4089.517,4068.252,4070.222,17676,160,0
2025-11-17 11:00:00+00:00,4070.296,4086.054,4061.026,4078.456,19283,160,0
2025-11-17 12:00:00+00:00,4078.493,4085.287,4074.671,4077.149,13634,160,0
2025-11-17 13:00:00+00:00,4077.119,4092.276,4060.66,4065.412,25820,160,0
2025-11-17 14:00:00+00:00,4065.272,4082.051,4060.633,4076.213,31716,160,0
2025-11-17 15:00:00+00:00,4076.326,4077.742,4060.758,4064.373,31269,160,0
2025-11-17 16:00:00+00:00,4064.304,4073.7,4052.171,4069.907,24640,160,0
2025-11-17 17:00:00+00:00,4069.959,4081.109,4069.705,4073.391,16931,160,0
2025-11-17 18:00:00+00:00,4073.423,4076.303,4062.261,4062.617,17139,160,0
2025-11-17 19:00:00+00:00,4062.592,4065.127,4010.808,4011.229,41889,160,0
2025-11-17 20:00:00+00:00,4011.258,4043.999,4006.848,4041.065,31840,160,0
2025-11-17 21:00:00+00:00,4040.952,4046.281,4038.699,4045.789,7362,160,0
2025-11-17 23:00:00+00:00,4049.919,4055.565,4028.569,4036.825,20095,160,0
2025-11-18 00:00:00+00:00,4036.862,4041.166,4027.332,4040.142,21517,160,0
2025-11-18 01:00:00+00:00,4040.162,4045.052,4022.333,4025.005,24373,160,0
2025-11-18 02:00:00+00:00,4024.96,4035.955,4015.297,4017.671,19842,160,0
2025-11-18 03:00:00+00:00,4017.663,4026.24,4008.202,4013.285,19967,160,0
2025-11-18 04:00:00+00:00,4013.316,4018.202,4004.878,4010.472,19046,160,0
2025-11-18 05:00:00+00:00,4010.442,4025.227,4008.106,4018.912,17244,160,0
2025-11-18 06:00:00+00:00,4018.946,4020.5,4007.567,4009.043,17809,160,0
2025-11-18 07:00:00+00:00,4009.004,4017.575,3998.052,4013.674,19224,160,0
2025-11-18 08:00:00+00:00,4013.648,4042.74,4010.54,4036.817,22542,160,0
2025-11-18 09:00:00+00:00,4036.765,4047.21,4030.124,4040.264,17614,160,0
2025-11-18 10:00:00+00:00,4040.206,4050.434,4037.453,4044.148,16966,160,0
2025-11-18 11:00:00+00:00,4044.194,4050.306,4036.929,4039.334,12132,160,0
2025-11-18 12:00:00+00:00,4039.303,4044.969,4029.064,4032.356,18370,160,0
2025-11-18 13:00:00+00:00,4032.333,4070.33,4031.044,4065.135,30034,160,0
2025-11-18 14:00:00+00:00,4065.111,4082.042,4058.004,4065.731,37945,160,0
2025-11-18 15:00:00+00:00,4065.782,4072.286,4048.798,4052.921,45479,160,0
2025-11-18 16:00:00+00:00,4053.001,4069.261,4040.402,4066.865,31989,160,0
2025-11-18 17:00:00+00:00,4066.835,4075.796,4059.212,4071.441,20361,160,0
2025-11-18 18:00:00+00:00,4071.481,4074.774,4063.114,4072.652,16950,160,0
2025-11-18 19:00:00+00:00,4072.679,4082.06,4072.574,4081.051,15909,160,0
2025-11-18 20:00:00+00:00,4081.089,4082.273,4067.19,4069.515,16479,160,0
2025-11-18 21:00:00+00:00,4069.469,4072.311,4064.834,4067.233,5987,160,0
2025-11-18 23:00:00+00:00,4067.811,4077.878,4066.009,4076.65,9440,160,0
2025-11-19 00:00:00+00:00,4076.692,4078.463,4067.726,4069.467,13165,160,0
2025-11-19 01:00:00+00:00,4069.401,4070.346,4056.338,4059.139,19739,160,0
2025-11-19 02:00:00+00:00,4059.219,4080.659,4055.665,4075.548,18183,160,0
2025-11-19 03:00:00+00:00,4075.52,4078.675,4066.098,4066.989,14045,160,0
2025-11-19 04:00:00+00:00,4066.883,4076.961,4064.406,4075.206,10558,160,0
2025-11-19 05:00:00+00:00,4075.29,4097.59,4074.205,4095.465,18011,160,0
2025-11-19 06:00:00+00:00,4095.472,4098.636,4089.219,4091.113,15147,160,0
2025-11-19 07:00:00+00:00,4090.982,4096.963,4084.857,4087.046,11727,160,0
2025-11-19 08:00:00+00:00,4087.003,4088.759,4078.212,4083.482,16052,160,0
2025-11-19 09:00:00+00:00,4083.413,4116.419,4081.134,4113.321,20799,160,0
2025-11-19 10:00:00+00:00,4113.364,4119.173,4107.012,4108.906,20116,160,0
2025-11-19 11:00:00+00:00,4108.953,4117.592,4106.46,4112.9,13927,160,0
2025-11-19 12:00:00+00:00,4112.838,4120.01,4112.165,4114.492,12919,160,0
2025-11-19 13:00:00+00:00,4114.583,4117.877,4100.788,4110.366,27114,160,0
2025-11-19 14:00:00+00:00,4110.42,4128.969,4101.844,4127.793,30722,160,0
2025-11-19 15:00:00+00:00,4127.748,4132.686,4090.012,4096.599,40064,160,0
2025-11-19 16:00:00+00:00,4096.671,4098.646,4067.574,4074.77,48320,160,0
2025-11-19 17:00:00+00:00,4074.731,4081.217,4055.572,4078.816,42330,160,0
2025-11-19 18:00:00+00:00,4078.856,4091.248,4075.735,4087.029,27501,160,0
2025-11-19 19:00:00+00:00,4087.076,4087.209,4068.955,4073.651,28345,160,0
2025-11-19 20:00:00+00:00,4073.642,4082.101,4072.241,4076.203,17710,160,0
2025-11-19 21:00:00+00:00,4076.169,4084.762,4065.58,4077.89,11773,160,0
2025-11-19 23:00:00+00:00,4080.006,4108.239,4079.886,4104.662,16592,160,0
2025-11-20 00:00:00+00:00,4104.692,4110.327,4100.408,4103.077,15658,160,0
2025-11-20 01:00:00+00:00,4103.047,4109.258,4080.874,4081.388,25021,160,0
2025-11-20 02:00:00+00:00,4081.343,4081.734,4039.865,4067.018,35520,160,0
2025-11-20 03:00:00+00:00,4066.985,4085.754,4064.907,4072.427,21320,160,0
2025-11-20 04:00:00+00:00,4072.466,4080.577,4068.367,4075.632,10754,160,0
2025-11-20 05:00:00+00:00,4075.67,4076.106,4064.532,4066.777,17367,160,0
2025-11-20 06:00:00+00:00,4066.733,4077.694,4058.651,4068.479,20995,160,0
2025-11-20 07:00:00+00:00,4068.448,4076.696,4054.051,4059.959,19878,160,0
2025-11-20 08:00:00+00:00,4059.901,4069.424,4038.727,4063.648,32024,160,0
2025-11-20 09:00:00+00:00,4063.616,4072.779,4055.632,4064.216,23509,160,0
2025-11-20 10:00:00+00:00,4064.241,4068.234,4058.094,4060.086,14972,160,0
2025-11-20 11:00:00+00:00,4060.057,4068.42,4051.246,4060.789,15159,160,0
2025-11-20 12:00:00+00:00,4060.724,4082.061,4060.084,4081.81,17762,160,0
2025-11-20 13:00:00+00:00,4081.771,4096.505,4067.153,4080.24,44881,160,0
2025-11-20 14:00:00+00:00,4080.213,4107.187,4072.012,4093.354,46725,160,0
2025-11-20 15:00:00+00:00,4093.265,4098.817,4070.156,4070.156,37589,160,0
2025-11-20 16:00:00+00:00,4070.211,4082.664,4044.773,4049.046,49486,160,0
2025-11-20 17:00:00+00:00,4049.014,4068.476,4043.674,4066.087,51247,160,0
2025-11-20 18:00:00+00:00,4066.04,4072.63,4056.201,4060.656,31752,160,0
2025-11-20 19:00:00+00:00,4060.608,4087.303,4058.981,4084.652,27426,160,0
2025-11-20 20:00:00+00:00,4084.615,4085.099,4073.28,4077.05,20810,160,0
2025-11-20 21:00:00+00:00,4077.091,4081.015,4074.259,4077.134,6687,160,0
2025-11-20 23:00:00+00:00,4076.391,4088.817,4072.924,4079.097,15554,160,0
2025-11-21 00:00:00+00:00,4079.141,4081.453,4071.573,4073.755,13964,160,0
2025-11-21 01:00:00+00:00,4073.759,4074.447,4060.516,4068.524,23656,160,0
2025-11-21 02:00:00+00:00,4068.47,4079.978,4056.675,4057.353,18341,160,0
2025-11-21 03:00:00+00:00,4057.383,4059.317,4049.396,4056.197,18902,160,0
2025-11-21 04:00:00+00:00,4056.16,4062.421,4047.779,4052.055,13411,160,0
2025-11-21 05:00:00+00:00,4052.037,4059.76,4039.848,4058.471,20447,160,0
2025-11-21 06:00:00+00:00,4058.51,4064.881,4029.362,4032.882,27333,160,0
2025-11-21 07:00:00+00:00,4032.847,4039.836,4024.822,4031.675,21592,160,0
2025-11-21 08:00:00+00:00,4031.705,4048.165,4022.258,4040.962,26085,160,0
2025-11-21 09:00:00+00:00,4041.009,4063.621,4040.214,4050.578,21575,160,0
2025-11-21 10:00:00+00:00,4050.525,4052.781,4032.369,4037.15,28061,160,0
2025-11-21 11:00:00+00:00,4037.186,4046.888,4030.923,4036.588,19059,160,0
2025-11-21 12:00:00+00:00,4036.553,4071.846,4034.758,4065.815,35730,160,0
2025-11-21 13:00:00+00:00,4065.908,4081.258,4059.19,4079.534,30764,160,0
2025-11-21 14:00:00+00:00,4079.488,4083.968,4061.537,4071.676,41313,160,0
2025-11-21 15:00:00+00:00,4071.62,4076.875,4054.987,4069.739,43663,160,0
2025-11-21 16:00:00+00:00,4069.723,4100.646,4062.91,4099.858,36769,160,0
2025-11-21 17:00:00+00:00,4099.823,4101.27,4078.989,4085.414,28633,160,0
2025-11-21 18:00:00+00:00,4085.457,4088.312,4076.389,4082.921,23772,160,0
2025-11-21 19:00:00+00:00,4082.958,4092.179,4082.701,4087.587,15376,160,0
2025-11-21 20:00:00+00:00,4087.621,4088.776,4055.14,4067.445,29496,160,0
2025-11-21 21:00:00+00:00,4067.385,4069.303,4054.505,4066.113,10250,160,0
2025-11-23 23:00:00+00:00,4072.469,4077.681,4065.815,4075.117,14659,160,0
2025-11-24 00:00:00+00:00,4075.148,4076.144,4058.252,4067.524,12465,160,0
2025-11-24 01:00:00+00:00,4067.564,4073.206,4042.648,4044.155,26146,160,0
2025-11-24 02:00:00+00:00,4044.179,4051.611,4040.582,4043.565,15486,160,0
2025-11-24 03:00:00+00:00,4043.634,4058.177,4043.634,4050.459,13642,160,0
2025-11-24 04:00:00+00:00,4050.507,4061.206,4042.235,4044.061,14243,160,0
2025-11-24 05:00:00+00:00,4044.104,4049.513,4039.842,4046.422,15270,160,0
2025-11-24 06:00:00+00:00,4046.301,4058.186,4045.321,4053.418,16303,160,0
2025-11-24 07:00:00+00:00,4053.408,4067.639,4051.428,4059.972,17193,160,0
2025-11-24 08:00:00+00:00,4059.9,4067.034,4059.548,4063.401,14170,160,0
2025-11-24 09:00:00+00:00,4063.377,4074.23,4063.081,4071.824,15973,160,0
2025-11-24 10:00:00+00:00,4071.862,4077.254,4063.388,4064.029,13761,160,0
2025-11-24 11:00:00+00:00,4064.014,4071.689,4063.132,4069.968,10401,160,0
2025-11-24 12:00:00+00:00,4069.86,4084.036,4065.669,4080.471,13616,160,0
2025-11-24 13:00:00+00:00,4080.508,4086.043,4073.66,4077.696,18996,160,0
2025-11-24 14:00:00+00:00,4077.664,4086.12,4068.394,4081.312,27668,160,0
2025-11-24 15:00:00+00:00,4081.259,4093.872,4081.159,4091.741,25886,160,0
2025-11-24 16:00:00+00:00,4091.791,4098.952,4089.732,4097.127,16653,160,0
2025-11-24 17:00:00+00:00,4097.171,4100.408,4088.83,4092.916,14146,160,0
2025-11-24 18:00:00+00:00,4092.936,4125.748,4088.034,4120.456,20396,160,0
2025-11-24 19:00:00+00:00,4120.488,4124.176,4113.913,4118.508,15251,160,0
2025-11-24 20:00:00+00:00,4118.531,4133.382,4117.942,4132.62,13416,160,0
2025-11-24 21:00:00+00:00,4132.622,4140.02,4130.137,4134.086,6087,160,0
2025-11-24 23:00:00+00:00,4134.311,4144.411,4125.138,4143.81,19129,160,0
2025-11-25 00:00:00+00:00,4143.802,4144.609,4127.612,4129.512,19451,160,0
2025-11-25 01:00:00+00:00,4129.563,4139.199,4122.524,4134.809,27544,160,0
2025-11-25 02:00:00+00:00,4134.754,4155.82,4132.733,4150.76,20474,160,0
2025-11-25 03:00:00+00:00,4150.804,4151.048,4139.56,4143.052,16750,160,0
2025-11-25 04:00:00+00:00,4143.026,4148.417,4139.453,4140.807,11401,160,0
2025-11-25 05:00:00+00:00,4140.831,4152.036,4140.831,4150.888,12380,160,0
2025-11-25 06:00:00+00:00,4150.921,4152.063,4138.614,4141.605,18040,160,0
2025-11-25 07:00:00+00:00,4141.571,4146.085,4130.277,4132.601,16615,160,0
2025-11-25 08:00:00+00:00,4132.591,4139.522,4109.156,4116.043,20497,160,0
2025-11-25 09:00:00+00:00,4116.145,4131.382,4113.814,4128.448,18650,160,0
2025-11-25 10:00:00+00:00,4128.421,4138.882,4127.465,4131.192,13814,160,0
2025-11-25 11:00:00+00:00,4131.241,4137.378,4127.737,4133.468,12548,160,0
2025-11-25 12:00:00+00:00,4133.521,4138.809,4115.995,4129.871,21463,160,0
2025-11-25 13:00:00+00:00,4129.906,4150.896,4129.392,4147.779,23344,160,0
2025-11-25 14:00:00+00:00,4147.685,4148.754,4111.034,4125.254,37321,160,0
2025-11-25 15:00:00+00:00,4125.305,4133.818,4117.946,4123.13,26083,160,0
2025-11-25 16:00:00+00:00,4123.092,4141.396,4122.152,4136.278,18272,160,0
2025-11-25 17:00:00+00:00,4136.291,4159.498,4135.954,4146.103,31035,160,0
2025-11-25 18:00:00+00:00,4146.136,4150.907,4132.539,4134.318,18595,160,0
2025-11-25 19:00:00+00:00,4134.36,4140.372,4128.456,4133.761,16212,160,0
2025-11-25 20:00:00+00:00,4133.797,4138.431,4130.498,4132.303,13745,160,0
2025-11-25 21:00:00+00:00,4132.257,4132.491,4127.629,4130.768,6678,160,0
2025-11-25 23:00:00+00:00,4132.695,4137.046,4129.778,4133.73,7244,160,0
2025-11-26 00:00:00+00:00,4133.808,4144.362,4132.595,4142.69,10662,160,0
2025-11-26 01:00:00+00:00,4142.744,4152.909,4138.507,4148.541,16494,160,0
2025-11-26 02:00:00+00:00,4148.494,4166.77,4147.303,4161.638,19269,160,0
2025-11-26 03:00:00+00:00,4161.631,4169.421,4160.35,4166.111,11316,160,0
2025-11-26 04:00:00+00:00,4166.078,4167.081,4156.505,4161.942,10030,160,0
2025-11-26 05:00:00+00:00,4161.99,4168.682,4160.15,4162.242,12419,160,0
2025-11-26 06:00:00+00:00,4162.225,4162.887,4146.598,4150.128,15258,160,0
2025-11-26 07:00:00+00:00,4150.16,4161.462,4149.235,4157.309,12317,160,0
2025-11-26 08:00:00+00:00,4157.28,4168.596,4154.696,4161.107,16628,160,0
2025-11-26 09:00:00+00:00,4161.115,4164.679,4156.619,4162.746,12285,160,0
2025-11-26 10:00:00+00:00,4162.775,4165.183,4156.138,4159.889,13059,160,0
2025-11-26 11:00:00+00:00,4159.93,4173.135,4157.763,4171.556,12512,160,0
2025-11-26 12:00:00+00:00,4171.577,4173.57,4148.744,4155.187,20755,160,0
2025-11-26 13:00:00+00:00,4155.286,4166.618,4149.052,4153.21,22390,160,0
2025-11-26 14:00:00+00:00,4153.261,4156.964,4139.824,4142.403,31119,160,0
2025-11-26 15:00:00+00:00,4142.214,4165.81,4136.508,4165.246,26479,160,0
2025-11-26 16:00:00+00:00,4165.286,4168.452,4160.69,4167.005,17420,160,0
2025-11-26 17:00:00+00:00,4167.037,4169.821,4165.091,4167.112,11748,160,0
2025-11-26 18:00:00+00:00,4167.155,4171.743,4157.984,4164.612,16951,160,0
2025-11-26 19:00:00+00:00,4164.656,4169.863,4162.371,4163.254,10421,160,0
2025-11-26 20:00:00+00:00,4163.284,4167.496,4161.324,4164.006,11377,160,0
2025-11-26 21:00:00+00:00,4164.045,4167.567,4162.242,4163.971,5522,160,0
2025-11-26 23:00:00+00:00,4164.682,4168.944,4162.606,4165.012,7028,160,0
2025-11-27 00:00:00+00:00,4164.965,4167.313,4161.935,4164.59,6849,160,0
2025-11-27 01:00:00+00:00,4164.569,4165.412,4148.726,4154.274,19700,160,0
2025-11-27 02:00:00+00:00,4154.308,4156.211,4144.524,4145.407,13855,160,0
2025-11-27 03:00:00+00:00,4145.51,4150.636,4144.145,4147.464,9990,160,0
2025-11-27 04:00:00+00:00,4147.42,4154.6,4142.573,4150.899,9448,160,0
2025-11-27 05:00:00+00:00,4150.855,4154.643,4144.752,4147.223,9652,160,0
2025-11-27 06:00:00+00:00,4147.187,4159.185,4147.108,4157.472,13083,160,0
2025-11-27 07:00:00+00:00,4157.447,4162.262,4155.52,4160.009,12989,160,0
2025-11-27 08:00:00+00:00,4160.059,4167.181,4159.595,4165.802,11656,160,0
2025-11-27 09:00:00+00:00,4165.763,4165.866,4148.261,4158.696,14507,160,0
2025-11-27 10:00:00+00:00,4158.73,4160.592,4152.341,4156.479,10445,160,0
2025-11-27 11:00:00+00:00,4156.432,4162.518,4155.81,4157.328,8470,160,0
2025-11-27 12:00:00+00:00,4157.352,4159.196,4153.517,4154.127,7227,160,0
2025-11-27 13:00:00+00:00,4154.152,4158.016,4149.151,4154.976,15636,160,0
2025-11-27 14:00:00+00:00,4155.031,4160.722,4152.774,4153.401,12687,160,0
2025-11-27 15:00:00+00:00,4153.351,4161.86,4152.988,4158.056,8743,160,0
2025-11-27 16:00:00+00:00,4158.005,4158.371,4151.443,4156.378,7240,160,0
2025-11-27 17:00:00+00:00,4156.404,4159.179,4154.702,4157.705,4648,160,0
2025-11-27 18:00:00+00:00,4157.701,4159.767,4155.85,4159.146,3897,160,0
2025-11-27 19:00:00+00:00,4159.154,4160.37,4157.116,4157.116,1822,160,0
2025-11-27 23:00:00+00:00,4160.413,4164.05,4158.299,4163.431,4658,160,0
2025-11-28 00:00:00+00:00,4163.371,4183.447,4163.12,4180.576,13675,160,0
2025-11-28 01:00:00+00:00,4180.526,4193.044,4180.526,4191.08,14219,160,0
2025-11-28 02:00:00+00:00,4191.047,4192.057,4185.797,4189.337,9121,160,0
2025-11-28 03:00:00+00:00,4189.379,4191.831,4182.769,4184.227,5374,160,0
2025-11-28 04:00:00+00:00,4184.232,4188.68,4178.516,4188.383,7013,160,0
2025-11-28 05:00:00+00:00,4188.382,4188.862,4155.674,4182.498,9564,160,0
2025-11-28 06:00:00+00:00,4182.549,4188.684,4181.712,4187.555,4706,160,0
2025-11-28 07:00:00+00:00,4187.564,4187.771,4174.252,4174.631,3400,160,0
2025-11-28 08:00:00+00:00,4174.635,4180.139,4147.529,4168.079,304,160,0
2025-11-28 09:00:00+00:00,4168.557,4169.998,4157.634,4166.643,41892,320,0
2025-11-28 10:00:00+00:00,4166.652,4178.416,4160.879,4163.866,4834,160,0
2025-11-28 11:00:00+00:00,4163.806,4179.919,4162.996,4172.019,9431,160,0
2025-11-28 12:00:00+00:00,4171.98,4178.223,4168.712,4176.618,4995,160,0
2025-11-28 13:00:00+00:00,4176.622,4182.824,4168.932,4182.535,8182,160,0
2025-11-28 14:00:00+00:00,4182.571,4208.958,4182.571,4198.201,23693,160,0
2025-11-28 15:00:00+00:00,4198.198,4203.974,4185.674,4203.639,20610,160,0
2025-11-28 16:00:00+00:00,4203.609,4210.802,4197.534,4206.189,16457,160,0
2025-11-28 17:00:00+00:00,4206.213,4216.955,4204.361,4216.919,14083,160,0
2025-11-28 18:00:00+00:00,4216.894,4226.479,4211.043,4220.425,14288,160,0
2025-11-28 19:00:00+00:00,4220.416,4222.043,4216.121,4219.212,6731,160,0
2025-11-30 23:00:00+00:00,4219.954,4225.289,4205.826,4221.933,15731,160,0
2025-12-01 00:00:00+00:00,4221.906,4233.717,4218.245,4230.861,14489,160,0
2025-12-01 01:00:00+00:00,4230.837,4256.15,4219.708,4255.34,30351,160,0
2025-12-01 02:00:00+00:00,4255.314,4256.447,4234.287,4242.712,23221,160,0
2025-12-01 03:00:00+00:00,4242.715,4243.873,4232.55,4239.35,16456,160,0
2025-12-01 04:00:00+00:00,4239.331,4246.989,4236.414,4245.67,9446,160,0
2025-12-01 05:00:00+00:00,4245.694,4246.534,4215.434,4229.564,24098,160,0
2025-12-01 06:00:00+00:00,4229.592,4240.554,4226.22,4236.985,13950,160,0
2025-12-01 07:00:00+00:00,4237.022,4246.442,4231.888,4245.32,12726,160,0
2025-12-01 08:00:00+00:00,4245.286,4253.551,4238.457,4244.714,14246,160,0
2025-12-01 09:00:00+00:00,4244.746,4251.701,4243.677,4250.002,11204,160,0
2025-12-01 10:00:00+00:00,4249.94,4262.278,4249.126,4255.549,13849,160,0
2025-12-01 11:00:00+00:00,4255.593,4258.393,4248.318,4254.634,11022,160,0
2025-12-01 12:00:00+00:00,4254.639,4256.529,4244.257,4246.508,15018,160,0
2025-12-01 13:00:00+00:00,4246.482,4264.527,4245.498,4247.304,21356,160,0
2025-12-01 14:00:00+00:00,4247.33,4249.343,4219.676,4240.225,34199,160,0
2025-12-01 15:00:00+00:00,4240.185,4245.011,4219.538,4232.544,34122,160,0
2025-12-01 16:00:00+00:00,4232.589,4242.325,4224.933,4226.233,30688,160,0
2025-12-01 17:00:00+00:00,4226.284,4240.07,4223.127,4232.432,25415,160,0
2025-12-01 18:00:00+00:00,4232.474,4244.667,4232.474,4240.227,18518,160,0
2025-12-01 19:00:00+00:00,4240.259,4243.883,4229.171,4236.851,18633,160,0
2025-12-01 20:00:00+00:00,4236.819,4241.568,4234.426,4237.363,14888,160,0
2025-12-01 21:00:00+00:00,4237.325,4240.665,4230.304,4231.914,7549,160,0
2025-12-01 23:00:00+00:00,4231.662,4235.984,4224.423,4227.679,12736,160,0
2025-12-02 00:00:00+00:00,4227.704,4229.766,4221.431,4226.955,14088,160,0
2025-12-02 01:00:00+00:00,4226.844,4227.306,4191.383,4219.611,37949,160,0
2025-12-02 02:00:00+00:00,4219.552,4224.628,4214.356,4221.522,16982,160,0
2025-12-02 03:00:00+00:00,4221.557,4226.3,4215.702,4216.927,13180,160,0
2025-12-02 04:00:00+00:00,4216.813,4220.596,4213.586,4218.768,10403,160,0
2025-12-02 05:00:00+00:00,4218.709,4225.441,4215.182,4224.931,12982,160,0
2025-12-02 06:00:00+00:00,4224.963,4226.313,4203.258,4212.745,18980,160,0
2025-12-02 07:00:00+00:00,4212.719,4219.323,4209.598,4213.307,11870,160,0
2025-12-02 08:00:00+00:00,4213.386,4217.177,4207.106,4210.26,13162,160,0
2025-12-02 09:00:00+00:00,4210.295,4213.199,4180.945,4191.802,21838,160,0
2025-12-02 10:00:00+00:00,4191.792,4192.327,4182.241,4185.714,14351,160,0
2025-12-02 11:00:00+00:00,4185.682,4205.861,4184.837,4205.288,11126,160,0
2025-12-02 12:00:00+00:00,4205.254,4209.891,4201.055,4208.678,10495,160,0
2025-12-02 13:00:00+00:00,4208.68,4215.271,4202.002,4212.283,20793,160,0
2025-12-02 14:00:00+00:00,4212.257,4230.859,4212.186,4218.875,36683,160,0
2025-12-02 15:00:00+00:00,4218.822,4219.562,4163.545,4169.426,48210,160,0
2025-12-02 16:00:00+00:00,4169.474,4190.361,4166.912,4184.688,33344,160,0
2025-12-02 17:00:00+00:00,4184.722,4197.053,4184.571,4193.841,18721,160,0
2025-12-02 18:00:00+00:00,4193.809,4196.923,4183.197,4190.816,17314,160,0
2025-12-02 19:00:00+00:00,4190.761,4200.693,4190.761,4196.52,12324,160,0
2025-12-02 20:00:00+00:00,4196.557,4212.421,4194.887,4210.18,12990,160,0
2025-12-02 21:00:00+00:00,4210.117,4211.78,4205.442,4205.868,5621,160,0
2025-12-02 23:00:00+00:00,4207.69,4216.282,4202.762,4212.876,15091,160,0
2025-12-03 00:00:00+00:00,4212.913,4213.019,4204.339,4211.798,14473,160,0
2025-12-03 01:00:00+00:00,4211.837,4221.165,4211.538,4214.424,22054,160,0
2025-12-03 02:00:00+00:00,4214.376,4228.864,4214.131,4226.543,15434,160,0
2025-12-03 03:00:00+00:00,4226.615,4227.597,4220.043,4221.244,10200,160,0
2025-12-03 04:00:00+00:00,4221.182,4225.428,4217.285,4222.392,7479,160,0
2025-12-03 05:00:00+00:00,4222.287,4223.992,4203.227,4207.838,20290,160,0
2025-12-03 06:00:00+00:00,4207.782,4211.889,4204.707,4208.176,17226,160,0
2025-12-03 07:00:00+00:00,4208.216,4210.259,4199.959,4206.45,14899,160,0
2025-12-03 08:00:00+00:00,4206.496,4210.304,4203.699,4206.42,14293,160,0
2025-12-03 09:00:00+00:00,4206.449,4207.538,4196.979,4202.038,12730,160,0
2025-12-03 10:00:00+00:00,4201.996,4204.828,4194.48,4200.539,13274,160,0
2025-12-03 11:00:00+00:00,4200.497,4209.207,4196.981,4208.564,10404,160,0
2025-12-03 12:00:00+00:00,4208.537,4214.33,4205.131,4213.546,11308,160,0
2025-12-03 13:00:00+00:00,4213.578,4238.818,4211.353,4237.157,23192,160,0
2025-12-03 14:00:00+00:00,4237.256,4241.579,4205.166,4212.529,47906,160,0
2025-12-03 15:00:00+00:00,4212.56,4229.466,4206.145,4216.342,28057,160,0
2025-12-03 16:00:00+00:00,4216.307,4224.964,4195.758,4200.811,27526,160,0
2025-12-03 17:00:00+00:00,4200.786,4215.431,4200.24,4210.971,19040,160,0
2025-12-03 18:00:00+00:00,4211.075,4211.566,4195.226,4196.986,20894,160,0
2025-12-03 19:00:00+00:00,4197.017,4209.997,4196.957,4207.872,11579,160,0
2025-12-03 20:00:00+00:00,4207.83,4212.748,4203.599,4206.143,10754,160,0
2025-12-03 21:00:00+00:00,4206.111,4210.125,4202.716,4202.718,7232,160,0
2025-12-03 23:00:00+00:00,4205.117,4209.002,4202.395,4207.165,8005,160,0
2025-12-04 00:00:00+00:00,4207.102,4215.847,4204.346,4211.619,10103,160,0
2025-12-04 01:00:00+00:00,4211.594,4216.842,4205.753,4209.157,19475,160,0
2025-12-04 02:00:00+00:00,4209.105,4209.228,4198.855,4200.51,15521,160,0
2025-12-04 03:00:00+00:00,4200.555,4201.642,4187.215,4195.851,15817,160,0
2025-12-04 04:00:00+00:00,4195.762,4199.107,4192.791,4196.945,8358,160,0
2025-12-04 05:00:00+00:00,4196.896,4199.05,4174.834,4181.075,20656,160,0
2025-12-04 06:00:00+00:00,4181.052,4190.232,4178.49,4190.118,20545,160,0
2025-12-04 07:00:00+00:00,4190.099,4194.956,4186.434,4193.744,13258,160,0
2025-12-04 08:00:00+00:00,4193.713,4196.354,4184.733,4184.77,16382,160,0
2025-12-04 09:00:00+00:00,4184.798,4202.315,4183.694,4199.883,14610,160,0
2025-12-04 10:00:00+00:00,4199.814,4202.687,4196.581,4197.31,10731,160,0
2025-12-04 11:00:00+00:00,4197.285,4206.525,4197.187,4198.58,10176,160,0
2025-12-04 12:00:00+00:00,4198.625,4201.793,4188.716,4190.506,13846,160,0
2025-12-04 13:00:00+00:00,4190.466,4198.351,4185.475,4198.301,22577,160,0
2025-12-04 14:00:00+00:00,4198.271,4213.586,4193.633,4201.428,32644,160,0
2025-12-04 15:00:00+00:00,4201.453,4210.252,4191.293,4207.52,28182,160,0
2025-12-04 16:00:00+00:00,4207.493,4219.46,4206.674,4215.711,19487,160,0
2025-12-04 17:00:00+00:00,4215.741,4217.58,4208.969,4216.473,12753,160,0
2025-12-04 18:00:00+00:00,4216.448,4217.448,4207.394,4208.018,12816,160,0
2025-12-04 19:00:00+00:00,4208.007,4210.186,4199.599,4208.915,14525,160,0
2025-12-04 20:00:00+00:00,4208.908,4210.309,4205.441,4209.893,9174,160,0
2025-12-04 21:00:00+00:00,4209.834,4210.32,4207.896,4208.601,3921,160,0
2025-12-04 23:00:00+00:00,4208.515,4209.754,4203.865,4206.079,7987,160,0
2025-12-05 00:00:00+00:00,4206.077,4210.526,4201.195,4201.691,9104,160,0
2025-12-05 01:00:00+00:00,4201.666,4204.381,4194.824,4203.108,16278,160,0
2025-12-05 02:00:00+00:00,4203.015,4208.341,4196.713,4207.306,12453,160,0
2025-12-05 03:00:00+00:00,4207.33,4210.953,4201.826,4209.557,10531,160,0
2025-12-05 04:00:00+00:00,4209.544,4217.396,4207.844,4216.749,8812,160,0
2025-12-05 05:00:00+00:00,4216.707,4221.361,4214.304,4220.533,11032,160,0
2025-12-05 06:00:00+00:00,4220.436,4229.329,4218.593,4224.483,14912,160,0
2025-12-05 07:00:00+00:00,4224.509,4230.69,4222.519,4224.435,9707,160,0
2025-12-05 08:00:00+00:00,4224.409,4227.088,4220.518,4220.585,9931,160,0
2025-12-05 09:00:00+00:00,4220.547,4225.072,4215.939,4223.296,9739,160,0
2025-12-05 10:00:00+00:00,4223.296,4227.553,4222.51,4222.918,6647,160,0
2025-12-05 11:00:00+00:00,4222.88,4225.671,4219.954,4223.693,6972,160,0
2025-12-05 12:00:00+00:00,4223.718,4229.697,4222.862,4228.696,10085,160,0
2025-12-05 13:00:00+00:00,4228.675,4239.034,4221.524,4234.61,22143,160,0
2025-12-05 14:00:00+00:00,4234.574,4245.679,4228.277,4241.997,25113,160,0
2025-12-05 15:00:00+00:00,4242.239,4259.24,4234.174,4243.48,29997,160,0
2025-12-05 16:00:00+00:00,4243.536,4245.713,4198.651,4214.239,54747,160,0
2025-12-05 17:00:00+00:00,4214.196,4219.945,4206.266,4217.463,21388,160,0
2025-12-05 18:00:00+00:00,4217.434,4219.247,4206.699,4208.833,16812,160,0
2025-12-05 19:00:00+00:00,4208.869,4210.843,4202.286,4207.649,12812,160,0
2025-12-05 20:00:00+00:00,4207.69,4207.844,4199.29,4202.237,23977,160,0
2025-12-05 21:00:00+00:00,4202.279,4202.668,4191.863,4198.522,13409,160,0
2025-12-07 23:00:00+00:00,4202.426,4208.658,4189.873,4201.389,2186,160,0
2025-12-08 00:00:00+00:00,4201.433,4211.652,4199.461,4210.843,9094,160,0
2025-12-08 01:00:00+00:00,4210.919,4211.902,4197.543,4201.123,20051,160,0
2025-12-08 02:00:00+00:00,4201.082,4212.43,4198.535,4208.514,13215,160,0
2025-12-08 03:00:00+00:00,4208.462,4213.39,4206.718,4210.008,8660,160,0
2025-12-08 04:00:00+00:00,4210.029,4213.259,4206.914,4208.501,5526,160,0
2025-12-08 05:00:00+00:00,4208.555,4217.255,4204.603,4217.009,9181,160,0
2025-12-08 06:00:00+00:00,4217.045,4218.963,4212.237,4217.001,9816,160,0
2025-12-08 07:00:00+00:00,4217.044,4217.39,4206.269,4206.864,10011,160,0
2025-12-08 08:00:00+00:00,4206.863,4216.531,4203.134,4209.883,11368,160,0
2025-12-08 09:00:00+00:00,4209.772,4212.723,4204.09,4207.989,9580,160,0
2025-12-08 10:00:00+00:00,4207.958,4210.271,4200.935,4203.561,8576,160,0
2025-12-08 11:00:00+00:00,4203.515,4214.035,4199.693,4208.427,8578,160,0
2025-12-08 12:00:00+00:00,4208.391,4215.519,4208.378,4213.767,8154,160,0
2025-12-08 13:00:00+00:00,4213.81,4214.768,4197.623,4201.653,19656,160,0
2025-12-08 14:00:00+00:00,4201.639,4211.599,4195.474,4196.711,24185,160,0
2025-12-08 15:00:00+00:00,4196.74,4196.89,4176.137,4182.914,28886,160,0
2025-12-08 16:00:00+00:00,4182.891,4197.891,4177.147,4191.592,16925,160,0
2025-12-08 17:00:00+00:00,4191.629,4195.563,4185.559,4194.81,10743,160,0
2025-12-08 18:00:00+00:00,4194.849,4195.64,4184.509,4187.271,10334,160,0
2025-12-08 19:00:00+00:00,4187.291,4188.84,4184.194,4187.057,8539,160,0
2025-12-08 20:00:00+00:00,4187.017,4195.497,4184.927,4191.505,7988,160,0
2025-12-08 21:00:00+00:00,4191.537,4193.188,4188.263,4190.613,3664,160,0
2025-12-08 23:00:00+00:00,4190.08,4195.41,4190.08,4194.735,4529,160,0
2025-12-09 00:00:00+00:00,4194.74,4195.699,4189.934,4190.444,6060,160,0
2025-12-09 01:00:00+00:00,4190.482,4197.358,4188.788,4196.117,12435,160,0
2025-12-09 02:00:00+00:00,4196.037,4197.123,4185.993,4189.854,11192,160,0
2025-12-09 03:00:00+00:00,4189.883,4198.797,4189.883,4194.6,8881,160,0
2025-12-09 04:00:00+00:00,4194.525,4195.638,4184.428,4186.967,7550,160,0
2025-12-09 05:00:00+00:00,4186.966,4187.29,4178.114,4179.793,11724,160,0
2025-12-09 06:00:00+00:00,4179.836,4184.072,4170.097,4181.941,15154,160,0
2025-12-09 07:00:00+00:00,4182.066,4185.794,4175.805,4182.368,12632,160,0
2025-12-09 08:00:00+00:00,4182.344,4191.887,4182.344,4191.625,10979,160,0
2025-12-09 09:00:00+00:00,4191.667,4213.08,4190.784,4202.77,18903,160,0
2025-12-09 10:00:00+00:00,4202.736,4208.351,4201.25,4203.928,11618,160,0
2025-12-09 11:00:00+00:00,4203.965,4206.468,4201.2,4202.976,8290,160,0
2025-12-09 12:00:00+00:00,4203.021,4207.596,4198.521,4204.204,9149,160,0
2025-12-09 13:00:00+00:00,4204.252,4208.403,4195.763,4201.243,21238,160,0
2025-12-09 14:00:00+00:00,4201.31,4210.295,4189.391,4204.982,30039,160,0
2025-12-09 15:00:00+00:00,4204.938,4216.467,4190.099,4212.534,32162,160,0
2025-12-09 16:00:00+00:00,4212.475,4221.525,4210.142,4212.37,26247,160,0
2025-12-09 17:00:00+00:00,4212.378,4216.34,4201.577,4203.092,17830,160,0
2025-12-09 18:00:00+00:00,4202.976,4209.736,4201.215,4208.871,13805,160,0
2025-12-09 19:00:00+00:00,4208.914,4214.45,4207.084,4212.577,11276,160,0
2025-12-09 20:00:00+00:00,4212.54,4216.11,4208.92,4212.123,16669,160,0
2025-12-09 21:00:00+00:00,4212.081,4212.984,4207.231,4208.54,15191,160,0
2025-12-09 23:00:00+00:00,4208.207,4213.091,4207.804,4210.87,5974,160,0
2025-12-10 00:00:00+00:00,4210.804,4212.752,4207.062,4208.463,8129,160,0
2025-12-10 01:00:00+00:00,4208.412,4218.221,4206.925,4213.813,17958,160,0
2025-12-10 02:00:00+00:00,4213.786,4218.778,4211.536,4216.996,11293,160,0
2025-12-10 03:00:00+00:00,4216.962,4217.214,4203.765,4206.3,12017,160,0
2025-12-10 04:00:00+00:00,4206.378,4209.73,4205.518,4207.06,5821,160,0
2025-12-10 05:00:00+00:00,4206.948,4214.386,4201.77,4211.431,10196,160,0
2025-12-10 06:00:00+00:00,4211.426,4211.738,4203.067,4207.338,12485,160,0
2025-12-10 07:00:00+00:00,4207.378,4209.459,4203.229,4203.392,9789,160,0
2025-12-10 08:00:00+00:00,4203.357,4206.566,4197.023,4197.856,12604,160,0
2025-12-10 09:00:00+00:00,4197.821,4200.597,4192.542,4194.396,11677,160,0
2025-12-10 10:00:00+00:00,4194.353,4196.406,4187.729,4193.26,11632,160,0
2025-12-10 11:00:00+00:00,4193.231,4197.762,4192.558,4197.208,7398,160,0
2025-12-10 12:00:00+00:00,4197.254,4202.344,4195.244,4196.506,9062,160,0
2025-12-10 13:00:00+00:00,4196.537,4205.094,4192.922,4200.783,18032,160,0
2025-12-10 14:00:00+00:00,4200.819,4207.115,4191.351,4192.568,23594,160,0
2025-12-10 15:00:00+00:00,4192.603,4201.293,4188.957,4193.62,21859,160,0
2025-12-10 16:00:00+00:00,4193.659,4205.172,4192.797,4204.735,13291,160,0
2025-12-10 17:00:00+00:00,4204.772,4204.844,4196.903,4199.755,10017,160,0
2025-12-10 18:00:00+00:00,4199.767,4200.769,4191.935,4194.418,10593,160,0
2025-12-10 19:00:00+00:00,4194.381,4219.829,4181.683,4216.405,70045,160,0
2025-12-10 20:00:00+00:00,4216.372,4238.679,4210.988,4229.829,43346,160,0
2025-12-10 21:00:00+00:00,4229.801,4232.572,4221.196,4228.57,10222,160,0
2025-12-10 23:00:00+00:00,4230.162,4234.101,4224.02,4232.47,8206,160,0
2025-12-11 00:00:00+00:00,4232.448,4245.145,4231.298,4237.144,13723,160,0
2025-12-11 01:00:00+00:00,4237.144,4247.781,4232.997,4238.251,22261,160,0
2025-12-11 02:00:00+00:00,4238.284,4240.875,4220.392,4222.429,16646,160,0
2025-12-11 03:00:00+00:00,4222.309,4224.941,4209.358,4216.788,18417,160,0
2025-12-11 04:00:00+00:00,4216.738,4218.336,4208.59,4213.579,10459,160,0
2025-12-11 05:00:00+00:00,4213.467,4216.37,4206.155,4207.523,13052,160,0
2025-12-11 06:00:00+00:00,4207.544,4215.447,4204.244,4214.393,12952,160,0
2025-12-11 07:00:00+00:00,4214.358,4218.689,4210.52,4216.079,14463,160,0
2025-12-11 08:00:00+00:00,4216.053,4219.617,4212.819,4216.503,11871,160,0
2025-12-11 09:00:00+00:00,4216.476,4221.81,4210.327,4218.579,11265,160,0
2025-12-11 10:00:00+00:00,4218.526,4225.915,4211.731,4216.953,22977,160,0
2025-12-11 11:00:00+00:00,4216.923,4219.168,4209.669,4211.174,17526,160,0
2025-12-11 12:00:00+00:00,4211.197,4220.527,4208.788,4220.383,20790,160,0
2025-12-11 13:00:00+00:00,4220.434,4223.31,4205.192,4220.995,38383,160,0
2025-12-11 14:00:00+00:00,4221.06,4244.471,4217.856,4230.138,55556,160,0
2025-12-11 15:00:00+00:00,4230.215,4261.54,4226.094,4256.004,57911,160,0
2025-12-11 16:00:00+00:00,4255.933,4279.211,4250.094,4273.498,51702,160,0
2025-12-11 17:00:00+00:00,4273.576,4281.892,4272.104,4278.625,41275,160,0
2025-12-11 18:00:00+00:00,4278.603,4285.946,4266.78,4268.103,32139,160,0
2025-12-11 19:00:00+00:00,4268.133,4277.727,4262.962,4273.616,31404,160,0
2025-12-11 20:00:00+00:00,4273.591,4276.513,4264.227,4276.268,36665,160,0
2025-12-11 21:00:00+00:00,4276.227,4283.664,4272.525,4280.179,22241,160,0
2025-12-11 23:00:00+00:00,4282.929,4283.069,4272.405,4276.523,7392,160,0
2025-12-12 00:00:00+00:00,4276.471,4280.201,4268.787,4269.595,11055,160,0
2025-12-12 01:00:00+00:00,4269.624,4276.116,4264.738,4271.02,22330,160,0
2025-12-12 02:00:00+00:00,4270.986,4276.891,4269.387,4270.501,12374,160,0
2025-12-12 03:00:00+00:00,4270.529,4274.607,4268.71,4270.609,9466,160,0
2025-12-12 04:00:00+00:00,4270.566,4271.135,4266.291,4266.478,6750,160,0
2025-12-12 05:00:00+00:00,4266.497,4280.628,4266.085,4278.978,9851,160,0
2025-12-12 06:00:00+00:00,4279.127,4283.184,4276.629,4282.915,10289,160,0
2025-12-12 07:00:00+00:00,4282.798,4290.557,4281.337,4287.227,9989,160,0
2025-12-12 08:00:00+00:00,4287.105,4309.552,4286.999,4308.122,14669,160,0
2025-12-12 09:00:00+00:00,4308.095,4320.292,4306.805,4318.241,16328,160,0
2025-12-12 10:00:00+00:00,4318.279,4330.941,4314.742,4329.72,16139,160,0
2025-12-12 11:00:00+00:00,4329.768,4339.315,4326.982,4336.449,15971,160,0
2025-12-12 12:00:00+00:00,4336.418,4338.972,4324.754,4325.88,16678,160,0
2025-12-12 13:00:00+00:00,4325.844,4346.138,4321.322,4341.042,26788,160,0
2025-12-12 14:00:00+00:00,4340.998,4353.561,4330.682,4346.965,41124,160,0
2025-12-12 15:00:00+00:00,4346.936,4351.512,4283.082,4290.494,81305,160,0
2025-12-12 16:00:00+00:00,4290.446,4296.714,4256.958,4282.109,79294,160,0
2025-12-12 17:00:00+00:00,4282.134,4298.432,4271.121,4294.23,36366,160,0
2025-12-12 18:00:00+00:00,4294.272,4303.627,4290.461,4294.896,25836,160,0
2025-12-12 19:00:00+00:00,4294.935,4299.771,4289.79,4296.552,18317,160,0
2025-12-12 20:00:00+00:00,4296.527,4302.955,4288.403,4299.239,18864,160,0
2025-12-12 21:00:00+00:00,4299.285,4304.293,4298.179,4300.983,7020,160,0
2025-12-14 23:00:00+00:00,4300.525,4308.446,4299.86,4302.391,9969,160,0
2025-12-15 00:00:00+00:00,4302.443,4308.084,4300.079,4307.563,8805,160,0
2025-12-15 01:00:00+00:00,4307.541,4325.277,4305.783,4322.531,18303,160,0
2025-12-15 02:00:00+00:00,4322.486,4329.209,4320.89,4326.428,12524,160,0
2025-12-15 03:00:00+00:00,4326.397,4329.634,4319.458,4327.075,12125,160,0
2025-12-15 04:00:00+00:00,4327.155,4330.085,4323.092,4326.126,8563,160,0
2025-12-15 05:00:00+00:00,4326.129,4344.329,4324.709,4343.484,12546,160,0
2025-12-15 06:00:00+00:00,4343.453,4347.527,4339.729,4343.75,12408,160,0
2025-12-15 07:00:00+00:00,4343.643,4344.848,4333.62,4339.349,11598,160,0
2025-12-15 08:00:00+00:00,4339.321,4349.063,4338.921,4346.898,9610,160,0
2025-12-15 09:00:00+00:00,4346.851,4350.28,4342.326,4342.59,10150,160,0
2025-12-15 10:00:00+00:00,4342.577,4348.276,4337.745,4339.756,9800,160,0
2025-12-15 11:00:00+00:00,4339.639,4343.662,4335.405,4342.747,7891,160,0
2025-12-15 12:00:00+00:00,4342.821,4348.46,4342.674,4345.67,9084,160,0
2025-12-15 13:00:00+00:00,4345.636,4346.371,4330.824,4332.33,22149,160,0
2025-12-15 14:00:00+00:00,4332.291,4336.702,4317.346,4323.594,38409,160,0
2025-12-15 15:00:00+00:00,4323.555,4327.8,4311.433,4318.307,41012,160,0
2025-12-15 16:00:00+00:00,4318.339,4318.968,4285.18,4297.441,41574,160,0
2025-12-15 17:00:00+00:00,4297.415,4306.632,4290.69,4304.47,20226,160,0
2025-12-15 18:00:00+00:00,4304.436,4313.537,4299.99,4313.077,14416,160,0
2025-12-15 19:00:00+00:00,4313.06,4317.7,4307.865,4314.227,12785,160,0
2025-12-15 20:00:00+00:00,4314.176,4314.429,4299.462,4304.48,15168,160,0
2025-12-15 21:00:00+00:00,4304.45,4305.936,4300.75,4305.498,5318,160,0
2025-12-15 23:00:00+00:00,4307.392,4309.724,4303.319,4304.15,6149,160,0
2025-12-16 00:00:00+00:00,4304.132,4313.212,4302.702,4307.831,13276,160,0
2025-12-16 01:00:00+00:00,4307.862,4317.888,4299.075,4308.853,22736,160,0
2025-12-16 02:00:00+00:00,4308.829,4312.301,4286.46,4289.922,20955,160,0
2025-12-16 03:00:00+00:00,4289.948,4294.483,4280.571,4290.839,21594,160,0
2025-12-16 04:00:00+00:00,4290.867,4292.271,4286.543,4289.085,10150,160,0
2025-12-16 05:00:00+00:00,4289.158,4292.278,4271.617,4284.136,19165,160,0
2025-12-16 06:00:00+00:00,4284.185,4292.143,4282.53,4289.242,12684,160,0
2025-12-16 07:00:00+00:00,4289.207,4289.859,4279.516,4287.643,12288,160,0
2025-12-16 08:00:00+00:00,4287.577,4289.537,4275.426,4284.723,14736,160,0
2025-12-16 09:00:00+00:00,4284.767,4285.884,4276.381,4280.361,9192,160,0
2025-12-16 10:00:00+00:00,4280.39,4284.326,4274.734,4277.355,12029,160,0
2025-12-16 11:00:00+00:00,4277.317,4279.624,4273.752,4278.382,8657,160,0
2025-12-16 12:00:00+00:00,4278.422,4295.08,4276.726,4294.475,12621,160,0
2025-12-16 13:00:00+00:00,4294.503,4313.349,4290.85,4313.02,28502,160,0
2025-12-16 14:00:00+00:00,4312.978,4332.308,4311.405,4324.807,33425,160,0
2025-12-16 15:00:00+00:00,4324.772,4335.137,4312.294,4319.805,35952,160,0
2025-12-16 16:00:00+00:00,4319.758,4323.244,4291.032,4300.577,28850,160,0
2025-12-16 17:00:00+00:00,4300.613,4310.87,4300.095,4303.479,17087,160,0
2025-12-16 18:00:00+00:00,4303.446,4313.562,4298.061,4311.33,18545,160,0
2025-12-16 19:00:00+00:00,4311.337,4315.912,4297.382,4310.697,19460,160,0
2025-12-16 20:00:00+00:00,4310.676,4314.379,4302.817,4304.749,12682,160,0
2025-12-16 21:00:00+00:00,4304.709,4305.583,4300.693,4302.417,4810,160,0
2025-12-16 23:00:00+00:00,4302.935,4309.19,4301.756,4307.86,5885,160,0
2025-12-17 00:00:00+00:00,4307.905,4315.04,4307.367,4313.3,7072,160,0
2025-12-17 01:00:00+00:00,4313.2,4326.877,4311.42,4326.683,22166,160,0
2025-12-17 02:00:00+00:00,4326.736,4327.864,4311.204,4314.266,18158,160,0
2025-12-17 03:00:00+00:00,4314.303,4325.164,4312.664,4323.639,14160,160,0
2025-12-17 04:00:00+00:00,4323.67,4331.619,4320.446,4329.684,10015,160,0
2025-12-17 05:00:00+00:00,4329.645,4342.53,4328.062,4333.959,18310,160,0
2025-12-17 06:00:00+00:00,4333.988,4337.784,4324.854,4328.668,14930,160,0
2025-12-17 07:00:00+00:00,4328.626,4328.657,4315.555,4317.899,14762,160,0
2025-12-17 08:00:00+00:00,4317.798,4320.971,4308.276,4319.17,15043,160,0
2025-12-17 09:00:00+00:00,4319.072,4323.221,4315.977,4317.05,10024,160,0
2025-12-17 10:00:00+00:00,4317.007,4322.261,4306.453,4317.632,10040,160,0
2025-12-17 11:00:00+00:00,4317.666,4320.591,4315.18,4316.409,7756,160,0
2025-12-17 12:00:00+00:00,4316.457,4323.315,4314.921,4317.521,9204,160,0
2025-12-17 13:00:00+00:00,4317.471,4344.042,4315.09,4341.94,21883,160,0
2025-12-17 14:00:00+00:00,4342.005,4346.108,4322.856,4338.22,38481,160,0
2025-12-17 15:00:00+00:00,4338.226,4349.297,4324.096,4330.188,39765,160,0
2025-12-17 16:00:00+00:00,4330.239,4337.559,4320.312,4333.492,35140,160,0
2025-12-17 17:00:00+00:00,4333.541,4342.487,4328.576,4342.446,22646,160,0
2025-12-17 18:00:00+00:00,4342.474,4346.439,4328.925,4335.995,22185,160,0
2025-12-17 19:00:00+00:00,4335.953,4341.089,4330.315,4336.967,14548,160,0
2025-12-17 20:00:00+00:00,4336.935,4346.096,4335.163,4341.266,12240,160,0
2025-12-17 21:00:00+00:00,4341.361,4346.328,4338.27,4338.459,6815,160,0
2025-12-17 23:00:00+00:00,4340.111,4343.179,4335.662,4339.201,5259,160,0
2025-12-18 00:00:00+00:00,4339.15,4342.916,4333.097,4334.804,11334,160,0
2025-12-18 01:00:00+00:00,4334.803,4337.0,4324.174,4331.536,22828,160,0
2025-12-18 02:00:00+00:00,4331.534,4337.741,4329.852,4333.283,13936,160,0
2025-12-18 03:00:00+00:00,4333.236,4336.737,4330.814,4333.104,10507,160,0
2025-12-18 04:00:00+00:00,4333.155,4333.509,4328.576,4331.921,7326,160,0
2025-12-18 05:00:00+00:00,4331.812,4337.527,4331.11,4333.307,12055,160,0
2025-12-18 06:00:00+00:00,4333.254,4336.19,4330.728,4334.007,10593,160,0
2025-12-18 07:00:00+00:00,4333.953,4337.756,4329.997,4331.418,8962,160,0
2025-12-18 08:00:00+00:00,4331.379,4332.592,4321.799,4326.574,11583,160,0
2025-12-18 09:00:00+00:00,4326.58,4328.602,4320.584,4323.365,10323,160,0
2025-12-18 10:00:00+00:00,4323.312,4327.572,4321.962,4325.359,8060,160,0
2025-12-18 11:00:00+00:00,4325.312,4328.611,4324.362,4325.567,6771,160,0
2025-12-18 12:00:00+00:00,4325.572,4326.525,4317.137,4320.947,9876,160,0
2025-12-18 13:00:00+00:00,4320.828,4343.102,4314.545,4336.656,28761,160,0
2025-12-18 14:00:00+00:00,4336.591,4341.469,4308.645,4328.517,44816,160,0
2025-12-18 15:00:00+00:00,4328.563,4341.457,4324.746,4338.221,36459,160,0
2025-12-18 16:00:00+00:00,4338.265,4374.641,4337.782,4360.255,37128,160,0
2025-12-18 17:00:00+00:00,4360.305,4363.517,4321.692,4333.269,53782,160,0
2025-12-18 18:00:00+00:00,4333.308,4341.148,4325.668,4331.66,23655,160,0
2025-12-18 19:00:00+00:00,4331.689,4334.851,4322.728,4324.944,20026,160,0
2025-12-18 20:00:00+00:00,4324.992,4338.134,4324.48,4334.706,17230,160,0
2025-12-18 21:00:00+00:00,4334.656,4334.708,4328.444,4332.274,5845,160,0
2025-12-18 23:00:00+00:00,4335.742,4336.927,4333.458,4335.144,4254,160,0
2025-12-19 00:00:00+00:00,4335.17,4335.812,4325.63,4326.019,7649,160,0
2025-12-19 01:00:00+00:00,4326.058,4328.395,4309.271,4323.266,24822,160,0
2025-12-19 02:00:00+00:00,4323.311,4327.823,4314.273,4316.817,13102,160,0
2025-12-19 03:00:00+00:00,4316.858,4322.543,4312.848,4318.024,12898,160,0
2025-12-19 04:00:00+00:00,4318.031,4323.003,4316.9,4322.789,8122,160,0
2025-12-19 05:00:00+00:00,4322.775,4329.087,4317.595,4325.918,11697,160,0
2025-12-19 06:00:00+00:00,4325.959,4329.525,4321.816,4326.363,13047,160,0
2025-12-19 07:00:00+00:00,4326.458,4329.55,4321.667,4322.756,11002,160,0
2025-12-19 08:00:00+00:00,4322.716,4330.993,4321.069,4326.159,10942,160,0
2025-12-19 09:00:00+00:00,4326.117,4333.59,4324.375,4329.328,9002,160,0
2025-12-19 10:00:00+00:00,4329.303,4331.7,4322.288,4327.744,9661,160,0
2025-12-19 11:00:00+00:00,4327.85,4329.497,4325.081,4327.238,9281,160,0
2025-12-19 12:00:00+00:00,4327.29,4328.982,4320.654,4326.814,11481,160,0
2025-12-19 13:00:00+00:00,4326.851,4335.457,4326.132,4328.501,17867,160,0
2025-12-19 14:00:00+00:00,4328.526,4337.996,4319.73,4332.503,31906,160,0
2025-12-19 15:00:00+00:00,4332.544,4349.079,4332.008,4347.8,28174,160,0
2025-12-19 16:00:00+00:00,4347.746,4354.914,4341.984,4349.825,22830,160,0
2025-12-19 17:00:00+00:00,4349.772,4356.182,4347.119,4353.544,15850,160,0
2025-12-19 18:00:00+00:00,4353.498,4356.559,4343.277,4348.578,16127,160,0
2025-12-19 19:00:00+00:00,4348.53,4350.594,4345.146,4345.356,8369,160,0
2025-12-19 20:00:00+00:00,4345.299,4346.355,4336.816,4339.573,11213,160,0
2025-12-19 21:00:00+00:00,4339.602,4340.126,4336.632,4339.365,4973,160,0
2025-12-21 23:00:00+00:00,4340.939,4356.441,4339.93,4355.369,8029,160,0
2025-12-22 00:00:00+00:00,4355.312,4366.338,4355.312,4364.77,13088,160,0
2025-12-22 01:00:00+00:00,4364.849,4384.947,4361.297,4382.933,24454,160,0
2025-12-22 02:00:00+00:00,4382.903,4388.723,4378.588,4385.972,14011,160,0
2025-12-22 03:00:00+00:00,4386.003,4394.991,4384.225,4392.633,9820,160,0
2025-12-22 04:00:00+00:00,4392.625,4400.88,4391.303,4398.386,8132,160,0
2025-12-22 05:00:00+00:00,4398.335,4409.574,4396.705,4400.128,16638,160,0
2025-12-22 06:00:00+00:00,4400.219,4419.891,4398.827,4419.178,14817,160,0
2025-12-22 07:00:00+00:00,4419.073,4420.347,4410.593,4414.352,11534,160,0
2025-12-22 08:00:00+00:00,4414.28,4415.0,4406.138,4408.333,11669,160,0
2025-12-22 09:00:00+00:00,4408.377,4414.93,4407.998,4411.051,8027,160,0
2025-12-22 10:00:00+00:00,4411.137,4415.95,4406.212,4408.655,8249,160,0
2025-12-22 11:00:00+00:00,4408.694,4411.677,4406.205,4410.299,7283,160,0
2025-12-22 12:00:00+00:00,4410.278,4415.86,4406.197,4415.572,8933,160,0
2025-12-22 13:00:00+00:00,4415.561,4427.531,4412.798,4423.526,20042,160,0
2025-12-22 14:00:00+00:00,4423.583,4429.428,4414.769,4419.251,27379,160,0
2025-12-22 15:00:00+00:00,4419.22,4435.528,4411.872,4431.837,24610,160,0
2025-12-22 16:00:00+00:00,4431.736,4442.273,4428.043,4438.767,19606,160,0
2025-12-22 17:00:00+00:00,4438.708,4442.007,4432.127,4438.47,11885,160,0
2025-12-22 18:00:00+00:00,4438.526,4439.051,4429.51,4435.195,9236,160,0
2025-12-22 19:00:00+00:00,4435.223,4435.975,4428.802,4433.487,7933,160,0
2025-12-22 20:00:00+00:00,4433.449,4439.371,4431.723,4438.471,8268,160,0
2025-12-22 21:00:00+00:00,4438.523,4449.173,4438.523,4443.705,7322,160,0
2025-12-22 23:00:00+00:00,4447.549,4461.751,4446.949,4460.243,9196,160,0
2025-12-23 00:00:00+00:00,4460.236,4470.627,4458.061,4470.532,9118,160,0
2025-12-23 01:00:00+00:00,4470.546,4490.817,4469.732,4486.753,25763,160,0
2025-12-23 02:00:00+00:00,4486.724,4497.785,4481.152,4493.412,14954,160,0
2025-12-23 03:00:00+00:00,4493.437,4496.569,4483.16,4486.863,13578,160,0
2025-12-23 04:00:00+00:00,4486.856,4488.419,4478.738,4482.547,9274,160,0
2025-12-23 05:00:00+00:00,4482.493,4485.575,4474.872,4475.26,13379,160,0
2025-12-23 06:00:00+00:00,4475.293,4481.541,4469.49,4481.453,12718,160,0
2025-12-23 07:00:00+00:00,4481.333,4489.679,4478.294,4486.692,9220,160,0
2025-12-23 08:00:00+00:00,4486.656,4493.267,4484.735,4489.933,9896,160,0
2025-12-23 09:00:00+00:00,4489.811,4491.162,4478.195,4480.43,12165,160,0
2025-12-23 10:00:00+00:00,4480.391,4487.631,4479.548,4484.302,8655,160,0
2025-12-23 11:00:00+00:00,4484.355,4494.137,4483.054,4493.501,8521,160,0
2025-12-23 12:00:00+00:00,4493.464,4493.625,4483.393,4486.571,8929,160,0
2025-12-23 13:00:00+00:00,4486.506,4497.329,4473.158,4479.132,26041,160,0
2025-12-23 14:00:00+00:00,4479.252,4479.821,4441.522,4446.368,49878,160,0
2025-12-23 15:00:00+00:00,4446.308,4459.37,4430.554,4458.511,42905,160,0
2025-12-23 16:00:00+00:00,4458.471,4476.46,4455.893,4474.191,19327,160,0
2025-12-23 17:00:00+00:00,4474.229,4479.817,4469.669,4472.699,18411,160,0
2025-12-23 18:00:00+00:00,4472.706,4485.113,4472.706,4484.408,13832,160,0
2025-12-23 19:00:00+00:00,4484.443,4496.309,4484.125,4490.86,14181,160,0
2025-12-23 20:00:00+00:00,4490.896,4500.056,4489.364,4497.509,10874,160,0
2025-12-23 21:00:00+00:00,4497.611,4498.967,4483.568,4484.991,7826,160,0
2025-12-23 23:00:00+00:00,4487.444,4510.399,4486.745,4503.344,10975,160,0
2025-12-24 00:00:00+00:00,4503.359,4517.99,4500.774,4511.925,14982,160,0
2025-12-24 01:00:00+00:00,4511.969,4525.987,4506.856,4518.76,28031,160,0
2025-12-24 02:00:00+00:00,4518.794,4519.316,4475.073,4477.52,23500,160,0
2025-12-24 03:00:00+00:00,4477.545,4498.513,4468.842,4493.138,25762,160,0
2025-12-24 04:00:00+00:00,4493.18,4501.566,4491.233,4499.299,9225,160,0
2025-12-24 05:00:00+00:00,4499.254,4500.654,4485.268,4488.605,15593,160,0
2025-12-24 06:00:00+00:00,4488.639,4498.186,4485.393,4493.596,13087,160,0
2025-12-24 07:00:00+00:00,4493.626,4495.09,4483.45,4483.925,10248,160,0
2025-12-24 08:00:00+00:00,4483.975,4492.917,4478.126,4482.329,16046,160,0
2025-12-24 09:00:00+00:00,4482.373,4496.033,4481.974,4494.626,11884,160,0
2025-12-24 10:00:00+00:00,4494.646,4499.899,4482.403,4489.433,12377,160,0
2025-12-24 11:00:00+00:00,4489.455,4491.946,4483.082,4491.476,8999,160,0
2025-12-24 12:00:00+00:00,4491.512,4496.05,4489.776,4490.814,9818,160,0
2025-12-24 13:00:00+00:00,4490.845,4493.464,4474.532,4487.742,24890,160,0
2025-12-24 14:00:00+00:00,4487.876,4489.341,4460.347,4464.674,38381,160,0
2025-12-24 15:00:00+00:00,4464.65,4476.498,4448.294,4458.334,39951,160,0
2025-12-24 16:00:00+00:00,4458.382,4478.136,4455.934,4476.776,21663,160,0
2025-12-24 17:00:00+00:00,4476.762,4487.611,4475.336,4480.553,19933,160,0
2025-12-24 18:00:00+00:00,4480.598,4482.371,4477.299,4480.715,4089,160,0
2025-12-25 23:00:00+00:00,4486.193,4500.024,4484.47,4495.245,9584,160,0
2025-12-26 00:00:00+00:00,4495.172,4518.041,4492.413,4517.954,14553,160,0
2025-12-26 01:00:00+00:00,4517.905,4531.26,4497.648,4503.791,39430,160,0
2025-12-26 02:00:00+00:00,4503.745,4509.751,4492.254,4508.847,20947,160,0
2025-12-26 03:00:00+00:00,4508.838,4513.528,4497.624,4501.836,14113,160,0
2025-12-26 04:00:00+00:00,4501.732,4511.774,4500.573,4509.087,9655,160,0
2025-12-26 05:00:00+00:00,4508.997,4514.887,4505.999,4510.102,11372,160,0
2025-12-26 06:00:00+00:00,4510.053,4519.411,4508.147,4511.677,15615,160,0
2025-12-26 07:00:00+00:00,4511.643,4515.709,4507.401,4510.957,9713,160,0
2025-12-26 08:00:00+00:00,4510.994,4519.671,4509.55,4518.63,9164,160,0
2025-12-26 09:00:00+00:00,4518.696,4520.669,4511.85,4512.786,7991,160,0
2025-12-26 10:00:00+00:00,4512.797,4523.841,4511.262,4514.401,11577,160,0
2025-12-26 11:00:00+00:00,4514.389,4515.364,4502.773,4509.647,17862,160,0
2025-12-26 12:00:00+00:00,4509.611,4515.018,4506.608,4508.899,10380,160,0
2025-12-26 13:00:00+00:00,4508.792,4528.394,4503.915,4525.108,23799,160,0
2025-12-26 14:00:00+00:00,4525.083,4533.439,4512.754,4520.997,33897,160,0
2025-12-26 15:00:00+00:00,4521.042,4547.66,4519.608,4546.678,32675,160,0
2025-12-26 16:00:00+00:00,4546.631,4550.219,4531.47,4536.461,30430,160,0
2025-12-26 17:00:00+00:00,4536.494,4537.708,4509.84,4518.955,31908,160,0
2025-12-26 18:00:00+00:00,4518.996,4532.672,4514.709,4530.876,22707,160,0
2025-12-26 19:00:00+00:00,4530.972,4535.621,4520.031,4523.759,15145,160,0
2025-12-26 20:00:00+00:00,4523.786,4535.348,4521.822,4531.115,20730,160,0
2025-12-26 21:00:00+00:00,4531.083,4534.664,4527.374,4532.568,11727,160,0
2025-12-28 23:00:00+00:00,4546.214,4548.5,4523.347,4527.184,25348,160,0
2025-12-29 00:00:00+00:00,4527.21,4528.013,4472.314,4497.406,56844,160,0
2025-12-29 01:00:00+00:00,4497.46,4517.496,4492.212,4497.163,41557,160,0
2025-12-29 02:00:00+00:00,4497.131,4515.794,4496.412,4512.367,19996,160,0
2025-12-29 03:00:00+00:00,4512.321,4520.583,4509.483,4516.325,17359,160,0
2025-12-29 04:00:00+00:00,4516.34,4519.453,4507.57,4515.736,11724,160,0
2025-12-29 05:00:00+00:00,4515.684,4519.304,4505.076,4506.734,15702,160,0
2025-12-29 06:00:00+00:00,4506.767,4510.669,4471.287,4475.204,36944,160,0
2025-12-29 07:00:00+00:00,4475.157,4481.867,4444.935,4474.592,42020,160,0
2025-12-29 08:00:00+00:00,4474.713,4488.661,4452.588,4460.937,31342,160,0
2025-12-29 09:00:00+00:00,4460.977,4476.293,4459.18,4472.176,20114,160,0
2025-12-29 10:00:00+00:00,4472.148,4474.524,4456.99,4460.856,15716,160,0
2025-12-29 11:00:00+00:00,4460.865,4467.635,4434.21,4446.696,22836,160,0
2025-12-29 12:00:00+00:00,4446.71,4464.679,4445.595,4464.197,16821,160,0
2025-12-29 13:00:00+00:00,4464.241,4467.761,4406.938,4421.483,48075,160,0
2025-12-29 14:00:00+00:00,4421.433,4421.433,4356.55,4360.413,74495,160,0
2025-12-29 15:00:00+00:00,4360.356,4360.695,4302.137,4325.328,62747,160,0
2025-12-29 16:00:00+00:00,4325.282,4347.549,4323.439,4341.805,38625,160,0
2025-12-29 17:00:00+00:00,4341.841,4343.111,4314.689,4328.092,31088,160,0
2025-12-29 18:00:00+00:00,4328.06,4335.007,4322.894,4331.515,26431,160,0
2025-12-29 19:00:00+00:00,4331.543,4337.968,4327.709,4336.993,14199,160,0
2025-12-29 20:00:00+00:00,4337.018,4344.679,4325.818,4334.685,17879,160,0
2025-12-29 21:00:00+00:00,4334.596,4339.306,4327.326,4331.546,11271,160,0
2025-12-29 23:00:00+00:00,4339.166,4347.18,4323.334,4345.645,13355,160,0
2025-12-30 00:00:00+00:00,4345.569,4350.881,4334.479,4339.658,15444,160,0
2025-12-30 01:00:00+00:00,4339.619,4360.17,4324.366,4360.153,29999,160,0
2025-12-30 02:00:00+00:00,4360.195,4364.992,4348.887,4362.656,23328,160,0
2025-12-30 03:00:00+00:00,4362.692,4369.288,4356.298,4359.264,15360,160,0
2025-12-30 04:00:00+00:00,4359.285,4369.75,4357.584,4363.481,8140,160,0
2025-12-30 05:00:00+00:00,4363.471,4380.027,4358.911,4377.697,16771,160,0
2025-12-30 06:00:00+00:00,4377.731,4378.494,4359.882,4364.71,22968,160,0
2025-12-30 07:00:00+00:00,4364.672,4383.54,4359.177,4372.569,18377,160,0
2025-12-30 08:00:00+00:00,4372.625,4374.008,4350.137,4364.961,19001,160,0
2025-12-30 09:00:00+00:00,4365.015,4376.425,4364.146,4372.025,13324,160,0
2025-12-30 10:00:00+00:00,4371.98,4391.783,4367.598,4384.93,16110,160,0
2025-12-30 11:00:00+00:00,4384.858,4390.256,4381.208,4384.409,12059,160,0
2025-12-30 12:00:00+00:00,4384.366,4402.825,4383.428,4401.232,16693,160,0
2025-12-30 13:00:00+00:00,4401.266,4404.215,4376.127,4388.289,34598,160,0
2025-12-30 14:00:00+00:00,4388.34,4392.2,4355.758,4366.377,37646,160,0
2025-12-30 15:00:00+00:00,4366.292,4377.606,4359.332,4365.096,36478,160,0
2025-12-30 16:00:00+00:00,4365.132,4379.938,4354.839,4377.719,25485,160,0
2025-12-30 17:00:00+00:00,4377.756,4381.803,4364.318,4370.161,19725,160,0
2025-12-30 18:00:00+00:00,4370.2,4378.78,4362.438,4364.807,17897,160,0
2025-12-30 19:00:00+00:00,4364.87,4368.081,4337.569,4348.624,18723,160,0
2025-12-30 20:00:00+00:00,4348.649,4355.571,4337.901,4341.802,24109,160,0
2025-12-30 21:00:00+00:00,4341.836,4350.284,4334.786,4338.759,10000,160,0
2025-12-30 23:00:00+00:00,4343.52,4346.469,4328.508,4338.922,13900,160,0
2025-12-31 00:00:00+00:00,4338.986,4346.922,4332.501,4342.413,16029,160,0
2025-12-31 01:00:00+00:00,4342.377,4373.418,4336.88,4366.062,26943,160,0
2025-12-31 02:00:00+00:00,4366.123,4371.289,4346.689,4348.691,26566,160,0
2025-12-31 03:00:00+00:00,4348.764,4359.944,4340.845,4348.586,28230,160,0
2025-12-31 04:00:00+00:00,4348.545,4351.368,4330.759,4332.989,16152,160,0
2025-12-31 05:00:00+00:00,4333.049,4343.016,4275.838,4285.812,37061,160,0
2025-12-31 06:00:00+00:00,4285.838,4329.282,4274.379,4328.006,35435,160,0
2025-12-31 07:00:00+00:00,4328.054,4335.193,4323.744,4331.108,18969,160,0
2025-12-31 08:00:00+00:00,4331.079,4333.067,4303.336,4307.21,18321,160,0
2025-12-31 09:00:00+00:00,4307.246,4337.346,4306.968,4325.899,18050,160,0
2025-12-31 10:00:00+00:00,4325.922,4331.492,4303.736,4306.677,18003,160,0
2025-12-31 11:00:00+00:00,4306.625,4316.433,4304.104,4311.005,14192,160,0
2025-12-31 12:00:00+00:00,4310.906,4318.143,4303.096,4313.899,14773,160,0
2025-12-31 13:00:00+00:00,4313.926,4348.442,4308.082,4345.819,23118,160,0
2025-12-31 14:00:00+00:00,4345.85,4353.617,4332.911,4346.005,34128,160,0
2025-12-31 15:00:00+00:00,4346.05,4346.274,4326.981,4337.274,33003,160,0
2025-12-31 16:00:00+00:00,4337.321,4339.737,4317.127,4322.976,24048,160,0
2025-12-31 17:00:00+00:00,4323.006,4329.562,4318.084,4321.796,18443,160,0
2025-12-31 18:00:00+00:00,4321.851,4331.309,4315.462,4319.303,4896,160,0
2025-12-31 19:00:00+00:00,4319.471,4322.655,4307.289,4311.253,4808,768,0
2025-12-31 20:00:00+00:00,4311.052,4324.245,4304.157,4312.854,5165,773,0
2025-12-31 21:00:00+00:00,4313.034,4318.933,4307.171,4318.847,7243,160,0
2026-01-01 23:00:00+00:00,4328.34,4351.513,4327.659,4348.337,8188,160,0
2026-01-02 00:00:00+00:00,4348.358,4356.206,4341.316,4354.191,11406,160,0
2026-01-02 01:00:00+00:00,4354.197,4356.159,4344.606,4348.03,13930,160,0
2026-01-02 02:00:00+00:00,4348.002,4363.176,4344.825,4362.798,12395,160,0
2026-01-02 03:00:00+00:00,4362.763,4375.846,4362.077,4375.173,11891,160,0
2026-01-02 04:00:00+00:00,4375.13,4378.641,4371.328,4373.267,10587,160,0
2026-01-02 05:00:00+00:00,4373.294,4381.75,4370.946,4380.664,9573,160,0
2026-01-02 06:00:00+00:00,4380.656,4381.069,4373.402,4374.795,9769,160,0
2026-01-02 07:00:00+00:00,4374.758,4383.364,4371.949,4382.8,11036,160,0
2026-01-02 08:00:00+00:00,4382.763,4397.619,4380.479,4387.12,11084,160,0
2026-01-02 09:00:00+00:00,4387.083,4391.706,4383.334,4385.609,10391,160,0
2026-01-02 10:00:00+00:00,4385.635,4398.55,4384.555,4396.07,10269,160,0
2026-01-02 11:00:00+00:00,4396.144,4399.384,4390.781,4392.898,8616,160,0
2026-01-02 12:00:00+00:00,4392.866,4398.279,4385.192,4394.411,11629,160,0
2026-01-02 13:00:00+00:00,4394.44,4402.406,4361.753,4365.992,30296,160,0
2026-01-02 14:00:00+00:00,4366.066,4373.682,4348.178,4353.445,40243,160,0
2026-01-02 15:00:00+00:00,4353.425,4356.997,4330.239,4335.47,47211,160,0
2026-01-02 16:00:00+00:00,4335.417,4337.403,4314.828,4326.428,42130,160,0
2026-01-02 17:00:00+00:00,4326.454,4333.47,4322.761,4323.089,22217,160,0
2026-01-02 18:00:00+00:00,4323.015,4323.772,4309.669,4315.06,22340,160,0
2026-01-02 19:00:00+00:00,4315.106,4326.335,4315.106,4318.185,15819,160,0
2026-01-02 20:00:00+00:00,4318.228,4331.565,4317.194,4331.422,13951,160,0
2026-01-02 21:00:00+00:00,4331.457,4333.948,4327.085,4331.759,6497,160,0
2026-01-04 23:00:00+00:00,4353.486,4375.948,4349.802,4372.57,15714,160,0
2026-01-05 00:00:00+00:00,4372.597,4396.775,4370.227,4394.983,21258,160,0
2026-01-05 01:00:00+00:00,4395.009,4421.112,4391.224,4401.876,53114,160,0
2026-01-05 02:00:00+00:00,4401.913,4409.611,4388.651,4405.407,25655,160,0
2026-01-05 03:00:00+00:00,4405.379,4414.082,4399.709,4399.941,15869,160,0
2026-01-05 04:00:00+00:00,4399.909,4408.399,4397.451,4404.219,9543,160,0
2026-01-05 05:00:00+00:00,4404.122,4414.553,4401.27,4412.369,14157,160,0
2026-01-05 06:00:00+00:00,4412.307,4426.559,4411.236,4420.161,20127,160,0
2026-01-05 07:00:00+00:00,4420.279,4425.113,4416.785,4421.826,13710,160,0
2026-01-05 08:00:00+00:00,4421.826,4433.968,4419.381,4430.181,14009,160,0
2026-01-05 09:00:00+00:00,4430.172,4438.187,4425.973,4434.845,12551,160,0
2026-01-05 10:00:00+00:00,4434.877,4440.011,4430.807,4436.25,11033,160,0
2026-01-05 11:00:00+00:00,4436.286,4437.501,4411.073,4419.349,18649,160,0
2026-01-05 12:00:00+00:00,4419.316,4421.533,4405.439,4409.669,16813,160,0
2026-01-05 13:00:00+00:00,4409.7,4418.988,4395.895,4416.777,31960,160,0
2026-01-05 14:00:00+00:00,4416.756,4442.879,4416.756,4436.879,38752,160,0
2026-01-05 15:00:00+00:00,4436.966,4455.685,4435.479,4448.524,34786,160,0
2026-01-05 16:00:00+00:00,4448.559,4454.476,4438.476,4441.949,19417,160,0
2026-01-05 17:00:00+00:00,4441.992,4449.056,4432.261,4443.566,22186,160,0
2026-01-05 18:00:00+00:00,4443.511,4448.613,4439.843,4448.613,13619,160,0
2026-01-05 19:00:00+00:00,4448.64,4449.504,4434.7,4439.845,15266,160,0
2026-01-05 20:00:00+00:00,4439.805,4447.011,4437.968,4445.05,14098,160,0
2026-01-05 21:00:00+00:00,4445.098,4449.325,4443.431,4448.989,6584,160,0
2026-01-05 23:00:00+00:00,4454.841,4460.318,4436.871,4440.334,8919,160,0
2026-01-06 00:00:00+00:00,4440.402,4444.918,4430.373,4436.385,13775,160,0
2026-01-06 01:00:00+00:00,4436.297,4452.327,4427.675,4450.417,27385,160,0
2026-01-06 02:00:00+00:00,4450.529,4461.367,4448.713,4454.98,20537,160,0
2026-01-06 03:00:00+00:00,4455.006,4468.212,4454.11,4467.733,13299,160,0
2026-01-06 04:00:00+00:00,4467.682,4468.551,4461.719,4467.36,8613,160,0
2026-01-06 05:00:00+00:00,4467.251,4474.262,4449.432,4452.445,18012,160,0
2026-01-06 06:00:00+00:00,4452.501,4466.961,4451.601,4465.693,17817,160,0
2026-01-06 07:00:00+00:00,4465.603,4470.462,4457.271,4459.479,12793,160,0
2026-01-06 08:00:00+00:00,4459.429,4476.002,4457.412,4468.331,15687,160,0
2026-01-06 09:00:00+00:00,4468.3,4468.593,4444.803,4446.349,17366,160,0
2026-01-06 10:00:00+00:00,4446.398,4456.041,4442.565,4451.733,11865,160,0
2026-01-06 11:00:00+00:00,4451.754,4464.609,4448.67,4463.377,10014,160,0
2026-01-06 12:00:00+00:00,4463.319,4466.318,4458.762,4463.614,9796,160,0
2026-01-06 13:00:00+00:00,4463.652,4470.587,4453.975,4467.983,24245,160,0
2026-01-06 14:00:00+00:00,4468.012,4489.999,4464.481,4487.466,27518,160,0
2026-01-06 15:00:00+00:00,4487.493,4490.896,4462.898,4478.351,37314,160,0
2026-01-06 16:00:00+00:00,4478.386,4489.024,4471.616,4488.24,21800,160,0
2026-01-06 17:00:00+00:00,4488.295,4491.626,4481.628,4489.462,16047,160,0
2026-01-06 18:00:00+00:00,4489.42,4494.128,4482.257,4488.52,15470,160,0
2026-01-06 19:00:00+00:00,4488.54,4489.407,4477.354,4481.409,15324,160,0
2026-01-06 20:00:00+00:00,4481.378,4496.944,4480.296,4493.817,11769,160,0
2026-01-06 21:00:00+00:00,4493.778,4497.412,4491.74,4494.6,6603,160,0
2026-01-06 23:00:00+00:00,4498.082,4500.541,4492.099,4493.261,7200,160,0
2026-01-07 00:00:00+00:00,4493.308,4494.714,4482.523,4491.903,12810,160,0
2026-01-07 01:00:00+00:00,4491.87,4495.916,4460.993,4465.5,39267,160,0
2026-01-07 02:00:00+00:00,4465.482,4478.816,4459.455,4474.656,20715,160,0
2026-01-07 03:00:00+00:00,4474.67,4480.318,4471.86,4474.683,14023,160,0
2026-01-07 04:00:00+00:00,4474.633,4476.068,4463.467,4464.805,15737,160,0
2026-01-07 05:00:00+00:00,4464.825,4470.287,4443.194,4454.27,24784,160,0
2026-01-07 06:00:00+00:00,4454.233,4460.503,4441.419,4444.228,21368,160,0
2026-01-07 07:00:00+00:00,4444.112,4465.205,4441.526,4461.273,15366,160,0
2026-01-07 08:00:00+00:00,4461.183,4474.841,4459.346,4468.315,13250,160,0
2026-01-07 09:00:00+00:00,4468.205,4468.705,4459.644,4463.388,12054,160,0
2026-01-07 10:00:00+00:00,4463.36,4467.832,4458.607,4464.482,9767,160,0
2026-01-07 11:00:00+00:00,4464.481,4464.947,4446.537,4447.469,13063,160,0
2026-01-07 12:00:00+00:00,4447.513,4455.125,4439.158,4445.1,16834,160,0
2026-01-07 13:00:00+00:00,4445.066,4453.132,4427.817,4452.968,35573,160,0
2026-01-07 14:00:00+00:00,4452.923,4454.334,4435.764,4445.604,38205,160,0
2026-01-07 15:00:00+00:00,4445.549,4452.207,4423.563,4446.078,34308,160,0
2026-01-07 16:00:00+00:00,4446.044,4468.367,4443.91,4464.27,25371,160,0
2026-01-07 17:00:00+00:00,4464.319,4465.416,4449.791,4451.851,15306,160,0
2026-01-07 18:00:00+00:00,4451.908,4458.756,4447.174,4451.993,17199,160,0
2026-01-07 19:00:00+00:00,4452.08,4458.028,4445.362,4456.852,12876,160,0
2026-01-07 20:00:00+00:00,4456.896,4461.7,4450.53,4451.964,15748,160,0
2026-01-07 21:00:00+00:00,4452.0,4456.104,4449.763,4455.734,6316,160,0
2026-01-07 23:00:00+00:00,4459.787,4464.17,4458.515,4463.418,6238,160,0
2026-01-08 00:00:00+00:00,4463.383,4466.48,4446.709,4450.263,13174,160,0
2026-01-08 01:00:00+00:00,4450.259,4460.501,4441.598,4448.506,23850,160,0
2026-01-08 02:00:00+00:00,4448.519,4449.725,4433.406,4441.382,20483,160,0
2026-01-08 03:00:00+00:00,4441.397,4446.491,4437.111,4440.299,14707,160,0
2026-01-08 04:00:00+00:00,4440.323,4440.56,4430.197,4431.553,9574,160,0
2026-01-08 05:00:00+00:00,4431.524,4432.468,4415.538,4425.388,24570,160,0
2026-01-08 06:00:00+00:00,4425.434,4437.606,4415.858,4433.359,24158,160,0
2026-01-08 07:00:00+00:00,4433.395,4439.902,4428.495,4431.056,15125,160,0
2026-01-08 08:00:00+00:00,4430.981,4433.291,4419.832,4431.573,16276,160,0
2026-01-08 09:00:00+00:00,4431.548,4435.504,4425.907,4432.575,12119,160,0
2026-01-08 10:00:00+00:00,4432.59,4434.825,4423.018,4433.276,11261,160,0
2026-01-08 11:00:00+00:00,4433.356,4433.356,4421.981,4422.728,10066,160,0
2026-01-08 12:00:00+00:00,4422.769,4431.351,4407.58,4427.857,19137,160,0
2026-01-08 13:00:00+00:00,4427.786,4436.268,4417.26,4423.741,27460,160,0
2026-01-08 14:00:00+00:00,4423.81,4439.417,4418.915,4432.845,39612,160,0
2026-01-08 15:00:00+00:00,4432.799,4456.541,4427.822,4454.101,37248,160,0
2026-01-08 16:00:00+00:00,4454.15,4464.615,4446.945,4463.165,25107,160,0
2026-01-08 17:00:00+00:00,4463.116,4465.479,4457.509,4463.398,15001,160,0
2026-01-08 18:00:00+00:00,4463.442,4463.442,4447.856,4449.652,16536,160,0
2026-01-08 19:00:00+00:00,4449.642,4452.921,4444.332,4452.141,10914,160,0
2026-01-08 20:00:00+00:00,4452.02,4478.15,4451.417,4476.027,18506,160,0
2026-01-08 21:00:00+00:00,4475.999,4479.735,4472.687,4477.366,8182,160,0
2026-01-08 23:00:00+00:00,4482.004,4484.208,4472.63,4475.597,7515,160,0
2026-01-09 00:00:00+00:00,4475.632,4476.742,4459.959,4462.915,10785,160,0
2026-01-09 01:00:00+00:00,4462.941,4470.03,4452.819,4468.977,24984,160,0
2026-01-09 02:00:00+00:00,4468.941,4476.579,4465.565,4469.395,15627,160,0
2026-01-09 03:00:00+00:00,4469.365,4470.009,4460.393,4464.219,12592,160,0
2026-01-09 04:00:00+00:00,4464.226,4466.835,4460.704,4464.783,7629,160,0
2026-01-09 05:00:00+00:00,4464.788,4471.761,4458.062,4468.157,13309,160,0
2026-01-09 06:00:00+00:00,4468.226,4477.413,4466.039,4474.162,14918,160,0
2026-01-09 07:00:00+00:00,4474.204,4475.545,4468.43,4470.263,9465,160,0
2026-01-09 08:00:00+00:00,4470.267,4476.785,4463.971,4468.492,11927,160,0
2026-01-09 09:00:00+00:00,4468.445,4477.674,4468.296,4471.203,9303,160,0
2026-01-09 10:00:00+00:00,4471.22,4474.272,4467.193,4472.637,7430,160,0
2026-01-09 11:00:00+00:00,4472.67,4476.212,4468.615,4475.43,8077,160,0
2026-01-09 12:00:00+00:00,4475.353,4480.629,4460.898,4465.975,13289,160,0
2026-01-09 13:00:00+00:00,4466.057,4491.969,4458.906,4482.705,38276,160,0
2026-01-09 14:00:00+00:00,4482.745,4498.15,4479.242,4494.539,45904,160,0
2026-01-09 15:00:00+00:00,4494.505,4517.18,4489.997,4512.272,35132,160,0
2026-01-09 16:00:00+00:00,4512.371,4514.336,4499.838,4506.515,23409,160,0
2026-01-09 17:00:00+00:00,4506.553,4511.732,4482.001,4484.546,20952,160,0
2026-01-09 18:00:00+00:00,4484.503,4504.642,4482.907,4496.021,20271,160,0
2026-01-09 19:00:00+00:00,4496.085,4501.909,4492.715,4499.322,11187,160,0
2026-01-09 20:00:00+00:00,4499.294,4510.116,4497.752,4507.629,13809,160,0
2026-01-09 21:00:00+00:00,4507.6,4511.246,4505.038,4509.075,6295,160,0
2026-01-11 23:00:00+00:00,4517.918,4545.041,4517.918,4539.96,13278,160,0
2026-01-12 00:00:00+00:00,4540.016,4601.22,4536.245,4588.948,33526,160,0
2026-01-12 01:00:00+00:00,4588.987,4594.993,4570.14,4570.14,49345,160,0
2026-01-12 02:00:00+00:00,4570.108,4582.217,4561.787,4577.477,27451,160,0
2026-01-12 03:00:00+00:00,4577.425,4581.449,4567.651,4570.658,15955,160,0
2026-01-12 04:00:00+00:00,4570.695,4572.065,4563.506,4568.609,11234,160,0
2026-01-12 05:00:00+00:00,4568.565,4585.146,4565.908,4581.025,17526,160,0
2026-01-12 06:00:00+00:00,4580.979,4580.979,4569.639,4578.421,15378,160,0
2026-01-12 07:00:00+00:00,4578.455,4589.681,4574.698,4587.7,15845,160,0
2026-01-12 08:00:00+00:00,4587.743,4598.383,4579.546,4596.747,16807,160,0
2026-01-12 09:00:00+00:00,4596.863,4599.363,4587.759,4589.117,13451,160,0
2026-01-12 10:00:00+00:00,4589.16,4595.443,4585.964,4594.219,12542,160,0
2026-01-12 11:00:00+00:00,4594.171,4594.888,4581.808,4585.272,11780,160,0
2026-01-12 12:00:00+00:00,4585.261,4590.725,4578.521,4590.556,14168,160,0
2026-01-12 13:00:00+00:00,4590.435,4620.403,4588.667,4615.806,28443,160,0
2026-01-12 14:00:00+00:00,4615.85,4617.363,4584.885,4602.226,53688,160,0
2026-01-12 15:00:00+00:00,4602.193,4627.426,4601.844,4621.268,33540,160,0
2026-01-12 16:00:00+00:00,4621.242,4630.117,4607.848,4616.948,23256,160,0
2026-01-12 17:00:00+00:00,4616.941,4620.685,4610.771,4616.469,18338,160,0
2026-01-12 18:00:00+00:00,4616.477,4618.617,4600.443,4610.738,19702,160,0
2026-01-12 19:00:00+00:00,4610.794,4619.056,4608.644,4611.115,11525,160,0
2026-01-12 20:00:00+00:00,4611.138,4611.735,4591.478,4593.806,19331,160,0
2026-01-12 21:00:00+00:00,4593.84,4597.295,4589.224,4596.711,9454,160,0
2026-01-12 23:00:00+00:00,4600.673,4603.61,4577.949,4599.371,15326,160,0
2026-01-13 00:00:00+00:00,4599.408,4599.755,4584.481,4587.454,11908,160,0
2026-01-13 01:00:00+00:00,4587.452,4595.772,4575.522,4577.984,29688,160,0
2026-01-13 02:00:00+00:00,4577.916,4595.062,4576.721,4594.245,17008,160,0
2026-01-13 03:00:00+00:00,4594.211,4599.717,4592.527,4594.166,11724,160,0
2026-01-13 04:00:00+00:00,4594.122,4599.72,4593.956,4596.517,8232,160,0
2026-01-13 05:00:00+00:00,4596.502,4602.247,4585.601,4592.164,15683,160,0
2026-01-13 06:00:00+00:00,4592.133,4592.361,4573.304,4581.583,18152,160,0
2026-01-13 07:00:00+00:00,4581.612,4587.236,4577.482,4580.548,12073,160,0
2026-01-13 08:00:00+00:00,4580.515,4597.255,4579.536,4592.785,13532,160,0
2026-01-13 09:00:00+00:00,4592.752,4595.771,4585.719,4586.197,10003,160,0
2026-01-13 10:00:00+00:00,4586.164,4588.289,4580.403,4586.3,9118,160,0
2026-01-13 11:00:00+00:00,4586.297,4592.049,4582.051,4588.503,9884,160,0
2026-01-13 12:00:00+00:00,4588.599,4595.166,4577.847,4593.256,10100,160,0
2026-01-13 13:00:00+00:00,4593.217,4621.052,4590.681,4611.531,33225,160,0
2026-01-13 14:00:00+00:00,4611.538,4634.727,4609.05,4629.966,37485,160,0
2026-01-13 15:00:00+00:00,4629.922,4630.307,4600.887,4619.108,40099,160,0
2026-01-13 16:00:00+00:00,4619.001,4620.751,4592.827,4613.306,25042,160,0
2026-01-13 17:00:00+00:00,4613.269,4616.014,4586.705,4590.502,21390,160,0
2026-01-13 18:00:00+00:00,4590.452,4602.052,4581.035,4594.198,27284,160,0
2026-01-13 19:00:00+00:00,4594.239,4599.031,4584.153,4597.503,19160,160,0
2026-01-13 20:00:00+00:00,4597.539,4597.876,4569.234,4586.045,23839,160,0
2026-01-13 21:00:00+00:00,4586.098,4589.945,4582.73,4586.552,8483,160,0
2026-01-13 23:00:00+00:00,4590.721,4598.871,4590.682,4597.136,6985,160,0
2026-01-14 00:00:00+00:00,4597.181,4610.728,4597.14,4609.153,12140,160,0
2026-01-14 01:00:00+00:00,4609.191,4619.966,4606.235,4619.137,22408,160,0
2026-01-14 02:00:00+00:00,4619.135,4623.614,4614.369,4620.633,17049,160,0
2026-01-14 03:00:00+00:00,4620.538,4630.088,4613.475,4628.238,13394,160,0
2026-01-14 04:00:00+00:00,4628.316,4630.562,4625.208,4629.468,9544,160,0
2026-01-14 05:00:00+00:00,4629.495,4639.961,4617.775,4619.88,23794,160,0
2026-01-14 06:00:00+00:00,4619.766,4637.289,4618.538,4637.289,22054,160,0
2026-01-14 07:00:00+00:00,4637.253,4639.604,4631.374,4632.634,12016,160,0
2026-01-14 08:00:00+00:00,4632.533,4637.912,4621.938,4634.917,16924,160,0
2026-01-14 09:00:00+00:00,4634.864,4639.71,4627.079,4630.422,11563,160,0
2026-01-14 10:00:00+00:00,4630.391,4638.166,4627.742,4633.025,10779,160,0
2026-01-14 11:00:00+00:00,4632.95,4637.446,4625.987,4630.316,11538,160,0
2026-01-14 12:00:00+00:00,4630.412,4642.003,4630.152,4638.782,14216,160,0
2026-01-14 13:00:00+00:00,4638.815,4641.783,4624.312,4635.839,30094,160,0
2026-01-14 14:00:00+00:00,4635.872,4638.828,4606.658,4617.582,40549,160,0
2026-01-14 15:00:00+00:00,4617.552,4626.452,4599.321,4617.855,40432,160,0
2026-01-14 16:00:00+00:00,4617.892,4624.844,4608.529,4616.995,26947,160,0
2026-01-14 17:00:00+00:00,4617.041,4619.147,4601.076,4614.239,27673,160,0
2026-01-14 18:00:00+00:00,4614.214,4637.171,4612.745,4635.044,20072,160,0
2026-01-14 19:00:00+00:00,4635.107,4643.189,4633.344,4639.223,18646,160,0
2026-01-14 20:00:00+00:00,4639.219,4641.596,4625.598,4632.498,29403,160,0
2026-01-14 21:00:00+00:00,4632.551,4633.061,4617.904,4626.038,12466,160,0
2026-01-14 23:00:00+00:00,4626.61,4626.949,4602.84,4615.294,15391,160,0
2026-01-15 00:00:00+00:00,4615.266,4618.249,4610.12,4615.28,12575,160,0
2026-01-15 01:00:00+00:00,4615.273,4617.412,4583.557,4600.055,43125,160,0
2026-01-15 02:00:00+00:00,4600.016,4614.714,4595.584,4602.831,24877,160,0
2026-01-15 03:00:00+00:00,4602.87,4604.377,4581.084,4592.282,27844,160,0
2026-01-15 04:00:00+00:00,4592.258,4597.525,4587.018,4592.249,15230,160,0
2026-01-15 05:00:00+00:00,4592.327,4599.006,4580.995,4595.228,20759,160,0
2026-01-15 06:00:00+00:00,4595.257,4612.059,4593.661,4610.261,20282,160,0
2026-01-15 07:00:00+00:00,4610.288,4613.59,4599.191,4601.818,13123,160,0
2026-01-15 08:00:00+00:00,4601.775,4607.15,4597.807,4604.308,14747,160,0
2026-01-15 09:00:00+00:00,4604.305,4613.071,4600.656,4612.63,11415,160,0
2026-01-15 10:00:00+00:00,4612.544,4620.643,4609.349,4619.803,10626,160,0
2026-01-15 11:00:00+00:00,4619.84,4623.032,4615.404,4619.132,10940,160,0
2026-01-15 12:00:00+00:00,4619.184,4620.747,4611.723,4613.952,11493,160,0
2026-01-15 13:00:00+00:00,4613.881,4616.137,4581.967,4588.413,34838,160,0
2026-01-15 14:00:00+00:00,4588.437,4615.181,4583.25,4611.03,40653,160,0
2026-01-15 15:00:00+00:00,4611.005,4618.07,4603.805,4615.473,28754,160,0
2026-01-15 16:00:00+00:00,4615.438,4624.902,4601.189,4605.607,25525,160,0
2026-01-15 17:00:00+00:00,4605.699,4616.995,4605.585,4616.439,14105,160,0
2026-01-15 18:00:00+00:00,4616.497,4621.231,4613.497,4617.591,15867,160,0
2026-01-15 19:00:00+00:00,4617.621,4621.733,4612.638,4615.794,10671,160,0
2026-01-15 20:00:00+00:00,4615.881,4616.368,4600.75,4605.761,18898,160,0
2026-01-15 21:00:00+00:00,4605.719,4616.456,4604.456,4615.67,6788,160,0
2026-01-15 23:00:00+00:00,4618.11,4621.009,4606.389,4610.284,9929,160,0
2026-01-16 00:00:00+00:00,4610.315,4611.358,4598.495,4599.96,12405,160,0
2026-01-16 01:00:00+00:00,4599.921,4608.525,4593.974,4600.513,22447,160,0
2026-01-16 02:00:00+00:00,4600.477,4604.313,4591.237,4594.891,21815,160,0
2026-01-16 03:00:00+00:00,4594.918,4599.682,4592.835,4596.49,10883,160,0
2026-01-16 04:00:00+00:00,4596.353,4602.045,4596.089,4601.087,6244,160,0
2026-01-16 05:00:00+00:00,4601.133,4616.219,4595.299,4611.58,12271,160,0
2026-01-16 06:00:00+00:00,4611.599,4612.336,4593.851,4597.967,18148,160,0
2026-01-16 07:00:00+00:00,4598.052,4612.02,4596.778,4607.546,14793,160,0
2026-01-16 08:00:00+00:00,4607.519,4610.746,4601.344,4603.185,11376,160,0
2026-01-16 09:00:00+00:00,4603.149,4608.518,4598.843,4600.449,8279,160,0
2026-01-16 10:00:00+00:00,4600.493,4611.195,4599.772,4600.216,9223,160,0
2026-01-16 11:00:00+00:00,4600.25,4616.145,4598.594,4612.471,10482,160,0
2026-01-16 12:00:00+00:00,4612.51,4613.028,4597.467,4601.755,12529,160,0
2026-01-16 13:00:00+00:00,4601.792,4605.596,4582.635,4601.89,33659,160,0
2026-01-16 14:00:00+00:00,4601.909,4614.823,4596.178,4607.964,29336,160,0
2026-01-16 15:00:00+00:00,4607.923,4620.517,4536.729,4571.398,75437,160,0
2026-01-16 16:00:00+00:00,4571.351,4598.999,4567.921,4591.494,44118,160,0
2026-01-16 17:00:00+00:00,4591.52,4593.083,4576.85,4581.46,23583,160,0
2026-01-16 18:00:00+00:00,4581.416,4596.058,4580.011,4582.656,20366,160,0
2026-01-16 19:00:00+00:00,4582.63,4592.416,4580.875,4590.572,14951,160,0
2026-01-16 20:00:00+00:00,4590.587,4596.027,4580.874,4581.986,14339,160,0
2026-01-16 21:00:00+00:00,4581.955,4598.544,4581.955,4596.588,11951,160,0
2026-01-18 23:00:00+00:00,4655.358,4690.741,4653.848,4672.573,25614,160,0
2026-01-19 00:00:00+00:00,4672.63,4682.118,4660.973,4675.351,23927,160,0
2026-01-19 01:00:00+00:00,4675.381,4678.351,4656.229,4657.369,37743,160,0
2026-01-19 02:00:00+00:00,4657.324,4665.133,4653.161,4662.463,20407,160,0
2026-01-19 03:00:00+00:00,4662.365,4669.941,4658.228,4658.521,13944,160,0
2026-01-19 04:00:00+00:00,4658.556,4665.971,4658.174,4663.069,8934,160,0
2026-01-19 05:00:00+00:00,4663.058,4674.27,4662.959,4669.968,11697,160,0
2026-01-19 06:00:00+00:00,4669.955,4679.01,4666.767,4677.954,11189,160,0
2026-01-19 07:00:00+00:00,4677.92,4678.583,4661.873,4665.186,13156,160,0
2026-01-19 08:00:00+00:00,4665.14,4673.835,4661.683,4663.672,12851,160,0
2026-01-19 09:00:00+00:00,4663.636,4672.909,4661.902,4668.473,9792,160,0
2026-01-19 10:00:00+00:00,4668.37,4671.257,4661.28,4663.749,8886,160,0
2026-01-19 11:00:00+00:00,4663.803,4667.557,4659.573,4660.705,10160,160,0
2026-01-19 12:00:00+00:00,4660.676,4673.744,4660.054,4671.958,10267,160,0
2026-01-19 13:00:00+00:00,4671.921,4673.687,4664.471,4666.116,12397,160,0
2026-01-19 14:00:00+00:00,4666.109,4670.295,4661.511,4666.594,11400,160,0
2026-01-19 15:00:00+00:00,4666.567,4676.062,4664.323,4674.329,12275,160,0
2026-01-19 16:00:00+00:00,4674.283,4675.622,4670.406,4672.195,7750,160,0
2026-01-19 17:00:00+00:00,4672.259,4678.833,4669.171,4676.236,6678,160,0
2026-01-19 18:00:00+00:00,4676.237,4680.49,4673.834,4676.54,6147,160,0
2026-01-19 19:00:00+00:00,4676.647,4676.797,4667.038,4670.928,4340,160,0
2026-01-19 23:00:00+00:00,4673.44,4673.595,4664.575,4665.406,6595,160,0
2026-01-20 00:00:00+00:00,4665.371,4668.037,4659.471,4660.504,8568,160,0
2026-01-20 01:00:00+00:00,4660.47,4676.11,4659.856,4669.702,16562,160,0
2026-01-20 02:00:00+00:00,4669.667,4674.781,4665.527,4668.758,14005,160,0
2026-01-20 03:00:00+00:00,4668.668,4681.604,4666.128,4680.184,10552,160,0
2026-01-20 04:00:00+00:00,4680.124,4697.067,4679.661,4695.232,11375,160,0
2026-01-20 05:00:00+00:00,4695.273,4716.857,4694.27,4714.569,18836,160,0
2026-01-20 06:00:00+00:00,4714.551,4717.125,4705.402,4712.532,20389,160,0
2026-01-20 07:00:00+00:00,4712.461,4722.775,4711.405,4716.168,14650,160,0
2026-01-20 08:00:00+00:00,4716.195,4731.519,4715.0,4729.23,17585,160,0
2026-01-20 09:00:00+00:00,4729.28,4737.4,4721.184,4732.404,14719,160,0
2026-01-20 10:00:00+00:00,4732.418,4734.978,4723.094,4726.567,12929,160,0
2026-01-20 11:00:00+00:00,4726.562,4735.418,4721.583,4733.029,9643,160,0
2026-01-20 12:00:00+00:00,4732.985,4732.985,4724.127,4727.513,11721,160,0
2026-01-20 13:00:00+00:00,4727.574,4738.492,4715.265,4737.092,33164,160,0
2026-01-20 14:00:00+00:00,4737.15,4751.164,4728.629,4741.217,53845,160,0
2026-01-20 15:00:00+00:00,4741.175,4748.566,4722.394,4737.567,47803,160,0
2026-01-20 16:00:00+00:00,4737.525,4757.868,4729.022,4753.631,25880,160,0
2026-01-20 17:00:00+00:00,4753.663,4762.444,4746.094,4759.191,19056,160,0
2026-01-20 18:00:00+00:00,4759.298,4766.367,4752.905,4759.359,16586,160,0
2026-01-20 19:00:00+00:00,4759.37,4766.286,4756.434,4760.696,12696,160,0
2026-01-20 20:00:00+00:00,4760.699,4761.108,4747.418,4756.644,17151,160,0
2026-01-20 21:00:00+00:00,4756.666,4763.976,4756.275,4763.376,31079,160,0
2026-01-20 23:00:00+00:00,4762.604,4781.129,4757.789,4775.878,9706,160,0
2026-01-21 00:00:00+00:00,4775.829,4787.732,4770.736,4784.7,12072,160,0
2026-01-21 01:00:00+00:00,4784.65,4844.399,4783.452,4835.302,39188,160,0
2026-01-21 02:00:00+00:00,4835.341,4842.231,4817.18,4836.69,26843,160,0
2026-01-21 03:00:00+00:00,4836.633,4849.968,4827.094,4845.003,21852,160,0
2026-01-21 04:00:00+00:00,4845.003,4870.999,4837.906,4865.859,16458,160,0
2026-01-21 05:00:00+00:00,4865.931,4878.241,4858.853,4869.91,21721,160,0
2026-01-21 06:00:00+00:00,4869.939,4888.466,4845.506,4847.64,31924,160,0
2026-01-21 07:00:00+00:00,4847.583,4857.196,4832.476,4855.173,28672,160,0
2026-01-21 08:00:00+00:00,4855.142,4869.67,4851.529,4854.677,18530,160,0
2026-01-21 09:00:00+00:00,4854.713,4877.074,4852.314,4860.292,17029,160,0
2026-01-21 10:00:00+00:00,4860.243,4866.713,4859.433,4862.14,13158,160,0
2026-01-21 11:00:00+00:00,4862.22,4871.55,4855.211,4866.812,12224,160,0
2026-01-21 12:00:00+00:00,4866.845,4870.909,4855.803,4865.009,15115,160,0
2026-01-21 13:00:00+00:00,4865.061,4880.344,4858.433,4879.398,27015,160,0
2026-01-21 14:00:00+00:00,4879.338,4880.998,4839.275,4852.15,68763,160,0
2026-01-21 15:00:00+00:00,4851.99,4868.706,4812.704,4847.815,62498,160,0
2026-01-21 16:00:00+00:00,4847.861,4855.782,4819.583,4833.336,43948,160,0
2026-01-21 17:00:00+00:00,4833.39,4834.312,4802.543,4826.18,43958,160,0
2026-01-21 18:00:00+00:00,4826.147,4850.711,4819.815,4850.147,28582,160,0
2026-01-21 19:00:00+00:00,4850.041,4854.103,4755.898,4781.264,89197,160,0
2026-01-21 20:00:00+00:00,4781.216,4827.862,4772.382,4826.644,56264,160,0
2026-01-21 21:00:00+00:00,4826.582,4839.807,4813.302,4828.746,17309,160,0
2026-01-21 23:00:00+00:00,4831.025,4831.112,4777.606,4778.37,17861,160,0
2026-01-22 00:00:00+00:00,4778.245,4798.831,4778.111,4798.16,22663,160,0
2026-01-22 01:00:00+00:00,4798.089,4809.624,4772.238,4797.873,35642,160,0
2026-01-22 02:00:00+00:00,4797.791,4798.333,4774.904,4789.051,24209,160,0
2026-01-22 03:00:00+00:00,4789.015,4796.993,4784.157,4796.604,14310,160,0
2026-01-22 04:00:00+00:00,4796.582,4800.519,4793.855,4797.355,11575,160,0
2026-01-22 05:00:00+00:00,4797.386,4821.601,4793.688,4821.283,14954,160,0
2026-01-22 06:00:00+00:00,4821.356,4829.241,4816.425,4826.534,15888,160,0
2026-01-22 07:00:00+00:00,4826.574,4838.815,4825.637,4832.684,13940,160,0
2026-01-22 08:00:00+00:00,4832.659,4835.648,4822.404,4830.737,14004,160,0
2026-01-22 09:00:00+00:00,4830.649,4838.044,4813.895,4823.101,16147,160,0
2026-01-22 10:00:00+00:00,4823.059,4831.851,4819.211,4829.026,11441,160,0
2026-01-22 11:00:00+00:00,4829.046,4836.466,4824.504,4831.11,10535,160,0
2026-01-22 12:00:00+00:00,4831.061,4832.56,4818.87,4819.839,12641,160,0
2026-01-22 13:00:00+00:00,4819.903,4835.319,4810.693,4822.181,26792,160,0
2026-01-22 14:00:00+00:00,4822.115,4847.814,4820.381,4835.179,34146,160,0
2026-01-22 15:00:00+00:00,4835.156,4873.686,4827.006,4871.704,35525,160,0
2026-01-22 16:00:00+00:00,4871.792,4885.521,4868.085,4878.08,26112,160,0
2026-01-22 17:00:00+00:00,4878.019,4906.342,4869.7,4904.591,32646,160,0
2026-01-22 18:00:00+00:00,4904.48,4919.38,4901.301,4915.979,24734,160,0
2026-01-22 19:00:00+00:00,4915.937,4924.477,4905.936,4911.663,17271,160,0
2026-01-22 20:00:00+00:00,4911.7,4928.411,4911.361,4916.994,17328,160,0
2026-01-22 21:00:00+00:00,4916.946,4940.818,4914.545,4936.22,11558,160,0
2026-01-22 23:00:00+00:00,4944.346,4960.586,4930.713,4958.972,17588,160,0
2026-01-23 00:00:00+00:00,4959.011,4965.781,4947.59,4965.051,16510,160,0
2026-01-23 01:00:00+00:00,4965.085,4967.549,4936.338,4953.624,36923,160,0
2026-01-23 02:00:00+00:00,4953.581,4962.234,4946.884,4955.589,14966,160,0
2026-01-23 03:00:00+00:00,4955.632,4959.015,4938.225,4952.007,17389,160,0
2026-01-23 04:00:00+00:00,4951.971,4958.36,4950.156,4956.283,7733,160,0
2026-01-23 05:00:00+00:00,4956.259,4967.334,4954.435,4960.654,9542,160,0
2026-01-23 06:00:00+00:00,4960.596,4962.981,4945.455,4953.708,18610,160,0
2026-01-23 07:00:00+00:00,4953.733,4959.602,4943.365,4944.413,15656,160,0
2026-01-23 08:00:00+00:00,4944.349,4947.539,4901.296,4913.776,30614,160,0
2026-01-23 09:00:00+00:00,4913.82,4921.732,4899.545,4918.577,24203,160,0
2026-01-23 10:00:00+00:00,4918.538,4932.351,4915.686,4929.871,14791,160,0
2026-01-23 11:00:00+00:00,4929.821,4929.978,4911.967,4922.89,15141,160,0
2026-01-23 12:00:00+00:00,4922.999,4942.56,4918.292,4939.264,15949,160,0
2026-01-23 13:00:00+00:00,4939.239,4947.968,4923.818,4938.919,38412,160,0
2026-01-23 14:00:00+00:00,4938.961,4956.56,4932.828,4943.153,31854,160,0
2026-01-23 15:00:00+00:00,4943.231,4963.342,4938.506,4960.584,32030,160,0
2026-01-23 16:00:00+00:00,4960.611,4988.334,4959.077,4980.297,28677,160,0
2026-01-23 17:00:00+00:00,4980.335,4988.104,4962.088,4965.998,24758,160,0
2026-01-23 18:00:00+00:00,4966.032,4984.119,4958.26,4966.792,26868,160,0
2026-01-23 19:00:00+00:00,4966.818,4989.804,4966.818,4984.297,16059,160,0
2026-01-23 20:00:00+00:00,4984.265,4985.729,4970.597,4981.517,21896,160,0
2026-01-23 21:00:00+00:00,4981.478,4989.05,4978.031,4988.337,9069,160,0
2026-01-25 23:00:00+00:00,5019.847,5040.296,5003.575,5039.789,30690,160,0
2026-01-26 00:00:00+00:00,5039.821,5052.099,5030.511,5041.83,25137,160,0
2026-01-26 01:00:00+00:00,5041.689,5085.699,5029.102,5071.195,47100,160,0
2026-01-26 02:00:00+00:00,5071.221,5093.104,5067.022,5081.12,35317,160,0
2026-01-26 03:00:00+00:00,5081.06,5087.949,5070.008,5076.541,27568,160,0
2026-01-26 04:00:00+00:00,5076.571,5078.002,5058.121,5070.445,18257,160,0
2026-01-26 05:00:00+00:00,5070.362,5076.439,5052.349,5074.295,33572,160,0
2026-01-26 06:00:00+00:00,5074.343,5111.173,5065.319,5077.886,38161,160,0
2026-01-26 07:00:00+00:00,5077.807,5095.701,5074.063,5089.275,21307,160,0
2026-01-26 08:00:00+00:00,5089.234,5098.284,5080.022,5083.346,20485,160,0
2026-01-26 09:00:00+00:00,5083.349,5098.657,5075.426,5084.082,21572,160,0
2026-01-26 10:00:00+00:00,5084.113,5095.064,5078.634,5091.639,16819,160,0
2026-01-26 11:00:00+00:00,5091.612,5092.779,5078.58,5091.438,13896,160,0
2026-01-26 12:00:00+00:00,5091.406,5096.982,5077.196,5078.886,20725,160,0
2026-01-26 13:00:00+00:00,5078.846,5083.311,5054.528,5068.552,36304,160,0
2026-01-26 14:00:00+00:00,5068.594,5096.945,5058.296,5096.269,43882,160,0
2026-01-26 15:00:00+00:00,5096.318,5097.382,5073.834,5090.917,44492,160,0
2026-01-26 16:00:00+00:00,5090.891,5104.997,5065.288,5089.514,51226,160,0
2026-01-26 17:00:00+00:00,5089.562,5105.21,5080.709,5100.867,32943,160,0
2026-01-26 18:00:00+00:00,5100.974,5103.276,5057.803,5068.873,63535,160,0
2026-01-26 19:00:00+00:00,5068.98,5069.748,5008.256,5028.697,101970,160,0
2026-01-26 20:00:00+00:00,5028.749,5062.294,5026.159,5055.121,61368,160,0
2026-01-26 21:00:00+00:00,5055.149,5059.318,4989.632,5009.206,53161,160,0
2026-01-26 23:00:00+00:00,5029.858,5061.509,5018.89,5043.629,20080,160,0
2026-01-27 00:00:00+00:00,5043.588,5053.994,5013.485,5032.697,26680,160,0
2026-01-27 01:00:00+00:00,5032.725,5075.919,5018.781,5060.472,55075,160,0
2026-01-27 02:00:00+00:00,5060.437,5079.843,5049.591,5072.436,27064,160,0
2026-01-27 03:00:00+00:00,5072.477,5079.121,5060.246,5076.871,22032,160,0
2026-01-27 04:00:00+00:00,5076.819,5078.61,5061.513,5067.967,16981,160,0
2026-01-27 05:00:00+00:00,5067.981,5085.261,5057.398,5083.013,22054,160,0
2026-01-27 06:00:00+00:00,5082.906,5094.062,5076.62,5085.896,22040,160,0
2026-01-27 07:00:00+00:00,5085.868,5100.962,5081.596,5086.128,28356,160,0
2026-01-27 08:00:00+00:00,5086.063,5088.378,5073.319,5079.354,22698,160,0
2026-01-27 09:00:00+00:00,5079.4,5099.601,5077.963,5098.723,19011,160,0
2026-01-27 10:00:00+00:00,5098.693,5098.693,5081.89,5086.163,17695,160,0
2026-01-27 11:00:00+00:00,5086.201,5090.907,5066.892,5076.758,17298,160,0
2026-01-27 12:00:00+00:00,5076.702,5091.21,5073.605,5085.037,22381,160,0
2026-01-27 13:00:00+00:00,5084.986,5092.971,5069.493,5077.466,38635,160,0
2026-01-27 14:00:00+00:00,5077.488,5082.399,5046.465,5054.261,77565,160,0
2026-01-27 15:00:00+00:00,5054.226,5091.517,5047.483,5091.119,61787,160,0
2026-01-27 16:00:00+00:00,5091.011,5103.151,5083.378,5087.504,39460,160,0
2026-01-27 17:00:00+00:00,5087.454,5094.217,5076.677,5081.34,40782,160,0
2026-01-27 18:00:00+00:00,5081.31,5095.467,5076.203,5088.052,33082,160,0
2026-01-27 19:00:00+00:00,5088.006,5099.999,5081.171,5098.926,17172,160,0
2026-01-27 20:00:00+00:00,5098.952,5182.538,5097.894,5176.496,90811,160,0
2026-01-27 21:00:00+00:00,5176.578,5190.49,5169.441,5180.515,34125,160,0
2026-01-27 23:00:00+00:00,5177.132,5177.256,5159.074,5172.433,16324,160,0
2026-01-28 00:00:00+00:00,5172.389,5180.07,5157.059,5171.933,22265,160,0
2026-01-28 01:00:00+00:00,5171.877,5225.239,5168.802,5204.765,62049,160,0
2026-01-28 02:00:00+00:00,5204.737,5234.468,5201.579,5231.921,40169,160,0
2026-01-28 03:00:00+00:00,5231.804,5247.709,5224.532,5234.977,32156,160,0
2026-01-28 04:00:00+00:00,5234.951,5248.97,5232.359,5245.639,16880,160,0
2026-01-28 05:00:00+00:00,5245.655,5266.46,5241.628,5261.144,28023,160,0
2026-01-28 06:00:00+00:00,5261.187,5271.416,5252.097,5269.864,26241,160,0
2026-01-28 07:00:00+00:00,5269.896,5292.871,5263.0,5290.397,26502,160,0
2026-01-28 08:00:00+00:00,5290.355,5311.57,5280.758,5293.649,38437,160,0
2026-01-28 09:00:00+00:00,5293.67,5297.426,5262.838,5277.991,29982,160,0
2026-01-28 10:00:00+00:00,5278.039,5285.636,5269.345,5269.962,21813,160,0
2026-01-28 11:00:00+00:00,5269.973,5270.792,5238.593,5261.638,32837,160,0
2026-01-28 12:00:00+00:00,5261.7,5279.236,5251.651,5279.229,29998,160,0
2026-01-28 13:00:00+00:00,5279.181,5289.524,5257.077,5266.626,44856,160,0
2026-01-28 14:00:00+00:00,5266.654,5288.645,5248.426,5286.118,61360,160,0
2026-01-28 15:00:00+00:00,5286.172,5298.177,5235.301,5278.235,110311,160,0
2026-01-28 16:00:00+00:00,5278.276,5300.199,5274.487,5299.753,52352,160,0
2026-01-28 17:00:00+00:00,5299.79,5307.037,5283.043,5298.136,40530,160,0
2026-01-28 18:00:00+00:00,5298.233,5326.162,5268.44,5283.597,67906,160,0
2026-01-28 19:00:00+00:00,5283.487,5332.252,5269.346,5325.408,79394,160,0
2026-01-28 20:00:00+00:00,5325.304,5391.539,5320.898,5376.793,84077,160,0
2026-01-28 21:00:00+00:00,5376.828,5417.587,5376.828,5417.508,39570,160,0
2026-01-28 23:00:00+00:00,5448.139,5570.018,5432.519,5513.022,63868,160,0
2026-01-29 00:00:00+00:00,5512.989,5527.272,5450.333,5520.301,60731,160,0
2026-01-29 01:00:00+00:00,5520.343,5551.669,5445.471,5545.787,100476,160,0
2026-01-29 02:00:00+00:00,5545.74,5550.123,5504.563,5535.797,64893,160,0
2026-01-29 03:00:00+00:00,5535.846,5548.883,5508.482,5545.769,51702,160,0
2026-01-29 04:00:00+00:00,5545.731,5564.557,5533.588,5558.391,35454,160,0
2026-01-29 05:00:00+00:00,5558.328,5564.51,5516.135,5562.619,50396,160,0
2026-01-29 06:00:00+00:00,5562.647,5595.324,5554.747,5561.648,53640,160,0
2026-01-29 07:00:00+00:00,5561.609,5575.005,5536.963,5548.984,52703,160,0
2026-01-29 08:00:00+00:00,5548.949,5554.995,5474.008,5509.804,69935,160,0
2026-01-29 09:00:00+00:00,5509.76,5529.684,5498.018,5514.147,39942,160,0
2026-01-29 10:00:00+00:00,5514.115,5525.215,5482.215,5483.343,32303,160,0
2026-01-29 11:00:00+00:00,5483.39,5528.872,5470.702,5522.656,25895,160,0
2026-01-29 12:00:00+00:00,5522.629,5542.958,5518.484,5534.166,23518,160,0
2026-01-29 13:00:00+00:00,5534.284,5540.864,5500.261,5510.376,33688,160,0
2026-01-29 14:00:00+00:00,5510.403,5549.516,5491.126,5497.717,62263,160,0
2026-01-29 15:00:00+00:00,5497.256,5497.256,5094.978,5182.833,141009,160,0
2026-01-29 16:00:00+00:00,5182.783,5311.274,5171.927,5264.023,91849,160,0
2026-01-29 17:00:00+00:00,5264.077,5375.47,5264.077,5335.284,70812,160,0
2026-01-29 18:00:00+00:00,5335.335,5362.112,5307.915,5339.037,56606,160,0
2026-01-29 19:00:00+00:00,5339.098,5345.257,5290.22,5305.838,55243,160,0
2026-01-29 20:00:00+00:00,5305.702,5407.072,5282.814,5394.512,42471,160,0
2026-01-29 21:00:00+00:00,5394.432,5426.018,5374.608,5377.505,29932,160,0
2026-01-29 23:00:00+00:00,5400.815,5448.655,5388.252,5438.589,40283,160,0
2026-01-30 00:00:00+00:00,5438.551,5450.917,5389.899,5406.962,56281,160,0
2026-01-30 01:00:00+00:00,5407.098,5409.744,5291.364,5301.712,130937,160,0
2026-01-30 02:00:00+00:00,5301.612,5312.809,5112.046,5224.763,236633,160,0
2026-01-30 03:00:00+00:00,5224.736,5229.907,5150.709,5196.572,112282,160,0
2026-01-30 04:00:00+00:00,5196.523,5230.854,5193.79,5214.833,60929,160,0
2026-01-30 05:00:00+00:00,5214.689,5241.633,5180.103,5184.934,61081,160,0
2026-01-30 06:00:00+00:00,5184.829,5205.32,5145.544,5155.947,83971,160,0
2026-01-30 07:00:00+00:00,5155.884,5186.671,5117.625,5181.14,88872,160,0
2026-01-30 08:00:00+00:00,5181.197,5181.197,5055.99,5117.27,112325,160,0
2026-01-30 09:00:00+00:00,5117.261,5132.854,4940.267,5013.698,201324,160,0
2026-01-30 10:00:00+00:00,5013.618,5122.632,5001.002,5119.731,108142,160,0
2026-01-30 11:00:00+00:00,5119.702,5144.841,5089.722,5136.072,74763,160,0
2026-01-30 12:00:00+00:00,5136.076,5145.942,5055.443,5064.718,97224,160,0
2026-01-30 13:00:00+00:00,5064.645,5099.942,4991.925,5019.419,133898,160,0
2026-01-30 14:00:00+00:00,5019.451,5113.531,5014.364,5033.129,138784,160,0
2026-01-30 15:00:00+00:00,5033.159,5074.023,4980.398,5050.424,95343,160,0
2026-01-30 16:00:00+00:00,5050.472,5051.665,4942.048,4985.359,88147,160,0
2026-01-30 17:00:00+00:00,4985.286,4986.077,4801.114,4850.024,104677,160,0
2026-01-30 18:00:00+00:00,4849.936,4894.437,4682.526,4880.534,149867,160,0
2026-01-30 19:00:00+00:00,4880.57,4947.843,4840.093,4932.661,79314,160,0
2026-01-30 20:00:00+00:00,4932.701,4932.995,4809.015,4847.953,69621,160,0
2026-01-30 21:00:00+00:00,4847.569,4892.929,4831.727,4891.496,31758,160,0
2026-02-01 23:00:00+00:00,4793.519,4819.788,4697.912,4741.422,41037,160,0
2026-02-02 00:00:00+00:00,4741.538,4884.887,4740.185,4766.926,73299,160,0
2026-02-02 01:00:00+00:00,4766.854,4784.84,4585.336,4737.051,105175,160,0
2026-02-02 02:00:00+00:00,4736.934,4773.092,4698.051,4711.081,69703,160,0
2026-02-02 03:00:00+00:00,4711.022,4729.494,4630.285,4646.595,72544,160,0
2026-02-02 04:00:00+00:00,4646.505,4713.526,4603.508,4679.776,60684,160,0
2026-02-02 05:00:00+00:00,4679.705,4696.844,4498.097,4549.418,79695,160,0
2026-02-02 06:00:00+00:00,4549.471,4573.619,4402.065,4503.946,104763,160,0
2026-02-02 07:00:00+00:00,4504.377,4619.114,4484.765,4587.12,68102,160,0
2026-02-02 08:00:00+00:00,4587.054,4651.402,4561.465,4640.826,55377,160,0
2026-02-02 09:00:00+00:00,4640.737,4731.393,4603.467,4719.567,63883,160,0
2026-02-02 10:00:00+00:00,4719.534,4733.958,4657.274,4705.788,49617,160,0
2026-02-02 11:00:00+00:00,4705.763,4779.711,4703.605,4766.028,44604,160,0
2026-02-02 12:00:00+00:00,4765.857,4812.462,4743.117,4794.221,44262,160,0
2026-02-02 13:00:00+00:00,4794.157,4803.882,4669.435,4706.181,86870,160,0
2026-02-02 14:00:00+00:00,4706.269,4794.395,4680.093,4719.174,82913,160,0
2026-02-02 15:00:00+00:00,4719.54,4745.535,4617.128,4619.977,94520,160,0
2026-02-02 16:00:00+00:00,4620.053,4708.778,4596.499,4665.75,67078,160,0
2026-02-02 17:00:00+00:00,4665.906,4714.137,4656.421,4674.072,41731,160,0
2026-02-02 18:00:00+00:00,4674.143,4674.314,4618.276,4657.963,47655,160,0
2026-02-02 19:00:00+00:00,4657.93,4712.94,4631.413,4685.389,33420,160,0
2026-02-02 20:00:00+00:00,4685.485,4700.636,4647.337,4652.306,42366,160,0
2026-02-02 21:00:00+00:00,4652.401,4687.352,4643.759,4658.154,22401,160,0
2026-02-02 23:00:00+00:00,4685.104,4775.102,4681.962,4774.148,21402,240,0
2026-02-03 00:00:00+00:00,4774.235,4831.097,4766.243,4780.427,34881,160,0
2026-02-03 01:00:00+00:00,4780.29,4856.919,4766.46,4841.551,59838,160,0
2026-02-03 02:00:00+00:00,4841.616,4842.152,4745.492,4783.209,55690,160,0
2026-02-03 03:00:00+00:00,4783.136,4813.398,4751.924,4809.16,38113,160,0
2026-02-03 04:00:00+00:00,4809.275,4825.477,4800.641,4809.128,23067,160,0
2026-02-03 05:00:00+00:00,4809.228,4842.02,4809.131,4825.097,25745,160,0
2026-02-03 06:00:00+00:00,4825.18,4894.325,4816.573,4881.163,37911,160,0
2026-02-03 07:00:00+00:00,4881.243,4933.737,4871.842,4917.091,24134,160,0
2026-02-03 08:00:00+00:00,4917.171,4949.853,4898.587,4912.498,23981,160,0
2026-02-03 09:00:00+00:00,4912.459,4926.136,4884.617,4916.119,22655,160,0
2026-02-03 10:00:00+00:00,4916.09,4929.864,4901.896,4902.434,15333,160,0
2026-02-03 11:00:00+00:00,4902.506,4919.318,4883.513,4916.915,17805,160,0
2026-02-03 12:00:00+00:00,4916.793,4936.13,4892.211,4913.763,21400,160,0
2026-02-03 13:00:00+00:00,4913.841,4950.959,4902.328,4932.652,36844,160,0
2026-02-03 14:00:00+00:00,4932.866,4936.395,4893.569,4917.282,45628,160,0
2026-02-03 15:00:00+00:00,4916.908,4948.309,4904.665,4935.431,40869,160,0
2026-02-03 16:00:00+00:00,4935.346,4993.644,4929.95,4955.65,35203,160,0
2026-02-03 17:00:00+00:00,4955.536,4969.69,4907.347,4929.189,52750,160,0
2026-02-03 18:00:00+00:00,4929.116,4954.089,4884.973,4908.462,44965,160,0
2026-02-03 19:00:00+00:00,4908.54,4948.958,4880.34,4927.265,36507,160,0
2026-02-03 20:00:00+00:00,4927.176,4956.846,4902.293,4944.594,26751,160,0
2026-02-03 21:00:00+00:00,4944.555,4964.278,4933.586,4946.436,11052,160,0
2026-02-03 23:00:00+00:00,4958.639,4972.098,4909.57,4947.171,16399,160,0
2026-02-04 00:00:00+00:00,4947.389,5016.197,4945.691,5015.604,28549,240,0
2026-02-04 01:00:00+00:00,5015.609,5053.383,4984.947,5046.408,38931,240,0
2026-02-04 02:00:00+00:00,5046.724,5065.48,5035.601,5040.484,19510,240,0
2026-02-04 03:00:00+00:00,5040.372,5073.532,5036.306,5069.922,16343,240,0
2026-02-04 04:00:00+00:00,5070.008,5081.271,5056.19,5080.471,8935,240,0
2026-02-04 05:00:00+00:00,5080.457,5090.265,5069.21,5079.597,13263,240,0
2026-02-04 06:00:00+00:00,5079.675,5082.912,5051.114,5076.585,18888,240,0
2026-02-04 07:00:00+00:00,5076.51,5091.39,5062.173,5084.597,12428,240,0
2026-02-04 08:00:00+00:00,5084.601,5091.855,5068.589,5083.416,12756,240,0
2026-02-04 09:00:00+00:00,5083.549,5086.903,5042.818,5060.088,17035,240,0
2026-02-04 10:00:00+00:00,5060.183,5064.229,5041.448,5048.614,13304,240,0
2026-02-04 11:00:00+00:00,5048.705,5053.572,5013.443,5047.674,14742,240,0
2026-02-04 12:00:00+00:00,5047.564,5063.384,5036.049,5040.872,12153,240,0
2026-02-04 13:00:00+00:00,5041.161,5063.527,5023.095,5053.93,25117,240,0
2026-02-04 14:00:00+00:00,5054.014,5059.136,4966.76,4986.367,59050,240,0
2026-02-04 15:00:00+00:00,4986.189,5007.715,4887.385,4920.507,67038,240,0
2026-02-04 16:00:00+00:00,4920.429,4940.019,4852.072,4904.518,59507,160,0
2026-02-04 17:00:00+00:00,4904.436,4930.776,4888.117,4898.163,43434,160,0
2026-02-04 18:00:00+00:00,4898.14,4935.162,4872.884,4927.37,30284,160,0
2026-02-04 19:00:00+00:00,4927.494,4958.02,4914.551,4941.839,21193,160,0
2026-02-04 20:00:00+00:00,4941.701,4951.914,4914.187,4938.664,18153,160,0
2026-02-04 21:00:00+00:00,4938.57,4970.658,4937.662,4965.131,7315,160,0
2026-02-04 23:00:00+00:00,4969.623,5023.781,4968.977,5012.195,10449,240,0
2026-02-05 00:00:00+00:00,5012.269,5020.399,4996.77,5006.725,15079,240,0
2026-02-05 01:00:00+00:00,5006.867,5011.989,4936.06,4958.921,47903,160,0
2026-02-05 02:00:00+00:00,4959.011,4962.077,4804.651,4811.912,80331,160,0
2026-02-05 03:00:00+00:00,4811.997,4888.238,4788.665,4880.524,56819,160,0
2026-02-05 04:00:00+00:00,4880.448,4891.231,4863.285,4863.565,23625,160,0
2026-02-05 05:00:00+00:00,4863.744,4906.693,4826.255,4896.168,34163,160,0
2026-02-05 06:00:00+00:00,4896.232,4934.183,4877.659,4920.37,30959,160,0
2026-02-05 07:00:00+00:00,4920.229,4940.969,4895.746,4915.076,24567,160,0
2026-02-05 08:00:00+00:00,4915.205,4943.524,4901.176,4912.104,24793,160,0
2026-02-05 09:00:00+00:00,4911.999,4914.271,4849.272,4855.121,36269,160,0
2026-02-05 10:00:00+00:00,4854.969,4886.933,4847.309,4877.057,24919,160,0
2026-02-05 11:00:00+00:00,4877.07,4894.483,4864.49,4868.27,15012,160,0
2026-02-05 12:00:00+00:00,4868.285,4877.993,4810.728,4854.024,40002,160,0
2026-02-05 13:00:00+00:00,4853.946,4868.155,4802.026,4835.441,54802,160,0
2026-02-05 14:00:00+00:00,4835.332,4869.998,4805.773,4846.488,66897,160,0
2026-02-05 15:00:00+00:00,4845.914,4865.655,4800.54,4817.668,61307,160,0
2026-02-05 16:00:00+00:00,4817.565,4906.895,4812.292,4888.861,49976,160,0
2026-02-05 17:00:00+00:00,4888.647,4890.778,4859.107,4869.308,31932,160,0
2026-02-05 18:00:00+00:00,4869.234,4875.397,4851.112,4858.207,27707,160,0
2026-02-05 19:00:00+00:00,4858.123,4865.294,4823.399,4829.26,22109,160,0
2026-02-05 20:00:00+00:00,4829.338,4843.09,4792.795,4811.356,24765,160,0
2026-02-05 21:00:00+00:00,4811.212,4826.078,4759.146,4776.808,19082,160,0
2026-02-05 23:00:00+00:00,4761.196,4781.944,4703.348,4703.69,17297,160,0
2026-02-06 00:00:00+00:00,4703.682,4764.497,4655.088,4762.782,51375,160,0
2026-02-06 01:00:00+00:00,4762.707,4784.945,4693.794,4774.104,63918,160,0
2026-02-06 02:00:00+00:00,4774.215,4846.533,4760.437,4816.58,36886,160,0
2026-02-06 03:00:00+00:00,4816.503,4839.139,4800.918,4824.288,21380,160,0
2026-02-06 04:00:00+00:00,4824.155,4831.771,4807.122,4813.801,11621,160,0
2026-02-06 05:00:00+00:00,4813.763,4897.866,4807.665,4897.571,20720,160,0
2026-02-06 06:00:00+00:00,4897.494,4903.183,4825.186,4846.492,26287,192,0
2026-02-06 07:00:00+00:00,4846.411,4861.71,4838.296,4841.062,14304,192,0
2026-02-06 08:00:00+00:00,4840.986,4882.48,4829.537,4862.158,23110,192,0
2026-02-06 09:00:00+00:00,4862.042,4872.712,4838.064,4866.547,17772,176,0
2026-02-06 10:00:00+00:00,4866.793,4879.962,4851.451,4878.469,10577,176,0
2026-02-06 11:00:00+00:00,4878.364,4895.871,4863.905,4887.059,12250,176,0
2026-02-06 12:00:00+00:00,4887.151,4903.427,4871.117,4900.372,13756,192,0
2026-02-06 13:00:00+00:00,4900.268,4938.408,4897.144,4928.992,26471,192,0
2026-02-06 14:00:00+00:00,4928.902,4950.193,4894.482,4947.915,29251,192,0
2026-02-06 15:00:00+00:00,4948.352,4964.727,4928.361,4943.345,26236,192,0
2026-02-06 16:00:00+00:00,4943.54,4953.652,4921.855,4951.544,18702,160,0
2026-02-06 17:00:00+00:00,4951.622,4968.61,4948.209,4960.53,12792,160,0
2026-02-06 18:00:00+00:00,4960.35,4971.378,4943.668,4962.606,11021,160,0
2026-02-06 19:00:00+00:00,4962.527,4963.294,4948.724,4957.112,6886,160,0
2026-02-06 20:00:00+00:00,4956.961,4959.102,4936.541,4953.347,10223,160,0
2026-02-06 21:00:00+00:00,4953.404,4968.309,4946.409,4968.204,5968,160,0
2026-02-08 23:00:00+00:00,4967.633,5046.837,4964.715,5035.944,13824,240,0
2026-02-09 00:00:00+00:00,5036.019,5045.03,5011.747,5019.848,18504,240,0
2026-02-09 01:00:00+00:00,5019.989,5042.15,4975.889,4982.645,26911,240,0
2026-02-09 02:00:00+00:00,4982.722,5017.537,4969.128,5007.346,16727,240,0
2026-02-09 03:00:00+00:00,5007.144,5031.365,5005.65,5016.172,11125,240,0
2026-02-09 04:00:00+00:00,5016.21,5025.043,5007.313,5012.05,8378,240,0
2026-02-09 05:00:00+00:00,5011.952,5041.716,5011.14,5036.841,11707,240,0
2026-02-09 06:00:00+00:00,5036.777,5045.748,5013.773,5031.062,15195,240,0
2026-02-09 07:00:00+00:00,5031.192,5031.192,4997.244,5006.419,13673,240,0
2026-02-09 08:00:00+00:00,5006.308,5035.648,5002.886,5027.32,10164,160,0
2026-02-09 09:00:00+00:00,5027.467,5040.773,5002.793,5007.816,10745,240,0
2026-02-09 10:00:00+00:00,5007.984,5015.067,4982.112,4991.027,16277,240,0
2026-02-09 11:00:00+00:00,4991.047,5017.894,4988.453,5010.665,12429,240,0
2026-02-09 12:00:00+00:00,5010.953,5021.782,5007.32,5013.4,11337,240,0
2026-02-09 13:00:00+00:00,5013.209,5024.56,4995.022,5007.194,19874,160,0
2026-02-09 14:00:00+00:00,5007.081,5040.576,5002.274,5038.034,20998,160,0
2026-02-09 15:00:00+00:00,5037.911,5060.219,5023.724,5058.801,16484,240,0
2026-02-09 16:00:00+00:00,5058.964,5080.736,5056.415,5073.514,11779,240,0
2026-02-09 17:00:00+00:00,5073.596,5075.442,5040.941,5046.392,10398,240,0
2026-02-09 18:00:00+00:00,5046.32,5064.096,5043.892,5062.916,10454,240,0
2026-02-09 19:00:00+00:00,5062.838,5079.958,5062.384,5074.556,6432,240,0
2026-02-09 20:00:00+00:00,5074.743,5086.697,5072.1,5079.742,7857,240,0
2026-02-09 21:00:00+00:00,5079.816,5083.086,5047.924,5060.084,7563,240,0
2026-02-09 23:00:00+00:00,5072.047,5075.112,4987.309,5031.903,16464,240,0
2026-02-10 00:00:00+00:00,5031.829,5048.209,5008.62,5018.626,15812,240,0
2026-02-10 01:00:00+00:00,5018.545,5037.876,5012.132,5032.634,22583,240,0
2026-02-10 02:00:00+00:00,5032.613,5056.277,5031.537,5038.458,14652,240,0
2026-02-10 03:00:00+00:00,5038.331,5038.331,5016.24,5030.082,12032,240,0
2026-02-10 04:00:00+00:00,5029.864,5033.978,5017.81,5031.684,7825,240,0
2026-02-10 05:00:00+00:00,5031.517,5040.521,5011.27,5039.241,10218,240,0
2026-02-10 06:00:00+00:00,5039.164,5045.537,5018.999,5024.363,12578,240,0
2026-02-10 07:00:00+00:00,5024.732,5036.036,5018.388,5033.963,12453,240,0
2026-02-10 08:00:00+00:00,5033.817,5054.893,5029.091,5041.726,10819,240,0
2026-02-10 09:00:00+00:00,5041.648,5063.089,5040.636,5046.743,9938,240,0
2026-02-10 10:00:00+00:00,5046.988,5058.124,5036.92,5047.073,9066,240,0
2026-02-10 11:00:00+00:00,5046.997,5057.361,5044.388,5055.949,6682,240,0
2026-02-10 12:00:00+00:00,5056.089,5057.066,5019.361,5032.116,11669,240,0
2026-02-10 13:00:00+00:00,5032.29,5058.777,5026.287,5051.069,13196,240,0
2026-02-10 14:00:00+00:00,5051.16,5078.559,5020.578,5039.734,22437,240,0
2026-02-10 15:00:00+00:00,5039.651,5047.916,4998.8,5019.71,24132,240,0
2026-02-10 16:00:00+00:00,5019.793,5026.495,5005.445,5023.7,16971,160,0
2026-02-10 17:00:00+00:00,5023.597,5040.075,5020.667,5026.344,8543,160,0
2026-02-10 18:00:00+00:00,5026.268,5027.889,5004.513,5013.256,12146,160,0
2026-02-10 19:00:00+00:00,5013.174,5030.096,5008.814,5028.033,7430,160,0
2026-02-10 20:00:00+00:00,5028.036,5045.444,5020.246,5030.357,8258,240,0
2026-02-10 21:00:00+00:00,5030.283,5032.579,5020.303,5023.044,17903,240,0
2026-02-10 23:00:00+00:00,5027.377,5054.456,5027.377,5041.55,6605,240,0
2026-02-11 00:00:00+00:00,5041.616,5049.448,5028.151,5037.833,9415,240,0
2026-02-11 01:00:00+00:00,5037.933,5052.783,5030.3,5052.332,11580,240,0
2026-02-11 02:00:00+00:00,5052.429,5057.812,5032.495,5055.473,9467,240,0
2026-02-11 03:00:00+00:00,5055.588,5061.003,5045.126,5054.498,7050,240,0
2026-02-11 04:00:00+00:00,5054.497,5059.532,5045.747,5046.367,5097,240,0
2026-02-11 05:00:00+00:00,5046.398,5064.016,5043.455,5052.527,7807,240,0
2026-02-11 06:00:00+00:00,5052.853,5064.559,5049.453,5064.207,8924,240,0
2026-02-11 07:00:00+00:00,5064.068,5069.131,5048.762,5055.493,11440,240,0
2026-02-11 08:00:00+00:00,5055.437,5060.229,5045.655,5053.521,7475,240,0
2026-02-11 09:00:00+00:00,5053.534,5071.974,5046.956,5062.659,7810,240,0
2026-02-11 10:00:00+00:00,5062.925,5101.594,5062.53,5093.373,13532,240,0
2026-02-11 11:00:00+00:00,5093.021,5116.804,5082.395,5111.59,9997,240,0
2026-02-11 12:00:00+00:00,5111.667,5119.179,5050.177,5083.503,17122,240,0
2026-02-11 13:00:00+00:00,5083.362,5089.997,5018.86,5065.748,32141,160,0
2026-02-11 14:00:00+00:00,5065.691,5082.786,5035.681,5059.269,26564,240,0
2026-02-11 15:00:00+00:00,5059.527,5081.88,5039.112,5060.323,28146,240,0
2026-02-11 16:00:00+00:00,5060.152,5078.314,5042.701,5075.109,16310,240,0
2026-02-11 17:00:00+00:00,5075.032,5098.944,5068.107,5091.559,11232,240,0
2026-02-11 18:00:00+00:00,5091.648,5092.876,5066.571,5082.166,12105,240,0
2026-02-11 19:00:00+00:00,5082.311,5094.147,5076.538,5082.12,8779,240,0
2026-02-11 20:00:00+00:00,5082.048,5090.334,5078.142,5086.822,7172,240,0
2026-02-11 21:00:00+00:00,5086.894,5092.742,5069.877,5082.394,6170,240,0
2026-02-11 23:00:00+00:00,5099.339,5100.129,5053.004,5061.397,8739,240,0
2026-02-12 00:00:00+00:00,5061.305,5067.554,5049.884,5063.195,13080,240,0
2026-02-12 01:00:00+00:00,5062.967,5064.041,5045.065,5063.517,13930,240,0
2026-02-12 02:00:00+00:00,5063.719,5072.808,5055.003,5065.887,9827,240,0
2026-02-12 03:00:00+00:00,5065.899,5074.642,5054.92,5056.963,7717,240,0
2026-02-12 04:00:00+00:00,5056.99,5069.984,5050.865,5069.318,5519,240,0
2026-02-12 05:00:00+00:00,5069.235,5078.232,5064.53,5075.482,8114,240,0
2026-02-12 06:00:00+00:00,5075.526,5076.309,5046.966,5059.665,10090,240,0
2026-02-12 07:00:00+00:00,5059.753,5066.415,5051.9,5063.657,6830,240,0
2026-02-12 08:00:00+00:00,5063.927,5073.554,5052.268,5068.328,7574,240,0
2026-02-12 09:00:00+00:00,5068.247,5080.929,5066.033,5073.313,6632,240,0
2026-02-12 10:00:00+00:00,5073.305,5076.9,5056.068,5062.031,7195,240,0
2026-02-12 11:00:00+00:00,5062.032,5068.473,5059.415,5064.054,5306,240,0
2026-02-12 12:00:00+00:00,5064.018,5068.55,5048.826,5052.582,7452,240,0
2026-02-12 13:00:00+00:00,5052.688,5083.734,5051.28,5075.319,10022,240,0
2026-02-12 14:00:00+00:00,5075.23,5077.704,5039.07,5044.472,19959,240,0
2026-02-12 15:00:00+00:00,5044.292,5074.61,5039.662,5060.623,12664,240,0
2026-02-12 16:00:00+00:00,5060.528,5068.08,4878.413,4954.448,106548,240,0
2026-02-12 17:00:00+00:00,4954.667,4983.054,4939.411,4941.095,39690,160,0
2026-02-12 18:00:00+00:00,4941.015,4952.086,4906.301,4935.82,35178,160,0
2026-02-12 19:00:00+00:00,4935.777,4958.218,4927.947,4945.649,19246,160,0
2026-02-12 20:00:00+00:00,4945.604,4948.417,4910.94,4915.029,18237,160,0
2026-02-12 21:00:00+00:00,4914.934,4927.145,4911.495,4922.28,7625,160,0
2026-02-12 23:00:00+00:00,4893.14,4928.383,4887.646,4920.14,10773,176,0
2026-02-13 00:00:00+00:00,4920.033,4948.414,4913.672,4928.091,15703,160,0
2026-02-13 01:00:00+00:00,4927.927,4988.798,4927.096,4980.547,20157,240,0
2026-02-13 02:00:00+00:00,4980.601,4991.736,4972.136,4988.512,11647,240,0
2026-02-13 03:00:00+00:00,4988.424,4989.199,4973.836,4981.499,7838,160,0
2026-02-13 04:00:00+00:00,4981.466,4997.198,4972.791,4976.736,6675,240,0
2026-02-13 05:00:00+00:00,4976.67,4986.458,4945.069,4946.451,11501,160,0
2026-02-13 06:00:00+00:00,4946.579,4968.747,4946.266,4967.182,11875,160,0
2026-02-13 07:00:00+00:00,4966.92,4982.501,4951.103,4974.862,11717,240,0
2026-02-13 08:00:00+00:00,4974.952,4989.605,4970.628,4982.428,10952,160,0
2026-02-13 09:00:00+00:00,4982.51,4982.647,4961.545,4970.387,8887,160,0
2026-02-13 10:00:00+00:00,4970.273,4980.647,4946.925,4950.297,8609,160,0
2026-02-13 11:00:00+00:00,4950.174,4955.592,4933.494,4954.047,12204,160,0
2026-02-13 12:00:00+00:00,4954.034,4974.127,4951.886,4969.4,9528,160,0
2026-02-13 13:00:00+00:00,4969.493,5001.884,4957.525,4986.833,16962,160,0
2026-02-13 14:00:00+00:00,4986.998,5011.146,4963.928,4995.804,32052,240,0
2026-02-13 15:00:00+00:00,4995.888,5020.558,4973.736,4976.994,30633,160,0
2026-02-13 16:00:00+00:00,4977.129,5034.213,4975.165,5007.942,19118,160,0
2026-02-13 17:00:00+00:00,5008.013,5029.141,5005.771,5021.122,10871,160,0
2026-02-13 18:00:00+00:00,5020.794,5035.629,5015.348,5031.229,10236,160,0
2026-02-13 19:00:00+00:00,5031.302,5046.061,5023.474,5023.474,9954,160,0
2026-02-13 20:00:00+00:00,5023.653,5034.787,5021.324,5032.491,10410,240,0
2026-02-13 21:00:00+00:00,5032.415,5046.101,5029.434,5042.605,9032,240,0
2026-02-15 23:00:00+00:00,5026.64,5032.13,5010.128,5019.916,9972,240,0
2026-02-16 00:00:00+00:00,5019.896,5022.853,4999.755,5015.493,10248,240,0
2026-02-16 01:00:00+00:00,5015.352,5031.116,5006.79,5029.02,7863,240,0
2026-02-16 02:00:00+00:00,5029.087,5031.398,4992.121,4994.619,9064,240,0
2026-02-16 03:00:00+00:00,4994.535,4999.851,4975.223,4987.733,9139,160,0
2026-02-16 04:00:00+00:00,4987.687,4992.199,4972.584,4977.865,7918,160,0
2026-02-16 05:00:00+00:00,4977.679,4990.81,4964.573,4990.714,7261,240,0
2026-02-16 06:00:00+00:00,4990.538,5003.15,4984.725,4994.98,6238,160,0
2026-02-16 07:00:00+00:00,4994.926,5009.954,4988.881,5007.226,6859,160,0
2026-02-16 08:00:00+00:00,5007.299,5013.464,4995.736,5007.921,7308,160,0
2026-02-16 09:00:00+00:00,5007.995,5017.232,5007.802,5013.602,5498,160,0
2026-02-16 10:00:00+00:00,5013.53,5017.153,5000.131,5006.084,6164,160,0
2026-02-16 11:00:00+00:00,5006.071,5007.944,4998.734,5004.261,5046,160,0
2026-02-16 12:00:00+00:00,5004.24,5008.108,4992.753,5001.91,6185,160,0
2026-02-16 13:00:00+00:00,5001.916,5003.511,4989.553,4997.458,6427,160,0
2026-02-16 14:00:00+00:00,4997.23,4999.415,4981.659,4988.216,7586,160,0
2026-02-16 15:00:00+00:00,4988.002,4988.364,4968.858,4979.75,8896,160,0
2026-02-16 16:00:00+00:00,4979.66,4990.306,4972.936,4988.09,6384,160,0
2026-02-16 17:00:00+00:00,4988.044,4995.858,4987.879,4991.455,4462,160,0
2026-02-16 18:00:00+00:00,4991.543,4997.811,4988.327,4994.708,5722,240,0
2026-02-16 19:00:00+00:00,4994.632,4996.106,4990.562,4993.895,3546,160,0
2026-02-16 23:00:00+00:00,4998.238,5000.8,4985.339,4989.993,5109,160,0
2026-02-17 00:00:00+00:00,4989.878,4991.592,4931.419,4935.712,12187,160,0
2026-02-17 01:00:00+00:00,4935.804,4963.906,4922.83,4957.944,12982,160,0
2026-02-17 02:00:00+00:00,4957.864,4971.408,4954.349,4967.04,6562,160,0
2026-02-17 03:00:00+00:00,4966.96,4970.075,4949.969,4956.824,7195,160,0
2026-02-17 04:00:00+00:00,4956.787,4960.32,4946.784,4952.816,5439,160,0
2026-02-17 05:00:00+00:00,4952.76,4954.17,4858.728,4888.634,24894,160,0
2026-02-17 06:00:00+00:00,4888.674,4914.179,4886.528,4910.377,10538,160,0
2026-02-17 07:00:00+00:00,4910.456,4921.953,4903.85,4917.021,8634,160,0
2026-02-17 08:00:00+00:00,4916.94,4930.27,4915.954,4920.77,9567,160,0
2026-02-17 09:00:00+00:00,4920.863,4932.552,4912.82,4925.991,8864,160,0
2026-02-17 10:00:00+00:00,4925.893,4939.21,4907.59,4913.155,8728,160,0
2026-02-17 11:00:00+00:00,4913.247,4930.961,4913.184,4929.148,7298,160,0
2026-02-17 12:00:00+00:00,4929.149,4944.351,4928.191,4932.27,9445,160,0
2026-02-17 13:00:00+00:00,4932.173,4933.197,4869.625,4870.572,18097,160,0
2026-02-17 14:00:00+00:00,4870.646,4907.182,4841.171,4864.151,42393,160,0
2026-02-17 15:00:00+00:00,4864.061,4882.481,4848.771,4878.263,33611,160,0
2026-02-17 16:00:00+00:00,4878.347,4893.488,4868.489,4869.289,20861,160,0
2026-02-17 17:00:00+00:00,4869.462,4871.303,4849.967,4865.243,17154,160,0
2026-02-17 18:00:00+00:00,4865.324,4910.667,4862.407,4898.979,16977,160,0
2026-02-17 19:00:00+00:00,4899.097,4901.127,4876.55,4880.453,12425,160,0
2026-02-17 20:00:00+00:00,4880.324,4884.257,4873.239,4878.095,11854,160,0
2026-02-17 21:00:00+00:00,4878.025,4887.012,4874.866,4878.018,4988,160,0
2026-02-17 23:00:00+00:00,4863.153,4884.581,4854.01,4859.523,8022,160,0
2026-02-18 00:00:00+00:00,4859.221,4882.942,4858.434,4874.933,10146,160,0
2026-02-18 01:00:00+00:00,4874.848,4892.866,4874.563,4889.833,7956,160,0
2026-02-18 02:00:00+00:00,4889.732,4907.183,4886.583,4905.298,6178,160,0
2026-02-18 03:00:00+00:00,4905.106,4922.052,4904.335,4920.873,5534,160,0
2026-02-18 04:00:00+00:00,4920.944,4940.273,4918.449,4933.918,6004,160,0
2026-02-18 05:00:00+00:00,4933.993,4939.811,4929.82,4933.39,4893,160,0
2026-02-18 06:00:00+00:00,4933.483,4936.016,4924.876,4930.715,5823,160,0
2026-02-18 07:00:00+00:00,4930.604,4942.324,4929.144,4930.324,5376,160,0
2026-02-18 08:00:00+00:00,4930.402,4932.437,4916.542,4917.216,6463,160,0
2026-02-18 09:00:00+00:00,4917.116,4923.067,4913.083,4917.431,6438,160,0
2026-02-18 10:00:00+00:00,4917.436,4924.442,4909.408,4914.522,7713,160,0
2026-02-18 11:00:00+00:00,4914.515,4917.563,4906.24,4912.899,5447,160,0
2026-02-18 12:00:00+00:00,4912.886,4947.213,4911.971,4943.1,8447,160,0
2026-02-18 13:00:00+00:00,4943.171,4969.069,4943.009,4954.535,11643,160,0
2026-02-18 14:00:00+00:00,4954.436,4994.479,4952.211,4991.612,17502,160,0
2026-02-18 15:00:00+00:00,4991.77,5008.998,4991.571,4997.843,13897,160,0
2026-02-18 16:00:00+00:00,4998.086,5010.974,4991.417,5000.589,9964,160,0
2026-02-18 17:00:00+00:00,5000.678,5001.637,4993.317,4998.982,7410,160,0
2026-02-18 18:00:00+00:00,4999.028,5003.122,4980.608,4987.281,10072,160,0
2026-02-18 19:00:00+00:00,4987.165,4995.495,4972.834,4980.659,12527,160,0
2026-02-18 20:00:00+00:00,4980.519,4987.513,4975.607,4984.789,8985,160,0
2026-02-18 21:00:00+00:00,4984.69,4986.48,4975.734,4976.284,3417,160,0
2026-02-18 23:00:00+00:00,4974.388,4988.664,4961.134,4976.152,6909,160,0
2026-02-19 00:00:00+00:00,4976.014,4976.206,4960.47,4961.381,7980,160,0
2026-02-19 01:00:00+00:00,4961.045,4975.415,4960.589,4972.987,6435,160,0
2026-02-19 02:00:00+00:00,4973.119,4977.257,4965.694,4968.32,5605,160,0
2026-02-19 03:00:00+00:00,4968.243,4983.571,4966.434,4981.823,5438,160,0
2026-02-19 04:00:00+00:00,4981.698,4985.457,4976.948,4984.193,4483,160,0
2026-02-19 05:00:00+00:00,4984.189,4998.498,4984.189,4997.064,4671,240,0
2026-02-19 06:00:00+00:00,4996.936,5020.127,4996.712,5018.292,5616,160,0
2026-02-19 07:00:00+00:00,5018.37,5021.711,5008.72,5010.363,5840,240,0
2026-02-19 08:00:00+00:00,5010.29,5022.029,5006.094,5017.083,6389,240,0
2026-02-19 09:00:00+00:00,5017.041,5020.443,4992.874,4995.787,7587,240,0
2026-02-19 10:00:00+00:00,4995.74,4996.196,4981.505,4993.309,8003,160,0
2026-02-19 11:00:00+00:00,4993.105,4996.34,4978.049,4984.696,7468,160,0
2026-02-19 12:00:00+00:00,4984.62,4992.792,4980.541,4984.697,6811,176,0
2026-02-19 13:00:00+00:00,4984.78,4998.443,4971.953,4997.111,9765,160,0
2026-02-19 14:00:00+00:00,4997.143,5010.304,4963.338,5005.589,18723,160,0
2026-02-19 15:00:00+00:00,5005.664,5022.355,4995.972,5013.708,19114,160,0
2026-02-19 16:00:00+00:00,5013.792,5014.33,4990.202,4995.3,12645,160,0
2026-02-19 17:00:00+00:00,4995.107,5001.622,4982.779,4984.926,9612,176,0
2026-02-19 18:00:00+00:00,4985.004,4989.229,4975.176,4981.815,8943,160,0
2026-02-19 19:00:00+00:00,4981.843,4990.427,4978.347,4987.832,6615,160,0
2026-02-19 20:00:00+00:00,4987.855,5003.395,4987.855,5001.584,5862,160,0
2026-02-19 21:00:00+00:00,5001.671,5004.191,4992.158,4996.275,4215,240,0
2026-02-19 23:00:00+00:00,4997.165,5007.89,4985.656,4987.657,5636,240,0
2026-02-20 00:00:00+00:00,4987.647,5006.899,4985.566,5006.316,6186,160,0
2026-02-20 01:00:00+00:00,5006.359,5014.702,4995.095,4997.01,8031,240,0
2026-02-20 02:00:00+00:00,4996.995,5007.43,4992.536,4996.318,6564,160,0
2026-02-20 03:00:00+00:00,4996.29,4999.1,4981.605,4988.088,6174,160,0
2026-02-20 04:00:00+00:00,4988.184,5003.314,4986.623,4999.736,4324,160,0
2026-02-20 05:00:00+00:00,4999.916,5011.91,4997.856,5011.91,5342,240,0
2026-02-20 06:00:00+00:00,5011.747,5030.106,5011.747,5020.758,7003,240,0
2026-02-20 07:00:00+00:00,5020.642,5028.271,5006.017,5006.527,7190,240,0
2026-02-20 08:00:00+00:00,5006.606,5030.923,5005.025,5028.786,7084,176,0
2026-02-20 09:00:00+00:00,5028.788,5042.467,5027.44,5027.44,7259,240,0
2026-02-20 10:00:00+00:00,5027.727,5038.461,5019.446,5034.623,6871,240,0
2026-02-20 11:00:00+00:00,5034.766,5034.885,5015.493,5017.392,7127,240,0
2026-02-20 12:00:00+00:00,5017.465,5026.613,5007.165,5025.107,8125,240,0
2026-02-20 13:00:00+00:00,5025.048,5048.724,5018.189,5043.691,9441,176,0
2026-02-20 14:00:00+00:00,5043.619,5060.411,5037.13,5054.304,17475,240,0
2026-02-20 15:00:00+00:00,5054.036,5063.865,4988.982,5042.506,60819,240,0
2026-02-20 16:00:00+00:00,5042.431,5069.014,5038.586,5066.475,20530,240,0
2026-02-20 17:00:00+00:00,5066.556,5076.4,5054.69,5072.994,16751,240,0
2026-02-20 18:00:00+00:00,5072.916,5075.076,5053.98,5071.122,18376,240,0
2026-02-20 19:00:00+00:00,5071.304,5079.827,5068.397,5079.401,6908,240,0
2026-02-20 20:00:00+00:00,5079.469,5098.185,5076.725,5096.775,8823,240,0
2026-02-20 21:00:00+00:00,5096.968,5108.149,5091.769,5105.809,6605,240,0
2026-02-22 23:00:00+00:00,5111.637,5171.868,5108.785,5165.373,10740,240,0
2026-02-23 00:00:00+00:00,5165.366,5166.728,5129.474,5144.289,18271,240,0
2026-02-23 01:00:00+00:00,5144.289,5167.738,5139.976,5157.618,12142,240,0
2026-02-23 02:00:00+00:00,5157.519,5176.591,5156.68,5173.607,9069,240,0
2026-02-23 03:00:00+00:00,5173.708,5175.732,5151.397,5166.854,8070,240,0
2026-02-23 04:00:00+00:00,5166.781,5168.48,5155.514,5160.691,6520,240,0
2026-02-23 05:00:00+00:00,5160.734,5161.76,5152.33,5158.228,5791,240,0
2026-02-23 06:00:00+00:00,5158.252,5161.688,5144.838,5145.739,7273,240,0
2026-02-23 07:00:00+00:00,5145.739,5154.134,5125.021,5136.727,11614,240,0
2026-02-23 08:00:00+00:00,5136.466,5141.868,5122.1,5140.023,9153,240,0
2026-02-23 09:00:00+00:00,5140.184,5149.995,5139.192,5149.512,6365,240,0
2026-02-23 10:00:00+00:00,5149.793,5163.386,5145.112,5162.601,7884,240,0
2026-02-23 11:00:00+00:00,5162.682,5163.447,5146.43,5149.884,6688,240,0
2026-02-23 12:00:00+00:00,5149.721,5165.463,5145.627,5163.954,7396,240,0
2026-02-23 13:00:00+00:00,5163.854,5165.468,5143.5,5146.234,9024,240,0
2026-02-23 14:00:00+00:00,5146.29,5200.405,5141.315,5192.252,14876,240,0
2026-02-23 15:00:00+00:00,5192.275,5205.098,5180.724,5196.252,18950,240,0
2026-02-23 16:00:00+00:00,5196.135,5219.089,5175.417,5210.076,18686,240,0
2026-02-23 17:00:00+00:00,5210.164,5213.271,5190.918,5207.772,14500,240,0
2026-02-23 18:00:00+00:00,5208.146,5215.757,5201.204,5209.733,10493,240,0
2026-02-23 19:00:00+00:00,5209.653,5218.191,5206.338,5215.638,8262,240,0
2026-02-23 20:00:00+00:00,5215.614,5238.045,5214.826,5236.054,8283,240,0
2026-02-23 21:00:00+00:00,5235.973,5237.452,5226.561,5227.899,5133,360,0
2026-02-23 23:00:00+00:00,5226.214,5249.42,5226.214,5235.933,7419,360,0
2026-02-24 00:00:00+00:00,5235.839,5237.9,5217.399,5223.979,12669,360,0
2026-02-24 01:00:00+00:00,5223.904,5224.216,5144.765,5177.122,38364,240,0
2026-02-24 02:00:00+00:00,5177.202,5190.548,5165.534,5189.661,10713,240,0
2026-02-24 03:00:00+00:00,5189.579,5191.733,5171.045,5171.972,7174,240,0
2026-02-24 04:00:00+00:00,5171.898,5174.81,5160.992,5168.322,6730,240,0
2026-02-24 05:00:00+00:00,5168.287,5185.629,5164.282,5182.429,8058,240,0
2026-02-24 06:00:00+00:00,5182.507,5184.844,5156.125,5173.388,9001,240,0
2026-02-24 07:00:00+00:00,5173.293,5183.783,5164.089,5179.25,9588,240,0
2026-02-24 08:00:00+00:00,5179.32,5181.895,5165.057,5173.481,8966,240,0
2026-02-24 09:00:00+00:00,5173.422,5180.451,5166.542,5171.405,6670,240,0
2026-02-24 10:00:00+00:00,5171.357,5181.307,5163.212,5172.535,7063,240,0
2026-02-24 11:00:00+00:00,5172.53,5178.533,5170.905,5172.835,5318,240,0
2026-02-24 12:00:00+00:00,5172.793,5173.542,5144.682,5150.521,11668,240,0
2026-02-24 13:00:00+00:00,5150.227,5161.153,5110.699,5115.082,19176,240,0
2026-02-24 14:00:00+00:00,5115.001,5139.151,5093.422,5128.269,30063,240,0
2026-02-24 15:00:00+00:00,5128.447,5155.255,5118.108,5150.191,16186,240,0
2026-02-24 16:00:00+00:00,5150.171,5152.359,5130.837,5141.623,12988,240,0
2026-02-24 17:00:00+00:00,5141.815,5163.816,5141.482,5163.772,8193,240,0
2026-02-24 18:00:00+00:00,5163.582,5169.994,5153.293,5160.21,8953,240,0
2026-02-24 19:00:00+00:00,5160.091,5160.626,5146.189,5154.063,8047,240,0
2026-02-24 20:00:00+00:00,5154.17,5173.143,5146.688,5163.892,8095,240,0
2026-02-24 21:00:00+00:00,5163.97,5165.602,5140.104,5143.82,5282,240,0
2026-02-24 23:00:00+00:00,5135.425,5152.161,5127.714,5146.578,5941,240,0
2026-02-25 00:00:00+00:00,5146.526,5156.402,5136.376,5152.195,8232,240,0
2026-02-25 01:00:00+00:00,5152.261,5189.947,5144.147,5176.554,13928,240,0
2026-02-25 02:00:00+00:00,5176.86,5193.968,5166.434,5180.43,9889,240,0
2026-02-25 03:00:00+00:00,5180.435,5190.004,5178.166,5182.101,7768,240,0
2026-02-25 04:00:00+00:00,5182.007,5184.998,5171.69,5182.61,5156,240,0
2026-02-25 05:00:00+00:00,5182.685,5210.479,5182.504,5201.72,7949,240,0
2026-02-25 06:00:00+00:00,5201.697,5201.697,5182.319,5194.493,8243,240,0
2026-02-25 07:00:00+00:00,5194.418,5195.011,5180.411,5184.635,6116,240,0
2026-02-25 08:00:00+00:00,5184.74,5197.165,5184.04,5185.487,6501,240,0
2026-02-25 09:00:00+00:00,5185.398,5194.41,5176.281,5192.912,7154,240,0
2026-02-25 10:00:00+00:00,5193.001,5194.987,5169.744,5175.163,7418,240,0
2026-02-25 11:00:00+00:00,5175.065,5182.539,5154.81,5181.522,8248,240,0
2026-02-25 12:00:00+00:00,5181.193,5187.25,5177.376,5182.873,6509,240,0
2026-02-25 13:00:00+00:00,5182.61,5191.245,5181.113,5185.013,9039,240,0
2026-02-25 14:00:00+00:00,5184.787,5193.214,5158.666,5190.958,15420,240,0
2026-02-25 15:00:00+00:00,5190.883,5202.551,5172.621,5194.94,13643,240,0
2026-02-25 16:00:00+00:00,5194.853,5213.9,5189.454,5211.928,9360,240,0
2026-02-25 17:00:00+00:00,5211.832,5217.544,5203.499,5206.975,8132,240,0
2026-02-25 18:00:00+00:00,5206.948,5207.645,5200.22,5202.075,3381,240,0
2026-02-25 19:00:00+00:00,5202.145,5208.22,5191.501,5205.091,11941,360,0
2026-02-25 20:00:00+00:00,5204.718,5206.218,5145.78,5151.966,16017,240,0
2026-02-25 21:00:00+00:00,5152.05,5173.488,5150.151,5169.177,9822,240,0
2026-02-25 23:00:00+00:00,5165.082,5181.718,5161.539,5163.219,8303,360,0
2026-02-26 00:00:00+00:00,5163.297,5191.803,5155.257,5188.068,11874,240,0
2026-02-26 01:00:00+00:00,5187.982,5198.153,5178.606,5191.648,15445,240,0
2026-02-26 02:00:00+00:00,5191.332,5195.534,5174.073,5184.348,10018,240,0
2026-02-26 03:00:00+00:00,5184.123,5193.692,5182.897,5192.676,6766,240,0
2026-02-26 04:00:00+00:00,5192.386,5199.325,5190.562,5192.716,4945,240,0
2026-02-26 05:00:00+00:00,5192.492,5205.507,5189.694,5197.994,6964,240,0
2026-02-26 06:00:00+00:00,5198.069,5199.507,5190.247,5193.0,6796,240,0
2026-02-26 07:00:00+00:00,5193.016,5194.499,5179.572,5185.811,7258,240,0
2026-02-26 08:00:00+00:00,5186.074,5190.827,5167.651,5179.113,10347,240,0
2026-02-26 09:00:00+00:00,5179.208,5189.412,5173.693,5186.244,6939,240,0
2026-02-26 10:00:00+00:00,5186.379,5189.997,5165.732,5171.244,7206,240,0
2026-02-26 11:00:00+00:00,5171.222,5178.176,5161.054,5164.476,6858,240,0
2026-02-26 12:00:00+00:00,5164.67,5187.753,5157.782,5183.801,8143,240,0
2026-02-26 13:00:00+00:00,5183.926,5185.377,5164.215,5166.39,11807,240,0
2026-02-26 14:00:00+00:00,5166.31,5176.179,5139.654,5164.799,23491,240,0
2026-02-26 15:00:00+00:00,5164.708,5192.714,5130.605,5185.31,28126,240,0
2026-02-26 16:00:00+00:00,5185.666,5187.017,5172.711,5179.67,14317,240,0
2026-02-26 17:00:00+00:00,5179.745,5190.266,5161.839,5167.003,11892,240,0
2026-02-26 18:00:00+00:00,5167.047,5185.768,5160.505,5180.461,11992,240,0
2026-02-26 19:00:00+00:00,5180.539,5193.965,5179.581,5187.105,7600,240,0
2026-02-26 20:00:00+00:00,5187.023,5200.826,5186.819,5196.183,7492,240,0
2026-02-26 21:00:00+00:00,5196.475,5200.443,5183.028,5184.92,4972,240,0
2026-02-26 23:00:00+00:00,5187.994,5189.078,5175.415,5184.462,5339,240,0
2026-02-27 00:00:00+00:00,5184.431,5194.904,5169.971,5174.668,8727,240,0
2026-02-27 01:00:00+00:00,5174.763,5194.262,5166.688,5193.83,11379,240,0
2026-02-27 02:00:00+00:00,5193.906,5199.799,5173.365,5183.356,10176,240,0
2026-02-27 03:00:00+00:00,5183.267,5190.35,5180.966,5184.068,6534,240,0
2026-02-27 04:00:00+00:00,5183.946,5188.733,5180.643,5181.703,4364,240,0
2026-02-27 05:00:00+00:00,5181.675,5200.563,5181.301,5197.664,6396,240,0
2026-02-27 06:00:00+00:00,5197.749,5198.975,5184.917,5185.706,7672,240,0
2026-02-27 07:00:00+00:00,5185.628,5189.886,5175.553,5176.095,8161,240,0
2026-02-27 08:00:00+00:00,5175.973,5182.125,5174.054,5178.807,6526,240,0
2026-02-27 09:00:00+00:00,5178.921,5182.48,5172.157,5175.758,6262,240,0
2026-02-27 10:00:00+00:00,5175.833,5180.946,5168.451,5177.663,6603,240,0
2026-02-27 11:00:00+00:00,5177.338,5185.375,5172.398,5185.375,4954,240,0
2026-02-27 12:00:00+00:00,5185.45,5190.329,5182.884,5187.442,6729,240,0
2026-02-27 13:00:00+00:00,5187.711,5240.503,5186.819,5223.198,20775,240,0
2026-02-27 14:00:00+00:00,5223.124,5236.092,5213.601,5223.762,20437,264,0
2026-02-27 15:00:00+00:00,5223.838,5246.404,5214.954,5239.359,17982,240,0
2026-02-27 16:00:00+00:00,5239.439,5257.602,5221.887,5229.106,18216,360,0
2026-02-27 17:00:00+00:00,5229.185,5236.913,5220.583,5234.421,13063,240,0
2026-02-27 18:00:00+00:00,5234.496,5246.937,5222.637,5245.069,10604,240,0
2026-02-27 19:00:00+00:00,5245.054,5252.123,5240.189,5250.08,7974,240,0
2026-02-27 20:00:00+00:00,5250.155,5265.51,5248.593,5263.229,8499,240,0
2026-02-27 21:00:00+00:00,5263.165,5281.293,5257.178,5279.022,6832,360,0
2026-03-01 23:00:00+00:00,5319.272,5393.506,5314.681,5386.804,16205,360,0
2026-03-02 00:00:00+00:00,5386.823,5388.172,5340.859,5347.326,23120,360,0
2026-03-02 01:00:00+00:00,5347.392,5347.392,5303.089,5324.969,37827,360,0
2026-03-02 02:00:00+00:00,5324.815,5351.991,5316.853,5346.134,16330,360,0
2026-03-02 03:00:00+00:00,5346.401,5366.595,5344.319,5366.285,10043,360,0
2026-03-02 04:00:00+00:00,5366.322,5367.141,5345.041,5356.029,8823,360,0
2026-03-02 05:00:00+00:00,5356.082,5366.238,5340.654,5365.943,9904,360,0
2026-03-02 06:00:00+00:00,5365.865,5389.654,5363.589,5387.439,11524,360,0
2026-03-02 07:00:00+00:00,5387.685,5419.154,5385.014,5407.789,14815,360,0
2026-03-02 08:00:00+00:00,5407.709,5416.492,5391.132,5393.835,13601,360,0
2026-03-02 09:00:00+00:00,5393.985,5402.539,5385.677,5391.776,11054,360,0
2026-03-02 10:00:00+00:00,5392.209,5400.719,5378.983,5389.037,11418,360,0
2026-03-02 11:00:00+00:00,5389.116,5399.668,5375.016,5385.099,10140,360,0
2026-03-02 12:00:00+00:00,5385.166,5398.704,5378.761,5396.794,10332,360,0
2026-03-02 13:00:00+00:00,5396.873,5416.491,5381.887,5394.026,21938,360,0
2026-03-02 14:00:00+00:00,5393.942,5395.238,5306.37,5333.62,51403,360,0
2026-03-02 15:00:00+00:00,5333.288,5348.832,5308.129,5316.053,34361,360,0
2026-03-02 16:00:00+00:00,5315.968,5315.968,5260.224,5290.232,42839,360,0
2026-03-02 17:00:00+00:00,5290.325,5320.71,5286.721,5306.382,20429,360,0
2026-03-02 18:00:00+00:00,5306.699,5316.576,5289.375,5315.279,13360,360,0
2026-03-02 19:00:00+00:00,5315.294,5333.94,5313.764,5330.516,9890,360,0
2026-03-02 20:00:00+00:00,5330.605,5346.172,5328.217,5332.341,17719,360,0
2026-03-02 21:00:00+00:00,5332.586,5340.356,5321.635,5322.103,7244,360,0
2026-03-02 23:00:00+00:00,5332.799,5346.972,5329.212,5345.688,5517,360,0
2026-03-03 00:00:00+00:00,5345.693,5361.994,5337.019,5350.306,8968,360,0
2026-03-03 01:00:00+00:00,5350.272,5379.802,5337.866,5339.027,18669,360,0
2026-03-03 02:00:00+00:00,5339.16,5368.001,5332.521,5367.011,16190,360,0
2026-03-03 03:00:00+00:00,5367.115,5373.593,5359.109,5367.226,8178,360,0
2026-03-03 04:00:00+00:00,5367.283,5375.569,5359.267,5361.083,7764,360,0
2026-03-03 05:00:00+00:00,5360.867,5366.926,5304.905,5318.883,17938,360,0
2026-03-03 06:00:00+00:00,5318.982,5323.009,5279.028,5310.496,23532,360,0
2026-03-03 07:00:00+00:00,5310.266,5331.227,5305.997,5327.461,12251,360,0
2026-03-03 08:00:00+00:00,5327.358,5335.658,5290.025,5295.418,14642,360,0
2026-03-03 09:00:00+00:00,5295.641,5303.517,5225.943,5274.747,29745,360,0
2026-03-03 10:00:00+00:00,5274.665,5287.929,5237.945,5248.377,22514,360,0
2026-03-03 11:00:00+00:00,5248.157,5263.923,5073.2,5144.538,74961,360,0
2026-03-03 12:00:00+00:00,5144.613,5226.543,5138.169,5224.34,34967,360,0
2026-03-03 13:00:00+00:00,5224.452,5224.452,5127.152,5156.412,50996,240,0
2026-03-03 14:00:00+00:00,5156.315,5175.501,5015.763,5038.123,76064,240,0
2026-03-03 15:00:00+00:00,5038.443,5096.951,4995.774,5095.336,71196,240,0
2026-03-03 16:00:00+00:00,5095.25,5134.761,5090.315,5106.513,43931,240,0
2026-03-03 17:00:00+00:00,5106.814,5109.67,5065.085,5078.935,34134,240,0
2026-03-03 18:00:00+00:00,5078.827,5138.268,5078.717,5136.081,26170,240,0
2026-03-03 19:00:00+00:00,5135.993,5149.015,5099.168,5113.296,25325,240,0
2026-03-03 20:00:00+00:00,5113.236,5130.232,5085.987,5097.119,23269,240,0
2026-03-03 21:00:00+00:00,5097.2,5110.184,5083.103,5090.324,14589,240,0
2026-03-03 23:00:00+00:00,5110.94,5129.696,5084.643,5125.083,9605,360,0
2026-03-04 00:00:00+00:00,5125.088,5140.408,5105.746,5138.584,13762,240,0
2026-03-04 01:00:00+00:00,5138.368,5178.567,5138.277,5174.636,26922,240,0
2026-03-04 02:00:00+00:00,5174.556,5190.818,5153.671,5155.952,17789,240,0
2026-03-04 03:00:00+00:00,5156.369,5177.579,5140.918,5174.323,15505,240,0
2026-03-04 04:00:00+00:00,5174.395,5180.805,5152.011,5156.766,11047,240,0
2026-03-04 05:00:00+00:00,5156.837,5167.863,5152.108,5159.979,13710,240,0
2026-03-04 06:00:00+00:00,5159.903,5160.825,5121.464,5160.506,18148,240,0
2026-03-04 07:00:00+00:00,5160.464,5176.051,5158.192,5168.182,11473,240,0
2026-03-04 08:00:00+00:00,5168.275,5182.155,5147.285,5167.386,13963,240,0
2026-03-04 09:00:00+00:00,5167.301,5185.143,5159.317,5182.407,11770,240,0
2026-03-04 10:00:00+00:00,5182.278,5202.319,5179.497,5189.894,13450,240,0
2026-03-04 11:00:00+00:00,5189.817,5200.739,5187.356,5192.094,8184,240,0
2026-03-04 12:00:00+00:00,5192.033,5206.015,5156.205,5171.045,17729,240,0
2026-03-04 13:00:00+00:00,5171.093,5196.044,5167.574,5168.001,17864,240,0
2026-03-04 14:00:00+00:00,5167.997,5184.981,5138.56,5146.73,36766,240,0
2026-03-04 15:00:00+00:00,5147.114,5167.065,5130.921,5151.399,35369,360,0
2026-03-04 16:00:00+00:00,5151.515,5162.47,5138.046,5149.724,20142,240,0
2026-03-04 17:00:00+00:00,5149.568,5152.985,5120.044,5140.783,16317,240,0
2026-03-04 18:00:00+00:00,5140.854,5143.225,5108.62,5133.877,16268,240,0
2026-03-04 19:00:00+00:00,5134.056,5139.433,5123.454,5137.805,10315,240,0
2026-03-04 20:00:00+00:00,5137.73,5146.886,5123.45,5134.838,35552,240,0
2026-03-04 21:00:00+00:00,5134.615,5143.977,5129.428,5139.198,5490,240,0
2026-03-04 23:00:00+00:00,5149.234,5165.96,5144.814,5164.962,4954,240,0
2026-03-05 00:00:00+00:00,5164.887,5179.689,5159.516,5172.334,6881,240,0
2026-03-05 01:00:00+00:00,5172.388,5186.591,5167.128,5172.593,14882,240,0
2026-03-05 02:00:00+00:00,5172.319,5192.414,5171.625,5192.121,10586,240,0
2026-03-05 03:00:00+00:00,5191.923,5194.924,5178.297,5180.042,6846,240,0
2026-03-05 04:00:00+00:00,5180.264,5186.736,5166.066,5171.598,5799,240,0
2026-03-05 05:00:00+00:00,5171.562,5176.586,5148.243,5148.65,8174,240,0
2026-03-05 06:00:00+00:00,5148.729,5168.55,5120.597,5167.416,16236,240,0
2026-03-05 07:00:00+00:00,5167.324,5172.855,5158.849,5162.059,10364,240,0
2026-03-05 08:00:00+00:00,5162.122,5169.999,5137.536,5165.473,11721,240,0
2026-03-05 09:00:00+00:00,5165.532,5180.276,5153.121,5160.891,13182,240,0
2026-03-05 10:00:00+00:00,5161.037,5167.414,5146.23,5164.287,8276,240,0
2026-03-05 11:00:00+00:00,5164.408,5167.957,5156.926,5163.566,6501,240,0
2026-03-05 12:00:00+00:00,5163.48,5171.543,5160.961,5162.633,6960,240,0
2026-03-05 13:00:00+00:00,5162.723,5164.032,5081.65,5117.944,29730,240,0
2026-03-05 14:00:00+00:00,5117.865,5129.772,5090.611,5102.166,33501,240,0
2026-03-05 15:00:00+00:00,5102.101,5119.702,5059.933,5102.457,39277,240,0
2026-03-05 16:00:00+00:00,5102.49,5104.368,5053.922,5077.616,24877,240,0
2026-03-05 17:00:00+00:00,5077.628,5089.367,5054.827,5062.959,22571,240,0
2026-03-05 18:00:00+00:00,5062.847,5085.427,5050.681,5069.403,19252,240,0
2026-03-05 19:00:00+00:00,5069.451,5081.374,5055.605,5065.86,16418,240,0
2026-03-05 20:00:00+00:00,5065.647,5094.508,5061.597,5076.482,19219,240,0
2026-03-05 21:00:00+00:00,5076.605,5085.138,5071.97,5083.291,5646,240,0
2026-03-05 23:00:00+00:00,5090.507,5101.798,5082.008,5086.266,5363,360,0
2026-03-06 00:00:00+00:00,5086.091,5092.363,5074.077,5084.327,8714,360,0
2026-03-06 01:00:00+00:00,5084.249,5143.877,5066.057,5134.811,17656,240,0
2026-03-06 02:00:00+00:00,5134.734,5138.317,5122.177,5126.207,9809,360,0
2026-03-06 03:00:00+00:00,5126.205,5141.226,5124.45,5130.91,6535,360,0
2026-03-06 04:00:00+00:00,5131.144,5136.115,5126.379,5127.425,4523,360,0
2026-03-06 05:00:00+00:00,5127.588,5130.009,5114.131,5117.325,7723,360,0
2026-03-06 06:00:00+00:00,5117.409,5122.972,5109.268,5115.538,7196,360,0
2026-03-06 07:00:00+00:00,5115.573,5120.654,5105.504,5119.37,7441,360,0
2026-03-06 08:00:00+00:00,5119.617,5123.189,5096.095,5108.457,8103,360,0
2026-03-06 09:00:00+00:00,5108.467,5109.379,5083.273,5085.507,9499,240,0
2026-03-06 10:00:00+00:00,5085.697,5092.94,5075.603,5091.033,9343,360,0
2026-03-06 11:00:00+00:00,5090.899,5099.529,5062.583,5076.717,10567,264,0
2026-03-06 12:00:00+00:00,5076.824,5096.687,5075.911,5083.242,10101,240,0
2026-03-06 13:00:00+00:00,5083.161,5130.578,5065.383,5084.852,32789,240,0
2026-03-06 14:00:00+00:00,5084.761,5131.836,5080.81,5129.953,36345,360,0
2026-03-06 15:00:00+00:00,5130.029,5171.566,5127.713,5141.883,35502,360,0
2026-03-06 16:00:00+00:00,5141.736,5152.959,5125.858,5139.932,19318,360,0
2026-03-06 17:00:00+00:00,5140.02,5152.391,5128.813,5140.745,14870,360,0
2026-03-06 18:00:00+00:00,5140.426,5167.621,5138.573,5160.896,11158,360,0
2026-03-06 19:00:00+00:00,5161.204,5174.626,5156.518,5159.805,9498,360,0
2026-03-06 20:00:00+00:00,5159.882,5162.308,5149.502,5153.477,10584,360,0
2026-03-06 21:00:00+00:00,5153.35,5176.565,5150.982,5174.067,5876,360,0
2026-03-08 22:00:00+00:00,5178.794,5180.106,5103.559,5130.006,21544,360,0
2026-03-08 23:00:00+00:00,5130.045,5135.314,5044.202,5075.425,19347,264,0
2026-03-09 00:00:00+00:00,5075.836,5080.48,5028.389,5049.845,27501,360,0
2026-03-09 01:00:00+00:00,5049.76,5087.553,5014.424,5070.175,36837,360,0
2026-03-09 02:00:00+00:00,5070.177,5099.115,5055.483,5094.899,20065,360,0
2026-03-09 03:00:00+00:00,5094.662,5102.437,5081.608,5091.193,11930,360,0
2026-03-09 04:00:00+00:00,5091.139,5097.24,5085.185,5089.946,7180,360,0
2026-03-09 05:00:00+00:00,5090.079,5140.456,5080.803,5124.366,17639,360,0
2026-03-09 06:00:00+00:00,5124.291,5133.998,5096.942,5097.558,16019,360,0
2026-03-09 07:00:00+00:00,5097.822,5107.507,5088.437,5098.847,12518,360,0
2026-03-09 08:00:00+00:00,5098.766,5110.604,5086.938,5096.478,13605,360,0
2026-03-09 09:00:00+00:00,5096.585,5132.503,5094.987,5104.995,13722,360,0
2026-03-09 10:00:00+00:00,5105.07,5111.074,5083.706,5087.231,11628,360,0
2026-03-09 11:00:00+00:00,5087.361,5097.237,5079.336,5088.049,10782,360,0
2026-03-09 12:00:00+00:00,5088.132,5111.905,5087.997,5094.974,9589,264,0
2026-03-09 13:00:00+00:00,5095.058,5111.311,5067.22,5074.123,25013,360,0
2026-03-09 14:00:00+00:00,5074.041,5116.003,5060.457,5093.954,28761,264,0
2026-03-09 15:00:00+00:00,5093.789,5103.469,5079.609,5099.648,15591,360,0
2026-03-09 16:00:00+00:00,5099.534,5110.471,5094.643,5104.587,9916,240,0
2026-03-09 17:00:00+00:00,5104.684,5106.731,5088.924,5096.069,9419,240,0
2026-03-09 18:00:00+00:00,5096.142,5126.313,5092.415,5122.996,7974,240,0
2026-03-09 19:00:00+00:00,5123.148,5143.992,5118.353,5140.96,16244,360,0
2026-03-09 20:00:00+00:00,5141.112,5148.004,5133.959,5137.448,6835,360,0
2026-03-09 22:00:00+00:00,5148.262,5152.885,5117.698,5152.885,8144,360,0
2026-03-09 23:00:00+00:00,5152.937,5155.948,5135.864,5139.631,6872,360,0
2026-03-10 00:00:00+00:00,5139.457,5141.39,5124.549,5130.766,9850,360,0
2026-03-10 01:00:00+00:00,5130.799,5186.001,5124.527,5184.015,17977,360,0
2026-03-10 02:00:00+00:00,5184.093,5187.112,5163.814,5166.016,10376,360,0
2026-03-10 03:00:00+00:00,5165.942,5173.219,5155.749,5157.659,7745,360,0
2026-03-10 04:00:00+00:00,5157.309,5166.273,5154.446,5163.762,5346,360,0
2026-03-10 05:00:00+00:00,5163.535,5179.077,5163.535,5177.773,6291,360,0
2026-03-10 06:00:00+00:00,5177.981,5181.031,5171.968,5175.108,6593,360,0
2026-03-10 07:00:00+00:00,5175.03,5181.302,5158.597,5180.863,8269,360,0
2026-03-10 08:00:00+00:00,5180.804,5195.076,5174.755,5183.465,9245,360,0
2026-03-10 09:00:00+00:00,5183.545,5189.207,5180.338,5182.521,6447,360,0
2026-03-10 10:00:00+00:00,5182.539,5183.77,5156.503,5177.002,9288,360,0
2026-03-10 11:00:00+00:00,5177.077,5191.918,5171.575,5174.907,9880,360,0
2026-03-10 12:00:00+00:00,5174.905,5189.37,5162.515,5186.734,9942,360,0
2026-03-10 13:00:00+00:00,5186.659,5228.721,5185.823,5205.594,20655,360,0
2026-03-10 14:00:00+00:00,5205.678,5214.111,5185.221,5206.592,15493,360,0
2026-03-10 15:00:00+00:00,5206.715,5238.508,5203.136,5228.678,11260,360,0
2026-03-10 16:00:00+00:00,5228.763,5235.494,5222.481,5227.49,7889,360,0
2026-03-10 17:00:00+00:00,5227.412,5235.129,5223.544,5227.755,9746,360,0
2026-03-10 18:00:00+00:00,5227.807,5228.163,5160.159,5191.783,26094,360,0
2026-03-10 19:00:00+00:00,5191.861,5207.41,5179.574,5198.814,14532,360,0
2026-03-10 20:00:00+00:00,5198.702,5199.129,5191.68,5192.72,4804,360,0
2026-03-10 22:00:00+00:00,5191.403,5197.922,5182.763,5189.287,7577,360,0
2026-03-10 23:00:00+00:00,5189.145,5197.285,5187.543,5196.851,4424,360,0
2026-03-11 00:00:00+00:00,5196.925,5219.34,5186.676,5215.489,8083,360,0
2026-03-11 01:00:00+00:00,5215.159,5222.913,5208.328,5208.605,10053,360,0
2026-03-11 02:00:00+00:00,5208.69,5220.378,5194.165,5217.112,8650,360,0
2026-03-11 03:00:00+00:00,5217.061,5220.376,5199.383,5203.349,5811,360,0
2026-03-11 04:00:00+00:00,5203.251,5208.374,5199.27,5204.336,4347,360,0
2026-03-11 05:00:00+00:00,5204.379,5208.112,5190.277,5199.756,6954,360,0
2026-03-11 06:00:00+00:00,5199.345,5210.832,5191.618,5197.772,7031,360,0
2026-03-11 07:00:00+00:00,5197.628,5202.405,5184.455,5195.52,8264,360,0
2026-03-11 08:00:00+00:00,5195.413,5198.412,5175.082,5187.372,8618,360,0
2026-03-11 09:00:00+00:00,5187.591,5196.954,5179.709,5187.731,7321,360,0
2026-03-11 10:00:00+00:00,5187.808,5195.181,5177.235,5186.123,7197,360,0
2026-03-11 11:00:00+00:00,5186.024,5193.426,5175.135,5181.217,8365,360,0
2026-03-11 12:00:00+00:00,5181.063,5196.527,5166.447,5167.538,14309,360,0
2026-03-11 13:00:00+00:00,5167.215,5182.8,5149.216,5176.652,18849,360,0
2026-03-11 14:00:00+00:00,5176.575,5196.489,5174.282,5183.249,17372,360,0
2026-03-11 15:00:00+00:00,5183.331,5185.512,5163.792,5166.023,13313,360,0
2026-03-11 16:00:00+00:00,5166.202,5177.856,5163.41,5175.723,9173,360,0
2026-03-11 17:00:00+00:00,5175.483,5180.797,5154.099,5169.596,9346,360,0
2026-03-11 18:00:00+00:00,5169.521,5178.245,5169.026,5172.5,7667,360,0
2026-03-11 19:00:00+00:00,5172.457,5183.23,5169.035,5182.97,5214,360,0
2026-03-11 20:00:00+00:00,5182.885,5183.38,5174.949,5177.136,3203,360,0
2026-03-11 22:00:00+00:00,5181.098,5182.222,5129.626,5139.03,6467,360,0
2026-03-11 23:00:00+00:00,5139.037,5157.767,5133.08,5134.222,7211,360,0
2026-03-12 00:00:00+00:00,5134.051,5161.466,5125.375,5152.9,9916,360,0
2026-03-12 01:00:00+00:00,5152.745,5172.752,5151.501,5168.487,11610,360,0
2026-03-12 02:00:00+00:00,5168.427,5175.152,5145.724,5150.6,9282,360,0
2026-03-12 03:00:00+00:00,5150.706,5155.325,5147.248,5152.927,6518,360,0
2026-03-12 04:00:00+00:00,5153.009,5153.696,5140.408,5142.323,4734,360,0
2026-03-12 05:00:00+00:00,5142.489,5157.471,5137.236,5154.547,6783,360,0
2026-03-12 06:00:00+00:00,5154.55,5170.352,5147.272,5165.945,6588,360,0
2026-03-12 07:00:00+00:00,5166.079,5185.373,5164.496,5181.904,6181,360,0
2026-03-12 08:00:00+00:00,5181.994,5189.751,5175.732,5177.833,6759,360,0
2026-03-12 09:00:00+00:00,5177.912,5190.256,5174.399,5187.991,6483,360,0
2026-03-12 10:00:00+00:00,5187.913,5191.69,5175.942,5182.256,6330,360,0
2026-03-12 11:00:00+00:00,5182.263,5183.611,5172.547,5178.799,5820,360,0
2026-03-12 12:00:00+00:00,5178.864,5185.529,5163.579,5181.487,9623,360,0
2026-03-12 13:00:00+00:00,5181.183,5186.161,5145.877,5151.27,20393,360,0
2026-03-12 14:00:00+00:00,5151.193,5163.315,5138.13,5142.974,16744,360,0
2026-03-12 15:00:00+00:00,5142.843,5144.917,5109.576,5132.431,19108,360,0
2026-03-12 16:00:00+00:00,5132.194,5138.025,5121.155,5123.507,11911,360,0
2026-03-12 17:00:00+00:00,5123.231,5129.424,5102.193,5105.275,11752,360,0
2026-03-12 18:00:00+00:00,5105.174,5112.492,5090.553,5094.408,10212,240,0
2026-03-12 19:00:00+00:00,5094.325,5096.73,5079.115,5084.796,10856,240,0
2026-03-12 20:00:00+00:00,5084.72,5090.53,5054.751,5079.869,10338,264,0
2026-03-12 22:00:00+00:00,5078.073,5096.239,5072.808,5096.015,5796,360,0
2026-03-12 23:00:00+00:00,5095.737,5101.006,5089.082,5098.163,5561,240,0
2026-03-13 00:00:00+00:00,5098.089,5115.305,5097.254,5113.424,5679,360,0
2026-03-13 01:00:00+00:00,5113.347,5124.128,5108.666,5124.002,9014,240,0
2026-03-13 02:00:00+00:00,5124.107,5128.452,5110.467,5111.848,6878,360,0
2026-03-13 03:00:00+00:00,5112.003,5116.629,5106.017,5115.304,5553,240,0
2026-03-13 04:00:00+00:00,5115.468,5117.771,5102.643,5104.315,4596,240,0
2026-03-13 05:00:00+00:00,5104.38,5110.862,5098.304,5103.106,6897,240,0
2026-03-13 06:00:00+00:00,5103.166,5107.674,5085.825,5088.235,9743,240,0
2026-03-13 07:00:00+00:00,5088.052,5093.919,5071.772,5084.89,8997,240,0
2026-03-13 08:00:00+00:00,5085.117,5087.979,5061.41,5087.117,10381,240,0
2026-03-13 09:00:00+00:00,5087.201,5096.837,5083.263,5089.649,7470,240,0
2026-03-13 10:00:00+00:00,5089.425,5098.456,5080.05,5094.631,7419,264,0
2026-03-13 11:00:00+00:00,5094.976,5107.746,5086.159,5107.619,7640,240,0
2026-03-13 12:00:00+00:00,5107.442,5121.882,5104.319,5118.352,11574,360,0
2026-03-13 13:00:00+00:00,5118.296,5121.247,5096.344,5101.5,14388,360,0
2026-03-13 14:00:00+00:00,5101.718,5107.718,5035.303,5041.73,22514,240,0
2026-03-13 15:00:00+00:00,5041.819,5071.183,5031.688,5034.814,24794,240,0
2026-03-13 16:00:00+00:00,5034.718,5052.974,5018.853,5046.083,19893,240,0
2026-03-13 17:00:00+00:00,5045.937,5063.813,5043.347,5046.451,12018,240,0
2026-03-13 18:00:00+00:00,5046.432,5051.437,5036.232,5046.323,9768,240,0
2026-03-13 19:00:00+00:00,5046.365,5049.943,5009.588,5016.468,12482,240,0
2026-03-13 20:00:00+00:00,5016.497,5025.468,5012.248,5020.962,7995,240,0
2026-03-15 22:00:00+00:00,5017.112,5030.46,5000.882,5024.786,8816,240,0
2026-03-15 23:00:00+00:00,5024.71,5026.154,4966.796,4997.507,14958,160,0
2026-03-16 00:00:00+00:00,4997.434,5031.104,4996.528,5025.792,13606,240,0
2026-03-16 01:00:00+00:00,5025.774,5026.593,4982.516,5015.811,23023,240,0
2026-03-16 02:00:00+00:00,5015.856,5018.726,4997.932,5003.656,10954,160,0
2026-03-16 03:00:00+00:00,5003.626,5020.72,4998.27,5019.07,7477,240,0
2026-03-16 04:00:00+00:00,5019.15,5026.095,5012.356,5012.908,5225,240,0
2026-03-16 05:00:00+00:00,5012.811,5019.979,5003.192,5017.31,6943,240,0
2026-03-16 06:00:00+00:00,5017.433,5035.879,5005.308,5011.912,10149,240,0
2026-03-16 07:00:00+00:00,5012.177,5016.254,4991.676,4995.212,10546,240,0
2026-03-16 08:00:00+00:00,4995.286,5003.27,4984.763,4991.209,12044,176,0
2026-03-16 09:00:00+00:00,4990.933,4991.59,4972.355,4975.274,10866,160,0
2026-03-16 10:00:00+00:00,4975.464,4999.566,4970.011,4998.604,9723,160,0
2026-03-16 11:00:00+00:00,4998.68,5022.694,4992.169,4997.068,9031,176,0
2026-03-16 12:00:00+00:00,4997.144,5025.57,4994.285,5019.771,10500,176,0
2026-03-16 13:00:00+00:00,5019.977,5034.727,5013.814,5029.571,15357,240,0
2026-03-16 14:00:00+00:00,5029.51,5038.065,4987.982,4995.705,17373,240,0
2026-03-16 15:00:00+00:00,4995.635,5005.605,4983.898,4986.904,12730,160,0
2026-03-16 16:00:00+00:00,4986.936,4998.587,4973.885,4990.591,11471,160,0
2026-03-16 17:00:00+00:00,4990.579,5003.675,4983.947,4991.227,9672,160,0
2026-03-16 18:00:00+00:00,4991.297,5017.791,4989.904,5012.766,7771,160,0
2026-03-16 19:00:00+00:00,5012.701,5020.2,5008.145,5012.723,7850,200,0
2026-03-16 20:00:00+00:00,5012.618,5021.612,5004.613,5006.311,4767,280,0
2026-03-16 22:00:00+00:00,5007.678,5015.741,4998.563,5002.386,5106,200,0
2026-03-16 23:00:00+00:00,5002.139,5015.447,5002.073,5012.841,3894,200,0
2026-03-17 00:00:00+00:00,5012.899,5014.052,4998.002,5003.17,7662,280,0
2026-03-17 01:00:00+00:00,5002.874,5027.902,4994.353,5027.562,10210,280,0
2026-03-17 02:00:00+00:00,5027.582,5029.699,5019.681,5022.812,6126,200,0
2026-03-17 03:00:00+00:00,5022.668,5033.497,5020.619,5027.65,5232,280,0
2026-03-17 04:00:00+00:00,5027.365,5041.882,5026.233,5037.944,5230,280,0
2026-03-17 05:00:00+00:00,5038.004,5044.474,5020.186,5020.806,7877,280,0
2026-03-17 06:00:00+00:00,5020.903,5022.754,5005.036,5010.133,10481,280,0
2026-03-17 07:00:00+00:00,5010.057,5027.851,5008.82,5021.081,6731,280,0
2026-03-17 08:00:00+00:00,5021.039,5029.532,5018.198,5024.548,7364,280,0
2026-03-17 09:00:00+00:00,5024.377,5025.683,5009.985,5010.613,7157,280,0
2026-03-17 10:00:00+00:00,5010.533,5016.136,4991.665,5000.124,9081,280,0
2026-03-17 11:00:00+00:00,5000.18,5011.458,4996.808,5003.175,5981,200,0
2026-03-17 12:00:00+00:00,5003.09,5023.755,4999.287,5011.785,7718,200,0
2026-03-17 13:00:00+00:00,5011.856,5031.413,5005.315,5016.392,14097,280,0
2026-03-17 14:00:00+00:00,5016.393,5020.464,5002.735,5007.716,12773,280,0
2026-03-17 15:00:00+00:00,5007.583,5017.447,4973.345,4997.8,15757,200,0
2026-03-17 16:00:00+00:00,4998.045,5005.684,4991.642,5001.784,9438,200,0
2026-03-17 17:00:00+00:00,5001.699,5008.753,4996.417,5002.353,6993,200,0
2026-03-17 18:00:00+00:00,5002.425,5008.962,4999.762,5003.883,5958,200,0
2026-03-17 19:00:00+00:00,5003.795,5005.527,4996.204,5000.166,6036,200,0
2026-03-17 20:00:00+00:00,5000.348,5006.363,4999.85,5003.05,14176,200,0
2026-03-17 22:00:00+00:00,5004.038,5004.856,4993.359,4999.93,3197,280,0
2026-03-17 23:00:00+00:00,4999.843,5003.508,4998.709,5002.75,2773,280,0
2026-03-18 00:00:00+00:00,5002.803,5012.213,5000.142,5004.345,6040,280,0
2026-03-18 01:00:00+00:00,5004.418,5016.048,4991.072,4998.712,9051,200,0
2026-03-18 02:00:00+00:00,4998.759,5006.808,4990.406,4991.731,6682,280,0
2026-03-18 03:00:00+00:00,4991.865,4997.461,4986.231,4991.384,5702,200,0
2026-03-18 04:00:00+00:00,4991.366,4993.445,4981.594,4986.884,4919,220,0
2026-03-18 05:00:00+00:00,4986.932,5002.55,4984.609,4997.465,6691,280,0
2026-03-18 06:00:00+00:00,4997.355,5016.207,4996.377,5009.469,6499,280,0
2026-03-18 07:00:00+00:00,5009.551,5014.855,4990.47,4995.045,6118,200,0
2026-03-18 08:00:00+00:00,4994.749,4996.642,4977.089,4987.692,7627,200,0
2026-03-18 09:00:00+00:00,4987.389,4995.531,4984.779,4992.053,5356,200,0
2026-03-18 10:00:00+00:00,4992.025,4992.025,4958.782,4967.945,9365,280,0
2026-03-18 11:00:00+00:00,4967.869,4973.877,4924.826,4930.041,18600,200,0
2026-03-18 12:00:00+00:00,4930.338,4932.395,4870.575,4881.42,30416,200,0
2026-03-18 13:00:00+00:00,4881.464,4885.45,4833.975,4878.111,39290,200,0
2026-03-18 14:00:00+00:00,4877.959,4894.615,4856.559,4869.45,22659,200,0
2026-03-18 15:00:00+00:00,4869.502,4879.986,4861.147,4862.535,14053,200,0
2026-03-18 16:00:00+00:00,4862.609,4890.297,4860.787,4886.777,11614,200,0
2026-03-18 17:00:00+00:00,4886.69,4899.001,4883.851,4890.664,10613,200,0
2026-03-18 18:00:00+00:00,4890.753,4899.26,4852.188,4853.077,21457,200,0
2026-03-18 19:00:00+00:00,4852.792,4865.32,4838.0,4843.077,19680,200,0
2026-03-18 20:00:00+00:00,4842.934,4848.327,4806.752,4818.463,12893,200,0
2026-03-18 22:00:00+00:00,4828.059,4838.79,4804.231,4834.291,10620,200,0
2026-03-18 23:00:00+00:00,4834.369,4842.516,4828.088,4836.832,6784,200,0
2026-03-19 00:00:00+00:00,4836.657,4848.843,4835.382,4841.26,9683,200,0
2026-03-19 01:00:00+00:00,4841.207,4866.892,4832.814,4850.011,15219,200,0
2026-03-19 02:00:00+00:00,4850.082,4862.132,4841.686,4858.551,9564,200,0
2026-03-19 03:00:00+00:00,4858.551,4865.759,4850.731,4850.956,6689,200,0
2026-03-19 04:00:00+00:00,4850.924,4853.764,4845.727,4849.818,4972,200,0
2026-03-19 05:00:00+00:00,4849.915,4853.805,4826.987,4827.609,9361,200,0
2026-03-19 06:00:00+00:00,4827.538,4841.989,4747.3,4763.877,25949,200,0
2026-03-19 07:00:00+00:00,4763.745,4784.297,4727.032,4727.855,20040,200,0
2026-03-19 08:00:00+00:00,4728.025,4740.315,4686.748,4709.247,33931,200,0
2026-03-19 09:00:00+00:00,4709.089,4725.98,4687.854,4698.969,32523,200,0
2026-03-19 10:00:00+00:00,4698.86,4719.875,4666.429,4678.947,25793,200,0
2026-03-19 11:00:00+00:00,4678.856,4699.553,4650.613,4652.225,23152,280,0
2026-03-19 12:00:00+00:00,4651.867,4653.936,4531.073,4574.563,50535,280,0
2026-03-19 13:00:00+00:00,4574.529,4621.053,4502.509,4620.575,86633,280,0
2026-03-19 14:00:00+00:00,4620.935,4649.237,4580.877,4601.528,57946,280,0
2026-03-19 15:00:00+00:00,4601.792,4638.722,4566.162,4596.517,46836,280,0
2026-03-19 16:00:00+00:00,4596.596,4626.645,4576.691,4584.686,37785,280,0
2026-03-19 17:00:00+00:00,4584.75,4629.863,4573.775,4616.105,28455,280,0
2026-03-19 18:00:00+00:00,4615.992,4622.945,4595.954,4622.847,18535,280,0
2026-03-19 19:00:00+00:00,4622.799,4663.337,4622.799,4644.022,39729,280,0
2026-03-19 20:00:00+00:00,4643.664,4661.998,4642.584,4657.621,9940,280,0
2026-03-19 22:00:00+00:00,4657.711,4677.029,4636.28,4636.384,7336,280,0
2026-03-19 23:00:00+00:00,4636.519,4647.928,4634.145,4643.703,6129,280,0
2026-03-20 00:00:00+00:00,4643.631,4665.03,4642.053,4648.766,11004,280,0
2026-03-20 01:00:00+00:00,4648.408,4699.315,4639.317,4677.259,24644,280,0
2026-03-20 02:00:00+00:00,4677.187,4703.552,4670.201,4698.026,14056,280,0
2026-03-20 03:00:00+00:00,4698.104,4735.839,4693.289,4725.57,13567,280,0
2026-03-20 04:00:00+00:00,4725.669,4727.605,4715.529,4721.419,7121,280,0
2026-03-20 05:00:00+00:00,4721.507,4723.622,4685.725,4688.597,13919,280,0
2026-03-20 06:00:00+00:00,4688.515,4700.871,4661.31,4669.065,18256,280,0
2026-03-20 07:00:00+00:00,4669.022,4707.967,4668.006,4706.147,10669,280,0
2026-03-20 08:00:00+00:00,4706.228,4734.749,4684.686,4693.531,14864,280,0
2026-03-20 09:00:00+00:00,4693.804,4700.379,4659.802,4667.79,13641,280,0
2026-03-20 10:00:00+00:00,4667.394,4670.181,4638.058,4645.228,18794,280,0
2026-03-20 11:00:00+00:00,4645.388,4674.17,4636.927,4671.738,14937,280,0
2026-03-20 12:00:00+00:00,4671.767,4695.613,4661.872,4678.344,19542,280,0
2026-03-20 13:00:00+00:00,4678.117,4679.621,4612.673,4616.28,76836,280,0
2026-03-20 14:00:00+00:00,4616.209,4622.561,4547.772,4564.059,107214,280,0
2026-03-20 15:00:00+00:00,4564.023,4580.144,4540.416,4553.332,77638,260,0
2026-03-20 16:00:00+00:00,4553.167,4613.718,4551.694,4583.424,57149,280,0
2026-03-20 17:00:00+00:00,4583.368,4600.717,4554.081,4573.526,58752,280,0
2026-03-20 18:00:00+00:00,4573.492,4578.47,4477.074,4499.547,60653,260,0
2026-03-20 19:00:00+00:00,4499.603,4516.74,4485.189,4501.488,75094,260,0
2026-03-20 20:00:00+00:00,4501.589,4514.508,4493.454,4497.488,24476,260,0
2026-03-22 22:00:00+00:00,4477.751,4536.226,4449.277,4497.942,22789,280,0
2026-03-22 23:00:00+00:00,4497.972,4510.823,4452.456,4464.824,25864,280,0
2026-03-23 00:00:00+00:00,4464.593,4473.215,4319.466,4354.115,105673,260,0
2026-03-23 01:00:00+00:00,4354.286,4454.137,4329.725,4387.464,122907,260,0
2026-03-23 02:00:00+00:00,4387.542,4422.048,4354.731,4360.58,78723,260,0
2026-03-23 03:00:00+00:00,4360.624,4378.047,4334.781,4352.966,50168,260,0
2026-03-23 04:00:00+00:00,4352.89,4381.761,4349.962,4367.235,31174,260,0
2026-03-23 05:00:00+00:00,4367.209,4379.946,4302.29,4310.112,56647,260,0
2026-03-23 06:00:00+00:00,4310.254,4310.435,4162.906,4220.329,129712,260,0
2026-03-23 07:00:00+00:00,4220.267,4232.854,4098.357,4204.148,167127,260,0
2026-03-23 08:00:00+00:00,4204.207,4270.659,4202.806,4250.896,113646,260,0
2026-03-23 09:00:00+00:00,4250.945,4308.369,4223.477,4253.249,80906,260,0
2026-03-23 10:00:00+00:00,4253.323,4281.93,4241.038,4269.084,62955,260,0
2026-03-23 11:00:00+00:00,4268.977,4463.358,4268.977,4379.12,181215,280,0
2026-03-23 12:00:00+00:00,4378.812,4492.646,4336.791,4478.518,142891,350,0
2026-03-23 13:00:00+00:00,4478.31,4485.444,4401.426,4454.293,164263,372,0
2026-03-23 14:00:00+00:00,4454.173,4512.743,4453.286,4461.895,121471,364,0
2026-03-23 15:00:00+00:00,4461.924,4486.836,4350.917,4363.806,116815,364,0
2026-03-23 16:00:00+00:00,4363.505,4391.624,4352.331,4375.396,115163,364,0
2026-03-23 17:00:00+00:00,4375.344,4439.027,4370.75,4426.098,65389,364,0
2026-03-23 18:00:00+00:00,4426.151,4467.074,4401.999,4448.915,56813,364,0
2026-03-23 19:00:00+00:00,4448.999,4450.643,4392.714,4397.762,52850,364,0
2026-03-23 20:00:00+00:00,4397.675,4413.197,4382.757,4406.513,15342,364,0
2026-03-23 22:00:00+00:00,4419.787,4431.395,4361.373,4426.607,19604,364,0
2026-03-23 23:00:00+00:00,4426.571,4448.214,4421.873,4441.196,15143,364,0
2026-03-24 00:00:00+00:00,4441.128,4446.587,4330.988,4364.809,57768,364,0
2026-03-24 01:00:00+00:00,4364.753,4374.009,4307.834,4322.242,86502,364,0
2026-03-24 02:00:00+00:00,4322.143,4379.344,4305.55,4366.089,63064,364,0
2026-03-24 03:00:00+00:00,4366.253,4368.335,4334.854,4346.929,37082,364,0
2026-03-24 04:00:00+00:00,4346.897,4357.231,4326.675,4333.452,23803,364,0
2026-03-24 05:00:00+00:00,4333.263,4374.172,4319.654,4346.966,53802,336,0
2026-03-24 06:00:00+00:00,4347.02,4405.095,4342.588,4401.98,59574,336,0
2026-03-24 07:00:00+00:00,4401.902,4432.366,4399.419,4417.242,45597,364,0
2026-03-24 08:00:00+00:00,4417.263,4420.866,4391.044,4411.743,42311,364,0
2026-03-24 09:00:00+00:00,4411.761,4430.836,4395.758,4426.496,27427,364,0
2026-03-24 10:00:00+00:00,4426.587,4441.755,4414.551,4438.457,25300,364,0
2026-03-24 11:00:00+00:00,4438.517,4442.132,4375.204,4407.617,55801,364,0
2026-03-24 12:00:00+00:00,4407.714,4427.446,4362.088,4378.856,56805,364,0
2026-03-24 13:00:00+00:00,4378.805,4389.996,4351.315,4381.697,94329,364,0
2026-03-24 14:00:00+00:00,4381.546,4433.709,4380.516,4415.758,85793,364,0
2026-03-24 15:00:00+00:00,4415.827,4430.831,4396.085,4411.52,63499,364,0
2026-03-24 16:00:00+00:00,4411.604,4427.622,4402.33,4421.022,37677,364,0
2026-03-24 17:00:00+00:00,4421.292,4426.214,4372.156,4388.51,64379,364,0
2026-03-24 18:00:00+00:00,4388.441,4423.624,4383.673,4389.27,42744,364,0
2026-03-24 19:00:00+00:00,4389.409,4411.307,4388.419,4400.271,23613,364,0
2026-03-24 20:00:00+00:00,4400.111,4484.058,4397.141,4476.664,44782,364,0
2026-03-24 22:00:00+00:00,4479.586,4485.741,4456.16,4484.289,15419,364,0
2026-03-24 23:00:00+00:00,4484.499,4551.348,4472.705,4546.735,21267,364,0
2026-03-25 00:00:00+00:00,4546.765,4571.98,4537.43,4562.99,32291,364,0
2026-03-25 01:00:00+00:00,4562.928,4601.126,4552.159,4594.997,37798,364,0
2026-03-25 02:00:00+00:00,4594.932,4602.458,4579.67,4583.778,24980,364,0
2026-03-25 03:00:00+00:00,4583.482,4586.261,4567.503,4570.152,16944,364,0
2026-03-25 04:00:00+00:00,4570.157,4574.724,4565.532,4572.299,9498,364,0
2026-03-25 05:00:00+00:00,4572.644,4573.363,4549.211,4555.562,19287,364,0
2026-03-25 06:00:00+00:00,4555.703,4556.936,4533.007,4545.184,21295,364,0
2026-03-25 07:00:00+00:00,4545.276,4563.308,4536.914,4539.421,20730,280,0
2026-03-25 08:00:00+00:00,4539.475,4567.709,4535.624,4556.234,32921,280,0
2026-03-25 09:00:00+00:00,4556.181,4567.548,4527.474,4551.785,26760,280,0
2026-03-25 10:00:00+00:00,4551.97,4562.433,4550.933,4558.929,20460,280,0
2026-03-25 11:00:00+00:00,4558.872,4585.725,4555.984,4578.885,22527,280,0
2026-03-25 12:00:00+00:00,4578.771,4583.798,4521.88,4544.146,49747,280,0
2026-03-25 13:00:00+00:00,4543.914,4576.413,4540.737,4544.789,69374,280,0
2026-03-25 14:00:00+00:00,4544.525,4579.377,4532.889,4567.243,56241,280,0
2026-03-25 15:00:00+00:00,4567.189,4569.144,4525.103,4559.086,49350,280,0
2026-03-25 16:00:00+00:00,4559.157,4564.986,4545.138,4555.434,37802,280,0
2026-03-25 17:00:00+00:00,4555.387,4563.971,4542.581,4550.851,29763,280,0
2026-03-25 18:00:00+00:00,4550.762,4568.972,4530.73,4538.325,33784,280,0
2026-03-25 19:00:00+00:00,4538.365,4539.621,4486.885,4530.658,44805,280,0
2026-03-25 20:00:00+00:00,4530.759,4542.101,4494.554,4505.785,19554,280,0
2026-03-25 22:00:00+00:00,4518.062,4534.611,4505.589,4517.47,15681,280,0
2026-03-25 23:00:00+00:00,4517.57,4518.326,4488.858,4498.103,15420,280,0
2026-03-26 00:00:00+00:00,4498.363,4539.301,4498.027,4535.695,27890,280,0
2026-03-26 01:00:00+00:00,4535.742,4544.523,4522.347,4535.547,34047,280,0
2026-03-26 02:00:00+00:00,4535.508,4535.866,4505.679,4509.041,23364,280,0
2026-03-26 03:00:00+00:00,4508.73,4518.898,4499.966,4516.471,18177,280,0
2026-03-26 04:00:00+00:00,4516.5,4524.097,4511.522,4520.355,10209,280,0
2026-03-26 05:00:00+00:00,4520.536,4522.262,4438.822,4439.048,37346,280,0
2026-03-26 06:00:00+00:00,4438.97,4459.384,4415.73,4456.29,53165,280,0
2026-03-26 07:00:00+00:00,4456.333,4463.871,4438.851,4452.73,35404,280,0
2026-03-26 08:00:00+00:00,4452.72,4459.255,4412.327,4427.816,50538,280,0
2026-03-26 09:00:00+00:00,4427.766,4437.044,4414.367,4423.681,38401,280,0
2026-03-26 10:00:00+00:00,4423.517,4448.017,4416.975,4443.345,32623,280,0
2026-03-26 11:00:00+00:00,4443.38,4456.761,4418.949,4423.093,31370,280,0
2026-03-26 12:00:00+00:00,4423.194,4445.552,4416.198,4429.226,38307,280,0
2026-03-26 13:00:00+00:00,4429.174,4460.414,4420.191,4452.581,72856,280,0
2026-03-26 14:00:00+00:00,4452.633,4479.38,4437.151,4464.864,81354,280,0
2026-03-26 15:00:00+00:00,4464.918,4469.169,4433.705,4438.118,55950,280,0
2026-03-26 16:00:00+00:00,4438.071,4442.832,4366.792,4389.357,70863,280,0
2026-03-26 17:00:00+00:00,4389.349,4402.622,4377.372,4381.273,48312,280,0
2026-03-26 18:00:00+00:00,4381.223,4397.891,4367.599,4394.388,34591,280,0
2026-03-26 19:00:00+00:00,4394.343,4399.273,4359.07,4364.039,40178,280,0
2026-03-26 20:00:00+00:00,4363.973,4420.739,4350.964,4380.944,70357,280,0
2026-03-26 22:00:00+00:00,4382.189,4415.15,4380.987,4411.334,12250,280,0
2026-03-26 23:00:00+00:00,4411.208,4414.321,4389.959,4404.911,10858,280,0
2026-03-27 00:00:00+00:00,4404.958,4411.186,4375.236,4378.625,23494,280,0
2026-03-27 01:00:00+00:00,4378.541,4420.783,4377.042,4417.2,28811,280,0
2026-03-27 02:00:00+00:00,4417.246,4440.666,4416.971,4431.939,24022,280,0
2026-03-27 03:00:00+00:00,4431.943,4446.168,4421.028,4437.392,18631,280,0
2026-03-27 04:00:00+00:00,4437.484,4449.489,4431.378,4446.151,10342,280,0
2026-03-27 05:00:00+00:00,4446.12,4475.324,4440.43,4454.602,24594,280,0
2026-03-27 06:00:00+00:00,4454.56,4472.989,4451.687,4459.554,24739,280,0
2026-03-27 07:00:00+00:00,4459.732,4462.909,4442.667,4447.552,18478,280,0
2026-03-27 08:00:00+00:00,4447.529,4450.874,4423.707,4424.257,22967,280,0
2026-03-27 09:00:00+00:00,4424.211,4438.36,4420.813,4428.903,19538,280,0
2026-03-27 10:00:00+00:00,4428.925,4432.908,4410.478,4414.843,18506,280,0
2026-03-27 11:00:00+00:00,4414.916,4426.219,4404.211,4419.818,20623,280,0
2026-03-27 12:00:00+00:00,4419.871,4445.323,4412.624,4437.744,24267,280,0
2026-03-27 13:00:00+00:00,4437.801,4443.796,4413.404,4431.56,31497,280,0
2026-03-27 14:00:00+00:00,4431.614,4514.86,4430.649,4509.746,41563,280,0
2026-03-27 15:00:00+00:00,4509.557,4555.421,4501.75,4523.995,49651,280,0
2026-03-27 16:00:00+00:00,4524.058,4533.849,4505.525,4515.931,25220,280,0
2026-03-27 17:00:00+00:00,4515.996,4521.969,4486.217,4486.464,23681,280,0
2026-03-27 18:00:00+00:00,4486.54,4528.674,4486.54,4516.907,22002,280,0
2026-03-27 19:00:00+00:00,4516.847,4526.21,4500.64,4514.485,20028,280,0
2026-03-27 20:00:00+00:00,4514.528,4520.327,4490.899,4495.377,11591,280,0
2026-03-29 22:00:00+00:00,4511.704,4514.06,4480.369,4484.617,17375,280,0
2026-03-29 23:00:00+00:00,4484.563,4492.434,4443.749,4448.566,16235,280,0
2026-03-30 00:00:00+00:00,4448.654,4466.886,4418.467,4432.287,36127,280,0
2026-03-30 01:00:00+00:00,4432.23,4475.613,4431.767,4469.458,35331,280,0
2026-03-30 02:00:00+00:00,4469.395,4499.332,4458.729,4481.208,20572,280,0
2026-03-30 03:00:00+00:00,4481.149,4517.59,4478.796,4496.149,17020,280,0
2026-03-30 04:00:00+00:00,4496.038,4498.798,4486.116,4496.824,9957,280,0
2026-03-30 05:00:00+00:00,4496.944,4528.363,4496.694,4522.285,15395,280,0
2026-03-30 06:00:00+00:00,4522.252,4550.5,4516.996,4532.561,20042,280,0
2026-03-30 07:00:00+00:00,4532.5,4534.889,4515.867,4527.138,16540,280,0
2026-03-30 08:00:00+00:00,4527.14,4540.581,4525.027,4538.142,12217,280,0
2026-03-30 09:00:00+00:00,4538.335,4540.649,4523.727,4532.409,13136,280,0
2026-03-30 10:00:00+00:00,4532.345,4540.116,4527.534,4532.448,10292,280,0
2026-03-30 11:00:00+00:00,4532.504,4580.668,4525.408,4559.413,25390,280,0
2026-03-30 12:00:00+00:00,4559.444,4578.064,4545.312,4569.428,18124,280,0
2026-03-30 13:00:00+00:00,4569.491,4578.665,4516.489,4523.35,38203,280,0
2026-03-30 14:00:00+00:00,4523.29,4541.196,4512.295,4538.539,38075,280,0
2026-03-30 15:00:00+00:00,4538.594,4556.649,4524.772,4548.401,23629,280,0
2026-03-30 16:00:00+00:00,4548.345,4549.739,4531.472,4539.756,16109,280,0
2026-03-30 17:00:00+00:00,4539.855,4542.19,4511.214,4514.881,20039,280,0
2026-03-30 18:00:00+00:00,4514.817,4523.112,4498.362,4498.763,15061,280,0
2026-03-30 19:00:00+00:00,4498.823,4518.379,4492.933,4513.621,22493,280,0
2026-03-30 20:00:00+00:00,4513.548,4516.42,4500.997,4511.221,7288,280,0
2026-03-30 22:00:00+00:00,4513.963,4523.638,4502.09,4510.914,6534,280,0
2026-03-30 23:00:00+00:00,4510.816,4521.239,4492.358,4513.571,9648,280,0
2026-03-31 00:00:00+00:00,4513.541,4548.161,4482.483,4547.732,30986,280,0
2026-03-31 01:00:00+00:00,4547.818,4619.375,4532.119,4605.031,39030,280,0
2026-03-31 02:00:00+00:00,4604.837,4607.129,4565.574,4568.311,23356,280,0
2026-03-31 03:00:00+00:00,4568.242,4576.93,4550.329,4556.941,15611,280,0
2026-03-31 04:00:00+00:00,4556.946,4569.565,4556.946,4564.909,10096,280,0
2026-03-31 05:00:00+00:00,4564.881,4581.773,4547.747,4568.777,15656,280,0
2026-03-31 06:00:00+00:00,4568.921,4569.105,4553.236,4557.319,15035,280,0
2026-03-31 07:00:00+00:00,4557.381,4565.777,4543.2,4564.367,13587,280,0
2026-03-31 08:00:00+00:00,4564.452,4575.031,4560.602,4568.594,12996,280,0
2026-03-31 09:00:00+00:00,4568.693,4572.257,4550.258,4555.413,12543,280,0
2026-03-31 10:00:00+00:00,4555.352,4561.745,4529.324,4546.853,13243,280,0
2026-03-31 11:00:00+00:00,4546.958,4593.128,4540.909,4582.116,27342,280,0
2026-03-31 12:00:00+00:00,4582.172,4597.597,4569.069,4574.886,22264,280,0
2026-03-31 13:00:00+00:00,4574.941,4609.511,4567.818,4607.368,23883,280,0
2026-03-31 14:00:00+00:00,4607.341,4630.083,4594.738,4598.899,37116,280,0
2026-03-31 15:00:00+00:00,4598.967,4625.327,4598.967,4609.586,22041,280,0
2026-03-31 16:00:00+00:00,4609.528,4651.699,4606.911,4638.063,40494,280,0
2026-03-31 17:00:00+00:00,4638.153,4667.367,4636.367,4654.558,34622,280,0
2026-03-31 18:00:00+00:00,4654.517,4671.046,4653.532,4667.415,17832,280,0
2026-03-31 19:00:00+00:00,4667.491,4685.608,4661.556,4682.776,19285,280,0
2026-03-31 20:00:00+00:00,4682.714,4687.332,4664.621,4668.181,9496,280,0
2026-03-31 22:00:00+00:00,4681.652,4696.292,4661.795,4680.896,13064,280,0
2026-03-31 23:00:00+00:00,4680.988,4699.931,4671.763,4696.42,8294,280,0
2026-04-01 00:00:00+00:00,4696.362,4722.524,4693.441,4710.987,17667,280,0
2026-04-01 01:00:00+00:00,4711.044,4724.207,4681.325,4692.558,24816,280,0
2026-04-01 02:00:00+00:00,4692.627,4700.271,4678.22,4684.684,14076,280,0
2026-04-01 03:00:00+00:00,4684.618,4694.236,4679.71,4681.825,9459,280,0
2026-04-01 04:00:00+00:00,4682.032,4682.178,4666.934,4676.425,7725,280,0
2026-04-01 05:00:00+00:00,4676.361,4703.314,4674.741,4684.345,11426,280,0
2026-04-01 06:00:00+00:00,4684.41,4733.078,4682.451,4730.476,16754,280,0
2026-04-01 07:00:00+00:00,4730.533,4747.692,4709.655,4713.118,18407,280,0
2026-04-01 08:00:00+00:00,4712.809,4740.324,4710.434,4728.583,15905,280,0
2026-04-01 09:00:00+00:00,4728.641,4730.149,4713.093,4722.964,12293,280,0
2026-04-01 10:00:00+00:00,4723.142,4738.774,4715.148,4731.273,10556,280,0
2026-04-01 11:00:00+00:00,4731.206,4762.915,4728.06,4752.159,13275,280,0
2026-04-01 12:00:00+00:00,4752.325,4753.66,4724.216,4724.551,28828,280,0
2026-04-01 13:00:00+00:00,4724.787,4749.476,4715.923,4738.166,33053,280,0
2026-04-01 14:00:00+00:00,4738.17,4768.781,4723.998,4760.852,33084,280,0
2026-04-01 15:00:00+00:00,4760.909,4788.332,4758.161,4786.555,20149,280,0
2026-04-01 16:00:00+00:00,4786.544,4790.609,4774.411,4787.284,12981,280,0
2026-04-01 17:00:00+00:00,4787.326,4793.007,4773.501,4774.414,11952,280,0
2026-04-01 18:00:00+00:00,4774.327,4775.203,4742.076,4753.241,23366,280,0
2026-04-01 19:00:00+00:00,4753.3,4778.121,4750.947,4766.098,17982,280,0
2026-04-01 20:00:00+00:00,4765.919,4771.23,4754.089,4756.817,7114,280,0
2026-04-01 22:00:00+00:00,4758.857,4782.69,4756.43,4776.579,4922,280,0
2026-04-01 23:00:00+00:00,4776.513,4800.282,4773.63,4784.149,7996,280,0
2026-04-02 00:00:00+00:00,4784.22,4798.74,4774.863,4784.538,15032,280,0
2026-04-02 01:00:00+00:00,4784.271,4786.413,4650.397,4696.587,82360,280,0
2026-04-02 02:00:00+00:00,4696.422,4703.918,4655.035,4686.898,37622,280,0
2026-04-02 03:00:00+00:00,4686.955,4699.079,4675.542,4676.132,15459,280,0
2026-04-02 04:00:00+00:00,4676.261,4681.447,4657.104,4672.434,13864,280,0
2026-04-02 05:00:00+00:00,4672.494,4680.437,4585.999,4594.065,34019,280,0
2026-04-02 06:00:00+00:00,4594.147,4608.424,4553.87,4599.05,44353,280,0
2026-04-02 07:00:00+00:00,4598.99,4651.185,4597.102,4642.794,20201,280,0
2026-04-02 08:00:00+00:00,4642.787,4648.858,4617.232,4620.758,18286,280,0
2026-04-02 09:00:00+00:00,4620.76,4631.951,4613.079,4621.866,14732,280,0
2026-04-02 10:00:00+00:00,4621.927,4635.23,4603.959,4620.555,15493,280,0
2026-04-02 11:00:00+00:00,4620.523,4630.688,4592.597,4599.963,18281,280,0
2026-04-02 12:00:00+00:00,4600.086,4630.128,4594.429,4601.733,23725,280,0
2026-04-02 13:00:00+00:00,4601.797,4651.417,4580.323,4646.053,59902,280,0
2026-04-02 14:00:00+00:00,4646.077,4699.697,4631.644,4681.392,72603,280,0
2026-04-02 15:00:00+00:00,4681.502,4683.941,4652.468,4660.855,39255,280,0
2026-04-02 16:00:00+00:00,4660.917,4670.484,4642.719,4659.071,25410,280,0
2026-04-02 17:00:00+00:00,4658.996,4668.357,4645.685,4648.717,19811,280,0
2026-04-02 18:00:00+00:00,4648.774,4672.104,4647.419,4668.599,13962,280,0
2026-04-02 19:00:00+00:00,4668.591,4681.735,4661.425,4672.084,15707,280,0
2026-04-02 20:00:00+00:00,4672.145,4676.891,4664.357,4675.248,7639,280,0
2026-04-05 22:00:00+00:00,4662.786,4662.786,4608.436,4645.446,19151,280,0
2026-04-05 23:00:00+00:00,4645.542,4651.281,4605.062,4610.653,11943,280,0
2026-04-06 00:00:00+00:00,4610.685,4629.47,4600.593,4622.193,19479,280,0
2026-04-06 01:00:00+00:00,4622.274,4643.232,4620.396,4625.766,13751,280,0
2026-04-06 02:00:00+00:00,4625.981,4671.856,4623.538,4648.077,17589,280,0
2026-04-06 03:00:00+00:00,4647.974,4648.19,4625.196,4640.548,12691,280,0
2026-04-06 04:00:00+00:00,4640.361,4660.027,4639.858,4658.897,7506,280,0
2026-04-06 05:00:00+00:00,4658.903,4678.881,4651.523,4652.763,10401,280,0
2026-04-06 06:00:00+00:00,4652.77,4667.909,4643.392,4665.842,11983,280,0
2026-04-06 07:00:00+00:00,4665.796,4688.617,4644.963,4684.519,13216,280,0
2026-04-06 08:00:00+00:00,4684.64,4698.211,4680.458,4695.555,13382,280,0
2026-04-06 09:00:00+00:00,4695.623,4706.668,4690.917,4693.626,11504,280,0
2026-04-06 10:00:00+00:00,4693.75,4697.508,4684.772,4689.899,11375,280,0
2026-04-06 11:00:00+00:00,4689.967,4696.869,4676.956,4677.994,10099,280,0
2026-04-06 12:00:00+00:00,4677.935,4686.739,4659.502,4675.88,12372,280,0
2026-04-06 13:00:00+00:00,4675.965,4681.611,4659.65,4679.753,26908,280,0
2026-04-06 14:00:00+00:00,4680.125,4697.673,4660.12,4682.902,31193,280,0
2026-04-06 15:00:00+00:00,4682.976,4684.002,4652.017,4668.19,20491,280,0
2026-04-06 16:00:00+00:00,4668.12,4672.572,4657.656,4660.478,12811,280,0
2026-04-06 17:00:00+00:00,4660.545,4661.051,4645.675,4653.718,15069,280,0
2026-04-06 18:00:00+00:00,4653.775,4666.465,4648.628,4658.174,11645,280,0
2026-04-06 19:00:00+00:00,4658.192,4659.391,4645.337,4655.249,8417,280,0
2026-04-06 20:00:00+00:00,4655.267,4658.339,4649.116,4649.887,4437,280,0
2026-04-06 22:00:00+00:00,4661.108,4667.832,4656.821,4658.345,5420,280,0
2026-04-06 23:00:00+00:00,4658.459,4661.144,4651.601,4658.722,4261,280,0
2026-04-07 00:00:00+00:00,4658.955,4661.428,4648.981,4654.715,9800,280,0
2026-04-07 01:00:00+00:00,4654.692,4664.268,4616.298,4626.761,38788,280,0
2026-04-07 02:00:00+00:00,4626.75,4654.068,4619.737,4650.361,16013,280,0
2026-04-07 03:00:00+00:00,4650.436,4653.975,4639.449,4649.553,9521,280,0
2026-04-07 04:00:00+00:00,4649.489,4664.022,4645.429,4659.789,8229,280,0
2026-04-07 05:00:00+00:00,4659.667,4661.308,4622.793,4642.825,16198,280,0
2026-04-07 06:00:00+00:00,4643.15,4656.431,4637.758,4653.242,15597,280,0
2026-04-07 07:00:00+00:00,4653.169,4657.123,4636.63,4645.858,12211,280,0
2026-04-07 08:00:00+00:00,4646.121,4690.793,4644.146,4682.931,25202,280,0
2026-04-07 09:00:00+00:00,4682.909,4694.584,4658.726,4670.721,16837,280,0
2026-04-07 10:00:00+00:00,4670.799,4680.449,4649.137,4652.178,23780,280,0
2026-04-07 11:00:00+00:00,4652.108,4664.211,4628.667,4659.796,17688,280,0
2026-04-07 12:00:00+00:00,4659.862,4670.777,4646.713,4651.65,19456,280,0
2026-04-07 13:00:00+00:00,4651.471,4663.087,4635.461,4644.374,27762,280,0
2026-04-07 14:00:00+00:00,4644.08,4661.237,4607.349,4633.392,38108,280,0
2026-04-07 15:00:00+00:00,4633.326,4659.303,4624.756,4655.672,25992,280,0
2026-04-07 16:00:00+00:00,4655.465,4668.283,4652.411,4657.12,20197,280,0
2026-04-07 17:00:00+00:00,4657.172,4686.517,4653.77,4676.051,17634,280,0
2026-04-07 18:00:00+00:00,4675.9,4686.355,4657.35,4662.318,13369,280,0
2026-04-07 19:00:00+00:00,4662.379,4718.557,4660.69,4700.621,65048,280,0
2026-04-07 20:00:00+00:00,4700.684,4717.059,4697.2,4706.244,15839,280,0
2026-04-07 22:00:00+00:00,4740.816,4819.699,4713.602,4818.159,27264,360,0
2026-04-07 23:00:00+00:00,4818.397,4836.336,4801.791,4833.203,26972,280,0
2026-04-08 00:00:00+00:00,4833.28,4857.307,4808.662,4817.871,33147,280,0
2026-04-08 01:00:00+00:00,4817.755,4825.358,4788.058,4810.231,31154,280,0
2026-04-08 02:00:00+00:00,4810.151,4825.216,4798.637,4803.729,12934,280,0
2026-04-08 03:00:00+00:00,4803.788,4805.984,4794.929,4797.596,10160,280,0
2026-04-08 04:00:00+00:00,4797.615,4806.661,4790.246,4803.451,9102,280,0
2026-04-08 05:00:00+00:00,4803.391,4843.8,4800.286,4827.252,12745,280,0
2026-04-08 06:00:00+00:00,4827.26,4839.718,4819.918,4820.019,16316,280,0
2026-04-08 07:00:00+00:00,4820.084,4821.229,4805.271,4813.411,14030,280,0
2026-04-08 08:00:00+00:00,4813.481,4819.831,4790.3,4793.756,13580,280,0
2026-04-08 09:00:00+00:00,4793.945,4806.732,4776.244,4783.316,12280,280,0
2026-04-08 10:00:00+00:00,4783.257,4796.177,4771.126,4782.71,10311,280,0
2026-04-08 11:00:00+00:00,4782.625,4802.742,4777.847,4798.467,15267,280,0
2026-04-08 12:00:00+00:00,4798.663,4807.09,4768.442,4799.671,23029,280,0
2026-04-08 13:00:00+00:00,4799.486,4806.699,4767.28,4777.491,29300,280,0
2026-04-08 14:00:00+00:00,4777.832,4792.002,4732.276,4736.372,37189,280,0
2026-04-08 15:00:00+00:00,4736.198,4763.218,4734.201,4756.35,21679,280,0
2026-04-08 16:00:00+00:00,4756.597,4765.618,4745.442,4760.659,13465,280,0
2026-04-08 17:00:00+00:00,4760.547,4764.313,4731.585,4734.027,15900,280,0
2026-04-08 18:00:00+00:00,4734.074,4744.514,4703.423,4705.432,25560,280,0
2026-04-08 19:00:00+00:00,4705.241,4731.887,4699.492,4730.536,20179,280,0
2026-04-08 20:00:00+00:00,4730.434,4732.071,4716.984,4719.47,6289,280,0
2026-04-08 22:00:00+00:00,4729.169,4732.456,4704.709,4717.757,8310,280,0
2026-04-08 23:00:00+00:00,4717.644,4720.072,4705.359,4715.52,6921,280,0
2026-04-09 00:00:00+00:00,4715.592,4719.092,4698.134,4706.629,13948,280,0
2026-04-09 01:00:00+00:00,4706.571,4727.988,4699.534,4727.112,21291,280,0
2026-04-09 02:00:00+00:00,4727.176,4732.952,4717.534,4718.986,10235,280,0
2026-04-09 03:00:00+00:00,4718.965,4720.349,4705.184,4711.412,9878,280,0
2026-04-09 04:00:00+00:00,4711.408,4725.51,4709.712,4720.926,6525,280,0
2026-04-09 05:00:00+00:00,4720.986,4726.648,4705.651,4713.348,11704,280,0
2026-04-09 06:00:00+00:00,4713.278,4725.256,4703.348,4712.632,13529,280,0
2026-04-09 07:00:00+00:00,4712.569,4731.242,4705.665,4724.192,16043,280,0
2026-04-09 08:00:00+00:00,4724.372,4733.186,4719.808,4726.249,10121,280,0
2026-04-09 09:00:00+00:00,4726.149,4733.382,4723.051,4729.219,8540,280,0
2026-04-09 10:00:00+00:00,4729.107,4746.644,4723.414,4741.117,9720,280,0
2026-04-09 11:00:00+00:00,4740.935,4757.459,4738.459,4756.362,8862,280,0
2026-04-09 12:00:00+00:00,4756.426,4759.843,4734.758,4745.843,14031,280,0
2026-04-09 13:00:00+00:00,4745.954,4777.17,4738.555,4764.365,22827,280,0
2026-04-09 14:00:00+00:00,4764.512,4776.23,4747.056,4768.249,20171,280,0
2026-04-09 15:00:00+00:00,4768.308,4797.931,4761.197,4792.838,21498,280,0
2026-04-09 16:00:00+00:00,4792.881,4801.051,4784.3,4788.667,13879,280,0
2026-04-09 17:00:00+00:00,4788.727,4801.202,4786.656,4797.84,10352,280,0
2026-04-09 18:00:00+00:00,4797.571,4798.155,4767.551,4772.235,15925,280,0
2026-04-09 19:00:00+00:00,4772.169,4782.662,4766.847,4768.865,23863,280,0
2026-04-09 20:00:00+00:00,4768.923,4773.392,4760.74,4764.982,5857,280,0
2026-04-09 22:00:00+00:00,4779.108,4779.317,4758.617,4764.028,6198,280,0
2026-04-09 23:00:00+00:00,4764.061,4764.24,4756.725,4763.591,4777,280,0
2026-04-10 00:00:00+00:00,4763.654,4763.654,4750.739,4762.809,10621,280,0
2026-04-10 01:00:00+00:00,4762.787,4777.108,4757.997,4764.562,14128,280,0
2026-04-10 02:00:00+00:00,4764.69,4765.366,4737.872,4752.9,12387,280,0
2026-04-10 03:00:00+00:00,4752.836,4769.425,4752.742,4766.342,8012,280,0
2026-04-10 04:00:00+00:00,4766.578,4770.841,4757.968,4758.679,5360,280,0
2026-04-10 05:00:00+00:00,4758.669,4769.285,4757.44,4766.096,8302,280,0
2026-04-10 06:00:00+00:00,4765.904,4765.904,4742.716,4746.28,11136,280,0
2026-04-10 07:00:00+00:00,4746.223,4757.435,4741.21,4749.723,8170,280,0
2026-04-10 08:00:00+00:00,4749.809,4753.281,4730.601,4740.771,10500,280,0
2026-04-10 09:00:00+00:00,4740.632,4760.651,4740.483,4751.373,11303,280,0
2026-04-10 10:00:00+00:00,4751.55,4760.624,4742.13,4757.192,7264,280,0
2026-04-10 11:00:00+00:00,4756.938,4768.735,4753.145,4768.056,7415,280,0
2026-04-10 12:00:00+00:00,4768.19,4782.204,4759.699,4771.927,15415,160,0
2026-04-10 13:00:00+00:00,4771.858,4780.398,4764.909,4775.1,20880,280,0
2026-04-10 14:00:00+00:00,4775.317,4795.16,4767.463,4774.877,21188,280,0
2026-04-10 15:00:00+00:00,4774.949,4787.323,4754.924,4761.985,18549,280,0
2026-04-10 16:00:00+00:00,4762.151,4766.03,4747.379,4763.877,15171,280,0
2026-04-10 17:00:00+00:00,4763.855,4768.662,4758.07,4760.388,10148,280,0
2026-04-10 18:00:00+00:00,4760.453,4773.165,4750.814,4765.059,9467,280,0
2026-04-10 19:00:00+00:00,4765.236,4770.421,4758.304,4759.73,7852,280,0
2026-04-10 20:00:00+00:00,4759.796,4760.007,4741.108,4749.287,7072,280,0
2026-04-12 22:00:00+00:00,4670.253,4685.174,4644.273,4658.844,13768,280,0
2026-04-12 23:00:00+00:00,4658.845,4671.828,4644.379,4671.454,9421,280,0
2026-04-13 00:00:00+00:00,4671.211,4698.609,4664.573,4695.361,14115,280,0
2026-04-13 01:00:00+00:00,4695.415,4727.97,4693.591,4721.125,23326,280,0
2026-04-13 02:00:00+00:00,4721.306,4727.907,4711.283,4720.565,12127,280,0
2026-04-13 03:00:00+00:00,4720.28,4723.823,4712.165,4718.269,7439,280,0
2026-04-13 04:00:00+00:00,4718.248,4724.982,4708.178,4722.995,7139,280,0
2026-04-13 05:00:00+00:00,4723.104,4730.762,4716.304,4729.518,9482,280,0
2026-04-13 06:00:00+00:00,4729.279,4732.739,4720.674,4725.415,10971,280,0
2026-04-13 07:00:00+00:00,4725.517,4740.049,4724.92,4733.719,11402,280,0
2026-04-13 08:00:00+00:00,4733.795,4738.657,4720.042,4723.423,10187,280,0
2026-04-13 09:00:00+00:00,4723.472,4728.643,4710.619,4714.755,10276,280,0
2026-04-13 10:00:00+00:00,4714.717,4723.854,4708.223,4721.986,7884,280,0
2026-04-13 11:00:00+00:00,4721.92,4729.169,4703.522,4706.656,12145,280,0
2026-04-13 12:00:00+00:00,4706.739,4725.15,4703.622,4723.506,14250,280,0
2026-04-13 13:00:00+00:00,4723.478,4744.569,4721.146,4730.495,27403,280,0
2026-04-13 14:00:00+00:00,4730.517,4731.362,4708.789,4719.158,22688,280,0
2026-04-13 15:00:00+00:00,4718.896,4719.819,4700.145,4714.534,17429,280,0
2026-04-13 16:00:00+00:00,4714.313,4746.229,4709.38,4733.07,22748,280,0
2026-04-13 17:00:00+00:00,4733.096,4749.869,4725.611,4730.011,12960,280,0
2026-04-13 18:00:00+00:00,4729.98,4740.775,4723.056,4738.261,8942,280,0
2026-04-13 19:00:00+00:00,4738.182,4747.44,4730.649,4741.205,8512,280,0
2026-04-13 20:00:00+00:00,4741.093,4744.178,4738.175,4741.043,4288,280,0
2026-04-13 22:00:00+00:00,4750.702,4759.45,4745.933,4757.822,5314,280,0
2026-04-13 23:00:00+00:00,4757.797,4765.991,4754.434,4757.481,5342,280,0
2026-04-14 00:00:00+00:00,4757.639,4775.752,4751.504,4769.656,10910,280,0
2026-04-14 01:00:00+00:00,4769.604,4776.97,4761.786,4764.584,14314,280,0
2026-04-14 02:00:00+00:00,4764.515,4777.298,4762.096,4774.948,8588,280,0
2026-04-14 03:00:00+00:00,4774.962,4775.608,4765.663,4768.152,6080,280,0
2026-04-14 04:00:00+00:00,4768.232,4776.855,4766.835,4774.21,4359,280,0
2026-04-14 05:00:00+00:00,4774.242,4774.312,4758.055,4760.104,8941,280,0
2026-04-14 06:00:00+00:00,4760.134,4783.084,4760.035,4781.944,9432,280,0
2026-04-14 07:00:00+00:00,4782.016,4796.392,4767.897,4777.05,14649,280,0
2026-04-14 08:00:00+00:00,4776.967,4789.798,4774.12,4786.573,9554,280,0
2026-04-14 09:00:00+00:00,4786.918,4789.119,4771.318,4778.305,8821,280,0
2026-04-14 10:00:00+00:00,4778.232,4788.073,4751.85,4768.531,9921,280,0
2026-04-14 11:00:00+00:00,4768.466,4782.988,4766.715,4775.028,9264,280,0
2026-04-14 12:00:00+00:00,4775.085,4777.486,4762.195,4771.434,13782,280,0
2026-04-14 13:00:00+00:00,4771.137,4803.307,4771.016,4794.423,20138,280,0
2026-04-14 14:00:00+00:00,4794.486,4817.872,4792.895,4803.946,18855,280,0
2026-04-14 15:00:00+00:00,4803.803,4816.107,4791.063,4808.034,14227,280,0
2026-04-14 16:00:00+00:00,4807.955,4820.311,4804.894,4810.224,10240,280,0
2026-04-14 17:00:00+00:00,4810.226,4841.377,4809.314,4835.17,11387,280,0
2026-04-14 18:00:00+00:00,4835.11,4843.367,4830.864,4835.712,8150,280,0
2026-04-14 19:00:00+00:00,4835.755,4846.292,4835.728,4844.608,7637,280,0
2026-04-14 20:00:00+00:00,4844.678,4846.024,4839.499,4840.682,3949,280,0
2026-04-14 22:00:00+00:00,4839.717,4850.545,4833.191,4835.099,5592,308,0
2026-04-14 23:00:00+00:00,4835.039,4844.159,4833.669,4836.91,5971,280,0
2026-04-15 00:00:00+00:00,4836.967,4839.721,4827.128,4835.604,8049,280,0
2026-04-15 01:00:00+00:00,4835.557,4871.29,4828.251,4847.213,18871,280,0
2026-04-15 02:00:00+00:00,4846.878,4853.327,4820.325,4823.991,14034,280,0
2026-04-15 03:00:00+00:00,4823.703,4829.427,4816.735,4823.921,8371,280,0
2026-04-15 04:00:00+00:00,4824.061,4827.733,4820.459,4825.055,5151,280,0
2026-04-15 05:00:00+00:00,4824.811,4830.279,4812.509,4819.716,11880,280,0
2026-04-15 06:00:00+00:00,4819.834,4824.958,4810.963,4811.64,9810,280,0
2026-04-15 07:00:00+00:00,4811.798,4817.015,4803.857,4811.01,11757,280,0
2026-04-15 08:00:00+00:00,4810.905,4821.061,4804.563,4818.192,9738,280,0
2026-04-15 09:00:00+00:00,4818.131,4819.285,4786.07,4798.1,14009,280,0
2026-04-15 10:00:00+00:00,4798.166,4805.083,4790.003,4799.943,12417,280,0
2026-04-15 11:00:00+00:00,4800.133,4814.975,4795.564,4812.701,9635,280,0
2026-04-15 12:00:00+00:00,4812.634,4816.115,4806.949,4811.73,9982,280,0
2026-04-15 13:00:00+00:00,4811.667,4830.049,4808.411,4828.622,17773,280,0
2026-04-15 14:00:00+00:00,4828.535,4830.631,4813.347,4815.579,13690,280,0
2026-04-15 15:00:00+00:00,4815.684,4816.169,4786.713,4801.779,17046,280,0
2026-04-15 16:00:00+00:00,4801.713,4812.685,4800.028,4803.77,11300,280,0
2026-04-15 17:00:00+00:00,4803.796,4808.657,4790.816,4792.507,9955,280,0
2026-04-15 18:00:00+00:00,4792.578,4802.0,4789.954,4799.818,9284,280,0
2026-04-15 19:00:00+00:00,4799.64,4803.466,4794.342,4795.93,7072,280,0
2026-04-15 20:00:00+00:00,4795.989,4796.718,4787.686,4791.109,4396,280,0
2026-04-15 22:00:00+00:00,4797.183,4811.94,4791.006,4807.675,4719,280,0
2026-04-15 23:00:00+00:00,4807.654,4826.643,4807.53,4823.481,4543,280,0
2026-04-16 00:00:00+00:00,4823.314,4837.474,4820.355,4832.932,8110,280,0
2026-04-16 01:00:00+00:00,4832.873,4836.438,4811.195,4818.04,11009,280,0
2026-04-16 02:00:00+00:00,4817.978,4824.957,4812.432,4819.492,8391,280,0
2026-04-16 03:00:00+00:00,4819.711,4826.928,4818.99,4824.153,5871,280,0
2026-04-16 04:00:00+00:00,4824.153,4833.491,4822.867,4832.801,4618,280,0
2026-04-16 05:00:00+00:00,4832.859,4838.319,4821.108,4821.335,8158,280,0
2026-04-16 06:00:00+00:00,4821.391,4830.368,4814.187,4826.113,11147,280,0
2026-04-16 07:00:00+00:00,4826.171,4830.93,4816.982,4821.18,10466,280,0
2026-04-16 08:00:00+00:00,4821.199,4821.836,4806.39,4813.545,9941,280,0
2026-04-16 09:00:00+00:00,4813.571,4817.857,4806.802,4812.59,8055,280,0
2026-04-16 10:00:00+00:00,4812.602,4817.312,4804.999,4817.003,7209,280,0
2026-04-16 11:00:00+00:00,4817.071,4822.457,4815.485,4822.166,7012,280,0
2026-04-16 12:00:00+00:00,4822.218,4823.088,4811.381,4816.316,9248,280,0
2026-04-16 13:00:00+00:00,4816.143,4823.95,4784.636,4794.709,21135,280,0
2026-04-16 14:00:00+00:00,4794.623,4805.283,4772.888,4788.505,27294,280,0
2026-04-16 15:00:00+00:00,4788.703,4812.916,4788.113,4806.736,17678,280,0
2026-04-16 16:00:00+00:00,4806.671,4810.103,4785.116,4791.927,13765,280,0
2026-04-16 17:00:00+00:00,4792.201,4795.391,4781.403,4788.958,11546,280,0
2026-04-16 18:00:00+00:00,4788.918,4794.016,4785.745,4789.32,8953,280,0
2026-04-16 19:00:00+00:00,4789.369,4798.615,4789.369,4793.716,7320,280,0
2026-04-16 20:00:00+00:00,4793.648,4793.908,4786.284,4790.046,3886,280,0
2026-04-16 22:00:00+00:00,4794.428,4797.851,4790.956,4795.354,4564,280,0
2026-04-16 23:00:00+00:00,4795.296,4797.834,4791.644,4791.644,4247,280,0
2026-04-17 00:00:00+00:00,4791.552,4801.194,4785.895,4794.883,6998,280,0
2026-04-17 01:00:00+00:00,4794.945,4795.647,4767.467,4789.244,15261,280,0
2026-04-17 02:00:00+00:00,4789.24,4794.551,4784.436,4784.664,7240,280,0
2026-04-17 03:00:00+00:00,4784.721,4798.115,4784.721,4793.397,6835,280,0
2026-04-17 04:00:00+00:00,4793.308,4804.665,4792.499,4802.802,4701,280,0
2026-04-17 05:00:00+00:00,4802.813,4806.312,4793.611,4794.256,8409,280,0
2026-04-17 06:00:00+00:00,4794.35,4795.259,4779.128,4784.985,9330,280,0
2026-04-17 07:00:00+00:00,4785.121,4794.728,4778.759,4784.453,7906,280,0
2026-04-17 08:00:00+00:00,4784.439,4796.696,4780.91,4795.737,7520,280,0
2026-04-17 09:00:00+00:00,4795.678,4800.86,4790.054,4790.433,6798,280,0
2026-04-17 10:00:00+00:00,4790.491,4793.883,4782.148,4787.196,6441,280,0
2026-04-17 11:00:00+00:00,4787.256,4811.712,4783.354,4799.193,8012,280,0
2026-04-17 12:00:00+00:00,4799.258,4847.725,4797.556,4846.176,22429,280,0
2026-04-17 13:00:00+00:00,4846.289,4889.686,4834.942,4879.99,44552,280,0
2026-04-17 14:00:00+00:00,4880.05,4885.527,4860.627,4873.221,22819,280,0
2026-04-17 15:00:00+00:00,4873.288,4880.32,4854.683,4867.484,20164,280,0
2026-04-17 16:00:00+00:00,4867.415,4873.494,4863.672,4866.776,9808,280,0
2026-04-17 17:00:00+00:00,4866.89,4869.452,4853.618,4862.582,13530,280,0
2026-04-17 18:00:00+00:00,4862.394,4868.01,4855.996,4858.295,8828,280,0
2026-04-17 19:00:00+00:00,4858.353,4861.224,4852.706,4854.478,8791,280,0
2026-04-17 20:00:00+00:00,4854.638,4855.169,4830.619,4832.686,9635,280,0
2026-04-19 22:00:00+00:00,4774.48,4795.312,4770.877,4779.312,11482,360,0
2026-04-19 23:00:00+00:00,4779.331,4779.386,4736.757,4755.037,12138,360,0
2026-04-20 00:00:00+00:00,4755.259,4774.289,4744.867,4772.355,15692,280,0
2026-04-20 01:00:00+00:00,4772.45,4814.36,4771.159,4807.898,18960,280,0
2026-04-20 02:00:00+00:00,4807.75,4808.946,4792.956,4797.346,9854,280,0
2026-04-20 03:00:00+00:00,4797.285,4798.239,4788.811,4790.948,7659,280,0
2026-04-20 04:00:00+00:00,4791.011,4795.838,4786.963,4788.827,6241,280,0
2026-04-20 05:00:00+00:00,4788.634,4795.816,4779.428,4790.83,11582,280,0
2026-04-20 06:00:00+00:00,4790.584,4795.329,4783.709,4795.329,11591,280,0
2026-04-20 07:00:00+00:00,4795.438,4805.556,4786.868,4789.625,11961,280,0
2026-04-20 08:00:00+00:00,4789.629,4796.022,4785.908,4795.925,8456,280,0
2026-04-20 09:00:00+00:00,4795.886,4797.854,4783.231,4791.465,8160,280,0
2026-04-20 10:00:00+00:00,4791.726,4800.84,4789.953,4795.651,6460,280,0
2026-04-20 11:00:00+00:00,4795.729,4810.849,4786.578,4810.288,9053,280,0
2026-04-20 12:00:00+00:00,4810.23,4822.047,4798.922,4803.462,13036,280,0
2026-04-20 13:00:00+00:00,4803.521,4826.382,4799.553,4817.912,19919,280,0
2026-04-20 14:00:00+00:00,4817.976,4827.614,4792.396,4805.149,23190,280,0
2026-04-20 15:00:00+00:00,4805.206,4809.489,4792.519,4799.526,18323,280,0
2026-04-20 16:00:00+00:00,4799.719,4806.114,4792.717,4805.312,9390,280,0
2026-04-20 17:00:00+00:00,4805.385,4812.241,4803.833,4806.806,8003,280,0
2026-04-20 18:00:00+00:00,4806.9,4816.533,4806.9,4813.934,6839,280,0
2026-04-20 19:00:00+00:00,4813.837,4821.458,4810.369,4814.117,5910,280,0
2026-04-20 20:00:00+00:00,4814.089,4821.975,4812.086,4820.757,3857,280,0
2026-04-20 22:00:00+00:00,4827.5,4833.046,4820.848,4827.738,6737,280,0
2026-04-20 23:00:00+00:00,4827.491,4831.903,4819.85,4821.549,4409,280,0
2026-04-21 00:00:00+00:00,4821.611,4830.641,4816.689,4823.773,9440,280,0
2026-04-21 01:00:00+00:00,4823.819,4824.392,4805.594,4810.001,10584,280,0
2026-04-21 02:00:00+00:00,4810.208,4810.453,4802.312,4806.928,7366,280,0
2026-04-21 03:00:00+00:00,4807.008,4807.741,4792.545,4797.204,7434,280,0
2026-04-21 04:00:00+00:00,4797.04,4797.894,4788.774,4788.989,5914,280,0
2026-04-21 05:00:00+00:00,4789.022,4796.731,4782.976,4784.203,9750,280,0
2026-04-21 06:00:00+00:00,4784.162,4790.507,4774.363,4778.934,11277,280,0
2026-04-21 07:00:00+00:00,4778.84,4792.684,4772.668,4786.082,8957,280,0
2026-04-21 08:00:00+00:00,4786.149,4792.735,4774.599,4786.236,8904,280,0
2026-04-21 09:00:00+00:00,4786.17,4789.606,4781.124,4783.794,7306,280,0
2026-04-21 10:00:00+00:00,4783.853,4790.343,4780.765,4789.501,5882,280,0
2026-04-21 11:00:00+00:00,4789.604,4797.993,4775.267,4794.697,9577,280,0
2026-04-21 12:00:00+00:00,4794.756,4797.031,4766.656,4778.661,14302,280,0
2026-04-21 13:00:00+00:00,4778.53,4794.174,4760.337,4779.143,22801,280,0
2026-04-21 14:00:00+00:00,4779.084,4782.489,4723.326,4738.815,33005,280,0
2026-04-21 15:00:00+00:00,4739.001,4757.551,4727.803,4741.547,31109,280,0
2026-04-21 16:00:00+00:00,4741.452,4746.762,4707.933,4711.131,19507,280,0
2026-04-21 17:00:00+00:00,4711.189,4722.227,4696.818,4710.846,26441,280,0
2026-04-21 18:00:00+00:00,4710.73,4714.622,4692.198,4709.038,16740,280,0
2026-04-21 19:00:00+00:00,4709.095,4715.084,4668.161,4679.309,29356,280,0
2026-04-21 20:00:00+00:00,4679.403,4719.322,4668.715,4718.75,20700,280,0
2026-04-21 22:00:00+00:00,4719.882,4729.364,4715.424,4719.303,6128,280,0
2026-04-21 23:00:00+00:00,4719.345,4740.405,4718.163,4737.871,6115,280,0
2026-04-22 00:00:00+00:00,4738.047,4747.389,4738.047,4739.886,8868,280,0
2026-04-22 01:00:00+00:00,4739.618,4754.496,4736.04,4752.2,12054,280,0
2026-04-22 02:00:00+00:00,4752.096,4758.866,4750.099,4755.595,7001,280,0
2026-04-22 03:00:00+00:00,4755.529,4765.034,4753.144,4758.242,6413,280,0
2026-04-22 04:00:00+00:00,4758.289,4759.599,4752.308,4754.579,5691,280,0
2026-04-22 05:00:00+00:00,4754.439,4772.175,4752.159,4767.512,10056,280,0
2026-04-22 06:00:00+00:00,4767.422,4767.798,4758.706,4767.45,6504,280,0
2026-04-22 07:00:00+00:00,4767.39,4772.356,4759.623,4760.633,7558,280,0
2026-04-22 08:00:00+00:00,4760.64,4762.294,4751.779,4757.105,7456,280,0
2026-04-22 09:00:00+00:00,4757.038,4762.362,4752.181,4755.105,7078,280,0
2026-04-22 10:00:00+00:00,4755.179,4760.084,4745.584,4759.141,7245,280,0
2026-04-22 11:00:00+00:00,4759.09,4760.733,4747.644,4750.453,7728,280,0
2026-04-22 12:00:00+00:00,4750.376,4760.148,4742.746,4744.318,11083,280,0
2026-04-22 13:00:00+00:00,4744.26,4760.704,4736.247,4752.707,20316,280,0
2026-04-22 14:00:00+00:00,4752.776,4757.265,4730.046,4735.753,17398,280,0
2026-04-22 15:00:00+00:00,4735.811,4740.21,4724.903,4727.73,13036,280,0
2026-04-22 16:00:00+00:00,4727.815,4735.037,4723.727,4728.527,9491,280,0
2026-04-22 17:00:00+00:00,4728.47,4739.333,4728.437,4737.237,8688,280,0
2026-04-22 18:00:00+00:00,4737.293,4749.386,4729.841,4741.626,7004,280,0
2026-04-22 19:00:00+00:00,4741.737,4745.261,4736.81,4740.029,7772,280,0
2026-04-22 20:00:00+00:00,4740.158,4740.399,4734.455,4739.443,4451,280,0
2026-04-22 22:00:00+00:00,4744.823,4745.817,4725.789,4726.047,4392,280,0
2026-04-22 23:00:00+00:00,4726.11,4729.805,4723.353,4727.939,4476,280,0
2026-04-23 00:00:00+00:00,4728.005,4753.764,4694.007,4748.256,26663,280,0
2026-04-23 01:00:00+00:00,4747.887,4749.918,4722.479,4723.326,15422,280,0
2026-04-23 02:00:00+00:00,4723.25,4724.785,4697.981,4698.75,18708,280,0
2026-04-23 03:00:00+00:00,4698.882,4708.583,4697.982,4703.898,13049,280,0
2026-04-23 04:00:00+00:00,4703.881,4707.008,4698.524,4704.206,6467,280,0
2026-04-23 05:00:00+00:00,4704.202,4715.114,4692.243,4713.435,11351,280,0
2026-04-23 06:00:00+00:00,4713.33,4721.346,4708.578,4712.703,10256,280,0
2026-04-23 07:00:00+00:00,4712.924,4720.455,4702.96,4718.93,10831,280,0
2026-04-23 08:00:00+00:00,4719.051,4724.91,4701.402,4703.438,8932,280,0
2026-04-23 09:00:00+00:00,4703.349,4703.757,4694.688,4697.377,9942,280,0
2026-04-23 10:00:00+00:00,4697.311,4701.644,4684.142,4696.355,10631,280,0
2026-04-23 11:00:00+00:00,4696.411,4720.803,4695.588,4720.416,10164,280,0
2026-04-23 12:00:00+00:00,4720.479,4743.127,4719.57,4739.893,18522,280,0
2026-04-23 13:00:00+00:00,4739.956,4741.178,4723.727,4724.235,17518,280,0
2026-04-23 14:00:00+00:00,4724.454,4736.684,4716.894,4733.687,19596,280,0
2026-04-23 15:00:00+00:00,4733.729,4741.042,4716.289,4720.464,15067,280,0
2026-04-23 16:00:00+00:00,4720.522,4736.941,4715.552,4732.719,10562,280,0
2026-04-23 17:00:00+00:00,4732.75,4734.368,4664.091,4709.108,46599,280,0
2026-04-23 18:00:00+00:00,4709.165,4721.933,4699.252,4701.192,22753,280,0
2026-04-23 19:00:00+00:00,4701.107,4704.47,4689.266,4695.983,15515,280,0
2026-04-23 20:00:00+00:00,4695.921,4698.221,4686.376,4692.947,6785,280,0
2026-04-23 22:00:00+00:00,4699.668,4699.89,4690.073,4693.076,4701,280,0
2026-04-23 23:00:00+00:00,4693.089,4700.694,4686.564,4695.224,5607,280,0
2026-04-24 00:00:00+00:00,4695.151,4707.863,4690.816,4704.493,12323,280,0
2026-04-24 01:00:00+00:00,4704.396,4711.043,4690.191,4699.31,14794,280,0
2026-04-24 02:00:00+00:00,4699.224,4700.509,4672.889,4676.786,12580,280,0
2026-04-24 03:00:00+00:00,4676.845,4678.296,4668.64,4672.137,9437,280,0
2026-04-24 04:00:00+00:00,4672.085,4676.903,4657.574,4674.252,9099,280,0
2026-04-24 05:00:00+00:00,4674.319,4687.34,4669.483,4686.193,9046,280,0
2026-04-24 06:00:00+00:00,4686.25,4688.139,4666.715,4672.041,9027,280,0
2026-04-24 07:00:00+00:00,4671.951,4695.222,4670.883,4694.412,7586,280,0
2026-04-24 08:00:00+00:00,4694.337,4697.326,4685.173,4690.908,8256,280,0
2026-04-24 09:00:00+00:00,4690.964,4696.641,4679.203,4682.066,9018,280,0
2026-04-24 10:00:00+00:00,4681.966,4686.314,4674.541,4677.892,7311,280,0
2026-04-24 11:00:00+00:00,4677.821,4717.219,4677.821,4706.672,21630,280,0
2026-04-24 12:00:00+00:00,4706.749,4711.667,4690.197,4700.593,13355,280,0
2026-04-24 13:00:00+00:00,4700.667,4717.503,4689.474,4711.927,18754,280,0
2026-04-24 14:00:00+00:00,4711.787,4740.221,4706.822,4726.374,22839,280,0
2026-04-24 15:00:00+00:00,4726.437,4733.238,4714.465,4727.004,19377,280,0
2026-04-24 16:00:00+00:00,4726.929,4729.668,4719.013,4726.505,11529,280,0
2026-04-24 17:00:00+00:00,4726.561,4729.957,4718.911,4723.391,10168,280,0
2026-04-24 18:00:00+00:00,4723.431,4724.752,4716.801,4722.514,6705,280,0
2026-04-24 19:00:00+00:00,4722.572,4725.984,4713.628,4716.617,6952,280,0
2026-04-24 20:00:00+00:00,4716.539,4717.446,4705.292,4708.451,5516,280,0
2026-04-26 22:00:00+00:00,4696.068,4699.827,4680.16,4684.716,6494,280,0
2026-04-26 23:00:00+00:00,4684.615,4684.713,4674.842,4680.054,5297,280,0
2026-04-27 00:00:00+00:00,4680.118,4697.886,4672.08,4697.725,9154,280,0
2026-04-27 01:00:00+00:00,4697.913,4709.77,4690.707,4702.489,15837,280,0
2026-04-27 02:00:00+00:00,4702.57,4723.425,4696.141,4718.258,10501,280,0
2026-04-27 03:00:00+00:00,4718.157,4729.404,4714.494,4724.208,8181,280,0
2026-04-27 04:00:00+00:00,4723.909,4730.124,4722.73,4724.878,5509,280,0
2026-04-27 05:00:00+00:00,4724.796,4725.323,4708.541,4710.126,7825,280,0
2026-04-27 06:00:00+00:00,4709.912,4715.707,4709.084,4712.888,8314,280,0
2026-04-27 07:00:00+00:00,4712.714,4718.191,4710.032,4713.406,7982,280,0
2026-04-27 08:00:00+00:00,4713.175,4714.716,4705.36,4706.607,7538,280,0
2026-04-27 09:00:00+00:00,4706.902,4708.28,4699.082,4703.448,6435,280,0
2026-04-27 10:00:00+00:00,4703.509,4711.035,4699.46,4708.863,5341,280,0
2026-04-27 11:00:00+00:00,4708.918,4709.044,4699.985,4704.635,6476,280,0
2026-04-27 12:00:00+00:00,4704.905,4712.611,4696.785,4699.268,10406,280,0
2026-04-27 13:00:00+00:00,4699.209,4703.444,4689.012,4696.109,16159,280,0
2026-04-27 14:00:00+00:00,4696.239,4696.742,4676.348,4677.902,17493,280,0
2026-04-27 15:00:00+00:00,4678.179,4682.517,4666.989,4670.131,14995,280,0
2026-04-27 16:00:00+00:00,4670.029,4679.281,4667.253,4676.471,8338,280,0
2026-04-27 17:00:00+00:00,4676.528,4686.174,4668.056,4682.301,9373,280,0
2026-04-27 18:00:00+00:00,4682.239,4685.523,4678.822,4680.816,5929,280,0
2026-04-27 19:00:00+00:00,4680.684,4682.712,4676.528,4680.619,5929,280,0
2026-04-27 20:00:00+00:00,4680.752,4681.241,4677.292,4680.033,3210,280,0
2026-04-27 22:00:00+00:00,4684.223,4691.212,4682.204,4687.739,4110,280,0
2026-04-27 23:00:00+00:00,4687.917,4694.948,4687.141,4692.035,3629,280,0
2026-04-28 00:00:00+00:00,4692.097,4701.388,4690.358,4690.358,6747,280,0
2026-04-28 01:00:00+00:00,4690.569,4691.398,4669.287,4670.774,10797,280,0
2026-04-28 02:00:00+00:00,4670.832,4679.566,4666.45,4669.21,9314,280,0
2026-04-28 03:00:00+00:00,4669.091,4675.841,4668.466,4670.943,6435,280,0
2026-04-28 04:00:00+00:00,4670.886,4671.315,4666.532,4667.606,4917,280,0
2026-04-28 05:00:00+00:00,4667.401,4668.028,4623.783,4632.057,17459,280,0
2026-04-28 06:00:00+00:00,4632.219,4643.078,4623.193,4628.921,13420,280,0
2026-04-28 07:00:00+00:00,4628.963,4639.357,4620.582,4633.0,12152,280,0
2026-04-28 08:00:00+00:00,4632.944,4635.228,4614.6,4629.727,13168,280,0
2026-04-28 09:00:00+00:00,4629.672,4630.006,4604.509,4604.916,11551,280,0
2026-04-28 10:00:00+00:00,4604.812,4616.34,4603.166,4603.278,8497,280,0
2026-04-28 11:00:00+00:00,4603.213,4608.553,4555.32,4562.459,20695,280,0
2026-04-28 12:00:00+00:00,4562.346,4600.131,4554.786,4593.803,23089,280,0
2026-04-28 13:00:00+00:00,4593.463,4594.562,4570.692,4580.491,28121,280,0
2026-04-28 14:00:00+00:00,4580.23,4580.747,4557.127,4574.298,28430,280,0
2026-04-28 15:00:00+00:00,4574.242,4586.418,4566.836,4586.219,20179,280,0
2026-04-28 16:00:00+00:00,4586.13,4594.943,4577.959,4592.143,13064,280,0
2026-04-28 17:00:00+00:00,4592.338,4601.437,4587.087,4594.789,10978,280,0
2026-04-28 18:00:00+00:00,4594.786,4600.67,4592.162,4594.324,7709,280,0
2026-04-28 19:00:00+00:00,4594.44,4599.956,4593.417,4595.731,7251,280,0
2026-04-28 20:00:00+00:00,4595.675,4598.566,4591.056,4596.491,4203,280,0
2026-04-28 22:00:00+00:00,4598.337,4599.464,4592.542,4593.924,3130,280,0
2026-04-28 23:00:00+00:00,4593.913,4596.142,4587.81,4595.762,4010,280,0
2026-04-29 00:00:00+00:00,4595.826,4610.404,4594.918,4600.041,9634,280,0
2026-04-29 01:00:00+00:00,4600.385,4600.385,4575.786,4584.583,18252,280,0
2026-04-29 02:00:00+00:00,4584.628,4604.074,4584.628,4593.553,10733,280,0
2026-04-29 03:00:00+00:00,4593.489,4603.273,4592.076,4595.207,6990,280,0
2026-04-29 04:00:00+00:00,4595.267,4605.704,4595.138,4604.634,5527,280,0
2026-04-29 05:00:00+00:00,4604.734,4607.794,4590.61,4590.857,7746,280,0
2026-04-29 06:00:00+00:00,4590.961,4598.547,4580.864,4584.354,10364,280,0
2026-04-29 07:00:00+00:00,4584.273,4588.861,4567.198,4567.95,12000,280,0
2026-04-29 08:00:00+00:00,4568.043,4576.541,4557.175,4573.252,12388,280,0
2026-04-29 09:00:00+00:00,4573.313,4580.67,4551.471,4555.711,11410,280,0
2026-04-29 10:00:00+00:00,4555.586,4576.542,4554.867,4569.878,8731,280,0
2026-04-29 11:00:00+00:00,4569.774,4571.927,4559.302,4561.576,9387,280,0
2026-04-29 12:00:00+00:00,4561.421,4568.867,4541.438,4544.955,12387,280,0
2026-04-29 13:00:00+00:00,4545.01,4553.441,4510.127,4521.797,23972,280,0
2026-04-29 14:00:00+00:00,4521.852,4542.758,4517.697,4539.122,20602,280,0
2026-04-29 15:00:00+00:00,4539.066,4558.663,4536.208,4547.852,21236,280,0
2026-04-29 16:00:00+00:00,4547.794,4565.026,4543.242,4545.281,14685,280,0
2026-04-29 17:00:00+00:00,4545.55,4554.387,4541.504,4547.367,12871,280,0
2026-04-29 18:00:00+00:00,4547.257,4552.659,4517.971,4537.831,31660,280,0
2026-04-29 19:00:00+00:00,4537.909,4550.531,4533.095,4546.904,16229,280,0
2026-04-29 20:00:00+00:00,4546.977,4553.395,4541.362,4543.667,12962,280,0
2026-04-29 22:00:00+00:00,4542.822,4552.508,4539.187,4552.152,4899,280,0
2026-04-29 23:00:00+00:00,4552.037,4562.086,4549.465,4561.679,4730,280,0
2026-04-30 00:00:00+00:00,4561.637,4574.164,4556.215,4569.663,13028,280,0
2026-04-30 01:00:00+00:00,4569.606,4582.361,4564.477,4579.173,13691,280,0
2026-04-30 02:00:00+00:00,4579.174,4581.871,4559.676,4564.699,12101,280,0
2026-04-30 03:00:00+00:00,4564.656,4568.945,4555.685,4556.017,8281,280,0
2026-04-30 04:00:00+00:00,4556.094,4556.943,4540.766,4542.172,9465,280,0
2026-04-30 05:00:00+00:00,4542.107,4569.7,4541.966,4562.677,9843,280,0
2026-04-30 06:00:00+00:00,4562.706,4591.579,4560.252,4589.269,12727,280,0
2026-04-30 07:00:00+00:00,4589.331,4605.514,4584.665,4598.212,10361,280,0
2026-04-30 08:00:00+00:00,4598.271,4629.71,4597.2,4616.314,17140,280,0
2026-04-30 09:00:00+00:00,4616.476,4631.686,4614.246,4624.962,14290,280,0
2026-04-30 10:00:00+00:00,4625.03,4646.985,4623.48,4639.626,14660,280,0
2026-04-30 11:00:00+00:00,4639.633,4645.821,4626.682,4629.938,16415,280,0
2026-04-30 12:00:00+00:00,4629.998,4639.869,4624.629,4639.484,14124,280,0
2026-04-30 13:00:00+00:00,4639.588,4646.122,4610.394,4610.971,24186,280,0
2026-04-30 14:00:00+00:00,4610.701,4626.023,4609.1,4619.765,34605,280,0
2026-04-30 15:00:00+00:00,4619.661,4625.525,4611.248,4615.364,16543,280,0
2026-04-30 16:00:00+00:00,4615.37,4617.715,4605.159,4607.576,11282,280,0
2026-04-30 17:00:00+00:00,4607.327,4621.777,4607.327,4616.624,11239,280,0
2026-04-30 18:00:00+00:00,4616.68,4625.146,4616.68,4622.485,8156,280,0
2026-04-30 19:00:00+00:00,4622.387,4627.489,4614.442,4617.011,8265,280,0
2026-04-30 20:00:00+00:00,4617.07,4622.042,4615.487,4620.659,5552,280,0
2026-04-30 22:00:00+00:00,4627.751,4632.75,4625.196,4630.419,4342,280,0
2026-04-30 23:00:00+00:00,4630.485,4634.006,4626.341,4626.341,4262,280,0
2026-05-01 00:00:00+00:00,4626.523,4630.941,4618.41,4619.669,9370,280,0
2026-05-01 01:00:00+00:00,4619.806,4622.029,4613.727,4620.975,7348,280,0
2026-05-01 02:00:00+00:00,4620.891,4636.1,4616.361,4619.15,7725,280,0
2026-05-01 03:00:00+00:00,4619.093,4631.841,4617.589,4626.758,6397,280,0
2026-05-01 04:00:00+00:00,4626.825,4628.871,4609.098,4609.224,7100,280,0
2026-05-01 05:00:00+00:00,4609.2,4616.072,4602.796,4605.003,6685,280,0
2026-05-01 06:00:00+00:00,4605.006,4607.702,4590.674,4594.608,9250,280,0
2026-05-01 07:00:00+00:00,4594.541,4598.004,4575.937,4578.003,9365,280,0
2026-05-01 08:00:00+00:00,4578.338,4582.522,4564.984,4568.817,8830,280,0
2026-05-01 09:00:00+00:00,4568.986,4572.818,4559.759,4562.752,7575,280,0
2026-05-01 10:00:00+00:00,4562.51,4575.997,4561.312,4566.714,5981,280,0
2026-05-01 11:00:00+00:00,4566.772,4579.571,4562.48,4578.655,7601,280,0
2026-05-01 12:00:00+00:00,4578.697,4607.838,4574.942,4591.176,14819,280,0
2026-05-01 13:00:00+00:00,4590.935,4628.872,4586.495,4625.405,18287,280,0
2026-05-01 14:00:00+00:00,4625.054,4660.228,4625.054,4631.951,27671,280,0
2026-05-01 15:00:00+00:00,4632.056,4648.018,4619.051,4643.315,18155,280,0
2026-05-01 16:00:00+00:00,4642.964,4649.899,4633.906,4639.005,14027,280,0
2026-05-01 17:00:00+00:00,4638.964,4642.642,4626.662,4629.6,9640,280,0
2026-05-01 18:00:00+00:00,4629.685,4630.606,4613.748,4624.375,9390,280,0
2026-05-01 19:00:00+00:00,4624.176,4627.751,4608.813,4610.737,8118,280,0
2026-05-01 20:00:00+00:00,4610.651,4617.066,4607.027,4613.52,5891,280,0
2026-05-03 22:00:00+00:00,4625.982,4629.394,4612.589,4618.962,5873,280,0
2026-05-03 23:00:00+00:00,4618.949,4620.69,4611.106,4613.705,5840,280,0
2026-05-04 00:00:00+00:00,4613.93,4616.364,4601.509,4613.143,11770,280,0
2026-05-04 01:00:00+00:00,4612.987,4614.112,4592.737,4612.889,10669,280,0
2026-05-04 02:00:00+00:00,4612.832,4618.516,4591.022,4605.691,10353,280,0
2026-05-04 03:00:00+00:00,4605.914,4617.144,4598.349,4615.0,10269,280,0
2026-05-04 04:00:00+00:00,4614.996,4615.493,4605.252,4606.073,7349,280,0
2026-05-04 05:00:00+00:00,4606.119,4613.072,4592.275,4598.909,12040,280,0
2026-05-04 06:00:00+00:00,4599.109,4600.5,4583.441,4588.637,11950,280,0
2026-05-04 07:00:00+00:00,4588.701,4593.324,4577.907,4579.056,9761,280,0
2026-05-04 08:00:00+00:00,4579.074,4581.447,4573.564,4577.068,9717,280,0
2026-05-04 09:00:00+00:00,4576.978,4584.561,4572.069,4575.459,6767,280,0
2026-05-04 10:00:00+00:00,4575.475,4575.909,4525.715,4562.425,30261,280,0
2026-05-04 11:00:00+00:00,4562.631,4570.886,4551.497,4560.209,18667,280,0
2026-05-04 12:00:00+00:00,4560.362,4579.382,4559.077,4568.124,17613,280,0
2026-05-04 13:00:00+00:00,4568.185,4575.761,4555.65,4564.164,28092,280,0
2026-05-04 14:00:00+00:00,4564.088,4583.355,4553.513,4561.506,26243,280,0
2026-05-04 15:00:00+00:00,4561.581,4566.054,4512.13,4521.515,45288,280,0
2026-05-04 16:00:00+00:00,4521.433,4527.053,4500.541,4510.478,29734,280,0
2026-05-04 17:00:00+00:00,4510.553,4531.565,4510.553,4522.218,15048,280,0
2026-05-04 18:00:00+00:00,4522.274,4525.381,4509.656,4516.121,9567,280,0
2026-05-04 19:00:00+00:00,4516.039,4527.042,4511.306,4517.85,11257,280,0
2026-05-04 20:00:00+00:00,4517.715,4523.361,4511.571,4523.361,4650,280,0
2026-05-04 22:00:00+00:00,4522.57,4524.272,4515.506,4517.331,3432,280,0
2026-05-04 23:00:00+00:00,4517.26,4521.644,4516.291,4518.98,3571,280,0
2026-05-05 00:00:00+00:00,4518.929,4530.424,4513.422,4529.949,9112,280,0
2026-05-05 01:00:00+00:00,4529.808,4542.133,4525.229,4540.818,9360,280,0
2026-05-05 02:00:00+00:00,4540.772,4546.826,4534.55,4539.104,6698,280,0
2026-05-05 03:00:00+00:00,4538.981,4542.575,4532.349,4534.614,5348,280,0
2026-05-05 04:00:00+00:00,4534.577,4536.71,4527.879,4533.54,5677,280,0
2026-05-05 05:00:00+00:00,4533.478,4551.766,4531.338,4545.607,9111,280,0
2026-05-05 06:00:00+00:00,4545.668,4552.19,4533.617,4548.156,9676,280,0
2026-05-05 07:00:00+00:00,4548.214,4558.4,4543.202,4545.516,8844,280,0
2026-05-05 08:00:00+00:00,4545.349,4559.54,4545.349,4558.268,8852,280,0
2026-05-05 09:00:00+00:00,4558.335,4560.503,4550.99,4556.058,8191,280,0
2026-05-05 10:00:00+00:00,4556.116,4556.862,4540.094,4543.581,7233,280,0
2026-05-05 11:00:00+00:00,4543.511,4564.93,4539.798,4562.607,8890,280,0
2026-05-05 12:00:00+00:00,4562.739,4574.721,4554.049,4564.376,11641,280,0
2026-05-05 13:00:00+00:00,4564.317,4584.982,4564.258,4579.484,14301,280,0
2026-05-05 14:00:00+00:00,4579.598,4586.653,4565.832,4582.297,16116,280,0
2026-05-05 15:00:00+00:00,4582.345,4583.926,4568.203,4568.633,9982,280,0
2026-05-05 16:00:00+00:00,4568.578,4569.08,4553.662,4560.983,9091,280,0
2026-05-05 17:00:00+00:00,4561.004,4562.809,4553.095,4559.652,7434,280,0
2026-05-05 18:00:00+00:00,4559.755,4565.682,4557.442,4561.048,5263,280,0
2026-05-05 19:00:00+00:00,4560.926,4561.485,4551.557,4554.754,5418,280,0
2026-05-05 20:00:00+00:00,4554.719,4559.868,4553.84,4556.316,3715,280,0
2026-05-05 22:00:00+00:00,4554.91,4577.239,4546.201,4573.241,6557,280,0
2026-05-05 23:00:00+00:00,4573.186,4595.722,4569.599,4593.801,8906,280,0
2026-05-06 00:00:00+00:00,4593.729,4620.04,4588.063,4618.636,12344,280,0
2026-05-06 01:00:00+00:00,4618.574,4628.554,4609.438,4625.927,14405,280,0
2026-05-06 02:00:00+00:00,4625.871,4641.871,4625.195,4640.735,9105,280,0
2026-05-06 03:00:00+00:00,4640.538,4652.115,4638.372,4643.892,8595,280,0
2026-05-06 04:00:00+00:00,4643.805,4653.646,4643.444,4648.814,7913,280,0
2026-05-06 05:00:00+00:00,4649.125,4663.884,4644.495,4662.71,9005,280,0
2026-05-06 06:00:00+00:00,4662.774,4669.629,4656.933,4669.059,9574,280,0
2026-05-06 07:00:00+00:00,4669.116,4681.798,4657.412,4681.599,9576,280,0
2026-05-06 08:00:00+00:00,4681.418,4702.704,4671.388,4699.812,14418,280,0
2026-05-06 09:00:00+00:00,4699.871,4708.454,4688.745,4701.6,15874,280,0
2026-05-06 10:00:00+00:00,4701.733,4723.017,4695.239,4717.771,13996,280,0
2026-05-06 11:00:00+00:00,4717.698,4721.072,4690.667,4691.961,14750,280,0
2026-05-06 12:00:00+00:00,4692.125,4693.11,4660.139,4683.204,19313,280,0
2026-05-06 13:00:00+00:00,4683.3,4707.736,4668.563,4702.373,23506,280,0
2026-05-06 14:00:00+00:00,4702.169,4717.384,4697.47,4702.843,18832,280,0
2026-05-06 15:00:00+00:00,4702.786,4705.805,4687.579,4687.917,12085,280,0
2026-05-06 16:00:00+00:00,4687.851,4691.851,4679.385,4683.078,10722,280,0
2026-05-06 17:00:00+00:00,4682.82,4687.963,4678.721,4683.856,8732,280,0
2026-05-06 18:00:00+00:00,4684.007,4690.572,4681.864,4686.123,6354,280,0
2026-05-06 19:00:00+00:00,4686.192,4700.191,4686.0,4692.315,6781,280,0
2026-05-06 20:00:00+00:00,4692.249,4699.578,4685.006,4690.769,4965,280,0
2026-05-06 22:00:00+00:00,4693.14,4699.744,4689.252,4695.032,4434,280,0
2026-05-06 23:00:00+00:00,4694.97,4699.541,4690.024,4698.97,4509,280,0
2026-05-07 00:00:00+00:00,4698.866,4701.211,4685.401,4688.49,11815,280,0
2026-05-07 01:00:00+00:00,4688.55,4721.428,4685.265,4714.911,14556,280,0
2026-05-07 02:00:00+00:00,4714.874,4718.519,4699.693,4707.05,10285,280,0
2026-05-07 03:00:00+00:00,4707.211,4709.933,4698.831,4699.239,6599,280,0
2026-05-07 04:00:00+00:00,4699.177,4700.951,4692.113,4696.288,7409,280,0
2026-05-07 05:00:00+00:00,4696.488,4706.577,4694.787,4701.18,7500,280,0
2026-05-07 06:00:00+00:00,4701.237,4750.155,4701.143,4739.193,13528,280,0
2026-05-07 07:00:00+00:00,4739.253,4750.605,4731.408,4743.167,14633,280,0
2026-05-07 08:00:00+00:00,4743.212,4753.364,4730.828,4731.102,11730,280,0
2026-05-07 09:00:00+00:00,4731.289,4739.259,4721.499,4728.941,9661,280,0
2026-05-07 10:00:00+00:00,4728.987,4739.7,4726.351,4735.741,8168,280,0
2026-05-07 11:00:00+00:00,4735.814,4743.669,4727.189,4742.698,9150,280,0
2026-05-07 12:00:00+00:00,4742.823,4752.732,4733.197,4749.869,12546,280,0
2026-05-07 13:00:00+00:00,4749.949,4758.103,4731.013,4746.129,19583,280,0
2026-05-07 14:00:00+00:00,4746.16,4763.382,4740.834,4762.47,16244,280,0
2026-05-07 15:00:00+00:00,4762.532,4764.711,4726.087,4729.284,18046,280,0
2026-05-07 16:00:00+00:00,4729.346,4729.837,4704.289,4714.844,20407,280,0
2026-05-07 17:00:00+00:00,4714.845,4719.469,4687.451,4711.397,26125,280,0
2026-05-07 18:00:00+00:00,4711.307,4716.144,4695.445,4709.544,17499,280,0
2026-05-07 19:00:00+00:00,4709.656,4713.026,4697.672,4703.091,14602,280,0
2026-05-07 20:00:00+00:00,4703.153,4719.06,4686.305,4688.445,11863,280,0
2026-05-07 22:00:00+00:00,4688.985,4699.185,4681.721,4685.968,7773,280,0
2026-05-07 23:00:00+00:00,4685.832,4705.563,4684.453,4704.064,5200,280,0
2026-05-08 00:00:00+00:00,4704.002,4709.434,4693.892,4701.174,11307,280,0
2026-05-08 01:00:00+00:00,4701.102,4725.473,4700.455,4722.658,14051,280,0
2026-05-08 02:00:00+00:00,4722.715,4732.716,4707.037,4713.37,12551,280,0
2026-05-08 03:00:00+00:00,4713.313,4730.919,4710.945,4719.697,8897,280,0
2026-05-08 04:00:00+00:00,4719.755,4723.057,4708.696,4711.067,7410,280,0
2026-05-08 05:00:00+00:00,4711.147,4731.298,4709.543,4727.619,9196,280,0
2026-05-08 06:00:00+00:00,4727.389,4734.5,4712.621,4725.477,12689,280,0
2026-05-08 07:00:00+00:00,4725.51,4726.497,4697.121,4708.033,15076,280,0
2026-05-08 08:00:00+00:00,4708.035,4723.416,4706.648,4715.752,9756,280,0
2026-05-08 09:00:00+00:00,4715.703,4722.871,4707.366,4711.712,9047,280,0
2026-05-08 10:00:00+00:00,4711.758,4728.025,4711.114,4719.551,7964,280,0
2026-05-08 11:00:00+00:00,4719.627,4727.278,4713.695,4717.741,8187,280,0
2026-05-08 12:00:00+00:00,4717.582,4732.015,4702.485,4724.168,17389,280,0
2026-05-08 13:00:00+00:00,4724.105,4747.709,4716.343,4747.709,20466,280,0
2026-05-08 14:00:00+00:00,4747.95,4749.575,4713.292,4715.827,21041,280,0
2026-05-08 15:00:00+00:00,4715.656,4720.964,4701.753,4707.144,17239,280,0
2026-05-08 16:00:00+00:00,4707.01,4720.133,4705.503,4712.214,9061,280,0
2026-05-08 17:00:00+00:00,4712.151,4722.789,4712.141,4720.645,7135,280,0
2026-05-08 18:00:00+00:00,4720.787,4729.004,4719.86,4722.026,7140,280,0
2026-05-08 19:00:00+00:00,4721.933,4726.869,4720.984,4723.789,5804,280,0
2026-05-08 20:00:00+00:00,4723.858,4724.325,4714.361,4715.081,4467,280,0
2026-05-10 22:00:00+00:00,4691.841,4696.163,4678.962,4691.965,7417,280,0
2026-05-10 23:00:00+00:00,4691.899,4698.608,4688.782,4691.675,5565,280,0
2026-05-11 00:00:00+00:00,4691.528,4693.212,4670.015,4683.416,15457,280,0
2026-05-11 01:00:00+00:00,4683.497,4705.318,4674.58,4685.772,22750,280,0
2026-05-11 02:00:00+00:00,4685.734,4700.161,4676.648,4681.526,14005,280,0
2026-05-11 03:00:00+00:00,4681.448,4690.44,4674.794,4678.811,9229,280,0
2026-05-11 04:00:00+00:00,4678.531,4679.674,4668.472,4672.142,7919,280,0
2026-05-11 05:00:00+00:00,4672.12,4680.522,4648.243,4652.294,12691,280,0
2026-05-11 06:00:00+00:00,4652.448,4680.454,4649.212,4678.193,12896,280,0
2026-05-11 07:00:00+00:00,4678.28,4680.178,4664.403,4667.655,9451,280,0
2026-05-11 08:00:00+00:00,4667.765,4678.613,4664.058,4667.507,9353,280,0
2026-05-11 09:00:00+00:00,4667.666,4669.859,4650.461,4656.773,9149,280,0
2026-05-11 10:00:00+00:00,4656.694,4667.304,4656.136,4663.934,7635,280,0
2026-05-11 11:00:00+00:00,4663.712,4677.267,4663.712,4674.327,7924,280,0
2026-05-11 12:00:00+00:00,4674.499,4701.12,4667.339,4699.999,16886,280,0
2026-05-11 13:00:00+00:00,4699.761,4748.571,4698.519,4736.305,24524,280,0
2026-05-11 14:00:00+00:00,4736.305,4738.62,4715.217,4725.65,18030,280,0
2026-05-11 15:00:00+00:00,4725.571,4738.184,4722.72,4731.857,11398,280,0
2026-05-11 16:00:00+00:00,4732.221,4733.527,4707.84,4716.278,11464,280,0
2026-05-11 17:00:00+00:00,4716.202,4724.559,4715.777,4723.453,7339,280,0
2026-05-11 18:00:00+00:00,4723.514,4729.448,4720.692,4725.041,6277,280,0
2026-05-11 19:00:00+00:00,4725.108,4736.398,4722.263,4733.523,6375,280,0
2026-05-11 20:00:00+00:00,4733.275,4738.569,4729.677,4735.175,4234,280,0
2026-05-11 22:00:00+00:00,4739.467,4755.058,4737.477,4750.965,5006,280,0
2026-05-11 23:00:00+00:00,4750.749,4770.061,4745.867,4767.591,6724,280,0
2026-05-12 00:00:00+00:00,4767.509,4773.564,4748.291,4749.328,14517,280,0
2026-05-12 01:00:00+00:00,4749.393,4755.456,4720.029,4727.188,21889,280,0
2026-05-12 02:00:00+00:00,4727.121,4733.75,4722.076,4730.202,13362,280,0
2026-05-12 03:00:00+00:00,4729.937,4732.907,4717.875,4720.297,8982,280,0
2026-05-12 04:00:00+00:00,4720.006,4730.373,4710.869,4714.228,8127,280,0
2026-05-12 05:00:00+00:00,4714.162,4721.955,4708.756,4714.412,12465,280,0
2026-05-12 06:00:00+00:00,4714.036,4714.43,4694.199,4696.862,14529,280,0
2026-05-12 07:00:00+00:00,4696.788,4703.844,4686.483,4699.927,11336,280,0
2026-05-12 08:00:00+00:00,4699.864,4706.644,4696.817,4703.545,9010,280,0
2026-05-12 09:00:00+00:00,4703.487,4705.255,4694.197,4699.31,8992,280,0
2026-05-12 10:00:00+00:00,4699.37,4708.537,4685.07,4694.196,9889,280,0
2026-05-12 11:00:00+00:00,4694.551,4709.371,4686.927,4706.734,10352,280,0
2026-05-12 12:00:00+00:00,4706.803,4711.679,4689.395,4705.518,15972,280,0
2026-05-12 13:00:00+00:00,4705.754,4709.011,4676.83,4679.415,24039,280,0
2026-05-12 14:00:00+00:00,4679.349,4695.028,4669.123,4672.96,21911,280,0
2026-05-12 15:00:00+00:00,4672.988,4676.007,4637.982,4666.172,23046,280,0
2026-05-12 16:00:00+00:00,4665.936,4675.059,4664.005,4670.936,10503,280,0
2026-05-12 17:00:00+00:00,4670.994,4682.34,4670.994,4678.929,9099,280,0
2026-05-12 18:00:00+00:00,4678.986,4698.24,4676.193,4695.812,9681,280,0
2026-05-12 19:00:00+00:00,4696.183,4715.876,4696.166,4715.78,7266,280,0
2026-05-12 20:00:00+00:00,4715.723,4719.473,4712.097,4715.161,4668,280,0
2026-05-12 22:00:00+00:00,4716.91,4722.39,4711.682,4717.105,4929,280,0
2026-05-12 23:00:00+00:00,4717.056,4723.707,4715.375,4716.694,6429,280,0
2026-05-13 00:00:00+00:00,4717.084,4727.045,4713.67,4714.651,11726,280,0
2026-05-13 01:00:00+00:00,4714.413,4717.082,4701.007,4702.585,14458,280,0
2026-05-13 02:00:00+00:00,4702.472,4707.416,4687.498,4691.957,10351,280,0
2026-05-13 03:00:00+00:00,4691.893,4705.918,4688.892,4696.091,7808,280,0
2026-05-13 04:00:00+00:00,4696.045,4703.422,4695.376,4699.345,6262,280,0
2026-05-13 05:00:00+00:00,4699.579,4707.383,4693.387,4703.837,9827,280,0
2026-05-13 06:00:00+00:00,4703.87,4715.154,4699.05,4701.674,10199,280,0
2026-05-13 07:00:00+00:00,4701.738,4708.873,4696.556,4702.945,9026,280,0
2026-05-13 08:00:00+00:00,4702.885,4704.327,4694.282,4700.694,8097,280,0
2026-05-13 09:00:00+00:00,4700.593,4701.866,4685.854,4700.694,8567,280,0
2026-05-13 10:00:00+00:00,4700.758,4710.576,4693.691,4693.894,8521,280,0
2026-05-13 11:00:00+00:00,4694.259,4705.366,4691.323,4697.5,8425,280,0
2026-05-13 12:00:00+00:00,4697.438,4701.47,4675.858,4683.847,16527,280,0
2026-05-13 13:00:00+00:00,4683.786,4694.719,4669.361,4679.436,18000,280,0
2026-05-13 14:00:00+00:00,4679.495,4690.943,4672.591,4679.891,15346,280,0
2026-05-13 15:00:00+00:00,4679.949,4700.181,4678.75,4695.3,11149,280,0
2026-05-13 16:00:00+00:00,4695.6,4709.995,4694.998,4695.732,10072,280,0
2026-05-13 17:00:00+00:00,4695.788,4701.348,4684.559,4685.64,8298,280,0
2026-05-13 18:00:00+00:00,4685.708,4693.958,4677.4,4684.757,7749,280,0
2026-05-13 19:00:00+00:00,4684.814,4690.55,4683.163,4688.062,6113,280,0
2026-05-13 20:00:00+00:00,4688.161,4693.562,4685.878,4688.821,3778,280,0
2026-05-13 22:00:00+00:00,4691.677,4700.668,4688.791,4700.215,3770,280,0
2026-05-13 23:00:00+00:00,4700.151,4702.281,4693.119,4696.689,3891,280,0
2026-05-14 00:00:00+00:00,4696.323,4706.891,4689.524,4705.132,9779,280,0
2026-05-14 01:00:00+00:00,4705.053,4707.017,4683.43,4688.843,20101,280,0
2026-05-14 02:00:00+00:00,4688.612,4699.546,4679.91,4686.16,12276,280,0
2026-05-14 03:00:00+00:00,4686.455,4693.176,4674.05,4674.804,11308,280,0
2026-05-14 04:00:00+00:00,4674.89,4712.812,4667.895,4702.528,11405,280,0
2026-05-14 05:00:00+00:00,4702.599,4704.27,4689.142,4689.898,11250,280,0
2026-05-14 06:00:00+00:00,4689.866,4702.391,4685.923,4700.053,10336,280,0
2026-05-14 07:00:00+00:00,4699.966,4718.881,4690.688,4693.217,13168,280,0
2026-05-14 08:00:00+00:00,4693.28,4706.482,4691.81,4693.393,10346,280,0
2026-05-14 09:00:00+00:00,4693.332,4702.397,4688.395,4699.302,9495,280,0
2026-05-14 10:00:00+00:00,4699.375,4705.302,4690.998,4696.725,9044,280,0
2026-05-14 11:00:00+00:00,4696.792,4704.793,4689.221,4694.139,8950,280,0
2026-05-14 12:00:00+00:00,4694.067,4709.889,4692.199,4704.807,12633,280,0
2026-05-14 13:00:00+00:00,4704.636,4707.784,4666.469,4679.71,25538,280,0
2026-05-14 14:00:00+00:00,4679.649,4700.953,4677.551,4679.638,18178,280,0
2026-05-14 15:00:00+00:00,4679.582,4689.343,4676.83,4685.984,11035,280,0
2026-05-14 16:00:00+00:00,4685.629,4686.973,4670.246,4678.636,9388,280,0
2026-05-14 17:00:00+00:00,4678.693,4683.052,4676.268,4678.328,7772,280,0
2026-05-14 18:00:00+00:00,4678.385,4678.551,4666.922,4671.419,7603,280,0
2026-05-14 19:00:00+00:00,4671.477,4671.885,4652.995,4654.331,7896,280,0
2026-05-14 20:00:00+00:00,4654.112,4657.34,4644.307,4651.346,5361,280,0
2026-05-14 22:00:00+00:00,4651.752,4662.758,4646.868,4662.204,4778,280,0
2026-05-14 23:00:00+00:00,4662.463,4665.404,4646.59,4652.305,7055,280,0
2026-05-15 00:00:00+00:00,4652.261,4658.3,4613.344,4629.968,22094,280,0
2026-05-15 01:00:00+00:00,4629.908,4631.447,4607.091,4613.916,31563,280,0
2026-05-15 02:00:00+00:00,4613.993,4623.246,4609.206,4618.23,16489,280,0
2026-05-15 03:00:00+00:00,4618.136,4622.091,4607.39,4615.525,10121,280,0
2026-05-15 04:00:00+00:00,4615.584,4621.451,4604.366,4605.793,9251,280,0
2026-05-15 05:00:00+00:00,4605.851,4606.591,4556.567,4558.759,27428,280,0
2026-05-15 06:00:00+00:00,4558.637,4580.598,4556.169,4569.857,22871,280,0
2026-05-15 07:00:00+00:00,4569.973,4588.668,4566.059,4570.901,16668,280,0
2026-05-15 08:00:00+00:00,4570.608,4572.014,4549.827,4554.507,18541,280,0
2026-05-15 09:00:00+00:00,4554.312,4563.75,4531.799,4545.866,19319,280,0
2026-05-15 10:00:00+00:00,4545.792,4572.556,4543.951,4566.226,18899,280,0
2026-05-15 11:00:00+00:00,4566.158,4570.26,4549.707,4552.089,14351,280,0
2026-05-15 12:00:00+00:00,4552.058,4558.869,4543.612,4546.06,16668,280,0
2026-05-15 13:00:00+00:00,4545.969,4557.71,4511.162,4533.55,33637,280,0
2026-05-15 14:00:00+00:00,4533.492,4566.57,4525.51,4562.775,31819,280,0
2026-05-15 15:00:00+00:00,4562.843,4563.671,4533.635,4539.485,19882,280,0
2026-05-15 16:00:00+00:00,4539.838,4548.045,4529.257,4544.212,12201,280,0
2026-05-15 17:00:00+00:00,4544.443,4564.435,4543.223,4559.585,11299,280,0
2026-05-15 18:00:00+00:00,4559.649,4563.086,4552.292,4559.382,8124,280,0
2026-05-15 19:00:00+00:00,4559.143,4560.209,4544.77,4545.942,7783,280,0
2026-05-15 20:00:00+00:00,4545.878,4546.447,4532.952,4539.547,7453,280,0
2026-05-17 22:00:00+00:00,4538.378,4554.71,4538.066,4546.283,8482,280,0
2026-05-17 23:00:00+00:00,4546.257,4548.176,4532.026,4536.897,10823,280,0
2026-05-18 00:00:00+00:00,4536.965,4542.773,4480.202,4515.71,36478,280,0
2026-05-18 01:00:00+00:00,4515.77,4535.646,4489.398,4525.527,42278,280,0
2026-05-18 02:00:00+00:00,4525.467,4543.0,4521.884,4533.521,19067,280,0
2026-05-18 03:00:00+00:00,4533.58,4548.037,4525.008,4541.035,17318,280,0
2026-05-18 04:00:00+00:00,4541.032,4549.977,4530.156,4540.412,14746,280,0
2026-05-18 05:00:00+00:00,4540.486,4552.049,4529.993,4530.924,18500,280,0
2026-05-18 06:00:00+00:00,4531.006,4548.215,4529.657,4546.542,17460,280,0
2026-05-18 07:00:00+00:00,4546.611,4559.99,4538.441,4546.07,16287,280,0
2026-05-18 08:00:00+00:00,4546.015,4556.943,4542.344,4550.047,11041,280,0
2026-05-18 09:00:00+00:00,4549.982,4551.959,4539.964,4543.12,9911,280,0
2026-05-18 10:00:00+00:00,4543.059,4547.77,4532.229,4540.05,10187,280,0
2026-05-18 11:00:00+00:00,4540.211,4567.197,4529.711,4550.691,23093,280,0
2026-05-18 12:00:00+00:00,4550.757,4574.919,4545.1,4571.091,21605,280,0
2026-05-18 13:00:00+00:00,4571.172,4584.384,4561.673,4575.743,27186,280,0
2026-05-18 14:00:00+00:00,4575.671,4575.671,4537.64,4546.308,29415,280,0
2026-05-18 15:00:00+00:00,4546.399,4547.933,4531.509,4543.417,21970,280,0
2026-05-18 16:00:00+00:00,4543.738,4554.585,4533.964,4550.225,14171,280,0
2026-05-18 17:00:00+00:00,4550.167,4558.285,4545.45,4546.836,9144,280,0
2026-05-18 18:00:00+00:00,4547.087,4547.86,4534.116,4535.58,8833,280,0
2026-05-18 19:00:00+00:00,4535.646,4564.981,4535.144,4558.429,21983,280,0
2026-05-18 20:00:00+00:00,4558.486,4566.769,4557.711,4566.3,5299,280,0
2026-05-18 22:00:00+00:00,4570.36,4578.149,4567.31,4573.682,4253,280,0
2026-05-18 23:00:00+00:00,4573.916,4588.92,4573.648,4581.568,5537,280,0
2026-05-19 00:00:00+00:00,4581.926,4589.369,4561.147,4563.389,15940,280,0
2026-05-19 01:00:00+00:00,4563.307,4572.322,4553.887,4563.659,18878,280,0
2026-05-19 02:00:00+00:00,4563.515,4563.631,4545.962,4547.232,14906,280,0
2026-05-19 03:00:00+00:00,4547.151,4555.068,4543.543,4545.043,10397,280,0
2026-05-19 04:00:00+00:00,4544.987,4545.768,4538.003,4542.255,9174,280,0
2026-05-19 05:00:00+00:00,4542.489,4546.483,4530.657,4540.914,15174,280,0
2026-05-19 06:00:00+00:00,4540.992,4553.761,4533.708,4547.888,14172,280,0
2026-05-19 07:00:00+00:00,4547.943,4559.058,4541.364,4556.948,13345,280,0
2026-05-19 08:00:00+00:00,4557.021,4559.147,4536.212,4542.858,11300,280,0
2026-05-19 09:00:00+00:00,4542.798,4546.837,4535.946,4541.897,11422,280,0
2026-05-19 10:00:00+00:00,4541.836,4544.771,4525.461,4544.771,12988,280,0
2026-05-19 11:00:00+00:00,4544.707,4547.909,4529.657,4530.785,12001,280,0
2026-05-19 12:00:00+00:00,4530.84,4547.097,4527.271,4537.18,13344,280,0
2026-05-19 13:00:00+00:00,4537.234,4537.448,4464.373,4503.453,48143,280,0
2026-05-19 14:00:00+00:00,4503.599,4514.26,4484.286,4493.916,37488,280,0
2026-05-19 15:00:00+00:00,4493.861,4509.073,4489.624,4508.229,19655,280,0
2026-05-19 16:00:00+00:00,4508.586,4512.486,4495.961,4507.767,10495,280,0
2026-05-19 17:00:00+00:00,4507.693,4511.074,4499.032,4500.82,8884,280,0
2026-05-19 18:00:00+00:00,4500.716,4503.777,4490.09,4493.717,8544,280,0
2026-05-19 19:00:00+00:00,4493.663,4497.716,4481.071,4483.249,8267,280,0
2026-05-19 20:00:00+00:00,4483.169,4488.142,4480.798,4482.002,4854,280,0
2026-05-19 22:00:00+00:00,4481.896,4485.935,4477.34,4484.16,4937,280,0
2026-05-19 23:00:00+00:00,4484.084,4496.338,4480.039,4489.452,6526,280,0
2026-05-20 00:00:00+00:00,4489.396,4508.955,4479.575,4500.79,21966,280,0
2026-05-20 01:00:00+00:00,4500.852,4506.2,4456.028,4481.199,30587,280,0
2026-05-20 02:00:00+00:00,4481.296,4487.042,4458.446,4465.16,21517,280,0
2026-05-20 03:00:00+00:00,4465.093,4467.405,4453.399,4463.542,15995,280,0
2026-05-20 04:00:00+00:00,4463.487,4470.563,4456.481,4462.055,11261,280,0
2026-05-20 05:00:00+00:00,4461.959,4478.899,4461.575,4472.532,14567,280,0
2026-05-20 06:00:00+00:00,4472.425,4478.535,4461.355,4474.063,17365,280,0
2026-05-20 07:00:00+00:00,4474.002,4486.053,4471.933,4478.578,13716,280,0
2026-05-20 08:00:00+00:00,4478.395,4490.221,4476.659,4484.137,14790,280,0
2026-05-20 09:00:00+00:00,4484.034,4491.22,4472.6,4485.009,10043,280,0
2026-05-20 10:00:00+00:00,4484.949,4497.183,4484.507,4494.537,8789,280,0
2026-05-20 11:00:00+00:00,4494.41,4501.186,4490.797,4498.918,9258,280,0
2026-05-20 12:00:00+00:00,4498.896,4505.385,4493.011,4496.024,11390,280,0
2026-05-20 13:00:00+00:00,4496.26,4506.092,4481.908,4483.188,22184,280,0
2026-05-20 14:00:00+00:00,4483.245,4537.273,4467.014,4531.355,46981,280,0
2026-05-20 15:00:00+00:00,4530.997,4552.982,4523.257,4529.177,31268,280,0
2026-05-20 16:00:00+00:00,4529.237,4535.638,4523.915,4534.298,12230,280,0
2026-05-20 17:00:00+00:00,4534.353,4538.28,4529.68,4531.112,9835,280,0
2026-05-20 18:00:00+00:00,4531.214,4545.065,4529.056,4542.377,7863,280,0
2026-05-20 19:00:00+00:00,4542.495,4550.411,4541.472,4545.851,7027,280,0
2026-05-20 20:00:00+00:00,4545.796,4550.46,4542.072,4543.912,6300,280,0
2026-05-20 22:00:00+00:00,4547.69,4547.759,4535.169,4540.228,6060,280,0
2026-05-20 23:00:00+00:00,4540.195,4546.955,4534.685,4546.321,5184,280,0
2026-05-21 00:00:00+00:00,4546.372,4553.442,4537.063,4545.23,13431,280,0
2026-05-21 01:00:00+00:00,4545.344,4571.018,4539.755,4561.141,18706,280,0
2026-05-21 02:00:00+00:00,4561.201,4564.81,4531.313,4533.249,14602,280,0
2026-05-21 03:00:00+00:00,4533.193,4540.042,4527.112,4528.065,8991,280,0
2026-05-21 04:00:00+00:00,4528.303,4540.379,4527.167,4538.239,6760,280,0
2026-05-21 05:00:00+00:00,4538.526,4540.454,4518.15,4528.025,12766,280,0
2026-05-21 06:00:00+00:00,4527.981,4539.645,4518.819,4521.358,14353,280,0
2026-05-21 07:00:00+00:00,4521.289,4524.274,4511.588,4519.742,11246,280,0
2026-05-21 08:00:00+00:00,4519.861,4536.807,4518.21,4532.28,14363,280,0
2026-05-21 09:00:00+00:00,4532.225,4543.016,4528.083,4530.756,11093,280,0
2026-05-21 10:00:00+00:00,4530.403,4535.409,4504.867,4511.719,24468,280,0
2026-05-21 11:00:00+00:00,4511.798,4521.351,4507.901,4513.918,12963,280,0
2026-05-21 12:00:00+00:00,4513.998,4519.075,4501.902,4503.912,17241,280,0
2026-05-21 13:00:00+00:00,4503.85,4521.133,4488.377,4513.335,30991,280,0
2026-05-21 14:00:00+00:00,4513.089,4515.215,4498.208,4508.611,25116,280,0
2026-05-21 15:00:00+00:00,4508.531,4515.629,4496.541,4511.68,19262,280,0
2026-05-21 16:00:00+00:00,4512.031,4520.527,4512.031,4519.287,11946,280,0
2026-05-21 17:00:00+00:00,4519.355,4559.326,4514.063,4551.536,28076,280,0
2026-05-21 18:00:00+00:00,4551.472,4556.134,4527.31,4531.705,21078,280,0
2026-05-21 19:00:00+00:00,4531.764,4543.679,4529.725,4542.905,11965,280,0
2026-05-21 20:00:00+00:00,4542.849,4544.743,4539.681,4542.705,4437,280,0
2026-05-21 22:00:00+00:00,4543.175,4545.986,4539.654,4543.166,3780,280,0
2026-05-21 23:00:00+00:00,4543.11,4545.2,4532.411,4535.299,4574,280,0
2026-05-22 00:00:00+00:00,4535.358,4541.01,4525.617,4526.902,10419,280,0
2026-05-22 01:00:00+00:00,4526.658,4536.445,4520.824,4526.15,16336,280,0
2026-05-22 02:00:00+00:00,4526.088,4529.478,4518.334,4522.826,9928,280,0
2026-05-22 03:00:00+00:00,4522.883,4529.784,4519.114,4529.304,7697,280,0
2026-05-22 04:00:00+00:00,4529.361,4533.097,4525.519,4527.345,6025,280,0
2026-05-22 05:00:00+00:00,4527.283,4534.243,4507.258,4511.156,11033,280,0
2026-05-22 06:00:00+00:00,4511.278,4528.855,4510.064,4526.697,13272,280,0
2026-05-22 07:00:00+00:00,4526.59,4527.398,4516.027,4521.76,9502,280,0
2026-05-22 08:00:00+00:00,4521.854,4531.093,4516.919,4521.857,11028,280,0
2026-05-22 09:00:00+00:00,4521.983,4536.083,4514.918,4532.327,9638,280,0
2026-05-22 10:00:00+00:00,4532.383,4536.851,4510.119,4514.482,10380,280,0
2026-05-22 11:00:00+00:00,4514.71,4525.037,4511.376,4520.719,8484,280,0
2026-05-22 12:00:00+00:00,4520.64,4535.896,4515.134,4528.055,16267,280,0
2026-05-22 13:00:00+00:00,4528.122,4534.408,4510.212,4513.605,22215,280,0
2026-05-22 14:00:00+00:00,4513.656,4513.787,4491.479,4500.571,24286,280,0
2026-05-22 15:00:00+00:00,4500.769,4522.342,4500.106,4520.21,12360,280,0
2026-05-22 16:00:00+00:00,4520.156,4526.869,4512.254,4515.033,9240,280,0
2026-05-22 17:00:00+00:00,4514.801,4527.923,4513.066,4519.282,12093,280,0
2026-05-22 18:00:00+00:00,4519.337,4520.333,4511.507,4515.193,7172,280,0
2026-05-22 19:00:00+00:00,4515.263,4515.7,4504.262,4508.338,8736,280,0
2026-05-22 20:00:00+00:00,4508.381,4510.282,4504.326,4507.952,5232,280,0
2026-05-24 22:00:00+00:00,4545.376,4565.444,4543.319,4565.132,9465,280,0
2026-05-24 23:00:00+00:00,4565.076,4579.984,4565.055,4567.1,6409,280,0
2026-05-25 00:00:00+00:00,4567.126,4579.774,4565.92,4569.191,11285,280,0
2026-05-25 01:00:00+00:00,4569.249,4576.326,4560.052,4562.917,16104,280,0
2026-05-25 02:00:00+00:00,4562.568,4570.295,4558.747,4561.15,10011,280,0
2026-05-25 03:00:00+00:00,4561.5,4564.538,4556.704,4559.571,7991,280,0
2026-05-25 04:00:00+00:00,4559.792,4566.044,4559.223,4564.688,5994,280,0
2026-05-25 05:00:00+00:00,4564.633,4566.17,4551.895,4553.619,7756,280,0
2026-05-25 06:00:00+00:00,4553.563,4563.343,4550.32,4562.292,8268,280,0
2026-05-25 07:00:00+00:00,4562.348,4565.148,4552.349,4564.58,9896,280,0
2026-05-25 08:00:00+00:00,4564.58,4565.082,4553.247,4556.231,6300,280,0
2026-05-25 09:00:00+00:00,4555.925,4569.003,4554.852,4567.517,5780,280,0
2026-05-25 10:00:00+00:00,4567.503,4573.628,4567.405,4568.758,5830,280,0
2026-05-25 11:00:00+00:00,4568.818,4577.064,4567.497,4569.376,5921,280,0
2026-05-25 12:00:00+00:00,4569.47,4569.976,4552.816,4567.792,10034,280,0
2026-05-25 13:00:00+00:00,4567.847,4571.465,4560.052,4563.305,8116,280,0
2026-05-25 14:00:00+00:00,4562.941,4570.692,4562.261,4566.975,6763,280,0
2026-05-25 15:00:00+00:00,4566.694,4574.514,4565.479,4570.957,7841,280,0
2026-05-25 16:00:00+00:00,4571.001,4574.31,4567.825,4573.334,4615,280,0
2026-05-25 17:00:00+00:00,4573.563,4578.131,4563.089,4565.202,5221,280,0
2026-05-25 18:00:00+00:00,4565.205,4571.475,4564.352,4570.572,2254,280,0
2026-05-25 22:00:00+00:00,4571.387,4576.43,4569.505,4574.74,4253,280,0
2026-05-25 23:00:00+00:00,4575.034,4580.329,4554.991,4559.694,6994,280,0
2026-05-26 00:00:00+00:00,4559.464,4559.948,4539.484,4549.403,14290,280,0
2026-05-26 01:00:00+00:00,4549.479,4550.196,4527.71,4536.81,16557,280,0
2026-05-26 02:00:00+00:00,4536.754,4539.557,4529.81,4532.411,7597,280,0
2026-05-26 03:00:00+00:00,4532.354,4545.336,4531.915,4542.437,6069,280,0
2026-05-26 04:00:00+00:00,4542.098,4543.108,4523.352,4525.59,6683,280,0
2026-05-26 05:00:00+00:00,4525.524,4534.959,4522.791,4527.339,8690,280,0
2026-05-26 06:00:00+00:00,4527.111,4536.292,4526.882,4531.1,9316,280,0
2026-05-26 07:00:00+00:00,4531.16,4539.0,4521.521,4538.023,12078,280,0
2026-05-26 08:00:00+00:00,4538.108,4538.809,4519.87,4523.523,9642,280,0
2026-05-26 09:00:00+00:00,4523.827,4526.424,4511.912,4522.54,10155,280,0
2026-05-26 10:00:00+00:00,4522.609,4540.585,4519.343,4534.564,11049,280,0
2026-05-26 11:00:00+00:00,4534.665,4536.399,4503.453,4507.127,16000,280,0
2026-05-26 12:00:00+00:00,4506.936,4523.801,4500.578,4520.203,16502,280,0
2026-05-26 13:00:00+00:00,4520.143,4531.294,4512.26,4514.207,19175,280,0
2026-05-26 14:00:00+00:00,4514.188,4525.002,4507.714,4515.157,14192,280,0
2026-05-26 15:00:00+00:00,4515.159,4515.559,4502.18,4506.587,14610,280,0
2026-05-26 16:00:00+00:00,4506.659,4511.396,4499.499,4505.014,8930,280,0
2026-05-26 17:00:00+00:00,4504.975,4507.572,4489.737,4491.209,8311,280,0
2026-05-26 18:00:00+00:00,4491.153,4499.653,4482.236,4499.055,7963,280,0
2026-05-26 19:00:00+00:00,4499.429,4509.81,4497.492,4509.056,6304,280,0
2026-05-26 20:00:00+00:00,4508.779,4510.863,4504.174,4507.128,3954,280,0
2026-05-26 22:00:00+00:00,4507.895,4512.466,4497.969,4511.089,8297,280,0
2026-05-26 23:00:00+00:00,4510.984,4527.79,4504.34,4519.734,6848,280,0
2026-05-27 00:00:00+00:00,4519.674,4525.792,4513.807,4515.23,9649,280,0
2026-05-27 01:00:00+00:00,4515.175,4521.108,4506.71,4507.975,11773,280,0
2026-05-27 02:00:00+00:00,4508.035,4509.73,4497.921,4505.559,8574,280,0
2026-05-27 03:00:00+00:00,4505.524,4511.957,4496.627,4497.177,6506,280,0
2026-05-27 04:00:00+00:00,4497.135,4517.149,4495.678,4510.335,7060,280,0
2026-05-27 05:00:00+00:00,4510.249,4513.893,4491.712,4497.506,14319,280,0
2026-05-27 06:00:00+00:00,4497.373,4499.256,4479.773,4485.335,14177,280,0
2026-05-27 07:00:00+00:00,4485.393,4489.021,4475.708,4482.076,10461,280,0
2026-05-27 08:00:00+00:00,4481.819,4498.604,4480.966,4497.65,8985,280,0
2026-05-27 09:00:00+00:00,4497.584,4497.584,4487.012,4490.293,7052,280,0
2026-05-27 10:00:00+00:00,4490.057,4490.797,4442.525,4445.881,18650,280,0
2026-05-27 11:00:00+00:00,4445.96,4453.139,4424.768,4428.67,17920,280,0
2026-05-27 12:00:00+00:00,4428.311,4466.706,4427.373,4438.675,27477,280,0
2026-05-27 13:00:00+00:00,4438.654,4439.153,4401.265,4427.167,39401,280,0
2026-05-27 14:00:00+00:00,4427.226,4455.492,4426.055,4434.046,26735,280,0
2026-05-27 15:00:00+00:00,4434.013,4441.338,4427.928,4436.299,13491,280,0
2026-05-27 16:00:00+00:00,4436.354,4453.247,4433.987,4450.854,8082,280,0
2026-05-27 17:00:00+00:00,4450.583,4454.355,4441.492,4450.548,8618,280,0
2026-05-27 18:00:00+00:00,4450.479,4458.225,4447.754,4454.472,5382,280,0
2026-05-27 19:00:00+00:00,4454.166,4454.863,4448.766,4451.026,5368,280,0
2026-05-27 20:00:00+00:00,4451.083,4458.892,4450.126,4456.159,3388,280,0
2026-05-27 22:00:00+00:00,4462.376,4464.797,4455.194,4457.256,4434,280,0
2026-05-27 23:00:00+00:00,4457.113,4457.505,4443.639,4447.141,5885,280,0
2026-05-28 00:00:00+00:00,4447.199,4457.923,4443.246,4456.853,11273,280,0
2026-05-28 01:00:00+00:00,4456.793,4458.907,4406.751,4409.782,20880,280,0
2026-05-28 02:00:00+00:00,4409.837,4412.81,4392.477,4394.44,15536,280,0
2026-05-28 03:00:00+00:00,4394.247,4397.7,4368.277,4374.931,17166,280,0
2026-05-28 04:00:00+00:00,4374.829,4382.097,4366.232,4372.869,13562,280,0
2026-05-28 05:00:00+00:00,4373.22,4395.736,4367.045,4388.071,14840,280,0
2026-05-28 06:00:00+00:00,4388.13,4390.625,4374.177,4383.346,11965,280,0
2026-05-28 07:00:00+00:00,4383.697,4396.39,4382.767,4387.567,10726,280,0
2026-05-28 08:00:00+00:00,4387.286,4394.985,4385.758,4387.074,9596,280,0
2026-05-28 09:00:00+00:00,4386.952,4398.914,4386.338,4393.662,9331,280,0
2026-05-28 10:00:00+00:00,4393.736,4404.121,4374.979,4383.101,11752,280,0
2026-05-28 11:00:00+00:00,4382.754,4390.53,4380.646,4387.588,10844,280,0
2026-05-28 12:00:00+00:00,4387.68,4433.917,4379.409,4431.962,16338,280,0
2026-05-28 13:00:00+00:00,4432.019,4439.122,4418.118,4430.323,24370,280,0
2026-05-28 14:00:00+00:00,4430.241,4480.467,4420.661,4469.117,46536,280,0
2026-05-28 15:00:00+00:00,4469.189,4484.95,4468.484,4482.062,16226,280,0
2026-05-28 16:00:00+00:00,4482.429,4511.029,4477.561,4510.782,13886,280,0
2026-05-28 17:00:00+00:00,4510.784,4514.666,4500.682,4508.689,8807,280,0
2026-05-28 18:00:00+00:00,4508.743,4516.588,4498.442,4501.067,8365,280,0
2026-05-28 19:00:00+00:00,4501.156,4503.846,4497.297,4498.028,6241,280,0
2026-05-28 20:00:00+00:00,4497.959,4500.714,4494.76,4496.482,4419,280,0
2026-05-28 22:00:00+00:00,4497.173,4498.643,4490.752,4491.095,3781,280,0
2026-05-28 23:00:00+00:00,4491.151,4496.93,4489.135,4494.974,5167,280,0
2026-05-29 00:00:00+00:00,4495.227,4500.597,4491.898,4495.966,10170,280,0
2026-05-29 01:00:00+00:00,4496.026,4520.799,4492.195,4506.519,15461,280,0
2026-05-29 02:00:00+00:00,4506.211,4511.209,4498.351,4501.596,9300,280,0
2026-05-29 03:00:00+00:00,4501.659,4502.145,4494.626,4501.16,8700,280,0
2026-05-29 04:00:00+00:00,4501.242,4514.828,4500.863,4513.964,7038,280,0
2026-05-29 05:00:00+00:00,4513.854,4515.895,4502.539,4514.699,8360,280,0
2026-05-29 06:00:00+00:00,4515.051,4524.167,4509.747,4523.523,12313,280,0
2026-05-29 07:00:00+00:00,4523.754,4526.24,4510.739,4524.487,10118,280,0
2026-05-29 08:00:00+00:00,4524.701,4524.783,4509.878,4514.702,8747,280,0
2026-05-29 09:00:00+00:00,4514.776,4539.817,4513.164,4531.193,10220,280,0
2026-05-29 10:00:00+00:00,4531.197,4543.418,4525.332,4538.374,8795,280,0
2026-05-29 11:00:00+00:00,4538.6,4540.531,4525.781,4538.199,9851,280,0
2026-05-29 12:00:00+00:00,4538.264,4538.532,4512.509,4522.843,13021,280,0
2026-05-29 13:00:00+00:00,4522.901,4540.83,4515.013,4536.818,17817,280,0
2026-05-29 14:00:00+00:00,4536.549,4570.413,4525.121,4563.997,31185,280,0
2026-05-29 15:00:00+00:00,4564.236,4595.189,4557.719,4571.203,30844,280,0
2026-05-29 16:00:00+00:00,4571.268,4573.478,4559.633,4566.762,12132,280,0
2026-05-29 17:00:00+00:00,4566.822,4568.556,4551.445,4553.275,8653,280,0
2026-05-29 18:00:00+00:00,4553.605,4561.685,4550.631,4553.416,8149,280,0
2026-05-29 19:00:00+00:00,4553.355,4559.95,4542.799,4545.649,7389,280,0
2026-05-29 20:00:00+00:00,4545.593,4549.002,4539.391,4540.363,5279,280,0
2026-05-31 22:00:00+00:00,4521.201,4540.2,4518.354,4535.424,7101,280,0
2026-05-31 23:00:00+00:00,4535.425,4545.711,4534.967,4539.642,6226,280,0
2026-06-01 00:00:00+00:00,4539.703,4546.124,4535.213,4540.603,10208,280,0
2026-06-01 01:00:00+00:00,4540.547,4541.273,4523.526,4525.613,13801,280,0
2026-06-01 02:00:00+00:00,4525.587,4534.694,4521.011,4521.517,9709,280,0
2026-06-01 03:00:00+00:00,4521.456,4525.407,4509.784,4516.138,9027,280,0
2026-06-01 04:00:00+00:00,4516.095,4519.475,4508.237,4514.52,6233,280,0
2026-06-01 05:00:00+00:00,4514.576,4525.144,4512.479,4518.333,8730,280,0
2026-06-01 06:00:00+00:00,4518.273,4518.735,4500.014,4501.734,11890,280,0
2026-06-01 07:00:00+00:00,4501.375,4510.006,4492.555,4502.921,10273,280,0
2026-06-01 08:00:00+00:00,4502.835,4504.241,4490.39,4497.828,10075,280,0
2026-06-01 09:00:00+00:00,4498.033,4506.19,4489.125,4496.118,9564,280,0
2026-06-01 10:00:00+00:00,4495.892,4511.014,4495.892,4503.769,7692,280,0
2026-06-01 11:00:00+00:00,4504.005,4512.894,4499.713,4505.721,7766,280,0
2026-06-01 12:00:00+00:00,4505.62,4510.54,4497.371,4502.373,12130,280,0
2026-06-01 13:00:00+00:00,4502.14,4503.876,4448.441,4449.981,42015,280,0
2026-06-01 14:00:00+00:00,4450.363,4464.759,4447.558,4458.707,20275,280,0
2026-06-01 15:00:00+00:00,4458.56,4479.826,4455.102,4473.892,15279,280,0
2026-06-01 16:00:00+00:00,4474.127,4482.171,4462.809,4479.899,9765,280,0
2026-06-01 17:00:00+00:00,4479.83,4495.449,4471.56,4487.602,12148,280,0
2026-06-01 18:00:00+00:00,4487.611,4490.178,4484.668,4486.767,5065,280,0
2026-06-01 19:00:00+00:00,4486.708,4488.319,4479.01,4481.228,5510,280,0
2026-06-01 20:00:00+00:00,4481.283,4485.964,4480.214,4484.131,3879,280,0
2026-06-01 22:00:00+00:00,4486.595,4486.919,4479.866,4485.429,3393,280,0
2026-06-01 23:00:00+00:00,4485.372,4488.338,4479.204,4484.275,4389,280,0
2026-06-02 00:00:00+00:00,4484.445,4497.188,4476.516,4481.198,11675,280,0
2026-06-02 01:00:00+00:00,4481.143,4492.511,4462.956,4474.136,20960,280,0
2026-06-02 02:00:00+00:00,4473.887,4486.576,4472.022,4485.789,11290,280,0
2026-06-02 03:00:00+00:00,4485.851,4499.562,4485.562,4499.109,9540,280,0
2026-06-02 04:00:00+00:00,4499.169,4518.324,4497.557,4517.195,8003,280,0
2026-06-02 05:00:00+00:00,4517.14,4528.291,4515.066,4517.103,10573,280,0
2026-06-02 06:00:00+00:00,4517.044,4538.522,4516.82,4535.556,10891,280,0
2026-06-02 07:00:00+00:00,4535.495,4541.596,4527.703,4534.891,8877,280,0
2026-06-02 08:00:00+00:00,4534.835,4539.287,4525.789,4526.843,8347,280,0
2026-06-02 09:00:00+00:00,4526.835,4535.797,4521.202,4529.631,8327,280,0
2026-06-02 10:00:00+00:00,4529.687,4533.905,4524.717,4532.917,5997,280,0
2026-06-02 11:00:00+00:00,4532.979,4534.624,4525.378,4527.603,6030,280,0
2026-06-02 12:00:00+00:00,4527.66,4534.012,4513.445,4514.799,10739,280,0
2026-06-02 13:00:00+00:00,4514.854,4524.938,4502.908,4502.908,17084,280,0
2026-06-02 14:00:00+00:00,4502.845,4506.907,4489.998,4503.894,14286,280,0
2026-06-02 15:00:00+00:00,4503.949,4508.606,4500.006,4502.172,10296,280,0
2026-06-02 16:00:00+00:00,4502.117,4502.96,4486.231,4491.668,8412,280,0
2026-06-02 17:00:00+00:00,4491.729,4493.202,4482.074,4484.48,7806,280,0
2026-06-02 18:00:00+00:00,4484.834,4491.002,4478.646,4487.263,6377,280,0
2026-06-02 19:00:00+00:00,4487.317,4490.286,4483.324,4487.9,5130,280,0
2026-06-02 20:00:00+00:00,4487.841,4491.094,4486.166,4488.381,3409,280,0
2026-06-02 22:00:00+00:00,4490.391,4493.117,4484.294,4485.068,5080,280,0
2026-06-02 23:00:00+00:00,4485.005,4488.57,4462.278,4474.199,11232,280,0
2026-06-03 00:00:00+00:00,4474.127,4496.778,4473.591,4486.214,9363,280,0
2026-06-03 01:00:00+00:00,4486.154,4487.53,4463.237,4475.605,16728,280,0
2026-06-03 02:00:00+00:00,4475.591,4485.221,4472.641,4482.089,9293,280,0
2026-06-03 03:00:00+00:00,4481.737,4487.647,4481.737,4484.191,6619,280,0
2026-06-03 04:00:00+00:00,4484.541,4488.308,4468.25,4469.498,6150,280,0
2026-06-03 05:00:00+00:00,4469.264,4474.189,4456.477,4457.112,10392,280,0
2026-06-03 06:00:00+00:00,4456.857,4470.972,4455.156,4462.83,13027,280,0
2026-06-03 07:00:00+00:00,4462.76,4472.304,4452.8,4453.345,11259,280,0
2026-06-03 08:00:00+00:00,4453.406,4459.133,4440.042,4443.8,11319,280,0
2026-06-03 09:00:00+00:00,4443.736,4458.772,4438.88,4442.891,10277,280,0
2026-06-03 10:00:00+00:00,4442.838,4466.811,4440.803,4458.745,14935,280,0
2026-06-03 11:00:00+00:00,4458.809,4468.012,4458.612,4462.564,8630,280,0
2026-06-03 12:00:00+00:00,4462.619,4467.297,4448.176,4460.494,13870,280,0
2026-06-03 13:00:00+00:00,4460.197,4465.992,4426.05,4446.115,23347,280,0
2026-06-03 14:00:00+00:00,4445.742,4459.706,4442.404,4457.258,20210,280,0
2026-06-03 15:00:00+00:00,4457.018,4458.381,4436.601,4441.995,15154,280,0
2026-06-03 16:00:00+00:00,4441.936,4443.822,4433.629,4441.657,9775,280,0
2026-06-03 17:00:00+00:00,4441.727,4448.417,4435.587,4439.043,7630,280,0
2026-06-03 18:00:00+00:00,4439.03,4442.951,4434.479,4441.96,5990,280,0
2026-06-03 19:00:00+00:00,4441.906,4452.076,4441.279,4443.992,6737,280,0
2026-06-03 20:00:00+00:00,4443.938,4445.24,4430.365,4434.05,5963,280,0
2026-06-03 22:00:00+00:00,4438.229,4452.791,4423.591,4448.666,7814,280,0
2026-06-03 23:00:00+00:00,4448.735,4464.724,4445.394,4457.096,8200,280,0
2026-06-04 00:00:00+00:00,4457.449,4465.128,4443.876,4448.239,14250,280,0
2026-06-04 01:00:00+00:00,4448.178,4473.652,4443.198,4465.567,18112,280,0
2026-06-04 02:00:00+00:00,4465.508,4476.652,4455.592,4474.815,12835,280,0
2026-06-04 03:00:00+00:00,4474.753,4477.33,4458.212,4463.965,8897,280,0
2026-06-04 04:00:00+00:00,4463.907,4484.102,4462.208,4481.095,8287,280,0
2026-06-04 05:00:00+00:00,4481.169,4482.233,4466.827,4469.269,9586,280,0
2026-06-04 06:00:00+00:00,4469.189,4477.035,4462.897,4467.554,10884,280,0
2026-06-04 07:00:00+00:00,4467.7,4470.641,4459.313,4461.763,9578,280,0
2026-06-04 08:00:00+00:00,4461.698,4469.513,4458.623,4463.192,10530,280,0
2026-06-04 09:00:00+00:00,4463.376,4475.65,4461.085,4470.524,10104,280,0
2026-06-04 10:00:00+00:00,4470.457,4473.95,4464.128,4473.468,8607,280,0
2026-06-04 11:00:00+00:00,4473.535,4514.657,4468.863,4511.612,16977,280,0
2026-06-04 12:00:00+00:00,4511.239,4513.682,4491.04,4504.226,15917,280,0
2026-06-04 13:00:00+00:00,4504.172,4515.517,4495.357,4495.971,21233,280,0
2026-06-04 14:00:00+00:00,4495.617,4499.972,4457.157,4465.958,24308,280,0
2026-06-04 15:00:00+00:00,4466.092,4479.192,4463.575,4477.56,12590,280,0
2026-06-04 16:00:00+00:00,4477.263,4485.172,4475.282,4482.577,9301,280,0
2026-06-04 17:00:00+00:00,4482.56,4482.57,4473.872,4477.954,6323,280,0
2026-06-04 18:00:00+00:00,4478.007,4481.169,4472.731,4477.944,5328,280,0
2026-06-04 19:00:00+00:00,4477.96,4483.459,4476.078,4480.924,5307,280,0
2026-06-04 20:00:00+00:00,4480.853,4481.63,4474.323,4475.665,3694,280,0
2026-06-04 22:00:00+00:00,4475.333,4481.43,4468.587,4469.677,5167,280,0
2026-06-04 23:00:00+00:00,4469.743,4473.907,4460.339,4461.516,6411,280,0
2026-06-05 00:00:00+00:00,4461.463,4466.969,4450.547,4459.329,13439,280,0
2026-06-05 01:00:00+00:00,4459.385,4469.972,4443.936,4446.688,21108,280,0
2026-06-05 02:00:00+00:00,4446.897,4454.988,4438.295,4440.544,14116,280,0
2026-06-05 03:00:00+00:00,4440.588,4443.664,4435.094,4442.175,9705,280,0
2026-06-05 04:00:00+00:00,4442.276,4446.344,4437.531,4444.905,7318,280,0
2026-06-05 05:00:00+00:00,4445.188,4449.97,4438.538,4439.767,11032,280,0
2026-06-05 06:00:00+00:00,4440.006,4456.104,4428.754,4452.955,13865,280,0
2026-06-05 07:00:00+00:00,4452.655,4467.419,4451.714,4460.937,10466,280,0
2026-06-05 08:00:00+00:00,4460.876,4468.366,4458.551,4462.612,8288,280,0
2026-06-05 09:00:00+00:00,4462.54,4469.391,4458.776,4464.699,10760,280,0
2026-06-05 10:00:00+00:00,4464.754,4467.839,4461.77,4466.927,5690,280,0
2026-06-05 11:00:00+00:00,4466.825,4475.369,4458.262,4470.284,8423,280,0
2026-06-05 12:00:00+00:00,4470.163,4475.911,4404.638,4406.213,25582,280,0
2026-06-05 13:00:00+00:00,4406.296,4421.188,4365.348,4365.771,42234,280,0
2026-06-05 14:00:00+00:00,4365.837,4379.213,4344.199,4369.788,40171,280,0
2026-06-05 15:00:00+00:00,4369.548,4372.347,4333.852,4335.571,22645,260,0
2026-06-05 16:00:00+00:00,4335.513,4344.915,4323.088,4344.347,19471,260,0
2026-06-05 17:00:00+00:00,4344.458,4347.431,4335.532,4341.852,15236,260,0
2026-06-05 18:00:00+00:00,4341.577,4342.108,4315.025,4322.487,17093,260,0
2026-06-05 19:00:00+00:00,4322.446,4325.172,4313.728,4318.481,18535,260,0
2026-06-05 20:00:00+00:00,4318.423,4331.092,4311.591,4328.48,11660,280,0
2026-06-07 22:00:00+00:00,4325.114,4330.797,4310.169,4317.429,14370,260,0
2026-06-07 23:00:00+00:00,4317.492,4347.047,4317.412,4343.828,10143,260,0
2026-06-08 00:00:00+00:00,4343.881,4353.374,4339.512,4342.052,14993,280,0
2026-06-08 01:00:00+00:00,4342.11,4346.017,4299.902,4325.526,39081,280,0
2026-06-08 02:00:00+00:00,4325.74,4330.623,4307.079,4310.697,20628,260,0
2026-06-08 03:00:00+00:00,4310.659,4317.207,4303.517,4316.734,12265,260,0
2026-06-08 04:00:00+00:00,4316.789,4321.851,4307.431,4312.489,11154,260,0
2026-06-08 05:00:00+00:00,4312.582,4316.114,4268.309,4291.797,24798,260,0
2026-06-08 06:00:00+00:00,4291.859,4311.438,4291.859,4299.854,19422,260,0
2026-06-08 07:00:00+00:00,4299.787,4316.884,4294.311,4294.552,17463,260,0
2026-06-08 08:00:00+00:00,4294.479,4297.25,4285.237,4288.86,15598,260,0
2026-06-08 09:00:00+00:00,4288.82,4302.034,4272.951,4294.125,16688,260,0
2026-06-08 10:00:00+00:00,4294.183,4305.637,4286.135,4301.875,15178,260,0
2026-06-08 11:00:00+00:00,4302.075,4333.406,4297.003,4331.272,20822,260,0
2026-06-08 12:00:00+00:00,4331.029,4339.465,4320.208,4332.836,17791,260,0
2026-06-08 13:00:00+00:00,4333.19,4346.835,4321.234,4326.88,29494,260,0
2026-06-08 14:00:00+00:00,4326.639,4331.321,4314.31,4330.765,26645,260,0
2026-06-08 15:00:00+00:00,4330.825,4345.839,4322.483,4341.621,18189,260,0
2026-06-08 16:00:00+00:00,4341.569,4346.261,4337.67,4340.484,11059,260,0
2026-06-08 17:00:00+00:00,4340.536,4342.475,4331.991,4339.016,10102,260,0
2026-06-08 18:00:00+00:00,4338.963,4345.861,4332.897,4334.737,7813,260,0
2026-06-08 19:00:00+00:00,4334.498,4338.141,4323.436,4326.794,8590,260,0
2026-06-08 20:00:00+00:00,4326.445,4330.078,4324.217,4329.953,4782,260,0
2026-06-08 22:00:00+00:00,4332.101,4332.46,4322.673,4327.973,4144,260,0
2026-06-08 23:00:00+00:00,4328.033,4328.942,4312.78,4317.619,5443,260,0
2026-06-09 00:00:00+00:00,4317.567,4323.916,4315.011,4319.662,12592,260,0
2026-06-09 01:00:00+00:00,4319.608,4338.867,4318.478,4336.36,16621,260,0
2026-06-09 02:00:00+00:00,4336.66,4341.092,4328.061,4336.118,11190,260,0
2026-06-09 03:00:00+00:00,4336.121,4342.446,4331.069,4336.512,10083,280,0
2026-06-09 04:00:00+00:00,4336.409,4339.229,4324.043,4332.168,7644,280,0
2026-06-09 05:00:00+00:00,4332.243,4351.53,4330.74,4343.403,12387,280,0
2026-06-09 06:00:00+00:00,4343.485,4348.791,4330.144,4330.801,12452,280,0
2026-06-09 07:00:00+00:00,4330.733,4334.59,4322.044,4326.712,12324,260,0
2026-06-09 08:00:00+00:00,4326.769,4336.866,4320.992,4326.673,10660,260,0
2026-06-09 09:00:00+00:00,4326.587,4336.257,4324.05,4331.973,8709,260,0
2026-06-09 10:00:00+00:00,4331.919,4340.799,4325.309,4339.002,8944,260,0
2026-06-09 11:00:00+00:00,4338.945,4343.778,4335.511,4339.602,7430,260,0
2026-06-09 12:00:00+00:00,4339.875,4344.207,4334.785,4341.154,9609,260,0
2026-06-09 13:00:00+00:00,4341.21,4363.473,4325.205,4329.226,23186,260,0
2026-06-09 14:00:00+00:00,4329.16,4335.9,4278.393,4300.636,42783,260,0
2026-06-09 15:00:00+00:00,4300.405,4302.282,4262.97,4272.522,39163,260,0
2026-06-09 16:00:00+00:00,4272.466,4281.156,4236.398,4252.112,53379,260,0
2026-06-09 17:00:00+00:00,4252.052,4268.18,4251.104,4262.959,26988,260,0
2026-06-09 18:00:00+00:00,4263.023,4274.377,4259.473,4270.054,15019,260,0
2026-06-09 19:00:00+00:00,4270.128,4271.632,4249.827,4258.411,15235,260,0
2026-06-09 20:00:00+00:00,4258.485,4262.177,4255.527,4260.441,4968,260,0
2026-06-09 22:00:00+00:00,4256.058,4257.305,4232.338,4236.965,8137,280,0
2026-06-09 23:00:00+00:00,4237.19,4247.167,4210.259,4222.118,12681,260,0
2026-06-10 00:00:00+00:00,4222.153,4228.48,4198.692,4217.986,25283,260,0
2026-06-10 01:00:00+00:00,4217.934,4218.846,4183.521,4188.78,32576,260,0
2026-06-10 02:00:00+00:00,4188.833,4192.383,4172.898,4174.16,21721,260,0
2026-06-10 03:00:00+00:00,4173.832,4186.425,4172.542,4184.697,13732,260,0
2026-06-10 04:00:00+00:00,4184.643,4187.362,4172.132,4174.665,10245,260,0
2026-06-10 05:00:00+00:00,4174.724,4209.142,4173.394,4205.031,18121,260,0
2026-06-10 06:00:00+00:00,4205.0,4221.883,4201.682,4203.976,17141,260,0
2026-06-10 07:00:00+00:00,4203.925,4208.053,4181.48,4186.016,15187,260,0
2026-06-10 08:00:00+00:00,4185.955,4187.522,4161.206,4169.061,21634,260,0
2026-06-10 09:00:00+00:00,4169.116,4179.552,4163.058,4168.523,16804,260,0
2026-06-10 10:00:00+00:00,4168.583,4178.625,4155.627,4174.468,15008,260,0
2026-06-10 11:00:00+00:00,4174.347,4176.083,4145.642,4147.722,31004,260,0
2026-06-10 12:00:00+00:00,4147.659,4173.916,4128.492,4146.777,40114,260,0
2026-06-10 13:00:00+00:00,4146.875,4186.372,4132.728,4179.361,46188,260,0
2026-06-10 14:00:00+00:00,4179.466,4181.015,4117.657,4124.67,37979,260,0
2026-06-10 15:00:00+00:00,4124.733,4137.095,4106.728,4128.597,48041,260,0
2026-06-10 16:00:00+00:00,4128.65,4135.163,4115.848,4122.094,24512,260,0
2026-06-10 17:00:00+00:00,4121.802,4134.98,4100.661,4111.714,21185,260,0
2026-06-10 18:00:00+00:00,4111.763,4120.521,4096.741,4101.676,15936,260,0
2026-06-10 19:00:00+00:00,4101.488,4102.131,4081.437,4082.793,17056,260,0
2026-06-10 20:00:00+00:00,4082.848,4083.176,4066.955,4070.577,9722,260,0
2026-06-10 22:00:00+00:00,4071.785,4072.04,4036.123,4046.457,15003,260,0
2026-06-10 23:00:00+00:00,4046.531,4064.749,4023.831,4047.261,22156,260,0
2026-06-11 00:00:00+00:00,4047.203,4078.005,4036.048,4075.621,46597,260,0
2026-06-11 01:00:00+00:00,4075.57,4118.287,4066.108,4102.099,42140,260,0
2026-06-11 02:00:00+00:00,4102.157,4102.808,4052.334,4067.776,29984,260,0
2026-06-11 03:00:00+00:00,4067.721,4078.57,4056.842,4072.705,22148,260,0
2026-06-11 04:00:00+00:00,4072.85,4085.919,4070.093,4082.758,14030,260,0
2026-06-11 05:00:00+00:00,4082.812,4106.427,4072.543,4094.352,21898,260,0
2026-06-11 06:00:00+00:00,4094.284,4097.575,4076.222,4094.729,20891,260,0
2026-06-11 07:00:00+00:00,4094.667,4110.622,4091.788,4104.774,17326,260,0
2026-06-11 08:00:00+00:00,4104.722,4112.649,4084.495,4084.6,17403,260,0
2026-06-11 09:00:00+00:00,4084.324,4096.311,4077.334,4091.451,12691,260,0
2026-06-11 10:00:00+00:00,4091.397,4094.629,4086.378,4089.822,10382,260,0
2026-06-11 11:00:00+00:00,4089.921,4096.086,4079.681,4080.436,15980,260,0
2026-06-11 12:00:00+00:00,4080.418,4087.191,4057.387,4081.976,34973,260,0
2026-06-11 13:00:00+00:00,4081.67,4092.66,4067.024,4083.399,45688,260,0
2026-06-11 14:00:00+00:00,4083.335,4085.473,4053.021,4073.324,45309,260,0
2026-06-11 15:00:00+00:00,4073.432,4095.557,4070.208,4088.661,33919,260,0
2026-06-11 16:00:00+00:00,4088.735,4107.559,4077.907,4080.372,21298,260,0
2026-06-11 17:00:00+00:00,4080.031,4170.133,4071.804,4152.015,62695,260,0
2026-06-11 18:00:00+00:00,4151.961,4171.732,4131.203,4161.864,36205,260,0
2026-06-11 19:00:00+00:00,4161.714,4219.959,4161.714,4208.948,35409,260,0
2026-06-11 20:00:00+00:00,4209.061,4218.627,4208.002,4211.516,10324,260,0
2026-06-11 22:00:00+00:00,4220.124,4246.25,4205.253,4243.304,9881,260,0
2026-06-11 23:00:00+00:00,4243.369,4245.907,4214.225,4219.785,12252,260,0
2026-06-12 00:00:00+00:00,4219.997,4230.603,4200.665,4208.427,23682,260,0
2026-06-12 01:00:00+00:00,4208.207,4210.998,4171.337,4186.89,28248,260,0
2026-06-12 02:00:00+00:00,4186.823,4199.909,4182.58,4191.411,16283,260,0
2026-06-12 03:00:00+00:00,4191.356,4204.985,4189.518,4197.277,14287,260,0
2026-06-12 04:00:00+00:00,4197.226,4201.096,4189.464,4190.115,9362,260,0
2026-06-12 05:00:00+00:00,4190.081,4192.981,4170.758,4173.03,17595,260,0
2026-06-12 06:00:00+00:00,4173.098,4185.642,4172.296,4184.002,14479,260,0
2026-06-12 07:00:00+00:00,4184.056,4194.047,4170.058,4194.047,16689,260,0
2026-06-12 08:00:00+00:00,4194.384,4226.033,4191.789,4219.695,25117,260,0
2026-06-12 09:00:00+00:00,4219.481,4227.914,4217.278,4221.921,15325,260,0
2026-06-12 10:00:00+00:00,4221.864,4225.452,4202.782,4210.733,13933,260,0
2026-06-12 11:00:00+00:00,4210.866,4215.373,4197.41,4207.017,12327,260,0
2026-06-12 12:00:00+00:00,4206.966,4215.365,4188.44,4191.873,17403,260,0
2026-06-12 13:00:00+00:00,4191.82,4210.169,4182.73,4186.499,35978,260,0
2026-06-12 14:00:00+00:00,4186.161,4208.569,4176.959,4204.055,37194,260,0
2026-06-12 15:00:00+00:00,4204.114,4235.655,4200.174,4211.904,29892,260,0
2026-06-12 16:00:00+00:00,4211.963,4233.079,4207.886,4216.119,22151,260,0
2026-06-12 17:00:00+00:00,4216.178,4226.558,4213.874,4221.41,12038,260,0
2026-06-12 18:00:00+00:00,4221.474,4235.334,4214.02,4215.692,10598,260,0
2026-06-12 19:00:00+00:00,4215.639,4219.003,4201.672,4210.559,10039,260,0
2026-06-12 20:00:00+00:00,4210.502,4219.296,4209.251,4218.665,4592,260,0
2026-06-14 22:00:00+00:00,4270.346,4308.995,4269.222,4285.791,13384,280,0
2026-06-14 23:00:00+00:00,4285.738,4295.174,4281.103,4293.94,6672,280,0
2026-06-15 00:00:00+00:00,4294.108,4308.228,4291.572,4292.69,12597,260,0
2026-06-15 01:00:00+00:00,4292.479,4319.618,4285.422,4316.626,23300,280,0
2026-06-15 02:00:00+00:00,4316.571,4335.476,4315.919,4329.634,12382,260,0
2026-06-15 03:00:00+00:00,4329.387,4331.165,4321.279,4324.773,8914,260,0
2026-06-15 04:00:00+00:00,4325.119,4329.997,4320.482,4328.359,6255,260,0
2026-06-15 05:00:00+00:00,4328.086,4333.029,4307.382,4310.17,11032,260,0
2026-06-15 06:00:00+00:00,4310.192,4313.524,4300.619,4308.245,12822,260,0
2026-06-15 07:00:00+00:00,4308.305,4325.376,4305.353,4322.971,10190,260,0
2026-06-15 08:00:00+00:00,4322.908,4345.455,4321.64,4334.326,11128,260,0
2026-06-15 09:00:00+00:00,4334.333,4343.403,4334.028,4336.791,9567,260,0
2026-06-15 10:00:00+00:00,4336.854,4341.641,4335.194,4337.97,7360,260,0
2026-06-15 11:00:00+00:00,4338.33,4347.567,4331.831,4335.19,9605,260,0
2026-06-15 12:00:00+00:00,4335.118,4349.403,4324.61,4348.814,11357,260,0
2026-06-15 13:00:00+00:00,4348.984,4368.676,4341.252,4355.332,19174,280,0
2026-06-15 14:00:00+00:00,4355.182,4369.321,4353.756,4356.812,17926,280,0
2026-06-15 15:00:00+00:00,4356.757,4360.652,4349.464,4356.337,12527,280,0
2026-06-15 16:00:00+00:00,4356.282,4358.787,4334.39,4339.002,10079,260,0
2026-06-15 17:00:00+00:00,4339.057,4339.218,4320.344,4324.588,10088,260,0
2026-06-15 18:00:00+00:00,4324.65,4328.046,4317.799,4325.804,7497,260,0
2026-06-15 19:00:00+00:00,4325.625,4326.829,4316.402,4320.608,7051,260,0
2026-06-15 20:00:00+00:00,4320.549,4322.117,4306.314,4308.89,4909,260,0
2026-06-15 22:00:00+00:00,4311.372,4315.594,4305.813,4311.954,4863,260,0
2026-06-15 23:00:00+00:00,4311.902,4319.091,4311.546,4315.715,4924,260,0
2026-06-16 00:00:00+00:00,4315.658,4320.688,4306.624,4319.175,10081,260,0
2026-06-16 01:00:00+00:00,4319.048,4325.734,4312.12,4313.447,14966,260,0
2026-06-16 02:00:00+00:00,4313.422,4320.712,4307.735,4318.548,8168,260,0
2026-06-16 03:00:00+00:00,4318.698,4333.088,4315.526,4330.235,7579,260,0
2026-06-16 04:00:00+00:00,4330.235,4331.884,4321.003,4322.633,6236,260,0
2026-06-16 05:00:00+00:00,4322.688,4330.945,4314.249,4315.673,9428,260,0
2026-06-16 06:00:00+00:00,4315.914,4324.339,4313.394,4323.703,9652,260,0
2026-06-16 07:00:00+00:00,4323.761,4335.507,4322.494,4334.908,8834,260,0
2026-06-16 08:00:00+00:00,4334.854,4348.018,4332.686,4346.783,8641,280,0
2026-06-16 09:00:00+00:00,4346.841,4348.401,4338.192,4345.058,7262,260,0
2026-06-16 10:00:00+00:00,4345.417,4348.965,4341.98,4348.705,5610,260,0
2026-06-16 11:00:00+00:00,4348.769,4349.466,4334.993,4340.763,8704,280,0
2026-06-16 12:00:00+00:00,4340.711,4354.991,4337.556,4354.497,10471,260,0
2026-06-16 13:00:00+00:00,4354.436,4354.91,4331.509,4331.588,17689,260,0
2026-06-16 14:00:00+00:00,4331.941,4338.906,4313.008,4323.841,20405,260,0
2026-06-16 15:00:00+00:00,4323.894,4343.543,4320.854,4335.381,14994,260,0
2026-06-16 16:00:00+00:00,4335.324,4347.069,4334.847,4340.704,11742,260,0
2026-06-16 17:00:00+00:00,4340.621,4341.3,4325.136,4340.091,10129,260,0
2026-06-16 18:00:00+00:00,4340.145,4342.913,4336.072,4338.335,6342,260,0
2026-06-16 19:00:00+00:00,4338.403,4343.01,4330.457,4334.102,6936,260,0
2026-06-16 20:00:00+00:00,4333.755,4334.954,4329.466,4331.08,3628,280,0
2026-06-16 22:00:00+00:00,4335.048,4336.218,4328.797,4335.273,3067,280,0
2026-06-16 23:00:00+00:00,4335.567,4338.267,4329.59,4331.111,3248,260,0
2026-06-17 00:00:00+00:00,4331.252,4341.562,4328.359,4336.91,8828,280,0
2026-06-17 01:00:00+00:00,4336.856,4349.811,4334.237,4341.011,12814,280,0
2026-06-17 02:00:00+00:00,4340.98,4344.407,4329.589,4331.759,8885,260,0
2026-06-17 03:00:00+00:00,4331.69,4334.092,4328.437,4332.276,6767,260,0
2026-06-17 04:00:00+00:00,4332.069,4333.996,4317.377,4326.533,6565,260,0
2026-06-17 05:00:00+00:00,4326.589,4334.292,4321.017,4326.563,8672,260,0
2026-06-17 06:00:00+00:00,4326.533,4331.77,4320.379,4331.487,9621,260,0
2026-06-17 07:00:00+00:00,4331.484,4332.866,4324.527,4325.32,7926,260,0
2026-06-17 08:00:00+00:00,4325.376,4327.665,4317.06,4324.536,9295,260,0
2026-06-17 09:00:00+00:00,4324.469,4335.792,4321.358,4329.668,7703,260,0
2026-06-17 10:00:00+00:00,4329.73,4335.272,4326.884,4331.472,6107,260,0
2026-06-17 11:00:00+00:00,4331.254,4331.845,4320.747,4323.32,7171,260,0
2026-06-17 12:00:00+00:00,4323.382,4335.571,4319.754,4333.434,9237,260,0
2026-06-17 13:00:00+00:00,4333.375,4345.29,4323.87,4339.935,14708,260,0
2026-06-17 14:00:00+00:00,4339.879,4363.976,4330.937,4344.595,24462,260,0
2026-06-17 15:00:00+00:00,4344.56,4364.912,4343.76,4363.697,14201,280,0
2026-06-17 16:00:00+00:00,4363.338,4366.525,4355.094,4359.608,7928,260,0
2026-06-17 17:00:00+00:00,4359.371,4382.328,4355.309,4380.118,13893,280,0
2026-06-17 18:00:00+00:00,4379.593,4379.671,4269.62,4285.985,113180,280,0
2026-06-17 19:00:00+00:00,4286.076,4295.399,4218.832,4235.678,85371,260,0
2026-06-17 20:00:00+00:00,4235.61,4269.726,4234.792,4257.489,18294,260,0
2026-06-17 22:00:00+00:00,4258.539,4271.463,4254.422,4266.82,6830,260,0
2026-06-17 23:00:00+00:00,4266.749,4283.946,4264.207,4277.846,8122,260,0
2026-06-18 00:00:00+00:00,4277.923,4315.391,4276.383,4308.528,18144,260,0
2026-06-18 01:00:00+00:00,4308.597,4328.611,4306.871,4317.957,20426,260,0
2026-06-18 02:00:00+00:00,4318.013,4329.955,4310.566,4310.833,12612,260,0
2026-06-18 03:00:00+00:00,4310.966,4322.481,4308.868,4319.51,9327,260,0
2026-06-18 04:00:00+00:00,4319.773,4324.073,4309.638,4316.118,7842,260,0
2026-06-18 05:00:00+00:00,4315.764,4324.892,4301.253,4307.925,12591,260,0
2026-06-18 06:00:00+00:00,4307.956,4309.982,4296.219,4306.312,14742,260,0
2026-06-18 07:00:00+00:00,4306.259,4309.443,4287.32,4288.722,11936,260,0
2026-06-18 08:00:00+00:00,4288.787,4293.025,4265.416,4266.756,14022,260,0
2026-06-18 09:00:00+00:00,4266.816,4273.252,4259.38,4268.665,12943,260,0
2026-06-18 10:00:00+00:00,4268.611,4272.827,4254.598,4255.604,11424,260,0
2026-06-18 11:00:00+00:00,4255.743,4255.817,4239.694,4242.053,14575,260,0
2026-06-18 12:00:00+00:00,4241.706,4269.201,4240.24,4246.469,20452,260,0
2026-06-18 13:00:00+00:00,4246.406,4276.766,4244.787,4256.56,26637,260,0
2026-06-18 14:00:00+00:00,4256.418,4258.038,4236.874,4252.477,28725,260,0
2026-06-18 15:00:00+00:00,4252.547,4254.885,4222.93,4226.502,21712,260,0
2026-06-18 16:00:00+00:00,4226.555,4233.401,4213.853,4219.239,17452,260,0
2026-06-18 17:00:00+00:00,4219.295,4233.162,4218.444,4230.293,11745,260,0
2026-06-18 18:00:00+00:00,4230.509,4232.984,4218.041,4218.412,9168,260,0
2026-06-18 19:00:00+00:00,4218.464,4219.118,4201.21,4216.825,14220,260,0
2026-06-18 20:00:00+00:00,4216.773,4219.64,4207.701,4208.216,5178,260,0
2026-06-18 22:00:00+00:00,4208.762,4212.748,4202.798,4207.589,4226,260,0
2026-06-18 23:00:00+00:00,4207.584,4208.453,4186.72,4188.559,7746,260,0
2026-06-19 00:00:00+00:00,4188.495,4197.941,4184.156,4190.456,12492,260,0
2026-06-19 01:00:00+00:00,4190.511,4194.515,4183.75,4184.75,9408,260,0
2026-06-19 02:00:00+00:00,4184.698,4186.308,4171.722,4176.43,9865,260,0
2026-06-19 03:00:00+00:00,4176.422,4177.082,4145.561,4153.254,11891,260,0
2026-06-19 04:00:00+00:00,4153.384,4155.299,4124.988,4125.935,14981,260,0
2026-06-19 05:00:00+00:00,4125.884,4141.678,4121.623,4139.522,13982,260,0
2026-06-19 06:00:00+00:00,4139.573,4150.571,4132.723,4147.761,14650,260,0
2026-06-19 07:00:00+00:00,4147.704,4163.283,4147.704,4158.093,12312,260,0
2026-06-19 08:00:00+00:00,4157.878,4178.69,4155.101,4168.92,12583,260,0
2026-06-19 09:00:00+00:00,4168.93,4170.969,4160.854,4162.977,9410,260,0
2026-06-19 10:00:00+00:00,4163.031,4163.137,4147.91,4149.642,10466,260,0
2026-06-19 11:00:00+00:00,4149.916,4155.048,4141.735,4152.435,10951,260,0
2026-06-19 12:00:00+00:00,4152.463,4180.141,4147.079,4178.926,16716,260,0
2026-06-19 13:00:00+00:00,4178.869,4183.04,4150.289,4151.504,18745,260,0
2026-06-19 14:00:00+00:00,4151.229,4154.692,4142.507,4149.084,13176,260,0
2026-06-19 15:00:00+00:00,4149.147,4154.065,4147.467,4151.097,8452,260,0
2026-06-19 16:00:00+00:00,4150.914,4157.9,4144.067,4155.421,7027,260,0
2026-06-21 22:00:00+00:00,4153.418,4159.66,4147.804,4156.375,7047,260,0
2026-06-21 23:00:00+00:00,4156.327,4164.776,4136.447,4140.09,10263,260,0
2026-06-22 00:00:00+00:00,4140.145,4200.954,4139.902,4200.644,21626,260,0
2026-06-22 01:00:00+00:00,4200.981,4221.311,4189.491,4191.055,34931,260,0
2026-06-22 02:00:00+00:00,4191.107,4200.179,4183.469,4188.527,16317,260,0
2026-06-22 03:00:00+00:00,4188.476,4189.954,4170.52,4171.517,11302,260,0
2026-06-22 04:00:00+00:00,4171.592,4182.077,4170.646,4181.769,7937,260,0
2026-06-22 05:00:00+00:00,4181.558,4198.494,4179.262,4193.821,13419,260,0
2026-06-22 06:00:00+00:00,4193.914,4207.347,4191.123,4197.535,13804,260,0
2026-06-22 07:00:00+00:00,4197.746,4201.757,4188.652,4190.195,10286,260,0
2026-06-22 08:00:00+00:00,4190.402,4197.867,4188.657,4197.152,10155,260,0
2026-06-22 09:00:00+00:00,4197.203,4210.182,4195.865,4208.313,10403,260,0
2026-06-22 10:00:00+00:00,4208.367,4214.271,4203.5,4204.507,7946,260,0
2026-06-22 11:00:00+00:00,4204.577,4215.312,4201.277,4207.501,10545,260,0
2026-06-22 12:00:00+00:00,4207.507,4211.752,4192.304,4193.457,11146,260,0
2026-06-22 13:00:00+00:00,4193.515,4205.902,4183.008,4199.956,24536,260,0
2026-06-22 14:00:00+00:00,4199.961,4210.811,4186.357,4198.11,25099,260,0
2026-06-22 15:00:00+00:00,4198.443,4201.338,4169.628,4182.96,18913,260,0
2026-06-22 16:00:00+00:00,4182.637,4192.764,4174.201,4189.582,11857,260,0
2026-06-22 17:00:00+00:00,4189.637,4191.602,4176.974,4183.269,9505,260,0
2026-06-22 18:00:00+00:00,4183.347,4192.88,4182.343,4191.223,7089,260,0
2026-06-22 19:00:00+00:00,4191.434,4193.419,4184.056,4190.428,7324,260,0
2026-06-22 20:00:00+00:00,4190.372,4193.708,4188.604,4192.333,3820,260,0
2026-06-22 22:00:00+00:00,4192.3,4194.629,4188.299,4189.972,3425,260,0
2026-06-22 23:00:00+00:00,4189.757,4195.387,4186.767,4187.409,4245,260,0
2026-06-23 00:00:00+00:00,4187.625,4194.787,4178.336,4193.178,14466,260,0
2026-06-23 01:00:00+00:00,4193.395,4198.671,4150.041,4161.274,24873,260,0
2026-06-23 02:00:00+00:00,4161.148,4163.456,4146.514,4147.021,15443,260,0
2026-06-23 03:00:00+00:00,4147.076,4149.679,4130.819,4143.902,14815,260,0
2026-06-23 04:00:00+00:00,4143.952,4146.78,4114.807,4118.261,10096,260,0
2026-06-23 05:00:00+00:00,4118.143,4137.469,4115.286,4121.075,21341,260,0
2026-06-23 06:00:00+00:00,4121.186,4126.857,4110.181,4114.516,21031,260,0
2026-06-23 07:00:00+00:00,4114.458,4124.598,4096.463,4098.926,16834,260,0
2026-06-23 08:00:00+00:00,4098.901,4110.876,4090.627,4105.183,16309,260,0
2026-06-23 09:00:00+00:00,4105.133,4122.152,4103.99,4122.095,11680,260,0
2026-06-23 10:00:00+00:00,4122.152,4133.272,4119.536,4119.819,12607,260,0
2026-06-23 11:00:00+00:00,4119.719,4132.095,4117.335,4123.073,14953,260,0
2026-06-23 12:00:00+00:00,4123.339,4127.415,4111.708,4113.341,16017,260,0
2026-06-23 13:00:00+00:00,4113.288,4140.512,4105.359,4135.547,29386,260,0
2026-06-23 14:00:00+00:00,4135.496,4145.159,4122.521,4130.008,29333,260,0
2026-06-23 15:00:00+00:00,4130.115,4141.483,4123.344,4138.453,18524,260,0
2026-06-23 16:00:00+00:00,4138.502,4143.937,4131.415,4134.509,10096,260,0
2026-06-23 17:00:00+00:00,4134.444,4139.833,4127.585,4128.082,11116,260,0
2026-06-23 18:00:00+00:00,4127.862,4130.815,4112.707,4117.56,8878,260,0
2026-06-23 19:00:00+00:00,4117.599,4126.11,4111.474,4111.526,11330,260,0
2026-06-23 20:00:00+00:00,4111.578,4113.001,4107.319,4109.845,5586,260,0
2026-06-23 22:00:00+00:00,4112.25,4115.13,4096.829,4104.397,7630,260,0
2026-06-23 23:00:00+00:00,4104.073,4104.462,4080.827,4099.048,10930,260,0
2026-06-24 00:00:00+00:00,4098.986,4111.928,4093.627,4097.068,22254,260,0
2026-06-24 01:00:00+00:00,4097.125,4102.256,4068.184,4088.965,37829,260,0
2026-06-24 02:00:00+00:00,4088.984,4096.065,4051.959,4061.252,22717,260,0
2026-06-24 03:00:00+00:00,4061.199,4070.744,4050.199,4062.811,19786,260,0
2026-06-24 04:00:00+00:00,4062.872,4067.282,4054.907,4064.569,13167,260,0
2026-06-24 05:00:00+00:00,4064.513,4086.272,4060.926,4075.739,16648,260,0
2026-06-24 06:00:00+00:00,4075.943,4097.604,4075.716,4086.977,20130,260,0
2026-06-24 07:00:00+00:00,4086.905,4090.903,4073.726,4074.859,12925,260,0
2026-06-24 08:00:00+00:00,4074.807,4087.591,4073.02,4076.329,13063,260,0
2026-06-24 09:00:00+00:00,4076.267,4079.149,4063.938,4064.635,11382,260,0
2026-06-24 10:00:00+00:00,4064.684,4066.741,4054.279,4055.644,12154,260,0
2026-06-24 11:00:00+00:00,4055.708,4058.502,4037.462,4046.596,43962,160,0
2026-06-24 12:00:00+00:00,4046.72,4048.892,3987.393,3987.779,85451,160,0
2026-06-24 13:00:00+00:00,3987.726,4042.164,3964.386,4038.258,164168,160,0
2026-06-24 14:00:00+00:00,4038.127,4041.218,4002.878,4007.819,54851,160,0
2026-06-24 15:00:00+00:00,4008.129,4016.987,3997.199,4002.397,60563,160,0
2026-06-24 16:00:00+00:00,4002.643,4022.268,3995.448,4006.5,47977,160,0
2026-06-24 17:00:00+00:00,4006.577,4011.278,3972.743,3972.925,26935,260,0
2026-06-24 18:00:00+00:00,3972.972,3994.35,3958.811,3981.499,28748,260,0
2026-06-24 19:00:00+00:00,3981.552,3990.885,3973.409,3988.013,18015,260,0
2026-06-24 20:00:00+00:00,3987.865,4002.942,3984.791,4001.02,12831,260,0
2026-06-24 22:00:00+00:00,4004.436,4008.91,3993.024,3996.146,6478,260,0
2026-06-24 23:00:00+00:00,3996.2,4018.618,3990.741,4012.325,8890,260,0
2026-06-25 00:00:00+00:00,4012.27,4016.467,3978.365,3991.3,23691,260,0
2026-06-25 01:00:00+00:00,3991.235,4005.901,3972.265,3976.844,39066,260,0
2026-06-25 02:00:00+00:00,3976.914,3991.099,3962.365,3983.003,27764,260,0
2026-06-25 03:00:00+00:00,3983.051,4001.158,3966.184,3995.326,24777,260,0
2026-06-25 04:00:00+00:00,3995.273,3997.671,3983.471,3996.18,13361,260,0
2026-06-25 05:00:00+00:00,3996.23,4000.186,3980.358,3986.519,20974,260,0
2026-06-25 06:00:00+00:00,3986.44,3989.261,3973.719,3977.455,19115,260,0
2026-06-25 07:00:00+00:00,3977.511,3989.88,3971.289,3987.713,15312,260,0
2026-06-25 08:00:00+00:00,3987.661,4002.111,3984.166,3989.236,18267,260,0
2026-06-25 09:00:00+00:00,3988.941,3997.669,3986.027,3988.308,12169,260,0
2026-06-25 10:00:00+00:00,3988.255,3989.473,3981.217,3984.121,8433,260,0
2026-06-25 11:00:00+00:00,3984.164,3987.816,3973.475,3980.193,12307,240,0
2026-06-25 12:00:00+00:00,3980.233,4019.436,3978.781,4012.238,37705,240,0
2026-06-25 13:00:00+00:00,4012.553,4034.014,4000.781,4002.3,56785,240,0
2026-06-25 14:00:00+00:00,4002.257,4028.745,3998.943,4012.047,39573,240,0
2026-06-25 15:00:00+00:00,4012.096,4042.73,4004.899,4040.935,30866,240,0
2026-06-25 16:00:00+00:00,4041.062,4044.094,4023.85,4028.846,18112,240,0
2026-06-25 17:00:00+00:00,4028.899,4036.771,4026.799,4034.538,12537,240,0
2026-06-25 18:00:00+00:00,4034.636,4044.267,4025.83,4034.858,13871,240,0
2026-06-25 19:00:00+00:00,4034.614,4043.84,4021.904,4026.638,11889,240,0
2026-06-25 20:00:00+00:00,4026.565,4035.043,4024.321,4026.787,6249,240,0
2026-06-25 22:00:00+00:00,4028.858,4036.624,4019.717,4026.443,7688,240,0
2026-06-25 23:00:00+00:00,4026.204,4030.33,4012.378,4014.651,7678,240,0
2026-06-26 00:00:00+00:00,4014.59,4024.568,4011.308,4020.423,17918,240,0
2026-06-26 01:00:00+00:00,4020.476,4029.684,4014.104,4020.796,22116,240,0
2026-06-26 02:00:00+00:00,4020.846,4023.36,3982.879,3990.578,18969,240,0
2026-06-26 03:00:00+00:00,3990.515,4006.686,3986.622,4004.105,15026,240,0
2026-06-26 04:00:00+00:00,4004.162,4015.35,3998.693,4011.387,12039,240,0
2026-06-26 05:00:00+00:00,4011.513,4021.713,4005.606,4008.119,15995,240,0
2026-06-26 06:00:00+00:00,4007.965,4033.083,4006.661,4031.928,20385,240,0
2026-06-26 07:00:00+00:00,4031.873,4039.702,4026.73,4030.668,11862,240,0
2026-06-26 08:00:00+00:00,4030.471,4037.924,4025.669,4031.004,10637,240,0
2026-06-26 09:00:00+00:00,4030.746,4054.203,4029.396,4047.325,14015,240,0
2026-06-26 10:00:00+00:00,4047.275,4055.074,4042.312,4054.815,10609,240,0
2026-06-26 11:00:00+00:00,4054.667,4055.83,4042.486,4045.764,10810,240,0
2026-06-26 12:00:00+00:00,4045.816,4061.629,4035.69,4058.828,14833,240,0
2026-06-26 13:00:00+00:00,4058.88,4077.989,4043.221,4073.448,36681,240,0
2026-06-26 14:00:00+00:00,4073.669,4093.103,4067.833,4080.386,27573,240,0
2026-06-26 15:00:00+00:00,4080.588,4096.053,4075.608,4090.402,19502,240,0
2026-06-26 16:00:00+00:00,4090.452,4093.532,4082.007,4085.119,12259,240,0
2026-06-26 17:00:00+00:00,4085.147,4088.265,4073.571,4074.693,10151,240,0
2026-06-26 18:00:00+00:00,4074.824,4078.885,4067.051,4067.452,7628,240,0
2026-06-26 19:00:00+00:00,4067.536,4074.546,4064.417,4071.743,8321,240,0
2026-06-26 20:00:00+00:00,4071.814,4090.403,4064.599,4088.245,8822,240,0
2026-06-28 22:00:00+00:00,4075.881,4085.307,4053.377,4066.367,9406,240,0
2026-06-28 23:00:00+00:00,4066.39,4070.63,4051.708,4062.831,8868,240,0
2026-06-29 00:00:00+00:00,4062.887,4074.28,4048.255,4069.618,23071,240,0
2026-06-29 01:00:00+00:00,4069.71,4074.673,4053.756,4061.391,26614,240,0
2026-06-29 02:00:00+00:00,4061.354,4071.948,4058.316,4066.242,19395,240,0
2026-06-29 03:00:00+00:00,4066.347,4075.713,4065.036,4068.939,12146,240,0
2026-06-29 04:00:00+00:00,4068.991,4069.053,4049.69,4052.42,8882,240,0
2026-06-29 05:00:00+00:00,4052.069,4057.388,4039.209,4054.608,17343,240,0
2026-06-29 06:00:00+00:00,4054.506,4064.995,4053.76,4062.379,13914,240,0
2026-06-29 07:00:00+00:00,4062.497,4068.705,4056.028,4061.729,10473,240,0
2026-06-29 08:00:00+00:00,4061.677,4066.724,4043.674,4046.865,11837,240,0
2026-06-29 09:00:00+00:00,4046.809,4055.175,4024.29,4031.362,14851,240,0
2026-06-29 10:00:00+00:00,4031.411,4039.566,4027.331,4036.673,11451,240,0
2026-06-29 11:00:00+00:00,4036.745,4042.374,4027.212,4039.389,10642,240,0
2026-06-29 12:00:00+00:00,4039.167,4052.425,4037.686,4043.494,13793,240,0
2026-06-29 13:00:00+00:00,4043.547,4051.785,4028.152,4032.403,21194,240,0
2026-06-29 14:00:00+00:00,4032.457,4035.528,4000.206,4025.533,31068,240,0
2026-06-29 15:00:00+00:00,4025.578,4030.461,4016.608,4027.041,14646,240,0
2026-06-29 16:00:00+00:00,4026.928,4028.761,4018.54,4023.926,8547,240,0
2026-06-29 17:00:00+00:00,4023.978,4032.048,4019.177,4021.048,8581,240,0
2026-06-29 18:00:00+00:00,4020.848,4025.24,4011.856,4013.208,5855,240,0
2026-06-29 19:00:00+00:00,4013.404,4019.627,4005.2,4015.978,7550,240,0
2026-06-29 20:00:00+00:00,4015.924,4017.995,4012.613,4016.38,3606,240,0
2026-06-29 22:00:00+00:00,4018.251,4022.243,4009.446,4014.063,5427,240,0
2026-06-29 23:00:00+00:00,4013.993,4022.486,4013.308,4015.028,5923,240,0
2026-06-30 00:00:00+00:00,4014.97,4015.302,3979.562,3986.914,18040,240,0
2026-06-30 01:00:00+00:00,3986.973,3987.145,3942.099,3969.273,43343,240,0
2026-06-30 02:00:00+00:00,3969.221,3973.329,3952.415,3962.939,22756,240,0
2026-06-30 03:00:00+00:00,3962.69,3971.214,3960.081,3969.866,14765,240,0
2026-06-30 04:00:00+00:00,3969.724,3998.119,3968.055,3985.609,12921,240,0
2026-06-30 05:00:00+00:00,3985.665,3990.872,3975.097,3978.029,15917,240,0
2026-06-30 06:00:00+00:00,3978.079,4034.28,3978.029,4029.458,28682,240,0
2026-06-30 07:00:00+00:00,4029.652,4034.879,4023.658,4032.322,12343,240,0
2026-06-30 08:00:00+00:00,4031.991,4037.753,4013.489,4015.594,12464,240,0
2026-06-30 09:00:00+00:00,4015.358,4023.87,4012.238,4023.716,9085,240,0
2026-06-30 10:00:00+00:00,4023.767,4031.315,4021.348,4029.649,7774,240,0
2026-06-30 11:00:00+00:00,4029.669,4037.388,4025.428,4033.743,10094,240,0
2026-06-30 12:00:00+00:00,4033.848,4034.265,4008.535,4010.041,14172,240,0
2026-06-30 13:00:00+00:00,4009.76,4033.452,4009.195,4029.688,24970,240,0
2026-06-30 14:00:00+00:00,4029.599,4063.385,4025.12,4037.457,29505,240,0
2026-06-30 15:00:00+00:00,4037.514,4039.53,4022.128,4029.492,17138,240,0
2026-06-30 16:00:00+00:00,4029.542,4033.897,4025.726,4026.23,8618,240,0
2026-06-30 17:00:00+00:00,4026.178,4032.178,4020.568,4030.601,9320,240,0
2026-06-30 18:00:00+00:00,4030.651,4033.889,4028.033,4028.677,5545,240,0
2026-06-30 19:00:00+00:00,4028.624,4029.548,4014.641,4016.076,7308,240,0
2026-06-30 20:00:00+00:00,4015.974,4021.062,4006.27,4007.347,5324,240,0
2026-06-30 22:00:00+00:00,4011.826,4017.977,4011.033,4013.0,5123,240,0
2026-06-30 23:00:00+00:00,4013.052,4018.46,4005.238,4005.593,6027,240,0
2026-07-01 00:00:00+00:00,4005.653,4009.858,3992.942,3996.853,11770,240,0
2026-07-01 01:00:00+00:00,3996.861,3999.871,3973.847,3977.905,23728,240,0
2026-07-01 02:00:00+00:00,3977.851,3986.117,3970.199,3979.38,13830,240,0
2026-07-01 03:00:00+00:00,3979.331,3987.088,3976.635,3980.325,8582,240,0
2026-07-01 04:00:00+00:00,3980.373,3982.884,3972.251,3976.717,7893,240,0
2026-07-01 05:00:00+00:00,3976.662,3978.896,3969.655,3974.15,12330,240,0
2026-07-01 06:00:00+00:00,3974.094,3977.503,3963.095,3971.963,14812,240,0
2026-07-01 07:00:00+00:00,3971.905,3978.51,3959.988,3976.152,14454,240,0
2026-07-01 08:00:00+00:00,3976.098,3984.349,3969.47,3974.36,10177,240,0
2026-07-01 09:00:00+00:00,3974.602,3985.979,3972.741,3984.283,8165,240,0
2026-07-01 10:00:00+00:00,3984.583,3998.819,3981.306,3998.226,8400,240,0
2026-07-01 11:00:00+00:00,3998.168,4035.604,3997.76,4030.205,16929,240,0
2026-07-01 12:00:00+00:00,4030.558,4033.885,4019.379,4022.573,18006,240,0
2026-07-01 13:00:00+00:00,4022.625,4108.026,4012.834,4089.578,49885,240,0
2026-07-01 14:00:00+00:00,4089.489,4115.736,4082.76,4093.549,33590,240,0
2026-07-01 15:00:00+00:00,4093.6,4094.694,4076.642,4081.229,18457,240,0
2026-07-01 16:00:00+00:00,4081.176,4088.609,4070.35,4070.957,12132,240,0
2026-07-01 17:00:00+00:00,4071.188,4073.581,4067.265,4068.023,10623,240,0
2026-07-01 18:00:00+00:00,4068.075,4070.636,4057.765,4062.021,8664,240,0
2026-07-01 19:00:00+00:00,4062.027,4068.442,4034.231,4038.683,10928,240,0
2026-07-01 20:00:00+00:00,4038.516,4039.846,4028.446,4031.615,7302,240,0
2026-07-01 22:00:00+00:00,4034.182,4045.279,4032.861,4044.941,5424,240,0
2026-07-01 23:00:00+00:00,4044.902,4044.948,4033.2,4035.169,5705,240,0
2026-07-02 00:00:00+00:00,4034.972,4052.769,4030.633,4052.004,14596,240,0
2026-07-02 01:00:00+00:00,4052.057,4068.617,4045.15,4050.396,21036,240,0
2026-07-02 02:00:00+00:00,4050.35,4061.073,4041.144,4057.189,13335,240,0
2026-07-02 03:00:00+00:00,4057.262,4074.22,4055.364,4070.082,11292,240,0
2026-07-02 04:00:00+00:00,4070.138,4072.892,4060.559,4060.743,7457,240,0
2026-07-02 05:00:00+00:00,4060.828,4067.75,4053.111,4065.933,14112,240,0
2026-07-02 06:00:00+00:00,4066.239,4079.729,4065.891,4073.283,15256,240,0
2026-07-02 07:00:00+00:00,4073.084,4075.552,4060.695,4064.671,12361,240,0
2026-07-02 08:00:00+00:00,4064.616,4080.213,4061.204,4076.139,12754,240,0
2026-07-02 09:00:00+00:00,4076.09,4076.997,4063.829,4065.342,9987,240,0
2026-07-02 10:00:00+00:00,4065.459,4068.775,4061.372,4066.186,8346,240,0
2026-07-02 11:00:00+00:00,4066.262,4072.321,4057.272,4065.375,10539,240,0
2026-07-02 12:00:00+00:00,4065.425,4140.679,4061.2,4117.482,39996,160,0
2026-07-02 13:00:00+00:00,4117.683,4144.121,4109.259,4136.733,43660,240,0
2026-07-02 14:00:00+00:00,4136.93,4138.455,4113.846,4128.598,31819,240,0
2026-07-02 15:00:00+00:00,4128.472,4131.512,4114.645,4128.316,20286,240,0
2026-07-02 16:00:00+00:00,4128.465,4130.288,4100.194,4118.226,18121,240,0
2026-07-02 17:00:00+00:00,4117.977,4119.994,4105.581,4106.865,14122,240,0
2026-07-02 18:00:00+00:00,4106.864,4127.149,4105.79,4122.781,11031,240,0
2026-07-02 19:00:00+00:00,4122.836,4124.515,4108.024,4121.466,10344,240,0
2026-07-02 20:00:00+00:00,4121.329,4125.127,4116.193,4124.068,4914,240,0
2026-07-02 22:00:00+00:00,4126.477,4128.176,4122.455,4124.477,3519,240,0
2026-07-02 23:00:00+00:00,4124.725,4134.121,4120.929,4126.18,7111,240,0
2026-07-03 00:00:00+00:00,4126.292,4151.132,4122.97,4147.174,18193,240,0
2026-07-03 01:00:00+00:00,4147.003,4195.506,4146.412,4182.498,29750,240,0
2026-07-03 02:00:00+00:00,4182.392,4186.886,4176.353,4183.56,12871,240,0
2026-07-03 03:00:00+00:00,4183.257,4184.594,4175.111,4175.907,8831,240,0
2026-07-03 04:00:00+00:00,4176.131,4182.887,4173.095,4178.969,5986,240,0
2026-07-03 05:00:00+00:00,4178.884,4182.039,4169.131,4171.229,9591,240,0
2026-07-03 06:00:00+00:00,4171.236,4174.465,4160.311,4173.119,12436,240,0
2026-07-03 07:00:00+00:00,4173.178,4181.831,4169.223,4177.399,9231,240,0
2026-07-03 08:00:00+00:00,4177.347,4186.579,4176.768,4180.829,8859,240,0
2026-07-03 09:00:00+00:00,4180.957,4181.864,4168.273,4172.063,8020,240,0
2026-07-03 10:00:00+00:00,4172.01,4181.282,4170.707,4177.164,5738,240,0
2026-07-03 11:00:00+00:00,4176.856,4186.29,4175.418,4180.885,6453,240,0
2026-07-03 12:00:00+00:00,4180.988,4183.398,4172.103,4176.663,7387,240,0
2026-07-03 13:00:00+00:00,4176.72,4179.267,4163.389,4164.596,11832,240,0
2026-07-03 14:00:00+00:00,4164.531,4171.3,4155.235,4169.6,9598,240,0
2026-07-03 15:00:00+00:00,4169.643,4174.319,4164.418,4164.94,6515,240,0
2026-07-03 16:00:00+00:00,4164.885,4176.347,4162.71,4174.661,5743,240,0
2026-07-05 22:00:00+00:00,4177.917,4191.688,4173.191,4188.348,8681,240,0
2026-07-05 23:00:00+00:00,4188.301,4202.273,4177.174,4183.137,9698,240,0
2026-07-06 00:00:00+00:00,4183.254,4189.069,4169.895,4179.555,20126,240,0
2026-07-06 01:00:00+00:00,4179.612,4203.185,4172.338,4186.122,25962,240,0
2026-07-06 02:00:00+00:00,4186.182,4187.936,4168.464,4173.984,17972,240,0
2026-07-06 03:00:00+00:00,4174.197,4176.293,4160.941,4165.29,11298,240,0
2026-07-06 04:00:00+00:00,4165.24,4166.836,4157.344,4159.737,7622,240,0
2026-07-06 05:00:00+00:00,4159.87,4160.909,4144.625,4148.053,13166,240,0
2026-07-06 06:00:00+00:00,4148.106,4159.451,4145.726,4150.388,11673,240,0
2026-07-06 07:00:00+00:00,4150.336,4166.403,4146.99,4164.533,10401,240,0
2026-07-06 08:00:00+00:00,4164.233,4166.112,4147.019,4150.503,8246,240,0
2026-07-06 09:00:00+00:00,4150.474,4151.258,4136.206,4143.333,9328,240,0
2026-07-06 10:00:00+00:00,4143.071,4155.905,4141.965,4154.866,8094,240,0
2026-07-06 11:00:00+00:00,4154.928,4159.653,4151.347,4155.02,10376,240,0
2026-07-06 12:00:00+00:00,4154.959,4158.535,4131.35,4139.621,15088,240,0
2026-07-06 13:00:00+00:00,4139.417,4150.366,4136.419,4140.757,20627,240,0
2026-07-06 14:00:00+00:00,4140.887,4147.023,4128.469,4138.004,18264,240,0
2026-07-06 15:00:00+00:00,4138.057,4152.084,4137.367,4148.188,11373,240,0
2026-07-06 16:00:00+00:00,4148.24,4156.332,4140.247,4154.877,8347,240,0
2026-07-06 17:00:00+00:00,4154.899,4161.626,4150.297,4161.198,8635,240,0
2026-07-06 18:00:00+00:00,4161.14,4167.628,4155.303,4164.018,6299,240,0
2026-07-06 19:00:00+00:00,4163.842,4165.555,4158.747,4163.632,6004,240,0
2026-07-06 20:00:00+00:00,4163.705,4164.986,4160.749,4164.315,3190,240,0
2026-07-06 22:00:00+00:00,4166.053,4168.637,4163.469,4164.031,3363,240,0
2026-07-06 23:00:00+00:00,4164.269,4165.78,4156.914,4157.372,4167,240,0
2026-07-07 00:00:00+00:00,4157.318,4162.825,4145.088,4146.139,12466,240,0
2026-07-07 01:00:00+00:00,4146.088,4147.872,4125.453,4141.909,19392,240,0
2026-07-07 02:00:00+00:00,4141.637,4145.197,4131.242,4136.52,11069,240,0
2026-07-07 03:00:00+00:00,4136.423,4140.051,4124.351,4131.164,9673,240,0
2026-07-07 04:00:00+00:00,4130.946,4141.272,4125.819,4126.769,8044,240,0
2026-07-07 05:00:00+00:00,4126.816,4131.224,4116.496,4124.16,14580,240,0
2026-07-07 06:00:00+00:00,4124.16,4133.083,4121.422,4130.268,11117,240,0
2026-07-07 07:00:00+00:00,4130.351,4133.698,4124.143,4124.771,8957,240,0
2026-07-07 08:00:00+00:00,4124.718,4139.394,4121.767,4126.123,10563,240,0
2026-07-07 09:00:00+00:00,4126.071,4133.806,4119.617,4131.026,9576,240,0
2026-07-07 10:00:00+00:00,4131.078,4138.974,4131.014,4135.538,7812,240,0
2026-07-07 11:00:00+00:00,4135.845,4158.416,4131.846,4156.533,10548,240,0
2026-07-07 12:00:00+00:00,4156.671,4175.153,4154.362,4172.052,17542,240,0
2026-07-07 13:00:00+00:00,4172.104,4180.583,4156.116,4158.631,25538,240,0
2026-07-07 14:00:00+00:00,4158.545,4163.527,4143.49,4154.208,21211,240,0
2026-07-07 15:00:00+00:00,4154.192,4155.581,4135.645,4138.925,13926,240,0
2026-07-07 16:00:00+00:00,4138.923,4147.32,4136.925,4144.948,9368,240,0
2026-07-07 17:00:00+00:00,4145.005,4148.277,4140.334,4144.432,8119,240,0
2026-07-07 18:00:00+00:00,4144.483,4145.328,4125.013,4127.062,11921,240,0
2026-07-07 19:00:00+00:00,4126.977,4127.866,4092.023,4114.028,23937,240,0
2026-07-07 20:00:00+00:00,4113.971,4115.866,4103.363,4106.62,6058,240,0
2026-07-07 22:00:00+00:00,4097.703,4106.23,4094.143,4098.153,5625,240,0
2026-07-07 23:00:00+00:00,4098.147,4107.929,4095.685,4098.591,7720,240,0
2026-07-08 00:00:00+00:00,4098.471,4126.95,4096.834,4111.651,20211,240,0
2026-07-08 01:00:00+00:00,4111.582,4118.043,4096.388,4111.043,28581,240,0
2026-07-08 02:00:00+00:00,4111.103,4125.03,4106.114,4114.452,15865,240,0
2026-07-08 03:00:00+00:00,4114.368,4131.153,4114.368,4123.514,12143,240,0
2026-07-08 04:00:00+00:00,4123.457,4128.832,4120.571,4125.049,10060,240,0
2026-07-08 05:00:00+00:00,4125.252,4134.08,4121.025,4127.694,14969,240,0
2026-07-08 06:00:00+00:00,4127.747,4133.657,4121.979,4123.608,12943,240,0
2026-07-08 07:00:00+00:00,4123.55,4127.363,4114.581,4121.29,11072,240,0
2026-07-08 08:00:00+00:00,4121.341,4121.398,4052.037,4056.715,48069,240,0
2026-07-08 09:00:00+00:00,4056.65,4061.003,4041.354,4043.377,25494,240,0
2026-07-08 10:00:00+00:00,4043.429,4058.565,4040.212,4053.003,16349,240,0
2026-07-08 11:00:00+00:00,4052.959,4072.577,4041.253,4061.99,23224,240,0
2026-07-08 12:00:00+00:00,4062.075,4086.509,4058.556,4072.24,26296,240,0
2026-07-08 13:00:00+00:00,4072.065,4083.153,4065.113,4070.668,37519,240,0
2026-07-08 14:00:00+00:00,4070.719,4071.535,4033.72,4040.869,33237,240,0
2026-07-08 15:00:00+00:00,4040.955,4043.873,4021.769,4034.079,24048,240,0
2026-07-08 16:00:00+00:00,4034.133,4064.52,4033.213,4063.507,20811,240,0
2026-07-08 17:00:00+00:00,4063.561,4076.471,4059.59,4065.74,15279,240,0
2026-07-08 18:00:00+00:00,4065.67,4091.596,4063.382,4084.183,17356,240,0
2026-07-08 19:00:00+00:00,4084.234,4091.472,4078.115,4080.005,13488,240,0
2026-07-08 20:00:00+00:00,4080.059,4083.597,4071.65,4077.4,7702,240,0
2026-07-08 22:00:00+00:00,4077.952,4079.92,4072.642,4076.605,5283,240,0
2026-07-08 23:00:00+00:00,4076.626,4077.849,4071.85,4076.276,4678,240,0
2026-07-09 00:00:00+00:00,4076.084,4089.993,4070.08,4073.953,14917,240,0
2026-07-09 01:00:00+00:00,4073.903,4078.954,4062.36,4072.756,19493,240,0
2026-07-09 02:00:00+00:00,4073.057,4082.802,4064.215,4065.143,12146,240,0
2026-07-09 03:00:00+00:00,4065.083,4067.525,4054.193,4064.06,10746,240,0
2026-07-09 04:00:00+00:00,4064.111,4064.652,4056.333,4064.15,7633,240,0
2026-07-09 05:00:00+00:00,4064.201,4084.272,4063.504,4081.888,14976,240,0
2026-07-09 06:00:00+00:00,4081.94,4108.205,4081.358,4108.068,19374,240,0
2026-07-09 07:00:00+00:00,4107.869,4111.262,4101.361,4107.713,10984,240,0
2026-07-09 08:00:00+00:00,4107.765,4117.806,4105.148,4108.375,10589,240,0
2026-07-09 09:00:00+00:00,4108.424,4112.434,4103.083,4106.146,8904,240,0
2026-07-09 10:00:00+00:00,4106.196,4110.162,4093.604,4098.929,8492,240,0
2026-07-09 11:00:00+00:00,4099.011,4110.646,4097.739,4108.528,9542,240,0
2026-07-09 12:00:00+00:00,4108.623,4122.707,4104.982,4107.803,15615,240,0
2026-07-09 13:00:00+00:00,4107.746,4129.595,4106.675,4121.926,22436,240,0
2026-07-09 14:00:00+00:00,4121.802,4136.316,4114.084,4127.635,19919,240,0
2026-07-09 15:00:00+00:00,4127.699,4132.773,4124.647,4126.646,11443,240,0
2026-07-09 16:00:00+00:00,4126.596,4138.077,4125.656,4127.848,9331,240,0
2026-07-09 17:00:00+00:00,4128.181,4138.073,4124.833,4135.966,9186,240,0
2026-07-09 18:00:00+00:00,4136.168,4136.243,4121.247,4124.56,6816,240,0
2026-07-09 19:00:00+00:00,4124.511,4127.056,4118.641,4122.25,6170,240,0
2026-07-09 20:00:00+00:00,4122.201,4125.5,4120.588,4123.93,3453,240,0
2026-07-09 22:00:00+00:00,4125.508,4127.656,4121.369,4121.862,3822,240,0
2026-07-09 23:00:00+00:00,4121.844,4125.189,4120.909,4123.547,3347,240,0
2026-07-10 00:00:00+00:00,4123.495,4128.327,4114.13,4126.339,9450,240,0
2026-07-10 01:00:00+00:00,4126.391,4131.191,4108.483,4116.943,15584,240,0
2026-07-10 02:00:00+00:00,4117.002,4129.165,4115.937,4127.923,9786,240,0
2026-07-10 03:00:00+00:00,4127.606,4134.805,4119.285,4120.305,8759,240,0
2026-07-10 04:00:00+00:00,4120.253,4121.167,4112.133,4115.222,6559,240,0
2026-07-10 05:00:00+00:00,4115.172,4117.203,4108.155,4116.731,10606,240,0
2026-07-10 06:00:00+00:00,4116.79,4120.166,4111.003,4111.861,9653,240,0
2026-07-10 07:00:00+00:00,4111.851,4115.224,4104.291,4108.837,9008,240,0
2026-07-10 08:00:00+00:00,4108.888,4109.519,4094.772,4097.994,8987,240,0
2026-07-10 09:00:00+00:00,4097.689,4105.504,4094.268,4104.137,7307,240,0
2026-07-10 10:00:00+00:00,4104.207,4112.716,4103.985,4104.644,6821,240,0
2026-07-10 11:00:00+00:00,4104.591,4108.217,4096.071,4102.451,7876,240,0
2026-07-10 12:00:00+00:00,4102.456,4117.611,4097.296,4100.569,14264,240,0
2026-07-10 13:00:00+00:00,4100.871,4106.797,4085.614,4099.689,18696,240,0
2026-07-10 14:00:00+00:00,4100.012,4109.061,4072.871,4092.86,29653,240,0
2026-07-10 15:00:00+00:00,4092.914,4113.503,4091.118,4112.877,14547,240,0
2026-07-10 16:00:00+00:00,4112.933,4115.509,4104.292,4104.682,8907,240,0
2026-07-10 17:00:00+00:00,4104.521,4106.949,4100.288,4100.755,7596,240,0
2026-07-10 18:00:00+00:00,4100.865,4105.708,4097.927,4101.21,6194,240,0
2026-07-10 19:00:00+00:00,4101.324,4108.926,4097.691,4108.274,5743,240,0
2026-07-10 20:00:00+00:00,4108.212,4121.108,4108.148,4119.766,4724,240,0
2026-07-12 22:00:00+00:00,4098.561,4099.253,4069.823,4076.628,10075,240,0
2026-07-12 23:00:00+00:00,4076.504,4084.891,4068.377,4084.311,8479,240,0
2026-07-13 00:00:00+00:00,4084.359,4091.176,4061.009,4074.134,18719,240,0
2026-07-13 01:00:00+00:00,4073.773,4089.808,4065.239,4072.26,27724,240,0
2026-07-13 02:00:00+00:00,4072.323,4077.545,4064.63,4068.66,17261,240,0
2026-07-13 03:00:00+00:00,4068.733,4069.587,4052.979,4060.356,12182,240,0
2026-07-13 04:00:00+00:00,4060.242,4060.472,4050.19,4058.743,8405,240,0
2026-07-13 05:00:00+00:00,4058.631,4073.172,4052.049,4053.78,16720,240,0
2026-07-13 06:00:00+00:00,4053.847,4063.571,4043.707,4055.369,15735,240,0
2026-07-13 07:00:00+00:00,4055.427,4065.116,4048.898,4064.528,11685,240,0
2026-07-13 08:00:00+00:00,4064.639,4080.842,4063.045,4074.731,13364,240,0
2026-07-13 09:00:00+00:00,4074.677,4076.701,4068.169,4068.317,8817,240,0
2026-07-13 10:00:00+00:00,4068.261,4070.605,4046.462,4060.457,11864,240,0
2026-07-13 11:00:00+00:00,4060.514,4068.605,4055.011,4056.473,12111,240,0
2026-07-13 12:00:00+00:00,4056.507,4067.601,4053.438,4067.5,13042,240,0
2026-07-13 13:00:00+00:00,4067.297,4067.702,4041.873,4043.4,23061,240,0
2026-07-13 14:00:00+00:00,4043.288,4047.071,4000.23,4015.474,44990,240,0
2026-07-13 15:00:00+00:00,4015.42,4020.25,4010.079,4016.105,16105,240,0
2026-07-13 16:00:00+00:00,4016.048,4018.099,3986.411,3993.222,21033,240,0
2026-07-13 17:00:00+00:00,3993.44,4002.003,3991.935,3993.302,14095,240,0
2026-07-13 18:00:00+00:00,3993.098,4005.196,3986.603,4001.362,11823,240,0
2026-07-13 19:00:00+00:00,4001.596,4004.582,3993.504,4001.808,9968,240,0
2026-07-13 20:00:00+00:00,4001.858,4006.29,3996.223,4002.156,6350,240,0
2026-07-13 22:00:00+00:00,4004.1,4006.279,4000.731,4000.731,3937,240,0
2026-07-13 23:00:00+00:00,4001.032,4003.08,3992.724,4000.913,6183,240,0
2026-07-14 00:00:00+00:00,4000.97,4007.315,3983.307,4004.062,25135,240,0
2026-07-14 01:00:00+00:00,4004.115,4012.089,3992.055,4010.32,23172,240,0
2026-07-14 02:00:00+00:00,4010.645,4019.154,4006.029,4012.127,13539,240,0
2026-07-14 03:00:00+00:00,4012.328,4019.105,4011.106,4016.796,9895,240,0
2026-07-14 04:00:00+00:00,4016.85,4023.528,4013.455,4020.394,7938,240,0
2026-07-14 05:00:00+00:00,4020.434,4034.196,4019.537,4031.232,10561,240,0
2026-07-14 06:00:00+00:00,4031.281,4033.336,4021.726,4024.063,9751,240,0
2026-07-14 07:00:00+00:00,4023.954,4029.984,4020.205,4020.825,10078,240,0
2026-07-14 08:00:00+00:00,4020.939,4023.985,4014.426,4016.062,10361,240,0
2026-07-14 09:00:00+00:00,4016.012,4024.513,4013.625,4021.829,9746,240,0
2026-07-14 10:00:00+00:00,4021.697,4022.935,4015.074,4021.747,8479,240,0
2026-07-14 11:00:00+00:00,4021.426,4031.987,4015.591,4031.031,11309,240,0
2026-07-14 12:00:00+00:00,4030.963,4103.23,4023.047,4076.368,34958,160,0
2026-07-14 13:00:00+00:00,4076.318,4088.647,4070.707,4076.405,32256,240,0
2026-07-14 14:00:00+00:00,4076.628,4090.494,4070.476,4084.926,30370,240,0
2026-07-14 15:00:00+00:00,4084.975,4100.654,4064.431,4066.391,25248,240,0
2026-07-14 16:00:00+00:00,4066.449,4067.193,4057.604,4061.44,13948,240,0
2026-07-14 17:00:00+00:00,4061.494,4065.164,4054.255,4062.894,10278,240,0
2026-07-14 18:00:00+00:00,4062.809,4063.235,4042.673,4053.929,10817,240,0
2026-07-14 19:00:00+00:00,4054.051,4057.374,4047.528,4055.864,9166,240,0
2026-07-14 20:00:00+00:00,4055.758,4056.468,4049.261,4052.869,4386,240,0
2026-07-14 22:00:00+00:00,4052.577,4053.507,4048.601,4048.784,4229,240,0
2026-07-14 23:00:00+00:00,4048.947,4056.202,4046.554,4053.123,4714,240,0
2026-07-15 00:00:00+00:00,4052.928,4060.548,4050.949,4059.105,10811,240,0
2026-07-15 01:00:00+00:00,4059.126,4062.03,4035.579,4037.446,16976,240,0
2026-07-15 02:00:00+00:00,4037.142,4042.153,4029.142,4035.323,11814,240,0
2026-07-15 03:00:00+00:00,4035.265,4040.382,4027.823,4031.185,9015,240,0
2026-07-15 04:00:00+00:00,4031.32,4034.981,4028.243,4033.037,6380,240,0
2026-07-15 05:00:00+00:00,4033.346,4036.595,4022.09,4034.925,11812,240,0
2026-07-15 06:00:00+00:00,4034.812,4035.666,4021.066,4031.917,11493,240,0
2026-07-15 07:00:00+00:00,4032.037,4034.343,4019.593,4024.547,10538,240,0
2026-07-15 08:00:00+00:00,4024.346,4033.077,4017.191,4031.27,10023,240,0
2026-07-15 09:00:00+00:00,4031.31,4034.401,4025.336,4030.062,9196,240,0
2026-07-15 10:00:00+00:00,4030.134,4036.158,4026.446,4027.959,8954,240,0
2026-07-15 11:00:00+00:00,4027.906,4040.415,4027.622,4038.389,8629,240,0
2026-07-15 12:00:00+00:00,4038.259,4071.6,4035.835,4067.942,17501,240,0
2026-07-15 13:00:00+00:00,4067.836,4074.262,4054.113,4061.765,21463,240,0
2026-07-15 14:00:00+00:00,4061.824,4065.967,4053.157,4060.251,18321,240,0
2026-07-15 15:00:00+00:00,4060.357,4063.138,4039.419,4046.92,17249,240,0
2026-07-15 16:00:00+00:00,4046.871,4047.82,4026.683,4033.571,18350,240,0
2026-07-15 17:00:00+00:00,4033.64,4066.111,4032.732,4061.999,15359,240,0
2026-07-15 18:00:00+00:00,4062.119,4081.502,4058.068,4059.284,13342,240,0
2026-07-15 19:00:00+00:00,4059.235,4063.004,4048.046,4056.931,11491,240,0
2026-07-15 20:00:00+00:00,4056.759,4063.286,4055.013,4060.079,4553,240,0
2026-07-15 22:00:00+00:00,4065.797,4065.921,4058.115,4059.758,4202,240,0
2026-07-15 23:00:00+00:00,4059.708,4062.131,4055.503,4057.9,4882,240,0
2026-07-16 00:00:00+00:00,4057.724,4061.388,4043.75,4044.705,10548,240,0
2026-07-16 01:00:00+00:00,4044.711,4050.604,4033.734,4038.987,17911,240,0
2026-07-16 02:00:00+00:00,4039.243,4040.185,4024.08,4031.368,12701,240,0
2026-07-16 03:00:00+00:00,4031.508,4036.85,4027.581,4036.093,8083,240,0
2026-07-16 04:00:00+00:00,4036.075,4038.019,4031.75,4033.26,5740,240,0
2026-07-16 05:00:00+00:00,4033.26,4034.118,4025.142,4027.424,12585,240,0
2026-07-16 06:00:00+00:00,4027.368,4036.614,4022.802,4030.665,12620,240,0
2026-07-16 07:00:00+00:00,4030.715,4031.758,4022.807,4030.518,9805,240,0
2026-07-16 08:00:00+00:00,4030.396,4036.656,4025.206,4035.374,9003,240,0
2026-07-16 09:00:00+00:00,4035.241,4037.91,4030.565,4031.72,7577,240,0
2026-07-16 10:00:00+00:00,4031.654,4034.799,4028.591,4029.571,6870,240,0
2026-07-16 11:00:00+00:00,4029.62,4042.447,4021.084,4038.504,13526,240,0
2026-07-16 12:00:00+00:00,4038.559,4043.418,3990.34,3992.38,27083,240,0
2026-07-16 13:00:00+00:00,3992.18,4008.582,3973.708,3990.135,36938,240,0
2026-07-16 14:00:00+00:00,3989.992,4006.876,3986.972,3997.732,23943,240,0
2026-07-16 15:00:00+00:00,3997.783,4017.055,3989.252,4006.885,19227,240,0
2026-07-16 16:00:00+00:00,4006.961,4007.811,3982.216,3992.114,17730,240,0
2026-07-16 17:00:00+00:00,3992.08,3992.911,3979.765,3984.609,12677,240,0
2026-07-16 18:00:00+00:00,3984.658,3990.484,3976.448,3980.459,10822,240,0
2026-07-16 19:00:00+00:00,3980.539,3986.178,3969.111,3979.863,10955,240,0
2026-07-16 20:00:00+00:00,3979.814,3980.277,3971.746,3976.341,5110,240,0
2026-07-16 22:00:00+00:00,3978.609,3980.502,3973.22,3978.224,4049,240,0
2026-07-16 23:00:00+00:00,3978.177,3986.41,3975.462,3985.782,5166,240,0
2026-07-17 00:00:00+00:00,3985.83,3992.135,3980.552,3991.862,13843,240,0
2026-07-17 01:00:00+00:00,3991.911,3996.231,3979.136,3983.03,19863,240,0
2026-07-17 02:00:00+00:00,3983.081,3987.409,3970.41,3979.052,14594,240,0
2026-07-17 03:00:00+00:00,3979.237,4008.899,3978.561,3991.236,14921,240,0
2026-07-17 04:00:00+00:00,3991.38,3991.777,3979.954,3981.805,9327,240,0
2026-07-17 05:00:00+00:00,3981.722,3991.429,3975.118,3985.188,16217,240,0
2026-07-17 06:00:00+00:00,3985.064,4007.234,3985.015,3999.223,16453,240,0
2026-07-17 07:00:00+00:00,3999.512,4002.596,3992.604,3992.803,11879,240,0
2026-07-17 08:00:00+00:00,3992.755,3999.95,3987.666,3994.452,13160,240,0
2026-07-17 09:00:00+00:00,3994.311,4002.532,3992.738,3997.927,10973,240,0
2026-07-17 10:00:00+00:00,3997.873,3999.219,3990.294,3990.857,8371,240,0
2026-07-17 11:00:00+00:00,3990.86,3998.926,3989.766,3993.888,9276,240,0
2026-07-17 12:00:00+00:00,3994.086,3995.704,3963.871,3966.336,16399,240,0
2026-07-17 13:00:00+00:00,3966.286,4003.715,3959.425,3996.81,37733,240,0
2026-07-17 14:00:00+00:00,3997.419,4004.589,3990.313,4001.046,27091,240,0
2026-07-17 15:00:00+00:00,4000.934,4021.235,3997.601,4018.877,23300,240,0
2026-07-17 16:00:00+00:00,4018.925,4023.846,4010.693,4015.068,15541,240,0
2026-07-17 17:00:00+00:00,4015.123,4019.08,4008.277,4009.918,9352,240,0
2026-07-17 18:00:00+00:00,4010.134,4016.18,4006.454,4011.121,8035,240,0
2026-07-17 19:00:00+00:00,4011.069,4016.573,4002.144,4015.384,8085,240,0
2026-07-17 20:00:00+00:00,4015.255,4018.748,4008.617,4017.752,5351,240,0
2026-07-19 22:00:00+00:00,4000.132,4002.918,3993.278,3995.009,7257,240,0
2026-07-19 23:00:00+00:00,3995.06,3996.151,3989.212,3995.422,6855,240,0
2026-07-20 00:00:00+00:00,3995.33,4010.347,3982.626,4008.413,18435,240,0
2026-07-20 01:00:00+00:00,4008.525,4021.036,3995.568,4001.954,24605,240,0
2026-07-20 02:00:00+00:00,4002.119,4028.865,4001.132,4021.903,16532,240,0
2026-07-20 03:00:00+00:00,4021.855,4027.877,4018.443,4024.205,11271,240,0
2026-07-20 04:00:00+00:00,4024.155,4026.733,4018.47,4018.993,7045,240,0
2026-07-20 05:00:00+00:00,4018.808,4021.021,4005.308,4008.848,11554,240,0
2026-07-20 06:00:00+00:00,4008.786,4011.76,4002.859,4004.013,11136,240,0
2026-07-20 07:00:00+00:00,4003.893,4021.715,4001.91,4017.415,12715,240,0
2026-07-20 08:00:00+00:00,4017.079,4030.84,4017.021,4019.069,10603,240,0
2026-07-20 09:00:00+00:00,4019.021,4023.361,4014.674,4021.087,8045,240,0
2026-07-20 10:00:00+00:00,4021.119,4025.791,4018.048,4024.018,7244,240,0
2026-07-20 11:00:00+00:00,4024.073,4040.696,4019.858,4025.3,18883,240,0
2026-07-20 12:00:00+00:00,4025.235,4025.307,4006.433,4008.195,18502,240,0
2026-07-20 13:00:00+00:00,4008.147,4017.434,4005.626,4005.915,19054,240,0
2026-07-20 14:00:00+00:00,4005.863,4013.658,3998.109,4005.964,17521,240,0
2026-07-20 15:00:00+00:00,4006.294,4019.56,4004.317,4011.869,13326,240,0
2026-07-20 16:00:00+00:00,4011.819,4018.486,4001.34,4009.643,10857,240,0
2026-07-20 17:00:00+00:00,4009.879,4013.108,4003.717,4005.074,8012,240,0
2026-07-20 18:00:00+00:00,4005.252,4011.796,4003.228,4007.167,7974,240,0
2026-07-20 19:00:00+00:00,4007.119,4017.977,4004.179,4006.958,9464,240,0
2026-07-20 20:00:00+00:00,4007.025,4009.591,4005.762,4008.792,4148,240,0
2026-07-20 22:00:00+00:00,4009.617,4010.756,3999.852,4000.543,5462,240,0
2026-07-20 23:00:00+00:00,4000.652,4010.479,4000.249,4009.702,6783,240,0
2026-07-21 00:00:00+00:00,4009.812,4027.251,4003.725,4024.901,16255,240,0
2026-07-21 01:00:00+00:00,4024.774,4035.94,4018.516,4023.039,18258,240,0
2026-07-21 02:00:00+00:00,4023.089,4045.473,4021.901,4037.874,13610,240,0
2026-07-21 03:00:00+00:00,4037.761,4051.545,4036.688,4046.793,10340,240,0
2026-07-21 04:00:00+00:00,4046.906,4052.05,4043.559,4049.731,6750,240,0
2026-07-21 05:00:00+00:00,4049.482,4068.017,4046.337,4061.475,11230,240,0
2026-07-21 06:00:00+00:00,4061.39,4084.27,4061.39,4078.463,12002,240,0
2026-07-21 07:00:00+00:00,4078.398,4080.294,4067.728,4071.362,8762,240,0
2026-07-21 08:00:00+00:00,4071.292,4072.674,4059.073,4062.665,8561,240,0
2026-07-21 09:00:00+00:00,4062.715,4069.858,4060.871,4066.024,7930,240,0
2026-07-21 10:00:00+00:00,4065.974,4070.098,4060.904,4063.074,9118,240,0
2026-07-21 11:00:00+00:00,4063.144,4063.803,4054.285,4056.103,7807,240,0
2026-07-21 12:00:00+00:00,4055.903,4065.752,4050.962,4053.918,13117,240,0
2026-07-21 13:00:00+00:00,4053.736,4061.741,4044.496,4052.976,20664,240,0
2026-07-21 14:00:00+00:00,4053.316,4073.967,4051.486,4068.458,17590,240,0
2026-07-21 15:00:00+00:00,4068.407,4083.538,4065.296,4074.259,12626,240,0
2026-07-21 16:00:00+00:00,4074.187,4079.23,4069.969,4071.723,7181,240,0
2026-07-21 17:00:00+00:00,4071.775,4072.911,4066.659,4068.52,6216,240,0
2026-07-21 18:00:00+00:00,4068.577,4087.492,4067.497,4082.418,7304,240,0
2026-07-21 19:00:00+00:00,4082.268,4085.557,4080.071,4084.516,6409,240,0
2026-07-21 20:00:00+00:00,4084.467,4086.344,4076.6,4077.934,4036,240,0
2026-07-21 22:00:00+00:00,4078.962,4085.105,4076.935,4080.504,4615,240,0
2026-07-21 23:00:00+00:00,4080.559,4083.085,4079.23,4080.762,3698,240,0
2026-07-22 00:00:00+00:00,4080.711,4102.724,4076.793,4097.344,15587,240,0
2026-07-22 01:00:00+00:00,4097.465,4123.696,4096.512,4122.08,21266,240,0
2026-07-22 02:00:00+00:00,4121.925,4130.949,4118.98,4130.33,12104,240,0
2026-07-22 03:00:00+00:00,4130.278,4141.681,4129.156,4130.926,9455,240,0
2026-07-22 04:00:00+00:00,4130.873,4131.362,4124.791,4126.874,6698,240,0
2026-07-22 05:00:00+00:00,4126.925,4134.139,4122.821,4130.84,10321,240,0
2026-07-22 06:00:00+00:00,4130.923,4135.218,4113.325,4116.419,12214,240,0
2026-07-22 07:00:00+00:00,4116.49,4123.123,4109.253,4110.524,10914,240,0
2026-07-22 08:00:00+00:00,4110.479,4120.151,4110.479,4118.214,9465,240,0
2026-07-22 09:00:00+00:00,4118.271,4122.3,4113.337,4115.158,8653,240,0
2026-07-22 10:00:00+00:00,4115.211,4121.668,4114.797,4117.411,7295,240,0
2026-07-22 11:00:00+00:00,4117.471,4123.122,4112.545,4122.429,8946,240,0
2026-07-22 12:00:00+00:00,4122.452,4134.476,4106.217,4112.985,14135,240,0
2026-07-22 13:00:00+00:00,4113.055,4155.887,4112.451,4154.47,21299,240,0
2026-07-22 14:00:00+00:00,4154.526,4163.624,4143.905,4148.383,19265,240,0
2026-07-22 15:00:00+00:00,4148.559,4166.087,4148.559,4159.384,10976,240,0
2026-07-22 16:00:00+00:00,4159.181,4159.56,4144.469,4146.682,9474,240,0
2026-07-22 17:00:00+00:00,4146.938,4148.004,4138.318,4142.516,8339,240,0
2026-07-22 18:00:00+00:00,4142.402,4142.873,4131.808,4136.221,8374,240,0
2026-07-22 19:00:00+00:00,4136.138,4137.304,4128.937,4131.685,6790,240,0
2026-07-22 20:00:00+00:00,4131.577,4137.792,4128.087,4130.104,7343,240,0
2026-07-22 22:00:00+00:00,4117.8,4129.89,4115.769,4121.796,8467,240,0
2026-07-22 23:00:00+00:00,4121.854,4134.193,4116.562,4133.267,7748,240,0
2026-07-23 00:00:00+00:00,4133.319,4134.739,4125.024,4132.279,10673,240,0
2026-07-23 01:00:00+00:00,4132.218,4141.033,4114.293,4117.927,21105,240,0
2026-07-23 02:00:00+00:00,4117.871,4128.872,4112.189,4127.98,13826,240,0
2026-07-23 03:00:00+00:00,4127.928,4133.293,4123.897,4124.706,8949,240,0
2026-07-23 04:00:00+00:00,4124.686,4130.45,4119.974,4121.351,7217,240,0
2026-07-23 05:00:00+00:00,4121.249,4130.602,4119.428,4123.83,10127,240,0
2026-07-23 06:00:00+00:00,4123.891,4128.232,4116.878,4118.611,10834,240,0
2026-07-23 07:00:00+00:00,4118.591,4119.442,4089.938,4095.526,16117,240,0
2026-07-23 08:00:00+00:00,4095.477,4097.792,4086.968,4093.292,11935,240,0
2026-07-23 09:00:00+00:00,4093.183,4099.424,4088.397,4089.823,10154,240,0
2026-07-23 10:00:00+00:00,4089.976,4095.419,4085.935,4093.318,9843,240,0
2026-07-23 11:00:00+00:00,4093.121,4093.89,4072.706,4085.749,14427,240,0
2026-07-23 12:00:00+00:00,4085.697,4086.08,4060.818,4061.826,19182,240,0
2026-07-23 13:00:00+00:00,4061.765,4067.563,4040.288,4043.309,33386,240,0
2026-07-23 14:00:00+00:00,4043.503,4061.795,4040.026,4057.99,24623,240,0
2026-07-23 15:00:00+00:00,4057.939,4059.41,4042.188,4048.534,19337,240,0
2026-07-23 16:00:00+00:00,4048.65,4051.842,4045.762,4051.304,8876,240,0
2026-07-23 17:00:00+00:00,4051.357,4054.635,4041.639,4041.855,10911,240,0
2026-07-23 18:00:00+00:00,4041.983,4048.437,4040.504,4045.941,8407,240,0
2026-07-23 19:00:00+00:00,4046.242,4051.105,4042.876,4049.891,6930,240,0
2026-07-23 20:00:00+00:00,4049.956,4051.215,4047.378,4049.152,4164,240,0
2026-07-23 22:00:00+00:00,4050.636,4050.733,4048.557,4049.439,2784,240,0
2026-07-23 23:00:00+00:00,4049.439,4050.803,4046.505,4046.996,4219,240,0
2026-07-24 00:00:00+00:00,4047.043,4050.828,4041.051,4050.024,9717,240,0
2026-07-24 01:00:00+00:00,4050.074,4050.554,4039.912,4043.504,12425,240,0
2026-07-24 02:00:00+00:00,4043.487,4048.282,4023.109,4024.633,13099,240,0
2026-07-24 03:00:00+00:00,4024.493,4033.572,4022.985,4029.371,8863,240,0
2026-07-24 04:00:00+00:00,4029.311,4030.538,4025.662,4027.133,6066,240,0
2026-07-24 05:00:00+00:00,4026.932,4032.343,4021.844,4022.978,10275,240,0
2026-07-24 06:00:00+00:00,4022.982,4039.111,4022.756,4035.802,10393,240,0
2026-07-24 07:00:00+00:00,4035.748,4053.697,4035.131,4048.392,10203,240,0
2026-07-24 08:00:00+00:00,4048.339,4058.909,4045.112,4057.54,8002,240,0
2026-07-24 09:00:00+00:00,4057.429,4060.919,4051.633,4059.676,7240,240,0
2026-07-24 10:00:00+00:00,4059.728,4063.95,4057.058,4059.922,6295,240,0
2026-07-24 11:00:00+00:00,4060.031,4063.498,4051.419,4057.666,7260,240,0
2026-07-24 12:00:00+00:00,4057.637,4060.233,4051.737,4056.009,9722,240,0
2026-07-24 13:00:00+00:00,4055.919,4068.581,4044.518,4067.346,17648,240,0
2026-07-24 14:00:00+00:00,4067.216,4070.076,4055.82,4063.433,17483,240,0
2026-07-24 15:00:00+00:00,4063.487,4082.013,4061.725,4077.462,19944,240,0
2026-07-24 16:00:00+00:00,4077.404,4078.188,4064.03,4066.882,8641,240,0
2026-07-24 17:00:00+00:00,4066.922,4069.94,4062.948,4063.428,7905,240,0
2026-07-24 18:00:00+00:00,4063.479,4064.466,4051.201,4054.486,7376,240,0
2026-07-24 19:00:00+00:00,4054.616,4057.863,4049.084,4053.523,7722,240,0
2026-07-24 20:00:00+00:00,4053.687,4056.141,4051.68,4052.932,4177,240,0
2026-07-26 22:00:00+00:00,4091.771,4096.553,4083.688,4089.778,5473,260,0
2026-07-26 23:00:00+00:00,4089.705,4096.411,4083.583,4094.171,5506,240,0
2026-07-27 00:00:00+00:00,4094.295,4116.193,4090.581,4100.688,17351,240,0
2026-07-27 01:00:00+00:00,4100.891,4112.638,4096.91,4109.933,19361,240,0
2026-07-27 02:00:00+00:00,4109.988,4111.033,4093.673,4093.754,10322,240,0
2026-07-27 03:00:00+00:00,4093.453,4095.845,4085.203,4090.842,8271,240,0
2026-07-27 04:00:00+00:00,4090.894,4092.771,4086.946,4090.473,5985,240,0
2026-07-27 05:00:00+00:00,4090.462,4094.917,4084.304,4092.933,9483,240,0
2026-07-27 06:00:00+00:00,4092.992,4099.435,4091.251,4095.92,10107,240,0
2026-07-27 07:00:00+00:00,4095.865,4106.041,4088.59,4088.908,10301,240,0
2026-07-27 08:00:00+00:00,4088.963,4096.812,4086.899,4095.308,9441,240,0
2026-07-27 09:00:00+00:00,4095.294,4100.373,4090.291,4096.017,8088,240,0
2026-07-27 10:00:00+00:00,4096.219,4102.285,4086.293,4099.564,8323,240,0
2026-07-27 11:00:00+00:00,4099.616,4104.158,4093.428,4093.86,9469,240,0
2026-07-27 12:00:00+00:00,4094.04,4097.768,4081.435,4083.769,13357,240,0
2026-07-27 13:00:00+00:00,4083.803,4089.613,4070.41,4074.017,24395,240,0
2026-07-27 14:00:00+00:00,4074.386,4079.161,4065.168,4075.99,23109,240,0
2026-07-27 15:00:00+00:00,4076.04,4079.977,4071.832,4078.608,13913,240,0
2026-07-27 16:00:00+00:00,4078.513,4093.918,4077.706,4082.254,13069,240,0
2026-07-27 17:00:00+00:00,4082.457,4082.457,4070.62,4076.246,10017,240,0
2026-07-27 18:00:00+00:00,4076.457,4079.549,4072.718,4077.756,8020,240,0
2026-07-27 19:00:00+00:00,4077.87,4089.333,4076.177,4083.208,7238,240,0
2026-07-27 20:00:00+00:00,4083.258,4084.094,4075.109,4076.799,4013,240,0
2026-07-27 22:00:00+00:00,4079.401,4081.641,4071.047,4074.044,3720,240,0
2026-07-27 23:00:00+00:00,4074.258,4075.124,4069.855,4073.195,4061,240,0
2026-07-28 00:00:00+00:00,4073.146,4074.288,4057.443,4057.763,13313,240,0
2026-07-28 01:00:00+00:00,4057.712,4060.196,4042.515,4045.233,19441,240,0
2026-07-28 02:00:00+00:00,4045.189,4049.073,4040.608,4042.087,10465,240,0
2026-07-28 03:00:00+00:00,4042.023,4051.027,4040.193,4049.236,8121,240,0
2026-07-28 04:00:00+00:00,4049.189,4049.701,4041.245,4042.301,6629,240,0
2026-07-28 05:00:00+00:00,4042.251,4046.615,4034.763,4045.363,10745,240,0
2026-07-28 06:00:00+00:00,4045.162,4052.374,4042.781,4048.237,10005,240,0
2026-07-28 07:00:00+00:00,4048.438,4052.363,4046.23,4047.404,8163,240,0
2026-07-28 08:00:00+00:00,4047.473,4055.264,4041.758,4045.354,13454,240,0
2026-07-28 09:00:00+00:00,4045.301,4046.046,4019.055,4023.506,11100,240,0
2026-07-28 10:00:00+00:00,4023.25,4028.428,4016.777,4026.498,12028,240,0
2026-07-28 11:00:00+00:00,4026.439,4032.275,4023.24,4028.003,11835,240,0
2026-07-28 12:00:00+00:00,4027.906,4038.1,4022.832,4029.483,13200,240,0
2026-07-28 13:00:00+00:00,4029.454,4036.177,4020.094,4022.374,21245,240,0
2026-07-28 14:00:00+00:00,4022.372,4033.576,4011.292,4024.506,20005,240,0
2026-07-28 15:00:00+00:00,4024.206,4047.157,4022.269,4045.973,20298,240,0
2026-07-28 16:00:00+00:00,4046.281,4046.658,4036.474,4037.618,8624,240,0
2026-07-28 17:00:00+00:00,4037.669,4041.639,4025.584,4027.826,9281,240,0
2026-07-28 18:00:00+00:00,4027.819,4030.358,4021.583,4023.139,7571,240,0
2026-07-28 19:00:00+00:00,4022.831,4027.985,4021.779,4026.526,6218,240,0
2026-07-28 20:00:00+00:00,4026.217,4030.506,4022.542,4028.838,4535,240,0
2026-07-28 22:00:00+00:00,4027.862,4028.6,4013.864,4018.38,4890,240,0
2026-07-28 23:00:00+00:00,4018.43,4026.184,4014.978,4025.098,7059,240,0
2026-07-29 00:00:00+00:00,4024.898,4030.053,4017.588,4021.65,14492,240,0
2026-07-29 01:00:00+00:00,4021.602,4030.579,4009.998,4025.682,20389,240,0
2026-07-29 02:00:00+00:00,4025.771,4037.961,4022.973,4029.663,13773,240,0
2026-07-29 03:00:00+00:00,4029.614,4032.625,4022.998,4023.687,8903,240,0
2026-07-29 04:00:00+00:00,4023.703,4027.6,4020.499,4027.416,8139,240,0
2026-07-29 05:00:00+00:00,4027.386,4040.042,4026.612,4033.142,11346,240,0
2026-07-29 06:00:00+00:00,4032.921,4044.891,4032.921,4041.216,9523,240,0
2026-07-29 07:00:00+00:00,4040.924,4047.814,4040.924,4043.882,7298,240,0
2026-07-29 08:00:00+00:00,4043.832,4044.457,4035.441,4037.444,7413,240,0
2026-07-29 09:00:00+00:00,4037.493,4038.43,4031.11,4032.749,6562,240,0
2026-07-29 10:00:00+00:00,4032.803,4034.449,4025.792,4027.211,7263,240,0
2026-07-29 11:00:00+00:00,4027.34,4036.087,4024.826,4032.616,7129,240,0
2026-07-29 12:00:00+00:00,4032.665,4033.541,4009.074,4022.529,15143,240,0
2026-07-29 13:00:00+00:00,4022.6,4026.509,4002.443,4007.139,21760,240,0
2026-07-29 14:00:00+00:00,4007.191,4010.254,3995.784,4004.691,21293,240,0
2026-07-29 15:00:00+00:00,4004.786,4013.958,4003.084,4009.906,13522,240,0
2026-07-29 16:00:00+00:00,4009.736,4032.843,4007.483,4027.33,11981,240,0
2026-07-29 17:00:00+00:00,4027.429,4050.695,4027.174,4043.873,16199,240,0
2026-07-29 18:00:00+00:00,4044.052,4110.04,4042.994,4106.535,68148,240,0
2026-07-29 19:00:00+00:00,4106.591,4116.461,4044.039,4044.773,54388,240,0
2026-07-29 20:00:00+00:00,4044.721,4070.226,4042.467,4066.039,20599,240,0
2026-07-29 22:00:00+00:00,4068.187,4090.657,4064.746,4088.409,7374,240,0
2026-07-29 23:00:00+00:00,4088.355,4100.332,4084.393,4084.502,9441,240,0
2026-07-30 00:00:00+00:00,4084.807,4086.725,4064.76,4072.027,21797,240,0
2026-07-30 01:00:00+00:00,4072.084,4092.98,4070.198,4084.724,25166,240,0
2026-07-30 02:00:00+00:00,4084.804,4090.386,4063.241,4063.662,15602,240,0
2026-07-30 03:00:00+00:00,4063.752,4069.967,4050.672,4058.764,14299,240,0
2026-07-30 04:00:00+00:00,4059.019,4060.307,4044.228,4046.138,9531,240,0
2026-07-30 05:00:00+00:00,4046.19,4051.308,4028.299,4033.807,19411,240,0
2026-07-30 06:00:00+00:00,4033.753,4040.492,4029.196,4036.658,16588,240,0
2026-07-30 07:00:00+00:00,4036.743,4051.392,4035.389,4038.908,16227,240,0
2026-07-30 08:00:00+00:00,4038.635,4072.937,4036.592,4061.296,19308,240,0
2026-07-30 09:00:00+00:00,4061.607,4073.171,4060.187,4063.442,13899,240,0
2026-07-30 10:00:00+00:00,4063.515,4083.063,4062.839,4078.067,16319,240,0
2026-07-30 11:00:00+00:00,4078.103,4082.804,4075.603,4077.621,11130,240,0
2026-07-30 12:00:00+00:00,4077.481,4086.886,4067.032,4068.66,20336,240,0
2026-07-30 13:00:00+00:00,4068.966,4112.606,4064.935,4111.998,43480,240,0
2026-07-30 14:00:00+00:00,4112.11,4120.412,4087.119,4099.895,40487,240,0
2026-07-30 15:00:00+00:00,4099.949,4110.095,4082.954,4107.999,23622,240,0
2026-07-30 16:00:00+00:00,4107.945,4119.338,4106.455,4110.839,11381,240,0
2026-07-30 17:00:00+00:00,4110.778,4111.35,4098.456,4102.45,10961,240,0
2026-07-30 18:00:00+00:00,4102.645,4107.891,4098.693,4099.622,7694,240,0
2026-07-30 19:00:00+00:00,4099.767,4115.484,4098.705,4112.162,8439,240,0
2026-07-30 20:00:00+00:00,4112.217,4117.495,4098.982,4103.046,8192,240,0
2026-07-30 22:00:00+00:00,4105.237,4111.152,4102.416,4109.252,4357,240,0
2026-07-30 23:00:00+00:00,4109.271,4111.821,4102.113,4105.645,4980,240,0
2026-07-31 00:00:00+00:00,4105.694,4107.216,4090.336,4094.741,10207,240,0
2026-07-31 01:00:00+00:00,4094.672,4101.692,4082.147,4084.097,14601,240,0
2026-07-31 02:00:00+00:00,4084.385,4090.533,4073.984,4076.248,9338,240,0
2026-07-31 03:00:00+00:00,4076.182,4079.444,4071.821,4075.036,7955,240,0
2026-07-31 04:00:00+00:00,4075.041,4081.387,4073.216,4079.996,5628,240,0
2026-07-31 05:00:00+00:00,4080.143,4083.422,4073.259,4074.537,7473,240,0
2026-07-31 06:00:00+00:00,4074.591,4087.532,4072.591,4077.703,10276,240,0
2026-07-31 07:00:00+00:00,4077.639,4079.15,4067.245,4067.782,9210,240,0
2026-07-31 08:00:00+00:00,4067.747,4067.814,4053.961,4061.034,12032,240,0
2026-07-31 09:00:00+00:00,4060.976,4063.935,4050.008,4054.953,9864,240,0
2026-07-31 10:00:00+00:00,4055.234,4058.372,4051.874,4054.311,6855,240,0
2026-07-31 11:00:00+00:00,4054.303,4061.152,4050.461,4053.731,9091,240,0
2026-07-31 12:00:00+00:00,4053.727,4059.501,4040.353,4040.92,12257,240,0
2026-07-31 13:00:00+00:00,4040.859,4046.943,4021.859,4025.546,26934,240,0
2026-07-31 14:00:00+00:00,4025.496,4050.369,4020.875,4049.051,20946,240,0
2026-07-31 15:00:00+00:00,4049.1,4052.773,4036.66,4045.566,16613,240,0
2026-07-31 16:00:00+00:00,4045.512,4049.985,4041.008,4043.364,9787,240,0
2026-07-31 17:00:00+00:00,4043.315,4054.831,4041.314,4053.556,9998,240,0
2026-07-31 18:00:00+00:00,4053.505,4055.056,4047.13,4050.629,7475,240,0
2026-07-31 19:00:00+00:00,4050.618,4055.681,4046.77,4051.051,7087,240,0
2026-07-31 20:00:00+00:00,4050.941,4053.062,4043.015,4043.812,11806,240,0
2026-08-02 22:00:00+00:00,4073.04,4079.393,4063.398,4063.914,7708,240,0
2026-08-02 23:00:00+00:00,4063.878,4074.793,4063.069,4074.778,6272,240,0
2026-08-03 00:00:00+00:00,4074.839,4079.04,4055.521,4057.145,17401,240,0
2026-08-03 01:00:00+00:00,4057.281,4063.526,4047.273,4056.384,20390,240,0
2026-08-03 02:00:00+00:00,4056.691,4067.232,4051.925,4062.231,12832,240,0
2026-08-03 03:00:00+00:00,4062.177,4067.979,4059.122,4064.884,9713,240,0
2026-08-03 04:00:00+00:00,4064.962,4071.927,4064.012,4064.012,6725,240,0
2026-08-03 05:00:00+00:00,4063.961,4069.885,4054.026,4068.766,10409,240,0
2026-08-03 06:00:00+00:00,4068.818,4071.965,4060.567,4064.011,12472,240,0
2026-08-03 07:00:00+00:00,4064.061,4065.211,4052.088,4060.835,12341,240,0
2026-08-03 08:00:00+00:00,4061.151,4062.538,4054.11,4059.286,9244,240,0
2026-08-03 09:00:00+00:00,4059.517,4062.15,4046.519,4055.373,10209,240,0
2026-08-03 10:00:00+00:00,4055.424,4057.213,4045.745,4049.499,8375,240,0
2026-08-03 11:00:00+00:00,4049.312,4063.108,4045.26,4062.616,10110,240,0
2026-08-03 12:00:00+00:00,4062.412,4064.718,4042.041,4047.494,12785,240,0
2026-08-03 13:00:00+00:00,4047.549,4053.595,4018.965,4032.301,24957,240,0
2026-08-03 14:00:00+00:00,4032.385,4039.242,4026.48,4036.401,15437,240,0
2026-08-03 15:00:00+00:00,4036.307,4041.005,4030.254,4036.104,11728,240,0
2026-08-03 16:00:00+00:00,4036.161,4039.411,4034.552,4037.045,6766,240,0
2026-08-03 17:00:00+00:00,4037.008,4037.908,4030.177,4030.624,6184,240,0
2026-08-03 18:00:00+00:00,4030.619,4045.122,4029.475,4043.333,6470,240,0
2026-08-03 19:00:00+00:00,4043.382,4055.836,4043.382,4052.12,7282,240,0
2026-08-03 20:00:00+00:00,4052.182,4058.237,4050.125,4055.037,4093,240,0
2026-08-03 22:00:00+00:00,4052.997,4054.598,4049.213,4052.714,3468,240,0
2026-08-03 23:00:00+00:00,4052.68,4055.153,4050.161,4053.762,4320,240,0
2026-08-04 00:00:00+00:00,4053.703,4069.413,4048.563,4049.279,10518,240,0
2026-08-04 01:00:00+00:00,4049.169,4061.918,4042.403,4058.506,14819,240,0
2026-08-04 02:00:00+00:00,4058.819,4065.142,4055.717,4058.943,9564,240,0
2026-08-04 03:00:00+00:00,4058.89,4061.697,4052.09,4052.572,7156,240,0
2026-08-04 04:00:00+00:00,4052.599,4066.369,4051.053,4063.659,6091,240,0
2026-08-04 05:00:00+00:00,4063.709,4067.823,4057.199,4062.008,8311,240,0
2026-08-04 06:00:00+00:00,4061.948,4066.313,4055.605,4063.214,8425,240,0
2026-08-04 07:00:00+00:00,4063.473,4066.817,4060.848,4065.33,7898,240,0
2026-08-04 08:00:00+00:00,4065.377,4072.889,4054.297,4055.172,9721,240,0
2026-08-04 09:00:00+00:00,4055.063,4055.539,4046.113,4049.577,7712,240,0
2026-08-04 10:00:00+00:00,4049.616,4060.73,4045.436,4053.912,10603,240,0
2026-08-04 11:00:00+00:00,4053.963,4084.329,4052.34,4074.914,17140,240,0
2026-08-04 12:00:00+00:00,4074.978,4084.49,4060.834,4070.716,17165,240,0
2026-08-04 13:00:00+00:00,4070.897,4093.765,4060.997,4084.043,28660,240,0
2026-08-04 14:00:00+00:00,4084.289,4091.818,4074.189,4083.453,19284,240,0
2026-08-04 15:00:00+00:00,4083.692,4088.832,4074.667,4087.423,14528,240,0
2026-08-04 16:00:00+00:00,4087.492,4093.66,4082.924,4093.114,8842,240,0
2026-08-04 17:00:00+00:00,4093.381,4106.419,4086.128,4086.146,10930,240,0
2026-08-04 18:00:00+00:00,4086.091,4089.113,4075.046,4079.921,8488,240,0
2026-08-04 19:00:00+00:00,4079.678,4084.759,4076.433,4078.372,6866,240,0
2026-08-04 20:00:00+00:00,4078.678,4080.45,4074.611,4078.007,5131,240,0
2026-08-04 22:00:00+00:00,4078.012,4085.779,4075.608,4075.801,4633,240,0
2026-08-04 23:00:00+00:00,4075.947,4077.116,4065.367,4072.308,6105,240,0
2026-08-05 00:00:00+00:00,4072.356,4083.553,4070.301,4082.622,7883,240,0
2026-08-05 01:00:00+00:00,4082.43,4102.727,4077.585,4101.218,14266,240,0
2026-08-05 02:00:00+00:00,4101.168,4135.569,4095.422,4129.3,20182,240,0
2026-08-05 03:00:00+00:00,4129.25,4136.564,4126.816,4128.383,10023,240,0
2026-08-05 04:00:00+00:00,4128.39,4141.506,4128.287,4135.603,8056,240,0
2026-08-05 05:00:00+00:00,4135.665,4173.162,4134.599,4161.605,20762,240,0
2026-08-05 06:00:00+00:00,4161.535,4178.469,4159.93,4177.367,15325,240,0
2026-08-05 07:00:00+00:00,4177.673,4179.626,4162.121,4170.626,12269,240,0
2026-08-05 08:00:00+00:00,4170.574,4172.706,4158.862,4160.35,12073,240,0
2026-08-05 09:00:00+00:00,4160.407,4167.187,4152.988,4158.034,11962,240,0
2026-08-05 10:00:00+00:00,4157.909,4161.611,4150.249,4161.278,8093,240,0
2026-08-05 11:00:00+00:00,4161.219,4192.679,4160.644,4188.955,15467,240,0
2026-08-05 12:00:00+00:00,4189.012,4213.38,4183.198,4184.002,18305,240,0
2026-08-05 13:00:00+00:00,4183.952,4206.897,4183.775,4205.876,26256,240,0
2026-08-05 14:00:00+00:00,4205.818,4247.713,4203.585,4244.001,31645,240,0
2026-08-05 15:00:00+00:00,4243.936,4265.316,4232.227,4232.923,23280,240,0
2026-08-05 16:00:00+00:00,4232.974,4247.33,4224.626,4242.366,14908,240,0
2026-08-05 17:00:00+00:00,4242.195,4252.561,4236.693,4250.048,10960,240,0
2026-08-05 18:00:00+00:00,4249.959,4267.858,4249.0,4260.601,9292,240,0
2026-08-05 19:00:00+00:00,4260.547,4262.21,4246.298,4246.882,8804,240,0
2026-08-05 20:00:00+00:00,4246.792,4249.809,4242.893,4246.208,4416,240,0
2026-08-05 22:00:00+00:00,4248.305,4254.074,4245.598,4250.06,3991,240,0
2026-08-05 23:00:00+00:00,4249.841,4281.988,4249.24,4278.055,7242,240,0
2026-08-06 00:00:00+00:00,4278.111,4300.343,4264.526,4294.734,20360,240,0
2026-08-06 01:00:00+00:00,4294.696,4302.964,4272.798,4286.704,29302,240,0
2026-08-06 02:00:00+00:00,4286.6,4304.283,4275.075,4278.552,14777,240,0
2026-08-06 03:00:00+00:00,4278.439,4281.03,4260.074,4265.508,11979,240,0
2026-08-06 04:00:00+00:00,4265.674,4267.191,4252.718,4262.336,7981,240,0
2026-08-06 05:00:00+00:00,4262.201,4268.694,4246.99,4267.258,11448,240,0
2026-08-06 06:00:00+00:00,4266.99,4268.635,4249.261,4255.975,9925,240,0
2026-08-06 07:00:00+00:00,4255.889,4265.384,4252.418,4262.569,8443,240,0
2026-08-06 08:00:00+00:00,4262.622,4278.86,4260.022,4278.115,10194,240,0
2026-08-06 09:00:00+00:00,4278.169,4284.755,4271.041,4272.943,9113,240,0
2026-08-06 10:00:00+00:00,4273.142,4273.807,4264.314,4270.912,7350,240,0
2026-08-06 11:00:00+00:00,4270.632,4273.402,4253.942,4263.132,9934,240,0
2026-08-06 12:00:00+00:00,4263.074,4270.758,4248.964,4250.286,12699,240,0
2026-08-06 13:00:00+00:00,4250.231,4274.094,4230.346,4266.948,27340,240,0
2026-08-06 14:00:00+00:00,4267.258,4275.367,4259.987,4272.806,22944,240,0
2026-08-06 15:00:00+00:00,4272.917,4274.531,4228.929,4233.828,22753,240,0
2026-08-06 16:00:00+00:00,4233.886,4243.127,4223.147,4241.504,20634,240,0
2026-08-06 17:00:00+00:00,4241.592,4248.282,4238.367,4247.06,9521,240,0
2026-08-06 18:00:00+00:00,4247.111,4249.679,4240.591,4243.538,6453,240,0
2026-08-06 19:00:00+00:00,4243.626,4251.344,4232.897,4248.79,11448,240,0
2026-08-06 20:00:00+00:00,4248.882,4250.257,4234.547,4240.43,6158,240,0
2026-08-06 22:00:00+00:00,4239.787,4243.603,4235.755,4240.83,3614,240,0
2026-08-06 23:00:00+00:00,4240.779,4253.243,4240.066,4252.14,4393,240,0
2026-08-07 00:00:00+00:00,4252.394,4252.788,4229.509,4232.657,13986,240,0
2026-08-07 01:00:00+00:00,4232.544,4259.46,4231.229,4256.877,19763,240,0
2026-08-07 02:00:00+00:00,4256.7,4261.759,4246.989,4250.393,11441,240,0
2026-08-07 03:00:00+00:00,4250.198,4266.372,4249.575,4265.983,9709,240,0
2026-08-07 04:00:00+00:00,4265.919,4269.278,4260.705,4264.724,9999,240,0
2026-08-07 05:00:00+00:00,4264.851,4280.615,4261.682,4278.701,15018,240,0
2026-08-07 06:00:00+00:00,4278.727,4298.817,4278.188,4296.999,16186,240,0
2026-08-07 07:00:00+00:00,4297.219,4297.969,4282.773,4289.992,10814,240,0
2026-08-07 08:00:00+00:00,4290.047,4316.685,4288.868,4305.866,14110,240,0
2026-08-07 09:00:00+00:00,4305.919,4320.774,4302.162,4315.892,12484,240,0
2026-08-07 10:00:00+00:00,4315.888,4320.677,4307.908,4316.729,9387,240,0
2026-08-07 11:00:00+00:00,4316.718,4327.848,4316.603,4321.276,12297,240,0
2026-08-07 12:00:00+00:00,4321.291,4371.87,4300.837,4361.211,36313,240,0
2026-08-07 13:00:00+00:00,4361.273,4368.086,4338.801,4348.269,37735,260,0
2026-08-07 14:00:00+00:00,4348.142,4352.96,4327.374,4341.584,32445,240,0
2026-08-07 15:00:00+00:00,4341.618,4358.437,4339.65,4341.025,19793,240,0
2026-08-07 16:00:00+00:00,4341.162,4349.865,4329.038,4329.038,17445,240,0
2026-08-07 17:00:00+00:00,4329.194,4343.188,4327.747,4340.309,11277,240,0
2026-08-07 18:00:00+00:00,4340.276,4343.122,4331.963,4335.59,8056,240,0
2026-08-07 19:00:00+00:00,4335.405,4350.317,4335.405,4344.025,12550,240,0
2026-08-07 20:00:00+00:00,4344.087,4345.323,4335.875,4342.202,6204,260,0
2026-08-09 22:00:00+00:00,4347.782,4348.7,4332.725,4341.696,6943,240,0
2026-08-09 23:00:00+00:00,4341.714,4349.153,4331.891,4332.663,5510,240,0
2026-08-10 00:00:00+00:00,4332.6,4347.164,4330.608,4332.219,16633,240,0
2026-08-10 01:00:00+00:00,4332.273,4340.909,4313.179,4322.556,25072,260,0
2026-08-10 02:00:00+00:00,4322.627,4332.464,4318.527,4319.482,14069,240,0
2026-08-10 03:00:00+00:00,4319.703,4330.072,4317.487,4326.402,9025,240,0
2026-08-10 04:00:00+00:00,4326.703,4339.535,4322.922,4339.37,8551,260,0
2026-08-10 05:00:00+00:00,4339.317,4352.322,4331.441,4347.437,12616,240,0
2026-08-10 06:00:00+00:00,4347.381,4359.879,4341.773,4358.086,11804,260,0
2026-08-10 07:00:00+00:00,4357.88,4362.158,4350.116,4355.551,10770,240,0
2026-08-10 08:00:00+00:00,4355.496,4356.539,4343.694,4346.398,8989,240,0
2026-08-10 09:00:00+00:00,4346.743,4349.959,4340.261,4341.13,8697,240,0
2026-08-10 10:00:00+00:00,4340.97,4344.194,4335.442,4335.884,7712,240,0
2026-08-10 11:00:00+00:00,4335.939,4339.415,4328.754,4335.181,8376,240,0
2026-08-10 12:00:00+00:00,4334.905,4337.641,4324.14,4332.566,11592,240,0
2026-08-10 13:00:00+00:00,4332.501,4340.007,4316.533,4318.172,21415,240,0
2026-08-10 14:00:00+00:00,4318.077,4352.122,4317.953,4345.339,18418,240,0
2026-08-10 15:00:00+00:00,4345.697,4359.651,4343.089,4358.246,13861,240,0
2026-08-10 16:00:00+00:00,4358.305,4364.892,4349.017,4356.675,12917,240,0
2026-08-10 17:00:00+00:00,4356.733,4365.634,4351.517,4360.303,7986,240,0
2026-08-10 18:00:00+00:00,4360.073,4383.192,4359.752,4378.463,10688,240,0
2026-08-10 19:00:00+00:00,4378.501,4395.317,4378.501,4388.398,10526,260,0
2026-08-10 20:00:00+00:00,4388.302,4392.23,4385.576,4389.157,4425,260,0
2026-08-10 22:00:00+00:00,4391.112,4400.796,4388.625,4399.782,3892,260,0
2026-08-10 23:00:00+00:00,4399.841,4402.589,4394.493,4402.264,4850,240,0
2026-08-11 00:00:00+00:00,4402.212,4419.383,4396.458,4409.467,12103,260,0
2026-08-11 01:00:00+00:00,4409.525,4434.173,4393.485,4429.826,22204,260,0
2026-08-11 02:00:00+00:00,4429.752,4435.264,4407.844,4410.75,16331,260,0
2026-08-11 03:00:00+00:00,4410.961,4421.603,4409.435,4416.935,9394,260,0
2026-08-11 04:00:00+00:00,4416.941,4420.242,4403.165,4409.008,10220,260,0
2026-08-11 05:00:00+00:00,4408.679,4409.045,4367.238,4375.245,21425,260,0
2026-08-11 06:00:00+00:00,4375.182,4382.387,4359.562,4366.171,18717,260,0
2026-08-11 07:00:00+00:00,4366.112,4367.814,4356.622,4357.847,11861,260,0
2026-08-11 08:00:00+00:00,4357.781,4376.762,4356.914,4369.101,9983,260,0
2026-08-11 09:00:00+00:00,4369.154,4375.577,4367.464,4372.542,9230,260,0
2026-08-11 10:00:00+00:00,4372.262,4382.692,4370.953,4382.413,8099,260,0
2026-08-11 11:00:00+00:00,4382.269,4392.977,4380.24,4387.807,13731,260,0
2026-08-11 12:00:00+00:00,4387.555,4400.068,4383.709,4392.565,15114,260,0
2026-08-11 13:00:00+00:00,4392.573,4404.244,4384.408,4389.436,20938,260,0
2026-08-11 14:00:00+00:00,4389.494,4398.145,4381.043,4394.0,16828,260,0
2026-08-11 15:00:00+00:00,4393.918,4398.952,4368.93,4383.644,16533,260,0
2026-08-11 16:00:00+00:00,4383.762,4385.743,4378.263,4383.523,8150,260,0
2026-08-11 17:00:00+00:00,4383.245,4385.761,4368.744,4369.197,9012,260,0
2026-08-11 18:00:00+00:00,4369.286,4372.763,4360.106,4371.522,9131,240,0
2026-08-11 19:00:00+00:00,4371.649,4374.321,4361.143,4370.717,8370,260,0
2026-08-11 20:00:00+00:00,4370.773,4371.197,4367.022,4368.03,3593,260,0
2026-08-11 22:00:00+00:00,4372.492,4378.286,4367.184,4369.068,4620,240,0
2026-08-11 23:00:00+00:00,4369.134,4374.372,4362.384,4371.373,6180,240,0
2026-08-12 00:00:00+00:00,4371.477,4383.736,4366.357,4380.327,11094,240,0
2026-08-12 01:00:00+00:00,4380.447,4397.371,4378.282,4396.171,11706,260,0
2026-08-12 02:00:00+00:00,4396.228,4414.48,4394.103,4411.408,10562,260,0
2026-08-12 03:00:00+00:00,4411.188,4416.335,4400.582,4402.143,7972,260,0
2026-08-12 04:00:00+00:00,4402.416,4403.419,4395.204,4400.879,5391,260,0
2026-08-12 05:00:00+00:00,4400.755,4404.945,4384.036,4391.368,10433,260,0
2026-08-12 06:00:00+00:00,4391.032,4406.323,4384.995,4403.199,9927,260,0
2026-08-12 07:00:00+00:00,4403.298,4410.133,4397.985,4406.184,7658,260,0
2026-08-12 08:00:00+00:00,4406.038,4410.552,4401.602,4401.779,6633,260,0
2026-08-12 09:00:00+00:00,4401.57,4424.258,4401.57,4415.925,10817,260,0
2026-08-12 10:00:00+00:00,4415.706,4420.827,4406.866,4412.624,8454,260,0
2026-08-12 11:00:00+00:00,4412.685,4416.887,4407.697,4412.672,7044,260,0
2026-08-12 12:00:00+00:00,4412.551,4438.69,4381.832,4437.321,30872,260,0
2026-08-12 13:00:00+00:00,4437.474,4441.371,4408.37,4427.605,34071,260,0
2026-08-12 14:00:00+00:00,4427.659,4439.807,4416.465,4421.889,23762,260,0
2026-08-12 15:00:00+00:00,4421.821,4430.121,4410.813,4420.789,16952,260,0
2026-08-12 16:00:00+00:00,4420.848,4426.584,4396.436,4401.514,13963,260,0
2026-08-12 17:00:00+00:00,4401.457,4411.502,4398.773,4399.554,11807,260,0
2026-08-12 18:00:00+00:00,4399.448,4417.913,4396.135,4413.1,7622,260,0
2026-08-12 19:00:00+00:00,4413.153,4418.401,4408.151,4413.654,7145,260,0
2026-08-12 20:00:00+00:00,4413.72,4414.259,4406.399,4408.726,4203,260,0
2026-08-12 22:00:00+00:00,4408.409,4410.017,4398.143,4402.317,3811,260,0
2026-08-12 23:00:00+00:00,4402.221,4414.588,4401.558,4414.262,3614,240,0
2026-08-13 00:00:00+00:00,4414.327,4449.781,4412.804,4427.55,17997,260,0
2026-08-13 01:00:00+00:00,4427.662,4435.512,4406.077,4408.472,23274,260,0
2026-08-13 02:00:00+00:00,4408.439,4413.9,4398.88,4406.853,14746,260,0
2026-08-13 03:00:00+00:00,4406.797,4412.139,4398.5,4400.215,8978,260,0
2026-08-13 04:00:00+00:00,4400.126,4400.433,4391.457,4397.596,8802,260,0
2026-08-13 05:00:00+00:00,4397.807,4407.354,4380.573,4382.757,15910,260,0
2026-08-13 06:00:00+00:00,4382.8,4385.528,4368.813,4380.711,15086,260,0
2026-08-13 07:00:00+00:00,4380.641,4381.769,4369.116,4370.014,11535,260,0
2026-08-13 08:00:00+00:00,4370.014,4379.353,4363.967,4375.718,10146,260,0
2026-08-13 09:00:00+00:00,4375.66,4384.89,4372.294,4384.359,7770,260,0
2026-08-13 10:00:00+00:00,4384.419,4393.673,4381.526,4392.168,6313,260,0
2026-08-13 11:00:00+00:00,4392.109,4396.683,4382.685,4387.509,7842,260,0
2026-08-13 12:00:00+00:00,4387.573,4402.022,4380.575,4402.022,15038,260,0
2026-08-13 13:00:00+00:00,4401.915,4402.164,4370.709,4372.904,27494,260,0
2026-08-13 14:00:00+00:00,4373.037,4387.194,4357.195,4383.797,27168,260,0
2026-08-13 15:00:00+00:00,4383.849,4385.668,4357.385,4365.226,18772,260,0
2026-08-13 16:00:00+00:00,4365.013,4368.4,4351.099,4367.119,13804,260,0
2026-08-13 17:00:00+00:00,4367.066,4373.316,4355.563,4356.009,9483,240,0
2026-08-13 18:00:00+00:00,4356.063,4363.729,4354.547,4357.033,7878,240,0
2026-08-13 19:00:00+00:00,4357.102,4358.934,4343.521,4349.864,9470,240,0
2026-08-13 20:00:00+00:00,4349.919,4352.337,4346.737,4350.598,4312,260,0
2026-08-13 22:00:00+00:00,4353.554,4362.82,4351.827,4354.653,5121,260,0
2026-08-13 23:00:00+00:00,4354.69,4364.233,4348.953,4356.612,6315,240,0
2026-08-14 00:00:00+00:00,4356.547,4362.198,4328.899,4340.856,17987,260,0
2026-08-14 01:00:00+00:00,4340.734,4341.601,4312.0,4318.185,23550,240,0
2026-08-14 02:00:00+00:00,4317.976,4322.83,4310.771,4315.629,16341,240,0
2026-08-14 03:00:00+00:00,4315.429,4328.09,4313.686,4323.32,8165,240,0
2026-08-14 04:00:00+00:00,4323.612,4328.061,4322.671,4326.727,5559,240,0
2026-08-14 05:00:00+00:00,4326.792,4333.427,4310.885,4333.427,12113,240,0
2026-08-14 06:00:00+00:00,4333.485,4336.712,4327.763,4335.4,10980,240,0
2026-08-14 07:00:00+00:00,4335.393,4345.317,4329.821,4343.451,8688,240,0
2026-08-14 08:00:00+00:00,4343.504,4349.788,4341.761,4348.514,8526,240,0
2026-08-14 09:00:00+00:00,4348.391,4357.45,4345.866,4356.95,7307,240,0
2026-08-14 10:00:00+00:00,4357.068,4358.772,4348.18,4349.405,6286,240,0
2026-08-14 11:00:00+00:00,4349.466,4369.482,4348.406,4368.99,7600,240,0
2026-08-14 12:00:00+00:00,4369.111,4386.819,4365.489,4373.757,13230,260,0
2026-08-14 13:00:00+00:00,4373.811,4397.008,4370.193,4384.639,19083,260,0
2026-08-14 14:00:00+00:00,4384.635,4394.792,4378.715,4381.443,14948,260,0
2026-08-14 15:00:00+00:00,4381.351,4394.716,4378.912,4391.65,13601,260,0
2026-08-14 16:00:00+00:00,4391.737,4396.816,4380.06,4385.723,7725,260,0
2026-08-14 17:00:00+00:00,4385.745,4386.55,4376.227,4378.594,6657,240,0
2026-08-14 18:00:00+00:00,4378.655,4382.822,4370.829,4373.458,6242,260,0
2026-08-14 19:00:00+00:00,4373.489,4379.991,4372.063,4376.005,5881,260,0
2026-08-14 20:00:00+00:00,4376.084,4377.05,4371.293,4375.883,4053,260,0
2026-08-16 22:00:00+00:00,4379.402,4386.862,4372.135,4386.051,5104,240,0
2026-08-16 23:00:00+00:00,4385.826,4386.276,4367.051,4370.359,6311,240,0
2026-08-17 00:00:00+00:00,4370.434,4402.286,4368.089,4400.612,12185,240,0
2026-08-17 01:00:00+00:00,4400.96,4416.584,4391.85,4395.747,18706,260,0
2026-08-17 02:00:00+00:00,4395.694,4398.314,4388.304,4393.152,11629,260,0
2026-08-17 03:00:00+00:00,4393.329,4397.733,4387.838,4396.851,8016,260,0
2026-08-17 04:00:00+00:00,4396.912,4399.593,4388.8,4390.756,6912,260,0
2026-08-17 05:00:00+00:00,4390.736,4401.291,4386.781,4394.86,10973,260,0
2026-08-17 06:00:00+00:00,4394.843,4404.553,4392.536,4402.871,11034,260,0
2026-08-17 07:00:00+00:00,4402.926,4411.395,4395.875,4405.067,9517,260,0
2026-08-17 08:00:00+00:00,4404.95,4404.95,4392.64,4394.89,7428,260,0
2026-08-17 09:00:00+00:00,4395.211,4400.57,4392.52,4395.422,7249,260,0
2026-08-17 10:00:00+00:00,4395.477,4405.99,4391.793,4399.004,9712,260,0
2026-08-17 11:00:00+00:00,4399.166,4404.924,4395.448,4396.906,7091,260,0
2026-08-17 12:00:00+00:00,4396.774,4398.904,4377.258,4384.799,13432,260,0
2026-08-17 13:00:00+00:00,4384.855,4416.432,4381.661,4408.775,17909,260,0
2026-08-17 14:00:00+00:00,4408.882,4427.65,4403.722,4417.16,17733,260,0
2026-08-17 15:00:00+00:00,4417.119,4427.868,4414.869,4427.36,11649,260,0
2026-08-17 16:00:00+00:00,4427.42,4428.793,4422.364,4424.051,7773,260,0
2026-08-17 17:00:00+00:00,4424.323,4426.229,4411.035,4413.786,9091,260,0
2026-08-17 18:00:00+00:00,4413.815,4416.253,4397.942,4406.798,9998,260,0
2026-08-17 19:00:00+00:00,4406.738,4421.033,4400.096,4419.916,7913,260,0
2026-08-17 20:00:00+00:00,4419.644,4421.323,4414.682,4416.432,3098,260,0
2026-08-17 22:00:00+00:00,4417.748,4418.937,4410.359,4411.879,3494,260,0
2026-08-17 23:00:00+00:00,4412.0,4426.006,4409.742,4425.733,4625,260,0
2026-08-18 00:00:00+00:00,4425.739,4435.093,4418.787,4434.549,11118,260,0
2026-08-18 01:00:00+00:00,4434.493,4436.308,4404.148,4408.126,17750,260,0
2026-08-18 02:00:00+00:00,4407.922,4408.34,4394.083,4399.963,11609,260,0
2026-08-18 03:00:00+00:00,4399.635,4404.079,4390.691,4391.959,8411,260,0
2026-08-18 04:00:00+00:00,4391.907,4395.499,4388.576,4393.446,5852,260,0
2026-08-18 05:00:00+00:00,4393.666,4397.632,4385.935,4394.494,8694,260,0
2026-08-18 06:00:00+00:00,4394.196,4400.033,4387.484,4398.723,8627,260,0
2026-08-18 07:00:00+00:00,4398.776,4403.622,4395.384,4395.737,7966,260,0
2026-08-18 08:00:00+00:00,4395.566,4398.539,4386.715,4393.174,8549,260,0
2026-08-18 09:00:00+00:00,4393.043,4395.099,4386.747,4393.373,7953,260,0
2026-08-18 10:00:00+00:00,4393.172,4399.63,4389.695,4397.801,6014,260,0
2026-08-18 11:00:00+00:00,4397.863,4399.2,4388.37,4395.757,6522,260,0
2026-08-18 12:00:00+00:00,4395.835,4400.923,4389.367,4394.078,10820,260,0
2026-08-18 13:00:00+00:00,4394.016,4407.042,4375.84,4394.499,24512,260,0
2026-08-18 14:00:00+00:00,4394.501,4406.445,4363.577,4366.544,25480,260,0
2026-08-18 15:00:00+00:00,4366.639,4377.619,4351.426,4364.64,26562,260,0
2026-08-18 16:00:00+00:00,4365.038,4371.727,4362.83,4363.975,10749,260,0
2026-08-18 17:00:00+00:00,4363.909,4368.326,4356.576,4357.792,9669,260,0
2026-08-18 18:00:00+00:00,4357.911,4361.125,4352.566,4354.314,7417,240,0
2026-08-18 19:00:00+00:00,4354.367,4358.751,4338.249,4345.368,11180,240,0
2026-08-18 20:00:00+00:00,4345.428,4346.539,4328.915,4334.586,7133,260,0
2026-08-18 22:00:00+00:00,4340.133,4343.084,4332.751,4333.844,4273,240,0
2026-08-18 23:00:00+00:00,4333.996,4338.189,4327.099,4332.857,5952,240,0
2026-08-19 00:00:00+00:00,4332.962,4347.255,4331.335,4338.123,16428,240,0
2026-08-19 01:00:00+00:00,4338.065,4357.643,4324.477,4356.221,21934,260,0
2026-08-19 02:00:00+00:00,4356.34,4361.965,4351.346,4354.795,12156,260,0
2026-08-19 03:00:00+00:00,4354.928,4360.361,4351.757,4355.025,7062,240,0
2026-08-19 04:00:00+00:00,4355.015,4356.099,4343.631,4348.357,6228,240,0
2026-08-19 05:00:00+00:00,4348.357,4350.536,4335.076,4335.652,12136,240,0
2026-08-19 06:00:00+00:00,4335.648,4349.528,4335.22,4348.829,12938,260,0
2026-08-19 07:00:00+00:00,4348.951,4363.075,4347.284,4354.929,9008,240,0
2026-08-19 08:00:00+00:00,4354.916,4363.182,4351.009,4355.755,9118,240,0
2026-08-19 09:00:00+00:00,4355.718,4361.925,4353.279,4361.805,7771,240,0
2026-08-19 10:00:00+00:00,4361.786,4369.641,4359.456,4367.427,6693,240,0
2026-08-19 11:00:00+00:00,4367.547,4374.144,4363.045,4364.797,7925,240,0
2026-08-19 12:00:00+00:00,4364.743,4442.477,4361.883,4438.62,35827,260,0
2026-08-19 13:00:00+00:00,4438.735,4466.31,4424.118,4459.462,47607,260,0
2026-08-19 14:00:00+00:00,4459.51,4498.839,4455.005,4487.988,31105,260,0
2026-08-19 15:00:00+00:00,4488.132,4494.169,4478.036,4493.656,18311,260,0
2026-08-19 16:00:00+00:00,4493.715,4499.376,4490.5,4493.343,12425,260,0
2026-08-19 17:00:00+00:00,4493.131,4499.144,4484.244,4486.941,11384,260,0
2026-08-19 18:00:00+00:00,4487.125,4496.71,4471.845,4495.222,14900,260,0
2026-08-19 19:00:00+00:00,4495.278,4512.25,4494.204,4510.963,12348,260,0
2026-08-19 20:00:00+00:00,4511.154,4524.372,4505.279,4523.176,7670,260,0
2026-08-19 22:00:00+00:00,4522.95,4527.584,4516.403,4518.956,5224,260,0
2026-08-19 23:00:00+00:00,4519.012,4523.738,4511.299,4511.841,5857,260,0
2026-08-20 00:00:00+00:00,4511.898,4521.084,4503.855,4504.449,16265,260,0
2026-08-20 01:00:00+00:00,4504.66,4510.22,4484.412,4489.593,23171,260,0
2026-08-20 02:00:00+00:00,4489.73,4499.79,4488.567,4490.791,13058,260,0
2026-08-20 03:00:00+00:00,4490.885,4501.096,4487.776,4498.98,10139,260,0
2026-08-20 04:00:00+00:00,4499.036,4499.297,4486.208,4488.369,7531,260,0
2026-08-20 05:00:00+00:00,4488.654,4494.097,4477.747,4481.06,10319,260,0
2026-08-20 06:00:00+00:00,4481.003,4495.882,4479.947,4493.885,9679,260,0
2026-08-20 07:00:00+00:00,4493.73,4494.201,4483.34,4490.746,9516,260,0
2026-08-20 08:00:00+00:00,4490.735,4498.745,4486.958,4489.193,10314,260,0
2026-08-20 09:00:00+00:00,4489.137,4494.239,4481.723,4482.733,9174,260,0
2026-08-20 10:00:00+00:00,4482.398,4494.881,4480.526,4490.176,7836,260,0
2026-08-20 11:00:00+00:00,4490.238,4491.403,4465.284,4467.081,12959,260,0
2026-08-20 12:00:00+00:00,4467.154,4477.224,4450.39,4474.755,21071,260,0
2026-08-20 13:00:00+00:00,4474.64,4489.449,4469.162,4481.556,28002,260,0
2026-08-20 14:00:00+00:00,4481.611,4516.282,4480.681,4515.675,22627,260,0
2026-08-20 15:00:00+00:00,4515.807,4540.868,4509.066,4521.719,39687,260,0
2026-08-20 16:00:00+00:00,4521.775,4524.807,4502.619,4510.118,16326,260,0
2026-08-20 17:00:00+00:00,4509.928,4520.581,4507.55,4519.745,11884,260,0
2026-08-20 18:00:00+00:00,4519.816,4525.389,4508.12,4522.089,11555,260,0
2026-08-20 19:00:00+00:00,4521.994,4532.103,4518.155,4528.587,10011,260,0
2026-08-20 20:00:00+00:00,4528.734,4529.076,4516.712,4518.74,5329,260,0
2026-08-20 22:00:00+00:00,4518.959,4524.502,4516.767,4524.139,3701,260,0
2026-08-20 23:00:00+00:00,4524.125,4532.901,4520.935,4526.459,5647,260,0
2026-08-21 00:00:00+00:00,4526.34,4527.58,4509.727,4510.513,12204,260,0
2026-08-21 01:00:00+00:00,4510.579,4543.936,4508.614,4530.718,19996,260,0
2026-08-21 02:00:00+00:00,4530.626,4542.922,4518.317,4533.914,12686,260,0
2026-08-21 03:00:00+00:00,4533.975,4538.373,4526.593,4535.228,9297,260,0
2026-08-21 04:00:00+00:00,4535.348,4548.16,4535.197,4540.76,7858,260,0
2026-08-21 05:00:00+00:00,4540.432,4556.327,4529.256,4553.619,11450,260,0
2026-08-21 06:00:00+00:00,4553.711,4567.784,4545.467,4561.101,13113,260,0
2026-08-21 07:00:00+00:00,4561.046,4568.229,4558.344,4564.151,10431,260,0
2026-08-21 08:00:00+00:00,4564.21,4585.048,4559.026,4583.982,10798,260,0
2026-08-21 09:00:00+00:00,4583.918,4601.949,4580.231,4582.41,11158,260,0
2026-08-21 10:00:00+00:00,4582.346,4594.149,4577.849,4588.581,9373,260,0
2026-08-21 11:00:00+00:00,4588.714,4604.535,4587.064,4597.174,12586,260,0
2026-08-21 12:00:00+00:00,4597.178,4601.779,4563.321,4577.853,15290,260,0
2026-08-21 13:00:00+00:00,4578.067,4593.213,4573.126,4581.139,22120,260,0
2026-08-21 14:00:00+00:00,4581.069,4603.772,4579.954,4591.706,22084,260,0
2026-08-21 15:00:00+00:00,4591.761,4615.392,4587.129,4614.386,16757,260,0
2026-08-21 16:00:00+00:00,4614.449,4629.247,4608.966,4628.649,14014,260,0
2026-08-21 17:00:00+00:00,4628.704,4632.13,4615.325,4620.362,13557,260,0
2026-08-21 18:00:00+00:00,4620.392,4627.734,4619.317,4624.174,7224,260,0
2026-08-21 19:00:00+00:00,4624.25,4625.562,4615.586,4617.013,8405,260,0
2026-08-21 20:00:00+00:00,4617.158,4617.743,4602.445,4604.044,7617,260,0
2026-08-23 22:00:00+00:00,4615.655,4621.127,4605.955,4606.186,7395,260,0
2026-08-23 23:00:00+00:00,4606.315,4624.617,4604.572,4623.935,6952,260,0
2026-08-24 00:00:00+00:00,4624.231,4641.031,4594.194,4621.59,26486,260,0
2026-08-24 01:00:00+00:00,4621.646,4637.663,4607.966,4632.232,29850,260,0
2026-08-24 02:00:00+00:00,4632.161,4656.934,4627.362,4643.56,23375,260,0
2026-08-24 03:00:00+00:00,4643.621,4650.196,4633.139,4641.459,13431,260,0
2026-08-24 04:00:00+00:00,4641.578,4642.697,4632.497,4638.722,11188,260,0
2026-08-24 05:00:00+00:00,4638.783,4646.665,4629.426,4640.855,16809,260,0
2026-08-24 06:00:00+00:00,4640.734,4660.027,4639.13,4649.799,18602,260,0
2026-08-24 07:00:00+00:00,4650.012,4654.768,4630.064,4641.679,16312,260,0
2026-08-24 08:00:00+00:00,4641.738,4646.349,4628.655,4638.124,14526,260,0
2026-08-24 09:00:00+00:00,4638.005,4646.132,4632.718,4645.768,11349,260,0
2026-08-24 10:00:00+00:00,4645.838,4650.139,4641.668,4643.379,9462,260,0
2026-08-24 11:00:00+00:00,4643.309,4670.332,4638.991,4657.815,20367,260,0
2026-08-24 12:00:00+00:00,4657.912,4668.875,4645.126,4662.916,19032,260,0
2026-08-24 13:00:00+00:00,4662.977,4680.897,4655.99,4664.718,33188,260,0
2026-08-24 14:00:00+00:00,4664.376,4678.752,4655.195,4670.506,31755,260,0
2026-08-24 15:00:00+00:00,4670.46,4679.632,4639.725,4649.032,36049,260,0
2026-08-24 16:00:00+00:00,4649.204,4662.369,4641.93,4644.933,25072,260,0
2026-08-24 17:00:00+00:00,4645.02,4655.309,4630.276,4636.641,36866,260,0
2026-08-24 18:00:00+00:00,4636.509,4642.369,4624.771,4636.353,28793,260,0
2026-08-24 19:00:00+00:00,4636.296,4656.289,4635.784,4651.786,16710,260,0
2026-08-24 20:00:00+00:00,4651.71,4655.345,4647.032,4652.485,6307,260,0
2026-08-24 22:00:00+00:00,4654.898,4668.385,4652.739,4667.507,4814,260,0
2026-08-24 23:00:00+00:00,4667.562,4682.94,4666.738,4679.762,8039,260,0
2026-08-25 00:00:00+00:00,4679.802,4697.107,4675.281,4684.429,33284,260,0
2026-08-25 01:00:00+00:00,4684.568,4686.624,4656.377,4658.149,42244,260,0
2026-08-25 02:00:00+00:00,4658.053,4661.629,4617.73,4629.399,50283,260,0
2026-08-25 03:00:00+00:00,4629.458,4641.447,4622.032,4633.837,27101,260,0
2026-08-25 04:00:00+00:00,4633.465,4637.921,4623.592,4626.028,18399,260,0
2026-08-25 05:00:00+00:00,4625.665,4648.018,4623.849,4642.98,25016,260,0
2026-08-25 06:00:00+00:00,4642.908,4653.537,4636.909,4638.495,20248,260,0
2026-08-25 07:00:00+00:00,4638.534,4643.93,4629.712,4630.19,20826,260,0
2026-08-25 08:00:00+00:00,4630.178,4645.274,4620.004,4630.142,26448,260,0
2026-08-25 09:00:00+00:00,4630.077,4642.645,4623.893,4636.491,24044,260,0
2026-08-25 10:00:00+00:00,4636.345,4642.43,4632.832,4639.293,12548,260,0
2026-08-25 11:00:00+00:00,4639.247,4647.536,4635.909,4642.515,14155,260,0
2026-08-25 12:00:00+00:00,4642.668,4644.355,4629.92,4640.717,18983,260,0
2026-08-25 13:00:00+00:00,4640.888,4641.184,4605.205,4616.371,51991,260,0
2026-08-25 14:00:00+00:00,4616.325,4640.232,4613.021,4635.485,37163,260,0
2026-08-25 15:00:00+00:00,4635.364,4659.666,4629.084,4652.786,32839,260,0
2026-08-25 16:00:00+00:00,4652.574,4653.475,4636.854,4643.537,19296,260,0
2026-08-25 17:00:00+00:00,4643.658,4648.489,4634.074,4648.209,16361,260,0
2026-08-25 18:00:00+00:00,4648.252,4655.106,4644.1,4654.299,9710,260,0
2026-08-25 19:00:00+00:00,4654.365,4668.242,4653.198,4666.728,10631,260,0
2026-08-25 20:00:00+00:00,4667.059,4669.075,4657.728,4658.671,6005,260,0
2026-08-25 22:00:00+00:00,4657.974,4673.624,4657.68,4672.4,4114,260,0
2026-08-25 23:00:00+00:00,4672.462,4673.339,4653.197,4654.696,5151,260,0
2026-08-26 00:00:00+00:00,4654.911,4658.073,4634.252,4637.383,13031,260,0
2026-08-26 01:00:00+00:00,4637.727,4661.023,4629.301,4657.157,19753,260,0
2026-08-26 02:00:00+00:00,4657.154,4670.634,4654.888,4658.556,12593,260,0
2026-08-26 03:00:00+00:00,4658.34,4658.837,4642.424,4642.51,9073,260,0
2026-08-26 04:00:00+00:00,4642.509,4644.347,4638.751,4640.746,5538,260,0
2026-08-26 05:00:00+00:00,4640.802,4649.536,4635.321,4639.793,10532,260,0
2026-08-26 06:00:00+00:00,4639.456,4641.501,4624.609,4634.081,11465,260,0
2026-08-26 07:00:00+00:00,4633.954,4639.291,4626.248,4628.744,9521,260,0
2026-08-26 08:00:00+00:00,4628.749,4630.849,4621.999,4628.129,8748,260,0
2026-08-26 09:00:00+00:00,4628.412,4630.918,4616.292,4623.359,8372,260,0
2026-08-26 10:00:00+00:00,4623.332,4624.162,4613.139,4620.274,7082,260,0
2026-08-26 11:00:00+00:00,4620.333,4625.17,4616.551,4624.481,8023,260,0
2026-08-26 12:00:00+00:00,4624.688,4633.434,4610.206,4614.337,18912,260,0
2026-08-26 13:00:00+00:00,4614.174,4631.988,4597.847,4631.436,31757,260,0
2026-08-26 14:00:00+00:00,4631.493,4633.566,4602.598,4602.792,20612,260,0
2026-08-26 15:00:00+00:00,4603.009,4609.357,4582.916,4596.151,22606,260,0
2026-08-26 16:00:00+00:00,4596.214,4601.583,4585.457,4591.716,13951,260,0
2026-08-26 17:00:00+00:00,4591.498,4602.346,4590.631,4597.682,9580,260,0
2026-08-26 18:00:00+00:00,4597.737,4604.699,4592.293,4593.871,7790,260,0
2026-08-26 19:00:00+00:00,4594.03,4601.673,4590.82,4594.203,7220,260,0
2026-08-26 20:00:00+00:00,4594.173,4596.796,4583.814,4594.157,5971,260,0
2026-08-26 22:00:00+00:00,4599.414,4613.358,4598.242,4609.139,5661,260,0
2026-08-26 23:00:00+00:00,4609.08,4624.949,4606.982,4623.513,5752,260,0
2026-08-27 00:00:00+00:00,4623.466,4627.176,4600.38,4604.957,12589,260,0
2026-08-27 01:00:00+00:00,4604.829,4641.053,4602.187,4639.881,18993,260,0
2026-08-27 02:00:00+00:00,4639.958,4643.01,4623.554,4629.491,11308,260,0
2026-08-27 03:00:00+00:00,4629.548,4638.688,4624.362,4625.338,8159,260,0
2026-08-27 04:00:00+00:00,4625.402,4627.38,4617.066,4618.656,6476,260,0
2026-08-27 05:00:00+00:00,4618.713,4621.61,4600.798,4606.907,12331,260,0
2026-08-27 06:00:00+00:00,4606.85,4611.888,4597.81,4600.351,11803,260,0
2026-08-27 07:00:00+00:00,4600.253,4605.832,4593.475,4600.297,10245,260,0
2026-08-27 08:00:00+00:00,4600.369,4606.924,4594.593,4598.79,8342,260,0
2026-08-27 09:00:00+00:00,4598.874,4600.687,4577.623,4580.405,11481,260,0
2026-08-27 10:00:00+00:00,4580.13,4590.64,4568.849,4590.154,10277,260,0
2026-08-27 11:00:00+00:00,4590.015,4600.403,4587.118,4598.125,8131,260,0
2026-08-27 12:00:00+00:00,4598.179,4601.273,4580.505,4585.632,11237,260,0
2026-08-27 13:00:00+00:00,4585.932,4593.392,4564.912,4572.38,25828,260,0
2026-08-27 14:00:00+00:00,4572.447,4598.373,4568.206,4591.354,23338,260,0
2026-08-27 15:00:00+00:00,4591.138,4611.411,4588.653,4610.262,14499,260,0
2026-08-27 16:00:00+00:00,4610.386,4616.807,4602.347,4614.788,10474,260,0
2026-08-27 17:00:00+00:00,4614.849,4616.463,4605.099,4606.557,8662,260,0
2026-08-27 18:00:00+00:00,4606.557,4611.267,4600.654,4610.232,8138,260,0
2026-08-27 19:00:00+00:00,4610.56,4618.159,4604.329,4609.079,7873,260,0
2026-08-27 20:00:00+00:00,4609.018,4609.775,4599.905,4600.785,3997,260,0
2026-08-27 22:00:00+00:00,4606.343,4610.91,4601.208,4610.789,4131,260,0
2026-08-27 23:00:00+00:00,4610.789,4611.541,4594.194,4594.556,4496,260,0
2026-08-28 00:00:00+00:00,4594.612,4602.583,4585.509,4588.608,10214,260,0
2026-08-28 01:00:00+00:00,4588.955,4602.252,4575.159,4576.033,19131,260,0
2026-08-28 02:00:00+00:00,4575.972,4589.486,4574.925,4586.165,9237,260,0
2026-08-28 03:00:00+00:00,4586.074,4590.017,4578.588,4580.059,7461,260,0
2026-08-28 04:00:00+00:00,4579.757,4585.447,4577.799,4584.188,5270,260,0
2026-08-28 05:00:00+00:00,4584.453,4586.438,4571.35,4573.523,9611,260,0
2026-08-28 06:00:00+00:00,4573.58,4613.311,4572.394,4612.476,13912,260,0
2026-08-28 07:00:00+00:00,4612.477,4614.419,4596.508,4611.601,10727,260,0
2026-08-28 08:00:00+00:00,4611.532,4614.683,4600.8,4603.006,8362,260,0
2026-08-28 09:00:00+00:00,4603.004,4607.355,4600.262,4605.163,7553,260,0
2026-08-28 10:00:00+00:00,4605.2,4609.856,4597.353,4599.905,7134,260,0
2026-08-28 11:00:00+00:00,4600.112,4601.379,4591.172,4593.461,8543,260,0
2026-08-28 12:00:00+00:00,4593.339,4603.832,4588.901,4601.45,12768,260,0
2026-08-28 13:00:00+00:00,4601.39,4627.489,4593.547,4604.841,22832,260,0
2026-08-28 14:00:00+00:00,4604.808,4632.24,4529.591,4576.651,86438,260,0
2026-08-28 15:00:00+00:00,4576.593,4583.081,4523.759,4524.629,52368,260,0
2026-08-28 16:00:00+00:00,4524.503,4529.359,4463.962,4479.497,61073,260,0
2026-08-28 17:00:00+00:00,4479.563,4486.63,4460.308,4469.232,29984,260,0
2026-08-28 18:00:00+00:00,4469.175,4471.772,4445.288,4456.906,23618,260,0
2026-08-28 19:00:00+00:00,4456.765,4467.064,4452.748,4458.431,17091,260,0
2026-08-28 20:00:00+00:00,4458.341,4462.692,4452.972,4456.134,7826,260,0
2026-08-30 22:00:00+00:00,4439.04,4466.126,4438.975,4461.374,7189,260,0
2026-08-30 23:00:00+00:00,4461.589,4466.891,4435.62,4458.24,9984,260,0
2026-08-31 00:00:00+00:00,4458.301,4472.423,4452.03,4456.443,17191,260,0
2026-08-31 01:00:00+00:00,4456.599,4463.341,4435.837,4440.261,35578,260,0
2026-08-31 02:00:00+00:00,4440.316,4441.578,4396.394,4423.02,27107,260,0
2026-08-31 03:00:00+00:00,4422.693,4434.124,4419.608,4422.55,12176,260,0
2026-08-31 04:00:00+00:00,4422.584,4425.074,4412.815,4424.322,8839,260,0
2026-08-31 05:00:00+00:00,4424.599,4443.982,4419.032,4442.791,15136,260,0
2026-08-31 06:00:00+00:00,4442.851,4443.212,4429.163,4439.4,12875,260,0
2026-08-31 07:00:00+00:00,4439.072,4448.36,4434.927,4443.123,10341,260,0
2026-08-31 08:00:00+00:00,4443.046,4449.585,4433.657,4435.443,8662,260,0
2026-08-31 09:00:00+00:00,4435.808,4445.654,4435.378,4445.16,6919,260,0
2026-08-31 10:00:00+00:00,4445.218,4455.686,4444.66,4453.761,8097,260,0
2026-08-31 11:00:00+00:00,4453.912,4464.062,4452.417,4455.212,8255,260,0
2026-08-31 12:00:00+00:00,4455.402,4461.059,4435.357,4435.543,14778,260,0
2026-08-31 13:00:00+00:00,4435.728,4448.187,4415.475,4418.64,24021,260,0
2026-08-31 14:00:00+00:00,4418.422,4436.264,4416.021,4431.827,25353,260,0
2026-08-31 15:00:00+00:00,4431.5,4437.847,4424.395,4426.216,19343,260,0
2026-08-31 16:00:00+00:00,4426.072,4440.396,4423.554,4433.039,11707,260,0
2026-08-31 17:00:00+00:00,4433.339,4440.065,4428.509,4436.539,9140,260,0
2026-08-31 18:00:00+00:00,4436.46,4436.936,4426.079,4430.712,7224,260,0
2026-08-31 19:00:00+00:00,4430.781,4453.729,4429.057,4453.603,9257,260,0
2026-08-31 20:00:00+00:00,4453.429,4455.892,4446.473,4448.558,4868,260,0
2026-08-31 22:00:00+00:00,4450.204,4455.903,4445.397,4447.033,3766,260,0
2026-08-31 23:00:00+00:00,4447.104,4452.353,4441.69,4452.137,4264,260,0
2026-09-01 00:00:00+00:00,4452.45,4461.478,4446.002,4453.488,12609,260,0
2026-09-01 01:00:00+00:00,4453.562,4457.18,4436.178,4444.242,18187,260,0
2026-09-01 02:00:00+00:00,4444.177,4449.251,4427.669,4443.269,13271,260,0
2026-09-01 03:00:00+00:00,4442.937,4444.245,4431.799,4436.765,8593,260,0
2026-09-01 04:00:00+00:00,4436.519,4437.782,4425.329,4426.691,7686,260,0
2026-09-01 05:00:00+00:00,4426.823,4446.024,4423.808,4440.307,11917,260,0
2026-09-01 06:00:00+00:00,4440.247,4440.718,4427.642,4429.81,10101,260,0
2026-09-01 07:00:00+00:00,4429.755,4434.928,4412.048,4420.29,14081,260,0
2026-09-01 08:00:00+00:00,4420.114,4420.114,4369.049,4370.9,30106,260,0
2026-09-01 09:00:00+00:00,4370.575,4378.189,4364.569,4364.807,18735,260,0
2026-09-01 10:00:00+00:00,4364.763,4386.044,4364.135,4378.226,12413,260,0
2026-09-01 11:00:00+00:00,4378.28,4387.31,4371.871,4374.506,12164,260,0
2026-09-01 12:00:00+00:00,4374.451,4376.154,4351.804,4356.311,22815,260,0
2026-09-01 13:00:00+00:00,4356.258,4367.472,4326.019,4365.545,37697,260,0
2026-09-01 14:00:00+00:00,4365.418,4375.622,4353.113,4360.222,25674,260,0
2026-09-01 15:00:00+00:00,4360.279,4373.951,4354.997,4373.031,17162,260,0
2026-09-01 16:00:00+00:00,4373.097,4374.913,4347.003,4351.243,19436,260,0
2026-09-01 17:00:00+00:00,4351.37,4352.049,4340.887,4342.808,14735,240,0
2026-09-01 18:00:00+00:00,4343.019,4344.44,4328.03,4331.516,10929,240,0
2026-09-01 19:00:00+00:00,4331.457,4337.623,4322.672,4326.748,10943,240,0
2026-09-01 20:00:00+00:00,4326.675,4330.75,4323.765,4328.886,6318,260,0
2026-09-01 22:00:00+00:00,4332.48,4334.558,4326.124,4329.455,3358,240,0
2026-09-01 23:00:00+00:00,4329.458,4335.853,4322.753,4324.558,5296,240,0
2026-09-02 00:00:00+00:00,4324.688,4334.57,4314.38,4315.835,23843,260,0
2026-09-02 01:00:00+00:00,4315.769,4326.679,4288.092,4291.103,32277,240,0
2026-09-02 02:00:00+00:00,4291.0,4314.612,4287.142,4302.861,17356,240,0
2026-09-02 03:00:00+00:00,4302.764,4304.342,4282.298,4303.151,13963,240,0
2026-09-02 04:00:00+00:00,4303.127,4307.754,4301.27,4307.186,7701,240,0
2026-09-02 05:00:00+00:00,4307.242,4326.492,4303.506,4319.894,13837,240,0
2026-09-02 06:00:00+00:00,4319.895,4329.331,4314.428,4321.554,17245,240,0
2026-09-02 07:00:00+00:00,4321.611,4331.391,4319.09,4323.071,15124,240,0
2026-09-02 08:00:00+00:00,4323.181,4331.666,4312.483,4312.974,12347,240,0
2026-09-02 09:00:00+00:00,4312.945,4322.44,4304.848,4308.532,10502,240,0
2026-09-02 10:00:00+00:00,4308.582,4312.307,4301.796,4309.402,9228,240,0
2026-09-02 11:00:00+00:00,4309.342,4333.007,4307.608,4332.125,14824,240,0
2026-09-02 12:00:00+00:00,4332.228,4344.65,4327.169,4331.458,20315,240,0
2026-09-02 13:00:00+00:00,4331.129,4385.507,4330.555,4385.281,30761,260,0
2026-09-02 14:00:00+00:00,4385.44,4397.711,4374.362,4377.115,25219,260,0
2026-09-02 15:00:00+00:00,4376.789,4380.874,4364.432,4372.95,15143,260,0
2026-09-02 16:00:00+00:00,4372.895,4374.882,4364.305,4368.447,10003,260,0
2026-09-02 17:00:00+00:00,4368.369,4380.634,4364.408,4376.779,9451,260,0
2026-09-02 18:00:00+00:00,4376.901,4379.858,4369.158,4374.197,8845,260,0
2026-09-02 19:00:00+00:00,4374.268,4391.339,4371.545,4391.156,7785,240,0
2026-09-02 20:00:00+00:00,4391.102,4391.691,4383.791,4387.565,4788,260,0
2026-09-02 22:00:00+00:00,4391.577,4393.285,4383.452,4384.564,3586,240,0
2026-09-02 23:00:00+00:00,4384.621,4388.861,4381.12,4385.397,4439,240,0
2026-09-03 00:00:00+00:00,4385.81,4397.979,4382.419,4395.3,10505,260,0
2026-09-03 01:00:00+00:00,4395.355,4412.281,4387.181,4410.235,19421,260,0
2026-09-03 02:00:00+00:00,4410.443,4420.565,4406.606,4420.519,12868,260,0
2026-09-03 03:00:00+00:00,4420.222,4432.565,4419.25,4431.26,8785,260,0
2026-09-03 04:00:00+00:00,4431.205,4438.511,4425.429,4437.23,6480,260,0
2026-09-03 05:00:00+00:00,4437.18,4440.37,4422.169,4431.028,13596,260,0
2026-09-03 06:00:00+00:00,4431.125,4436.373,4418.604,4420.713,13689,260,0
2026-09-03 07:00:00+00:00,4420.488,4431.62,4419.131,4428.596,12914,260,0
2026-09-03 08:00:00+00:00,4428.571,4443.731,4427.918,4435.031,15289,260,0
2026-09-03 09:00:00+00:00,4435.086,4441.876,4425.549,4427.391,10013,260,0
2026-09-03 10:00:00+00:00,4427.633,4429.724,4418.844,4427.368,8852,260,0
2026-09-03 11:00:00+00:00,4427.307,4445.681,4424.855,4444.004,10448,260,0
2026-09-03 12:00:00+00:00,4443.926,4495.176,4437.748,4493.266,24711,260,0
2026-09-03 13:00:00+00:00,4493.392,4496.145,4456.541,4470.605,30071,260,0
2026-09-03 14:00:00+00:00,4470.578,4485.213,4458.207,4485.179,25539,260,0
2026-09-03 15:00:00+00:00,4485.522,4510.953,4484.078,4493.114,22321,260,0
2026-09-03 16:00:00+00:00,4493.445,4495.416,4485.254,4486.336,11815,260,0
2026-09-03 17:00:00+00:00,4486.395,4494.808,4483.081,4486.645,8738,260,0
2026-09-03 18:00:00+00:00,4486.632,4489.828,4473.871,4475.061,8504,260,0
2026-09-03 19:00:00+00:00,4475.008,4480.83,4472.551,4475.306,7970,260,0
2026-09-03 20:00:00+00:00,4475.096,4475.806,4470.376,4473.258,4114,260,0
2026-09-03 22:00:00+00:00,4475.523,4478.842,4471.184,4474.546,4688,260,0
2026-09-03 23:00:00+00:00,4474.42,4480.366,4471.554,4479.843,4385,260,0
2026-09-04 00:00:00+00:00,4480.115,4487.191,4472.608,4486.17,9126,260,0
2026-09-04 01:00:00+00:00,4486.253,4487.532,4466.846,4478.691,16527,260,0
2026-09-04 02:00:00+00:00,4478.754,4482.602,4469.963,4477.209,10654,260,0
2026-09-04 03:00:00+00:00,4477.334,4478.776,4466.959,4467.11,7048,260,0
2026-09-04 04:00:00+00:00,4466.786,4474.999,4465.322,4473.811,5778,260,0
2026-09-04 05:00:00+00:00,4473.519,4477.737,4466.774,4471.982,9648,260,0
2026-09-04 06:00:00+00:00,4471.912,4473.439,4460.006,4462.849,10981,260,0
2026-09-04 07:00:00+00:00,4462.787,4490.851,4461.357,4483.478,10585,260,0
2026-09-04 08:00:00+00:00,4483.536,4486.547,4474.267,4477.808,9099,260,0
2026-09-04 09:00:00+00:00,4477.828,4479.318,4463.78,4465.642,8724,260,0
2026-09-04 10:00:00+00:00,4465.315,4476.467,4465.222,4472.896,7130,260,0
2026-09-04 11:00:00+00:00,4472.951,4473.468,4465.187,4466.818,7538,260,0
2026-09-04 12:00:00+00:00,4466.807,4476.728,4378.877,4393.614,43868,260,0
2026-09-04 13:00:00+00:00,4393.833,4434.817,4365.386,4413.041,47627,260,0
2026-09-04 14:00:00+00:00,4413.215,4442.386,4411.861,4427.224,32479,260,0
2026-09-04 15:00:00+00:00,4427.626,4448.996,4422.746,4436.693,20943,260,0
2026-09-04 16:00:00+00:00,4436.778,4443.432,4431.967,4436.09,13363,260,0
2026-09-04 17:00:00+00:00,4436.427,4440.596,4415.307,4416.268,12094,260,0
2026-09-04 18:00:00+00:00,4416.352,4426.839,4411.789,4423.763,8205,260,0
2026-09-04 19:00:00+00:00,4423.991,4438.506,4422.445,4434.625,7179,260,0
2026-09-04 20:00:00+00:00,4434.57,4435.286,4428.488,4430.155,3757,260,0
2026-09-06 22:00:00+00:00,4421.983,4434.99,4417.61,4429.4,4597,260,0
2026-09-06 23:00:00+00:00,4429.539,4434.102,4421.038,4423.098,5229,260,0
2026-09-07 00:00:00+00:00,4423.16,4429.727,4409.869,4412.43,13092,260,0
2026-09-07 01:00:00+00:00,4412.757,4416.984,4389.434,4409.2,23098,260,0
2026-09-07 02:00:00+00:00,4409.146,4419.101,4402.73,4408.845,12327,260,0
2026-09-07 03:00:00+00:00,4408.77,4410.559,4401.102,4403.895,8538,260,0
2026-09-07 04:00:00+00:00,4403.95,4407.203,4394.387,4397.743,6086,260,0
2026-09-07 05:00:00+00:00,4397.802,4413.278,4393.038,4393.929,10722,260,0
2026-09-07 06:00:00+00:00,4393.984,4399.973,4385.23,4392.915,11672,260,0
2026-09-07 07:00:00+00:00,4392.97,4406.617,4391.755,4406.379,12866,260,0
2026-09-07 08:00:00+00:00,4406.238,4424.024,4404.995,4411.225,12140,260,0
2026-09-07 09:00:00+00:00,4411.223,4413.777,4403.377,4405.575,6893,260,0
2026-09-07 10:00:00+00:00,4405.677,4406.359,4387.889,4391.778,7895,260,0
2026-09-07 11:00:00+00:00,4391.692,4394.932,4381.042,4385.418,8971,260,0
2026-09-07 12:00:00+00:00,4385.487,4398.193,4385.195,4396.658,7398,260,0
2026-09-07 13:00:00+00:00,4396.567,4407.977,4395.229,4402.637,9338,260,0
2026-09-07 14:00:00+00:00,4402.584,4419.694,4400.935,4416.179,9242,260,0
2026-09-07 15:00:00+00:00,4416.123,4416.747,4408.701,4414.25,6393,260,0
2026-09-07 16:00:00+00:00,4414.618,4417.377,4411.617,4414.615,3687,260,0
2026-09-07 17:00:00+00:00,4414.369,4415.126,4406.924,4407.159,2703,260,0
2026-09-07 18:00:00+00:00,4407.212,4409.291,4402.924,4405.138,1881,260,0
2026-09-07 22:00:00+00:00,4412.384,4414.223,4406.111,4407.693,3308,260,0
2026-09-07 23:00:00+00:00,4407.296,4428.111,4406.996,4422.827,7012,260,0
2026-09-08 00:00:00+00:00,4423.056,4430.34,4414.88,4426.0,20566,260,0
2026-09-08 01:00:00+00:00,4425.941,4440.842,4417.009,4437.244,20326,260,0
2026-09-08 02:00:00+00:00,4437.353,4438.824,4421.062,4424.006,12105,260,0
2026-09-08 03:00:00+00:00,4424.098,4440.061,4422.331,4437.541,9041,260,0
2026-09-08 04:00:00+00:00,4437.87,4443.097,4431.513,4436.139,7951,260,0
2026-09-08 05:00:00+00:00,4436.081,4437.82,4417.266,4419.156,13270,260,0
2026-09-08 06:00:00+00:00,4419.223,4420.261,4398.029,4403.853,17323,260,0
2026-09-08 07:00:00+00:00,4404.014,4409.47,4389.975,4392.205,12337,260,0
2026-09-08 08:00:00+00:00,4392.448,4398.807,4387.737,4394.17,12669,260,0
2026-09-08 09:00:00+00:00,4394.201,4405.664,4390.712,4402.95,10732,260,0
2026-09-08 10:00:00+00:00,4403.067,4407.018,4393.577,4395.369,9740,260,0
2026-09-08 11:00:00+00:00,4395.2,4407.943,4391.004,4406.397,10000,260,0
2026-09-08 12:00:00+00:00,4406.281,4411.748,4385.152,4411.611,17461,260,0
2026-09-08 13:00:00+00:00,4411.439,4413.124,4390.117,4395.753,24816,260,0
2026-09-08 14:00:00+00:00,4395.697,4403.859,4388.941,4398.516,20934,260,0
2026-09-08 15:00:00+00:00,4398.577,4409.44,4394.648,4394.717,14674,260,0
2026-09-08 16:00:00+00:00,4394.892,4398.651,4380.373,4393.691,14303,260,0
2026-09-08 17:00:00+00:00,4393.757,4403.783,4385.267,4390.089,9353,260,0
2026-09-08 18:00:00+00:00,4389.871,4390.161,4358.083,4375.822,17225,260,0
2026-09-08 19:00:00+00:00,4375.764,4377.305,4356.587,4359.555,13864,260,0
2026-09-08 20:00:00+00:00,4359.499,4364.326,4345.122,4355.644,7611,260,0
2026-09-08 22:00:00+00:00,4353.928,4358.96,4350.421,4353.933,4302,260,0
2026-09-08 23:00:00+00:00,4354.078,4359.989,4349.009,4350.031,5032,240,0
2026-09-09 00:00:00+00:00,4349.791,4365.666,4340.916,4364.544,13853,240,0
2026-09-09 01:00:00+00:00,4364.665,4378.114,4353.847,4373.533,16693,260,0
2026-09-09 02:00:00+00:00,4373.595,4384.277,4367.091,4382.032,11088,260,0
2026-09-09 03:00:00+00:00,4382.098,4382.76,4374.98,4375.153,7082,260,0
2026-09-09 04:00:00+00:00,4375.096,4382.55,4370.63,4381.485,5737,260,0
2026-09-09 05:00:00+00:00,4381.363,4400.862,4380.275,4398.792,9710,260,0
2026-09-09 06:00:00+00:00,4398.914,4406.103,4395.283,4400.603,8898,260,0
2026-09-09 07:00:00+00:00,4400.658,4412.771,4399.088,4409.212,8824,260,0
2026-09-09 08:00:00+00:00,4409.276,4412.171,4398.856,4400.76,7910,260,0
2026-09-09 09:00:00+00:00,4400.814,4402.199,4388.53,4390.779,7639,260,0
2026-09-09 10:00:00+00:00,4390.753,4403.131,4386.017,4399.628,7704,260,0
2026-09-09 11:00:00+00:00,4399.693,4415.395,4399.693,4407.205,9828,260,0
2026-09-09 12:00:00+00:00,4407.15,4409.497,4390.768,4400.169,12443,260,0
2026-09-09 13:00:00+00:00,4400.113,4434.213,4398.33,4415.142,22856,260,0
2026-09-09 14:00:00+00:00,4414.815,4428.724,4409.635,4418.895,21281,260,0
2026-09-09 15:00:00+00:00,4418.957,4432.279,4375.056,4398.231,48392,260,0
2026-09-09 16:00:00+00:00,4398.723,4410.425,4391.373,4409.674,14526,260,0
2026-09-09 17:00:00+00:00,4409.345,4420.637,4408.672,4415.916,11671,260,0
2026-09-09 18:00:00+00:00,4415.972,4421.532,4401.511,4402.914,8189,260,0
2026-09-09 19:00:00+00:00,4403.048,4404.914,4395.476,4398.907,9021,260,0
2026-09-09 20:00:00+00:00,4398.853,4401.056,4393.303,4400.712,4043,260,0
2026-09-09 22:00:00+00:00,4404.616,4406.264,4397.617,4399.477,4528,260,0
2026-09-09 23:00:00+00:00,4399.419,4403.138,4393.076,4394.034,5371,240,0
2026-09-10 00:00:00+00:00,4393.941,4404.984,4389.597,4400.916,9777,260,0
2026-09-10 01:00:00+00:00,4401.125,4419.04,4399.819,4412.063,21195,260,0
2026-09-10 02:00:00+00:00,4412.124,4420.856,4408.023,4419.464,13348,260,0
2026-09-10 03:00:00+00:00,4419.138,4421.096,4406.76,4409.263,8180,260,0
2026-09-10 04:00:00+00:00,4408.984,4415.462,4405.6,4408.498,5903,260,0
2026-09-10 05:00:00+00:00,4408.56,4431.171,4408.029,4430.843,11887,260,0
2026-09-10 06:00:00+00:00,4430.945,4435.004,4410.822,4425.384,13404,260,0
2026-09-10 07:00:00+00:00,4425.245,4425.56,4403.967,4411.852,11689,260,0
2026-09-10 08:00:00+00:00,4411.794,4412.911,4392.38,4395.013,11024,260,0
2026-09-10 09:00:00+00:00,4394.787,4396.953,4388.279,4393.961,9590,260,0
2026-09-10 10:00:00+00:00,4394.21,4400.231,4374.865,4379.071,16063,260,0
2026-09-10 11:00:00+00:00,4379.018,4390.734,4373.979,4374.341,16598,260,0
2026-09-10 12:00:00+00:00,4374.41,4377.965,4323.976,4340.093,38234,260,0
2026-09-10 13:00:00+00:00,4339.893,4376.017,4339.301,4366.053,48824,260,0
2026-09-10 14:00:00+00:00,4366.152,4376.517,4353.828,4358.258,35070,260,0
2026-09-10 15:00:00+00:00,4358.316,4372.359,4352.364,4365.991,20282,260,0
2026-09-10 16:00:00+00:00,4366.056,4369.899,4353.83,4363.921,17759,260,0
2026-09-10 17:00:00+00:00,4363.974,4368.162,4351.069,4352.664,13369,260,0
2026-09-10 18:00:00+00:00,4352.722,4356.138,4329.76,4332.689,18043,240,0
2026-09-10 19:00:00+00:00,4332.635,4332.852,4313.577,4324.224,15264,240,0
2026-09-10 20:00:00+00:00,4324.386,4324.532,4314.42,4316.716,6079,240,0
2026-09-10 22:00:00+00:00,4319.261,4324.664,4313.565,4318.386,5229,240,0
2026-09-10 23:00:00+00:00,4318.397,4320.682,4311.082,4315.292,5889,240,0
2026-09-11 00:00:00+00:00,4315.164,4333.848,4312.49,4332.019,15245,240,0
2026-09-11 01:00:00+00:00,4331.888,4340.582,4320.798,4329.122,22949,240,0
2026-09-11 02:00:00+00:00,4329.067,4334.667,4315.814,4322.774,15948,260,0
2026-09-11 03:00:00+00:00,4322.686,4326.541,4300.524,4304.146,15677,240,0
2026-09-11 04:00:00+00:00,4304.023,4335.46,4301.884,4331.904,13880,260,0
2026-09-11 05:00:00+00:00,4331.634,4352.03,4327.953,4346.177,17184,260,0
2026-09-11 06:00:00+00:00,4346.242,4361.13,4345.689,4353.197,15190,260,0
2026-09-11 07:00:00+00:00,4353.0,4356.387,4340.325,4344.669,10994,260,0
2026-09-11 08:00:00+00:00,4345.06,4357.678,4342.018,4347.105,15463,260,0
2026-09-11 09:00:00+00:00,4347.167,4354.012,4340.602,4346.191,10010,240,0
2026-09-11 10:00:00+00:00,4346.239,4350.04,4336.502,4337.708,10794,260,0
2026-09-11 11:00:00+00:00,4337.653,4342.671,4329.9,4333.255,11378,240,0
2026-09-11 12:00:00+00:00,4333.198,4390.246,4291.694,4388.425,47475,260,0
2026-09-11 13:00:00+00:00,4388.371,4402.57,4380.368,4401.407,44921,260,0
2026-09-11 14:00:00+00:00,4401.346,4402.511,4364.771,4370.878,28750,260,0
2026-09-11 15:00:00+00:00,4370.807,4377.147,4359.094,4366.912,19599,260,0
2026-09-11 16:00:00+00:00,4366.86,4372.933,4351.906,4361.544,17809,260,0
2026-09-11 17:00:00+00:00,4361.618,4370.462,4357.684,4358.345,11571,260,0
2026-09-11 18:00:00+00:00,4358.398,4360.235,4343.895,4346.886,12968,240,0
2026-09-11 19:00:00+00:00,4346.982,4353.755,4342.523,4348.466,9766,240,0
2026-09-11 20:00:00+00:00,4348.37,4351.397,4345.409,4349.302,4789,260,0
2026-09-13 22:00:00+00:00,4339.582,4340.924,4328.283,4337.663,5142,240,0
2026-09-13 23:00:00+00:00,4337.94,4342.489,4331.767,4332.941,6170,240,0
2026-09-14 00:00:00+00:00,4332.802,4347.517,4329.618,4338.432,16055,260,0
2026-09-14 01:00:00+00:00,4338.31,4355.299,4326.161,4353.174,28466,260,0
2026-09-14 02:00:00+00:00,4353.097,4355.429,4330.06,4331.018,12930,260,0
2026-09-14 03:00:00+00:00,4330.959,4336.538,4327.092,4330.603,9980,260,0
2026-09-14 04:00:00+00:00,4330.48,4331.879,4321.897,4329.305,7764,240,0
2026-09-14 05:00:00+00:00,4329.341,4337.562,4323.254,4337.234,13084,240,0
2026-09-14 06:00:00+00:00,4337.3,4338.756,4320.449,4322.216,13396,240,0
2026-09-14 07:00:00+00:00,4322.148,4324.328,4307.789,4310.737,13486,240,0
2026-09-14 08:00:00+00:00,4310.792,4318.164,4303.25,4306.565,12900,240,0
2026-09-14 09:00:00+00:00,4306.446,4311.605,4277.899,4285.633,19449,240,0
2026-09-14 10:00:00+00:00,4285.508,4296.575,4278.102,4294.774,11085,240,0
2026-09-14 11:00:00+00:00,4294.722,4296.961,4283.995,4287.12,10049,240,0
2026-09-14 12:00:00+00:00,4287.08,4297.975,4265.638,4270.751,23626,240,0
2026-09-14 13:00:00+00:00,4270.837,4281.224,4253.421,4272.327,31656,240,0
2026-09-14 14:00:00+00:00,4272.379,4283.01,4263.774,4279.333,22841,240,0
2026-09-14 15:00:00+00:00,4279.407,4298.315,4272.413,4288.273,25125,240,0
2026-09-14 16:00:00+00:00,4288.391,4317.948,4286.325,4315.57,17146,240,0
2026-09-14 17:00:00+00:00,4315.623,4316.575,4307.668,4310.93,10819,240,0
2026-09-14 18:00:00+00:00,4310.987,4316.056,4304.588,4307.154,8712,240,0
2026-09-14 19:00:00+00:00,4307.273,4307.954,4282.912,4283.289,8852,240,0
2026-09-14 20:00:00+00:00,4283.344,4299.714,4282.167,4298.672,6135,240,0
2026-09-14 22:00:00+00:00,4300.726,4300.831,4292.666,4295.361,5048,240,0
2026-09-14 23:00:00+00:00,4295.267,4297.232,4287.121,4288.286,5574,240,0
2026-09-15 00:00:00+00:00,4288.232,4296.734,4283.027,4293.162,9112,240,0
2026-09-15 01:00:00+00:00,4293.107,4306.638,4287.815,4304.358,15583,240,0
2026-09-15 02:00:00+00:00,4304.447,4317.388,4304.447,4313.974,10848,240,0
2026-09-15 03:00:00+00:00,4314.039,4314.513,4303.129,4303.647,7709,240,0
2026-09-15 04:00:00+00:00,4303.593,4309.716,4300.499,4304.993,7130,240,0
2026-09-15 05:00:00+00:00,4304.926,4307.683,4289.065,4291.005,10474,240,0
2026-09-15 06:00:00+00:00,4290.97,4295.539,4285.834,4293.492,10676,240,0
2026-09-15 07:00:00+00:00,4293.549,4295.556,4275.99,4280.361,12552,240,0
2026-09-15 08:00:00+00:00,4280.385,4280.614,4261.13,4262.579,14623,240,0
2026-09-15 09:00:00+00:00,4262.549,4272.211,4261.402,4268.407,12018,240,0
2026-09-15 10:00:00+00:00,4268.525,4283.984,4268.178,4281.679,9011,240,0
2026-09-15 11:00:00+00:00,4281.561,4286.874,4278.562,4284.448,8474,240,0
2026-09-15 12:00:00+00:00,4284.392,4295.924,4271.309,4290.263,16728,240,0
2026-09-15 13:00:00+00:00,4290.192,4298.487,4283.348,4294.818,21603,240,0
2026-09-15 14:00:00+00:00,4294.935,4300.615,4273.747,4276.917,20728,240,0
2026-09-15 15:00:00+00:00,4276.86,4294.791,4276.673,4289.416,15531,240,0
2026-09-15 16:00:00+00:00,4289.475,4298.252,4285.451,4295.632,10457,240,0
2026-09-15 17:00:00+00:00,4295.685,4299.212,4290.208,4294.783,9214,240,0
2026-09-15 18:00:00+00:00,4294.837,4310.405,4292.823,4308.477,9912,240,0
2026-09-15 19:00:00+00:00,4308.591,4310.761,4294.108,4297.507,7416,240,0
2026-09-15 20:00:00+00:00,4297.588,4299.11,4291.765,4293.524,4439,240,0
2026-09-15 22:00:00+00:00,4296.061,4299.022,4288.781,4288.821,4438,240,0
2026-09-15 23:00:00+00:00,4289.02,4289.698,4281.098,4283.306,5330,240,0
2026-09-16 00:00:00+00:00,4283.373,4286.059,4275.354,4277.362,7483,240,0
2026-09-16 01:00:00+00:00,4277.204,4293.677,4276.508,4282.627,11998,240,0
2026-09-16 02:00:00+00:00,4282.296,4323.524,4281.685,4321.449,16055,240,0
2026-09-16 03:00:00+00:00,4321.383,4341.24,4321.234,4326.983,13016,260,0
2026-09-16 04:00:00+00:00,4327.04,4328.551,4320.419,4321.652,5891,240,0
2026-09-16 05:00:00+00:00,4321.782,4333.721,4320.788,4326.607,9698,240,0
2026-09-16 06:00:00+00:00,4326.675,4333.012,4321.287,4332.788,9714,260,0
2026-09-16 07:00:00+00:00,4332.66,4339.27,4328.537,4329.163,10437,260,0
2026-09-16 08:00:00+00:00,4329.217,4337.686,4322.843,4330.336,10982,240,0
2026-09-16 09:00:00+00:00,4330.167,4339.208,4327.319,4337.976,9376,260,0
2026-09-16 10:00:00+00:00,4338.037,4351.14,4337.401,4350.978,10063,260,0
2026-09-16 11:00:00+00:00,4351.044,4353.625,4341.748,4341.817,11015,260,0
2026-09-16 12:00:00+00:00,4341.74,4348.127,4337.709,4339.505,5625,260,0
