time,open,high,low,close,tick_volume,spread,real_volume
2024-09-26 16:00:00+00:00,2671.39,2677.911,2662.946,2673.675,32724,159,0
2024-09-26 20:00:00+00:00,2673.715,2674.068,2670.805,2672.601,7415,159,0
2024-09-27 00:00:00+00:00,2672.61,2673.944,2666.19,2673.638,27914,159,0
2024-09-27 04:00:00+00:00,2673.65,2673.944,2660.89,2664.72,35749,159,0
2024-09-27 08:00:00+00:00,2664.685,2669.236,2658.284,2666.159,29630,159,0
2024-09-27 12:00:00+00:00,2666.125,2674.266,2644.705,2649.794,77208,159,0
2024-09-27 16:00:00+00:00,2649.751,2656.361,2642.994,2652.079,34878,159,0
2024-09-27 20:00:00+00:00,2652.036,2660.009,2651.126,2657.983,4330,159,0
2024-09-29 20:00:00+00:00,2661.714,2665.106,2659.762,2663.543,9865,159,0
2024-09-30 00:00:00+00:00,2663.58,2666.049,2647.264,2653.617,37957,159,0
2024-09-30 04:00:00+00:00,2653.573,2660.619,2650.63,2650.993,27619,159,0
2024-09-30 08:00:00+00:00,2650.935,2656.591,2634.41,2641.542,33557,159,0
2024-09-30 12:00:00+00:00,2641.523,2644.199,2628.693,2633.868,58128,159,0
2024-09-30 16:00:00+00:00,2633.874,2641.893,2624.679,2630.923,37964,159,0
2024-09-30 20:00:00+00:00,2630.963,2636.228,2630.747,2635.634,7951,159,0
2024-10-01 00:00:00+00:00,2635.659,2640.008,2633.911,2637.947,17683,159,0
2024-10-01 04:00:00+00:00,2637.955,2647.449,2637.399,2645.559,24290,159,0
2024-10-01 08:00:00+00:00,2645.593,2652.073,2642.418,2650.229,25558,159,0
2024-10-01 12:00:00+00:00,2650.274,2671.868,2647.946,2663.338,82108,159,0
2024-10-01 16:00:00+00:00,2663.303,2673.222,2657.515,2658.691,44844,159,0
2024-10-01 20:00:00+00:00,2658.73,2664.009,2657.812,2660.361,8049,160,0
2024-10-02 00:00:00+00:00,2660.39,2662.017,2655.101,2655.376,21198,159,0
2024-10-02 04:00:00+00:00,2655.351,2656.542,2644.495,2655.426,29698,159,0
2024-10-02 08:00:00+00:00,2655.482,2655.871,2647.941,2649.577,25856,159,0
2024-10-02 12:00:00+00:00,2649.619,2663.354,2641.038,2649.89,61776,159,0
2024-10-02 16:00:00+00:00,2649.918,2658.986,2647.096,2658.64,24068,159,0
2024-10-02 20:00:00+00:00,2658.622,2661.236,2658.263,2660.333,8377,159,0
2024-10-03 00:00:00+00:00,2660.299,2662.968,2653.273,2656.001,21806,159,0
2024-10-03 04:00:00+00:00,2655.966,2657.491,2643.491,2645.187,27259,159,0
2024-10-03 08:00:00+00:00,2645.215,2649.024,2640.975,2648.018,29226,159,0
2024-10-03 12:00:00+00:00,2647.984,2654.619,2637.964,2648.798,70658,159,0
2024-10-03 16:00:00+00:00,2648.842,2662.161,2648.49,2657.974,28571,159,0
2024-10-03 20:00:00+00:00,2658.009,2658.009,2654.319,2655.804,6956,159,0
2024-10-04 00:00:00+00:00,2655.8,2663.591,2655.444,2661.137,18865,159,0
2024-10-04 04:00:00+00:00,2661.128,2667.864,2658.703,2661.08,22726,159,0
2024-10-04 08:00:00+00:00,2661.05,2662.567,2656.783,2661.342,21858,159,0
2024-10-04 12:00:00+00:00,2661.307,2670.167,2632.038,2653.201,102633,159,0
2024-10-04 16:00:00+00:00,2653.227,2653.859,2641.813,2651.624,34346,159,0
2024-10-04 20:00:00+00:00,2651.657,2653.995,2649.848,2653.488,3395,159,0
2024-10-06 20:00:00+00:00,2651.575,2652.397,2649.674,2650.12,6853,159,0
2024-10-07 00:00:00+00:00,2650.103,2651.928,2643.825,2647.421,23608,159,0
2024-10-07 04:00:00+00:00,2647.399,2652.832,2639.597,2651.974,25513,159,0
2024-10-07 08:00:00+00:00,2652.016,2659.677,2650.597,2656.913,28177,159,0
2024-10-07 12:00:00+00:00,2656.949,2659.206,2637.728,2645.728,62818,159,0
2024-10-07 16:00:00+00:00,2645.687,2648.744,2639.686,2643.26,23809,159,0
2024-10-07 20:00:00+00:00,2643.224,2649.22,2641.768,2642.944,10095,159,0
2024-10-08 00:00:00+00:00,2642.962,2648.317,2633.726,2642.99,45166,159,0
2024-10-08 04:00:00+00:00,2642.952,2646.429,2631.1,2633.951,34074,159,0
2024-10-08 08:00:00+00:00,2633.977,2651.936,2628.487,2650.745,34365,159,0
2024-10-08 12:00:00+00:00,2650.739,2652.982,2604.686,2612.939,84471,159,0
2024-10-08 16:00:00+00:00,2613.016,2623.574,2605.443,2622.921,34697,159,0
2024-10-08 20:00:00+00:00,2622.963,2623.813,2618.811,2621.868,9302,159,0
2024-10-09 00:00:00+00:00,2621.868,2624.263,2614.848,2617.072,29288,159,0
2024-10-09 04:00:00+00:00,2617.035,2624.321,2609.139,2611.628,29956,159,0
2024-10-09 08:00:00+00:00,2611.669,2622.45,2610.405,2619.022,26558,159,0
2024-10-09 12:00:00+00:00,2619.061,2622.458,2605.189,2614.845,56805,159,0
2024-10-09 16:00:00+00:00,2614.861,2615.888,2605.116,2609.087,25540,159,0
2024-10-09 20:00:00+00:00,2609.15,2609.477,2606.881,2608.476,7186,159,0
2024-10-10 00:00:00+00:00,2608.438,2616.9,2605.904,2611.762,27971,159,0
2024-10-10 04:00:00+00:00,2611.724,2617.066,2610.202,2616.657,24417,159,0
2024-10-10 08:00:00+00:00,2616.695,2618.912,2611.306,2612.98,23239,159,0
2024-10-10 12:00:00+00:00,2613.013,2629.794,2602.164,2623.615,81048,159,0
2024-10-10 16:00:00+00:00,2623.619,2631.359,2616.442,2629.16,31378,159,0
2024-10-10 20:00:00+00:00,2629.135,2636.032,2628.071,2633.149,10122,159,0
2024-10-11 00:00:00+00:00,2633.161,2646.04,2631.952,2645.483,29090,159,0
2024-10-11 04:00:00+00:00,2645.51,2647.204,2638.037,2645.355,23535,159,0
2024-10-11 08:00:00+00:00,2645.317,2646.198,2636.153,2644.635,22439,159,0
2024-10-11 12:00:00+00:00,2644.599,2659.318,2640.61,2658.776,51292,159,0
2024-10-11 16:00:00+00:00,2658.784,2661.462,2655.24,2656.122,22504,159,0
2024-10-11 20:00:00+00:00,2656.16,2657.207,2654.728,2656.836,2817,160,0
2024-10-13 20:00:00+00:00,2650.086,2652.472,2646.866,2648.091,9828,159,0
2024-10-14 00:00:00+00:00,2648.131,2657.455,2643.075,2655.553,30702,159,0
2024-10-14 04:00:00+00:00,2655.556,2666.867,2655.194,2660.395,26009,159,0
2024-10-14 08:00:00+00:00,2660.396,2662.995,2650.987,2652.184,24470,159,0
2024-10-14 12:00:00+00:00,2652.174,2661.162,2643.94,2646.733,48477,159,0
2024-10-14 16:00:00+00:00,2646.795,2652.575,2645.745,2652.395,18367,159,0
2024-10-14 20:00:00+00:00,2652.437,2653.329,2646.075,2649.351,8187,159,0
2024-10-15 00:00:00+00:00,2649.419,2652.769,2644.449,2645.705,24250,159,0
2024-10-15 04:00:00+00:00,2645.743,2653.947,2637.975,2650.758,30796,159,0
2024-10-15 08:00:00+00:00,2650.74,2656.771,2645.596,2647.749,27066,159,0
2024-10-15 12:00:00+00:00,2647.726,2665.158,2646.001,2664.637,59522,159,0
2024-10-15 16:00:00+00:00,2664.673,2668.93,2658.971,2661.602,19467,159,0
2024-10-15 20:00:00+00:00,2661.64,2663.11,2660.269,2660.5,7136,159,0
2024-10-16 00:00:00+00:00,2660.498,2670.155,2658.722,2667.156,28528,159,0
2024-10-16 04:00:00+00:00,2667.12,2677.704,2665.592,2676.115,30744,159,0
2024-10-16 08:00:00+00:00,2676.113,2682.759,2672.964,2678.331,28102,159,0
2024-10-16 12:00:00+00:00,2678.312,2685.394,2667.541,2669.985,59868,159,0
2024-10-16 16:00:00+00:00,2669.925,2676.704,2666.68,2674.69,22541,159,0
2024-10-16 20:00:00+00:00,2674.735,2674.996,2673.078,2674.087,5942,159,0
2024-10-17 00:00:00+00:00,2674.122,2684.898,2674.069,2676.61,30761,159,0
2024-10-17 04:00:00+00:00,2676.651,2685.756,2676.397,2681.953,31924,159,0
2024-10-17 08:00:00+00:00,2681.981,2688.826,2676.949,2681.298,26147,159,0
2024-10-17 12:00:00+00:00,2681.258,2696.788,2673.155,2693.271,70981,159,0
2024-10-17 16:00:00+00:00,2693.365,2694.202,2683.959,2691.954,25864,159,0
2024-10-17 20:00:00+00:00,2692.006,2694.411,2690.958,2693.709,6017,159,0
2024-10-18 00:00:00+00:00,2693.67,2711.964,2692.765,2709.959,35072,159,0
2024-10-18 04:00:00+00:00,2709.944,2714.08,2702.233,2702.272,33078,159,0
2024-10-18 08:00:00+00:00,2702.281,2713.204,2701.682,2709.779,27898,159,0
2024-10-18 12:00:00+00:00,2709.808,2720.131,2704.921,2714.813,57729,159,0
2024-10-18 16:00:00+00:00,2714.846,2721.281,2713.576,2719.624,25025,159,0
2024-10-18 20:00:00+00:00,2719.665,2722.633,2719.181,2721.778,3661,159,0
2024-10-20 20:00:00+00:00,2723.092,2725.132,2720.179,2723.416,7427,159,0
2024-10-21 00:00:00+00:00,2723.457,2732.826,2721.04,2731.512,40081,159,0
2024-10-21 04:00:00+00:00,2731.514,2732.5,2723.554,2730.312,27589,159,0
2024-10-21 08:00:00+00:00,2730.322,2738.128,2727.706,2734.419,31372,159,0
2024-10-21 12:00:00+00:00,2734.458,2740.561,2716.833,2720.119,75173,159,0
2024-10-21 16:00:00+00:00,2720.093,2725.598,2714.178,2719.854,29230,159,0
2024-10-21 20:00:00+00:00,2719.81,2722.592,2718.707,2721.483,7821,159,0
2024-10-22 00:00:00+00:00,2721.478,2733.081,2720.633,2731.019,27189,159,0
2024-10-22 04:00:00+00:00,2730.967,2737.141,2729.015,2733.656,25314,159,0
2024-10-22 08:00:00+00:00,2733.617,2739.358,2729.436,2731.976,29724,159,0
2024-10-22 12:00:00+00:00,2732.01,2744.206,2731.553,2737.562,54827,159,0
2024-10-22 16:00:00+00:00,2737.521,2748.905,2737.117,2748.306,26201,159,0
2024-10-22 20:00:00+00:00,2748.354,2748.863,2745.82,2746.55,7385,159,0
2024-10-23 00:00:00+00:00,2746.557,2747.217,2737.816,2746.047,27088,159,0
2024-10-23 04:00:00+00:00,2746.054,2755.632,2745.347,2754.874,27591,159,0
2024-10-23 08:00:00+00:00,2754.913,2758.508,2749.134,2749.967,26580,159,0
2024-10-23 12:00:00+00:00,2749.932,2750.514,2708.604,2721.726,87200,159,0
2024-10-23 16:00:00+00:00,2721.692,2723.275,2711.932,2716.202,33661,159,0
2024-10-23 20:00:00+00:00,2716.236,2721.885,2714.143,2721.258,9399,159,0
2024-10-24 00:00:00+00:00,2721.219,2726.698,2717.761,2722.877,29696,159,0
2024-10-24 04:00:00+00:00,2722.882,2737.121,2722.824,2733.54,26721,159,0
2024-10-24 08:00:00+00:00,2733.613,2739.696,2732.489,2738.556,24520,159,0
2024-10-24 12:00:00+00:00,2738.464,2743.208,2722.364,2731.099,60913,159,0
2024-10-24 16:00:00+00:00,2731.091,2737.727,2725.758,2737.012,29844,159,0
2024-10-24 20:00:00+00:00,2737.119,2737.144,2733.622,2733.844,6524,159,0
2024-10-25 00:00:00+00:00,2733.885,2735.199,2724.376,2726.041,24475,159,0
2024-10-25 04:00:00+00:00,2726.077,2732.567,2723.863,2726.375,25672,159,0
2024-10-25 08:00:00+00:00,2726.464,2729.391,2716.956,2724.181,30245,159,0
2024-10-25 12:00:00+00:00,2724.208,2742.028,2723.198,2737.131,49319,159,0
2024-10-25 16:00:00+00:00,2737.093,2745.022,2733.864,2742.519,25012,159,0
2024-10-25 20:00:00+00:00,2742.561,2747.774,2742.469,2747.023,4214,159,0
2024-10-27 20:00:00+00:00,2733.443,2740.21,2730.34,2735.815,12792,159,0
2024-10-28 00:00:00+00:00,2735.783,2736.301,2724.631,2729.702,31142,159,0
2024-10-28 04:00:00+00:00,2729.629,2744.515,2729.059,2738.919,26138,159,0
2024-10-28 08:00:00+00:00,2738.887,2740.869,2727.811,2732.319,28696,159,0
2024-10-28 12:00:00+00:00,2732.312,2745.917,2731.171,2740.704,44222,159,0
2024-10-28 16:00:00+00:00,2740.671,2744.968,2739.976,2742.498,21367,159,0
2024-10-28 20:00:00+00:00,2742.464,2744.427,2739.774,2744.427,7505,159,0
2024-10-29 00:00:00+00:00,2744.379,2757.75,2743.267,2751.681,29351,159,0
2024-10-29 04:00:00+00:00,2751.677,2756.854,2748.898,2752.459,24974,159,0
2024-10-29 08:00:00+00:00,2752.499,2756.663,2746.19,2751.774,31154,159,0
2024-10-29 12:00:00+00:00,2751.806,2771.73,2748.142,2764.241,58345,159,0
2024-10-29 16:00:00+00:00,2764.219,2774.755,2764.128,2772.196,28769,159,0
2024-10-29 20:00:00+00:00,2772.165,2775.397,2771.823,2774.915,8015,159,0
2024-10-30 00:00:00+00:00,2774.943,2782.15,2774.778,2778.924,26990,159,0
2024-10-30 04:00:00+00:00,2778.93,2789.821,2777.395,2782.222,24493,159,0
2024-10-30 08:00:00+00:00,2782.257,2786.529,2778.213,2778.58,24872,159,0
2024-10-30 12:00:00+00:00,2778.556,2787.509,2770.83,2784.634,65920,159,0
2024-10-30 16:00:00+00:00,2784.675,2790.075,2783.002,2787.285,25110,159,0
2024-10-30 20:00:00+00:00,2787.333,2788.085,2784.777,2785.49,8697,159,0
2024-10-31 00:00:00+00:00,2785.489,2790.069,2783.554,2784.547,21489,159,0
2024-10-31 04:00:00+00:00,2784.598,2786.563,2778.054,2782.06,25492,159,0
2024-10-31 08:00:00+00:00,2782.028,2783.153,2773.305,2779.413,26352,159,0
2024-10-31 12:00:00+00:00,2779.414,2781.941,2731.515,2740.576,81908,159,0
2024-10-31 16:00:00+00:00,2740.617,2749.747,2738.004,2746.442,32864,159,0
2024-10-31 20:00:00+00:00,2746.407,2748.168,2743.269,2746.691,9627,159,0
2024-11-01 00:00:00+00:00,2746.672,2751.878,2744.815,2751.77,27259,159,0
2024-11-01 04:00:00+00:00,2751.728,2757.649,2747.065,2749.627,22824,159,0
2024-11-01 08:00:00+00:00,2749.589,2755.48,2744.818,2752.873,27202,159,0
2024-11-01 12:00:00+00:00,2752.892,2762.216,2739.674,2744.72,74813,159,0
2024-11-01 16:00:00+00:00,2744.706,2746.199,2733.12,2734.121,31088,159,0
2024-11-01 20:00:00+00:00,2734.077,2736.773,2733.266,2736.69,3639,159,0
2024-11-03 20:00:00+00:00,2732.846,2740.334,2732.577,2738.352,5452,159,0
2024-11-04 00:00:00+00:00,2738.379,2742.401,2735.343,2740.989,26938,159,0
2024-11-04 04:00:00+00:00,2740.952,2744.781,2735.07,2735.837,23564,159,0
2024-11-04 08:00:00+00:00,2735.806,2745.304,2731.807,2740.611,29142,159,0
2024-11-04 12:00:00+00:00,2740.534,2748.189,2737.67,2738.505,44887,159,0
2024-11-04 16:00:00+00:00,2738.529,2739.706,2731.711,2738.304,28750,159,0
2024-11-04 20:00:00+00:00,2738.245,2738.571,2736.008,2736.008,8968,159,0
2024-11-05 00:00:00+00:00,2736.046,2736.677,2724.694,2735.296,27273,159,0
2024-11-05 04:00:00+00:00,2735.24,2741.352,2731.697,2736.532,23093,159,0
2024-11-05 08:00:00+00:00,2736.492,2745.031,2732.09,2741.6,27004,159,0
2024-11-05 12:00:00+00:00,2741.697,2749.96,2732.921,2741.957,43445,159,0
2024-11-05 16:00:00+00:00,2742.001,2744.579,2736.327,2740.513,26363,159,0
2024-11-05 20:00:00+00:00,2740.549,2746.441,2739.619,2745.692,10274,159,0
2024-11-06 00:00:00+00:00,2745.686,2749.681,2730.639,2734.081,62608,159,0
2024-11-06 04:00:00+00:00,2734.119,2743.708,2701.319,2725.921,78440,159,0
2024-11-06 08:00:00+00:00,2725.87,2733.796,2696.018,2699.272,54493,159,0
2024-11-06 12:00:00+00:00,2699.231,2708.066,2652.335,2675.715,121986,159,0
2024-11-06 16:00:00+00:00,2675.752,2678.273,2661.574,2667.091,42879,159,0
2024-11-06 20:00:00+00:00,2667.055,2667.748,2658.958,2664.048,12991,159,0
2024-11-07 00:00:00+00:00,2664.035,2664.261,2643.208,2659.156,41923,159,0
2024-11-07 04:00:00+00:00,2659.199,2667.596,2652.794,2663.309,31042,159,0
2024-11-07 08:00:00+00:00,2663.349,2668.431,2657.423,2666.144,30395,159,0
2024-11-07 12:00:00+00:00,2666.266,2700.185,2664.276,2698.698,61935,159,0
2024-11-07 16:00:00+00:00,2698.687,2700.279,2687.424,2694.266,52384,159,0
2024-11-07 20:00:00+00:00,2694.308,2710.36,2692.817,2706.866,22119,159,0
2024-11-08 00:00:00+00:00,2706.87,2710.418,2694.034,2695.113,31575,159,0
2024-11-08 04:00:00+00:00,2695.083,2696.362,2680.286,2687.362,28835,159,0
2024-11-08 08:00:00+00:00,2687.404,2694.917,2681.906,2691.912,37354,159,0
2024-11-08 12:00:00+00:00,2691.937,2704.061,2683.379,2687.552,60453,159,0
2024-11-08 16:00:00+00:00,2687.499,2689.283,2682.813,2687.057,32081,159,0
2024-11-08 20:00:00+00:00,2687.023,2688.549,2682.983,2684.758,10773,159,0
2024-11-10 20:00:00+00:00,2683.161,2685.651,2681.526,2685.605,3698,159,0
2024-11-11 00:00:00+00:00,2685.638,2686.141,2666.444,2670.269,32870,159,0
2024-11-11 04:00:00+00:00,2670.272,2674.282,2666.928,2669.561,26298,159,0
2024-11-11 08:00:00+00:00,2669.516,2675.377,2658.992,2662.647,34827,159,0
2024-11-11 12:00:00+00:00,2662.672,2663.232,2613.422,2614.599,75426,159,0
2024-11-11 16:00:00+00:00,2614.558,2620.672,2610.53,2619.271,30839,159,0
2024-11-11 20:00:00+00:00,2619.316,2626.187,2619.233,2624.038,10900,159,0
2024-11-12 00:00:00+00:00,2624.027,2627.186,2618.717,2618.924,28454,159,0
2024-11-12 04:00:00+00:00,2618.875,2619.099,2595.164,2598.273,43198,159,0
2024-11-12 08:00:00+00:00,2598.309,2606.511,2589.657,2597.845,45647,159,0
2024-11-12 12:00:00+00:00,2597.82,2617.068,2597.387,2598.437,68236,159,0
2024-11-12 16:00:00+00:00,2598.479,2604.219,2592.43,2598.191,36156,159,0
2024-11-12 20:00:00+00:00,2598.166,2601.39,2595.112,2598.952,11805,159,0
2024-11-13 00:00:00+00:00,2599.01,2613.333,2598.002,2611.547,28806,159,0
2024-11-13 04:00:00+00:00,2611.579,2612.405,2603.49,2606.115,25148,159,0
2024-11-13 08:00:00+00:00,2606.166,2611.665,2601.031,2610.783,29180,159,0
2024-11-13 12:00:00+00:00,2610.848,2618.841,2593.564,2605.385,74635,159,0
2024-11-13 16:00:00+00:00,2605.341,2605.975,2577.507,2581.004,48374,159,0
2024-11-13 20:00:00+00:00,2580.971,2581.41,2569.214,2570.989,20877,159,0
2024-11-14 00:00:00+00:00,2571.012,2574.791,2558.875,2560.708,34211,159,0
2024-11-14 04:00:00+00:00,2560.718,2565.256,2550.361,2557.014,33088,159,0
2024-11-14 08:00:00+00:00,2556.972,2559.782,2536.747,2553.579,46070,159,0
2024-11-14 12:00:00+00:00,2553.621,2572.945,2550.07,2570.179,71224,159,0
2024-11-14 16:00:00+00:00,2570.203,2577.433,2567.086,2575.97,35271,159,0
2024-11-14 20:00:00+00:00,2575.981,2576.524,2563.866,2566.899,23533,159,0
2024-11-15 00:00:00+00:00,2566.888,2571.677,2563.027,2567.756,25409,159,0
2024-11-15 04:00:00+00:00,2567.719,2569.538,2554.392,2563.73,26241,159,0
2024-11-15 08:00:00+00:00,2563.692,2573.393,2560.822,2570.774,33498,159,0
2024-11-15 12:00:00+00:00,2570.801,2576.07,2561.218,2570.733,72680,159,0
2024-11-15 16:00:00+00:00,2570.742,2573.291,2559.413,2563.849,35458,159,0
2024-11-15 20:00:00+00:00,2563.849,2563.862,2559.758,2562.969,9849,159,0
2024-11-17 20:00:00+00:00,2568.027,2575.523,2568.027,2571.445,5724,159,0
2024-11-18 00:00:00+00:00,2571.418,2597.414,2569.866,2589.863,41858,159,0
2024-11-18 04:00:00+00:00,2589.895,2593.197,2580.42,2582.838,28040,159,0
2024-11-18 08:00:00+00:00,2582.796,2597.258,2582.021,2594.412,34595,159,0
2024-11-18 12:00:00+00:00,2594.339,2613.39,2590.358,2612.936,48787,159,0
2024-11-18 16:00:00+00:00,2612.972,2615.087,2607.341,2609.848,27040,159,0
2024-11-18 20:00:00+00:00,2609.804,2613.107,2608.192,2612.704,10640,159,0
2024-11-19 00:00:00+00:00,2612.731,2625.591,2611.047,2624.435,28403,159,0
2024-11-19 04:00:00+00:00,2624.456,2626.636,2617.689,2619.057,25861,159,0
2024-11-19 08:00:00+00:00,2619.021,2636.506,2618.674,2629.639,40623,159,0
2024-11-19 12:00:00+00:00,2629.667,2639.438,2620.912,2624.443,63071,159,0
2024-11-19 16:00:00+00:00,2624.478,2633.132,2622.295,2630.678,30939,159,0
2024-11-19 20:00:00+00:00,2630.717,2635.536,2630.414,2635.161,10934,159,0
2024-11-20 00:00:00+00:00,2635.161,2641.847,2634.676,2637.977,24760,159,0
2024-11-20 04:00:00+00:00,2638.012,2638.772,2621.232,2621.591,27507,159,0
2024-11-20 08:00:00+00:00,2621.555,2628.172,2618.864,2628.085,29942,159,0
2024-11-20 12:00:00+00:00,2628.123,2648.932,2627.065,2648.81,45053,159,0
2024-11-20 16:00:00+00:00,2648.808,2655.433,2645.357,2650.872,32638,159,0
2024-11-20 20:00:00+00:00,2650.841,2652.94,2647.27,2652.111,13116,159,0
2024-11-21 00:00:00+00:00,2652.153,2660.466,2650.358,2656.901,24857,159,0
2024-11-21 04:00:00+00:00,2656.873,2664.723,2654.625,2663.099,23033,159,0
2024-11-21 08:00:00+00:00,2663.06,2673.522,2661.967,2671.448,30371,159,0
2024-11-21 12:00:00+00:00,2671.491,2671.816,2660.418,2667.636,54532,159,0
2024-11-21 16:00:00+00:00,2667.674,2673.516,2661.306,2669.684,35160,159,0
2024-11-21 20:00:00+00:00,2669.718,2671.906,2668.056,2669.159,12027,159,0
2024-11-22 00:00:00+00:00,2669.127,2690.519,2668.844,2686.153,30171,159,0
2024-11-22 04:00:00+00:00,2686.186,2698.978,2682.975,2696.457,31201,159,0
2024-11-22 08:00:00+00:00,2696.488,2710.127,2693.554,2698.867,45267,159,0
2024-11-22 12:00:00+00:00,2698.826,2705.073,2684.441,2703.681,64505,159,0
2024-11-22 16:00:00+00:00,2703.741,2711.452,2700.745,2708.221,31822,159,0
2024-11-22 20:00:00+00:00,2708.18,2715.662,2705.102,2715.573,11625,159,0
2024-11-24 20:00:00+00:00,2711.186,2721.437,2710.748,2719.756,8493,159,0
2024-11-25 00:00:00+00:00,2719.719,2720.143,2658.997,2672.236,68168,159,0
2024-11-25 04:00:00+00:00,2672.191,2676.37,2658.14,2667.774,54513,159,0
2024-11-25 08:00:00+00:00,2667.809,2688.768,2667.098,2686.776,36831,159,0
2024-11-25 12:00:00+00:00,2686.806,2687.863,2626.231,2628.404,97126,159,0
2024-11-25 16:00:00+00:00,2628.435,2639.392,2615.519,2625.804,46696,159,0
2024-11-25 20:00:00+00:00,2625.83,2628.74,2605.128,2610.455,21758,159,0
2024-11-26 00:00:00+00:00,2610.484,2632.216,2608.477,2630.366,48567,159,0
2024-11-26 04:00:00+00:00,2630.342,2631.447,2610.832,2614.036,32395,159,0
2024-11-26 08:00:00+00:00,2614.07,2633.226,2612.417,2633.202,37929,159,0
2024-11-26 12:00:00+00:00,2633.243,2641.989,2616.72,2629.512,66455,159,0
2024-11-26 16:00:00+00:00,2629.527,2631.485,2619.498,2628.025,34324,159,0
2024-11-26 20:00:00+00:00,2628.065,2634.138,2627.427,2632.254,12197,159,0
2024-11-27 00:00:00+00:00,2632.249,2640.527,2627.017,2637.722,26795,159,0
2024-11-27 04:00:00+00:00,2637.728,2648.503,2636.555,2646.63,26387,159,0
2024-11-27 08:00:00+00:00,2646.54,2653.92,2643.187,2651.103,29720,159,0
2024-11-27 12:00:00+00:00,2651.115,2658.181,2635.501,2642.655,56875,159,0
2024-11-27 16:00:00+00:00,2642.651,2644.29,2633.73,2634.71,32621,159,0
2024-11-27 20:00:00+00:00,2634.755,2639.03,2634.231,2637.168,10250,159,0
2024-11-28 00:00:00+00:00,2637.127,2638.432,2620.844,2630.275,36053,159,0
2024-11-28 04:00:00+00:00,2630.286,2639.614,2629.328,2637.344,22467,159,0
2024-11-28 08:00:00+00:00,2637.275,2649.641,2635.668,2646.884,23675,159,0
2024-11-28 12:00:00+00:00,2646.881,2647.931,2636.215,2638.104,28575,159,0
2024-11-28 16:00:00+00:00,2638.07,2642.458,2637.519,2640.603,9120,159,0
2024-11-28 20:00:00+00:00,2638.68,2639.268,2637.144,2638.765,2374,160,0
2024-11-29 00:00:00+00:00,2638.73,2662.802,2633.989,2660.047,34694,159,0
2024-11-29 04:00:00+00:00,2660.02,2666.383,2658.323,2660.522,26050,159,0
2024-11-29 08:00:00+00:00,2660.557,2665.917,2654.471,2659.61,27769,159,0
2024-11-29 12:00:00+00:00,2659.653,2664.936,2650.537,2658.946,45825,159,0
2024-11-29 16:00:00+00:00,2659.002,2662.281,2655.23,2655.23,20152,159,0
2024-12-01 20:00:00+00:00,2649.036,2650.324,2643.057,2645.659,5625,159,0
2024-12-02 00:00:00+00:00,2645.701,2647.691,2622.897,2629.272,52703,159,0
2024-12-02 04:00:00+00:00,2629.235,2633.664,2621.818,2629.898,32630,159,0
2024-12-02 08:00:00+00:00,2629.859,2646.37,2626.514,2641.885,38222,159,0
2024-12-02 12:00:00+00:00,2641.837,2651.794,2637.048,2642.318,56309,159,0
2024-12-02 16:00:00+00:00,2642.359,2644.372,2633.546,2637.611,32834,159,0
2024-12-02 20:00:00+00:00,2637.577,2644.203,2635.288,2642.206,13806,159,0
2024-12-03 00:00:00+00:00,2642.199,2645.325,2634.033,2640.427,29929,159,0
2024-12-03 04:00:00+00:00,2640.441,2650.052,2637.08,2644.622,27151,159,0
2024-12-03 08:00:00+00:00,2644.597,2648.095,2639.169,2643.663,31310,159,0
2024-12-03 12:00:00+00:00,2643.671,2655.665,2635.174,2640.435,52928,159,0
2024-12-03 16:00:00+00:00,2640.444,2649.164,2638.837,2640.998,31776,159,0
2024-12-03 20:00:00+00:00,2640.936,2644.226,2640.626,2642.721,10226,159,0
2024-12-04 00:00:00+00:00,2642.725,2648.093,2637.602,2644.501,26576,159,0
2024-12-04 04:00:00+00:00,2644.48,2651.403,2640.312,2641.412,24307,159,0
2024-12-04 08:00:00+00:00,2641.331,2647.735,2636.59,2646.168,29552,159,0
2024-12-04 12:00:00+00:00,2646.203,2657.165,2632.33,2655.062,62378,159,0
2024-12-04 16:00:00+00:00,2655.095,2655.581,2646.793,2651.708,34392,159,0
2024-12-04 20:00:00+00:00,2651.673,2651.962,2648.066,2650.397,11163,159,0
2024-12-05 00:00:00+00:00,2650.404,2650.717,2644.6,2648.882,22623,159,0
2024-12-05 04:00:00+00:00,2648.866,2655.518,2645.325,2648.575,25380,159,0
2024-12-05 08:00:00+00:00,2648.622,2652.714,2641.821,2651.307,25256,159,0
2024-12-05 12:00:00+00:00,2651.351,2654.517,2631.797,2640.27,52137,159,0
2024-12-05 16:00:00+00:00,2640.232,2643.395,2623.444,2629.8,37790,159,0
2024-12-05 20:00:00+00:00,2629.774,2633.832,2627.977,2633.713,10582,159,0
2024-12-06 00:00:00+00:00,2633.721,2642.55,2612.931,2640.877,39631,159,0
2024-12-06 04:00:00+00:00,2640.875,2644.577,2635.306,2639.682,26994,159,0
2024-12-06 08:00:00+00:00,2639.655,2645.733,2632.344,2638.489,26433,159,0
2024-12-06 12:00:00+00:00,2638.412,2643.536,2624.045,2637.53,79027,159,0
2024-12-06 16:00:00+00:00,2637.563,2641.654,2632.902,2634.544,27780,159,0
2024-12-06 20:00:00+00:00,2634.661,2636.145,2630.872,2632.914,5072,468,0
2024-12-08 20:00:00+00:00,2642.963,2648.524,2636.316,2640.128,8067,159,0
2024-12-09 00:00:00+00:00,2640.128,2650.632,2627.525,2638.889,42559,159,0
2024-12-09 04:00:00+00:00,2638.842,2651.245,2634.553,2650.49,29890,159,0
2024-12-09 08:00:00+00:00,2650.523,2660.406,2646.072,2656.227,30112,159,0
2024-12-09 12:00:00+00:00,2656.184,2676.454,2653.28,2668.257,53437,159,0
2024-12-09 16:00:00+00:00,2668.221,2670.569,2658.854,2660.166,30245,159,0
2024-12-09 20:00:00+00:00,2660.203,2661.677,2656.649,2660.454,11463,159,0
2024-12-10 00:00:00+00:00,2660.476,2671.782,2657.958,2669.918,31969,159,0
2024-12-10 04:00:00+00:00,2669.942,2673.909,2663.647,2664.666,25236,159,0
2024-12-10 08:00:00+00:00,2664.606,2676.839,2661.154,2674.496,33671,159,0
2024-12-10 12:00:00+00:00,2674.539,2691.777,2672.308,2687.446,51088,159,0
2024-12-10 16:00:00+00:00,2687.446,2695.522,2684.557,2692.011,27872,159,0
2024-12-10 20:00:00+00:00,2691.976,2698.332,2690.877,2695.991,11202,159,0
2024-12-11 00:00:00+00:00,2695.93,2704.348,2692.287,2695.697,49414,159,0
2024-12-11 04:00:00+00:00,2695.616,2698.242,2675.502,2690.644,83573,159,0
2024-12-11 08:00:00+00:00,2690.435,2699.761,2686.245,2696.439,17734,145,0
2024-12-11 12:00:00+00:00,2696.56,2715.956,2690.641,2713.101,14578,167,0
2024-12-11 16:00:00+00:00,2713.213,2721.064,2711.186,2717.964,13290,167,0
2024-12-11 20:00:00+00:00,2718.148,2720.433,2716.053,2719.922,6706,159,0
2024-12-12 00:00:00+00:00,2719.986,2726.206,2700.251,2710.489,12016,159,0
2024-12-12 04:00:00+00:00,2710.508,2720.369,2709.689,2716.047,11359,159,0
2024-12-12 08:00:00+00:00,2716.209,2719.428,2707.31,2710.934,13523,159,0
2024-12-12 12:00:00+00:00,2710.997,2712.392,2675.078,2679.785,16905,159,0
2024-12-12 16:00:00+00:00,2679.597,2687.038,2677.303,2683.133,13126,159,0
2024-12-12 20:00:00+00:00,2683.187,2683.576,2679.459,2680.623,6838,159,0
2024-12-13 00:00:00+00:00,2680.617,2692.778,2678.871,2688.114,12463,159,0
2024-12-13 04:00:00+00:00,2687.967,2690.527,2681.111,2683.202,11934,159,0
2024-12-13 08:00:00+00:00,2682.994,2684.782,2664.377,2664.993,13274,159,0
2024-12-13 12:00:00+00:00,2664.8,2672.877,2654.582,2659.888,15024,159,0
2024-12-13 16:00:00+00:00,2659.811,2664.566,2652.145,2653.04,12337,159,0
2024-12-13 20:00:00+00:00,2652.972,2653.522,2646.046,2648.392,5303,159,0
2024-12-15 20:00:00+00:00,2649.414,2653.127,2648.804,2651.479,1932,159,0
2024-12-16 00:00:00+00:00,2651.484,2655.608,2643.497,2653.871,11534,159,0
2024-12-16 04:00:00+00:00,2653.874,2655.868,2649.545,2653.69,10613,159,0
2024-12-16 08:00:00+00:00,2653.536,2664.168,2652.31,2663.542,24282,80,0
2024-12-16 12:00:00+00:00,2663.579,2664.447,2650.833,2654.472,40334,159,0
2024-12-16 16:00:00+00:00,2654.438,2655.801,2648.477,2653.299,22777,159,0
2024-12-16 20:00:00+00:00,2653.258,2653.609,2651.46,2651.744,8909,159,0
2024-12-17 00:00:00+00:00,2651.762,2658.611,2651.122,2653.616,21639,159,0
2024-12-17 04:00:00+00:00,2653.578,2657.093,2646.417,2653.753,23174,159,0
2024-12-17 08:00:00+00:00,2653.727,2653.736,2636.207,2642.187,34959,159,0
2024-12-17 12:00:00+00:00,2642.208,2646.944,2632.966,2640.16,48303,159,0
2024-12-17 16:00:00+00:00,2640.241,2649.079,2636.659,2645.385,24327,159,0
2024-12-17 20:00:00+00:00,2645.428,2647.681,2643.083,2647.378,9066,159,0
2024-12-18 00:00:00+00:00,2647.365,2651.7,2645.204,2645.669,20946,159,0
2024-12-18 04:00:00+00:00,2645.632,2649.551,2642.666,2644.61,19918,159,0
2024-12-18 08:00:00+00:00,2644.585,2649.734,2642.074,2646.096,21452,159,0
2024-12-18 12:00:00+00:00,2646.106,2647.723,2633.694,2638.145,33610,159,0
2024-12-18 16:00:00+00:00,2638.109,2639.991,2604.035,2604.543,48180,159,0
2024-12-18 20:00:00+00:00,2604.581,2609.313,2583.382,2588.225,40716,159,0
2024-12-19 00:00:00+00:00,2588.256,2618.118,2587.957,2610.455,41708,159,0
2024-12-19 04:00:00+00:00,2610.479,2622.636,2603.318,2616.515,28779,159,0
2024-12-19 08:00:00+00:00,2616.555,2626.43,2613.213,2616.81,31614,159,0
2024-12-19 12:00:00+00:00,2616.771,2616.771,2586.951,2588.446,60231,159,0
2024-12-19 16:00:00+00:00,2588.401,2600.993,2587.134,2596.788,34297,159,0
2024-12-19 20:00:00+00:00,2596.832,2600.343,2592.307,2593.519,12297,159,0
2024-12-20 00:00:00+00:00,2593.496,2604.033,2589.593,2598.471,29055,159,0
2024-12-20 04:00:00+00:00,2598.467,2607.516,2596.422,2606.253,21686,159,0
2024-12-20 08:00:00+00:00,2606.285,2607.695,2600.041,2603.694,26117,159,0
2024-12-20 12:00:00+00:00,2603.668,2631.214,2600.34,2630.314,52604,159,0
2024-12-20 16:00:00+00:00,2630.351,2631.875,2622.142,2627.881,38417,159,0
2024-12-20 20:00:00+00:00,2627.845,2628.12,2619.202,2622.643,10930,64,0
2024-12-22 20:00:00+00:00,2623.329,2624.924,2621.74,2624.293,1851,159,0
2024-12-23 00:00:00+00:00,2624.398,2627.446,2617.498,2624.095,11176,159,0
2024-12-23 04:00:00+00:00,2624.106,2633.241,2623.863,2630.23,10467,64,0
2024-12-23 08:00:00+00:00,2630.184,2632.093,2612.959,2616.26,26288,159,0
2024-12-23 12:00:00+00:00,2616.292,2619.898,2609.253,2609.762,36742,159,0
2024-12-23 16:00:00+00:00,2609.798,2616.609,2608.078,2611.084,29937,159,0
2024-12-23 20:00:00+00:00,2611.129,2617.043,2609.147,2615.492,9409,159,0
2024-12-24 00:00:00+00:00,2615.546,2619.928,2613.507,2618.697,18431,159,0
2024-12-24 04:00:00+00:00,2618.729,2621.447,2616.422,2618.459,17714,159,0
2024-12-24 08:00:00+00:00,2618.503,2619.808,2612.376,2615.152,18389,159,0
2024-12-24 12:00:00+00:00,2615.199,2617.266,2610.019,2611.664,28487,159,0
2024-12-24 16:00:00+00:00,2611.7,2619.335,2611.492,2616.713,17964,159,0
2024-12-25 20:00:00+00:00,2615.621,2620.115,2615.371,2618.656,2414,160,0
2024-12-26 00:00:00+00:00,2618.647,2629.113,2618.614,2626.893,18373,159,0
2024-12-26 04:00:00+00:00,2626.902,2629.713,2623.599,2625.413,15766,159,0
2024-12-26 08:00:00+00:00,2625.398,2630.019,2625.132,2627.882,16218,159,0
2024-12-26 12:00:00+00:00,2627.855,2639.177,2621.696,2636.479,31160,159,0
2024-12-26 16:00:00+00:00,2636.527,2636.838,2627.885,2634.951,24436,159,0
2024-12-26 20:00:00+00:00,2634.875,2636.162,2624.659,2632.684,12231,159,0
2024-12-27 00:00:00+00:00,2632.689,2635.512,2628.886,2633.706,19936,159,0
2024-12-27 04:00:00+00:00,2633.744,2638.314,2631.25,2633.638,18838,159,0
2024-12-27 08:00:00+00:00,2633.599,2633.599,2623.452,2628.642,21158,159,0
2024-12-27 12:00:00+00:00,2628.638,2631.55,2611.608,2618.134,40793,159,0
2024-12-27 16:00:00+00:00,2618.174,2621.397,2614.117,2620.685,25191,159,0
2024-12-27 20:00:00+00:00,2620.719,2621.98,2612.724,2621.623,9786,159,0
2024-12-29 20:00:00+00:00,2621.977,2626.167,2621.632,2624.035,4006,159,0
2024-12-30 00:00:00+00:00,2624.08,2628.157,2621.486,2626.579,20558,159,0
2024-12-30 04:00:00+00:00,2626.567,2626.567,2615.813,2616.784,19126,159,0
2024-12-30 08:00:00+00:00,2616.75,2618.71,2609.092,2616.332,23531,159,0
2024-12-30 12:00:00+00:00,2616.332,2622.635,2599.558,2601.599,41092,159,0
2024-12-30 16:00:00+00:00,2601.613,2608.39,2596.042,2607.153,27704,159,0
2024-12-30 20:00:00+00:00,2607.169,2609.518,2603.865,2606.677,9460,159,0
2024-12-31 00:00:00+00:00,2606.717,2611.613,2603.507,2604.613,16551,159,0
2024-12-31 04:00:00+00:00,2604.612,2614.132,2602.591,2613.694,17722,159,0
2024-12-31 08:00:00+00:00,2613.735,2617.796,2609.714,2611.051,20697,159,0
2024-12-31 12:00:00+00:00,2611.016,2626.638,2605.314,2625.656,35164,159,0
2024-12-31 16:00:00+00:00,2625.632,2627.562,2622.229,2623.872,26093,159,0
2024-12-31 20:00:00+00:00,2623.84,2625.024,2622.19,2624.381,6131,159,0
2025-01-01 20:00:00+00:00,2625.179,2625.839,2621.641,2623.766,3113,159,0
2025-01-02 00:00:00+00:00,2623.798,2636.54,2622.72,2633.644,25912,159,0
2025-01-02 04:00:00+00:00,2633.633,2636.491,2631.05,2635.915,17567,159,0
2025-01-02 08:00:00+00:00,2635.953,2646.379,2631.123,2641.974,27556,159,0
2025-01-02 12:00:00+00:00,2642.006,2655.843,2636.005,2654.13,46773,159,0
2025-01-02 16:00:00+00:00,2654.062,2660.457,2650.035,2654.74,32339,159,0
2025-01-02 20:00:00+00:00,2654.775,2660.458,2654.151,2658.327,11224,159,0
2025-01-03 00:00:00+00:00,2658.328,2665.214,2656.109,2662.288,22418,159,0
2025-01-03 04:00:00+00:00,2662.255,2664.409,2651.924,2654.192,19296,159,0
2025-01-03 08:00:00+00:00,2654.164,2659.258,2649.89,2658.361,20849,159,0
2025-01-03 12:00:00+00:00,2657.003,2657.461,2640.927,2643.842,37906,159,0
2025-01-03 16:00:00+00:00,2643.812,2647.264,2638.954,2639.421,25262,159,0
2025-01-03 20:00:00+00:00,2639.392,2640.74,2636.644,2640.37,7946,159,0
2025-01-05 20:00:00+00:00,2639.644,2642.386,2639.644,2641.063,3241,160,0
2025-01-06 00:00:00+00:00,2641.098,2647.426,2638.599,2640.19,23646,159,0
2025-01-06 04:00:00+00:00,2640.203,2640.824,2625.058,2626.921,25080,159,0
2025-01-06 08:00:00+00:00,2626.891,2649.489,2625.759,2645.602,32094,159,0
2025-01-06 12:00:00+00:00,2645.562,2648.848,2614.436,2634.392,76191,159,0
2025-01-06 16:00:00+00:00,2634.419,2641.381,2632.507,2634.373,28759,159,0
2025-01-06 20:00:00+00:00,2634.41,2637.067,2633.132,2634.681,9200,159,0
2025-01-07 00:00:00+00:00,2634.634,2641.146,2632.918,2639.563,19373,159,0
2025-01-07 04:00:00+00:00,2639.56,2646.757,2637.02,2640.487,20163,159,0
2025-01-07 08:00:00+00:00,2640.444,2648.689,2640.031,2648.389,20917,159,0
2025-01-07 12:00:00+00:00,2648.348,2664.264,2641.885,2647.7,58120,159,0
2025-01-07 16:00:00+00:00,2647.625,2656.015,2646.383,2649.245,41389,159,0
2025-01-07 20:00:00+00:00,2649.297,2651.445,2647.195,2649.807,11137,159,0
2025-01-08 00:00:00+00:00,2649.817,2651.512,2645.569,2646.751,19014,159,0
2025-01-08 04:00:00+00:00,2646.728,2654.429,2645.202,2652.619,17538,159,0
2025-01-08 08:00:00+00:00,2652.651,2655.158,2647.595,2650.925,23382,159,0
2025-01-08 12:00:00+00:00,2650.838,2667.835,2645.847,2665.818,50307,159,0
2025-01-08 16:00:00+00:00,2665.84,2670.053,2649.388,2658.327,38718,159,0
2025-01-08 20:00:00+00:00,2658.364,2664.067,2658.276,2662.507,13632,159,0
2025-01-09 00:00:00+00:00,2662.526,2662.85,2656.266,2659.369,17670,159,0
2025-01-09 04:00:00+00:00,2659.335,2666.973,2655.471,2662.45,18747,159,0
2025-01-09 08:00:00+00:00,2662.418,2673.299,2660.425,2670.266,27474,159,0
2025-01-09 12:00:00+00:00,2670.249,2678.351,2667.196,2668.326,36022,159,0
2025-01-09 16:00:00+00:00,2668.32,2672.51,2662.69,2670.19,27903,159,0
2025-01-09 20:00:00+00:00,2670.154,2671.332,2668.492,2669.951,8311,159,0
2025-01-10 00:00:00+00:00,2669.978,2674.771,2668.965,2673.658,18569,159,0
2025-01-10 04:00:00+00:00,2673.631,2678.743,2671.556,2676.146,19649,159,0
2025-01-10 08:00:00+00:00,2676.181,2683.088,2675.736,2681.402,31138,159,0
2025-01-10 12:00:00+00:00,2681.363,2698.026,2663.994,2692.684,120047,159,0
2025-01-10 16:00:00+00:00,2692.588,2697.915,2684.586,2685.855,67845,159,0
2025-01-10 20:00:00+00:00,2685.89,2693.773,2684.5,2689.592,16905,159,0
2025-01-12 20:00:00+00:00,2689.769,2691.385,2687.574,2691.105,5119,159,0
2025-01-13 00:00:00+00:00,2691.128,2693.368,2679.294,2687.941,37494,159,0
2025-01-13 04:00:00+00:00,2687.977,2691.323,2683.273,2685.102,36375,159,0
2025-01-13 08:00:00+00:00,2685.074,2689.77,2675.449,2675.952,48719,159,0
2025-01-13 12:00:00+00:00,2675.911,2677.164,2661.033,2661.867,89140,159,0
2025-01-13 16:00:00+00:00,2661.792,2667.989,2656.768,2658.897,39504,159,0
2025-01-13 20:00:00+00:00,2658.959,2669.455,2658.734,2668.058,12753,159,0
2025-01-14 00:00:00+00:00,2667.975,2672.268,2666.365,2669.78,29959,159,0
2025-01-14 04:00:00+00:00,2669.818,2675.37,2667.184,2669.154,27799,159,0
2025-01-14 08:00:00+00:00,2669.196,2674.436,2664.453,2669.331,32492,159,0
2025-01-14 12:00:00+00:00,2669.287,2674.418,2659.802,2671.779,63869,159,0
2025-01-14 16:00:00+00:00,2671.826,2676.308,2666.703,2674.245,34470,159,0
2025-01-14 20:00:00+00:00,2674.209,2678.294,2671.833,2675.59,13363,159,0
2025-01-15 00:00:00+00:00,2675.58,2676.321,2669.388,2676.091,18848,159,0
2025-01-15 04:00:00+00:00,2676.052,2684.033,2674.183,2681.313,22711,159,0
2025-01-15 08:00:00+00:00,2681.357,2689.09,2681.168,2686.779,33074,159,0
2025-01-15 12:00:00+00:00,2686.748,2696.056,2676.64,2678.475,89256,159,0
2025-01-15 16:00:00+00:00,2678.512,2695.127,2676.925,2694.181,42493,159,0
2025-01-15 20:00:00+00:00,2694.142,2697.97,2693.249,2694.956,13130,159,0
2025-01-16 00:00:00+00:00,2694.984,2702.177,2692.861,2697.196,35193,159,0
2025-01-16 04:00:00+00:00,2697.144,2699.924,2689.907,2698.271,26768,159,0
2025-01-16 08:00:00+00:00,2698.313,2711.175,2697.115,2706.412,36122,159,0
2025-01-16 12:00:00+00:00,2706.416,2719.718,2700.041,2716.874,86764,159,0
2025-01-16 16:00:00+00:00,2716.93,2724.74,2714.649,2715.346,47692,159,0
2025-01-16 20:00:00+00:00,2715.368,2717.046,2712.401,2714.585,12961,159,0
2025-01-17 00:00:00+00:00,2714.619,2717.325,2709.834,2715.439,25913,159,0
2025-01-17 04:00:00+00:00,2715.476,2716.515,2708.585,2710.519,27929,159,0
2025-01-17 08:00:00+00:00,2710.577,2712.991,2702.767,2708.041,31202,159,0
2025-01-17 12:00:00+00:00,2708.002,2715.136,2702.723,2714.243,50889,159,0
2025-01-17 16:00:00+00:00,2714.256,2717.261,2702.88,2703.175,22151,159,0
2025-01-17 20:00:00+00:00,2703.189,2704.088,2699.242,2702.879,7290,159,0
2025-01-19 20:00:00+00:00,2702.629,2703.084,2691.547,2696.424,4791,160,0
2025-01-20 00:00:00+00:00,2696.424,2703.987,2689.395,2703.554,21434,159,0
2025-01-20 04:00:00+00:00,2703.559,2713.771,2702.279,2703.592,18119,159,0
2025-01-20 08:00:00+00:00,2703.571,2712.492,2702.993,2708.331,19719,159,0
2025-01-20 12:00:00+00:00,2708.289,2711.844,2701.915,2707.065,55209,159,0
2025-01-20 16:00:00+00:00,2707.063,2711.161,2703.167,2709.059,25798,159,0
2025-01-20 20:00:00+00:00,2708.347,2711.032,2706.593,2710.445,2926,159,0
2025-01-21 00:00:00+00:00,2710.433,2726.941,2702.797,2724.196,33841,159,0
2025-01-21 04:00:00+00:00,2724.221,2732.773,2722.695,2729.729,24293,159,0
2025-01-21 08:00:00+00:00,2729.701,2730.05,2716.508,2723.998,34499,159,0
2025-01-21 12:00:00+00:00,2723.989,2740.384,2722.003,2738.776,40860,159,0
2025-01-21 16:00:00+00:00,2738.792,2745.963,2737.839,2742.837,23478,159,0
2025-01-21 20:00:00+00:00,2742.819,2745.863,2740.082,2744.259,12505,159,0
2025-01-22 00:00:00+00:00,2744.309,2751.088,2742.713,2750.266,32957,159,0
2025-01-22 04:00:00+00:00,2750.238,2758.831,2745.569,2748.781,36527,159,0
2025-01-22 08:00:00+00:00,2748.818,2763.43,2746.77,2756.534,38402,159,0
2025-01-22 12:00:00+00:00,2756.572,2761.606,2750.329,2759.351,69167,159,0
2025-01-22 16:00:00+00:00,2759.389,2760.279,2754.891,2755.309,32338,159,0
2025-01-22 20:00:00+00:00,2755.269,2757.144,2753.88,2755.583,11995,159,0
2025-01-23 00:00:00+00:00,2755.562,2756.3,2749.474,2749.959,30341,159,0
2025-01-23 04:00:00+00:00,2750.03,2755.575,2749.79,2752.683,31179,159,0
2025-01-23 08:00:00+00:00,2752.735,2754.789,2740.871,2751.898,38863,159,0
2025-01-23 12:00:00+00:00,2751.873,2753.386,2735.77,2746.424,76129,159,0
2025-01-23 16:00:00+00:00,2746.383,2758.962,2744.175,2754.173,43323,159,0
2025-01-23 20:00:00+00:00,2754.13,2755.636,2751.306,2754.543,15473,159,0
2025-01-24 00:00:00+00:00,2754.546,2777.417,2754.329,2772.308,43095,159,0
2025-01-24 04:00:00+00:00,2772.28,2778.363,2770.527,2772.675,39162,159,0
2025-01-24 08:00:00+00:00,2772.716,2780.193,2769.966,2776.617,35665,159,0
2025-01-24 12:00:00+00:00,2776.678,2786.011,2773.713,2775.973,58261,159,0
2025-01-24 16:00:00+00:00,2775.918,2777.564,2769.894,2774.628,36569,159,0
2025-01-24 20:00:00+00:00,2774.632,2774.798,2770.458,2771.079,9539,159,0
2025-01-26 20:00:00+00:00,2765.65,2769.721,2765.185,2767.553,8226,159,0
2025-01-27 00:00:00+00:00,2767.554,2772.54,2753.871,2761.117,45605,159,0
2025-01-27 04:00:00+00:00,2761.066,2761.075,2747.189,2749.46,39709,159,0
2025-01-27 08:00:00+00:00,2749.436,2772.108,2749.291,2771.247,57200,159,0
2025-01-27 12:00:00+00:00,2771.3,2771.634,2739.499,2742.084,70862,159,0
2025-01-27 16:00:00+00:00,2742.052,2743.136,2730.478,2739.328,49995,159,0
2025-01-27 20:00:00+00:00,2739.353,2745.325,2738.147,2741.71,16512,159,0
2025-01-28 00:00:00+00:00,2741.743,2745.268,2737.815,2738.813,29974,159,0
2025-01-28 04:00:00+00:00,2738.765,2744.894,2738.33,2738.91,30156,159,0
2025-01-28 08:00:00+00:00,2738.936,2745.172,2734.772,2742.793,39127,159,0
2025-01-28 12:00:00+00:00,2742.709,2757.204,2741.196,2755.33,53973,159,0
2025-01-28 16:00:00+00:00,2755.325,2764.998,2755.222,2764.828,39675,159,0
2025-01-28 20:00:00+00:00,2764.788,2765.052,2762.387,2762.695,12392,159,0
2025-01-29 00:00:00+00:00,2762.698,2766.271,2762.234,2762.774,22918,159,0
2025-01-29 04:00:00+00:00,2762.766,2764.356,2757.414,2759.074,28879,159,0
2025-01-29 08:00:00+00:00,2759.118,2766.083,2757.008,2758.994,34816,159,0
2025-01-29 12:00:00+00:00,2758.956,2761.119,2748.2,2754.11,62158,159,0
2025-01-29 16:00:00+00:00,2754.15,2757.913,2744.745,2755.218,55396,159,0
2025-01-29 20:00:00+00:00,2755.18,2760.685,2752.745,2760.306,22855,159,0
2025-01-30 00:00:00+00:00,2760.243,2762.577,2758.901,2761.735,22106,159,0
2025-01-30 04:00:00+00:00,2761.699,2769.528,2758.704,2769.135,23855,159,0
2025-01-30 08:00:00+00:00,2769.133,2779.432,2768.322,2777.699,28254,159,0
2025-01-30 12:00:00+00:00,2777.686,2796.778,2776.061,2795.411,70544,159,0
2025-01-30 16:00:00+00:00,2795.388,2798.469,2788.797,2793.363,59836,159,0
2025-01-30 20:00:00+00:00,2793.343,2798.476,2790.749,2796.146,30245,159,0
2025-01-31 00:00:00+00:00,2796.183,2799.636,2794.429,2796.453,29116,159,0
2025-01-31 04:00:00+00:00,2796.412,2801.072,2792.122,2798.232,32360,159,0
2025-01-31 08:00:00+00:00,2798.205,2800.867,2791.0,2800.195,40818,159,0
2025-01-31 12:00:00+00:00,2800.165,2817.244,2799.95,2809.224,70286,159,0
2025-01-31 16:00:00+00:00,2809.129,2816.261,2795.295,2796.26,92538,159,0
2025-01-31 20:00:00+00:00,2796.303,2802.565,2794.089,2799.348,29744,159,0
2025-02-02 20:00:00+00:00,2801.018,2804.653,2784.271,2793.709,36984,159,0
2025-02-03 00:00:00+00:00,2793.726,2796.511,2772.137,2774.454,89426,159,0
2025-02-03 04:00:00+00:00,2774.457,2789.913,2774.192,2789.28,58549,159,0
2025-02-03 08:00:00+00:00,2789.32,2804.246,2786.965,2801.142,54655,159,0
2025-02-03 12:00:00+00:00,2801.169,2830.57,2800.426,2817.456,104469,159,0
2025-02-03 16:00:00+00:00,2817.423,2825.301,2812.768,2818.268,62771,159,0
2025-02-03 20:00:00+00:00,2818.242,2819.508,2811.888,2814.023,24007,159,0
2025-02-04 00:00:00+00:00,2813.985,2824.68,2812.616,2821.403,39777,159,0
2025-02-04 04:00:00+00:00,2821.321,2821.48,2807.199,2812.723,58154,159,0
2025-02-04 08:00:00+00:00,2812.76,2821.895,2810.157,2815.444,55731,159,0
2025-02-04 12:00:00+00:00,2815.47,2845.504,2814.439,2835.914,94155,159,0
2025-02-04 16:00:00+00:00,2835.855,2844.969,2832.459,2843.057,49600,159,0
2025-02-04 20:00:00+00:00,2843.092,2844.917,2840.386,2841.206,15910,159,0
2025-02-05 00:00:00+00:00,2841.236,2854.321,2839.698,2852.34,52025,159,0
2025-02-05 04:00:00+00:00,2852.337,2864.214,2851.839,2864.174,34193,159,0
2025-02-05 08:00:00+00:00,2864.133,2877.069,2863.53,2868.658,41084,159,0
2025-02-05 12:00:00+00:00,2868.613,2882.425,2858.598,2880.223,79010,159,0
2025-02-05 16:00:00+00:00,2880.263,2881.188,2862.669,2863.512,63202,159,0
2025-02-05 20:00:00+00:00,2863.486,2870.97,2859.882,2869.279,22005,159,0
2025-02-06 00:00:00+00:00,2869.272,2873.317,2863.694,2869.405,41867,159,0
2025-02-06 04:00:00+00:00,2869.364,2872.311,2854.984,2855.822,43033,159,0
2025-02-06 08:00:00+00:00,2855.798,2867.342,2848.904,2865.972,54664,159,0
2025-02-06 12:00:00+00:00,2865.966,2870.312,2834.059,2850.595,93170,159,0
2025-02-06 16:00:00+00:00,2850.555,2854.743,2848.033,2853.746,43728,159,0
2025-02-06 20:00:00+00:00,2853.791,2858.777,2853.575,2858.0,14639,159,0
2025-02-07 00:00:00+00:00,2857.994,2870.645,2857.747,2867.181,31257,159,0
2025-02-07 04:00:00+00:00,2867.13,2869.615,2858.991,2864.214,32312,159,0
2025-02-07 08:00:00+00:00,2864.268,2870.685,2863.225,2867.628,38778,159,0
2025-02-07 12:00:00+00:00,2867.669,2886.747,2852.405,2880.299,93644,159,0
2025-02-07 16:00:00+00:00,2880.335,2881.545,2853.326,2860.146,64349,159,0
2025-02-07 20:00:00+00:00,2860.112,2863.782,2859.371,2861.002,13975,159,0
2025-02-09 20:00:00+00:00,2861.269,2870.59,2860.088,2867.495,7930,159,0
2025-02-10 00:00:00+00:00,2867.539,2876.602,2865.83,2875.572,38116,159,0
2025-02-10 04:00:00+00:00,2875.572,2896.595,2874.29,2895.471,37900,159,0
2025-02-10 08:00:00+00:00,2895.475,2906.297,2892.213,2904.502,47971,159,0
2025-02-10 12:00:00+00:00,2904.528,2912.062,2896.26,2908.93,76386,159,0
2025-02-10 16:00:00+00:00,2908.977,2910.318,2896.632,2904.342,38565,159,0
2025-02-10 20:00:00+00:00,2904.361,2921.603,2902.88,2917.847,20839,159,0
2025-02-11 00:00:00+00:00,2917.894,2942.649,2905.417,2919.716,82429,159,0
2025-02-11 04:00:00+00:00,2919.751,2929.43,2907.124,2913.351,54717,159,0
2025-02-11 08:00:00+00:00,2913.329,2915.303,2901.864,2903.981,61814,159,0
2025-02-11 12:00:00+00:00,2904.016,2906.574,2881.696,2904.794,104016,159,0
2025-02-11 16:00:00+00:00,2904.834,2908.679,2899.562,2900.082,41954,159,0
2025-02-11 20:00:00+00:00,2900.085,2900.906,2894.038,2898.536,16732,159,0
2025-02-12 00:00:00+00:00,2898.562,2898.895,2883.76,2889.001,46663,159,0
2025-02-12 04:00:00+00:00,2888.998,2895.862,2883.668,2892.773,38266,159,0
2025-02-12 08:00:00+00:00,2892.813,2894.083,2879.317,2879.802,37700,159,0
2025-02-12 12:00:00+00:00,2879.811,2898.014,2864.102,2894.553,90449,159,0
2025-02-12 16:00:00+00:00,2894.513,2909.267,2892.029,2897.905,42571,159,0
2025-02-12 20:00:00+00:00,2897.936,2906.403,2895.54,2905.781,14230,159,0
2025-02-13 00:00:00+00:00,2905.756,2918.097,2901.452,2916.475,33952,159,0
2025-02-13 04:00:00+00:00,2916.509,2922.801,2912.459,2914.569,35155,159,0
2025-02-13 08:00:00+00:00,2914.607,2919.475,2909.416,2917.873,39534,159,0
2025-02-13 12:00:00+00:00,2917.909,2921.398,2905.762,2920.235,67579,159,0
2025-02-13 16:00:00+00:00,2920.22,2927.402,2912.887,2926.812,36602,159,0
2025-02-13 20:00:00+00:00,2926.825,2932.484,2924.855,2931.217,15419,159,0
2025-02-14 00:00:00+00:00,2931.192,2933.879,2923.164,2924.33,33551,159,0
2025-02-14 04:00:00+00:00,2924.336,2936.84,2923.77,2931.853,36419,159,0
2025-02-14 08:00:00+00:00,2931.81,2940.0,2929.246,2931.181,38931,159,0
2025-02-14 12:00:00+00:00,2931.136,2933.388,2892.87,2901.939,105567,159,0
2025-02-14 16:00:00+00:00,2901.827,2903.915,2878.691,2880.499,61691,159,0
2025-02-14 20:00:00+00:00,2880.468,2886.209,2876.991,2882.772,14438,159,0
2025-02-16 20:00:00+00:00,2893.643,2894.027,2878.43,2879.221,16153,159,0
2025-02-17 00:00:00+00:00,2879.254,2904.607,2879.254,2903.603,38119,159,0
2025-02-17 04:00:00+00:00,2903.553,2905.407,2888.211,2902.479,34927,159,0
2025-02-17 08:00:00+00:00,2902.499,2906.428,2895.044,2900.992,39924,159,0
2025-02-17 12:00:00+00:00,2900.979,2904.199,2895.413,2899.19,44373,159,0
2025-02-17 16:00:00+00:00,2899.27,2901.275,2896.488,2897.392,18264,159,0
2025-02-17 20:00:00+00:00,2899.102,2899.482,2897.106,2899.373,2075,159,0
2025-02-18 00:00:00+00:00,2899.325,2910.89,2892.013,2909.001,26491,159,0
2025-02-18 04:00:00+00:00,2908.996,2915.629,2907.173,2911.501,26150,159,0
2025-02-18 08:00:00+00:00,2911.54,2914.922,2906.997,2914.174,26214,159,0
2025-02-18 12:00:00+00:00,2914.224,2929.609,2912.054,2927.02,47576,159,0
2025-02-18 16:00:00+00:00,2926.986,2936.994,2924.186,2935.821,33124,159,0
2025-02-18 20:00:00+00:00,2935.832,2936.788,2932.393,2934.061,11050,159,0
2025-02-19 00:00:00+00:00,2934.059,2939.653,2924.058,2928.825,28827,159,0
2025-02-19 04:00:00+00:00,2928.828,2935.872,2926.487,2934.25,24986,159,0
2025-02-19 08:00:00+00:00,2934.21,2947.049,2933.718,2935.087,32754,159,0
2025-02-19 12:00:00+00:00,2935.059,2941.657,2925.426,2925.793,57270,159,0
2025-02-19 16:00:00+00:00,2925.767,2932.365,2918.524,2931.754,43533,159,0
2025-02-19 20:00:00+00:00,2931.715,2937.461,2931.305,2935.384,13394,159,0
2025-02-20 00:00:00+00:00,2935.386,2944.057,2933.858,2941.913,29407,159,0
2025-02-20 04:00:00+00:00,2941.933,2954.216,2939.267,2948.871,23341,159,0
2025-02-20 08:00:00+00:00,2948.966,2954.975,2947.148,2948.768,27925,159,0
2025-02-20 12:00:00+00:00,2948.743,2950.82,2924.08,2938.545,67786,159,0
2025-02-20 16:00:00+00:00,2938.503,2946.996,2933.524,2937.894,36420,159,0
2025-02-20 20:00:00+00:00,2938.034,2943.433,2935.512,2941.53,14011,159,0
2025-02-21 00:00:00+00:00,2941.57,2949.786,2926.286,2931.262,44505,159,0
2025-02-21 04:00:00+00:00,2931.262,2934.039,2924.187,2930.07,31277,159,0
2025-02-21 08:00:00+00:00,2930.032,2936.114,2916.682,2928.376,30977,159,0
2025-02-21 12:00:00+00:00,2928.411,2939.091,2921.547,2928.696,53692,159,0
2025-02-21 16:00:00+00:00,2928.67,2942.804,2927.322,2933.398,33454,159,0
2025-02-21 20:00:00+00:00,2933.374,2938.227,2932.099,2936.453,11766,159,0
2025-02-23 20:00:00+00:00,2939.411,2940.546,2936.498,2936.867,6037,159,0
2025-02-24 00:00:00+00:00,2936.863,2944.839,2921.332,2941.076,51186,159,0
2025-02-24 04:00:00+00:00,2941.133,2945.01,2935.22,2943.809,29695,159,0
2025-02-24 08:00:00+00:00,2943.85,2948.737,2934.893,2947.754,29260,159,0
2025-02-24 12:00:00+00:00,2947.709,2956.181,2930.649,2936.524,55939,159,0
2025-02-24 16:00:00+00:00,2936.5,2949.91,2936.45,2949.154,30336,159,0
2025-02-24 20:00:00+00:00,2949.214,2953.943,2947.038,2949.996,13708,159,0
2025-02-25 00:00:00+00:00,2949.957,2952.552,2937.535,2939.513,29868,159,0
2025-02-25 04:00:00+00:00,2939.492,2940.964,2930.471,2931.736,28634,159,0
2025-02-25 08:00:00+00:00,2931.762,2942.456,2929.553,2938.626,28502,159,0
2025-02-25 12:00:00+00:00,2938.664,2944.949,2900.498,2905.866,85025,159,0
2025-02-25 16:00:00+00:00,2905.892,2913.899,2888.229,2912.051,56271,159,0
2025-02-25 20:00:00+00:00,2912.074,2919.051,2910.817,2918.604,16583,159,0
2025-02-26 00:00:00+00:00,2918.626,2930.141,2914.783,2917.295,31104,159,0
2025-02-26 04:00:00+00:00,2917.264,2921.014,2905.857,2915.529,27107,159,0
2025-02-26 08:00:00+00:00,2915.504,2918.966,2909.518,2913.815,27333,159,0
2025-02-26 12:00:00+00:00,2913.844,2915.471,2890.669,2913.199,61176,159,0
2025-02-26 16:00:00+00:00,2913.239,2916.689,2909.914,2913.934,33408,159,0
2025-02-26 20:00:00+00:00,2913.921,2920.788,2911.996,2919.118,12511,159,0
2025-02-27 00:00:00+00:00,2919.176,2919.176,2904.352,2905.729,29353,159,0
2025-02-27 04:00:00+00:00,2905.768,2906.555,2887.924,2891.988,43095,159,0
2025-02-27 08:00:00+00:00,2891.944,2894.942,2876.987,2883.942,43537,159,0
2025-02-27 12:00:00+00:00,2884.054,2892.452,2867.74,2872.392,87007,159,0
2025-02-27 16:00:00+00:00,2872.363,2887.704,2871.766,2879.21,41349,159,0
2025-02-27 20:00:00+00:00,2879.248,2879.342,2871.339,2876.063,21672,159,0
2025-02-28 00:00:00+00:00,2876.069,2885.034,2863.667,2865.751,38151,159,0
2025-02-28 04:00:00+00:00,2865.731,2867.005,2856.942,2858.678,40380,159,0
2025-02-28 08:00:00+00:00,2858.639,2864.852,2851.064,2862.174,31914,159,0
2025-02-28 12:00:00+00:00,2862.216,2864.99,2832.578,2850.167,74843,159,0
2025-02-28 16:00:00+00:00,2850.197,2853.899,2838.063,2849.606,46263,159,0
2025-02-28 20:00:00+00:00,2849.58,2859.697,2847.79,2858.242,13117,159,0
2025-03-02 20:00:00+00:00,2873.556,2876.994,2863.995,2870.799,14068,159,0
2025-03-03 00:00:00+00:00,2870.866,2872.055,2859.294,2864.775,36222,159,0
2025-03-03 04:00:00+00:00,2864.85,2868.481,2860.093,2863.208,24804,159,0
2025-03-03 08:00:00+00:00,2863.274,2875.413,2858.83,2874.411,30834,159,0
2025-03-03 12:00:00+00:00,2874.361,2890.536,2868.878,2887.771,55003,159,0
2025-03-03 16:00:00+00:00,2887.862,2893.108,2879.697,2881.612,37482,159,0
2025-03-03 20:00:00+00:00,2881.655,2895.267,2878.303,2890.886,21303,159,0
2025-03-04 00:00:00+00:00,2890.863,2893.734,2881.95,2888.629,30466,159,0
2025-03-04 04:00:00+00:00,2888.57,2901.552,2884.391,2899.923,29099,159,0
2025-03-04 08:00:00+00:00,2899.908,2921.773,2896.707,2919.942,38808,159,0
2025-03-04 12:00:00+00:00,2920.02,2927.891,2900.31,2906.102,70790,159,0
2025-03-04 16:00:00+00:00,2906.087,2916.501,2903.724,2916.09,37230,159,0
2025-03-04 20:00:00+00:00,2916.052,2920.529,2913.269,2914.363,16626,159,0
2025-03-05 00:00:00+00:00,2914.355,2917.168,2902.094,2908.743,42886,159,0
2025-03-05 04:00:00+00:00,2908.704,2921.646,2908.576,2917.989,30892,159,0
2025-03-05 08:00:00+00:00,2917.947,2922.528,2909.01,2913.225,38021,159,0
2025-03-05 12:00:00+00:00,2913.278,2923.808,2894.255,2917.167,87421,159,0
2025-03-05 16:00:00+00:00,2917.109,2930.042,2911.189,2920.551,51536,159,0
2025-03-05 20:00:00+00:00,2920.512,2923.119,2916.711,2918.236,14192,159,0
2025-03-06 00:00:00+00:00,2918.237,2926.567,2915.874,2921.261,26166,159,0
2025-03-06 04:00:00+00:00,2921.227,2923.073,2909.757,2910.137,30601,159,0
2025-03-06 08:00:00+00:00,2910.108,2911.53,2891.159,2905.714,49643,159,0
2025-03-06 12:00:00+00:00,2905.76,2922.764,2899.238,2914.497,71112,159,0
2025-03-06 16:00:00+00:00,2914.53,2921.419,2912.337,2914.04,38818,159,0
2025-03-06 20:00:00+00:00,2914.013,2916.613,2908.373,2910.314,16936,159,0
2025-03-07 00:00:00+00:00,2910.249,2910.326,2896.667,2905.355,47811,159,0
2025-03-07 04:00:00+00:00,2905.269,2917.279,2904.73,2917.098,31857,159,0
2025-03-07 08:00:00+00:00,2917.138,2923.007,2915.201,2918.7,34266,159,0
2025-03-07 12:00:00+00:00,2918.796,2930.466,2903.57,2915.819,90269,159,0
2025-03-07 16:00:00+00:00,2915.783,2919.423,2901.86,2905.229,57912,159,0
2025-03-07 20:00:00+00:00,2905.199,2912.663,2904.716,2911.256,10911,159,0
2025-03-09 20:00:00+00:00,2912.347,2917.051,2909.658,2916.187,10324,159,0
2025-03-10 00:00:00+00:00,2916.19,2918.312,2908.127,2910.943,35774,159,0
2025-03-10 04:00:00+00:00,2910.982,2915.426,2904.304,2908.444,27524,159,0
2025-03-10 08:00:00+00:00,2908.432,2915.472,2895.606,2904.027,51518,159,0
2025-03-10 12:00:00+00:00,2904.029,2910.642,2897.612,2904.485,77902,159,0
2025-03-10 16:00:00+00:00,2904.506,2906.841,2880.166,2885.494,55245,159,0
2025-03-10 20:00:00+00:00,2885.422,2890.177,2882.332,2884.685,12061,159,0
2025-03-11 00:00:00+00:00,2884.724,2900.486,2880.131,2896.91,37577,159,0
2025-03-11 04:00:00+00:00,2896.91,2903.586,2892.752,2901.009,30226,159,0
2025-03-11 08:00:00+00:00,2901.052,2915.464,2900.416,2913.668,28258,159,0
2025-03-11 12:00:00+00:00,2913.651,2922.262,2906.789,2916.875,56748,159,0
2025-03-11 16:00:00+00:00,2916.833,2921.385,2914.071,2918.403,28460,159,0
2025-03-11 20:00:00+00:00,2918.365,2919.589,2914.414,2915.551,9976,159,0
2025-03-12 00:00:00+00:00,2915.589,2919.995,2910.866,2914.941,23697,159,0
2025-03-12 04:00:00+00:00,2914.977,2921.125,2908.904,2914.462,28270,159,0
2025-03-12 08:00:00+00:00,2914.477,2925.372,2912.638,2915.304,32522,159,0
2025-03-12 12:00:00+00:00,2915.308,2929.444,2905.97,2928.377,66294,159,0
2025-03-12 16:00:00+00:00,2928.457,2940.592,2927.89,2931.322,40119,159,0
2025-03-12 20:00:00+00:00,2931.289,2939.353,2930.784,2938.039,11226,159,0
2025-03-13 00:00:00+00:00,2938.025,2947.124,2936.511,2945.636,24283,159,0
2025-03-13 04:00:00+00:00,2945.601,2946.152,2932.92,2935.252,25509,159,0
2025-03-13 08:00:00+00:00,2935.287,2948.885,2934.768,2946.333,27218,159,0
2025-03-13 12:00:00+00:00,2946.371,2978.486,2938.935,2977.772,73479,159,0
2025-03-13 16:00:00+00:00,2977.797,2985.474,2976.363,2982.946,44808,159,0
2025-03-13 20:00:00+00:00,2982.973,2989.916,2981.256,2986.435,13010,159,0
2025-03-14 00:00:00+00:00,2986.473,2992.96,2981.721,2992.631,34461,159,0
2025-03-14 04:00:00+00:00,2992.654,2993.922,2980.753,2986.892,29298,159,0
2025-03-14 08:00:00+00:00,2986.921,3004.879,2985.154,2993.503,36453,159,0
2025-03-14 12:00:00+00:00,2993.477,2999.673,2978.421,2984.607,69070,159,0
2025-03-14 16:00:00+00:00,2984.569,2990.43,2982.14,2984.02,27440,159,0
2025-03-14 20:00:00+00:00,2983.985,2988.756,2981.633,2986.37,3476,159,0
2025-03-16 20:00:00+00:00,2987.601,2994.105,2986.054,2990.061,7877,159,0
2025-03-17 00:00:00+00:00,2990.027,2993.091,2985.22,2986.917,24494,159,0
2025-03-17 04:00:00+00:00,2986.943,2990.73,2982.158,2985.487,19500,159,0
2025-03-17 08:00:00+00:00,2985.548,3001.217,2983.053,2997.475,22042,159,0
2025-03-17 12:00:00+00:00,2997.515,3000.512,2984.718,2997.095,52902,159,0
2025-03-17 16:00:00+00:00,2997.165,3000.838,2993.027,3000.173,23568,159,0
2025-03-17 20:00:00+00:00,3000.147,3002.807,2999.583,2999.831,7178,159,0
2025-03-18 00:00:00+00:00,2999.803,3015.054,2999.49,3011.333,28104,159,0
2025-03-18 04:00:00+00:00,3011.34,3018.955,3006.066,3016.439,26843,159,0
2025-03-18 08:00:00+00:00,3016.483,3029.461,3016.354,3026.839,28725,159,0
2025-03-18 12:00:00+00:00,3026.842,3038.334,3024.72,3031.758,60346,159,0
2025-03-18 16:00:00+00:00,3031.719,3037.935,3029.777,3035.615,26605,159,0
2025-03-18 20:00:00+00:00,3035.643,3035.974,3031.512,3031.774,7866,159,0
2025-03-19 00:00:00+00:00,3031.801,3039.029,3027.32,3036.325,20233,159,0
2025-03-19 04:00:00+00:00,3036.291,3045.362,3034.25,3035.896,31341,159,0
2025-03-19 08:00:00+00:00,3035.949,3039.902,3022.744,3038.946,28255,159,0
2025-03-19 12:00:00+00:00,3038.955,3041.155,3025.845,3031.458,42495,159,0
2025-03-19 16:00:00+00:00,3031.482,3051.924,3029.388,3047.858,44290,159,0
2025-03-19 20:00:00+00:00,3047.818,3051.335,3044.205,3050.026,10364,159,0
2025-03-20 00:00:00+00:00,3050.023,3056.225,3045.054,3049.964,35062,159,0
2025-03-20 04:00:00+00:00,3050.068,3057.484,3041.78,3042.232,32535,159,0
2025-03-20 08:00:00+00:00,3042.268,3046.241,3025.626,3034.433,40483,159,0
2025-03-20 12:00:00+00:00,3034.467,3042.288,3029.883,3040.765,50208,159,0
2025-03-20 16:00:00+00:00,3040.802,3046.094,3033.884,3044.569,28123,159,0
2025-03-20 20:00:00+00:00,3044.604,3046.598,3043.501,3046.409,7027,159,0
2025-03-21 00:00:00+00:00,3046.335,3047.435,3029.984,3030.585,25625,159,0
2025-03-21 04:00:00+00:00,3030.539,3033.939,3021.553,3031.927,27917,159,0
2025-03-21 08:00:00+00:00,3032.022,3037.694,3027.049,3034.332,27995,159,0
2025-03-21 12:00:00+00:00,3034.311,3038.128,2999.385,3011.072,78210,159,0
2025-03-21 16:00:00+00:00,3011.037,3022.049,3010.66,3020.013,30187,159,0
2025-03-21 20:00:00+00:00,3020.037,3024.274,3019.974,3023.493,3771,160,0
2025-03-23 20:00:00+00:00,3023.441,3026.292,3022.143,3024.721,6816,159,0
2025-03-24 00:00:00+00:00,3024.709,3025.582,3013.646,3016.999,31895,159,0
2025-03-24 04:00:00+00:00,3017.049,3028.903,3016.524,3022.361,24579,159,0
2025-03-24 08:00:00+00:00,3022.329,3033.208,3021.835,3024.642,29535,159,0
2025-03-24 12:00:00+00:00,3024.602,3028.651,3005.745,3014.036,51318,159,0
2025-03-24 16:00:00+00:00,3014.054,3015.604,3002.465,3006.133,30580,159,0
2025-03-24 20:00:00+00:00,3006.096,3014.63,3005.559,3009.91,8776,159,0
2025-03-25 00:00:00+00:00,3009.945,3016.215,3007.555,3015.248,21524,159,0
2025-03-25 04:00:00+00:00,3015.284,3021.06,3010.521,3011.13,20127,159,0
2025-03-25 08:00:00+00:00,3011.151,3026.436,3010.681,3020.775,25564,159,0
2025-03-25 12:00:00+00:00,3020.738,3036.014,3014.132,3021.561,51481,159,0
2025-03-25 16:00:00+00:00,3021.592,3025.531,3017.721,3019.59,23133,159,0
2025-03-25 20:00:00+00:00,3019.616,3022.454,3018.824,3021.041,6394,159,0
2025-03-26 00:00:00+00:00,3021.037,3027.114,3016.394,3017.616,26364,159,0
2025-03-26 04:00:00+00:00,3017.542,3030.819,3013.218,3030.471,24945,159,0
2025-03-26 08:00:00+00:00,3030.509,3032.042,3016.886,3027.62,26163,159,0
2025-03-26 12:00:00+00:00,3027.54,3029.975,3012.325,3015.878,41864,159,0
2025-03-26 16:00:00+00:00,3015.911,3020.861,3015.157,3017.342,23330,159,0
2025-03-26 20:00:00+00:00,3017.367,3021.855,3017.188,3021.623,11646,160,0
2025-03-27 00:00:00+00:00,3021.563,3034.286,3021.522,3033.568,26221,159,0
2025-03-27 04:00:00+00:00,3033.568,3038.61,3026.7,3035.85,32012,159,0
2025-03-27 08:00:00+00:00,3035.863,3055.898,3033.757,3054.566,37308,159,0
2025-03-27 12:00:00+00:00,3054.548,3059.86,3033.428,3052.181,72170,159,0
2025-03-27 16:00:00+00:00,3052.123,3057.83,3047.779,3057.468,33150,159,0
2025-03-27 20:00:00+00:00,3057.438,3057.641,3054.119,3055.71,8383,159,0
2025-03-28 00:00:00+00:00,3055.726,3077.502,3054.997,3075.266,35017,159,0
2025-03-28 04:00:00+00:00,3075.25,3086.017,3072.446,3079.348,29585,159,0
2025-03-28 08:00:00+00:00,3079.302,3081.231,3066.153,3076.363,31307,159,0
2025-03-28 12:00:00+00:00,3076.344,3086.807,3067.255,3083.707,80799,159,0
2025-03-28 16:00:00+00:00,3083.677,3086.717,3073.488,3080.734,32808,159,0
2025-03-28 20:00:00+00:00,3080.708,3085.955,3080.708,3085.002,4575,159,0
2025-03-30 20:00:00+00:00,3092.531,3097.843,3087.793,3089.213,13252,159,0
2025-03-31 00:00:00+00:00,3089.159,3111.695,3076.803,3107.138,59120,159,0
2025-03-31 04:00:00+00:00,3107.072,3128.165,3105.925,3124.523,47601,159,0
2025-03-31 08:00:00+00:00,3124.477,3127.156,3111.82,3119.48,38673,159,0
2025-03-31 12:00:00+00:00,3119.471,3127.237,3099.753,3113.807,89051,159,0
2025-03-31 16:00:00+00:00,3113.847,3124.652,3111.637,3124.36,32493,159,0
2025-03-31 20:00:00+00:00,3124.32,3126.447,3120.05,3120.581,9928,159,0
2025-04-01 00:00:00+00:00,3120.569,3147.335,3120.227,3146.028,49905,159,0
2025-04-01 04:00:00+00:00,3146.0,3149.059,3124.123,3127.638,55667,159,0
2025-04-01 08:00:00+00:00,3127.594,3138.997,3126.392,3130.319,35926,159,0
2025-04-01 12:00:00+00:00,3130.354,3137.075,3113.401,3113.725,73441,159,0
2025-04-01 16:00:00+00:00,3113.69,3119.037,3100.761,3118.723,45301,159,0
2025-04-01 20:00:00+00:00,3118.681,3120.866,3107.742,3115.168,12627,159,0
2025-04-02 00:00:00+00:00,3115.16,3135.703,3112.989,3125.489,43370,159,0
2025-04-02 04:00:00+00:00,3125.458,3126.779,3108.623,3125.309,38007,159,0
2025-04-02 08:00:00+00:00,3125.275,3133.878,3110.052,3121.23,40344,159,0
2025-04-02 12:00:00+00:00,3121.314,3132.192,3116.608,3125.863,57685,159,0
2025-04-02 16:00:00+00:00,3125.909,3134.396,3118.666,3124.385,35035,159,0
2025-04-02 20:00:00+00:00,3124.305,3167.792,3104.795,3162.703,105579,159,0
2025-04-03 00:00:00+00:00,3162.55,3164.804,3140.717,3148.066,101088,159,0
2025-04-03 04:00:00+00:00,3148.02,3149.659,3116.432,3128.957,76111,159,0
2025-04-03 08:00:00+00:00,3129.011,3132.039,3085.054,3093.188,87998,159,0
2025-04-03 12:00:00+00:00,3093.193,3135.605,3054.052,3110.553,168226,159,0
2025-04-03 16:00:00+00:00,3110.603,3114.282,3099.949,3107.575,47710,159,0
2025-04-03 20:00:00+00:00,3107.567,3119.971,3107.2,3112.884,17574,159,0
2025-04-04 00:00:00+00:00,3112.908,3115.792,3087.018,3098.409,53798,159,0
2025-04-04 04:00:00+00:00,3098.454,3109.927,3091.993,3092.85,50074,159,0
2025-04-04 08:00:00+00:00,3092.774,3136.756,3078.42,3110.242,109571,159,0
2025-04-04 12:00:00+00:00,3110.248,3111.823,3016.939,3021.951,204799,159,0
2025-04-04 16:00:00+00:00,3021.908,3040.953,3015.556,3036.427,89709,159,0
2025-04-04 20:00:00+00:00,3036.464,3040.904,3033.834,3038.506,9043,159,0
2025-04-06 20:00:00+00:00,3028.686,3032.445,2977.024,2999.944,46504,159,0
2025-04-07 00:00:00+00:00,2999.954,3055.804,2970.689,3018.882,170272,159,0
2025-04-07 04:00:00+00:00,3018.946,3044.629,3013.2,3018.569,101995,159,0
2025-04-07 08:00:00+00:00,3018.527,3046.148,3017.652,3031.27,90995,159,0
2025-04-07 12:00:00+00:00,3031.296,3038.037,2979.826,2987.491,205185,159,0
2025-04-07 16:00:00+00:00,2987.526,2987.842,2956.302,2976.636,94865,159,0
2025-04-07 20:00:00+00:00,2976.704,2988.651,2969.926,2981.328,22760,159,0
2025-04-08 00:00:00+00:00,2981.363,3004.834,2980.318,2994.741,69735,159,0
2025-04-08 04:00:00+00:00,2994.716,3015.779,2990.88,3003.607,62923,159,0
2025-04-08 08:00:00+00:00,3003.579,3019.502,2994.795,3017.379,42658,159,0
2025-04-08 12:00:00+00:00,3017.467,3022.746,3001.241,3001.545,79287,159,0
2025-04-08 16:00:00+00:00,3001.596,3001.596,2974.596,2984.959,51901,159,0
2025-04-08 20:00:00+00:00,2984.996,2990.846,2969.971,2978.367,21889,159,0
2025-04-09 00:00:00+00:00,2978.398,3011.253,2972.475,3004.464,78750,159,0
2025-04-09 04:00:00+00:00,3004.464,3052.419,2999.481,3041.091,76768,159,0
2025-04-09 08:00:00+00:00,3041.05,3068.139,3036.077,3066.596,65673,159,0
2025-04-09 12:00:00+00:00,3066.631,3087.778,3042.626,3086.288,100293,159,0
2025-04-09 16:00:00+00:00,3086.33,3099.69,3048.521,3093.574,110160,159,0
2025-04-09 20:00:00+00:00,3093.548,3095.544,3071.424,3086.784,26888,159,0
2025-04-10 00:00:00+00:00,3086.745,3131.834,3078.448,3125.405,78046,159,0
2025-04-10 04:00:00+00:00,3125.366,3132.57,3106.611,3108.703,49179,159,0
2025-04-10 08:00:00+00:00,3108.704,3125.656,3103.182,3124.648,48206,159,0
2025-04-10 12:00:00+00:00,3124.677,3174.993,3116.011,3157.996,100488,159,0
2025-04-10 16:00:00+00:00,3157.95,3176.428,3151.542,3170.773,59460,159,0
2025-04-10 20:00:00+00:00,3170.749,3191.324,3168.493,3188.972,23665,159,0
2025-04-11 00:00:00+00:00,3188.993,3220.133,3184.855,3217.686,85389,159,0
2025-04-11 04:00:00+00:00,3217.693,3219.286,3187.126,3212.406,73486,159,0
2025-04-11 08:00:00+00:00,3212.43,3237.84,3208.511,3213.872,73516,159,0
2025-04-11 12:00:00+00:00,3213.91,3244.125,3211.033,3240.577,96833,159,0
2025-04-11 16:00:00+00:00,3240.602,3245.436,3219.579,3231.084,48781,159,0
2025-04-11 20:00:00+00:00,3231.057,3238.968,3230.864,3237.519,5174,159,0
2025-04-13 20:00:00+00:00,3220.46,3224.725,3213.589,3223.805,19751,159,0
2025-04-14 00:00:00+00:00,3223.699,3245.757,3215.38,3232.444,54727,159,0
2025-04-14 04:00:00+00:00,3232.445,3238.198,3221.386,3228.013,39560,159,0
2025-04-14 08:00:00+00:00,3227.973,3231.713,3206.323,3223.359,51851,159,0
2025-04-14 12:00:00+00:00,3223.332,3227.712,3193.552,3198.051,76038,159,0
2025-04-14 16:00:00+00:00,3198.089,3216.602,3197.669,3212.699,32679,159,0
2025-04-14 20:00:00+00:00,3212.745,3215.246,3207.342,3212.599,11464,159,0
2025-04-15 00:00:00+00:00,3212.634,3228.966,3209.977,3228.304,34993,159,0
2025-04-15 04:00:00+00:00,3228.345,3232.649,3217.371,3225.671,31284,159,0
2025-04-15 08:00:00+00:00,3225.623,3232.153,3216.776,3220.164,31501,159,0
2025-04-15 12:00:00+00:00,3220.192,3226.861,3211.575,3221.371,47795,159,0
2025-04-15 16:00:00+00:00,3221.394,3231.872,3219.487,3229.793,21546,159,0
2025-04-15 20:00:00+00:00,3229.831,3251.826,3226.428,3251.78,17867,159,0
2025-04-16 00:00:00+00:00,3251.804,3281.75,3251.59,3281.401,54588,159,0
2025-04-16 04:00:00+00:00,3281.401,3300.663,3269.272,3300.41,44814,159,0
2025-04-16 08:00:00+00:00,3300.458,3317.821,3288.646,3306.842,58245,159,0
2025-04-16 12:00:00+00:00,3306.798,3328.14,3296.866,3325.328,72785,159,0
2025-04-16 16:00:00+00:00,3325.288,3342.497,3321.433,3336.667,42384,159,0
2025-04-16 20:00:00+00:00,3336.72,3357.758,3334.437,3350.133,22471,159,0
2025-04-17 00:00:00+00:00,3350.168,3356.281,3320.801,3344.57,75155,159,0
2025-04-17 04:00:00+00:00,3344.55,3345.47,3314.279,3323.323,51700,159,0
2025-04-17 08:00:00+00:00,3323.36,3334.172,3312.683,3327.371,39106,159,0
2025-04-17 12:00:00+00:00,3327.322,3342.361,3283.822,3296.431,99588,159,0
2025-04-17 16:00:00+00:00,3296.335,3322.489,3294.904,3320.74,37747,159,0
2025-04-17 20:00:00+00:00,3320.691,3328.838,3317.975,3327.671,5337,159,0
2025-04-20 20:00:00+00:00,3331.849,3353.168,3331.288,3348.078,23655,159,0
2025-04-21 00:00:00+00:00,3348.191,3385.294,3347.487,3382.472,59984,159,0
2025-04-21 04:00:00+00:00,3382.465,3396.018,3369.558,3385.058,45552,159,0
2025-04-21 08:00:00+00:00,3385.031,3405.924,3383.647,3404.443,38846,159,0
2025-04-21 12:00:00+00:00,3404.499,3430.279,3398.008,3422.941,84603,159,0
2025-04-21 16:00:00+00:00,3422.897,3430.547,3406.013,3423.431,40382,159,0
2025-04-21 20:00:00+00:00,3423.458,3444.257,3419.628,3434.548,26931,159,0
2025-04-22 00:00:00+00:00,3434.524,3494.771,3412.18,3487.776,94827,159,0
2025-04-22 04:00:00+00:00,3487.894,3500.033,3460.861,3468.67,92176,159,0
2025-04-22 08:00:00+00:00,3468.671,3472.681,3443.156,3456.721,68425,159,0
2025-04-22 12:00:00+00:00,3456.706,3464.803,3408.594,3417.72,126990,159,0
2025-04-22 16:00:00+00:00,3417.678,3421.033,3366.718,3374.789,110078,159,0
2025-04-22 20:00:00+00:00,3374.818,3382.706,3315.831,3336.561,54496,159,0
2025-04-23 00:00:00+00:00,3336.607,3386.661,3329.203,3338.878,116680,159,0
2025-04-23 04:00:00+00:00,3338.943,3349.334,3291.763,3319.13,93226,159,0
2025-04-23 08:00:00+00:00,3319.185,3340.536,3305.439,3324.594,58701,159,0
2025-04-23 12:00:00+00:00,3324.677,3333.359,3260.042,3280.373,150481,159,0
2025-04-23 16:00:00+00:00,3280.428,3305.6,3277.789,3293.849,55566,159,0
2025-04-23 20:00:00+00:00,3293.943,3316.882,3283.939,3316.384,23701,159,0
2025-04-24 00:00:00+00:00,3316.351,3367.543,3313.286,3327.074,97886,159,0
2025-04-24 04:00:00+00:00,3326.906,3339.837,3314.775,3333.586,61337,159,0
2025-04-24 08:00:00+00:00,3333.733,3343.988,3325.428,3336.959,44729,159,0
2025-04-24 12:00:00+00:00,3336.948,3344.719,3306.737,3329.391,84292,159,0
2025-04-24 16:00:00+00:00,3329.365,3347.037,3322.437,3342.226,35446,159,0
2025-04-24 20:00:00+00:00,3342.266,3370.789,3338.128,3348.976,26795,159,0
2025-04-25 00:00:00+00:00,3348.951,3363.12,3322.632,3323.655,58445,159,0
2025-04-25 04:00:00+00:00,3323.681,3327.775,3287.012,3307.377,81168,159,0
2025-04-25 08:00:00+00:00,3307.408,3308.754,3287.911,3293.455,49060,159,0
2025-04-25 12:00:00+00:00,3293.426,3303.054,3265.072,3282.883,87868,159,0
2025-04-25 16:00:00+00:00,3282.89,3312.464,3280.338,3304.818,36984,159,0
2025-04-25 20:00:00+00:00,3304.856,3319.24,3304.569,3318.726,7500,159,0
2025-04-27 20:00:00+00:00,3325.64,3330.229,3298.606,3302.739,25689,159,0
2025-04-28 00:00:00+00:00,3302.791,3315.965,3268.074,3290.902,77633,159,0
2025-04-28 04:00:00+00:00,3290.894,3301.054,3277.645,3287.466,46513,159,0
2025-04-28 08:00:00+00:00,3287.44,3297.183,3273.225,3294.202,38755,159,0
2025-04-28 12:00:00+00:00,3294.225,3336.044,3286.823,3325.005,78435,159,0
2025-04-28 16:00:00+00:00,3325.035,3353.004,3324.496,3352.076,41043,159,0
2025-04-28 20:00:00+00:00,3352.107,3352.38,3332.362,3337.61,24152,159,0
2025-04-29 00:00:00+00:00,3337.643,3340.039,3308.016,3316.03,59320,159,0
2025-04-29 04:00:00+00:00,3316.057,3323.895,3305.084,3323.042,39338,159,0
2025-04-29 08:00:00+00:00,3323.066,3324.9,3306.159,3309.416,33233,159,0
2025-04-29 12:00:00+00:00,3309.358,3321.374,3299.649,3312.455,75314,159,0
2025-04-29 16:00:00+00:00,3312.477,3330.013,3312.187,3320.535,35059,159,0
2025-04-29 20:00:00+00:00,3320.51,3323.498,3310.949,3317.122,15585,159,0
2025-04-30 00:00:00+00:00,3317.122,3327.971,3303.782,3304.753,43135,159,0
2025-04-30 04:00:00+00:00,3304.765,3314.658,3301.326,3307.203,31537,159,0
2025-04-30 08:00:00+00:00,3307.242,3307.704,3268.3,3272.319,49631,159,0
2025-04-30 12:00:00+00:00,3272.343,3319.742,3266.901,3307.955,103065,159,0
2025-04-30 16:00:00+00:00,3308.073,3314.279,3292.086,3295.883,38619,159,0
2025-04-30 20:00:00+00:00,3295.808,3297.987,3269.738,3272.887,31986,159,0
2025-05-01 00:00:00+00:00,3272.922,3276.323,3228.894,3229.493,75479,159,0
2025-05-01 04:00:00+00:00,3229.496,3243.171,3221.264,3230.192,51893,159,0
2025-05-01 08:00:00+00:00,3230.149,3236.752,3203.334,3205.502,41369,159,0
2025-05-01 12:00:00+00:00,3205.465,3233.32,3201.862,3216.475,92615,159,0
2025-05-01 16:00:00+00:00,3216.437,3229.776,3208.912,3228.25,36090,159,0
2025-05-01 20:00:00+00:00,3228.236,3243.531,3228.039,3237.253,21975,159,0
2025-05-02 00:00:00+00:00,3237.291,3258.758,3227.533,3254.916,45074,159,0
2025-05-02 04:00:00+00:00,3255.02,3263.343,3246.314,3258.895,36616,159,0
2025-05-02 08:00:00+00:00,3258.992,3269.242,3255.161,3262.698,36563,159,0
2025-05-02 12:00:00+00:00,3262.684,3264.933,3230.19,3231.601,100288,159,0
2025-05-02 16:00:00+00:00,3231.604,3239.823,3222.721,3233.555,56363,159,0
2025-05-02 20:00:00+00:00,3233.581,3241.232,3232.627,3240.947,5915,159,0
2025-05-04 20:00:00+00:00,3238.49,3252.3,3237.49,3247.922,17316,159,0
2025-05-05 00:00:00+00:00,3247.981,3272.429,3241.18,3254.585,48353,159,0
2025-05-05 04:00:00+00:00,3254.55,3267.748,3253.616,3264.76,37620,159,0
2025-05-05 08:00:00+00:00,3264.82,3318.985,3263.06,3312.919,53055,159,0
2025-05-05 12:00:00+00:00,3312.801,3328.838,3309.006,3312.065,65149,159,0
2025-05-05 16:00:00+00:00,3312.028,3337.678,3305.577,3328.793,39970,159,0
2025-05-05 20:00:00+00:00,3328.76,3338.052,3327.401,3334.031,19407,159,0
2025-05-06 00:00:00+00:00,3334.038,3387.099,3323.139,3360.401,97757,159,0
2025-05-06 04:00:00+00:00,3360.395,3379.653,3350.152,3371.2,54243,159,0
2025-05-06 08:00:00+00:00,3371.313,3385.084,3368.547,3379.123,44830,159,0
2025-05-06 12:00:00+00:00,3379.145,3399.895,3373.128,3395.051,72672,159,0
2025-05-06 16:00:00+00:00,3395.083,3424.077,3394.673,3423.168,41766,159,0
2025-05-06 20:00:00+00:00,3423.139,3435.016,3376.84,3400.68,64849,159,0
2025-05-07 00:00:00+00:00,3400.723,3401.666,3360.068,3375.541,99157,159,0
2025-05-07 04:00:00+00:00,3375.519,3397.425,3374.962,3387.991,46285,159,0
2025-05-07 08:00:00+00:00,3387.971,3393.387,3369.186,3387.083,45593,159,0
2025-05-07 12:00:00+00:00,3387.055,3398.082,3375.662,3385.27,69180,159,0
2025-05-07 16:00:00+00:00,3385.224,3398.001,3363.692,3371.832,75757,159,0
2025-05-07 20:00:00+00:00,3371.954,3377.185,3363.791,3376.488,21367,159,0
2025-05-08 00:00:00+00:00,3376.515,3414.851,3373.777,3396.864,65661,159,0
2025-05-08 04:00:00+00:00,3396.839,3399.385,3320.263,3342.956,92359,159,0
2025-05-08 08:00:00+00:00,3342.892,3346.695,3330.39,3344.378,46419,159,0
2025-05-08 12:00:00+00:00,3344.311,3369.602,3326.804,3330.509,86928,159,0
2025-05-08 16:00:00+00:00,3330.47,3330.47,3288.697,3306.384,70174,159,0
2025-05-08 20:00:00+00:00,3306.434,3324.007,3303.828,3316.412,25732,159,0
2025-05-09 00:00:00+00:00,3316.448,3323.138,3274.664,3308.106,81104,159,0
2025-05-09 04:00:00+00:00,3308.099,3332.264,3308.099,3327.074,49802,159,0
2025-05-09 08:00:00+00:00,3327.208,3338.367,3320.217,3332.962,39045,159,0
2025-05-09 12:00:00+00:00,3333.066,3346.044,3320.298,3345.04,63345,159,0
2025-05-09 16:00:00+00:00,3345.143,3347.556,3325.441,3328.802,32130,159,0
2025-05-09 20:00:00+00:00,3328.76,3330.295,3325.142,3326.805,5122,159,0
2025-05-11 20:00:00+00:00,3282.255,3292.606,3265.847,3287.534,32354,159,0
2025-05-12 00:00:00+00:00,3287.506,3289.998,3258.751,3283.25,77887,159,0
2025-05-12 04:00:00+00:00,3283.214,3283.662,3216.131,3222.685,85580,159,0
2025-05-12 08:00:00+00:00,3222.718,3234.462,3207.693,3224.811,80179,159,0
2025-05-12 12:00:00+00:00,3224.777,3248.609,3220.326,3239.262,95243,159,0
2025-05-12 16:00:00+00:00,3239.237,3240.138,3220.295,3235.394,41760,159,0
2025-05-12 20:00:00+00:00,3235.355,3241.807,3229.864,3236.88,18090,159,0
2025-05-13 00:00:00+00:00,3236.906,3243.399,3215.868,3236.743,57836,159,0
2025-05-13 04:00:00+00:00,3236.719,3265.659,3234.881,3259.098,44420,159,0
2025-05-13 08:00:00+00:00,3259.139,3261.284,3248.716,3249.14,34819,159,0
2025-05-13 12:00:00+00:00,3249.098,3255.827,3225.476,3253.325,82261,159,0
2025-05-13 16:00:00+00:00,3253.293,3257.818,3242.044,3249.324,30843,159,0
2025-05-13 20:00:00+00:00,3249.355,3257.115,3248.043,3254.425,12967,159,0
2025-05-14 00:00:00+00:00,3254.388,3254.658,3226.212,3228.366,52555,159,0
2025-05-14 04:00:00+00:00,3228.37,3238.874,3221.57,3238.085,42183,159,0
2025-05-14 08:00:00+00:00,3237.99,3243.897,3219.436,3220.132,45688,159,0
2025-05-14 12:00:00+00:00,3220.142,3222.52,3174.904,3182.674,111445,159,0
2025-05-14 16:00:00+00:00,3182.629,3190.941,3167.933,3180.587,45350,159,0
2025-05-14 20:00:00+00:00,3180.613,3187.312,3177.075,3186.098,15047,159,0
2025-05-15 00:00:00+00:00,3186.043,3192.713,3148.315,3150.594,57316,159,0
2025-05-15 04:00:00+00:00,3150.546,3153.863,3120.649,3142.318,65014,159,0
2025-05-15 08:00:00+00:00,3142.244,3180.019,3139.065,3179.18,47740,159,0
2025-05-15 12:00:00+00:00,3179.141,3220.088,3177.501,3219.74,80401,159,0
2025-05-15 16:00:00+00:00,3219.78,3232.731,3215.873,3232.037,33528,159,0
2025-05-15 20:00:00+00:00,3231.901,3252.132,3231.094,3237.15,26785,159,0
2025-05-16 00:00:00+00:00,3237.175,3244.615,3206.518,3211.889,66305,159,0
2025-05-16 04:00:00+00:00,3211.969,3231.343,3205.365,3207.69,48183,159,0
2025-05-16 08:00:00+00:00,3207.572,3212.954,3154.289,3163.119,62620,159,0
2025-05-16 12:00:00+00:00,3163.149,3188.606,3154.881,3183.479,93383,159,0
2025-05-16 16:00:00+00:00,3183.5,3195.763,3180.432,3192.615,34048,159,0
2025-05-16 20:00:00+00:00,3192.583,3202.928,3192.132,3202.217,8684,159,0
2025-05-18 20:00:00+00:00,3214.226,3245.254,3211.645,3234.91,28719,159,0
2025-05-19 00:00:00+00:00,3234.947,3249.812,3208.04,3212.27,68531,159,0
2025-05-19 04:00:00+00:00,3212.228,3234.64,3206.584,3232.389,47007,159,0
2025-05-19 08:00:00+00:00,3232.361,3248.535,3229.973,3243.82,40238,159,0
2025-05-19 12:00:00+00:00,3243.817,3244.444,3217.216,3231.662,67521,159,0
2025-05-19 16:00:00+00:00,3231.687,3235.866,3225.166,3233.01,29040,159,0
2025-05-19 20:00:00+00:00,3233.056,3233.771,3219.097,3222.532,14915,159,0
2025-05-20 00:00:00+00:00,3222.561,3232.77,3204.521,3211.446,52061,159,0
2025-05-20 04:00:00+00:00,3211.394,3225.46,3207.946,3222.843,40421,159,0
2025-05-20 08:00:00+00:00,3222.819,3241.651,3218.275,3241.138,35279,159,0
2025-05-20 12:00:00+00:00,3241.236,3285.886,3232.837,3277.264,88207,159,0
2025-05-20 16:00:00+00:00,3277.239,3295.172,3275.204,3294.078,32456,159,0
2025-05-20 20:00:00+00:00,3294.13,3304.072,3288.505,3290.695,26452,159,0
2025-05-21 00:00:00+00:00,3290.734,3314.689,3285.42,3307.544,60441,159,0
2025-05-21 04:00:00+00:00,3307.505,3320.765,3298.404,3309.906,45470,159,0
2025-05-21 08:00:00+00:00,3309.933,3318.285,3303.946,3311.249,39019,159,0
2025-05-21 12:00:00+00:00,3311.243,3315.216,3290.693,3311.978,76846,159,0
2025-05-21 16:00:00+00:00,3312.004,3324.897,3302.758,3318.38,42503,159,0
2025-05-21 20:00:00+00:00,3318.423,3324.213,3313.164,3320.082,20377,159,0
2025-05-22 00:00:00+00:00,3320.143,3345.43,3319.389,3335.44,51410,159,0
2025-05-22 04:00:00+00:00,3335.451,3339.502,3322.608,3327.621,40246,159,0
2025-05-22 08:00:00+00:00,3327.636,3329.873,3282.977,3314.466,64887,159,0
2025-05-22 12:00:00+00:00,3314.428,3315.775,3279.252,3294.675,93186,159,0
2025-05-22 16:00:00+00:00,3294.722,3304.818,3288.982,3290.255,38290,159,0
2025-05-22 20:00:00+00:00,3290.301,3302.011,3289.593,3300.146,14880,159,0
2025-05-23 00:00:00+00:00,3300.172,3308.908,3286.942,3302.07,53963,159,0
2025-05-23 04:00:00+00:00,3302.097,3334.502,3301.915,3329.145,42597,159,0
2025-05-23 08:00:00+00:00,3329.191,3349.78,3322.548,3347.926,55216,159,0
2025-05-23 12:00:00+00:00,3347.966,3364.62,3336.612,3361.655,112492,159,0
2025-05-23 16:00:00+00:00,3361.687,3365.925,3356.348,3360.785,33721,159,0
2025-05-23 20:00:00+00:00,3360.743,3361.7,3356.103,3356.295,5516,159,0
2025-05-25 20:00:00+00:00,3352.095,3352.48,3341.349,3342.691,22932,159,0
2025-05-26 00:00:00+00:00,3342.73,3356.859,3331.39,3347.636,50804,159,0
2025-05-26 04:00:00+00:00,3347.639,3351.899,3332.124,3337.327,35118,159,0
2025-05-26 08:00:00+00:00,3337.418,3339.672,3323.485,3333.13,31269,159,0
2025-05-26 12:00:00+00:00,3333.152,3341.614,3326.35,3337.957,31104,159,0
2025-05-26 16:00:00+00:00,3337.998,3343.666,3337.521,3341.558,7841,159,0
2025-05-26 20:00:00+00:00,3346.458,3348.878,3342.829,3346.139,9255,159,0
2025-05-27 00:00:00+00:00,3346.182,3350.029,3331.73,3341.217,34536,159,0
2025-05-27 04:00:00+00:00,3341.188,3341.485,3292.535,3296.244,62144,159,0
2025-05-27 08:00:00+00:00,3296.214,3310.344,3287.724,3288.352,53861,159,0
2025-05-27 12:00:00+00:00,3288.399,3304.901,3285.089,3293.605,59714,159,0
2025-05-27 16:00:00+00:00,3293.612,3308.008,3292.969,3304.38,23759,159,0
2025-05-27 20:00:00+00:00,3304.356,3310.953,3297.621,3309.402,15667,159,0
2025-05-28 00:00:00+00:00,3309.431,3315.805,3291.667,3297.76,43280,159,0
2025-05-28 04:00:00+00:00,3297.722,3322.363,3294.407,3319.271,38714,159,0
2025-05-28 08:00:00+00:00,3319.228,3325.556,3307.461,3311.122,32605,159,0
2025-05-28 12:00:00+00:00,3311.162,3316.424,3292.51,3296.094,55557,159,0
2025-05-28 16:00:00+00:00,3296.125,3303.065,3288.591,3296.983,30516,159,0
2025-05-28 20:00:00+00:00,3297.006,3297.346,3250.249,3259.895,44941,159,0
2025-05-29 00:00:00+00:00,3259.921,3280.189,3245.432,3274.545,75503,159,0
2025-05-29 04:00:00+00:00,3274.635,3287.433,3265.986,3286.559,39185,159,0
2025-05-29 08:00:00+00:00,3286.528,3305.549,3276.262,3299.719,36791,159,0
2025-05-29 12:00:00+00:00,3299.844,3322.008,3298.541,3321.578,68738,159,0
2025-05-29 16:00:00+00:00,3321.664,3331.247,3315.486,3316.615,34558,159,0
2025-05-29 20:00:00+00:00,3316.586,3321.098,3312.854,3315.503,13682,159,0
2025-05-30 00:00:00+00:00,3315.498,3322.777,3291.219,3294.531,48201,159,0
2025-05-30 04:00:00+00:00,3294.53,3305.02,3287.336,3294.93,39762,159,0
2025-05-30 08:00:00+00:00,3294.975,3300.669,3288.668,3294.055,33391,159,0
2025-05-30 12:00:00+00:00,3294.091,3308.322,3271.526,3288.676,102020,159,0
2025-05-30 16:00:00+00:00,3288.603,3295.778,3283.957,3294.826,36771,159,0
2025-05-30 20:00:00+00:00,3294.865,3295.834,3288.642,3289.665,4823,159,0
2025-06-01 20:00:00+00:00,3303.113,3316.742,3299.888,3310.255,16984,159,0
2025-06-02 00:00:00+00:00,3310.213,3314.959,3301.409,3308.685,37670,159,0
2025-06-02 04:00:00+00:00,3308.771,3359.037,3308.771,3352.549,43143,159,0
2025-06-02 08:00:00+00:00,3352.655,3360.152,3344.391,3356.324,37333,159,0
2025-06-02 12:00:00+00:00,3356.296,3379.064,3350.288,3374.294,67949,159,0
2025-06-02 16:00:00+00:00,3374.319,3382.344,3369.309,3381.539,30445,159,0
2025-06-02 20:00:00+00:00,3381.51,3392.238,3378.394,3387.384,18076,159,0
2025-06-03 00:00:00+00:00,3387.407,3388.671,3359.717,3361.087,56970,159,0
2025-06-03 04:00:00+00:00,3361.195,3367.784,3351.149,3359.648,42086,159,0
2025-06-03 08:00:00+00:00,3359.752,3364.881,3353.305,3359.347,29174,159,0
2025-06-03 12:00:00+00:00,3359.323,3363.129,3333.078,3350.255,62529,159,0
2025-06-03 16:00:00+00:00,3350.333,3355.491,3344.585,3352.657,23045,159,0
2025-06-03 20:00:00+00:00,3352.617,3361.632,3352.469,3359.945,11140,159,0
2025-06-04 00:00:00+00:00,3359.972,3372.637,3346.444,3359.246,40474,159,0
2025-06-04 04:00:00+00:00,3359.221,3365.256,3347.996,3354.721,36568,159,0
2025-06-04 08:00:00+00:00,3354.679,3364.998,3343.72,3346.577,35150,159,0
2025-06-04 12:00:00+00:00,3346.613,3384.637,3344.356,3371.764,68673,159,0
2025-06-04 16:00:00+00:00,3371.724,3382.217,3370.804,3373.614,24759,159,0
2025-06-04 20:00:00+00:00,3373.566,3379.08,3370.508,3378.042,12491,159,0
2025-06-05 00:00:00+00:00,3378.099,3384.183,3368.172,3369.674,38054,159,0
2025-06-05 04:00:00+00:00,3369.683,3374.559,3361.138,3371.304,32220,159,0
2025-06-05 08:00:00+00:00,3371.295,3403.592,3369.641,3392.293,48984,159,0
2025-06-05 12:00:00+00:00,3392.327,3400.153,3339.37,3344.779,136290,159,0
2025-06-05 16:00:00+00:00,3344.74,3361.384,3339.811,3356.885,46726,159,0
2025-06-05 20:00:00+00:00,3356.861,3363.526,3352.006,3361.81,17012,159,0
2025-06-06 00:00:00+00:00,3361.867,3371.844,3356.133,3369.747,35062,159,0
2025-06-06 04:00:00+00:00,3369.706,3375.685,3352.833,3359.374,36905,159,0
2025-06-06 08:00:00+00:00,3359.419,3367.732,3352.703,3358.292,32264,159,0
2025-06-06 12:00:00+00:00,3358.308,3364.421,3316.269,3332.231,121016,159,0
2025-06-06 16:00:00+00:00,3332.182,3332.741,3311.358,3312.345,36048,159,0
2025-06-06 20:00:00+00:00,3312.382,3312.896,3307.053,3311.702,5577,159,0
2025-06-08 20:00:00+00:00,3317.819,3321.214,3309.201,3318.038,14563,159,0
2025-06-09 00:00:00+00:00,3318.082,3318.699,3293.452,3310.769,51243,159,0
2025-06-09 04:00:00+00:00,3310.799,3328.652,3309.248,3324.238,31182,159,0
2025-06-09 08:00:00+00:00,3324.269,3325.685,3312.057,3317.43,29527,159,0
2025-06-09 12:00:00+00:00,3317.412,3332.063,3310.698,3328.665,50709,159,0
2025-06-09 16:00:00+00:00,3328.668,3338.21,3325.881,3327.231,25236,159,0
2025-06-09 20:00:00+00:00,3327.201,3329.5,3321.562,3326.766,12461,159,0
2025-06-10 00:00:00+00:00,3326.809,3326.851,3301.92,3307.602,47446,159,0
2025-06-10 04:00:00+00:00,3307.592,3332.172,3302.789,3330.18,43488,159,0
2025-06-10 08:00:00+00:00,3330.09,3342.585,3326.17,3333.78,29692,159,0
2025-06-10 12:00:00+00:00,3333.817,3349.122,3323.199,3326.692,59884,159,0
2025-06-10 16:00:00+00:00,3326.653,3334.539,3319.358,3328.716,28193,159,0
2025-06-10 20:00:00+00:00,3328.757,3328.958,3315.517,3327.862,19985,159,0
2025-06-11 00:00:00+00:00,3327.914,3341.566,3325.008,3339.416,35019,159,0
2025-06-11 04:00:00+00:00,3339.395,3348.531,3332.522,3345.696,31889,159,0
2025-06-11 08:00:00+00:00,3345.664,3346.717,3326.038,3333.097,36302,159,0
2025-06-11 12:00:00+00:00,3333.103,3360.764,3327.235,3333.195,92343,159,0
2025-06-11 16:00:00+00:00,3333.293,3349.268,3319.194,3346.849,50052,159,0
2025-06-11 20:00:00+00:00,3346.876,3373.534,3346.522,3365.376,25959,160,0
2025-06-12 00:00:00+00:00,3365.467,3377.786,3362.125,3373.455,47498,160,0
2025-06-12 04:00:00+00:00,3373.409,3375.783,3338.57,3346.168,43281,160,0
2025-06-12 08:00:00+00:00,3346.192,3388.609,3346.192,3379.285,56789,160,0
2025-06-12 12:00:00+00:00,3379.252,3399.02,3376.337,3385.804,85876,160,0
2025-06-12 16:00:00+00:00,3385.906,3391.374,3378.097,3388.139,31826,160,0
2025-06-12 20:00:00+00:00,3388.111,3396.296,3379.633,3395.952,15143,160,0
2025-06-13 00:00:00+00:00,3395.837,3444.435,3391.72,3425.557,111615,160,0
2025-06-13 04:00:00+00:00,3425.543,3430.288,3407.879,3414.933,55580,160,0
2025-06-13 08:00:00+00:00,3414.858,3427.689,3411.622,3422.217,49418,160,0
2025-06-13 12:00:00+00:00,3422.207,3446.755,3420.906,3426.225,78674,160,0
2025-06-13 16:00:00+00:00,3426.258,3439.473,3419.175,3432.307,40016,160,0
2025-06-13 20:00:00+00:00,3432.352,3434.78,3428.955,3433.449,6186,160,0
2025-06-15 20:00:00+00:00,3440.955,3451.255,3438.616,3444.141,24940,160,0
2025-06-16 00:00:00+00:00,3444.166,3451.224,3429.269,3431.428,51247,160,0
2025-06-16 04:00:00+00:00,3431.475,3433.277,3409.482,3412.619,48957,160,0
2025-06-16 08:00:00+00:00,3412.624,3422.654,3409.776,3415.0,36395,160,0
2025-06-16 12:00:00+00:00,3415.043,3418.093,3382.725,3404.606,86498,160,0
2025-06-16 16:00:00+00:00,3404.534,3404.992,3382.795,3384.094,32405,160,0
2025-06-16 20:00:00+00:00,3384.015,3402.977,3383.294,3402.769,20554,160,0
2025-06-17 00:00:00+00:00,3402.815,3403.289,3373.535,3387.583,52458,160,0
2025-06-17 04:00:00+00:00,3387.557,3396.268,3381.074,3387.783,36400,160,0
2025-06-17 08:00:00+00:00,3387.784,3400.131,3375.747,3388.635,45633,160,0
2025-06-17 12:00:00+00:00,3388.65,3397.536,3366.079,3379.284,79186,160,0
2025-06-17 16:00:00+00:00,3379.386,3392.499,3376.677,3385.71,38585,160,0
2025-06-17 20:00:00+00:00,3385.675,3396.256,3383.634,3387.38,15347,160,0
2025-06-18 00:00:00+00:00,3387.295,3391.524,3370.63,3390.96,35199,160,0
2025-06-18 04:00:00+00:00,3390.928,3400.0,3377.037,3385.991,36573,160,0
2025-06-18 08:00:00+00:00,3385.894,3388.38,3375.433,3382.048,31105,160,0
2025-06-18 12:00:00+00:00,3381.999,3396.852,3373.833,3392.734,58494,160,0
2025-06-18 16:00:00+00:00,3392.709,3395.803,3362.867,3366.818,63127,160,0
2025-06-18 20:00:00+00:00,3366.771,3379.89,3362.474,3375.023,21037,160,0
2025-06-19 00:00:00+00:00,3375.042,3387.968,3369.72,3373.609,35656,160,0
2025-06-19 04:00:00+00:00,3373.609,3375.314,3347.474,3365.957,51748,160,0
2025-06-19 08:00:00+00:00,3366.004,3379.05,3362.215,3371.967,34209,160,0
2025-06-19 12:00:00+00:00,3371.971,3372.963,3361.52,3369.26,41466,160,0
2025-06-19 16:00:00+00:00,3369.223,3374.14,3366.108,3373.455,7491,160,0
2025-06-19 20:00:00+00:00,3369.491,3370.411,3361.971,3368.739,14174,160,0
2025-06-20 00:00:00+00:00,3368.763,3370.35,3344.625,3355.507,40607,160,0
2025-06-20 04:00:00+00:00,3355.611,3357.693,3340.345,3347.685,34534,160,0
2025-06-20 08:00:00+00:00,3347.657,3359.236,3346.498,3347.051,30545,160,0
2025-06-20 12:00:00+00:00,3347.094,3374.477,3341.899,3369.856,54400,160,0
2025-06-20 16:00:00+00:00,3369.786,3373.365,3364.579,3365.625,21448,160,0
2025-06-20 20:00:00+00:00,3365.578,3369.314,3364.69,3368.618,4122,160,0
2025-06-22 20:00:00+00:00,3384.117,3388.928,3371.173,3372.755,26349,160,0
2025-06-23 00:00:00+00:00,3372.776,3373.551,3351.918,3363.372,45510,160,0
2025-06-23 04:00:00+00:00,3363.385,3365.061,3346.971,3357.627,32075,160,0
2025-06-23 08:00:00+00:00,3357.672,3382.017,3357.672,3380.596,32713,160,0
2025-06-23 12:00:00+00:00,3380.627,3389.82,3355.889,3387.24,63818,160,0
2025-06-23 16:00:00+00:00,3387.233,3393.493,3375.598,3376.362,48290,160,0
2025-06-23 20:00:00+00:00,3376.32,3377.295,3341.51,3344.235,32870,160,0
2025-06-24 00:00:00+00:00,3344.27,3357.912,3333.143,3352.404,50006,160,0
2025-06-24 04:00:00+00:00,3352.403,3353.369,3316.022,3329.645,56504,160,0
2025-06-24 08:00:00+00:00,3329.658,3332.32,3317.829,3321.214,35672,160,0
2025-06-24 12:00:00+00:00,3321.181,3321.181,3295.306,3313.261,76739,160,0
2025-06-24 16:00:00+00:00,3313.296,3325.184,3311.276,3323.479,27227,160,0
2025-06-24 20:00:00+00:00,3323.526,3324.882,3320.842,3324.142,10146,160,0
2025-06-25 00:00:00+00:00,3324.139,3335.234,3323.627,3328.295,26452,160,0
2025-06-25 04:00:00+00:00,3328.284,3337.117,3325.797,3330.631,23281,160,0
2025-06-25 08:00:00+00:00,3330.656,3332.414,3321.397,3322.646,29331,160,0
2025-06-25 12:00:00+00:00,3322.66,3329.507,3311.894,3325.643,40246,160,0
2025-06-25 16:00:00+00:00,3325.656,3336.068,3324.111,3333.706,27263,160,0
2025-06-25 20:00:00+00:00,3333.745,3340.158,3331.277,3339.028,13252,160,0
2025-06-26 00:00:00+00:00,3338.987,3343.223,3329.181,3337.97,30048,160,0
2025-06-26 04:00:00+00:00,3338.088,3347.239,3330.981,3346.051,26988,160,0
2025-06-26 08:00:00+00:00,3346.066,3350.37,3331.469,3332.921,30677,160,0
2025-06-26 12:00:00+00:00,3332.937,3344.056,3309.916,3324.808,69892,160,0
2025-06-26 16:00:00+00:00,3324.845,3336.501,3323.729,3331.301,26753,160,0
2025-06-26 20:00:00+00:00,3331.407,3332.327,3316.229,3318.758,13484,160,0
2025-06-27 00:00:00+00:00,3318.731,3322.012,3292.557,3294.318,38492,160,0
2025-06-27 04:00:00+00:00,3294.364,3300.922,3283.394,3284.458,45765,160,0
2025-06-27 08:00:00+00:00,3284.43,3291.126,3276.009,3281.389,40252,160,0
2025-06-27 12:00:00+00:00,3281.358,3282.328,3255.836,3274.655,80453,160,0
2025-06-27 16:00:00+00:00,3274.574,3282.773,3268.366,3270.574,32261,160,0
2025-06-27 20:00:00+00:00,3270.616,3275.496,3270.301,3274.598,4765,160,0
2025-06-29 20:00:00+00:00,3272.488,3274.234,3247.921,3263.805,27922,160,0
2025-06-30 00:00:00+00:00,3263.775,3283.297,3259.425,3278.981,40179,160,0
2025-06-30 04:00:00+00:00,3278.996,3296.842,3276.964,3292.873,28614,160,0
2025-06-30 08:00:00+00:00,3292.879,3296.558,3274.488,3277.932,32290,160,0
2025-06-30 12:00:00+00:00,3277.993,3290.782,3277.955,3289.553,41659,160,0
2025-06-30 16:00:00+00:00,3289.669,3309.446,3289.073,3308.534,26835,160,0
2025-06-30 20:00:00+00:00,3308.502,3314.602,3302.297,3312.441,15532,160,0
2025-07-01 00:00:00+00:00,3312.435,3322.644,3309.917,3321.161,30270,160,0
2025-07-01 04:00:00+00:00,3321.173,3339.897,3318.893,3339.497,30117,160,0
2025-07-01 08:00:00+00:00,3339.501,3353.082,3336.796,3349.01,30760,160,0
2025-07-01 12:00:00+00:00,3348.99,3358.015,3337.007,3340.228,57354,160,0
2025-07-01 16:00:00+00:00,3340.215,3343.523,3336.816,3338.005,25432,160,0
2025-07-01 20:00:00+00:00,3338.042,3343.826,3336.771,3338.152,13766,160,0
2025-07-02 00:00:00+00:00,3338.186,3344.987,3328.509,3339.959,34525,160,0
2025-07-02 04:00:00+00:00,3339.925,3343.951,3327.587,3334.614,28271,160,0
2025-07-02 08:00:00+00:00,3334.583,3347.711,3332.869,3342.199,25001,160,0
2025-07-02 12:00:00+00:00,3342.214,3351.117,3333.818,3341.021,48438,160,0
2025-07-02 16:00:00+00:00,3340.943,3359.519,3340.943,3358.258,22208,160,0
2025-07-02 20:00:00+00:00,3358.302,3365.752,3348.754,3349.395,17847,160,0
2025-07-03 00:00:00+00:00,3349.444,3351.476,3341.88,3347.509,26379,160,0
2025-07-03 04:00:00+00:00,3347.437,3363.677,3347.384,3353.077,26556,160,0
2025-07-03 08:00:00+00:00,3353.096,3358.367,3342.985,3346.03,27277,160,0
2025-07-03 12:00:00+00:00,3346.041,3352.314,3311.535,3328.045,74646,160,0
2025-07-03 16:00:00+00:00,3328.106,3334.862,3325.646,3328.749,15632,160,0
2025-07-03 20:00:00+00:00,3328.713,3332.025,3323.582,3330.871,9828,160,0
2025-07-04 00:00:00+00:00,3330.875,3338.948,3325.869,3338.35,23857,160,0
2025-07-04 04:00:00+00:00,3338.307,3345.087,3336.425,3342.947,24319,160,0
2025-07-04 08:00:00+00:00,3342.95,3344.247,3331.466,3334.795,22820,160,0
2025-07-04 12:00:00+00:00,3334.791,3338.059,3330.855,3332.384,23543,160,0
2025-07-04 16:00:00+00:00,3332.357,3335.958,3332.222,3335.07,2598,160,0
2025-07-06 20:00:00+00:00,3341.408,3341.911,3326.187,3328.853,12032,160,0
2025-07-07 00:00:00+00:00,3328.83,3329.726,3306.017,3310.848,40985,160,0
2025-07-07 04:00:00+00:00,3310.892,3315.215,3300.648,3302.217,35050,160,0
2025-07-07 08:00:00+00:00,3302.175,3312.763,3296.296,3301.982,39670,160,0
2025-07-07 12:00:00+00:00,3301.94,3322.031,3300.376,3320.839,46047,160,0
2025-07-07 16:00:00+00:00,3320.784,3340.438,3320.082,3336.981,29945,160,0
2025-07-07 20:00:00+00:00,3337.025,3345.857,3333.899,3334.653,14651,160,0
2025-07-08 00:00:00+00:00,3334.697,3338.035,3329.595,3331.469,31819,160,0
2025-07-08 04:00:00+00:00,3331.398,3339.5,3327.329,3333.893,25141,160,0
2025-07-08 08:00:00+00:00,3333.852,3333.852,3319.94,3324.971,29598,160,0
2025-07-08 12:00:00+00:00,3325.014,3329.864,3287.041,3298.241,59307,160,0
2025-07-08 16:00:00+00:00,3298.249,3310.422,3295.912,3302.992,36125,160,0
2025-07-08 20:00:00+00:00,3303.02,3304.074,3297.199,3302.277,14028,160,0
2025-07-09 00:00:00+00:00,3302.341,3308.003,3284.933,3293.252,35970,160,0
2025-07-09 04:00:00+00:00,3293.244,3297.833,3285.495,3291.852,32892,160,0
2025-07-09 08:00:00+00:00,3291.822,3295.951,3282.626,3284.936,30254,160,0
2025-07-09 12:00:00+00:00,3284.976,3312.934,3284.976,3309.606,45710,160,0
2025-07-09 16:00:00+00:00,3309.555,3316.874,3307.889,3315.677,23153,160,0
2025-07-09 20:00:00+00:00,3315.645,3321.104,3311.59,3317.66,11208,160,0
2025-07-10 00:00:00+00:00,3317.559,3326.415,3315.362,3315.799,25449,160,0
2025-07-10 04:00:00+00:00,3315.682,3329.486,3314.806,3321.047,23435,160,0
2025-07-10 08:00:00+00:00,3321.071,3330.318,3318.331,3320.411,27437,160,0
2025-07-10 12:00:00+00:00,3320.424,3329.458,3310.017,3319.754,48478,160,0
2025-07-10 16:00:00+00:00,3319.711,3325.908,3312.108,3324.819,23006,160,0
2025-07-10 20:00:00+00:00,3324.842,3326.476,3321.84,3323.808,11356,160,0
2025-07-11 00:00:00+00:00,3323.764,3336.187,3323.621,3333.765,31221,160,0
2025-07-11 04:00:00+00:00,3333.744,3343.827,3329.505,3341.833,31601,160,0
2025-07-11 08:00:00+00:00,3341.789,3350.305,3332.708,3347.507,31801,160,0
2025-07-11 12:00:00+00:00,3347.526,3368.733,3344.356,3358.915,60777,160,0
2025-07-11 16:00:00+00:00,3358.884,3359.753,3349.232,3356.407,27944,160,0
2025-07-11 20:00:00+00:00,3356.459,3358.959,3353.605,3355.105,3741,160,0
2025-07-13 20:00:00+00:00,3361.295,3374.017,3359.658,3367.772,17961,160,0
2025-07-14 00:00:00+00:00,3367.731,3373.284,3353.865,3356.964,33950,160,0
2025-07-14 04:00:00+00:00,3356.952,3375.078,3353.735,3371.948,31318,160,0
2025-07-14 08:00:00+00:00,3371.956,3374.647,3363.917,3364.169,25717,160,0
2025-07-14 12:00:00+00:00,3364.192,3366.632,3340.971,3345.105,47943,160,0
2025-07-14 16:00:00+00:00,3345.044,3351.697,3343.082,3344.125,21807,160,0
2025-07-14 20:00:00+00:00,3344.16,3346.556,3341.217,3345.337,9813,160,0
2025-07-15 00:00:00+00:00,3345.299,3358.362,3344.721,3357.841,22247,160,0
2025-07-15 04:00:00+00:00,3357.853,3365.448,3357.466,3364.347,23684,160,0
2025-07-15 08:00:00+00:00,3364.3,3366.356,3353.954,3354.932,28237,160,0
2025-07-15 12:00:00+00:00,3354.892,3360.391,3325.341,3328.982,65740,160,0
2025-07-15 16:00:00+00:00,3328.957,3331.986,3320.218,3330.455,28001,160,0
2025-07-15 20:00:00+00:00,3330.408,3331.78,3324.792,3331.056,9308,160,0
2025-07-16 00:00:00+00:00,3331.092,3335.084,3325.053,3334.352,23181,160,0
2025-07-16 04:00:00+00:00,3334.281,3341.996,3332.798,3337.778,21245,160,0
2025-07-16 08:00:00+00:00,3337.824,3343.072,3333.695,3339.259,23058,160,0
2025-07-16 12:00:00+00:00,3339.219,3377.523,3319.529,3343.553,115828,160,0
2025-07-16 16:00:00+00:00,3343.524,3357.41,3338.958,3347.08,46660,160,0
2025-07-16 20:00:00+00:00,3347.116,3352.247,3345.269,3346.526,11079,160,0
2025-07-17 00:00:00+00:00,3346.556,3347.405,3336.241,3341.496,23680,160,0
2025-07-17 04:00:00+00:00,3341.511,3344.726,3325.208,3325.886,27038,160,0
2025-07-17 08:00:00+00:00,3325.925,3332.523,3322.358,3324.254,24882,160,0
2025-07-17 12:00:00+00:00,3324.261,3338.451,3309.883,3336.707,57662,160,0
2025-07-17 16:00:00+00:00,3336.72,3341.098,3335.378,3339.763,20719,160,0
2025-07-17 20:00:00+00:00,3339.799,3344.019,3337.411,3340.159,11379,160,0
2025-07-18 00:00:00+00:00,3340.214,3344.224,3334.038,3334.6,23959,160,0
2025-07-18 04:00:00+00:00,3334.598,3350.091,3331.806,3349.823,23373,160,0
2025-07-18 08:00:00+00:00,3349.849,3357.659,3346.237,3354.436,23997,160,0
2025-07-18 12:00:00+00:00,3354.458,3361.212,3351.119,3353.711,41054,160,0
2025-07-18 16:00:00+00:00,3353.626,3357.46,3347.668,3348.325,21898,160,0
2025-07-18 20:00:00+00:00,3348.279,3352.122,3347.804,3350.395,3478,160,0
2025-07-20 20:00:00+00:00,3348.767,3350.115,3345.006,3349.107,7795,160,0
2025-07-21 00:00:00+00:00,3349.168,3358.641,3347.696,3351.286,21841,160,0
2025-07-21 04:00:00+00:00,3351.275,3370.785,3350.618,3364.763,25784,160,0
2025-07-21 08:00:00+00:00,3364.8,3375.631,3362.674,3375.302,23000,160,0
2025-07-21 12:00:00+00:00,3375.271,3401.575,3374.531,3397.994,51287,160,0
2025-07-21 16:00:00+00:00,3397.983,3399.787,3391.468,3398.805,26095,160,0
2025-07-21 20:00:00+00:00,3398.744,3402.783,3393.208,3396.532,11320,160,0
2025-07-22 00:00:00+00:00,3396.54,3397.665,3385.148,3392.628,28765,160,0
2025-07-22 04:00:00+00:00,3392.589,3392.589,3383.24,3387.562,23144,160,0
2025-07-22 08:00:00+00:00,3387.524,3391.675,3384.528,3391.384,22446,160,0
2025-07-22 12:00:00+00:00,3391.334,3430.614,3390.993,3426.597,65277,160,0
2025-07-22 16:00:00+00:00,3426.64,3433.507,3426.257,3431.738,29397,160,0
2025-07-22 20:00:00+00:00,3431.683,3433.368,3426.283,3427.458,13409,160,0
2025-07-23 00:00:00+00:00,3427.433,3438.943,3419.172,3423.153,37799,160,0
2025-07-23 04:00:00+00:00,3423.063,3429.705,3416.322,3420.72,27797,160,0
2025-07-23 08:00:00+00:00,3420.754,3433.858,3420.305,3428.18,27277,160,0
2025-07-23 12:00:00+00:00,3428.17,3429.928,3398.206,3398.206,52119,160,0
2025-07-23 16:00:00+00:00,3398.106,3398.127,3381.375,3390.081,51400,160,0
2025-07-23 20:00:00+00:00,3390.122,3392.489,3386.121,3390.008,11433,160,0
2025-07-24 00:00:00+00:00,3390.047,3393.438,3374.782,3383.762,36780,160,0
2025-07-24 04:00:00+00:00,3383.666,3385.389,3366.054,3367.757,29038,160,0
2025-07-24 08:00:00+00:00,3367.767,3374.663,3361.253,3362.296,26538,160,0
2025-07-24 12:00:00+00:00,3362.254,3377.43,3351.315,3372.541,52204,160,0
2025-07-24 16:00:00+00:00,3372.515,3373.702,3366.197,3370.478,21046,160,0
2025-07-24 20:00:00+00:00,3370.517,3371.457,3365.105,3369.419,11800,160,0
2025-07-25 00:00:00+00:00,3369.422,3373.528,3358.613,3359.194,22073,160,0
2025-07-25 04:00:00+00:00,3359.176,3363.496,3352.636,3354.008,22813,160,0
2025-07-25 08:00:00+00:00,3354.041,3355.358,3338.621,3341.058,24204,160,0
2025-07-25 12:00:00+00:00,3341.008,3347.498,3324.928,3327.896,56687,160,0
2025-07-25 16:00:00+00:00,3327.842,3340.284,3326.161,3337.804,22021,160,0
2025-07-25 20:00:00+00:00,3337.769,3339.163,3336.199,3336.869,3549,160,0
2025-07-27 20:00:00+00:00,3329.144,3337.465,3323.817,3333.683,15952,160,0
2025-07-28 00:00:00+00:00,3333.675,3343.316,3327.64,3343.246,29829,160,0
2025-07-28 04:00:00+00:00,3343.199,3345.352,3333.785,3334.882,25138,160,0
2025-07-28 08:00:00+00:00,3334.879,3340.78,3332.382,3336.563,26159,160,0
2025-07-28 12:00:00+00:00,3336.593,3338.369,3301.777,3314.764,58056,160,0
2025-07-28 16:00:00+00:00,3314.736,3318.89,3308.799,3317.161,21731,160,0
2025-07-28 20:00:00+00:00,3317.195,3318.409,3310.485,3312.468,12559,160,0
2025-07-29 00:00:00+00:00,3312.485,3320.861,3307.843,3312.576,27305,160,0
2025-07-29 04:00:00+00:00,3312.58,3322.43,3308.959,3317.133,29742,160,0
2025-07-29 08:00:00+00:00,3317.139,3329.976,3314.884,3315.278,30119,160,0
2025-07-29 12:00:00+00:00,3315.249,3334.117,3311.89,3320.751,52030,160,0
2025-07-29 16:00:00+00:00,3320.751,3330.864,3319.046,3324.938,24394,160,0
2025-07-29 20:00:00+00:00,3324.989,3329.171,3324.697,3327.552,8696,160,0
2025-07-30 00:00:00+00:00,3327.562,3333.673,3321.859,3328.429,25606,160,0
2025-07-30 04:00:00+00:00,3328.383,3332.149,3323.031,3327.751,22383,160,0
2025-07-30 08:00:00+00:00,3327.784,3334.052,3323.966,3330.846,27279,160,0
2025-07-30 12:00:00+00:00,3330.891,3331.904,3288.575,3290.465,58314,160,0
2025-07-30 16:00:00+00:00,3290.45,3304.767,3268.034,3269.396,66922,160,0
2025-07-30 20:00:00+00:00,3269.334,3285.8,3268.912,3285.303,17401,160,0
2025-07-31 00:00:00+00:00,3285.257,3298.55,3282.802,3295.086,32025,160,0
2025-07-31 04:00:00+00:00,3295.042,3309.741,3293.644,3304.761,26521,160,0
2025-07-31 08:00:00+00:00,3304.682,3314.812,3293.803,3306.111,34968,160,0
2025-07-31 12:00:00+00:00,3306.086,3311.164,3291.302,3295.545,55768,160,0
2025-07-31 16:00:00+00:00,3295.437,3298.43,3289.617,3291.029,28878,160,0
2025-07-31 20:00:00+00:00,3290.989,3295.172,3287.967,3288.651,12392,160,0
2025-08-01 00:00:00+00:00,3288.607,3297.12,3281.59,3291.428,29152,160,0
2025-08-01 04:00:00+00:00,3291.437,3300.445,3285.223,3286.861,26963,160,0
2025-08-01 08:00:00+00:00,3286.823,3303.033,3285.247,3300.309,26953,160,0
2025-08-01 12:00:00+00:00,3300.342,3355.114,3297.385,3348.567,99324,160,0
2025-08-01 16:00:00+00:00,3348.532,3361.322,3340.532,3357.185,36136,160,0
2025-08-01 20:00:00+00:00,3357.239,3363.566,3357.028,3363.119,5140,160,0
2025-08-03 20:00:00+00:00,3364.339,3364.521,3354.585,3361.957,12436,160,0
2025-08-04 00:00:00+00:00,3361.99,3362.378,3345.006,3360.255,28271,160,0
2025-08-04 04:00:00+00:00,3360.259,3362.671,3351.732,3355.809,24866,160,0
2025-08-04 08:00:00+00:00,3355.842,3370.749,3352.886,3370.263,25937,160,0
2025-08-04 12:00:00+00:00,3370.262,3385.377,3361.037,3374.306,44499,160,0
2025-08-04 16:00:00+00:00,3374.305,3378.147,3370.571,3375.971,20797,160,0
2025-08-04 20:00:00+00:00,3375.917,3379.703,3373.415,3377.407,9117,160,0
2025-08-05 00:00:00+00:00,3377.383,3382.398,3372.057,3372.057,21271,160,0
2025-08-05 04:00:00+00:00,3372.107,3375.499,3365.688,3373.652,22526,160,0
2025-08-05 08:00:00+00:00,3373.644,3374.655,3349.803,3351.408,26510,160,0
2025-08-05 12:00:00+00:00,3351.408,3390.046,3349.898,3389.49,47571,160,0
2025-08-05 16:00:00+00:00,3389.527,3390.452,3376.89,3378.982,23075,160,0
2025-08-05 20:00:00+00:00,3378.945,3383.984,3378.164,3383.187,8355,160,0
2025-08-06 00:00:00+00:00,3383.194,3385.34,3373.046,3374.61,22210,160,0
2025-08-06 04:00:00+00:00,3374.59,3378.65,3368.953,3373.617,19802,160,0
2025-08-06 08:00:00+00:00,3373.509,3374.723,3358.091,3365.174,25091,160,0
2025-08-06 12:00:00+00:00,3365.156,3380.007,3360.141,3377.431,41762,160,0
2025-08-06 16:00:00+00:00,3377.392,3379.439,3368.983,3371.675,23085,160,0
2025-08-06 20:00:00+00:00,3371.624,3374.796,3367.133,3370.155,13193,160,0
2025-08-07 00:00:00+00:00,3370.205,3384.146,3365.192,3379.696,29595,160,0
2025-08-07 04:00:00+00:00,3379.732,3397.446,3371.601,3396.155,30039,160,0
2025-08-07 08:00:00+00:00,3396.189,3396.603,3371.726,3378.183,47659,160,0
2025-08-07 12:00:00+00:00,3378.199,3393.833,3375.261,3390.102,70097,160,0
2025-08-07 16:00:00+00:00,3390.148,3400.872,3384.29,3399.659,31701,160,0
2025-08-07 20:00:00+00:00,3399.712,3409.019,3389.025,3400.47,49248,160,0
2025-08-08 00:00:00+00:00,3400.432,3402.356,3381.082,3395.841,66819,160,0
2025-08-08 04:00:00+00:00,3395.821,3404.271,3388.723,3401.976,48530,160,0
2025-08-08 08:00:00+00:00,3402.049,3402.631,3380.361,3386.249,56175,160,0
2025-08-08 12:00:00+00:00,3386.206,3401.944,3381.105,3395.248,87434,160,0
2025-08-08 16:00:00+00:00,3395.284,3404.295,3376.553,3398.566,91869,160,0
2025-08-08 20:00:00+00:00,3398.618,3398.898,3392.421,3398.564,7302,160,0
2025-08-10 20:00:00+00:00,3400.572,3401.819,3390.292,3391.548,14086,160,0
2025-08-11 00:00:00+00:00,3391.592,3391.639,3367.702,3378.257,41289,160,0
2025-08-11 04:00:00+00:00,3378.253,3380.065,3357.097,3360.069,39192,160,0
2025-08-11 08:00:00+00:00,3360.112,3365.807,3349.852,3355.23,39030,160,0
2025-08-11 12:00:00+00:00,3355.226,3362.902,3341.409,3349.405,49867,160,0
2025-08-11 16:00:00+00:00,3349.502,3358.829,3341.273,3351.696,33139,160,0
2025-08-11 20:00:00+00:00,3351.662,3351.777,3342.175,3349.027,14125,160,0
2025-08-12 00:00:00+00:00,3349.01,3357.462,3346.181,3349.39,26673,160,0
2025-08-12 04:00:00+00:00,3349.437,3358.176,3342.274,3355.539,30579,160,0
2025-08-12 08:00:00+00:00,3355.512,3355.863,3336.068,3347.469,28044,160,0
2025-08-12 12:00:00+00:00,3347.464,3359.244,3331.071,3349.812,87252,160,0
2025-08-12 16:00:00+00:00,3349.887,3351.259,3345.516,3347.563,24424,160,0
2025-08-12 20:00:00+00:00,3347.549,3353.762,3346.012,3350.57,10164,160,0
2025-08-13 00:00:00+00:00,3350.58,3354.457,3342.678,3349.593,26118,160,0
2025-08-13 04:00:00+00:00,3349.615,3361.004,3345.69,3354.723,24233,160,0
2025-08-13 08:00:00+00:00,3354.688,3367.121,3352.848,3362.312,26694,160,0
2025-08-13 12:00:00+00:00,3362.314,3370.735,3354.134,3357.746,39450,160,0
2025-08-13 16:00:00+00:00,3357.778,3360.92,3349.9,3357.812,17666,160,0
2025-08-13 20:00:00+00:00,3357.845,3363.446,3355.61,3362.702,9412,160,0
2025-08-14 00:00:00+00:00,3362.724,3374.845,3355.38,3360.464,30566,160,0
2025-08-14 04:00:00+00:00,3360.496,3366.483,3343.591,3345.984,30213,160,0
2025-08-14 08:00:00+00:00,3345.958,3359.188,3341.447,3355.4,32656,160,0
2025-08-14 12:00:00+00:00,3355.431,3358.393,3334.198,3341.796,62083,160,0
2025-08-14 16:00:00+00:00,3341.757,3342.118,3329.838,3337.965,24899,160,0
2025-08-14 20:00:00+00:00,3338.019,3338.54,3332.188,3335.551,10546,160,0
2025-08-15 00:00:00+00:00,3335.58,3344.893,3332.372,3343.45,22703,160,0
2025-08-15 04:00:00+00:00,3343.412,3348.747,3340.093,3346.147,23260,160,0
2025-08-15 08:00:00+00:00,3346.107,3348.268,3336.243,3342.359,27139,160,0
2025-08-15 12:00:00+00:00,3342.362,3345.994,3332.856,3342.287,42499,160,0
2025-08-15 16:00:00+00:00,3342.369,3342.523,3334.387,3339.143,18813,160,0
2025-08-15 20:00:00+00:00,3339.146,3339.435,3335.141,3335.213,3321,160,0
2025-08-17 20:00:00+00:00,3334.569,3335.381,3323.503,3327.097,10036,160,0
2025-08-18 00:00:00+00:00,3327.08,3351.841,3326.727,3347.156,28447,160,0
2025-08-18 04:00:00+00:00,3347.073,3358.418,3346.003,3349.022,26134,160,0
2025-08-18 08:00:00+00:00,3349.024,3351.734,3344.475,3345.456,20652,160,0
2025-08-18 12:00:00+00:00,3345.5,3348.839,3332.195,3335.606,31850,160,0
2025-08-18 16:00:00+00:00,3335.702,3335.884,3330.179,3333.623,16896,160,0
2025-08-18 20:00:00+00:00,3333.667,3334.719,3330.542,3330.978,7911,160,0
2025-08-19 00:00:00+00:00,3330.99,3341.663,3326.07,3337.787,30114,160,0
2025-08-19 04:00:00+00:00,3337.745,3341.845,3334.4,3340.711,21645,160,0
2025-08-19 08:00:00+00:00,3340.777,3345.304,3336.427,3339.767,19105,160,0
2025-08-19 12:00:00+00:00,3339.768,3340.544,3320.884,3322.669,41460,160,0
2025-08-19 16:00:00+00:00,3322.711,3324.435,3314.867,3315.965,21516,160,0
2025-08-19 20:00:00+00:00,3315.923,3317.637,3312.771,3314.231,9538,160,0
2025-08-20 00:00:00+00:00,3314.241,3318.648,3311.514,3317.52,25155,160,0
2025-08-20 04:00:00+00:00,3317.517,3327.549,3317.177,3324.813,20491,160,0
2025-08-20 08:00:00+00:00,3324.769,3332.935,3320.886,3332.313,22335,160,0
2025-08-20 12:00:00+00:00,3332.32,3350.322,3332.056,3340.594,36879,160,0
2025-08-20 16:00:00+00:00,3340.703,3349.263,3340.66,3348.821,18459,160,0
2025-08-20 20:00:00+00:00,3348.773,3352.092,3346.342,3346.836,10371,160,0
2025-08-21 00:00:00+00:00,3346.906,3346.906,3339.687,3339.858,20090,160,0
2025-08-21 04:00:00+00:00,3339.887,3341.525,3334.283,3339.629,19052,160,0
2025-08-21 08:00:00+00:00,3339.665,3342.234,3325.126,3333.569,23556,160,0
2025-08-21 12:00:00+00:00,3333.604,3348.112,3333.604,3343.647,46854,160,0
2025-08-21 16:00:00+00:00,3343.597,3343.972,3336.544,3338.823,17366,160,0
2025-08-21 20:00:00+00:00,3338.863,3340.64,3337.356,3338.411,7638,160,0
2025-08-22 00:00:00+00:00,3338.367,3340.225,3331.613,3331.976,19871,160,0
2025-08-22 04:00:00+00:00,3331.963,3335.026,3325.692,3327.465,20242,160,0
2025-08-22 08:00:00+00:00,3327.428,3331.771,3325.332,3329.346,19637,160,0
2025-08-22 12:00:00+00:00,3329.342,3378.869,3321.378,3367.914,72789,160,0
2025-08-22 16:00:00+00:00,3367.883,3375.501,3367.824,3373.188,22523,160,0
2025-08-22 20:00:00+00:00,3373.213,3373.666,3370.154,3372.299,3371,160,0
2025-08-24 20:00:00+00:00,3368.744,3371.039,3365.848,3368.995,7180,160,0
2025-08-25 00:00:00+00:00,3369.08,3369.684,3359.796,3367.263,21088,160,0
2025-08-25 04:00:00+00:00,3367.263,3369.888,3363.028,3366.226,16198,160,0
2025-08-25 08:00:00+00:00,3366.229,3371.514,3361.927,3370.594,16318,160,0
2025-08-25 12:00:00+00:00,3370.592,3376.306,3362.185,3374.068,26816,160,0
2025-08-25 16:00:00+00:00,3374.001,3374.842,3365.183,3365.421,16594,160,0
2025-08-25 20:00:00+00:00,3365.465,3367.156,3351.71,3354.892,12427,160,0
2025-08-26 00:00:00+00:00,3354.827,3386.515,3351.207,3372.21,45573,160,0
2025-08-26 04:00:00+00:00,3372.217,3379.121,3367.291,3376.726,24758,160,0
2025-08-26 08:00:00+00:00,3376.741,3380.36,3367.235,3377.501,25516,160,0
2025-08-26 12:00:00+00:00,3377.52,3389.457,3370.374,3386.688,36596,160,0
2025-08-26 16:00:00+00:00,3386.675,3390.818,3380.289,3389.658,19132,160,0
2025-08-26 20:00:00+00:00,3389.689,3393.583,3388.72,3390.862,10034,160,0
2025-08-27 00:00:00+00:00,3390.853,3393.554,3380.577,3380.633,21224,160,0
2025-08-27 04:00:00+00:00,3380.677,3381.93,3373.755,3381.393,21529,160,0
2025-08-27 08:00:00+00:00,3381.374,3385.49,3373.698,3376.822,23991,160,0
2025-08-27 12:00:00+00:00,3376.844,3390.42,3374.255,3387.898,34384,160,0
2025-08-27 16:00:00+00:00,3387.917,3398.823,3387.478,3396.21,21070,160,0
2025-08-27 20:00:00+00:00,3396.172,3399.502,3394.137,3395.819,10596,160,0
2025-08-28 00:00:00+00:00,3395.75,3398.029,3384.637,3390.079,23581,160,0
2025-08-28 04:00:00+00:00,3390.206,3397.696,3387.608,3395.752,20121,160,0
2025-08-28 08:00:00+00:00,3395.746,3407.671,3393.821,3404.153,24029,160,0
2025-08-28 12:00:00+00:00,3404.058,3413.49,3394.306,3410.901,40858,160,0
2025-08-28 16:00:00+00:00,3410.897,3423.212,3409.857,3422.07,21964,160,0
2025-08-28 20:00:00+00:00,3422.11,3422.521,3414.759,3414.819,9017,160,0
2025-08-29 00:00:00+00:00,3414.85,3417.885,3407.956,3410.864,20230,160,0
2025-08-29 04:00:00+00:00,3410.843,3412.661,3406.537,3412.197,18605,160,0
2025-08-29 08:00:00+00:00,3412.161,3414.879,3404.309,3410.725,20298,160,0
2025-08-29 12:00:00+00:00,3410.655,3447.633,3406.708,3445.494,44164,160,0
2025-08-29 16:00:00+00:00,3445.487,3453.924,3440.988,3452.573,29507,160,0
2025-08-29 20:00:00+00:00,3452.605,3452.734,3445.768,3448.035,5530,160,0
2025-08-31 20:00:00+00:00,3445.866,3452.606,3442.459,3447.952,9796,160,0
2025-09-01 00:00:00+00:00,3447.912,3486.107,3437.028,3474.523,51961,160,0
2025-09-01 04:00:00+00:00,3474.491,3489.928,3467.764,3477.857,35462,160,0
2025-09-01 08:00:00+00:00,3477.886,3479.901,3466.281,3470.025,31333,160,0
2025-09-01 12:00:00+00:00,3470.058,3481.298,3467.112,3474.085,27404,160,0
2025-09-01 16:00:00+00:00,3474.09,3478.89,3472.35,3476.76,7249,160,0
2025-09-01 20:00:00+00:00,3476.299,3481.524,3474.527,3479.211,11445,160,0
2025-09-02 00:00:00+00:00,3479.183,3508.741,3476.897,3495.044,44110,160,0
2025-09-02 04:00:00+00:00,3495.008,3498.332,3472.072,3476.857,36121,160,0
2025-09-02 08:00:00+00:00,3476.955,3490.14,3470.218,3489.727,39265,160,0
2025-09-02 12:00:00+00:00,3489.687,3520.3,3474.19,3520.3,78171,160,0
2025-09-02 16:00:00+00:00,3520.327,3540.122,3518.156,3536.978,34722,160,0
2025-09-02 20:00:00+00:00,3537.036,3537.73,3526.293,3529.984,15200,160,0
2025-09-03 00:00:00+00:00,3530.01,3546.95,3528.022,3530.921,45371,160,0
2025-09-03 04:00:00+00:00,3530.815,3538.292,3526.781,3533.847,30445,160,0
2025-09-03 08:00:00+00:00,3533.874,3549.594,3532.292,3547.551,32976,160,0
2025-09-03 12:00:00+00:00,3547.535,3567.404,3541.357,3563.953,69372,160,0
2025-09-03 16:00:00+00:00,3563.95,3578.427,3561.159,3563.559,36717,160,0
2025-09-03 20:00:00+00:00,3563.527,3566.064,3554.411,3560.292,21568,160,0
2025-09-04 00:00:00+00:00,3560.341,3563.473,3511.211,3529.147,58066,160,0
2025-09-04 04:00:00+00:00,3529.182,3541.701,3524.44,3541.137,35775,160,0
2025-09-04 08:00:00+00:00,3541.09,3549.862,3536.558,3545.464,34176,160,0
2025-09-04 12:00:00+00:00,3545.419,3558.825,3535.042,3552.829,65882,160,0
2025-09-04 16:00:00+00:00,3552.866,3556.227,3542.526,3549.8,25923,160,0
2025-09-04 20:00:00+00:00,3549.836,3554.549,3539.909,3552.549,14305,160,0
2025-09-05 00:00:00+00:00,3552.532,3559.102,3545.958,3558.294,31300,160,0
2025-09-05 04:00:00+00:00,3558.359,3561.15,3546.635,3548.197,26331,160,0
2025-09-05 08:00:00+00:00,3548.161,3555.201,3544.721,3553.228,26354,160,0
2025-09-05 12:00:00+00:00,3553.254,3597.893,3548.802,3592.005,113096,160,0
2025-09-05 16:00:00+00:00,3592.046,3600.076,3590.504,3594.813,35152,160,0
2025-09-05 20:00:00+00:00,3594.773,3595.357,3586.376,3586.597,5915,160,0
2025-09-07 20:00:00+00:00,3591.856,3596.716,3587.112,3591.178,23713,160,0
2025-09-08 00:00:00+00:00,3591.11,3597.16,3582.926,3583.61,45116,160,0
2025-09-08 04:00:00+00:00,3583.567,3613.605,3579.62,3609.483,31478,160,0
2025-09-08 08:00:00+00:00,3609.581,3622.52,3607.132,3619.901,32331,160,0
2025-09-08 12:00:00+00:00,3619.926,3646.316,3614.775,3639.26,65072,160,0
2025-09-08 16:00:00+00:00,3639.339,3641.772,3631.841,3636.528,28283,160,0
2025-09-08 20:00:00+00:00,3636.555,3637.945,3628.216,3634.992,13993,160,0
2025-09-09 00:00:00+00:00,3635.023,3654.597,3633.474,3645.838,39714,160,0
2025-09-09 04:00:00+00:00,3645.864,3659.258,3636.485,3644.363,43793,160,0
2025-09-09 08:00:00+00:00,3644.298,3656.71,3641.989,3648.0,33254,160,0
2025-09-09 12:00:00+00:00,3648.072,3674.541,3626.845,3645.441,105184,160,0
2025-09-09 16:00:00+00:00,3645.462,3649.458,3628.449,3629.362,29798,160,0
2025-09-09 20:00:00+00:00,3629.325,3640.753,3623.12,3633.568,19613,160,0
2025-09-10 00:00:00+00:00,3633.543,3638.325,3620.18,3636.479,41529,160,0
2025-09-10 04:00:00+00:00,3636.579,3648.467,3636.488,3644.103,28132,160,0
2025-09-10 08:00:00+00:00,3644.141,3657.577,3641.995,3649.282,28469,160,0
2025-09-10 12:00:00+00:00,3649.298,3657.417,3638.438,3644.495,57604,160,0
2025-09-10 16:00:00+00:00,3644.465,3649.72,3635.064,3641.898,25498,160,0
2025-09-10 20:00:00+00:00,3641.864,3645.552,3637.997,3644.915,12592,160,0
2025-09-11 00:00:00+00:00,3644.851,3649.15,3629.794,3632.005,31353,160,0
2025-09-11 04:00:00+00:00,3632.072,3637.976,3622.666,3629.811,33859,160,0
2025-09-11 08:00:00+00:00,3629.845,3631.716,3614.136,3616.789,30344,160,0
2025-09-11 12:00:00+00:00,3616.76,3643.946,3613.082,3633.06,76343,160,0
2025-09-11 16:00:00+00:00,3633.102,3641.947,3630.298,3636.945,27507,160,0
2025-09-11 20:00:00+00:00,3636.909,3638.26,3631.539,3631.842,9639,160,0
2025-09-12 00:00:00+00:00,3631.81,3653.272,3630.497,3652.849,33772,160,0
2025-09-12 04:00:00+00:00,3652.81,3656.62,3647.772,3648.301,25493,160,0
2025-09-12 08:00:00+00:00,3648.242,3652.168,3637.707,3647.044,31989,160,0
2025-09-12 12:00:00+00:00,3647.076,3654.32,3638.242,3644.515,46585,160,0
2025-09-12 16:00:00+00:00,3644.539,3650.615,3642.707,3644.164,18889,160,0
2025-09-12 20:00:00+00:00,3644.204,3645.399,3641.347,3643.484,4084,160,0
2025-09-14 20:00:00+00:00,3644.61,3645.996,3636.772,3638.241,7120,160,0
2025-09-15 00:00:00+00:00,3638.237,3646.422,3626.541,3646.019,32596,160,0
2025-09-15 04:00:00+00:00,3646.03,3646.892,3633.754,3643.821,24217,160,0
2025-09-15 08:00:00+00:00,3643.9,3646.701,3635.711,3642.661,28374,160,0
2025-09-15 12:00:00+00:00,3642.686,3681.938,3636.957,3680.435,47407,160,0
2025-09-15 16:00:00+00:00,3680.497,3685.623,3674.749,3680.955,29683,160,0
2025-09-15 20:00:00+00:00,3680.912,3681.986,3676.111,3676.996,10772,160,0
2025-09-16 00:00:00+00:00,3676.886,3689.475,3674.646,3681.135,33591,160,0
2025-09-16 04:00:00+00:00,3681.062,3694.183,3680.179,3686.47,25486,160,0
2025-09-16 08:00:00+00:00,3686.431,3699.491,3686.135,3697.166,28530,160,0
2025-09-16 12:00:00+00:00,3697.203,3703.11,3678.868,3686.142,60392,160,0
2025-09-16 16:00:00+00:00,3686.21,3691.17,3684.613,3689.61,23133,160,0
2025-09-16 20:00:00+00:00,3689.662,3695.243,3689.44,3694.245,9459,160,0
2025-09-17 00:00:00+00:00,3694.244,3695.378,3674.218,3681.691,33135,160,0
2025-09-17 04:00:00+00:00,3681.688,3685.835,3666.593,3667.199,29654,160,0
2025-09-17 08:00:00+00:00,3667.155,3670.964,3659.843,3665.975,35296,160,0
2025-09-17 12:00:00+00:00,3666.005,3687.2,3665.538,3684.136,39140,160,0
2025-09-17 16:00:00+00:00,3684.167,3707.455,3646.057,3661.73,128090,160,0
2025-09-17 20:00:00+00:00,3661.755,3672.021,3655.582,3669.169,19080,160,0
2025-09-18 00:00:00+00:00,3669.1,3669.989,3651.826,3658.506,41301,160,0
2025-09-18 04:00:00+00:00,3658.554,3659.874,3633.824,3659.018,46392,160,0
2025-09-18 08:00:00+00:00,3658.971,3673.017,3653.687,3667.193,34786,160,0
2025-09-18 12:00:00+00:00,3667.233,3672.452,3627.744,3641.315,83218,160,0
2025-09-18 16:00:00+00:00,3641.346,3647.229,3640.506,3646.565,28059,160,0
2025-09-18 20:00:00+00:00,3646.611,3647.257,3637.719,3640.239,9706,160,0
2025-09-19 00:00:00+00:00,3640.242,3656.444,3632.203,3653.722,40644,160,0
2025-09-19 04:00:00+00:00,3653.66,3661.222,3643.269,3653.984,35628,160,0
2025-09-19 08:00:00+00:00,3653.874,3659.228,3645.676,3648.392,27001,160,0
2025-09-19 12:00:00+00:00,3648.421,3676.032,3643.763,3670.739,55429,160,0
2025-09-19 16:00:00+00:00,3670.71,3685.19,3666.602,3684.462,27224,160,0
2025-09-19 20:00:00+00:00,3684.353,3685.038,3680.835,3684.861,4022,160,0
2025-09-21 20:00:00+00:00,3687.969,3692.329,3683.776,3686.253,12026,160,0
2025-09-22 00:00:00+00:00,3686.263,3697.532,3685.466,3695.442,39688,160,0
2025-09-22 04:00:00+00:00,3695.454,3719.857,3690.102,3713.226,38077,160,0
2025-09-22 08:00:00+00:00,3713.193,3728.313,3712.314,3724.606,33809,160,0
2025-09-22 12:00:00+00:00,3724.643,3736.395,3712.054,3736.15,67102,160,0
2025-09-22 16:00:00+00:00,3736.109,3748.793,3735.201,3747.651,27864,160,0
2025-09-22 20:00:00+00:00,3747.606,3749.254,3738.273,3747.763,15224,160,0
2025-09-23 00:00:00+00:00,3747.797,3759.325,3736.722,3746.477,48712,160,0
2025-09-23 04:00:00+00:00,3746.489,3758.762,3743.065,3753.435,36319,160,0
2025-09-23 08:00:00+00:00,3753.381,3791.065,3752.965,3783.475,48451,160,0
2025-09-23 12:00:00+00:00,3783.52,3788.815,3767.617,3779.338,68530,160,0
2025-09-23 16:00:00+00:00,3779.37,3785.704,3751.856,3764.306,62307,160,0
2025-09-23 20:00:00+00:00,3764.248,3770.193,3761.554,3763.842,14841,160,0
2025-09-24 00:00:00+00:00,3763.822,3771.877,3750.597,3765.399,43533,160,0
2025-09-24 04:00:00+00:00,3765.422,3779.229,3763.218,3777.358,31399,160,0
2025-09-24 08:00:00+00:00,3777.391,3777.734,3759.629,3768.958,30577,160,0
2025-09-24 12:00:00+00:00,3768.932,3772.985,3739.64,3741.114,69177,160,0
2025-09-24 16:00:00+00:00,3741.079,3745.225,3717.427,3730.032,44182,160,0
2025-09-24 20:00:00+00:00,3730.098,3745.319,3729.941,3742.92,13949,160,0
2025-09-25 00:00:00+00:00,3743.0,3751.539,3729.422,3736.578,41376,160,0
2025-09-25 04:00:00+00:00,3736.581,3755.001,3731.74,3752.213,36676,160,0
2025-09-25 08:00:00+00:00,3752.174,3761.601,3741.067,3753.056,46068,160,0
2025-09-25 12:00:00+00:00,3753.018,3755.929,3721.945,3735.828,97096,160,0
2025-09-25 16:00:00+00:00,3735.893,3758.296,3732.366,3746.523,45578,160,0
2025-09-25 20:00:00+00:00,3746.56,3752.524,3738.051,3744.717,17983,160,0
2025-09-26 00:00:00+00:00,3744.676,3753.33,3734.464,3745.435,40215,160,0
2025-09-26 04:00:00+00:00,3745.474,3754.165,3739.181,3747.971,34295,160,0
2025-09-26 08:00:00+00:00,3747.991,3755.206,3742.903,3748.706,29901,160,0
2025-09-26 12:00:00+00:00,3748.662,3783.826,3746.602,3780.373,82123,160,0
2025-09-26 16:00:00+00:00,3780.332,3783.204,3764.617,3766.707,42351,160,0
2025-09-26 20:00:00+00:00,3766.743,3769.555,3760.026,3761.041,6557,160,0
2025-09-28 20:00:00+00:00,3764.718,3772.502,3763.322,3766.899,12958,160,0
2025-09-29 00:00:00+00:00,3766.858,3799.439,3763.91,3794.34,74493,160,0
2025-09-29 04:00:00+00:00,3794.355,3819.874,3792.419,3806.343,61564,160,0
2025-09-29 08:00:00+00:00,3806.381,3831.36,3806.381,3828.916,44077,160,0
2025-09-29 12:00:00+00:00,3828.865,3833.183,3809.189,3830.351,86595,160,0
2025-09-29 16:00:00+00:00,3830.345,3833.56,3822.605,3828.754,37088,160,0
2025-09-29 20:00:00+00:00,3828.792,3834.025,3825.656,3832.835,14624,160,0
2025-09-30 00:00:00+00:00,3832.89,3867.205,3831.128,3864.772,52263,160,0
2025-09-30 04:00:00+00:00,3864.731,3871.7,3839.471,3843.811,53172,160,0
2025-09-30 08:00:00+00:00,3843.843,3847.244,3793.074,3815.189,93171,160,0
2025-09-30 12:00:00+00:00,3815.128,3854.543,3808.828,3839.035,101787,160,0
2025-09-30 16:00:00+00:00,3839.001,3860.808,3837.779,3859.05,38085,160,0
2025-09-30 20:00:00+00:00,3859.09,3863.08,3850.731,3862.927,19801,160,0
2025-10-01 00:00:00+00:00,3862.94,3875.562,3855.514,3861.982,43449,160,0
2025-10-01 04:00:00+00:00,3861.988,3879.88,3853.356,3879.186,45157,160,0
2025-10-01 08:00:00+00:00,3879.237,3895.376,3878.059,3883.512,48721,160,0
2025-10-01 12:00:00+00:00,3883.596,3891.122,3856.11,3868.483,120509,160,0
2025-10-01 16:00:00+00:00,3868.424,3871.894,3854.896,3867.708,44755,160,0
2025-10-01 20:00:00+00:00,3867.731,3867.883,3857.474,3863.518,20168,160,0
2025-10-02 00:00:00+00:00,3863.475,3870.021,3852.832,3866.58,36484,160,0
2025-10-02 04:00:00+00:00,3866.587,3874.822,3861.697,3868.558,35157,160,0
2025-10-02 08:00:00+00:00,3868.463,3886.696,3864.659,3886.313,35964,160,0
2025-10-02 12:00:00+00:00,3886.277,3897.154,3819.32,3828.364,136840,160,0
2025-10-02 16:00:00+00:00,3828.316,3859.08,3827.173,3855.554,55525,160,0
2025-10-02 20:00:00+00:00,3855.603,3863.763,3852.146,3862.41,14638,160,0
2025-10-03 00:00:00+00:00,3862.365,3862.779,3837.995,3842.757,45102,160,0
2025-10-03 04:00:00+00:00,3842.711,3865.262,3841.597,3864.275,37598,160,0
2025-10-03 08:00:00+00:00,3864.196,3867.688,3854.689,3862.077,35970,160,0
2025-10-03 12:00:00+00:00,3862.141,3891.638,3860.448,3889.44,96552,160,0
2025-10-03 16:00:00+00:00,3889.402,3889.785,3876.909,3885.568,47167,160,0
2025-10-03 20:00:00+00:00,3885.537,3887.228,3882.845,3887.045,4691,160,0
2025-10-05 20:00:00+00:00,3888.624,3920.986,3884.034,3909.45,35338,160,0
2025-10-06 00:00:00+00:00,3909.487,3932.041,3898.931,3929.569,55124,160,0
2025-10-06 04:00:00+00:00,3929.584,3945.205,3922.449,3941.617,71030,160,0
2025-10-06 08:00:00+00:00,3941.651,3949.598,3930.997,3938.294,61909,160,0
2025-10-06 12:00:00+00:00,3938.256,3964.126,3926.478,3962.468,103809,160,0
2025-10-06 16:00:00+00:00,3962.454,3970.01,3945.753,3959.451,54491,160,0
2025-10-06 20:00:00+00:00,3959.415,3976.198,3957.397,3969.514,32057,160,0
2025-10-07 00:00:00+00:00,3969.556,3977.475,3955.804,3973.395,50084,160,0
2025-10-07 04:00:00+00:00,3973.418,3976.904,3943.273,3945.962,64644,160,0
2025-10-07 08:00:00+00:00,3945.918,3969.135,3940.82,3966.998,49834,160,0
2025-10-07 12:00:00+00:00,3966.949,3991.059,3961.777,3966.153,104526,160,0
2025-10-07 16:00:00+00:00,3966.198,3987.739,3963.164,3980.14,62248,160,0
2025-10-07 20:00:00+00:00,3980.195,3995.946,3980.195,3994.411,16587,160,0
2025-10-08 00:00:00+00:00,3994.367,4016.527,3984.478,4014.641,50954,160,0
2025-10-08 04:00:00+00:00,4014.688,4039.029,4014.688,4034.2,57640,160,0
2025-10-08 08:00:00+00:00,4034.165,4049.631,4030.829,4037.935,51945,160,0
2025-10-08 12:00:00+00:00,4037.899,4050.719,4026.342,4045.664,92313,160,0
2025-10-08 16:00:00+00:00,4045.694,4059.321,4032.041,4044.914,75294,160,0
2025-10-08 20:00:00+00:00,4044.886,4046.707,4001.257,4011.708,40292,160,0
2025-10-09 00:00:00+00:00,4011.706,4036.3,4002.492,4026.749,93777,160,0
2025-10-09 04:00:00+00:00,4026.72,4043.744,4022.631,4031.582,59737,160,0
2025-10-09 08:00:00+00:00,4031.479,4046.733,4030.183,4044.488,44254,160,0
2025-10-09 12:00:00+00:00,4044.45,4057.978,4003.929,4014.65,169743,160,0
2025-10-09 16:00:00+00:00,4014.581,4021.757,3944.6,3973.033,150587,160,0
2025-10-09 20:00:00+00:00,3973.087,3990.833,3958.514,3989.932,32617,160,0
2025-10-10 00:00:00+00:00,3989.927,3994.402,3960.778,3961.963,70615,160,0
2025-10-10 04:00:00+00:00,3961.934,3977.909,3946.94,3971.99,79450,160,0
2025-10-10 08:00:00+00:00,3971.998,4006.76,3970.098,3987.181,73079,160,0
2025-10-10 12:00:00+00:00,3987.207,4022.825,3970.62,3997.977,160251,160,0
2025-10-10 16:00:00+00:00,3998.011,4021.315,3974.975,4011.206,117173,160,0
2025-10-10 20:00:00+00:00,4011.247,4020.903,4005.645,4010.399,17156,160,0
2025-10-12 20:00:00+00:00,4014.463,4060.193,4008.645,4035.147,49709,160,0
2025-10-13 00:00:00+00:00,4035.195,4059.926,4024.338,4051.928,99575,160,0
2025-10-13 04:00:00+00:00,4051.922,4078.206,4050.974,4071.176,70641,160,0
2025-10-13 08:00:00+00:00,4071.135,4085.261,4069.031,4073.986,55104,160,0
2025-10-13 12:00:00+00:00,4073.987,4107.412,4073.173,4104.946,91489,160,0
2025-10-13 16:00:00+00:00,4104.908,4117.037,4090.701,4108.627,63341,160,0
2025-10-13 20:00:00+00:00,4108.532,4132.069,4106.024,4128.045,29152,160,0
2025-10-14 00:00:00+00:00,4128.091,4166.495,4119.597,4163.373,89489,160,0
2025-10-14 04:00:00+00:00,4163.414,4179.707,4090.603,4126.245,180680,160,0
2025-10-14 08:00:00+00:00,4126.277,4145.217,4121.822,4130.511,97154,160,0
2025-10-14 12:00:00+00:00,4130.473,4142.716,4097.762,4137.989,153734,160,0
2025-10-14 16:00:00+00:00,4138.03,4155.284,4127.903,4141.606,92862,160,0
2025-10-14 20:00:00+00:00,4141.564,4167.144,4139.138,4161.613,29812,160,0
2025-10-15 00:00:00+00:00,4161.574,4190.855,4153.803,4187.051,79772,160,0
2025-10-15 04:00:00+00:00,4187.099,4209.799,4173.253,4207.69,55530,160,0
2025-10-15 08:00:00+00:00,4207.732,4218.221,4164.774,4198.664,80562,160,0
2025-10-15 12:00:00+00:00,4198.692,4212.361,4176.187,4190.235,135901,160,0
2025-10-15 16:00:00+00:00,4190.285,4213.525,4182.527,4210.372,79999,160,0
2025-10-15 20:00:00+00:00,4210.328,4215.9,4199.584,4209.458,26806,160,0
2025-10-16 00:00:00+00:00,4209.563,4242.119,4204.95,4233.816,66666,160,0
2025-10-16 04:00:00+00:00,4233.804,4239.452,4203.546,4230.521,83984,160,0
2025-10-16 08:00:00+00:00,4230.551,4247.734,4222.062,4240.659,49460,160,0
2025-10-16 12:00:00+00:00,4240.703,4276.073,4227.691,4273.407,111083,160,0
2025-10-16 16:00:00+00:00,4273.438,4313.043,4261.335,4307.326,133783,160,0
2025-10-16 20:00:00+00:00,4307.373,4380.074,4307.373,4365.805,76378,160,0
2025-10-17 00:00:00+00:00,4365.763,4371.673,4278.793,4366.694,176870,160,0
2025-10-17 04:00:00+00:00,4366.703,4378.554,4308.845,4342.371,145024,160,0
2025-10-17 08:00:00+00:00,4342.341,4349.77,4286.613,4287.043,144597,160,0
2025-10-17 12:00:00+00:00,4287.106,4320.228,4216.823,4237.478,325001,160,0
2025-10-17 16:00:00+00:00,4237.54,4244.98,4186.194,4225.936,188198,160,0
2025-10-17 20:00:00+00:00,4225.895,4252.702,4220.102,4250.936,21062,160,0
2025-10-19 20:00:00+00:00,4264.629,4268.325,4233.246,4237.851,40955,160,0
2025-10-20 00:00:00+00:00,4237.822,4271.286,4218.935,4264.725,122956,160,0
2025-10-20 04:00:00+00:00,4264.681,4268.295,4221.41,4255.173,98237,160,0
2025-10-20 08:00:00+00:00,4255.137,4279.738,4245.621,4279.281,66810,160,0
2025-10-20 12:00:00+00:00,4279.313,4355.752,4272.727,4349.215,170888,160,0
2025-10-20 16:00:00+00:00,4349.18,4381.569,4337.34,4378.211,75261,160,0
2025-10-20 20:00:00+00:00,4378.162,4380.115,4346.475,4360.492,54208,160,0
2025-10-21 00:00:00+00:00,4360.442,4372.296,4332.872,4346.584,96976,160,0
2025-10-21 04:00:00+00:00,4346.538,4347.068,4293.394,4298.449,100302,160,0
2025-10-21 08:00:00+00:00,4298.363,4301.779,4244.728,4253.325,151776,160,0
2025-10-21 12:00:00+00:00,4253.353,4257.511,4080.817,4138.535,349390,160,0
2025-10-21 16:00:00+00:00,4138.648,4143.876,4093.562,4108.77,157410,160,0
2025-10-21 20:00:00+00:00,4108.802,4132.322,4090.127,4093.156,50052,160,0
2025-10-22 00:00:00+00:00,4093.182,4143.136,4004.185,4128.674,232589,160,0
2025-10-22 04:00:00+00:00,4128.61,4161.36,4107.57,4132.901,106814,160,0
2025-10-22 08:00:00+00:00,4132.863,4135.863,4015.07,4027.778,227517,160,0
2025-10-22 12:00:00+00:00,4027.805,4085.272,4010.988,4037.089,240734,160,0
2025-10-22 16:00:00+00:00,4037.043,4113.632,4023.211,4102.378,143259,160,0
2025-10-22 20:00:00+00:00,4102.333,4116.475,4080.517,4087.735,55237,160,0
2025-10-23 00:00:00+00:00,4087.639,4100.724,4065.984,4091.173,100991,160,0
2025-10-23 04:00:00+00:00,4091.195,4137.712,4079.656,4094.256,100118,160,0
2025-10-23 08:00:00+00:00,4094.292,4125.478,4094.292,4109.614,93364,160,0
2025-10-23 12:00:00+00:00,4109.581,4154.684,4100.14,4141.845,133305,160,0
2025-10-23 16:00:00+00:00,4141.816,4148.643,4116.426,4118.289,73483,160,0
2025-10-23 20:00:00+00:00,4118.333,4131.923,4105.812,4121.703,33532,160,0
2025-10-24 00:00:00+00:00,4121.728,4144.297,4107.556,4122.38,73260,160,0
2025-10-24 04:00:00+00:00,4122.262,4123.316,4069.547,4074.245,81722,160,0
2025-10-24 08:00:00+00:00,4074.376,4077.914,4043.978,4061.284,89657,160,0
2025-10-24 12:00:00+00:00,4061.371,4135.165,4059.819,4130.347,173638,160,0
2025-10-24 16:00:00+00:00,4130.419,4138.594,4101.801,4103.999,82393,160,0
2025-10-24 20:00:00+00:00,4104.036,4114.062,4096.254,4113.082,9813,160,0
2025-10-26 20:00:00+00:00,4083.572,4109.193,4061.912,4064.458,50184,160,0
2025-10-27 00:00:00+00:00,4064.532,4097.781,4058.108,4069.559,84879,160,0
2025-10-27 04:00:00+00:00,4069.523,4084.782,4053.805,4068.619,65091,160,0
2025-10-27 08:00:00+00:00,4068.588,4070.548,4015.427,4023.923,108625,160,0
2025-10-27 12:00:00+00:00,4023.971,4050.275,3971.348,3989.93,190360,160,0
2025-10-27 16:00:00+00:00,3990.039,4010.147,3983.978,3990.129,84294,160,0
2025-10-27 20:00:00+00:00,3990.176,4004.562,3979.11,3998.491,36748,160,0
2025-10-28 00:00:00+00:00,3998.379,4019.767,3973.043,3992.9,81790,160,0
2025-10-28 04:00:00+00:00,3992.855,3994.255,3921.754,3932.473,101446,160,0
2025-10-28 08:00:00+00:00,3932.508,3935.894,3886.54,3923.293,118910,160,0
2025-10-28 12:00:00+00:00,3923.32,3969.566,3905.489,3964.762,122381,160,0
2025-10-28 16:00:00+00:00,3964.796,3970.422,3945.144,3960.116,86168,160,0
2025-10-28 20:00:00+00:00,3960.164,3967.841,3915.99,3964.818,48676,160,0
2025-10-29 00:00:00+00:00,3964.847,3982.257,3944.199,3963.36,82176,160,0
2025-10-29 04:00:00+00:00,3963.373,4001.599,3950.749,4001.329,70276,160,0
2025-10-29 08:00:00+00:00,4001.294,4029.706,4000.436,4016.693,75433,160,0
2025-10-29 12:00:00+00:00,4016.722,4030.268,3989.229,3993.002,103564,160,0
2025-10-29 16:00:00+00:00,3993.009,4007.464,3927.91,3945.555,163789,160,0
2025-10-29 20:00:00+00:00,3945.528,3954.199,3917.19,3952.836,54075,160,0
2025-10-30 00:00:00+00:00,3952.798,3966.389,3915.301,3938.002,92132,160,0
2025-10-30 04:00:00+00:00,3938.03,3982.421,3934.842,3961.323,102234,160,0
2025-10-30 08:00:00+00:00,3961.339,4011.878,3960.183,3974.38,88899,160,0
2025-10-30 12:00:00+00:00,3974.422,4014.809,3960.046,4001.938,145455,160,0
2025-10-30 16:00:00+00:00,4001.9,4025.972,3991.38,4023.45,67799,160,0
2025-10-30 20:00:00+00:00,4023.4,4046.422,4016.328,4036.658,42481,160,0
2025-10-31 00:00:00+00:00,4036.633,4039.309,3991.092,3996.422,89686,160,0
2025-10-31 04:00:00+00:00,3996.448,4025.316,3989.103,4021.041,74303,160,0
2025-10-31 08:00:00+00:00,4020.948,4026.871,3998.795,4010.527,62744,160,0
2025-10-31 12:00:00+00:00,4010.483,4036.188,4009.075,4012.804,107713,160,0
2025-10-31 16:00:00+00:00,4012.753,4015.136,3972.406,4001.071,104591,160,0
2025-10-31 20:00:00+00:00,4001.033,4006.709,3996.134,4001.621,7984,160,0
2025-11-02 20:00:00+00:00,3990.719,3998.936,3977.946,3980.468,17526,160,0
2025-11-03 00:00:00+00:00,3980.378,4015.557,3962.306,4011.186,87365,160,0
2025-11-03 04:00:00+00:00,4011.183,4026.054,3997.685,4025.279,56200,160,0
2025-11-03 08:00:00+00:00,4025.371,4027.868,3992.968,4007.563,74971,160,0
2025-11-03 12:00:00+00:00,4007.556,4030.646,4001.707,4008.635,103235,160,0
2025-11-03 16:00:00+00:00,4008.604,4013.492,3995.081,4004.71,62134,160,0
2025-11-03 20:00:00+00:00,4004.67,4014.932,3980.963,3997.194,28608,160,0
2025-11-04 00:00:00+00:00,3997.301,3999.382,3975.503,3994.564,73456,160,0
2025-11-04 04:00:00+00:00,3994.525,3996.438,3966.773,3993.904,66744,160,0
2025-11-04 08:00:00+00:00,3994.038,4000.711,3985.891,3995.205,55262,160,0
2025-11-04 12:00:00+00:00,3995.22,3997.576,3928.81,3956.768,109480,160,0
2025-11-04 16:00:00+00:00,3956.871,3975.778,3932.102,3937.435,78625,160,0
2025-11-04 20:00:00+00:00,3937.45,3942.073,3930.398,3934.767,31926,160,0
2025-11-05 00:00:00+00:00,3934.793,3965.385,3929.598,3960.802,66014,160,0
2025-11-05 04:00:00+00:00,3960.841,3978.556,3959.739,3972.701,49341,160,0
2025-11-05 08:00:00+00:00,3972.734,3987.091,3956.021,3966.879,51819,160,0
2025-11-05 12:00:00+00:00,3966.823,3985.562,3962.266,3978.192,77549,160,0
2025-11-05 16:00:00+00:00,3978.268,3990.518,3974.787,3987.809,43783,160,0
2025-11-05 20:00:00+00:00,3987.838,3990.243,3966.726,3973.671,24009,160,0
2025-11-06 00:00:00+00:00,3973.63,3990.439,3964.543,3987.556,44793,160,0
2025-11-06 04:00:00+00:00,3987.549,4009.645,3982.182,4005.883,39377,160,0
2025-11-06 08:00:00+00:00,4005.852,4019.609,4004.248,4018.182,39505,160,0
2025-11-06 12:00:00+00:00,4018.104,4019.506,3975.197,3980.22,85222,160,0
2025-11-06 16:00:00+00:00,3980.264,3995.278,3965.754,3985.395,66020,160,0
2025-11-06 20:00:00+00:00,3985.35,3989.711,3974.354,3989.177,27712,160,0
2025-11-07 00:00:00+00:00,3989.212,4003.402,3984.509,3990.445,38490,160,0
2025-11-07 04:00:00+00:00,3990.413,4010.016,3985.363,4007.772,37989,160,0
2025-11-07 08:00:00+00:00,4007.836,4014.195,3993.715,4002.861,42403,160,0
2025-11-07 12:00:00+00:00,4002.935,4008.431,3984.058,3990.952,79085,160,0
2025-11-07 16:00:00+00:00,3990.989,4027.628,3989.915,4006.841,78353,160,0
2025-11-07 20:00:00+00:00,4006.811,4007.184,3994.34,4001.422,22522,160,0
2025-11-09 20:00:00+00:00,4004.876,4012.265,4004.027,4011.86,11896,160,0
2025-11-10 00:00:00+00:00,4011.87,4053.256,4011.132,4050.292,64262,160,0
2025-11-10 04:00:00+00:00,4050.242,4079.165,4049.947,4075.19,44837,160,0
2025-11-10 08:00:00+00:00,4075.215,4086.238,4071.617,4085.293,46443,160,0
2025-11-10 12:00:00+00:00,4085.335,4105.886,4074.405,4084.555,93161,160,0
2025-11-10 16:00:00+00:00,4084.509,4115.834,4081.921,4113.162,47748,160,0
2025-11-10 20:00:00+00:00,4113.102,4122.665,4106.58,4119.955,23631,160,0
2025-11-11 00:00:00+00:00,4119.992,4148.113,4116.195,4146.879,55106,160,0
2025-11-11 04:00:00+00:00,4146.816,4148.862,4124.545,4129.671,48226,160,0
2025-11-11 08:00:00+00:00,4129.564,4146.001,4128.805,4142.788,39950,160,0
2025-11-11 12:00:00+00:00,4142.829,4146.645,4097.107,4106.638,85326,160,0
2025-11-11 16:00:00+00:00,4106.671,4126.175,4105.046,4123.01,49078,160,0
2025-11-11 20:00:00+00:00,4123.062,4144.677,4122.366,4142.639,26967,160,0
2025-11-12 00:00:00+00:00,4142.641,4145.524,4111.79,4111.972,57117,160,0
2025-11-12 04:00:00+00:00,4111.9,4125.318,4098.923,4116.963,54213,160,0
2025-11-12 08:00:00+00:00,4117.004,4133.567,4112.131,4126.121,53763,160,0
2025-11-12 12:00:00+00:00,4126.096,4185.704,4122.809,4181.424,103029,160,0
2025-11-12 16:00:00+00:00,4181.381,4211.751,4180.097,4197.485,95966,160,0
2025-11-12 20:00:00+00:00,4197.44,4208.175,4187.243,4191.097,35739,160,0
2025-11-13 00:00:00+00:00,4191.055,4213.486,4179.864,4213.125,81084,160,0
2025-11-13 04:00:00+00:00,4213.094,4220.15,4203.286,4219.942,61710,160,0
2025-11-13 08:00:00+00:00,4219.896,4240.261,4218.874,4230.52,62600,160,0
2025-11-13 12:00:00+00:00,4230.479,4245.332,4184.507,4202.482,128910,160,0
2025-11-13 16:00:00+00:00,4202.509,4211.009,4145.372,4163.828,124121,160,0
2025-11-13 20:00:00+00:00,4163.872,4186.697,4160.283,4185.929,43715,160,0
2025-11-14 00:00:00+00:00,4185.951,4211.561,4173.688,4204.436,67156,160,0
2025-11-14 04:00:00+00:00,4204.4,4205.836,4158.836,4180.986,72659,160,0
2025-11-14 08:00:00+00:00,4180.917,4187.007,4130.777,4132.907,82669,160,0
2025-11-14 12:00:00+00:00,4132.858,4140.501,4032.197,4093.474,214001,160,0
2025-11-14 16:00:00+00:00,4093.53,4111.212,4080.789,4089.972,103592,160,0
2025-11-14 20:00:00+00:00,4090.03,4092.339,4075.294,4084.62,30454,160,0
2025-11-16 20:00:00+00:00,4083.755,4106.794,4071.875,4096.461,23002,160,0
2025-11-17 00:00:00+00:00,4096.528,4102.076,4070.048,4082.993,94357,160,0
2025-11-17 04:00:00+00:00,4082.938,4089.243,4049.649,4088.159,66769,160,0
2025-11-17 08:00:00+00:00,4088.13,4095.987,4061.026,4078.456,72605,160,0
2025-11-17 12:00:00+00:00,4078.493,4092.276,4060.633,4064.373,102439,160,0
2025-11-17 16:00:00+00:00,4064.304,4081.109,4010.808,4011.229,100599,160,0
2025-11-17 20:00:00+00:00,4011.258,4055.565,4006.848,4036.825,59297,160,0
2025-11-18 00:00:00+00:00,4036.862,4045.052,4008.202,4013.285,85699,160,0
2025-11-18 04:00:00+00:00,4013.316,4025.227,3998.052,4013.674,73323,160,0
2025-11-18 08:00:00+00:00,4013.648,4050.434,4010.54,4039.334,69254,160,0
2025-11-18 12:00:00+00:00,4039.303,4082.042,4029.064,4052.921,131828,160,0
2025-11-18 16:00:00+00:00,4053.001,4082.06,4040.402,4081.051,85209,160,0
2025-11-18 20:00:00+00:00,4081.089,4082.273,4064.834,4076.65,31906,160,0
2025-11-19 00:00:00+00:00,4076.692,4080.659,4055.665,4066.989,65132,160,0
2025-11-19 04:00:00+00:00,4066.883,4098.636,4064.406,4087.046,55443,160,0
2025-11-19 08:00:00+00:00,4087.003,4119.173,4078.212,4112.9,70894,160,0
2025-11-19 12:00:00+00:00,4112.838,4132.686,4090.012,4096.599,110819,160,0
2025-11-19 16:00:00+00:00,4096.671,4098.646,4055.572,4073.651,146496,160,0
2025-11-19 20:00:00+00:00,4073.642,4108.239,4065.58,4104.662,46075,160,0
2025-11-20 00:00:00+00:00,4104.692,4110.327,4039.865,4072.427,97519,160,0
2025-11-20 04:00:00+00:00,4072.466,4080.577,4054.051,4059.959,68994,160,0
2025-11-20 08:00:00+00:00,4059.901,4072.779,4038.727,4060.789,85664,160,0
2025-11-20 12:00:00+00:00,4060.724,4107.187,4060.084,4070.156,146957,160,0
2025-11-20 16:00:00+00:00,4070.211,4087.303,4043.674,4084.652,159911,160,0
2025-11-20 20:00:00+00:00,4084.615,4088.817,4072.924,4079.097,43051,160,0
2025-11-21 00:00:00+00:00,4079.141,4081.453,4049.396,4056.197,74863,160,0
2025-11-21 04:00:00+00:00,4056.16,4064.881,4024.822,4031.675,82783,160,0
2025-11-21 08:00:00+00:00,4031.705,4063.621,4022.258,4036.588,94780,160,0
2025-11-21 12:00:00+00:00,4036.553,4083.968,4034.758,4069.739,151470,160,0
2025-11-21 16:00:00+00:00,4069.723,4101.27,4062.91,4087.587,104550,160,0
2025-11-21 20:00:00+00:00,4087.621,4088.776,4054.505,4066.113,39746,160,0
2025-11-23 20:00:00+00:00,4072.469,4077.681,4065.815,4075.117,14659,160,0
2025-11-24 00:00:00+00:00,4075.148,4076.144,4040.582,4050.459,67739,160,0
2025-11-24 04:00:00+00:00,4050.507,4067.639,4039.842,4059.972,63009,160,0
2025-11-24 08:00:00+00:00,4059.9,4077.254,4059.548,4069.968,54305,160,0
2025-11-24 12:00:00+00:00,4069.86,4093.872,4065.669,4091.741,86166,160,0
2025-11-24 16:00:00+00:00,4091.791,4125.748,4088.034,4118.508,66446,160,0
2025-11-24 20:00:00+00:00,4118.531,4144.411,4117.942,4143.81,38632,160,0
2025-11-25 00:00:00+00:00,4143.802,4155.82,4122.524,4143.052,84219,160,0
2025-11-25 04:00:00+00:00,4143.026,4152.063,4130.277,4132.601,58436,160,0
2025-11-25 08:00:00+00:00,4132.591,4139.522,4109.156,4133.468,65509,160,0
2025-11-25 12:00:00+00:00,4133.521,4150.896,4111.034,4123.13,108211,160,0
2025-11-25 16:00:00+00:00,4123.092,4159.498,4122.152,4133.761,84114,160,0
2025-11-25 20:00:00+00:00,4133.797,4138.431,4127.629,4133.73,27667,160,0
2025-11-26 00:00:00+00:00,4133.808,4169.421,4132.595,4166.111,57741,160,0
2025-11-26 04:00:00+00:00,4166.078,4168.682,4146.598,4157.309,50024,160,0
2025-11-26 08:00:00+00:00,4157.28,4173.135,4154.696,4171.556,54484,160,0
2025-11-26 12:00:00+00:00,4171.577,4173.57,4136.508,4165.246,100743,160,0
2025-11-26 16:00:00+00:00,4165.286,4171.743,4157.984,4163.254,56540,160,0
2025-11-26 20:00:00+00:00,4163.284,4168.944,4161.324,4165.012,23927,160,0
2025-11-27 00:00:00+00:00,4164.965,4167.313,4144.145,4147.464,50394,160,0
2025-11-27 04:00:00+00:00,4147.42,4162.262,4142.573,4160.009,45172,160,0
2025-11-27 08:00:00+00:00,4160.059,4167.181,4148.261,4157.328,45078,160,0
2025-11-27 12:00:00+00:00,4157.352,4161.86,4149.151,4158.056,44293,160,0
2025-11-27 16:00:00+00:00,4158.005,4160.37,4151.443,4157.116,17607,160,0
2025-11-27 20:00:00+00:00,4160.413,4164.05,4158.299,4163.431,4658,160,0
2025-11-28 00:00:00+00:00,4163.371,4193.044,4163.12,4184.227,42389,160,0
2025-11-28 04:00:00+00:00,4184.232,4188.862,4155.674,4174.631,24683,160,0
2025-11-28 08:00:00+00:00,4174.635,4180.139,4147.529,4172.019,56461,160,0
2025-11-28 12:00:00+00:00,4171.98,4208.958,4168.712,4203.639,57480,160,0
2025-11-28 16:00:00+00:00,4203.609,4226.479,4197.534,4219.212,51559,160,0
2025-11-30 20:00:00+00:00,4219.954,4225.289,4205.826,4221.933,15731,160,0
2025-12-01 00:00:00+00:00,4221.906,4256.447,4218.245,4239.35,84517,160,0
2025-12-01 04:00:00+00:00,4239.331,4246.989,4215.434,4245.32,60220,160,0
2025-12-01 08:00:00+00:00,4245.286,4262.278,4238.457,4254.634,50321,160,0
2025-12-01 12:00:00+00:00,4254.639,4264.527,4219.538,4232.544,104695,160,0
2025-12-01 16:00:00+00:00,4232.589,4244.667,4223.127,4236.851,93254,160,0
2025-12-01 20:00:00+00:00,4236.819,4241.568,4224.423,4227.679,35173,160,0
2025-12-02 00:00:00+00:00,4227.704,4229.766,4191.383,4216.927,82199,160,0
2025-12-02 04:00:00+00:00,4216.813,4226.313,4203.258,4213.307,54235,160,0
2025-12-02 08:00:00+00:00,4213.386,4217.177,4180.945,4205.288,60477,160,0
2025-12-02 12:00:00+00:00,4205.254,4230.859,4163.545,4169.426,116181,160,0
2025-12-02 16:00:00+00:00,4169.474,4200.693,4166.912,4196.52,81703,160,0
2025-12-02 20:00:00+00:00,4196.557,4216.282,4194.887,4212.876,33702,160,0
2025-12-03 00:00:00+00:00,4212.913,4228.864,4204.339,4221.244,62161,160,0
2025-12-03 04:00:00+00:00,4221.182,4225.428,4199.959,4206.45,59894,160,0
2025-12-03 08:00:00+00:00,4206.496,4210.304,4194.48,4208.564,50701,160,0
2025-12-03 12:00:00+00:00,4208.537,4241.579,4205.131,4216.342,110463,160,0
2025-12-03 16:00:00+00:00,4216.307,4224.964,4195.226,4207.872,79039,160,0
2025-12-03 20:00:00+00:00,4207.83,4212.748,4202.395,4207.165,25991,160,0
2025-12-04 00:00:00+00:00,4207.102,4216.842,4187.215,4195.851,60916,160,0
2025-12-04 04:00:00+00:00,4195.762,4199.107,4174.834,4193.744,62817,160,0
2025-12-04 08:00:00+00:00,4193.713,4206.525,4183.694,4198.58,51899,160,0
2025-12-04 12:00:00+00:00,4198.625,4213.586,4185.475,4207.52,97249,160,0
2025-12-04 16:00:00+00:00,4207.493,4219.46,4199.599,4208.915,59581,160,0
2025-12-04 20:00:00+00:00,4208.908,4210.32,4203.865,4206.079,21082,160,0
2025-12-05 00:00:00+00:00,4206.077,4210.953,4194.824,4209.557,48366,160,0
2025-12-05 04:00:00+00:00,4209.544,4230.69,4207.844,4224.435,44463,160,0
2025-12-05 08:00:00+00:00,4224.409,4227.553,4215.939,4223.693,33289,160,0
2025-12-05 12:00:00+00:00,4223.718,4259.24,4221.524,4243.48,87338,160,0
2025-12-05 16:00:00+00:00,4243.536,4245.713,4198.651,4207.649,105759,160,0
2025-12-05 20:00:00+00:00,4207.69,4207.844,4191.863,4198.522,37386,160,0
2025-12-07 20:00:00+00:00,4202.426,4208.658,4189.873,4201.389,2186,160,0
2025-12-08 00:00:00+00:00,4201.433,4213.39,4197.543,4210.008,51020,160,0
2025-12-08 04:00:00+00:00,4210.029,4218.963,4204.603,4206.864,34534,160,0
2025-12-08 08:00:00+00:00,4206.863,4216.531,4199.693,4208.427,38102,160,0
2025-12-08 12:00:00+00:00,4208.391,4215.519,4176.137,4182.914,80881,160,0
2025-12-08 16:00:00+00:00,4182.891,4197.891,4177.147,4187.057,46541,160,0
2025-12-08 20:00:00+00:00,4187.017,4195.497,4184.927,4194.735,16181,160,0
2025-12-09 00:00:00+00:00,4194.74,4198.797,4185.993,4194.6,38568,160,0
2025-12-09 04:00:00+00:00,4194.525,4195.638,4170.097,4182.368,47060,160,0
2025-12-09 08:00:00+00:00,4182.344,4213.08,4182.344,4202.976,49790,160,0
2025-12-09 12:00:00+00:00,4203.021,4216.467,4189.391,4212.534,92588,160,0
2025-12-09 16:00:00+00:00,4212.475,4221.525,4201.215,4212.577,69158,160,0
2025-12-09 20:00:00+00:00,4212.54,4216.11,4207.231,4210.87,37834,160,0
2025-12-10 00:00:00+00:00,4210.804,4218.778,4203.765,4206.3,49397,160,0
2025-12-10 04:00:00+00:00,4206.378,4214.386,4201.77,4203.392,38291,160,0
2025-12-10 08:00:00+00:00,4203.357,4206.566,4187.729,4197.208,43311,160,0
2025-12-10 12:00:00+00:00,4197.254,4207.115,4188.957,4193.62,72547,160,0
2025-12-10 16:00:00+00:00,4193.659,4219.829,4181.683,4216.405,103946,160,0
2025-12-10 20:00:00+00:00,4216.372,4238.679,4210.988,4232.47,61774,160,0
2025-12-11 00:00:00+00:00,4232.448,4247.781,4209.358,4216.788,71047,160,0
2025-12-11 04:00:00+00:00,4216.738,4218.689,4204.244,4216.079,50926,160,0
2025-12-11 08:00:00+00:00,4216.053,4225.915,4209.669,4211.174,63639,160,0
2025-12-11 12:00:00+00:00,4211.197,4261.54,4205.192,4256.004,172640,160,0
2025-12-11 16:00:00+00:00,4255.933,4285.946,4250.094,4273.616,156520,160,0
2025-12-11 20:00:00+00:00,4273.591,4283.664,4264.227,4276.523,66298,160,0
2025-12-12 00:00:00+00:00,4276.471,4280.201,4264.738,4270.609,55225,160,0
2025-12-12 04:00:00+00:00,4270.566,4290.557,4266.085,4287.227,36879,160,0
2025-12-12 08:00:00+00:00,4287.105,4339.315,4286.999,4336.449,63107,160,0
2025-12-12 12:00:00+00:00,4336.418,4353.561,4283.082,4290.494,165895,160,0
2025-12-12 16:00:00+00:00,4290.446,4303.627,4256.958,4296.552,159813,160,0
2025-12-12 20:00:00+00:00,4296.527,4304.293,4288.403,4300.983,25884,160,0
2025-12-14 20:00:00+00:00,4300.525,4308.446,4299.86,4302.391,9969,160,0
2025-12-15 00:00:00+00:00,4302.443,4329.634,4300.079,4327.075,51757,160,0
2025-12-15 04:00:00+00:00,4327.155,4347.527,4323.092,4339.349,45115,160,0
2025-12-15 08:00:00+00:00,4339.321,4350.28,4335.405,4342.747,37451,160,0
2025-12-15 12:00:00+00:00,4342.821,4348.46,4311.433,4318.307,110654,160,0
2025-12-15 16:00:00+00:00,4318.339,4318.968,4285.18,4314.227,89001,160,0
2025-12-15 20:00:00+00:00,4314.176,4314.429,4299.462,4304.15,26635,160,0
2025-12-16 00:00:00+00:00,4304.132,4317.888,4280.571,4290.839,78561,160,0
2025-12-16 04:00:00+00:00,4290.867,4292.278,4271.617,4287.643,54287,160,0
2025-12-16 08:00:00+00:00,4287.577,4289.537,4273.752,4278.382,44614,160,0
2025-12-16 12:00:00+00:00,4278.422,4335.137,4276.726,4319.805,110500,160,0
2025-12-16 16:00:00+00:00,4319.758,4323.244,4291.032,4310.697,83942,160,0
2025-12-16 20:00:00+00:00,4310.676,4314.379,4300.693,4307.86,23377,160,0
2025-12-17 00:00:00+00:00,4307.905,4327.864,4307.367,4323.639,61556,160,0
2025-12-17 04:00:00+00:00,4323.67,4342.53,4315.555,4317.899,58017,160,0
2025-12-17 08:00:00+00:00,4317.798,4323.221,4306.453,4316.409,42863,160,0
2025-12-17 12:00:00+00:00,4316.457,4349.297,4314.921,4330.188,109333,160,0
2025-12-17 16:00:00+00:00,4330.239,4346.439,4320.312,4336.967,94519,160,0
2025-12-17 20:00:00+00:00,4336.935,4346.328,4335.163,4339.201,24314,160,0
2025-12-18 00:00:00+00:00,4339.15,4342.916,4324.174,4333.104,58605,160,0
2025-12-18 04:00:00+00:00,4333.155,4337.756,4328.576,4331.418,38936,160,0
2025-12-18 08:00:00+00:00,4331.379,4332.592,4320.584,4325.567,36737,160,0
2025-12-18 12:00:00+00:00,4325.572,4343.102,4308.645,4338.221,119912,160,0
2025-12-18 16:00:00+00:00,4338.265,4374.641,4321.692,4324.944,134591,160,0
2025-12-18 20:00:00+00:00,4324.992,4338.134,4324.48,4335.144,27329,160,0
2025-12-19 00:00:00+00:00,4335.17,4335.812,4309.271,4318.024,58471,160,0
2025-12-19 04:00:00+00:00,4318.031,4329.55,4316.9,4322.756,43868,160,0
2025-12-19 08:00:00+00:00,4322.716,4333.59,4321.069,4327.238,38886,160,0
2025-12-19 12:00:00+00:00,4327.29,4349.079,4319.73,4347.8,89428,160,0
2025-12-19 16:00:00+00:00,4347.746,4356.559,4341.984,4345.356,63176,160,0
2025-12-19 20:00:00+00:00,4345.299,4346.355,4336.632,4339.365,16186,160,0
2025-12-21 20:00:00+00:00,4340.939,4356.441,4339.93,4355.369,8029,160,0
2025-12-22 00:00:00+00:00,4355.312,4394.991,4355.312,4392.633,61373,160,0
2025-12-22 04:00:00+00:00,4392.625,4420.347,4391.303,4414.352,51121,160,0
2025-12-22 08:00:00+00:00,4414.28,4415.95,4406.138,4410.299,35228,160,0
2025-12-22 12:00:00+00:00,4410.278,4435.528,4406.197,4431.837,80964,160,0
2025-12-22 16:00:00+00:00,4431.736,4442.273,4428.043,4433.487,48660,160,0
2025-12-22 20:00:00+00:00,4433.449,4461.751,4431.723,4460.243,24786,160,0
2025-12-23 00:00:00+00:00,4460.236,4497.785,4458.061,4486.863,63413,160,0
2025-12-23 04:00:00+00:00,4486.856,4489.679,4469.49,4486.692,44591,160,0
2025-12-23 08:00:00+00:00,4486.656,4494.137,4478.195,4493.501,39237,160,0
2025-12-23 12:00:00+00:00,4493.464,4497.329,4430.554,4458.511,127753,160,0
2025-12-23 16:00:00+00:00,4458.471,4496.309,4455.893,4490.86,65751,160,0
2025-12-23 20:00:00+00:00,4490.896,4510.399,4483.568,4503.344,29675,160,0
2025-12-24 00:00:00+00:00,4503.359,4525.987,4468.842,4493.138,92275,160,0
2025-12-24 04:00:00+00:00,4493.18,4501.566,4483.45,4483.925,48153,160,0
2025-12-24 08:00:00+00:00,4483.975,4499.899,4478.126,4491.476,49306,160,0
2025-12-24 12:00:00+00:00,4491.512,4496.05,4448.294,4458.334,113040,160,0
2025-12-24 16:00:00+00:00,4458.382,4487.611,4455.934,4480.715,45685,160,0
2025-12-25 20:00:00+00:00,4486.193,4500.024,4484.47,4495.245,9584,160,0
2025-12-26 00:00:00+00:00,4495.172,4531.26,4492.254,4501.836,89043,160,0
2025-12-26 04:00:00+00:00,4501.732,4519.411,4500.573,4510.957,46355,160,0
2025-12-26 08:00:00+00:00,4510.994,4523.841,4502.773,4509.647,46594,160,0
2025-12-26 12:00:00+00:00,4509.611,4547.66,4503.915,4546.678,100751,160,0
2025-12-26 16:00:00+00:00,4546.631,4550.219,4509.84,4523.759,100190,160,0
2025-12-26 20:00:00+00:00,4523.786,4535.348,4521.822,4532.568,32457,160,0
2025-12-28 20:00:00+00:00,4546.214,4548.5,4523.347,4527.184,25348,160,0
2025-12-29 00:00:00+00:00,4527.21,4528.013,4472.314,4516.325,135756,160,0
2025-12-29 04:00:00+00:00,4516.34,4519.453,4444.935,4474.592,106390,160,0
2025-12-29 08:00:00+00:00,4474.713,4488.661,4434.21,4446.696,90008,160,0
2025-12-29 12:00:00+00:00,4446.71,4467.761,4302.137,4325.328,202138,160,0
2025-12-29 16:00:00+00:00,4325.282,4347.549,4314.689,4336.993,110343,160,0
2025-12-29 20:00:00+00:00,4337.018,4347.18,4323.334,4345.645,42505,160,0
2025-12-30 00:00:00+00:00,4345.569,4369.288,4324.366,4359.264,84131,160,0
2025-12-30 04:00:00+00:00,4359.285,4383.54,4357.584,4372.569,66256,160,0
2025-12-30 08:00:00+00:00,4372.625,4391.783,4350.137,4384.409,60494,160,0
2025-12-30 12:00:00+00:00,4384.366,4404.215,4355.758,4365.096,125415,160,0
2025-12-30 16:00:00+00:00,4365.132,4381.803,4337.569,4348.624,81830,160,0
2025-12-30 20:00:00+00:00,4348.649,4355.571,4328.508,4338.922,48009,160,0
2025-12-31 00:00:00+00:00,4338.986,4373.418,4332.501,4348.586,97768,160,0
2025-12-31 04:00:00+00:00,4348.545,4351.368,4274.379,4331.108,107617,160,0
2025-12-31 08:00:00+00:00,4331.079,4337.346,4303.336,4311.005,68566,160,0
2025-12-31 12:00:00+00:00,4310.906,4353.617,4303.096,4337.274,105022,160,0
2025-12-31 16:00:00+00:00,4337.321,4339.737,4307.289,4311.253,52195,160,0
2025-12-31 20:00:00+00:00,4311.052,4324.245,4304.157,4318.847,12408,160,0
2026-01-01 20:00:00+00:00,4328.34,4351.513,4327.659,4348.337,8188,160,0
2026-01-02 00:00:00+00:00,4348.358,4375.846,4341.316,4375.173,49622,160,0
2026-01-02 04:00:00+00:00,4375.13,4383.364,4370.946,4382.8,40965,160,0
2026-01-02 08:00:00+00:00,4382.763,4399.384,4380.479,4392.898,40360,160,0
2026-01-02 12:00:00+00:00,4392.866,4402.406,4330.239,4335.47,129379,160,0
2026-01-02 16:00:00+00:00,4335.417,4337.403,4309.669,4318.185,102506,160,0
2026-01-02 20:00:00+00:00,4318.228,4333.948,4317.194,4331.759,20448,160,0
2026-01-04 20:00:00+00:00,4353.486,4375.948,4349.802,4372.57,15714,160,0
2026-01-05 00:00:00+00:00,4372.597,4421.112,4370.227,4399.941,115896,160,0
2026-01-05 04:00:00+00:00,4399.909,4426.559,4397.451,4421.826,57537,160,0
2026-01-05 08:00:00+00:00,4421.826,4440.011,4411.073,4419.349,56242,160,0
2026-01-05 12:00:00+00:00,4419.316,4455.685,4395.895,4448.524,122311,160,0
2026-01-05 16:00:00+00:00,4448.559,4454.476,4432.261,4439.845,70488,160,0
2026-01-05 20:00:00+00:00,4439.805,4460.318,4436.871,4440.334,29601,160,0
2026-01-06 00:00:00+00:00,4440.402,4468.212,4427.675,4467.733,74996,160,0
2026-01-06 04:00:00+00:00,4467.682,4474.262,4449.432,4459.479,57235,160,0
2026-01-06 08:00:00+00:00,4459.429,4476.002,4442.565,4463.377,54932,160,0
2026-01-06 12:00:00+00:00,4463.319,4490.896,4453.975,4478.351,98873,160,0
2026-01-06 16:00:00+00:00,4478.386,4494.128,4471.616,4481.409,68641,160,0
2026-01-06 20:00:00+00:00,4481.378,4500.541,4480.296,4493.261,25572,160,0
2026-01-07 00:00:00+00:00,4493.308,4495.916,4459.455,4474.683,86815,160,0
2026-01-07 04:00:00+00:00,4474.633,4476.068,4441.419,4461.273,77255,160,0
2026-01-07 08:00:00+00:00,4461.183,4474.841,4446.537,4447.469,48134,160,0
2026-01-07 12:00:00+00:00,4447.513,4455.125,4423.563,4446.078,124920,160,0
2026-01-07 16:00:00+00:00,4446.044,4468.367,4443.91,4456.852,70752,160,0
2026-01-07 20:00:00+00:00,4456.896,4464.17,4449.763,4463.418,28302,160,0
2026-01-08 00:00:00+00:00,4463.383,4466.48,4433.406,4440.299,72214,160,0
2026-01-08 04:00:00+00:00,4440.323,4440.56,4415.538,4431.056,73427,160,0
2026-01-08 08:00:00+00:00,4430.981,4435.504,4419.832,4422.728,49722,160,0
2026-01-08 12:00:00+00:00,4422.769,4456.541,4407.58,4454.101,123457,160,0
2026-01-08 16:00:00+00:00,4454.15,4465.479,4444.332,4452.141,67558,160,0
2026-01-08 20:00:00+00:00,4452.02,4484.208,4451.417,4475.597,34203,160,0
2026-01-09 00:00:00+00:00,4475.632,4476.742,4452.819,4464.219,63988,160,0
2026-01-09 04:00:00+00:00,4464.226,4477.413,4458.062,4470.263,45321,160,0
2026-01-09 08:00:00+00:00,4470.267,4477.674,4463.971,4475.43,36737,160,0
2026-01-09 12:00:00+00:00,4475.353,4517.18,4458.906,4512.272,132601,160,0
2026-01-09 16:00:00+00:00,4512.371,4514.336,4482.001,4499.322,75819,160,0
2026-01-09 20:00:00+00:00,4499.294,4511.246,4497.752,4509.075,20104,160,0
2026-01-11 20:00:00+00:00,4517.918,4545.041,4517.918,4539.96,13278,160,0
2026-01-12 00:00:00+00:00,4540.016,4601.22,4536.245,4570.658,126277,160,0
2026-01-12 04:00:00+00:00,4570.695,4589.681,4563.506,4587.7,59983,160,0
2026-01-12 08:00:00+00:00,4587.743,4599.363,4579.546,4585.272,54580,160,0
2026-01-12 12:00:00+00:00,4585.261,4627.426,4578.521,4621.268,129839,160,0
2026-01-12 16:00:00+00:00,4621.242,4630.117,4600.443,4611.115,72821,160,0
2026-01-12 20:00:00+00:00,4611.138,4611.735,4577.949,4599.371,44111,160,0
2026-01-13 00:00:00+00:00,4599.408,4599.755,4575.522,4594.166,70328,160,0
2026-01-13 04:00:00+00:00,4594.122,4602.247,4573.304,4580.548,54140,160,0
2026-01-13 08:00:00+00:00,4580.515,4597.255,4579.536,4588.503,42537,160,0
2026-01-13 12:00:00+00:00,4588.599,4634.727,4577.847,4619.108,120909,160,0
2026-01-13 16:00:00+00:00,4619.001,4620.751,4581.035,4597.503,92876,160,0
2026-01-13 20:00:00+00:00,4597.539,4598.871,4569.234,4597.136,39307,160,0
2026-01-14 00:00:00+00:00,4597.181,4630.088,4597.14,4628.238,64991,160,0
2026-01-14 04:00:00+00:00,4628.316,4639.961,4617.775,4632.634,67408,160,0
2026-01-14 08:00:00+00:00,4632.533,4639.71,4621.938,4630.316,50804,160,0
2026-01-14 12:00:00+00:00,4630.412,4642.003,4599.321,4617.855,125291,160,0
2026-01-14 16:00:00+00:00,4617.892,4643.189,4601.076,4639.223,93338,160,0
2026-01-14 20:00:00+00:00,4639.219,4641.596,4602.84,4615.294,57260,160,0
2026-01-15 00:00:00+00:00,4615.266,4618.249,4581.084,4592.282,108421,160,0
2026-01-15 04:00:00+00:00,4592.258,4613.59,4580.995,4601.818,69394,160,0
2026-01-15 08:00:00+00:00,4601.775,4623.032,4597.807,4619.132,47728,160,0
2026-01-15 12:00:00+00:00,4619.184,4620.747,4581.967,4615.473,115738,160,0
2026-01-15 16:00:00+00:00,4615.438,4624.902,4601.189,4615.794,66168,160,0
2026-01-15 20:00:00+00:00,4615.881,4621.009,4600.75,4610.284,35615,160,0
2026-01-16 00:00:00+00:00,4610.315,4611.358,4591.237,4596.49,67550,160,0
2026-01-16 04:00:00+00:00,4596.353,4616.219,4593.851,4607.546,51456,160,0
2026-01-16 08:00:00+00:00,4607.519,4616.145,4598.594,4612.471,39360,160,0
2026-01-16 12:00:00+00:00,4612.51,4620.517,4536.729,4571.398,150961,160,0
2026-01-16 16:00:00+00:00,4571.351,4598.999,4567.921,4590.572,103018,160,0
2026-01-16 20:00:00+00:00,4590.587,4598.544,4580.874,4596.588,26290,160,0
2026-01-18 20:00:00+00:00,4655.358,4690.741,4653.848,4672.573,25614,160,0
2026-01-19 00:00:00+00:00,4672.63,4682.118,4653.161,4658.521,96021,160,0
2026-01-19 04:00:00+00:00,4658.556,4679.01,4658.174,4665.186,44976,160,0
2026-01-19 08:00:00+00:00,4665.14,4673.835,4659.573,4660.705,41689,160,0
2026-01-19 12:00:00+00:00,4660.676,4676.062,4660.054,4674.329,46339,160,0
2026-01-19 16:00:00+00:00,4674.283,4680.49,4667.038,4670.928,24915,160,0
2026-01-19 20:00:00+00:00,4673.44,4673.595,4664.575,4665.406,6595,160,0
2026-01-20 00:00:00+00:00,4665.371,4681.604,4659.471,4680.184,49687,160,0
2026-01-20 04:00:00+00:00,4680.124,4722.775,4679.661,4716.168,65250,160,0
2026-01-20 08:00:00+00:00,4716.195,4737.4,4715.0,4733.029,54876,160,0
2026-01-20 12:00:00+00:00,4732.985,4751.164,4715.265,4737.567,146533,160,0
2026-01-20 16:00:00+00:00,4737.525,4766.367,4729.022,4760.696,74218,160,0
2026-01-20 20:00:00+00:00,4760.699,4781.129,4747.418,4775.878,57936,160,0
2026-01-21 00:00:00+00:00,4775.829,4849.968,4770.736,4845.003,99955,160,0
2026-01-21 04:00:00+00:00,4845.003,4888.466,4832.476,4855.173,98775,160,0
2026-01-21 08:00:00+00:00,4855.142,4877.074,4851.529,4866.812,60941,160,0
2026-01-21 12:00:00+00:00,4866.845,4880.998,4812.704,4847.815,173391,160,0
2026-01-21 16:00:00+00:00,4847.861,4855.782,4755.898,4781.264,205685,160,0
2026-01-21 20:00:00+00:00,4781.216,4839.807,4772.382,4778.37,91434,160,0
2026-01-22 00:00:00+00:00,4778.245,4809.624,4772.238,4796.604,96824,160,0
2026-01-22 04:00:00+00:00,4796.582,4838.815,4793.688,4832.684,56357,160,0
2026-01-22 08:00:00+00:00,4832.659,4838.044,4813.895,4831.11,52127,160,0
2026-01-22 12:00:00+00:00,4831.061,4873.686,4810.693,4871.704,109104,160,0
2026-01-22 16:00:00+00:00,4871.792,4924.477,4868.085,4911.663,100763,160,0
2026-01-22 20:00:00+00:00,4911.7,4960.586,4911.361,4958.972,46474,160,0
2026-01-23 00:00:00+00:00,4959.011,4967.549,4936.338,4952.007,85788,160,0
2026-01-23 04:00:00+00:00,4951.971,4967.334,4943.365,4944.413,51541,160,0
2026-01-23 08:00:00+00:00,4944.349,4947.539,4899.545,4922.89,84749,160,0
2026-01-23 12:00:00+00:00,4922.999,4963.342,4918.292,4960.584,118245,160,0
2026-01-23 16:00:00+00:00,4960.611,4989.804,4958.26,4984.297,96362,160,0
2026-01-23 20:00:00+00:00,4984.265,4989.05,4970.597,4988.337,30965,160,0
2026-01-25 20:00:00+00:00,5019.847,5040.296,5003.575,5039.789,30690,160,0
2026-01-26 00:00:00+00:00,5039.821,5093.104,5029.102,5076.541,135122,160,0
2026-01-26 04:00:00+00:00,5076.571,5111.173,5052.349,5089.275,111297,160,0
2026-01-26 08:00:00+00:00,5089.234,5098.657,5075.426,5091.438,72772,160,0
2026-01-26 12:00:00+00:00,5091.406,5097.382,5054.528,5090.917,145403,160,0
2026-01-26 16:00:00+00:00,5090.891,5105.21,5008.256,5028.697,249674,160,0
2026-01-26 20:00:00+00:00,5028.749,5062.294,4989.632,5043.629,134609,160,0
2026-01-27 00:00:00+00:00,5043.588,5079.843,5013.485,5076.871,130851,160,0
2026-01-27 04:00:00+00:00,5076.819,5100.962,5057.398,5086.128,89431,160,0
2026-01-27 08:00:00+00:00,5086.063,5099.601,5066.892,5076.758,76702,160,0
2026-01-27 12:00:00+00:00,5076.702,5092.971,5046.465,5091.119,200368,160,0
2026-01-27 16:00:00+00:00,5091.011,5103.151,5076.203,5098.926,130496,160,0
2026-01-27 20:00:00+00:00,5098.952,5190.49,5097.894,5172.433,141260,160,0
2026-01-28 00:00:00+00:00,5172.389,5247.709,5157.059,5234.977,156639,160,0
2026-01-28 04:00:00+00:00,5234.951,5292.871,5232.359,5290.397,97646,160,0
2026-01-28 08:00:00+00:00,5290.355,5311.57,5238.593,5261.638,123069,160,0
2026-01-28 12:00:00+00:00,5261.7,5298.177,5235.301,5278.235,246525,160,0
2026-01-28 16:00:00+00:00,5278.276,5332.252,5268.44,5325.408,240182,160,0
2026-01-28 20:00:00+00:00,5325.304,5570.018,5320.898,5513.022,187515,160,0
2026-01-29 00:00:00+00:00,5512.989,5551.669,5445.471,5545.769,277802,160,0
2026-01-29 04:00:00+00:00,5545.731,5595.324,5516.135,5548.984,192193,160,0
2026-01-29 08:00:00+00:00,5548.949,5554.995,5470.702,5522.656,168075,160,0
2026-01-29 12:00:00+00:00,5522.629,5549.516,5094.978,5182.833,260478,160,0
2026-01-29 16:00:00+00:00,5182.783,5375.47,5171.927,5305.838,274510,160,0
2026-01-29 20:00:00+00:00,5305.702,5448.655,5282.814,5438.589,112686,160,0
2026-01-30 00:00:00+00:00,5438.551,5450.917,5112.046,5196.572,536133,160,0
2026-01-30 04:00:00+00:00,5196.523,5241.633,5117.625,5181.14,294853,160,0
2026-01-30 08:00:00+00:00,5181.197,5181.197,4940.267,5136.072,496554,160,0
2026-01-30 12:00:00+00:00,5136.076,5145.942,4980.398,5050.424,465249,160,0
2026-01-30 16:00:00+00:00,5050.472,5051.665,4682.526,4932.661,422005,160,0
2026-01-30 20:00:00+00:00,4932.701,4932.995,4809.015,4891.496,101379,160,0
2026-02-01 20:00:00+00:00,4793.519,4819.788,4697.912,4741.422,41037,160,0
2026-02-02 00:00:00+00:00,4741.538,4884.887,4585.336,4646.595,320721,160,0
2026-02-02 04:00:00+00:00,4646.505,4713.526,4402.065,4587.12,313244,160,0
2026-02-02 08:00:00+00:00,4587.054,4779.711,4561.465,4766.028,213481,160,0
2026-02-02 12:00:00+00:00,4765.857,4812.462,4617.128,4619.977,308565,160,0
2026-02-02 16:00:00+00:00,4620.053,4714.137,4596.499,4685.389,189884,160,0
2026-02-02 20:00:00+00:00,4685.485,4775.102,4643.759,4774.148,86169,160,0
2026-02-03 00:00:00+00:00,4774.235,4856.919,4745.492,4809.16,188522,160,0
2026-02-03 04:00:00+00:00,4809.275,4933.737,4800.641,4917.091,110857,160,0
2026-02-03 08:00:00+00:00,4917.171,4949.853,4883.513,4916.915,79774,160,0
2026-02-03 12:00:00+00:00,4916.793,4950.959,4892.211,4935.431,144741,160,0
2026-02-03 16:00:00+00:00,4935.346,4993.644,4880.34,4927.265,169425,160,0
2026-02-03 20:00:00+00:00,4927.176,4972.098,4902.293,4947.171,54202,160,0
2026-02-04 00:00:00+00:00,4947.389,5073.532,4945.691,5069.922,103333,240,0
2026-02-04 04:00:00+00:00,5070.008,5091.39,5051.114,5084.597,53514,240,0
2026-02-04 08:00:00+00:00,5084.601,5091.855,5013.443,5047.674,57837,240,0
2026-02-04 12:00:00+00:00,5047.564,5063.527,4887.385,4920.507,163358,240,0
2026-02-04 16:00:00+00:00,4920.429,4958.02,4852.072,4941.839,154418,160,0
2026-02-04 20:00:00+00:00,4941.701,5023.781,4914.187,5012.195,35917,160,0
2026-02-05 00:00:00+00:00,5012.269,5020.399,4788.665,4880.524,200132,160,0
2026-02-05 04:00:00+00:00,4880.448,4940.969,4826.255,4915.076,113314,160,0
2026-02-05 08:00:00+00:00,4915.205,4943.524,4847.309,4868.27,100993,160,0
2026-02-05 12:00:00+00:00,4868.285,4877.993,4800.54,4817.668,223008,160,0
2026-02-05 16:00:00+00:00,4817.565,4906.895,4812.292,4829.26,131724,160,0
2026-02-05 20:00:00+00:00,4829.338,4843.09,4703.348,4703.69,61144,160,0
2026-02-06 00:00:00+00:00,4703.682,4846.533,4655.088,4824.288,173559,160,0
2026-02-06 04:00:00+00:00,4824.155,4903.183,4807.122,4841.062,72932,160,0
2026-02-06 08:00:00+00:00,4840.986,4895.871,4829.537,4887.059,63709,176,0
2026-02-06 12:00:00+00:00,4887.151,4964.727,4871.117,4943.345,95714,192,0
2026-02-06 16:00:00+00:00,4943.54,4971.378,4921.855,4957.112,49401,160,0
2026-02-06 20:00:00+00:00,4956.961,4968.309,4936.541,4968.204,16191,160,0
2026-02-08 20:00:00+00:00,4967.633,5046.837,4964.715,5035.944,13824,240,0
2026-02-09 00:00:00+00:00,5036.019,5045.03,4969.128,5016.172,73267,240,0
2026-02-09 04:00:00+00:00,5016.21,5045.748,4997.244,5006.419,48953,240,0
2026-02-09 08:00:00+00:00,5006.308,5040.773,4982.112,5010.665,49615,160,0
2026-02-09 12:00:00+00:00,5010.953,5060.219,4995.022,5058.801,68693,160,0
2026-02-09 16:00:00+00:00,5058.964,5080.736,5040.941,5074.556,39063,240,0
2026-02-09 20:00:00+00:00,5074.743,5086.697,4987.309,5031.903,31884,240,0
2026-02-10 00:00:00+00:00,5031.829,5056.277,5008.62,5030.082,65079,240,0
2026-02-10 04:00:00+00:00,5029.864,5045.537,5011.27,5033.963,43074,240,0
2026-02-10 08:00:00+00:00,5033.817,5063.089,5029.091,5055.949,36505,240,0
2026-02-10 12:00:00+00:00,5056.089,5078.559,4998.8,5019.71,71434,240,0
2026-02-10 16:00:00+00:00,5019.793,5040.075,5004.513,5028.033,45090,160,0
2026-02-10 20:00:00+00:00,5028.036,5054.456,5020.246,5041.55,32766,240,0
2026-02-11 00:00:00+00:00,5041.616,5061.003,5028.151,5054.498,37512,240,0
2026-02-11 04:00:00+00:00,5054.497,5069.131,5043.455,5055.493,33268,240,0
2026-02-11 08:00:00+00:00,5055.437,5116.804,5045.655,5111.59,38814,240,0
2026-02-11 12:00:00+00:00,5111.667,5119.179,5018.86,5060.323,103973,160,0
2026-02-11 16:00:00+00:00,5060.152,5098.944,5042.701,5082.12,48426,240,0
2026-02-11 20:00:00+00:00,5082.048,5100.129,5053.004,5061.397,22081,240,0
2026-02-12 00:00:00+00:00,5061.305,5074.642,5045.065,5056.963,44554,240,0
2026-02-12 04:00:00+00:00,5056.99,5078.232,5046.966,5063.657,30553,240,0
2026-02-12 08:00:00+00:00,5063.927,5080.929,5052.268,5064.054,26707,240,0
2026-02-12 12:00:00+00:00,5064.018,5083.734,5039.07,5060.623,50097,240,0
2026-02-12 16:00:00+00:00,5060.528,5068.08,4878.413,4945.649,200662,160,0
2026-02-12 20:00:00+00:00,4945.604,4948.417,4887.646,4920.14,36635,160,0
2026-02-13 00:00:00+00:00,4920.033,4991.736,4913.672,4981.499,55345,160,0
2026-02-13 04:00:00+00:00,4981.466,4997.198,4945.069,4974.862,41768,160,0
2026-02-13 08:00:00+00:00,4974.952,4989.605,4933.494,4954.047,40652,160,0
2026-02-13 12:00:00+00:00,4954.034,5020.558,4951.886,4976.994,89175,160,0
2026-02-13 16:00:00+00:00,4977.129,5046.061,4975.165,5023.474,50179,160,0
2026-02-13 20:00:00+00:00,5023.653,5046.101,5021.324,5042.605,19442,240,0
2026-02-15 20:00:00+00:00,5026.64,5032.13,5010.128,5019.916,9972,240,0
2026-02-16 00:00:00+00:00,5019.896,5031.398,4975.223,4987.733,36314,160,0
2026-02-16 04:00:00+00:00,4987.687,5009.954,4964.573,5007.226,28276,160,0
2026-02-16 08:00:00+00:00,5007.299,5017.232,4995.736,5004.261,24016,160,0
2026-02-16 12:00:00+00:00,5004.24,5008.108,4968.858,4979.75,29094,160,0
2026-02-16 16:00:00+00:00,4979.66,4997.811,4972.936,4993.895,20114,160,0
2026-02-16 20:00:00+00:00,4998.238,5000.8,4985.339,4989.993,5109,160,0
2026-02-17 00:00:00+00:00,4989.878,4991.592,4922.83,4956.824,38926,160,0
2026-02-17 04:00:00+00:00,4956.787,4960.32,4858.728,4917.021,49505,160,0
2026-02-17 08:00:00+00:00,4916.94,4939.21,4907.59,4929.148,34457,160,0
2026-02-17 12:00:00+00:00,4929.149,4944.351,4841.171,4878.263,103546,160,0
2026-02-17 16:00:00+00:00,4878.347,4910.667,4849.967,4880.453,67417,160,0
2026-02-17 20:00:00+00:00,4880.324,4887.012,4854.01,4859.523,24864,160,0
2026-02-18 00:00:00+00:00,4859.221,4922.052,4858.434,4920.873,29814,160,0
2026-02-18 04:00:00+00:00,4920.944,4942.324,4918.449,4930.324,22096,160,0
2026-02-18 08:00:00+00:00,4930.402,4932.437,4906.24,4912.899,26061,160,0
2026-02-18 12:00:00+00:00,4912.886,5008.998,4911.971,4997.843,51489,160,0
2026-02-18 16:00:00+00:00,4998.086,5010.974,4972.834,4980.659,39973,160,0
2026-02-18 20:00:00+00:00,4980.519,4988.664,4961.134,4976.152,19311,160,0
2026-02-19 00:00:00+00:00,4976.014,4983.571,4960.47,4981.823,25458,160,0
2026-02-19 04:00:00+00:00,4981.698,5021.711,4976.948,5010.363,20610,160,0
2026-02-19 08:00:00+00:00,5010.29,5022.029,4978.049,4984.696,29447,160,0
2026-02-19 12:00:00+00:00,4984.62,5022.355,4963.338,5013.708,54413,160,0
2026-02-19 16:00:00+00:00,5013.792,5014.33,4975.176,4987.832,37815,160,0
2026-02-19 20:00:00+00:00,4987.855,5007.89,4985.656,4987.657,15713,160,0
2026-02-20 00:00:00+00:00,4987.647,5014.702,4981.605,4988.088,26955,160,0
2026-02-20 04:00:00+00:00,4988.184,5030.106,4986.623,5006.527,23859,160,0
2026-02-20 08:00:00+00:00,5006.606,5042.467,5005.025,5017.392,28341,176,0
2026-02-20 12:00:00+00:00,5017.465,5063.865,4988.982,5042.506,95860,176,0
2026-02-20 16:00:00+00:00,5042.431,5079.827,5038.586,5079.401,62565,240,0
2026-02-20 20:00:00+00:00,5079.469,5108.149,5076.725,5105.809,15428,240,0
2026-02-22 20:00:00+00:00,5111.637,5171.868,5108.785,5165.373,10740,240,0
2026-02-23 00:00:00+00:00,5165.366,5176.591,5129.474,5166.854,47552,240,0
2026-02-23 04:00:00+00:00,5166.781,5168.48,5125.021,5136.727,31198,240,0
2026-02-23 08:00:00+00:00,5136.466,5163.447,5122.1,5149.884,30090,240,0
2026-02-23 12:00:00+00:00,5149.721,5205.098,5141.315,5196.252,50246,240,0
2026-02-23 16:00:00+00:00,5196.135,5219.089,5175.417,5215.638,51941,240,0
2026-02-23 20:00:00+00:00,5215.614,5249.42,5214.826,5235.933,20835,240,0
2026-02-24 00:00:00+00:00,5235.839,5237.9,5144.765,5171.972,68920,240,0
2026-02-24 04:00:00+00:00,5171.898,5185.629,5156.125,5179.25,33377,240,0
2026-02-24 08:00:00+00:00,5179.32,5181.895,5163.212,5172.835,28017,240,0
2026-02-24 12:00:00+00:00,5172.793,5173.542,5093.422,5150.191,77093,240,0
2026-02-24 16:00:00+00:00,5150.171,5169.994,5130.837,5154.063,38181,240,0
2026-02-24 20:00:00+00:00,5154.17,5173.143,5127.714,5146.578,19318,240,0
2026-02-25 00:00:00+00:00,5146.526,5193.968,5136.376,5182.101,39817,240,0
2026-02-25 04:00:00+00:00,5182.007,5210.479,5171.69,5184.635,27464,240,0
2026-02-25 08:00:00+00:00,5184.74,5197.165,5154.81,5181.522,29321,240,0
2026-02-25 12:00:00+00:00,5181.193,5202.551,5158.666,5194.94,44611,240,0
2026-02-25 16:00:00+00:00,5194.853,5217.544,5189.454,5205.091,32814,240,0
2026-02-25 20:00:00+00:00,5204.718,5206.218,5145.78,5163.219,34142,240,0
2026-02-26 00:00:00+00:00,5163.297,5198.153,5155.257,5192.676,44103,240,0
2026-02-26 04:00:00+00:00,5192.386,5205.507,5179.572,5185.811,25963,240,0
2026-02-26 08:00:00+00:00,5186.074,5190.827,5161.054,5164.476,31350,240,0
2026-02-26 12:00:00+00:00,5164.67,5192.714,5130.605,5185.31,71567,240,0
2026-02-26 16:00:00+00:00,5185.666,5193.965,5160.505,5187.105,45801,240,0
2026-02-26 20:00:00+00:00,5187.023,5200.826,5175.415,5184.462,17803,240,0
2026-02-27 00:00:00+00:00,5184.431,5199.799,5166.688,5184.068,36816,240,0
2026-02-27 04:00:00+00:00,5183.946,5200.563,5175.553,5176.095,26593,240,0
2026-02-27 08:00:00+00:00,5175.973,5185.375,5168.451,5185.375,24345,240,0
2026-02-27 12:00:00+00:00,5185.45,5246.404,5182.884,5239.359,65923,240,0
2026-02-27 16:00:00+00:00,5239.439,5257.602,5220.583,5250.08,49857,240,0
2026-02-27 20:00:00+00:00,5250.155,5281.293,5248.593,5279.022,15331,240,0
2026-03-01 20:00:00+00:00,5319.272,5393.506,5314.681,5386.804,16205,360,0
2026-03-02 00:00:00+00:00,5386.823,5388.172,5303.089,5366.285,87320,360,0
2026-03-02 04:00:00+00:00,5366.322,5419.154,5340.654,5407.789,45066,360,0
2026-03-02 08:00:00+00:00,5407.709,5416.492,5375.016,5385.099,46213,360,0
2026-03-02 12:00:00+00:00,5385.166,5416.491,5306.37,5316.053,118034,360,0
2026-03-02 16:00:00+00:00,5315.968,5333.94,5260.224,5330.516,86518,360,0
2026-03-02 20:00:00+00:00,5330.605,5346.972,5321.635,5345.688,30480,360,0
2026-03-03 00:00:00+00:00,5345.693,5379.802,5332.521,5367.226,52005,360,0
2026-03-03 04:00:00+00:00,5367.283,5375.569,5279.028,5327.461,61485,360,0
2026-03-03 08:00:00+00:00,5327.358,5335.658,5073.2,5144.538,141862,360,0
2026-03-03 12:00:00+00:00,5144.613,5226.543,4995.774,5095.336,233223,240,0
2026-03-03 16:00:00+00:00,5095.25,5149.015,5065.085,5113.296,129560,240,0
2026-03-03 20:00:00+00:00,5113.236,5130.232,5083.103,5125.083,47463,240,0
2026-03-04 00:00:00+00:00,5125.088,5190.818,5105.746,5174.323,73978,240,0
2026-03-04 04:00:00+00:00,5174.395,5180.805,5121.464,5168.182,54378,240,0
2026-03-04 08:00:00+00:00,5168.275,5202.319,5147.285,5192.094,47367,240,0
2026-03-04 12:00:00+00:00,5192.033,5206.015,5130.921,5151.399,107728,240,0
2026-03-04 16:00:00+00:00,5151.515,5162.47,5108.62,5137.805,63042,240,0
2026-03-04 20:00:00+00:00,5137.73,5165.96,5123.45,5164.962,45996,240,0
2026-03-05 00:00:00+00:00,5164.887,5194.924,5159.516,5180.042,39195,240,0
2026-03-05 04:00:00+00:00,5180.264,5186.736,5120.597,5162.059,40573,240,0
2026-03-05 08:00:00+00:00,5162.122,5180.276,5137.536,5163.566,39680,240,0
2026-03-05 12:00:00+00:00,5163.48,5171.543,5059.933,5102.457,109468,240,0
2026-03-05 16:00:00+00:00,5102.49,5104.368,5050.681,5065.86,83118,240,0
2026-03-05 20:00:00+00:00,5065.647,5101.798,5061.597,5086.266,30228,240,0
2026-03-06 00:00:00+00:00,5086.091,5143.877,5066.057,5130.91,42714,240,0
2026-03-06 04:00:00+00:00,5131.144,5136.115,5105.504,5119.37,26883,360,0
2026-03-06 08:00:00+00:00,5119.617,5123.189,5062.583,5076.717,37512,240,0
2026-03-06 12:00:00+00:00,5076.824,5171.566,5065.383,5141.883,114737,240,0
2026-03-06 16:00:00+00:00,5141.736,5174.626,5125.858,5159.805,54844,360,0
2026-03-06 20:00:00+00:00,5159.882,5176.565,5149.502,5174.067,16460,360,0
2026-03-08 20:00:00+00:00,5178.794,5180.106,5044.202,5075.425,40891,264,0
2026-03-09 00:00:00+00:00,5075.836,5102.437,5014.424,5091.193,96333,360,0
2026-03-09 04:00:00+00:00,5091.139,5140.456,5080.803,5098.847,53356,360,0
2026-03-09 08:00:00+00:00,5098.766,5132.503,5079.336,5088.049,49737,360,0
2026-03-09 12:00:00+00:00,5088.132,5116.003,5060.457,5099.648,78954,264,0
2026-03-09 16:00:00+00:00,5099.534,5143.992,5088.924,5140.96,43553,240,0
2026-03-09 20:00:00+00:00,5141.112,5155.948,5117.698,5139.631,21851,360,0
2026-03-10 00:00:00+00:00,5139.457,5187.112,5124.527,5157.659,45948,360,0
2026-03-10 04:00:00+00:00,5157.309,5181.302,5154.446,5180.863,26499,360,0
2026-03-10 08:00:00+00:00,5180.804,5195.076,5156.503,5174.907,34860,360,0
2026-03-10 12:00:00+00:00,5174.905,5238.508,5162.515,5228.678,57350,360,0
2026-03-10 16:00:00+00:00,5228.763,5235.494,5160.159,5198.814,58261,360,0
2026-03-10 20:00:00+00:00,5198.702,5199.129,5182.763,5196.851,16805,360,0
2026-03-11 00:00:00+00:00,5196.925,5222.913,5186.676,5203.349,32597,360,0
2026-03-11 04:00:00+00:00,5203.251,5210.832,5184.455,5195.52,26596,360,0
2026-03-11 08:00:00+00:00,5195.413,5198.412,5175.082,5181.217,31501,360,0
2026-03-11 12:00:00+00:00,5181.063,5196.527,5149.216,5166.023,63843,360,0
2026-03-11 16:00:00+00:00,5166.202,5183.23,5154.099,5182.97,31400,360,0
2026-03-11 20:00:00+00:00,5182.885,5183.38,5129.626,5134.222,16881,360,0
2026-03-12 00:00:00+00:00,5134.051,5175.152,5125.375,5152.927,37326,360,0
2026-03-12 04:00:00+00:00,5153.009,5185.373,5137.236,5181.904,24286,360,0
2026-03-12 08:00:00+00:00,5181.994,5191.69,5172.547,5178.799,25392,360,0
2026-03-12 12:00:00+00:00,5178.864,5186.161,5109.576,5132.431,65868,360,0
2026-03-12 16:00:00+00:00,5132.194,5138.025,5079.115,5084.796,44731,240,0
2026-03-12 20:00:00+00:00,5084.72,5101.006,5054.751,5098.163,21695,240,0
2026-03-13 00:00:00+00:00,5098.089,5128.452,5097.254,5115.304,27124,240,0
2026-03-13 04:00:00+00:00,5115.468,5117.771,5071.772,5084.89,30233,240,0
2026-03-13 08:00:00+00:00,5085.117,5107.746,5061.41,5107.619,32910,240,0
2026-03-13 12:00:00+00:00,5107.442,5121.882,5031.688,5034.814,73270,240,0
2026-03-13 16:00:00+00:00,5034.718,5063.813,5009.588,5016.468,54161,240,0
2026-03-13 20:00:00+00:00,5016.497,5025.468,5012.248,5020.962,7995,240,0
2026-03-15 20:00:00+00:00,5017.112,5030.46,4966.796,4997.507,23774,160,0
2026-03-16 00:00:00+00:00,4997.434,5031.104,4982.516,5019.07,55060,160,0
2026-03-16 04:00:00+00:00,5019.15,5035.879,4991.676,4995.212,32863,240,0
2026-03-16 08:00:00+00:00,4995.286,5022.694,4970.011,4997.068,41664,160,0
2026-03-16 12:00:00+00:00,4997.144,5038.065,4983.898,4986.904,55960,160,0
2026-03-16 16:00:00+00:00,4986.936,5020.2,4973.885,5012.723,36764,160,0
2026-03-16 20:00:00+00:00,5012.618,5021.612,4998.563,5012.841,13767,200,0
2026-03-17 00:00:00+00:00,5012.899,5033.497,4994.353,5027.65,29230,200,0
2026-03-17 04:00:00+00:00,5027.365,5044.474,5005.036,5021.081,30319,280,0
2026-03-17 08:00:00+00:00,5021.039,5029.532,4991.665,5003.175,29583,200,0
2026-03-17 12:00:00+00:00,5003.09,5031.413,4973.345,4997.8,50345,200,0
2026-03-17 16:00:00+00:00,4998.045,5008.962,4991.642,5000.166,28425,200,0
2026-03-17 20:00:00+00:00,5000.348,5006.363,4993.359,5002.75,20146,200,0
2026-03-18 00:00:00+00:00,5002.803,5016.048,4986.231,4991.384,27475,200,0
2026-03-18 04:00:00+00:00,4991.366,5016.207,4981.594,4995.045,24227,200,0
2026-03-18 08:00:00+00:00,4994.749,4996.642,4924.826,4930.041,40948,200,0
2026-03-18 12:00:00+00:00,4930.338,4932.395,4833.975,4862.535,106418,200,0
2026-03-18 16:00:00+00:00,4862.609,4899.26,4838.0,4843.077,63364,200,0
2026-03-18 20:00:00+00:00,4842.934,4848.327,4804.231,4836.832,30297,200,0
2026-03-19 00:00:00+00:00,4836.657,4866.892,4832.814,4850.956,41155,200,0
2026-03-19 04:00:00+00:00,4850.924,4853.805,4727.032,4727.855,60322,200,0
2026-03-19 08:00:00+00:00,4728.025,4740.315,4650.613,4652.225,115399,200,0
2026-03-19 12:00:00+00:00,4651.867,4653.936,4502.509,4596.517,241950,280,0
2026-03-19 16:00:00+00:00,4596.596,4663.337,4573.775,4644.022,124504,280,0
2026-03-19 20:00:00+00:00,4643.664,4677.029,4634.145,4643.703,23405,280,0
2026-03-20 00:00:00+00:00,4643.631,4735.839,4639.317,4725.57,63271,280,0
2026-03-20 04:00:00+00:00,4725.669,4727.605,4661.31,4706.147,49965,280,0
2026-03-20 08:00:00+00:00,4706.228,4734.749,4636.927,4671.738,62236,280,0
2026-03-20 12:00:00+00:00,4671.767,4695.613,4540.416,4553.332,281230,260,0
2026-03-20 16:00:00+00:00,4553.167,4613.718,4477.074,4501.488,251648,260,0
2026-03-20 20:00:00+00:00,4501.589,4514.508,4493.454,4497.488,24476,260,0
2026-03-22 20:00:00+00:00,4477.751,4536.226,4449.277,4464.824,48653,280,0
2026-03-23 00:00:00+00:00,4464.593,4473.215,4319.466,4352.966,357471,260,0
2026-03-23 04:00:00+00:00,4352.89,4381.761,4098.357,4204.148,384660,260,0
2026-03-23 08:00:00+00:00,4204.207,4463.358,4202.806,4379.12,438722,260,0
2026-03-23 12:00:00+00:00,4378.812,4512.743,4336.791,4363.806,545440,350,0
2026-03-23 16:00:00+00:00,4363.505,4467.074,4352.331,4397.762,290215,364,0
2026-03-23 20:00:00+00:00,4397.675,4448.214,4361.373,4441.196,50089,364,0
2026-03-24 00:00:00+00:00,4441.128,4446.587,4305.55,4346.929,244416,364,0
2026-03-24 04:00:00+00:00,4346.897,4432.366,4319.654,4417.242,182776,336,0
2026-03-24 08:00:00+00:00,4417.263,4442.132,4375.204,4407.617,150839,364,0
2026-03-24 12:00:00+00:00,4407.714,4433.709,4351.315,4411.52,300426,364,0
2026-03-24 16:00:00+00:00,4411.604,4427.622,4372.156,4400.271,168413,364,0
2026-03-24 20:00:00+00:00,4400.111,4551.348,4397.141,4546.735,81468,364,0
2026-03-25 00:00:00+00:00,4546.765,4602.458,4537.43,4570.152,112013,364,0
2026-03-25 04:00:00+00:00,4570.157,4574.724,4533.007,4539.421,70810,280,0
2026-03-25 08:00:00+00:00,4539.475,4585.725,4527.474,4578.885,102668,280,0
2026-03-25 12:00:00+00:00,4578.771,4583.798,4521.88,4559.086,224712,280,0
2026-03-25 16:00:00+00:00,4559.157,4568.972,4486.885,4530.658,146154,280,0
2026-03-25 20:00:00+00:00,4530.759,4542.101,4488.858,4498.103,50655,280,0
2026-03-26 00:00:00+00:00,4498.363,4544.523,4498.027,4516.471,103478,280,0
2026-03-26 04:00:00+00:00,4516.5,4524.097,4415.73,4452.73,136124,280,0
2026-03-26 08:00:00+00:00,4452.72,4459.255,4412.327,4423.093,152932,280,0
2026-03-26 12:00:00+00:00,4423.194,4479.38,4416.198,4438.118,248467,280,0
2026-03-26 16:00:00+00:00,4438.071,4442.832,4359.07,4364.039,193944,280,0
2026-03-26 20:00:00+00:00,4363.973,4420.739,4350.964,4404.911,93465,280,0
2026-03-27 00:00:00+00:00,4404.958,4446.168,4375.236,4437.392,94958,280,0
2026-03-27 04:00:00+00:00,4437.484,4475.324,4431.378,4447.552,78153,280,0
2026-03-27 08:00:00+00:00,4447.529,4450.874,4404.211,4419.818,81634,280,0
2026-03-27 12:00:00+00:00,4419.871,4555.421,4412.624,4523.995,146978,280,0
2026-03-27 16:00:00+00:00,4524.058,4533.849,4486.217,4514.485,90931,280,0
2026-03-27 20:00:00+00:00,4514.528,4520.327,4490.899,4495.377,11591,280,0
2026-03-29 20:00:00+00:00,4511.704,4514.06,4443.749,4448.566,33610,280,0
2026-03-30 00:00:00+00:00,4448.654,4517.59,4418.467,4496.149,109050,280,0
2026-03-30 04:00:00+00:00,4496.038,4550.5,4486.116,4527.138,61934,280,0
2026-03-30 08:00:00+00:00,4527.14,4580.668,4523.727,4559.413,61035,280,0
2026-03-30 12:00:00+00:00,4559.444,4578.665,4512.295,4548.401,118031,280,0
2026-03-30 16:00:00+00:00,4548.345,4549.739,4492.933,4513.621,73702,280,0
2026-03-30 20:00:00+00:00,4513.548,4523.638,4492.358,4513.571,23470,280,0
2026-03-31 00:00:00+00:00,4513.541,4619.375,4482.483,4556.941,108983,280,0
2026-03-31 04:00:00+00:00,4556.946,4581.773,4543.2,4564.367,54374,280,0
2026-03-31 08:00:00+00:00,4564.452,4593.128,4529.324,4582.116,66124,280,0
2026-03-31 12:00:00+00:00,4582.172,4630.083,4567.818,4609.586,105304,280,0
2026-03-31 16:00:00+00:00,4609.528,4685.608,4606.911,4682.776,112233,280,0
2026-03-31 20:00:00+00:00,4682.714,4699.931,4661.795,4696.42,30854,280,0
2026-04-01 00:00:00+00:00,4696.362,4724.207,4678.22,4681.825,66018,280,0
2026-04-01 04:00:00+00:00,4682.032,4747.692,4666.934,4713.118,54312,280,0
2026-04-01 08:00:00+00:00,4712.809,4762.915,4710.434,4752.159,52029,280,0
2026-04-01 12:00:00+00:00,4752.325,4788.332,4715.923,4786.555,115114,280,0
2026-04-01 16:00:00+00:00,4786.544,4793.007,4742.076,4766.098,66281,280,0
2026-04-01 20:00:00+00:00,4765.919,4800.282,4754.089,4784.149,20032,280,0
2026-04-02 00:00:00+00:00,4784.22,4798.74,4650.397,4676.132,150473,280,0
2026-04-02 04:00:00+00:00,4676.261,4681.447,4553.87,4642.794,112437,280,0
2026-04-02 08:00:00+00:00,4642.787,4648.858,4592.597,4599.963,66792,280,0
2026-04-02 12:00:00+00:00,4600.086,4699.697,4580.323,4660.855,195485,280,0
2026-04-02 16:00:00+00:00,4660.917,4681.735,4642.719,4672.084,74890,280,0
2026-04-02 20:00:00+00:00,4672.145,4676.891,4664.357,4675.248,7639,280,0
2026-04-05 20:00:00+00:00,4662.786,4662.786,4605.062,4610.653,31094,280,0
2026-04-06 00:00:00+00:00,4610.685,4671.856,4600.593,4640.548,63510,280,0
2026-04-06 04:00:00+00:00,4640.361,4688.617,4639.858,4684.519,43106,280,0
2026-04-06 08:00:00+00:00,4684.64,4706.668,4676.956,4677.994,46360,280,0
2026-04-06 12:00:00+00:00,4677.935,4697.673,4652.017,4668.19,90964,280,0
2026-04-06 16:00:00+00:00,4668.12,4672.572,4645.337,4655.249,47942,280,0
2026-04-06 20:00:00+00:00,4655.267,4667.832,4649.116,4658.722,14118,280,0
2026-04-07 00:00:00+00:00,4658.955,4664.268,4616.298,4649.553,74122,280,0
2026-04-07 04:00:00+00:00,4649.489,4664.022,4622.793,4645.858,52235,280,0
2026-04-07 08:00:00+00:00,4646.121,4694.584,4628.667,4659.796,83507,280,0
2026-04-07 12:00:00+00:00,4659.862,4670.777,4607.349,4655.672,111318,280,0
2026-04-07 16:00:00+00:00,4655.465,4718.557,4652.411,4700.621,116248,280,0
2026-04-07 20:00:00+00:00,4700.684,4836.336,4697.2,4833.203,70075,280,0
2026-04-08 00:00:00+00:00,4833.28,4857.307,4788.058,4797.596,87395,280,0
2026-04-08 04:00:00+00:00,4797.615,4843.8,4790.246,4813.411,52193,280,0
2026-04-08 08:00:00+00:00,4813.481,4819.831,4771.126,4798.467,51438,280,0
2026-04-08 12:00:00+00:00,4798.663,4807.09,4732.276,4756.35,111197,280,0
2026-04-08 16:00:00+00:00,4756.597,4765.618,4699.492,4730.536,75104,280,0
2026-04-08 20:00:00+00:00,4730.434,4732.456,4704.709,4715.52,21520,280,0
2026-04-09 00:00:00+00:00,4715.592,4732.952,4698.134,4711.412,55352,280,0
2026-04-09 04:00:00+00:00,4711.408,4731.242,4703.348,4724.192,47801,280,0
2026-04-09 08:00:00+00:00,4724.372,4757.459,4719.808,4756.362,37243,280,0
2026-04-09 12:00:00+00:00,4756.426,4797.931,4734.758,4792.838,78527,280,0
2026-04-09 16:00:00+00:00,4792.881,4801.202,4766.847,4768.865,64019,280,0
2026-04-09 20:00:00+00:00,4768.923,4779.317,4756.725,4763.591,16832,280,0
2026-04-10 00:00:00+00:00,4763.654,4777.108,4737.872,4766.342,45148,280,0
2026-04-10 04:00:00+00:00,4766.578,4770.841,4741.21,4749.723,32968,280,0
2026-04-10 08:00:00+00:00,4749.809,4768.735,4730.601,4768.056,36482,280,0
2026-04-10 12:00:00+00:00,4768.19,4795.16,4754.924,4761.985,76032,160,0
2026-04-10 16:00:00+00:00,4762.151,4773.165,4747.379,4759.73,42638,280,0
2026-04-10 20:00:00+00:00,4759.796,4760.007,4741.108,4749.287,7072,280,0
2026-04-12 20:00:00+00:00,4670.253,4685.174,4644.273,4671.454,23189,280,0
2026-04-13 00:00:00+00:00,4671.211,4727.97,4664.573,4718.269,57007,280,0
2026-04-13 04:00:00+00:00,4718.248,4740.049,4708.178,4733.719,38994,280,0
2026-04-13 08:00:00+00:00,4733.795,4738.657,4703.522,4706.656,40492,280,0
2026-04-13 12:00:00+00:00,4706.739,4744.569,4700.145,4714.534,81770,280,0
2026-04-13 16:00:00+00:00,4714.313,4749.869,4709.38,4741.205,53162,280,0
2026-04-13 20:00:00+00:00,4741.093,4765.991,4738.175,4757.481,14944,280,0
2026-04-14 00:00:00+00:00,4757.639,4777.298,4751.504,4768.152,39892,280,0
2026-04-14 04:00:00+00:00,4768.232,4796.392,4758.055,4777.05,37381,280,0
2026-04-14 08:00:00+00:00,4776.967,4789.798,4751.85,4775.028,37560,280,0
2026-04-14 12:00:00+00:00,4775.085,4817.872,4762.195,4808.034,67002,280,0
2026-04-14 16:00:00+00:00,4807.955,4846.292,4804.894,4844.608,37414,280,0
2026-04-14 20:00:00+00:00,4844.678,4850.545,4833.191,4836.91,15512,280,0
2026-04-15 00:00:00+00:00,4836.967,4871.29,4816.735,4823.921,49325,280,0
2026-04-15 04:00:00+00:00,4824.061,4830.279,4803.857,4811.01,38598,280,0
2026-04-15 08:00:00+00:00,4810.905,4821.061,4786.07,4812.701,45799,280,0
2026-04-15 12:00:00+00:00,4812.634,4830.631,4786.713,4801.779,58491,280,0
2026-04-15 16:00:00+00:00,4801.713,4812.685,4789.954,4795.93,37611,280,0
2026-04-15 20:00:00+00:00,4795.989,4826.643,4787.686,4823.481,13658,280,0
2026-04-16 00:00:00+00:00,4823.314,4837.474,4811.195,4824.153,33381,280,0
2026-04-16 04:00:00+00:00,4824.153,4838.319,4814.187,4821.18,34389,280,0
2026-04-16 08:00:00+00:00,4821.199,4822.457,4804.999,4822.166,32217,280,0
2026-04-16 12:00:00+00:00,4822.218,4823.95,4772.888,4806.736,75355,280,0
2026-04-16 16:00:00+00:00,4806.671,4810.103,4781.403,4793.716,41584,280,0
2026-04-16 20:00:00+00:00,4793.648,4797.851,4786.284,4791.644,12697,280,0
2026-04-17 00:00:00+00:00,4791.552,4801.194,4767.467,4793.397,36334,280,0
2026-04-17 04:00:00+00:00,4793.308,4806.312,4778.759,4784.453,30346,280,0
2026-04-17 08:00:00+00:00,4784.439,4811.712,4780.91,4799.193,28771,280,0
2026-04-17 12:00:00+00:00,4799.258,4889.686,4797.556,4867.484,109964,280,0
2026-04-17 16:00:00+00:00,4867.415,4873.494,4852.706,4854.478,40957,280,0
2026-04-17 20:00:00+00:00,4854.638,4855.169,4830.619,4832.686,9635,280,0
2026-04-19 20:00:00+00:00,4774.48,4795.312,4736.757,4755.037,23620,360,0
2026-04-20 00:00:00+00:00,4755.259,4814.36,4744.867,4790.948,52165,280,0
2026-04-20 04:00:00+00:00,4791.011,4805.556,4779.428,4789.625,41375,280,0
2026-04-20 08:00:00+00:00,4789.629,4810.849,4783.231,4810.288,32129,280,0
2026-04-20 12:00:00+00:00,4810.23,4827.614,4792.396,4799.526,74468,280,0
2026-04-20 16:00:00+00:00,4799.719,4821.458,4792.717,4814.117,30142,280,0
2026-04-20 20:00:00+00:00,4814.089,4833.046,4812.086,4821.549,15003,280,0
2026-04-21 00:00:00+00:00,4821.611,4830.641,4792.545,4797.204,34824,280,0
2026-04-21 04:00:00+00:00,4797.04,4797.894,4772.668,4786.082,35898,280,0
2026-04-21 08:00:00+00:00,4786.149,4797.993,4774.599,4794.697,31669,280,0
2026-04-21 12:00:00+00:00,4794.756,4797.031,4723.326,4741.547,101217,280,0
2026-04-21 16:00:00+00:00,4741.452,4746.762,4668.161,4679.309,92044,280,0
2026-04-21 20:00:00+00:00,4679.403,4740.405,4668.715,4737.871,32943,280,0
2026-04-22 00:00:00+00:00,4738.047,4765.034,4736.04,4758.242,34336,280,0
2026-04-22 04:00:00+00:00,4758.289,4772.356,4752.159,4760.633,29809,280,0
2026-04-22 08:00:00+00:00,4760.64,4762.362,4745.584,4750.453,29507,280,0
2026-04-22 12:00:00+00:00,4750.376,4760.704,4724.903,4727.73,61833,280,0
2026-04-22 16:00:00+00:00,4727.815,4749.386,4723.727,4740.029,32955,280,0
2026-04-22 20:00:00+00:00,4740.158,4745.817,4723.353,4727.939,13319,280,0
2026-04-23 00:00:00+00:00,4728.005,4753.764,4694.007,4703.898,73842,280,0
2026-04-23 04:00:00+00:00,4703.881,4721.346,4692.243,4718.93,38905,280,0
2026-04-23 08:00:00+00:00,4719.051,4724.91,4684.142,4720.416,39669,280,0
2026-04-23 12:00:00+00:00,4720.479,4743.127,4716.289,4720.464,70703,280,0
2026-04-23 16:00:00+00:00,4720.522,4736.941,4664.091,4695.983,95429,280,0
2026-04-23 20:00:00+00:00,4695.921,4700.694,4686.376,4695.224,17093,280,0
2026-04-24 00:00:00+00:00,4695.151,4711.043,4668.64,4672.137,49134,280,0
2026-04-24 04:00:00+00:00,4672.085,4695.222,4657.574,4694.412,34758,280,0
2026-04-24 08:00:00+00:00,4694.337,4717.219,4674.541,4706.672,46215,280,0
2026-04-24 12:00:00+00:00,4706.749,4740.221,4689.474,4727.004,74325,280,0
2026-04-24 16:00:00+00:00,4726.929,4729.957,4713.628,4716.617,35354,280,0
2026-04-24 20:00:00+00:00,4716.539,4717.446,4705.292,4708.451,5516,280,0
2026-04-26 20:00:00+00:00,4696.068,4699.827,4674.842,4680.054,11791,280,0
2026-04-27 00:00:00+00:00,4680.118,4729.404,4672.08,4724.208,43673,280,0
2026-04-27 04:00:00+00:00,4723.909,4730.124,4708.541,4713.406,29630,280,0
2026-04-27 08:00:00+00:00,4713.175,4714.716,4699.082,4704.635,25790,280,0
2026-04-27 12:00:00+00:00,4704.905,4712.611,4666.989,4670.131,59053,280,0
2026-04-27 16:00:00+00:00,4670.029,4686.174,4667.253,4680.619,29569,280,0
2026-04-27 20:00:00+00:00,4680.752,4694.948,4677.292,4692.035,10949,280,0
2026-04-28 00:00:00+00:00,4692.097,4701.388,4666.45,4670.943,33293,280,0
2026-04-28 04:00:00+00:00,4670.886,4671.315,4620.582,4633.0,47948,280,0
2026-04-28 08:00:00+00:00,4632.944,4635.228,4555.32,4562.459,53911,280,0
2026-04-28 12:00:00+00:00,4562.346,4600.131,4554.786,4586.219,99819,280,0
2026-04-28 16:00:00+00:00,4586.13,4601.437,4577.959,4595.731,39002,280,0
2026-04-28 20:00:00+00:00,4595.675,4599.464,4587.81,4595.762,11343,280,0
2026-04-29 00:00:00+00:00,4595.826,4610.404,4575.786,4595.207,45609,280,0
2026-04-29 04:00:00+00:00,4595.267,4607.794,4567.198,4567.95,35637,280,0
2026-04-29 08:00:00+00:00,4568.043,4580.67,4551.471,4561.576,41916,280,0
2026-04-29 12:00:00+00:00,4561.421,4568.867,4510.127,4547.852,78197,280,0
2026-04-29 16:00:00+00:00,4547.794,4565.026,4517.971,4546.904,75445,280,0
2026-04-29 20:00:00+00:00,4546.977,4562.086,4539.187,4561.679,22591,280,0
2026-04-30 00:00:00+00:00,4561.637,4582.361,4555.685,4556.017,47101,280,0
2026-04-30 04:00:00+00:00,4556.094,4605.514,4540.766,4598.212,42396,280,0
2026-04-30 08:00:00+00:00,4598.271,4646.985,4597.2,4629.938,62505,280,0
2026-04-30 12:00:00+00:00,4629.998,4646.122,4609.1,4615.364,89458,280,0
2026-04-30 16:00:00+00:00,4615.37,4627.489,4605.159,4617.011,38942,280,0
2026-04-30 20:00:00+00:00,4617.07,4634.006,4615.487,4626.341,14156,280,0
2026-05-01 00:00:00+00:00,4626.523,4636.1,4613.727,4626.758,30840,280,0
2026-05-01 04:00:00+00:00,4626.825,4628.871,4575.937,4578.003,32400,280,0
2026-05-01 08:00:00+00:00,4578.338,4582.522,4559.759,4578.655,29987,280,0
2026-05-01 12:00:00+00:00,4578.697,4660.228,4574.942,4643.315,78932,280,0
2026-05-01 16:00:00+00:00,4642.964,4649.899,4608.813,4610.737,41175,280,0
2026-05-01 20:00:00+00:00,4610.651,4617.066,4607.027,4613.52,5891,280,0
2026-05-03 20:00:00+00:00,4625.982,4629.394,4611.106,4613.705,11713,280,0
2026-05-04 00:00:00+00:00,4613.93,4618.516,4591.022,4615.0,43061,280,0
2026-05-04 04:00:00+00:00,4614.996,4615.493,4577.907,4579.056,41100,280,0
2026-05-04 08:00:00+00:00,4579.074,4584.561,4525.715,4560.209,65412,280,0
2026-05-04 12:00:00+00:00,4560.362,4583.355,4512.13,4521.515,117236,280,0
2026-05-04 16:00:00+00:00,4521.433,4531.565,4500.541,4517.85,65606,280,0
2026-05-04 20:00:00+00:00,4517.715,4524.272,4511.571,4518.98,11653,280,0
2026-05-05 00:00:00+00:00,4518.929,4546.826,4513.422,4534.614,30518,280,0
2026-05-05 04:00:00+00:00,4534.577,4558.4,4527.879,4545.516,33308,280,0
2026-05-05 08:00:00+00:00,4545.349,4564.93,4539.798,4562.607,33166,280,0
2026-05-05 12:00:00+00:00,4562.739,4586.653,4554.049,4568.633,52040,280,0
2026-05-05 16:00:00+00:00,4568.578,4569.08,4551.557,4554.754,27206,280,0
2026-05-05 20:00:00+00:00,4554.719,4595.722,4546.201,4593.801,19178,280,0
2026-05-06 00:00:00+00:00,4593.729,4652.115,4588.063,4643.892,44449,280,0
2026-05-06 04:00:00+00:00,4643.805,4681.798,4643.444,4681.599,36068,280,0
2026-05-06 08:00:00+00:00,4681.418,4723.017,4671.388,4691.961,59038,280,0
2026-05-06 12:00:00+00:00,4692.125,4717.384,4660.139,4687.917,73736,280,0
2026-05-06 16:00:00+00:00,4687.851,4700.191,4678.721,4692.315,32589,280,0
2026-05-06 20:00:00+00:00,4692.249,4699.744,4685.006,4698.97,13908,280,0
2026-05-07 00:00:00+00:00,4698.866,4721.428,4685.265,4699.239,43255,280,0
2026-05-07 04:00:00+00:00,4699.177,4750.605,4692.113,4743.167,43070,280,0
2026-05-07 08:00:00+00:00,4743.212,4753.364,4721.499,4742.698,38709,280,0
2026-05-07 12:00:00+00:00,4742.823,4764.711,4726.087,4729.284,66419,280,0
2026-05-07 16:00:00+00:00,4729.346,4729.837,4687.451,4703.091,78633,280,0
2026-05-07 20:00:00+00:00,4703.153,4719.06,4681.721,4704.064,24836,280,0
2026-05-08 00:00:00+00:00,4704.002,4732.716,4693.892,4719.697,46806,280,0
2026-05-08 04:00:00+00:00,4719.755,4734.5,4697.121,4708.033,44371,280,0
2026-05-08 08:00:00+00:00,4708.035,4728.025,4706.648,4717.741,34954,280,0
2026-05-08 12:00:00+00:00,4717.582,4749.575,4701.753,4707.144,76135,280,0
2026-05-08 16:00:00+00:00,4707.01,4729.004,4705.503,4723.789,29140,280,0
2026-05-08 20:00:00+00:00,4723.858,4724.325,4714.361,4715.081,4467,280,0
2026-05-10 20:00:00+00:00,4691.841,4698.608,4678.962,4691.675,12982,280,0
2026-05-11 00:00:00+00:00,4691.528,4705.318,4670.015,4678.811,61441,280,0
2026-05-11 04:00:00+00:00,4678.531,4680.522,4648.243,4667.655,42957,280,0
2026-05-11 08:00:00+00:00,4667.765,4678.613,4650.461,4674.327,34061,280,0
2026-05-11 12:00:00+00:00,4674.499,4748.571,4667.339,4731.857,70838,280,0
2026-05-11 16:00:00+00:00,4732.221,4736.398,4707.84,4733.523,31455,280,0
2026-05-11 20:00:00+00:00,4733.275,4770.061,4729.677,4767.591,15964,280,0
2026-05-12 00:00:00+00:00,4767.509,4773.564,4717.875,4720.297,58750,280,0
2026-05-12 04:00:00+00:00,4720.006,4730.373,4686.483,4699.927,46457,280,0
2026-05-12 08:00:00+00:00,4699.864,4709.371,4685.07,4706.734,38243,280,0
2026-05-12 12:00:00+00:00,4706.803,4711.679,4637.982,4666.172,84968,280,0
2026-05-12 16:00:00+00:00,4665.936,4715.876,4664.005,4715.78,36549,280,0
2026-05-12 20:00:00+00:00,4715.723,4723.707,4711.682,4716.694,16026,280,0
2026-05-13 00:00:00+00:00,4717.084,4727.045,4687.498,4696.091,44343,280,0
2026-05-13 04:00:00+00:00,4696.045,4715.154,4693.387,4702.945,35314,280,0
2026-05-13 08:00:00+00:00,4702.885,4710.576,4685.854,4697.5,33610,280,0
2026-05-13 12:00:00+00:00,4697.438,4701.47,4669.361,4695.3,61022,280,0
2026-05-13 16:00:00+00:00,4695.6,4709.995,4677.4,4688.062,32232,280,0
2026-05-13 20:00:00+00:00,4688.161,4702.281,4685.878,4696.689,11439,280,0
2026-05-14 00:00:00+00:00,4696.323,4707.017,4674.05,4674.804,53464,280,0
2026-05-14 04:00:00+00:00,4674.89,4718.881,4667.895,4693.217,46159,280,0
2026-05-14 08:00:00+00:00,4693.28,4706.482,4688.395,4694.139,37835,280,0
2026-05-14 12:00:00+00:00,4694.067,4709.889,4666.469,4685.984,67384,280,0
2026-05-14 16:00:00+00:00,4685.629,4686.973,4652.995,4654.331,32659,280,0
2026-05-14 20:00:00+00:00,4654.112,4665.404,4644.307,4652.305,17194,280,0
2026-05-15 00:00:00+00:00,4652.261,4658.3,4607.091,4615.525,80267,280,0
2026-05-15 04:00:00+00:00,4615.584,4621.451,4556.169,4570.901,76218,280,0
2026-05-15 08:00:00+00:00,4570.608,4572.556,4531.799,4552.089,71110,280,0
2026-05-15 12:00:00+00:00,4552.058,4566.57,4511.162,4539.485,102006,280,0
2026-05-15 16:00:00+00:00,4539.838,4564.435,4529.257,4545.942,39407,280,0
2026-05-15 20:00:00+00:00,4545.878,4546.447,4532.952,4539.547,7453,280,0
2026-05-17 20:00:00+00:00,4538.378,4554.71,4532.026,4536.897,19305,280,0
2026-05-18 00:00:00+00:00,4536.965,4548.037,4480.202,4541.035,115141,280,0
2026-05-18 04:00:00+00:00,4541.032,4559.99,4529.657,4546.07,66993,280,0
2026-05-18 08:00:00+00:00,4546.015,4567.197,4529.711,4550.691,54232,280,0
2026-05-18 12:00:00+00:00,4550.757,4584.384,4531.509,4543.417,100176,280,0
2026-05-18 16:00:00+00:00,4543.738,4564.981,4533.964,4558.429,54131,280,0
2026-05-18 20:00:00+00:00,4558.486,4588.92,4557.711,4581.568,15089,280,0
2026-05-19 00:00:00+00:00,4581.926,4589.369,4543.543,4545.043,60121,280,0
2026-05-19 04:00:00+00:00,4544.987,4559.058,4530.657,4556.948,51865,280,0
2026-05-19 08:00:00+00:00,4557.021,4559.147,4525.461,4530.785,47711,280,0
2026-05-19 12:00:00+00:00,4530.84,4547.097,4464.373,4508.229,118630,280,0
2026-05-19 16:00:00+00:00,4508.586,4512.486,4481.071,4483.249,36190,280,0
2026-05-19 20:00:00+00:00,4483.169,4496.338,4477.34,4489.452,16317,280,0
2026-05-20 00:00:00+00:00,4489.396,4508.955,4453.399,4463.542,90065,280,0
2026-05-20 04:00:00+00:00,4463.487,4486.053,4456.481,4478.578,56909,280,0
2026-05-20 08:00:00+00:00,4478.395,4501.186,4472.6,4498.918,42880,280,0
2026-05-20 12:00:00+00:00,4498.896,4552.982,4467.014,4529.177,111823,280,0
2026-05-20 16:00:00+00:00,4529.237,4550.411,4523.915,4545.851,36955,280,0
2026-05-20 20:00:00+00:00,4545.796,4550.46,4534.685,4546.321,17544,280,0
2026-05-21 00:00:00+00:00,4546.372,4571.018,4527.112,4528.065,55730,280,0
2026-05-21 04:00:00+00:00,4528.303,4540.454,4511.588,4519.742,45125,280,0
2026-05-21 08:00:00+00:00,4519.861,4543.016,4504.867,4513.918,62887,280,0
2026-05-21 12:00:00+00:00,4513.998,4521.133,4488.377,4511.68,92610,280,0
2026-05-21 16:00:00+00:00,4512.031,4559.326,4512.031,4542.905,73065,280,0
2026-05-21 20:00:00+00:00,4542.849,4545.986,4532.411,4535.299,12791,280,0
2026-05-22 00:00:00+00:00,4535.358,4541.01,4518.334,4529.304,44380,280,0
2026-05-22 04:00:00+00:00,4529.361,4534.243,4507.258,4521.76,39832,280,0
2026-05-22 08:00:00+00:00,4521.854,4536.851,4510.119,4520.719,39530,280,0
2026-05-22 12:00:00+00:00,4520.64,4535.896,4491.479,4520.21,75128,280,0
2026-05-22 16:00:00+00:00,4520.156,4527.923,4504.262,4508.338,37241,280,0
2026-05-22 20:00:00+00:00,4508.381,4510.282,4504.326,4507.952,5232,280,0
2026-05-24 20:00:00+00:00,4545.376,4579.984,4543.319,4567.1,15874,280,0
2026-05-25 00:00:00+00:00,4567.126,4579.774,4556.704,4559.571,45391,280,0
2026-05-25 04:00:00+00:00,4559.792,4566.17,4550.32,4564.58,31914,280,0
2026-05-25 08:00:00+00:00,4564.58,4577.064,4553.247,4569.376,23831,280,0
2026-05-25 12:00:00+00:00,4569.47,4574.514,4552.816,4570.957,32754,280,0
2026-05-25 16:00:00+00:00,4571.001,4578.131,4563.089,4570.572,12090,280,0
2026-05-25 20:00:00+00:00,4571.387,4580.329,4554.991,4559.694,11247,280,0
2026-05-26 00:00:00+00:00,4559.464,4559.948,4527.71,4542.437,44513,280,0
2026-05-26 04:00:00+00:00,4542.098,4543.108,4521.521,4538.023,36767,280,0
2026-05-26 08:00:00+00:00,4538.108,4540.585,4503.453,4507.127,46846,280,0
2026-05-26 12:00:00+00:00,4506.936,4531.294,4500.578,4506.587,64479,280,0
2026-05-26 16:00:00+00:00,4506.659,4511.396,4482.236,4509.056,31508,280,0
2026-05-26 20:00:00+00:00,4508.779,4527.79,4497.969,4519.734,19099,280,0
2026-05-27 00:00:00+00:00,4519.674,4525.792,4496.627,4497.177,36502,280,0
2026-05-27 04:00:00+00:00,4497.135,4517.149,4475.708,4482.076,46017,280,0
2026-05-27 08:00:00+00:00,4481.819,4498.604,4424.768,4428.67,52607,280,0
2026-05-27 12:00:00+00:00,4428.311,4466.706,4401.265,4436.299,107104,280,0
2026-05-27 16:00:00+00:00,4436.354,4458.225,4433.987,4451.026,27450,280,0
2026-05-27 20:00:00+00:00,4451.083,4464.797,4443.639,4447.141,13707,280,0
2026-05-28 00:00:00+00:00,4447.199,4458.907,4368.277,4374.931,64855,280,0
2026-05-28 04:00:00+00:00,4374.829,4396.39,4366.232,4387.567,51093,280,0
2026-05-28 08:00:00+00:00,4387.286,4404.121,4374.979,4387.588,41523,280,0
2026-05-28 12:00:00+00:00,4387.68,4484.95,4379.409,4482.062,103470,280,0
2026-05-28 16:00:00+00:00,4482.429,4516.588,4477.561,4498.028,37299,280,0
2026-05-28 20:00:00+00:00,4497.959,4500.714,4489.135,4494.974,13367,280,0
2026-05-29 00:00:00+00:00,4495.227,4520.799,4491.898,4501.16,43631,280,0
2026-05-29 04:00:00+00:00,4501.242,4526.24,4500.863,4524.487,37829,280,0
2026-05-29 08:00:00+00:00,4524.701,4543.418,4509.878,4538.199,37613,280,0
2026-05-29 12:00:00+00:00,4538.264,4595.189,4512.509,4571.203,92867,280,0
2026-05-29 16:00:00+00:00,4571.268,4573.478,4542.799,4545.649,36323,280,0
2026-05-29 20:00:00+00:00,4545.593,4549.002,4539.391,4540.363,5279,280,0
2026-05-31 20:00:00+00:00,4521.201,4545.711,4518.354,4539.642,13327,280,0
2026-06-01 00:00:00+00:00,4539.703,4546.124,4509.784,4516.138,42745,280,0
2026-06-01 04:00:00+00:00,4516.095,4525.144,4492.555,4502.921,37126,280,0
2026-06-01 08:00:00+00:00,4502.835,4512.894,4489.125,4505.721,35097,280,0
2026-06-01 12:00:00+00:00,4505.62,4510.54,4447.558,4473.892,89699,280,0
2026-06-01 16:00:00+00:00,4474.127,4495.449,4462.809,4481.228,32488,280,0
2026-06-01 20:00:00+00:00,4481.283,4488.338,4479.204,4484.275,11661,280,0
2026-06-02 00:00:00+00:00,4484.445,4499.562,4462.956,4499.109,53465,280,0
2026-06-02 04:00:00+00:00,4499.169,4541.596,4497.557,4534.891,38344,280,0
2026-06-02 08:00:00+00:00,4534.835,4539.287,4521.202,4527.603,28701,280,0
2026-06-02 12:00:00+00:00,4527.66,4534.012,4489.998,4502.172,52405,280,0
2026-06-02 16:00:00+00:00,4502.117,4502.96,4478.646,4487.9,27725,280,0
2026-06-02 20:00:00+00:00,4487.841,4493.117,4462.278,4474.199,19721,280,0
2026-06-03 00:00:00+00:00,4474.127,4496.778,4463.237,4484.191,42003,280,0
2026-06-03 04:00:00+00:00,4484.541,4488.308,4452.8,4453.345,40828,280,0
2026-06-03 08:00:00+00:00,4453.406,4468.012,4438.88,4462.564,45161,280,0
2026-06-03 12:00:00+00:00,4462.619,4467.297,4426.05,4441.995,72581,280,0
2026-06-03 16:00:00+00:00,4441.936,4452.076,4433.629,4443.992,30132,280,0
2026-06-03 20:00:00+00:00,4443.938,4464.724,4423.591,4457.096,21977,280,0
2026-06-04 00:00:00+00:00,4457.449,4477.33,4443.198,4463.965,54094,280,0
2026-06-04 04:00:00+00:00,4463.907,4484.102,4459.313,4461.763,38335,280,0
2026-06-04 08:00:00+00:00,4461.698,4514.657,4458.623,4511.612,46218,280,0
2026-06-04 12:00:00+00:00,4511.239,4515.517,4457.157,4477.56,74048,280,0
2026-06-04 16:00:00+00:00,4477.263,4485.172,4472.731,4480.924,26259,280,0
2026-06-04 20:00:00+00:00,4480.853,4481.63,4460.339,4461.516,15272,280,0
2026-06-05 00:00:00+00:00,4461.463,4469.972,4435.094,4442.175,58368,280,0
2026-06-05 04:00:00+00:00,4442.276,4467.419,4428.754,4460.937,42681,280,0
2026-06-05 08:00:00+00:00,4460.876,4475.369,4458.262,4470.284,33161,280,0
2026-06-05 12:00:00+00:00,4470.163,4475.911,4333.852,4335.571,130632,260,0
2026-06-05 16:00:00+00:00,4335.513,4347.431,4313.728,4318.481,70335,260,0
2026-06-05 20:00:00+00:00,4318.423,4331.092,4311.591,4328.48,11660,280,0
2026-06-07 20:00:00+00:00,4325.114,4347.047,4310.169,4343.828,24513,260,0
2026-06-08 00:00:00+00:00,4343.881,4353.374,4299.902,4316.734,86967,260,0
2026-06-08 04:00:00+00:00,4316.789,4321.851,4268.309,4294.552,72837,260,0
2026-06-08 08:00:00+00:00,4294.479,4333.406,4272.951,4331.272,68286,260,0
2026-06-08 12:00:00+00:00,4331.029,4346.835,4314.31,4341.621,92119,260,0
2026-06-08 16:00:00+00:00,4341.569,4346.261,4323.436,4326.794,37564,260,0
2026-06-08 20:00:00+00:00,4326.445,4332.46,4312.78,4317.619,14369,260,0
2026-06-09 00:00:00+00:00,4317.567,4342.446,4315.011,4336.512,50486,260,0
2026-06-09 04:00:00+00:00,4336.409,4351.53,4322.044,4326.712,44807,260,0
2026-06-09 08:00:00+00:00,4326.769,4343.778,4320.992,4339.602,35743,260,0
2026-06-09 12:00:00+00:00,4339.875,4363.473,4262.97,4272.522,114741,260,0
2026-06-09 16:00:00+00:00,4272.466,4281.156,4236.398,4258.411,110621,260,0
2026-06-09 20:00:00+00:00,4258.485,4262.177,4210.259,4222.118,25786,260,0
2026-06-10 00:00:00+00:00,4222.153,4228.48,4172.542,4184.697,93312,260,0
2026-06-10 04:00:00+00:00,4184.643,4221.883,4172.132,4186.016,60694,260,0
2026-06-10 08:00:00+00:00,4185.955,4187.522,4145.642,4147.722,84450,260,0
2026-06-10 12:00:00+00:00,4147.659,4186.372,4106.728,4128.597,172322,260,0
2026-06-10 16:00:00+00:00,4128.65,4135.163,4081.437,4082.793,78689,260,0
2026-06-10 20:00:00+00:00,4082.848,4083.176,4023.831,4047.261,46881,260,0
2026-06-11 00:00:00+00:00,4047.203,4118.287,4036.048,4072.705,140869,260,0
2026-06-11 04:00:00+00:00,4072.85,4110.622,4070.093,4104.774,74145,260,0
2026-06-11 08:00:00+00:00,4104.722,4112.649,4077.334,4080.436,56456,260,0
2026-06-11 12:00:00+00:00,4080.418,4095.557,4053.021,4088.661,159889,260,0
2026-06-11 16:00:00+00:00,4088.735,4219.959,4071.804,4208.948,155607,260,0
2026-06-11 20:00:00+00:00,4209.061,4246.25,4205.253,4219.785,32457,260,0
2026-06-12 00:00:00+00:00,4219.997,4230.603,4171.337,4197.277,82500,260,0
2026-06-12 04:00:00+00:00,4197.226,4201.096,4170.058,4194.047,58125,260,0
2026-06-12 08:00:00+00:00,4194.384,4227.914,4191.789,4207.017,66702,260,0
2026-06-12 12:00:00+00:00,4206.966,4235.655,4176.959,4211.904,120467,260,0
2026-06-12 16:00:00+00:00,4211.963,4235.334,4201.672,4210.559,54826,260,0
2026-06-12 20:00:00+00:00,4210.502,4219.296,4209.251,4218.665,4592,260,0
2026-06-14 20:00:00+00:00,4270.346,4308.995,4269.222,4293.94,20056,280,0
2026-06-15 00:00:00+00:00,4294.108,4335.476,4285.422,4324.773,57193,260,0
2026-06-15 04:00:00+00:00,4325.119,4333.029,4300.619,4322.971,40299,260,0
2026-06-15 08:00:00+00:00,4322.908,4347.567,4321.64,4335.19,37660,260,0
2026-06-15 12:00:00+00:00,4335.118,4369.321,4324.61,4356.337,60984,260,0
2026-06-15 16:00:00+00:00,4356.282,4358.787,4316.402,4320.608,34715,260,0
2026-06-15 20:00:00+00:00,4320.549,4322.117,4305.813,4315.715,14696,260,0
2026-06-16 00:00:00+00:00,4315.658,4333.088,4306.624,4330.235,40794,260,0
2026-06-16 04:00:00+00:00,4330.235,4335.507,4313.394,4334.908,34150,260,0
2026-06-16 08:00:00+00:00,4334.854,4349.466,4332.686,4340.763,30217,260,0
2026-06-16 12:00:00+00:00,4340.711,4354.991,4313.008,4335.381,63559,260,0
2026-06-16 16:00:00+00:00,4335.324,4347.069,4325.136,4334.102,35149,260,0
2026-06-16 20:00:00+00:00,4333.755,4338.267,4328.797,4331.111,9943,260,0
2026-06-17 00:00:00+00:00,4331.252,4349.811,4328.359,4332.276,37294,260,0
2026-06-17 04:00:00+00:00,4332.069,4334.292,4317.377,4325.32,32784,260,0
2026-06-17 08:00:00+00:00,4325.376,4335.792,4317.06,4323.32,30276,260,0
2026-06-17 12:00:00+00:00,4323.382,4364.912,4319.754,4363.697,62608,260,0
2026-06-17 16:00:00+00:00,4363.338,4382.328,4218.832,4235.678,220372,260,0
2026-06-17 20:00:00+00:00,4235.61,4283.946,4234.792,4277.846,33246,260,0
2026-06-18 00:00:00+00:00,4277.923,4329.955,4276.383,4319.51,60509,260,0
2026-06-18 04:00:00+00:00,4319.773,4324.892,4287.32,4288.722,47111,260,0
2026-06-18 08:00:00+00:00,4288.787,4293.025,4239.694,4242.053,52964,260,0
2026-06-18 12:00:00+00:00,4241.706,4276.766,4222.93,4226.502,97526,260,0
2026-06-18 16:00:00+00:00,4226.555,4233.401,4201.21,4216.825,52585,260,0
2026-06-18 20:00:00+00:00,4216.773,4219.64,4186.72,4188.559,17150,260,0
2026-06-19 00:00:00+00:00,4188.495,4197.941,4145.561,4153.254,43656,260,0
2026-06-19 04:00:00+00:00,4153.384,4163.283,4121.623,4158.093,55925,260,0
2026-06-19 08:00:00+00:00,4157.878,4178.69,4141.735,4152.435,43410,260,0
2026-06-19 12:00:00+00:00,4152.463,4183.04,4142.507,4151.097,57089,260,0
2026-06-19 16:00:00+00:00,4150.914,4157.9,4144.067,4155.421,7027,260,0
2026-06-21 20:00:00+00:00,4153.418,4164.776,4136.447,4140.09,17310,260,0
2026-06-22 00:00:00+00:00,4140.145,4221.311,4139.902,4171.517,84176,260,0
2026-06-22 04:00:00+00:00,4171.592,4207.347,4170.646,4190.195,45446,260,0
2026-06-22 08:00:00+00:00,4190.402,4215.312,4188.657,4207.501,39049,260,0
2026-06-22 12:00:00+00:00,4207.507,4211.752,4169.628,4182.96,79694,260,0
2026-06-22 16:00:00+00:00,4182.637,4193.419,4174.201,4190.428,35775,260,0
2026-06-22 20:00:00+00:00,4190.372,4195.387,4186.767,4187.409,11490,260,0
2026-06-23 00:00:00+00:00,4187.625,4198.671,4130.819,4143.902,69597,260,0
2026-06-23 04:00:00+00:00,4143.952,4146.78,4096.463,4098.926,69302,260,0
2026-06-23 08:00:00+00:00,4098.901,4133.272,4090.627,4123.073,55549,260,0
2026-06-23 12:00:00+00:00,4123.339,4145.159,4105.359,4138.453,93260,260,0
2026-06-23 16:00:00+00:00,4138.502,4143.937,4111.474,4111.526,41420,260,0
2026-06-23 20:00:00+00:00,4111.578,4115.13,4080.827,4099.048,24146,260,0
2026-06-24 00:00:00+00:00,4098.986,4111.928,4050.199,4062.811,102586,260,0
2026-06-24 04:00:00+00:00,4062.872,4097.604,4054.907,4074.859,62870,260,0
2026-06-24 08:00:00+00:00,4074.807,4087.591,4037.462,4046.596,80561,160,0
2026-06-24 12:00:00+00:00,4046.72,4048.892,3964.386,4002.397,365033,160,0
2026-06-24 16:00:00+00:00,4002.643,4022.268,3958.811,3988.013,121675,160,0
2026-06-24 20:00:00+00:00,3987.865,4018.618,3984.791,4012.325,28199,260,0
2026-06-25 00:00:00+00:00,4012.27,4016.467,3962.365,3995.326,115298,260,0
2026-06-25 04:00:00+00:00,3995.273,4000.186,3971.289,3987.713,68762,260,0
2026-06-25 08:00:00+00:00,3987.661,4002.111,3973.475,3980.193,51176,240,0
2026-06-25 12:00:00+00:00,3980.233,4042.73,3978.781,4040.935,164929,240,0
2026-06-25 16:00:00+00:00,4041.062,4044.267,4021.904,4026.638,56409,240,0
2026-06-25 20:00:00+00:00,4026.565,4036.624,4012.378,4014.651,21615,240,0
2026-06-26 00:00:00+00:00,4014.59,4029.684,3982.879,4004.105,74029,240,0
2026-06-26 04:00:00+00:00,4004.162,4039.702,3998.693,4030.668,60281,240,0
2026-06-26 08:00:00+00:00,4030.471,4055.83,4025.669,4045.764,46071,240,0
2026-06-26 12:00:00+00:00,4045.816,4096.053,4035.69,4090.402,98589,240,0
2026-06-26 16:00:00+00:00,4090.452,4093.532,4064.417,4071.743,38359,240,0
2026-06-26 20:00:00+00:00,4071.814,4090.403,4064.599,4088.245,8822,240,0
2026-06-28 20:00:00+00:00,4075.881,4085.307,4051.708,4062.831,18274,240,0
2026-06-29 00:00:00+00:00,4062.887,4075.713,4048.255,4068.939,81226,240,0
2026-06-29 04:00:00+00:00,4068.991,4069.053,4039.209,4061.729,50612,240,0
2026-06-29 08:00:00+00:00,4061.677,4066.724,4024.29,4039.389,48781,240,0
2026-06-29 12:00:00+00:00,4039.167,4052.425,4000.206,4027.041,80701,240,0
2026-06-29 16:00:00+00:00,4026.928,4032.048,4005.2,4015.978,30533,240,0
2026-06-29 20:00:00+00:00,4015.924,4022.486,4009.446,4015.028,14956,240,0
2026-06-30 00:00:00+00:00,4014.97,4015.302,3942.099,3969.866,98904,240,0
2026-06-30 04:00:00+00:00,3969.724,4034.879,3968.055,4032.322,69863,240,0
2026-06-30 08:00:00+00:00,4031.991,4037.753,4012.238,4033.743,39417,240,0
2026-06-30 12:00:00+00:00,4033.848,4063.385,4008.535,4029.492,85785,240,0
2026-06-30 16:00:00+00:00,4029.542,4033.897,4014.641,4016.076,30791,240,0
2026-06-30 20:00:00+00:00,4015.974,4021.062,4005.238,4005.593,16474,240,0
2026-07-01 00:00:00+00:00,4005.653,4009.858,3970.199,3980.325,57910,240,0
2026-07-01 04:00:00+00:00,3980.373,3982.884,3959.988,3976.152,49489,240,0
2026-07-01 08:00:00+00:00,3976.098,4035.604,3969.47,4030.205,43671,240,0
2026-07-01 12:00:00+00:00,4030.558,4115.736,4012.834,4081.229,119938,240,0
2026-07-01 16:00:00+00:00,4081.176,4088.609,4034.231,4038.683,42347,240,0
2026-07-01 20:00:00+00:00,4038.516,4045.279,4028.446,4035.169,18431,240,0
2026-07-02 00:00:00+00:00,4034.972,4074.22,4030.633,4070.082,60259,240,0
2026-07-02 04:00:00+00:00,4070.138,4079.729,4053.111,4064.671,49186,240,0
2026-07-02 08:00:00+00:00,4064.616,4080.213,4057.272,4065.375,41626,240,0
2026-07-02 12:00:00+00:00,4065.425,4144.121,4061.2,4128.316,135761,160,0
2026-07-02 16:00:00+00:00,4128.465,4130.288,4100.194,4121.466,53618,240,0
2026-07-02 20:00:00+00:00,4121.329,4134.121,4116.193,4126.18,15544,240,0
2026-07-03 00:00:00+00:00,4126.292,4195.506,4122.97,4175.907,69645,240,0
2026-07-03 04:00:00+00:00,4176.131,4182.887,4160.311,4177.399,37244,240,0
2026-07-03 08:00:00+00:00,4177.347,4186.579,4168.273,4180.885,29070,240,0
2026-07-03 12:00:00+00:00,4180.988,4183.398,4155.235,4164.94,35332,240,0
2026-07-03 16:00:00+00:00,4164.885,4176.347,4162.71,4174.661,5743,240,0
2026-07-05 20:00:00+00:00,4177.917,4202.273,4173.191,4183.137,18379,240,0
2026-07-06 00:00:00+00:00,4183.254,4203.185,4160.941,4165.29,75358,240,0
2026-07-06 04:00:00+00:00,4165.24,4166.836,4144.625,4164.533,42862,240,0
2026-07-06 08:00:00+00:00,4164.233,4166.112,4136.206,4155.02,36044,240,0
2026-07-06 12:00:00+00:00,4154.959,4158.535,4128.469,4148.188,65352,240,0
2026-07-06 16:00:00+00:00,4148.24,4167.628,4140.247,4163.632,29285,240,0
2026-07-06 20:00:00+00:00,4163.705,4168.637,4156.914,4157.372,10720,240,0
2026-07-07 00:00:00+00:00,4157.318,4162.825,4124.351,4131.164,52600,240,0
2026-07-07 04:00:00+00:00,4130.946,4141.272,4116.496,4124.771,42698,240,0
2026-07-07 08:00:00+00:00,4124.718,4158.416,4119.617,4156.533,38499,240,0
2026-07-07 12:00:00+00:00,4156.671,4180.583,4135.645,4138.925,78217,240,0
2026-07-07 16:00:00+00:00,4138.923,4148.277,4092.023,4114.028,53345,240,0
2026-07-07 20:00:00+00:00,4113.971,4115.866,4094.143,4098.591,19403,240,0
2026-07-08 00:00:00+00:00,4098.471,4131.153,4096.388,4123.514,76800,240,0
2026-07-08 04:00:00+00:00,4123.457,4134.08,4114.581,4121.29,49044,240,0
2026-07-08 08:00:00+00:00,4121.341,4121.398,4040.212,4061.99,113136,240,0
2026-07-08 12:00:00+00:00,4062.075,4086.509,4021.769,4034.079,121100,240,0
2026-07-08 16:00:00+00:00,4034.133,4091.596,4033.213,4080.005,66934,240,0
2026-07-08 20:00:00+00:00,4080.059,4083.597,4071.65,4076.276,17663,240,0
2026-07-09 00:00:00+00:00,4076.084,4089.993,4054.193,4064.06,57302,240,0
2026-07-09 04:00:00+00:00,4064.111,4111.262,4056.333,4107.713,52967,240,0
2026-07-09 08:00:00+00:00,4107.765,4117.806,4093.604,4108.528,37527,240,0
2026-07-09 12:00:00+00:00,4108.623,4136.316,4104.982,4126.646,69413,240,0
2026-07-09 16:00:00+00:00,4126.596,4138.077,4118.641,4122.25,31503,240,0
2026-07-09 20:00:00+00:00,4122.201,4127.656,4120.588,4123.547,10622,240,0
2026-07-10 00:00:00+00:00,4123.495,4134.805,4108.483,4120.305,43579,240,0
2026-07-10 04:00:00+00:00,4120.253,4121.167,4104.291,4108.837,35826,240,0
2026-07-10 08:00:00+00:00,4108.888,4112.716,4094.268,4102.451,30991,240,0
2026-07-10 12:00:00+00:00,4102.456,4117.611,4072.871,4112.877,77160,240,0
2026-07-10 16:00:00+00:00,4112.933,4115.509,4097.691,4108.274,28440,240,0
2026-07-10 20:00:00+00:00,4108.212,4121.108,4108.148,4119.766,4724,240,0
2026-07-12 20:00:00+00:00,4098.561,4099.253,4068.377,4084.311,18554,240,0
2026-07-13 00:00:00+00:00,4084.359,4091.176,4052.979,4060.356,75886,240,0
2026-07-13 04:00:00+00:00,4060.242,4073.172,4043.707,4064.528,52545,240,0
2026-07-13 08:00:00+00:00,4064.639,4080.842,4046.462,4056.473,46156,240,0
2026-07-13 12:00:00+00:00,4056.507,4067.702,4000.23,4016.105,97198,240,0
2026-07-13 16:00:00+00:00,4016.048,4018.099,3986.411,4001.808,56919,240,0
2026-07-13 20:00:00+00:00,4001.858,4006.29,3992.724,4000.913,16470,240,0
2026-07-14 00:00:00+00:00,4000.97,4019.154,3983.307,4016.796,71741,240,0
2026-07-14 04:00:00+00:00,4016.85,4034.196,4013.455,4020.825,38328,240,0
2026-07-14 08:00:00+00:00,4020.939,4031.987,4013.625,4031.031,39895,240,0
2026-07-14 12:00:00+00:00,4030.963,4103.23,4023.047,4066.391,122832,160,0
2026-07-14 16:00:00+00:00,4066.449,4067.193,4042.673,4055.864,44209,240,0
2026-07-14 20:00:00+00:00,4055.758,4056.468,4046.554,4053.123,13329,240,0
2026-07-15 00:00:00+00:00,4052.928,4062.03,4027.823,4031.185,48616,240,0
2026-07-15 04:00:00+00:00,4031.32,4036.595,4019.593,4024.547,40223,240,0
2026-07-15 08:00:00+00:00,4024.346,4040.415,4017.191,4038.389,36802,240,0
2026-07-15 12:00:00+00:00,4038.259,4074.262,4035.835,4046.92,74534,240,0
2026-07-15 16:00:00+00:00,4046.871,4081.502,4026.683,4056.931,58542,240,0
2026-07-15 20:00:00+00:00,4056.759,4065.921,4055.013,4057.9,13637,240,0
2026-07-16 00:00:00+00:00,4057.724,4061.388,4024.08,4036.093,49243,240,0
2026-07-16 04:00:00+00:00,4036.075,4038.019,4022.802,4030.518,40750,240,0
2026-07-16 08:00:00+00:00,4030.396,4042.447,4021.084,4038.504,36976,240,0
2026-07-16 12:00:00+00:00,4038.559,4043.418,3973.708,4006.885,107191,240,0
2026-07-16 16:00:00+00:00,4006.961,4007.811,3969.111,3979.863,52184,240,0
2026-07-16 20:00:00+00:00,3979.814,3986.41,3971.746,3985.782,14325,240,0
2026-07-17 00:00:00+00:00,3985.83,4008.899,3970.41,3991.236,63221,240,0
2026-07-17 04:00:00+00:00,3991.38,4007.234,3975.118,3992.803,53876,240,0
2026-07-17 08:00:00+00:00,3992.755,4002.532,3987.666,3993.888,41780,240,0
2026-07-17 12:00:00+00:00,3994.086,4021.235,3959.425,4018.877,104523,240,0
2026-07-17 16:00:00+00:00,4018.925,4023.846,4002.144,4015.384,41013,240,0
2026-07-17 20:00:00+00:00,4015.255,4018.748,4008.617,4017.752,5351,240,0
2026-07-19 20:00:00+00:00,4000.132,4002.918,3989.212,3995.422,14112,240,0
2026-07-20 00:00:00+00:00,3995.33,4028.865,3982.626,4024.205,70843,240,0
2026-07-20 04:00:00+00:00,4024.155,4026.733,4001.91,4017.415,42450,240,0
2026-07-20 08:00:00+00:00,4017.079,4040.696,4014.674,4025.3,44775,240,0
2026-07-20 12:00:00+00:00,4025.235,4025.307,3998.109,4011.869,68403,240,0
2026-07-20 16:00:00+00:00,4011.819,4018.486,4001.34,4006.958,36307,240,0
2026-07-20 20:00:00+00:00,4007.025,4010.756,3999.852,4009.702,16393,240,0
2026-07-21 00:00:00+00:00,4009.812,4051.545,4003.725,4046.793,58463,240,0
2026-07-21 04:00:00+00:00,4046.906,4084.27,4043.559,4071.362,38744,240,0
2026-07-21 08:00:00+00:00,4071.292,4072.674,4054.285,4056.103,33416,240,0
2026-07-21 12:00:00+00:00,4055.903,4083.538,4044.496,4074.259,63997,240,0
2026-07-21 16:00:00+00:00,4074.187,4087.492,4066.659,4084.516,27110,240,0
2026-07-21 20:00:00+00:00,4084.467,4086.344,4076.6,4080.762,12349,240,0
2026-07-22 00:00:00+00:00,4080.711,4141.681,4076.793,4130.926,58412,240,0
2026-07-22 04:00:00+00:00,4130.873,4135.218,4109.253,4110.524,40147,240,0
2026-07-22 08:00:00+00:00,4110.479,4123.122,4110.479,4122.429,34359,240,0
2026-07-22 12:00:00+00:00,4122.452,4166.087,4106.217,4159.384,65675,240,0
2026-07-22 16:00:00+00:00,4159.181,4159.56,4128.937,4131.685,32977,240,0
2026-07-22 20:00:00+00:00,4131.577,4137.792,4115.769,4133.267,23558,240,0
2026-07-23 00:00:00+00:00,4133.319,4141.033,4112.189,4124.706,54553,240,0
2026-07-23 04:00:00+00:00,4124.686,4130.602,4089.938,4095.526,44295,240,0
2026-07-23 08:00:00+00:00,4095.477,4099.424,4072.706,4085.749,46359,240,0
2026-07-23 12:00:00+00:00,4085.697,4086.08,4040.026,4048.534,96528,240,0
2026-07-23 16:00:00+00:00,4048.65,4054.635,4040.504,4049.891,35124,240,0
2026-07-23 20:00:00+00:00,4049.956,4051.215,4046.505,4046.996,11167,240,0
2026-07-24 00:00:00+00:00,4047.043,4050.828,4022.985,4029.371,44104,240,0
2026-07-24 04:00:00+00:00,4029.311,4053.697,4021.844,4048.392,36937,240,0
2026-07-24 08:00:00+00:00,4048.339,4063.95,4045.112,4057.666,28797,240,0
2026-07-24 12:00:00+00:00,4057.637,4082.013,4044.518,4077.462,64797,240,0
2026-07-24 16:00:00+00:00,4077.404,4078.188,4049.084,4053.523,31644,240,0
2026-07-24 20:00:00+00:00,4053.687,4056.141,4051.68,4052.932,4177,240,0
2026-07-26 20:00:00+00:00,4091.771,4096.553,4083.583,4094.171,10979,240,0
2026-07-27 00:00:00+00:00,4094.295,4116.193,4085.203,4090.842,55305,240,0
2026-07-27 04:00:00+00:00,4090.894,4106.041,4084.304,4088.908,35876,240,0
2026-07-27 08:00:00+00:00,4088.963,4104.158,4086.293,4093.86,35321,240,0
2026-07-27 12:00:00+00:00,4094.04,4097.768,4065.168,4078.608,74774,240,0
2026-07-27 16:00:00+00:00,4078.513,4093.918,4070.62,4083.208,38344,240,0
2026-07-27 20:00:00+00:00,4083.258,4084.094,4069.855,4073.195,11794,240,0
2026-07-28 00:00:00+00:00,4073.146,4074.288,4040.193,4049.236,51340,240,0
2026-07-28 04:00:00+00:00,4049.189,4052.374,4034.763,4047.404,35542,240,0
2026-07-28 08:00:00+00:00,4047.473,4055.264,4016.777,4028.003,48417,240,0
2026-07-28 12:00:00+00:00,4027.906,4047.157,4011.292,4045.973,74748,240,0
2026-07-28 16:00:00+00:00,4046.281,4046.658,4021.583,4026.526,31694,240,0
2026-07-28 20:00:00+00:00,4026.217,4030.506,4013.864,4025.098,16484,240,0
2026-07-29 00:00:00+00:00,4024.898,4037.961,4009.998,4023.687,57557,240,0
2026-07-29 04:00:00+00:00,4023.703,4047.814,4020.499,4043.882,36306,240,0
2026-07-29 08:00:00+00:00,4043.832,4044.457,4024.826,4032.616,28367,240,0
2026-07-29 12:00:00+00:00,4032.665,4033.541,3995.784,4009.906,71718,240,0
2026-07-29 16:00:00+00:00,4009.736,4116.461,4007.483,4044.773,150716,240,0
2026-07-29 20:00:00+00:00,4044.721,4100.332,4042.467,4084.502,37414,240,0
2026-07-30 00:00:00+00:00,4084.807,4092.98,4050.672,4058.764,76864,240,0
2026-07-30 04:00:00+00:00,4059.019,4060.307,4028.299,4038.908,61757,240,0
2026-07-30 08:00:00+00:00,4038.635,4083.063,4036.592,4077.621,60656,240,0
2026-07-30 12:00:00+00:00,4077.481,4120.412,4064.935,4107.999,127925,240,0
2026-07-30 16:00:00+00:00,4107.945,4119.338,4098.456,4112.162,38475,240,0
2026-07-30 20:00:00+00:00,4112.217,4117.495,4098.982,4105.645,17529,240,0
2026-07-31 00:00:00+00:00,4105.694,4107.216,4071.821,4075.036,42101,240,0
2026-07-31 04:00:00+00:00,4075.041,4087.532,4067.245,4067.782,32587,240,0
2026-07-31 08:00:00+00:00,4067.747,4067.814,4050.008,4053.731,37842,240,0
2026-07-31 12:00:00+00:00,4053.727,4059.501,4020.875,4045.566,76750,240,0
2026-07-31 16:00:00+00:00,4045.512,4055.681,4041.008,4051.051,34347,240,0
2026-07-31 20:00:00+00:00,4050.941,4053.062,4043.015,4043.812,11806,240,0
2026-08-02 20:00:00+00:00,4073.04,4079.393,4063.069,4074.778,13980,240,0
2026-08-03 00:00:00+00:00,4074.839,4079.04,4047.273,4064.884,60336,240,0
2026-08-03 04:00:00+00:00,4064.962,4071.965,4052.088,4060.835,41947,240,0
2026-08-03 08:00:00+00:00,4061.151,4063.108,4045.26,4062.616,37938,240,0
2026-08-03 12:00:00+00:00,4062.412,4064.718,4018.965,4036.104,64907,240,0
2026-08-03 16:00:00+00:00,4036.161,4055.836,4029.475,4052.12,26702,240,0
2026-08-03 20:00:00+00:00,4052.182,4058.237,4049.213,4053.762,11881,240,0
2026-08-04 00:00:00+00:00,4053.703,4069.413,4042.403,4052.572,42057,240,0
2026-08-04 04:00:00+00:00,4052.599,4067.823,4051.053,4065.33,30725,240,0
2026-08-04 08:00:00+00:00,4065.377,4084.329,4045.436,4074.914,45176,240,0
2026-08-04 12:00:00+00:00,4074.978,4093.765,4060.834,4087.423,79637,240,0
2026-08-04 16:00:00+00:00,4087.492,4106.419,4075.046,4078.372,35126,240,0
2026-08-04 20:00:00+00:00,4078.678,4085.779,4065.367,4072.308,15869,240,0
2026-08-05 00:00:00+00:00,4072.356,4136.564,4070.301,4128.383,52354,240,0
2026-08-05 04:00:00+00:00,4128.39,4179.626,4128.287,4170.626,56412,240,0
2026-08-05 08:00:00+00:00,4170.574,4192.679,4150.249,4188.955,47595,240,0
2026-08-05 12:00:00+00:00,4189.012,4265.316,4183.198,4232.923,99486,240,0
2026-08-05 16:00:00+00:00,4232.974,4267.858,4224.626,4246.882,43964,240,0
2026-08-05 20:00:00+00:00,4246.792,4281.988,4242.893,4278.055,15649,240,0
2026-08-06 00:00:00+00:00,4278.111,4304.283,4260.074,4265.508,76418,240,0
2026-08-06 04:00:00+00:00,4265.674,4268.694,4246.99,4262.569,37797,240,0
2026-08-06 08:00:00+00:00,4262.622,4284.755,4253.942,4263.132,36591,240,0
2026-08-06 12:00:00+00:00,4263.074,4275.367,4228.929,4233.828,85736,240,0
2026-08-06 16:00:00+00:00,4233.886,4251.344,4223.147,4248.79,48056,240,0
2026-08-06 20:00:00+00:00,4248.882,4253.243,4234.547,4252.14,14165,240,0
2026-08-07 00:00:00+00:00,4252.394,4266.372,4229.509,4265.983,54899,240,0
2026-08-07 04:00:00+00:00,4265.919,4298.817,4260.705,4289.992,52017,240,0
2026-08-07 08:00:00+00:00,4290.047,4327.848,4288.868,4321.276,48278,240,0
2026-08-07 12:00:00+00:00,4321.291,4371.87,4300.837,4341.025,126286,240,0
2026-08-07 16:00:00+00:00,4341.162,4350.317,4327.747,4344.025,49328,240,0
2026-08-07 20:00:00+00:00,4344.087,4345.323,4335.875,4342.202,6204,260,0
2026-08-09 20:00:00+00:00,4347.782,4349.153,4331.891,4332.663,12453,240,0
2026-08-10 00:00:00+00:00,4332.6,4347.164,4313.179,4326.402,64799,240,0
2026-08-10 04:00:00+00:00,4326.703,4362.158,4322.922,4355.551,43741,240,0
2026-08-10 08:00:00+00:00,4355.496,4356.539,4328.754,4335.181,33774,240,0
2026-08-10 12:00:00+00:00,4334.905,4359.651,4316.533,4358.246,65286,240,0
2026-08-10 16:00:00+00:00,4358.305,4395.317,4349.017,4388.398,42117,240,0
2026-08-10 20:00:00+00:00,4388.302,4402.589,4385.576,4402.264,13167,240,0
2026-08-11 00:00:00+00:00,4402.212,4435.264,4393.485,4416.935,60032,260,0
2026-08-11 04:00:00+00:00,4416.941,4420.242,4356.622,4357.847,62223,260,0
2026-08-11 08:00:00+00:00,4357.781,4392.977,4356.914,4387.807,41043,260,0
2026-08-11 12:00:00+00:00,4387.555,4404.244,4368.93,4383.644,69413,260,0
2026-08-11 16:00:00+00:00,4383.762,4385.761,4360.106,4370.717,34663,240,0
2026-08-11 20:00:00+00:00,4370.773,4378.286,4362.384,4371.373,14393,240,0
2026-08-12 00:00:00+00:00,4371.477,4416.335,4366.357,4402.143,41334,240,0
2026-08-12 04:00:00+00:00,4402.416,4410.133,4384.036,4406.184,33409,260,0
2026-08-12 08:00:00+00:00,4406.038,4424.258,4401.57,4412.672,32948,260,0
2026-08-12 12:00:00+00:00,4412.551,4441.371,4381.832,4420.789,105657,260,0
2026-08-12 16:00:00+00:00,4420.848,4426.584,4396.135,4413.654,40537,260,0
2026-08-12 20:00:00+00:00,4413.72,4414.588,4398.143,4414.262,11628,240,0
2026-08-13 00:00:00+00:00,4414.327,4449.781,4398.5,4400.215,64995,260,0
2026-08-13 04:00:00+00:00,4400.126,4407.354,4368.813,4370.014,51333,260,0
2026-08-13 08:00:00+00:00,4370.014,4396.683,4363.967,4387.509,32071,260,0
2026-08-13 12:00:00+00:00,4387.573,4402.164,4357.195,4365.226,88472,260,0
2026-08-13 16:00:00+00:00,4365.013,4373.316,4343.521,4349.864,40635,240,0
2026-08-13 20:00:00+00:00,4349.919,4364.233,4346.737,4356.612,15748,240,0
2026-08-14 00:00:00+00:00,4356.547,4362.198,4310.771,4323.32,66043,240,0
2026-08-14 04:00:00+00:00,4323.612,4345.317,4310.885,4343.451,37340,240,0
2026-08-14 08:00:00+00:00,4343.504,4369.482,4341.761,4368.99,29719,240,0
2026-08-14 12:00:00+00:00,4369.111,4397.008,4365.489,4391.65,60862,260,0
2026-08-14 16:00:00+00:00,4391.737,4396.816,4370.829,4376.005,26505,240,0
2026-08-14 20:00:00+00:00,4376.084,4377.05,4371.293,4375.883,4053,260,0
2026-08-16 20:00:00+00:00,4379.402,4386.862,4367.051,4370.359,11415,240,0
2026-08-17 00:00:00+00:00,4370.434,4416.584,4368.089,4396.851,50536,240,0
2026-08-17 04:00:00+00:00,4396.912,4411.395,4386.781,4405.067,38436,260,0
2026-08-17 08:00:00+00:00,4404.95,4405.99,4391.793,4396.906,31480,260,0
2026-08-17 12:00:00+00:00,4396.774,4427.868,4377.258,4427.36,60723,260,0
2026-08-17 16:00:00+00:00,4427.42,4428.793,4397.942,4419.916,34775,260,0
2026-08-17 20:00:00+00:00,4419.644,4426.006,4409.742,4425.733,11217,260,0
2026-08-18 00:00:00+00:00,4425.739,4436.308,4390.691,4391.959,48888,260,0
2026-08-18 04:00:00+00:00,4391.907,4403.622,4385.935,4395.737,31139,260,0
2026-08-18 08:00:00+00:00,4395.566,4399.63,4386.715,4395.757,29038,260,0
2026-08-18 12:00:00+00:00,4395.835,4407.042,4351.426,4364.64,87374,260,0
2026-08-18 16:00:00+00:00,4365.038,4371.727,4338.249,4345.368,39015,240,0
2026-08-18 20:00:00+00:00,4345.428,4346.539,4327.099,4332.857,17358,240,0
2026-08-19 00:00:00+00:00,4332.962,4361.965,4324.477,4355.025,57580,240,0
2026-08-19 04:00:00+00:00,4355.015,4363.075,4335.076,4354.929,40310,240,0
2026-08-19 08:00:00+00:00,4354.916,4374.144,4351.009,4364.797,31507,240,0
2026-08-19 12:00:00+00:00,4364.743,4498.839,4361.883,4493.656,132850,260,0
2026-08-19 16:00:00+00:00,4493.715,4512.25,4471.845,4510.963,51057,260,0
2026-08-19 20:00:00+00:00,4511.154,4527.584,4505.279,4511.841,18751,260,0
2026-08-20 00:00:00+00:00,4511.898,4521.084,4484.412,4498.98,62633,260,0
2026-08-20 04:00:00+00:00,4499.036,4499.297,4477.747,4490.746,37045,260,0
2026-08-20 08:00:00+00:00,4490.735,4498.745,4465.284,4467.081,40283,260,0
2026-08-20 12:00:00+00:00,4467.154,4540.868,4450.39,4521.719,111387,260,0
2026-08-20 16:00:00+00:00,4521.775,4532.103,4502.619,4528.587,49776,260,0
2026-08-20 20:00:00+00:00,4528.734,4532.901,4516.712,4526.459,14677,260,0
2026-08-21 00:00:00+00:00,4526.34,4543.936,4508.614,4535.228,54183,260,0
2026-08-21 04:00:00+00:00,4535.348,4568.229,4529.256,4564.151,42852,260,0
2026-08-21 08:00:00+00:00,4564.21,4604.535,4559.026,4597.174,43915,260,0
2026-08-21 12:00:00+00:00,4597.178,4615.392,4563.321,4614.386,76251,260,0
2026-08-21 16:00:00+00:00,4614.449,4632.13,4608.966,4617.013,43200,260,0
2026-08-21 20:00:00+00:00,4617.158,4617.743,4602.445,4604.044,7617,260,0
2026-08-23 20:00:00+00:00,4615.655,4624.617,4604.572,4623.935,14347,260,0
2026-08-24 00:00:00+00:00,4624.231,4656.934,4594.194,4641.459,93142,260,0
2026-08-24 04:00:00+00:00,4641.578,4660.027,4629.426,4641.679,62911,260,0
2026-08-24 08:00:00+00:00,4641.738,4670.332,4628.655,4657.815,55704,260,0
2026-08-24 12:00:00+00:00,4657.912,4680.897,4639.725,4649.032,120024,260,0
2026-08-24 16:00:00+00:00,4649.204,4662.369,4624.771,4651.786,107441,260,0
2026-08-24 20:00:00+00:00,4651.71,4682.94,4647.032,4679.762,19160,260,0
2026-08-25 00:00:00+00:00,4679.802,4697.107,4617.73,4633.837,152912,260,0
2026-08-25 04:00:00+00:00,4633.465,4653.537,4623.592,4630.19,84489,260,0
2026-08-25 08:00:00+00:00,4630.178,4647.536,4620.004,4642.515,77195,260,0
2026-08-25 12:00:00+00:00,4642.668,4659.666,4605.205,4652.786,140976,260,0
2026-08-25 16:00:00+00:00,4652.574,4668.242,4634.074,4666.728,55998,260,0
2026-08-25 20:00:00+00:00,4667.059,4673.624,4653.197,4654.696,15270,260,0
2026-08-26 00:00:00+00:00,4654.911,4670.634,4629.301,4642.51,54450,260,0
2026-08-26 04:00:00+00:00,4642.509,4649.536,4624.609,4628.744,37056,260,0
2026-08-26 08:00:00+00:00,4628.749,4630.918,4613.139,4624.481,32225,260,0
2026-08-26 12:00:00+00:00,4624.688,4633.566,4582.916,4596.151,93887,260,0
2026-08-26 16:00:00+00:00,4596.214,4604.699,4585.457,4594.203,38541,260,0
2026-08-26 20:00:00+00:00,4594.173,4624.949,4583.814,4623.513,17384,260,0
2026-08-27 00:00:00+00:00,4623.466,4643.01,4600.38,4625.338,51049,260,0
2026-08-27 04:00:00+00:00,4625.402,4627.38,4593.475,4600.297,40855,260,0
2026-08-27 08:00:00+00:00,4600.369,4606.924,4568.849,4598.125,38231,260,0
2026-08-27 12:00:00+00:00,4598.179,4611.411,4564.912,4610.262,74902,260,0
2026-08-27 16:00:00+00:00,4610.386,4618.159,4600.654,4609.079,35147,260,0
2026-08-27 20:00:00+00:00,4609.018,4611.541,4594.194,4594.556,12624,260,0
2026-08-28 00:00:00+00:00,4594.612,4602.583,4574.925,4580.059,46043,260,0
2026-08-28 04:00:00+00:00,4579.757,4614.419,4571.35,4611.601,39520,260,0
2026-08-28 08:00:00+00:00,4611.532,4614.683,4591.172,4593.461,31592,260,0
2026-08-28 12:00:00+00:00,4593.339,4632.24,4523.759,4524.629,174406,260,0
2026-08-28 16:00:00+00:00,4524.503,4529.359,4445.288,4458.431,131766,260,0
2026-08-28 20:00:00+00:00,4458.341,4462.692,4452.972,4456.134,7826,260,0
2026-08-30 20:00:00+00:00,4439.04,4466.891,4435.62,4458.24,17173,260,0
2026-08-31 00:00:00+00:00,4458.301,4472.423,4396.394,4422.55,92052,260,0
2026-08-31 04:00:00+00:00,4422.584,4448.36,4412.815,4443.123,47191,260,0
2026-08-31 08:00:00+00:00,4443.046,4464.062,4433.657,4455.212,31933,260,0
2026-08-31 12:00:00+00:00,4455.402,4461.059,4415.475,4426.216,83495,260,0
2026-08-31 16:00:00+00:00,4426.072,4453.729,4423.554,4453.603,37328,260,0
2026-08-31 20:00:00+00:00,4453.429,4455.903,4441.69,4452.137,12898,260,0
2026-09-01 00:00:00+00:00,4452.45,4461.478,4427.669,4436.765,52660,260,0
2026-09-01 04:00:00+00:00,4436.519,4446.024,4412.048,4420.29,43785,260,0
2026-09-01 08:00:00+00:00,4420.114,4420.114,4364.135,4374.506,73418,260,0
2026-09-01 12:00:00+00:00,4374.451,4376.154,4326.019,4373.031,103348,260,0
2026-09-01 16:00:00+00:00,4373.097,4374.913,4322.672,4326.748,56043,240,0
2026-09-01 20:00:00+00:00,4326.675,4335.853,4322.753,4324.558,14972,240,0
2026-09-02 00:00:00+00:00,4324.688,4334.57,4282.298,4303.151,87439,240,0
2026-09-02 04:00:00+00:00,4303.127,4331.391,4301.27,4323.071,53907,240,0
2026-09-02 08:00:00+00:00,4323.181,4333.007,4301.796,4332.125,46901,240,0
2026-09-02 12:00:00+00:00,4332.228,4397.711,4327.169,4372.95,91438,240,0
2026-09-02 16:00:00+00:00,4372.895,4391.339,4364.305,4391.156,36084,240,0
2026-09-02 20:00:00+00:00,4391.102,4393.285,4381.12,4385.397,12813,240,0
2026-09-03 00:00:00+00:00,4385.81,4432.565,4382.419,4431.26,51579,260,0
2026-09-03 04:00:00+00:00,4431.205,4440.37,4418.604,4428.596,46679,260,0
2026-09-03 08:00:00+00:00,4428.571,4445.681,4418.844,4444.004,44602,260,0
2026-09-03 12:00:00+00:00,4443.926,4510.953,4437.748,4493.114,102642,260,0
2026-09-03 16:00:00+00:00,4493.445,4495.416,4472.551,4475.306,37027,260,0
2026-09-03 20:00:00+00:00,4475.096,4480.366,4470.376,4479.843,13187,260,0
2026-09-04 00:00:00+00:00,4480.115,4487.532,4466.846,4467.11,43355,260,0
2026-09-04 04:00:00+00:00,4466.786,4490.851,4460.006,4483.478,36992,260,0
2026-09-04 08:00:00+00:00,4483.536,4486.547,4463.78,4466.818,32491,260,0
2026-09-04 12:00:00+00:00,4466.807,4476.728,4365.386,4436.693,144917,260,0
2026-09-04 16:00:00+00:00,4436.778,4443.432,4411.789,4434.625,40841,260,0
2026-09-04 20:00:00+00:00,4434.57,4435.286,4428.488,4430.155,3757,260,0
2026-09-06 20:00:00+00:00,4421.983,4434.99,4417.61,4423.098,9826,260,0
2026-09-07 00:00:00+00:00,4423.16,4429.727,4389.434,4403.895,57055,260,0
2026-09-07 04:00:00+00:00,4403.95,4413.278,4385.23,4406.379,41346,260,0
2026-09-07 08:00:00+00:00,4406.238,4424.024,4381.042,4385.418,35899,260,0
2026-09-07 12:00:00+00:00,4385.487,4419.694,4385.195,4414.25,32371,260,0
2026-09-07 16:00:00+00:00,4414.618,4417.377,4402.924,4405.138,8271,260,0
2026-09-07 20:00:00+00:00,4412.384,4428.111,4406.111,4422.827,10320,260,0
2026-09-08 00:00:00+00:00,4423.056,4440.842,4414.88,4437.541,62038,260,0
2026-09-08 04:00:00+00:00,4437.87,4443.097,4389.975,4392.205,50881,260,0
2026-09-08 08:00:00+00:00,4392.448,4407.943,4387.737,4406.397,43141,260,0
2026-09-08 12:00:00+00:00,4406.281,4413.124,4385.152,4394.717,77885,260,0
2026-09-08 16:00:00+00:00,4394.892,4403.783,4356.587,4359.555,54745,260,0
2026-09-08 20:00:00+00:00,4359.499,4364.326,4345.122,4350.031,16945,240,0
2026-09-09 00:00:00+00:00,4349.791,4384.277,4340.916,4375.153,48716,240,0
2026-09-09 04:00:00+00:00,4375.096,4412.771,4370.63,4409.212,33169,260,0
2026-09-09 08:00:00+00:00,4409.276,4415.395,4386.017,4407.205,33081,260,0
2026-09-09 12:00:00+00:00,4407.15,4434.213,4375.056,4398.231,104972,260,0
2026-09-09 16:00:00+00:00,4398.723,4421.532,4391.373,4398.907,43407,260,0
2026-09-09 20:00:00+00:00,4398.853,4406.264,4393.076,4394.034,13942,240,0
2026-09-10 00:00:00+00:00,4393.941,4421.096,4389.597,4409.263,52500,260,0
2026-09-10 04:00:00+00:00,4408.984,4435.004,4403.967,4411.852,42883,260,0
2026-09-10 08:00:00+00:00,4411.794,4412.911,4373.979,4374.341,53275,260,0
2026-09-10 12:00:00+00:00,4374.41,4377.965,4323.976,4365.991,142410,260,0
2026-09-10 16:00:00+00:00,4366.056,4369.899,4313.577,4324.224,64435,240,0
2026-09-10 20:00:00+00:00,4324.386,4324.664,4311.082,4315.292,17197,240,0
2026-09-11 00:00:00+00:00,4315.164,4340.582,4300.524,4304.146,69819,240,0
2026-09-11 04:00:00+00:00,4304.023,4361.13,4301.884,4344.669,57248,260,0
2026-09-11 08:00:00+00:00,4345.06,4357.678,4329.9,4333.255,47645,240,0
2026-09-11 12:00:00+00:00,4333.198,4402.57,4291.694,4366.912,140745,260,0
2026-09-11 16:00:00+00:00,4366.86,4372.933,4342.523,4348.466,52114,240,0
2026-09-11 20:00:00+00:00,4348.37,4351.397,4345.409,4349.302,4789,260,0
2026-09-13 20:00:00+00:00,4339.582,4342.489,4328.283,4332.941,11312,240,0
2026-09-14 00:00:00+00:00,4332.802,4355.429,4326.161,4330.603,67431,260,0
2026-09-14 04:00:00+00:00,4330.48,4338.756,4307.789,4310.737,47730,240,0
2026-09-14 08:00:00+00:00,4310.792,4318.164,4277.899,4287.12,53483,240,0
2026-09-14 12:00:00+00:00,4287.08,4298.315,4253.421,4288.273,103248,240,0
2026-09-14 16:00:00+00:00,4288.391,4317.948,4282.912,4283.289,45529,240,0
2026-09-14 20:00:00+00:00,4283.344,4300.831,4282.167,4288.286,16757,240,0
2026-09-15 00:00:00+00:00,4288.232,4317.388,4283.027,4303.647,43252,240,0
2026-09-15 04:00:00+00:00,4303.593,4309.716,4275.99,4280.361,40832,240,0
2026-09-15 08:00:00+00:00,4280.385,4286.874,4261.13,4284.448,44126,240,0
2026-09-15 12:00:00+00:00,4284.392,4300.615,4271.309,4289.416,74590,240,0
2026-09-15 16:00:00+00:00,4289.475,4310.761,4285.451,4297.507,36999,240,0
2026-09-15 20:00:00+00:00,4297.588,4299.11,4281.098,4283.306,14207,240,0
2026-09-16 00:00:00+00:00,4283.373,4341.24,4275.354,4326.983,48552,240,0
2026-09-16 04:00:00+00:00,4327.04,4339.27,4320.419,4329.163,35740,240,0
2026-09-16 08:00:00+00:00,4329.217,4353.625,4322.843,4341.817,41436,240,0
2026-09-16 12:00:00+00:00,4341.74,4348.127,4337.709,4339.511,5640,260,0
