time,open,high,low,close,tick_volume,spread,real_volume
2024-09-26 13:00:00+00:00,1.3372,1.33761,1.33504,1.33656,6858,10,0
2024-09-26 14:00:00+00:00,1.33657,1.33994,1.33507,1.33941,7307,10,0
2024-09-26 15:00:00+00:00,1.3394,1.34341,1.33904,1.34279,4951,10,0
2024-09-26 16:00:00+00:00,1.34277,1.34277,1.34045,1.34094,4378,10,0
2024-09-26 17:00:00+00:00,1.34091,1.3421,1.34081,1.34176,3523,10,0
2024-09-26 18:00:00+00:00,1.3418,1.34245,1.3409499999999999,1.34188,2810,10,0
2024-09-26 19:00:00+00:00,1.34189,1.34252,1.34107,1.34143,2227,10,0
2024-09-26 20:00:00+00:00,1.34143,1.34155,1.341,1.34142,2582,10,0
2024-09-26 21:00:00+00:00,1.3414,1.34142,1.34053,1.34105,986,16,0
2024-09-26 22:00:00+00:00,1.3413300000000001,1.34147,1.34108,1.34121,502,10,0
2024-09-26 23:00:00+00:00,1.34122,1.34124,1.3406,1.34104,682,10,0
2024-09-27 00:00:00+00:00,1.34103,1.34105,1.3397000000000001,1.33982,1960,10,0
2024-09-27 01:00:00+00:00,1.33982,1.34015,1.3385500000000001,1.3389199999999999,2385,10,0
2024-09-27 02:00:00+00:00,1.3389199999999999,1.33945,1.33845,1.3393,1768,10,0
2024-09-27 03:00:00+00:00,1.3393,1.33978,1.33913,1.33925,1343,10,0
2024-09-27 04:00:00+00:00,1.33925,1.33932,1.33796,1.33849,1522,10,0
2024-09-27 05:00:00+00:00,1.3385099999999999,1.3389,1.33747,1.33822,2513,10,0
2024-09-27 06:00:00+00:00,1.3382100000000001,1.33964,1.33777,1.33888,5075,10,0
2024-09-27 07:00:00+00:00,1.33886,1.33897,1.33602,1.33667,4945,10,0
2024-09-27 08:00:00+00:00,1.3367,1.33766,1.33593,1.33735,3435,10,0
2024-09-27 09:00:00+00:00,1.3373599999999999,1.33856,1.3369900000000001,1.33823,2573,10,0
2024-09-27 10:00:00+00:00,1.33826,1.33972,1.33782,1.3388,2733,10,0
2024-09-27 11:00:00+00:00,1.33878,1.33956,1.33856,1.33877,2746,10,0
2024-09-27 12:00:00+00:00,1.33876,1.3426,1.3379699999999999,1.3424,5126,8,0
2024-09-27 13:00:00+00:00,1.34237,1.34271,1.33975,1.34044,5541,10,0
2024-09-27 14:00:00+00:00,1.34037,1.3422100000000001,1.33959,1.3407,5525,10,0
2024-09-27 15:00:00+00:00,1.3407200000000001,1.34089,1.339,1.33933,4452,10,0
2024-09-27 16:00:00+00:00,1.33933,1.33959,1.33796,1.3383099999999999,3981,10,0
2024-09-27 17:00:00+00:00,1.3383099999999999,1.33879,1.33753,1.33812,3299,10,0
2024-09-27 18:00:00+00:00,1.33811,1.3386,1.33721,1.33859,2675,10,0
2024-09-27 19:00:00+00:00,1.33861,1.33861,1.33747,1.33762,2644,10,0
2024-09-27 20:00:00+00:00,1.33758,1.33768,1.33687,1.33721,2570,10,0
2024-09-29 21:00:00+00:00,1.33678,1.33734,1.33652,1.33723,433,47,0
2024-09-29 22:00:00+00:00,1.33739,1.33834,1.33712,1.3379699999999999,933,10,0
2024-09-29 23:00:00+00:00,1.33799,1.33836,1.33784,1.3382,806,10,0
2024-09-30 00:00:00+00:00,1.3382,1.33844,1.33789,1.33822,1868,10,0
2024-09-30 01:00:00+00:00,1.3382399999999999,1.33891,1.33758,1.33805,2372,10,0
2024-09-30 02:00:00+00:00,1.338,1.33815,1.33731,1.33803,1923,10,0
2024-09-30 03:00:00+00:00,1.33805,1.33838,1.33771,1.33837,1507,10,0
2024-09-30 04:00:00+00:00,1.33837,1.33888,1.33837,1.33881,1141,10,0
2024-09-30 05:00:00+00:00,1.33883,1.33962,1.33874,1.33891,2059,10,0
2024-09-30 06:00:00+00:00,1.33895,1.3392,1.33791,1.33842,2815,10,0
2024-09-30 07:00:00+00:00,1.33839,1.33987,1.33738,1.33981,3753,10,0
2024-09-30 08:00:00+00:00,1.33981,1.34225,1.33905,1.34178,4094,10,0
2024-09-30 09:00:00+00:00,1.34174,1.34175,1.33935,1.3394,3440,10,0
2024-09-30 10:00:00+00:00,1.33938,1.34063,1.33854,1.34061,2757,10,0
2024-09-30 11:00:00+00:00,1.34063,1.34168,1.33997,1.34022,2623,10,0
2024-09-30 12:00:00+00:00,1.3402,1.34055,1.3381,1.33859,3274,10,0
2024-09-30 13:00:00+00:00,1.33863,1.33962,1.33762,1.33838,4893,10,0
2024-09-30 14:00:00+00:00,1.33836,1.34152,1.33598,1.34121,6636,10,0
2024-09-30 15:00:00+00:00,1.34118,1.34165,1.33866,1.33969,4898,10,0
2024-09-30 16:00:00+00:00,1.33969,1.34073,1.33901,1.3401,3735,10,0
2024-09-30 17:00:00+00:00,1.34013,1.34077,1.33955,1.33961,2677,10,0
2024-09-30 18:00:00+00:00,1.33956,1.3397700000000001,1.33496,1.33743,7531,10,0
2024-09-30 19:00:00+00:00,1.33748,1.33769,1.33551,1.33707,3241,10,0
2024-09-30 20:00:00+00:00,1.33709,1.33764,1.3366799999999999,1.33732,1852,10,0
2024-09-30 21:00:00+00:00,1.33718,1.33739,1.33662,1.33713,727,16,0
2024-09-30 22:00:00+00:00,1.33737,1.33801,1.33701,1.3379699999999999,684,10,0
2024-09-30 23:00:00+00:00,1.3379699999999999,1.3382100000000001,1.33735,1.33768,842,10,0
2024-10-01 00:00:00+00:00,1.3377,1.33784,1.33686,1.33744,2590,10,0
2024-10-01 01:00:00+00:00,1.33745,1.33893,1.33719,1.33884,2181,10,0
2024-10-01 02:00:00+00:00,1.33884,1.33887,1.33779,1.33792,1736,10,0
2024-10-01 03:00:00+00:00,1.33793,1.33812,1.33701,1.3370199999999999,1741,10,0
2024-10-01 04:00:00+00:00,1.3370199999999999,1.33803,1.33678,1.33801,1659,10,0
2024-10-01 05:00:00+00:00,1.33802,1.33847,1.33709,1.3372600000000001,1997,10,0
2024-10-01 06:00:00+00:00,1.33723,1.33846,1.33619,1.33673,3099,10,0
2024-10-01 07:00:00+00:00,1.33669,1.33769,1.33339,1.33382,6154,10,0
2024-10-01 08:00:00+00:00,1.33384,1.33488,1.33253,1.3332,4472,10,0
2024-10-01 09:00:00+00:00,1.33318,1.33386,1.33219,1.33249,3423,10,0
2024-10-01 10:00:00+00:00,1.33252,1.33262,1.33104,1.33232,3070,10,0
2024-10-01 11:00:00+00:00,1.33232,1.3332,1.33109,1.33199,3678,10,0
2024-10-01 12:00:00+00:00,1.33199,1.33278,1.33159,1.33181,4024,10,0
2024-10-01 13:00:00+00:00,1.3317700000000001,1.33274,1.32919,1.33048,7531,8,0
2024-10-01 14:00:00+00:00,1.3305,1.33218,1.3285,1.32885,10364,8,0
2024-10-01 15:00:00+00:00,1.32884,1.3290199999999999,1.32632,1.32789,5625,10,0
2024-10-01 16:00:00+00:00,1.3278699999999999,1.32824,1.32449,1.3254299999999999,4899,10,0
2024-10-01 17:00:00+00:00,1.32542,1.32681,1.32367,1.3268,5103,10,0
2024-10-01 18:00:00+00:00,1.32682,1.32858,1.3268,1.32837,4046,10,0
2024-10-01 19:00:00+00:00,1.32839,1.3289900000000001,1.32771,1.32802,3095,10,0
2024-10-01 20:00:00+00:00,1.32806,1.32864,1.3277700000000001,1.32821,2934,10,0
2024-10-01 21:00:00+00:00,1.3281800000000001,1.32847,1.32789,1.32789,663,19,0
2024-10-01 22:00:00+00:00,1.3283800000000001,1.32853,1.32781,1.3278400000000001,601,10,0
2024-10-01 23:00:00+00:00,1.32785,1.32797,1.32715,1.32734,786,10,0
2024-10-02 00:00:00+00:00,1.32738,1.32852,1.32737,1.32764,1823,10,0
2024-10-02 01:00:00+00:00,1.32766,1.32954,1.32766,1.32922,2117,10,0
2024-10-02 02:00:00+00:00,1.32923,1.32955,1.32805,1.32837,1565,10,0
2024-10-02 03:00:00+00:00,1.32837,1.3287499999999999,1.32805,1.32852,1706,10,0
2024-10-02 04:00:00+00:00,1.32853,1.32908,1.32672,1.3269199999999999,1850,10,0
2024-10-02 05:00:00+00:00,1.3269199999999999,1.32747,1.32598,1.32718,2893,10,0
2024-10-02 06:00:00+00:00,1.32717,1.3287,1.32672,1.32827,3248,10,0
2024-10-02 07:00:00+00:00,1.32829,1.33003,1.32828,1.32873,3955,10,0
2024-10-02 08:00:00+00:00,1.3287,1.3305,1.32832,1.3296700000000001,2950,10,0
2024-10-02 09:00:00+00:00,1.32968,1.32974,1.3282,1.3292,2740,10,0
2024-10-02 10:00:00+00:00,1.3292,1.32957,1.32764,1.32769,3160,10,0
2024-10-02 11:00:00+00:00,1.3277,1.3295,1.32745,1.32928,2633,10,0
2024-10-02 12:00:00+00:00,1.32931,1.32958,1.3272599999999999,1.32727,3862,8,0
2024-10-02 13:00:00+00:00,1.3273,1.32831,1.32527,1.32638,4189,10,0
2024-10-02 14:00:00+00:00,1.32634,1.32742,1.3248199999999999,1.32498,5249,10,0
2024-10-02 15:00:00+00:00,1.3250199999999999,1.32732,1.3245,1.32698,3815,10,0
2024-10-02 16:00:00+00:00,1.327,1.3277999999999999,1.32664,1.32709,2931,10,0
2024-10-02 17:00:00+00:00,1.3271,1.3275000000000001,1.32633,1.32701,2588,10,0
2024-10-02 18:00:00+00:00,1.32699,1.32724,1.3259400000000001,1.32608,2350,10,0
2024-10-02 19:00:00+00:00,1.32608,1.3273,1.32579,1.32707,2097,10,0
2024-10-02 20:00:00+00:00,1.32705,1.32725,1.32641,1.32652,1605,10,0
2024-10-02 21:00:00+00:00,1.32646,1.32681,1.32589,1.32598,958,26,0
2024-10-02 22:00:00+00:00,1.3268,1.32768,1.3264,1.32646,802,10,0
2024-10-02 23:00:00+00:00,1.32647,1.3268,1.32611,1.32622,937,10,0
2024-10-03 00:00:00+00:00,1.3262,1.32649,1.32531,1.32613,2315,10,0
2024-10-03 01:00:00+00:00,1.3261,1.32629,1.32503,1.3256700000000001,2702,10,0
2024-10-03 02:00:00+00:00,1.32568,1.32579,1.32497,1.32519,1878,10,0
2024-10-03 03:00:00+00:00,1.32518,1.3254000000000001,1.32457,1.32501,1572,10,0
2024-10-03 04:00:00+00:00,1.3250199999999999,1.3252,1.32427,1.32434,1572,10,0
2024-10-03 05:00:00+00:00,1.32434,1.3246,1.31681,1.3183099999999999,6436,10,0
2024-10-03 06:00:00+00:00,1.3182800000000001,1.3193,1.31651,1.31697,4871,10,0
2024-10-03 07:00:00+00:00,1.31692,1.31759,1.3148,1.31542,5638,10,0
2024-10-03 08:00:00+00:00,1.31544,1.3155700000000001,1.31048,1.31159,5475,10,0
2024-10-03 09:00:00+00:00,1.31159,1.31284,1.31093,1.31159,4030,10,0
2024-10-03 10:00:00+00:00,1.31158,1.31211,1.3106900000000001,1.31174,3248,10,0
2024-10-03 11:00:00+00:00,1.31173,1.31182,1.30921,1.31125,3667,10,0
2024-10-03 12:00:00+00:00,1.3112300000000001,1.31223,1.30959,1.31132,5853,8,0
2024-10-03 13:00:00+00:00,1.3113000000000001,1.31263,1.31071,1.31152,5300,8,0
2024-10-03 14:00:00+00:00,1.31138,1.31188,1.30914,1.3107,10144,10,0
2024-10-03 15:00:00+00:00,1.3107,1.31216,1.31027,1.31113,5089,10,0
2024-10-03 16:00:00+00:00,1.31113,1.31311,1.311,1.31246,3332,10,0
2024-10-03 17:00:00+00:00,1.3124799999999999,1.31315,1.3121399999999999,1.31231,2844,10,0
2024-10-03 18:00:00+00:00,1.31235,1.31254,1.31125,1.3113299999999999,2334,10,0
2024-10-03 19:00:00+00:00,1.31132,1.3124799999999999,1.31117,1.31208,1948,10,0
2024-10-03 20:00:00+00:00,1.31206,1.31259,1.3119399999999999,1.31222,1633,10,0
2024-10-03 21:00:00+00:00,1.31209,1.31223,1.3118,1.31183,894,22,0
2024-10-03 22:00:00+00:00,1.31259,1.31293,1.31219,1.31268,653,10,0
2024-10-03 23:00:00+00:00,1.31269,1.31315,1.31254,1.3128,665,10,0
2024-10-04 00:00:00+00:00,1.3127900000000001,1.31335,1.31264,1.3130600000000001,1844,10,0
2024-10-04 01:00:00+00:00,1.31307,1.31321,1.31229,1.31292,2346,10,0
2024-10-04 02:00:00+00:00,1.31295,1.31352,1.3127900000000001,1.31294,1988,10,0
2024-10-04 03:00:00+00:00,1.31296,1.3130600000000001,1.31229,1.31278,1681,10,0
2024-10-04 04:00:00+00:00,1.31278,1.31323,1.3123,1.31271,1440,10,0
2024-10-04 05:00:00+00:00,1.3127,1.3140800000000001,1.31261,1.31372,2038,10,0
2024-10-04 06:00:00+00:00,1.31373,1.31554,1.31297,1.3148,3084,10,0
2024-10-04 07:00:00+00:00,1.31478,1.3167,1.31397,1.31581,4894,10,0
2024-10-04 08:00:00+00:00,1.31583,1.31654,1.31448,1.3155999999999999,4095,10,0
2024-10-04 09:00:00+00:00,1.31561,1.31697,1.31442,1.31661,2986,10,0
2024-10-04 10:00:00+00:00,1.31659,1.31738,1.31635,1.31644,2609,10,0
2024-10-04 11:00:00+00:00,1.31643,1.31727,1.31636,1.31691,2574,10,0
2024-10-04 12:00:00+00:00,1.31691,1.31745,1.30748,1.30785,8802,8,0
2024-10-04 13:00:00+00:00,1.30782,1.31025,1.30694,1.30987,8486,10,0
2024-10-04 14:00:00+00:00,1.30992,1.3119100000000001,1.30989,1.31124,6107,10,0
2024-10-04 15:00:00+00:00,1.31122,1.31152,1.3093,1.31056,4767,10,0
2024-10-04 16:00:00+00:00,1.31056,1.31169,1.30952,1.31147,3457,10,0
2024-10-04 17:00:00+00:00,1.31144,1.31281,1.3114,1.31213,2841,10,0
2024-10-04 18:00:00+00:00,1.31215,1.31243,1.31139,1.3121800000000001,2272,10,0
2024-10-04 19:00:00+00:00,1.3121800000000001,1.31283,1.31185,1.31261,2430,10,0
2024-10-04 20:00:00+00:00,1.31263,1.31292,1.31171,1.31251,3467,10,0
2024-10-06 21:00:00+00:00,1.31013,1.31134,1.31007,1.31051,1056,127,0
2024-10-06 22:00:00+00:00,1.31139,1.31198,1.3109199999999999,1.3117,1176,11,0
2024-10-06 23:00:00+00:00,1.31175,1.31246,1.3115700000000001,1.3122500000000001,1144,10,0
2024-10-07 00:00:00+00:00,1.3122500000000001,1.31278,1.31181,1.31219,2281,10,0
2024-10-07 01:00:00+00:00,1.3121800000000001,1.31344,1.3121800000000001,1.31258,2762,10,0
2024-10-07 02:00:00+00:00,1.3126,1.31312,1.31244,1.31257,2246,10,0
2024-10-07 03:00:00+00:00,1.3125499999999999,1.31299,1.31235,1.31288,1607,10,0
2024-10-07 04:00:00+00:00,1.31292,1.31307,1.31161,1.31163,1085,10,0
2024-10-07 05:00:00+00:00,1.31162,1.31182,1.31039,1.31077,1595,10,0
2024-10-07 06:00:00+00:00,1.31076,1.31223,1.31042,1.31142,3705,10,0
2024-10-07 07:00:00+00:00,1.31143,1.31199,1.3099,1.31116,4827,10,0
2024-10-07 08:00:00+00:00,1.31119,1.31164,1.30856,1.30885,3818,10,0
2024-10-07 09:00:00+00:00,1.3088199999999999,1.3088199999999999,1.30655,1.30709,3659,10,0
2024-10-07 10:00:00+00:00,1.30711,1.30769,1.30621,1.3064,3620,10,0
2024-10-07 11:00:00+00:00,1.30641,1.30894,1.3059,1.30815,3284,10,0
2024-10-07 12:00:00+00:00,1.3081800000000001,1.30892,1.30659,1.3078,3771,10,0
2024-10-07 13:00:00+00:00,1.30779,1.30937,1.30711,1.3072300000000001,5045,10,0
2024-10-07 14:00:00+00:00,1.30722,1.3085200000000001,1.30676,1.3078,4955,10,0
2024-10-07 15:00:00+00:00,1.30776,1.30868,1.3074,1.3079399999999999,3611,10,0
2024-10-07 16:00:00+00:00,1.3079100000000001,1.30919,1.3076699999999999,1.30891,2365,10,0
2024-10-07 17:00:00+00:00,1.3088899999999999,1.30962,1.30864,1.30881,1937,10,0
2024-10-07 18:00:00+00:00,1.30881,1.30884,1.30704,1.30708,2166,10,0
2024-10-07 19:00:00+00:00,1.30712,1.30836,1.30685,1.3082,2563,10,0
2024-10-07 20:00:00+00:00,1.30822,1.3084799999999999,1.308,1.30815,1473,10,0
2024-10-07 21:00:00+00:00,1.30806,1.3082099999999999,1.30779,1.30797,863,25,0
2024-10-07 22:00:00+00:00,1.30829,1.30864,1.30804,1.30857,902,10,0
2024-10-07 23:00:00+00:00,1.30856,1.3087900000000001,1.30824,1.30838,951,10,0
2024-10-08 00:00:00+00:00,1.30837,1.30998,1.30837,1.30996,2034,10,0
2024-10-08 01:00:00+00:00,1.30996,1.31032,1.30946,1.30979,2329,10,0
2024-10-08 02:00:00+00:00,1.30978,1.30991,1.30843,1.30912,3171,10,0
2024-10-08 03:00:00+00:00,1.30911,1.30987,1.30899,1.30923,2424,10,0
2024-10-08 04:00:00+00:00,1.30924,1.3094999999999999,1.30896,1.30897,1244,10,0
2024-10-08 05:00:00+00:00,1.30897,1.30961,1.30868,1.30902,2447,10,0
2024-10-08 06:00:00+00:00,1.30902,1.30948,1.30738,1.30753,3107,10,0
2024-10-08 07:00:00+00:00,1.30756,1.31029,1.30634,1.3101099999999999,4689,10,0
2024-10-08 08:00:00+00:00,1.31014,1.3104,1.30857,1.30989,3382,10,0
2024-10-08 09:00:00+00:00,1.30991,1.31012,1.30895,1.3094299999999999,2828,10,0
2024-10-08 10:00:00+00:00,1.30941,1.3106900000000001,1.30907,1.3100100000000001,2671,10,0
2024-10-08 11:00:00+00:00,1.31,1.3106200000000001,1.30911,1.31048,2814,10,0
2024-10-08 12:00:00+00:00,1.31048,1.31131,1.30939,1.31002,3306,10,0
2024-10-08 13:00:00+00:00,1.31005,1.31119,1.30992,1.31034,4369,10,0
2024-10-08 14:00:00+00:00,1.31033,1.31056,1.30875,1.30924,3982,10,0
2024-10-08 15:00:00+00:00,1.30926,1.30984,1.30805,1.3092,3154,10,0
2024-10-08 16:00:00+00:00,1.30918,1.30957,1.30843,1.3088,2551,10,0
2024-10-08 17:00:00+00:00,1.30878,1.30904,1.30755,1.30898,2682,10,0
2024-10-08 18:00:00+00:00,1.309,1.30933,1.30865,1.30905,2177,10,0
2024-10-08 19:00:00+00:00,1.30905,1.3100399999999999,1.30869,1.30993,1944,10,0
2024-10-08 20:00:00+00:00,1.30995,1.31051,1.30971,1.31014,2554,10,0
2024-10-08 21:00:00+00:00,1.3101099999999999,1.31032,1.30978,1.31018,758,22,0
2024-10-08 22:00:00+00:00,1.31043,1.31047,1.30996,1.3103799999999999,503,10,0
2024-10-08 23:00:00+00:00,1.3103799999999999,1.3104,1.30927,1.30929,653,10,0
2024-10-09 00:00:00+00:00,1.30927,1.3102800000000001,1.3092,1.30998,1218,10,0
2024-10-09 01:00:00+00:00,1.30996,1.31018,1.30921,1.30964,2765,10,0
2024-10-09 02:00:00+00:00,1.30963,1.30991,1.30884,1.30898,2224,10,0
2024-10-09 03:00:00+00:00,1.30895,1.3090600000000001,1.3082500000000001,1.30849,2078,10,0
2024-10-09 04:00:00+00:00,1.30849,1.30877,1.30809,1.30837,1289,10,0
2024-10-09 05:00:00+00:00,1.30838,1.31014,1.30838,1.30926,4467,10,0
2024-10-09 06:00:00+00:00,1.30931,1.30957,1.30724,1.30734,3410,10,0
2024-10-09 07:00:00+00:00,1.3073299999999999,1.30826,1.30552,1.30824,4086,10,0
2024-10-09 08:00:00+00:00,1.30822,1.30894,1.30675,1.30772,3154,10,0
2024-10-09 09:00:00+00:00,1.30775,1.30888,1.3075700000000001,1.30867,2833,10,0
2024-10-09 10:00:00+00:00,1.30864,1.30949,1.3084500000000001,1.30915,2476,10,0
2024-10-09 11:00:00+00:00,1.30914,1.30953,1.30809,1.30838,2331,10,0
2024-10-09 12:00:00+00:00,1.30841,1.30888,1.3078,1.30824,2748,10,0
2024-10-09 13:00:00+00:00,1.30824,1.3084,1.30704,1.3075,3318,10,0
2024-10-09 14:00:00+00:00,1.30747,1.3082,1.3065,1.30736,3965,10,0
2024-10-09 15:00:00+00:00,1.30736,1.30883,1.3072300000000001,1.3078400000000001,3424,10,0
2024-10-09 16:00:00+00:00,1.30781,1.30781,1.30652,1.30681,2464,10,0
2024-10-09 17:00:00+00:00,1.30681,1.3070599999999999,1.30617,1.30663,2163,10,0
2024-10-09 18:00:00+00:00,1.3066499999999999,1.3075700000000001,1.3064,1.30648,2450,10,0
2024-10-09 19:00:00+00:00,1.30649,1.30719,1.30636,1.30639,1865,10,0
2024-10-09 20:00:00+00:00,1.3064,1.30749,1.30593,1.30679,1408,10,0
2024-10-09 21:00:00+00:00,1.30682,1.3069,1.30651,1.30655,993,35,0
2024-10-09 22:00:00+00:00,1.30702,1.30713,1.30621,1.30636,798,10,0
2024-10-09 23:00:00+00:00,1.3063799999999999,1.3070599999999999,1.30628,1.3066200000000001,803,10,0
2024-10-10 00:00:00+00:00,1.30663,1.30721,1.3064200000000001,1.30684,1696,10,0
2024-10-10 01:00:00+00:00,1.30685,1.30766,1.30668,1.3072300000000001,2129,10,0
2024-10-10 02:00:00+00:00,1.30722,1.30775,1.3066900000000001,1.30712,2255,10,0
2024-10-10 03:00:00+00:00,1.30713,1.30772,1.30705,1.30754,1388,10,0
2024-10-10 04:00:00+00:00,1.30753,1.30776,1.3071,1.30715,1072,10,0
2024-10-10 05:00:00+00:00,1.30715,1.30761,1.30676,1.30718,1815,10,0
2024-10-10 06:00:00+00:00,1.30717,1.30813,1.30674,1.30776,2640,10,0
2024-10-10 07:00:00+00:00,1.30773,1.30887,1.30724,1.30829,3079,10,0
2024-10-10 08:00:00+00:00,1.30832,1.30834,1.30673,1.30737,2889,10,0
2024-10-10 09:00:00+00:00,1.30739,1.30783,1.30674,1.3076400000000001,2268,10,0
2024-10-10 10:00:00+00:00,1.30762,1.3091599999999999,1.30704,1.30914,2238,10,0
2024-10-10 11:00:00+00:00,1.30911,1.30934,1.30659,1.30663,3234,10,0
2024-10-10 12:00:00+00:00,1.30666,1.30891,1.30217,1.30753,9831,8,0
2024-10-10 13:00:00+00:00,1.30758,1.30846,1.30399,1.30576,7566,10,0
2024-10-10 14:00:00+00:00,1.30578,1.30643,1.3025,1.30485,6978,10,0
2024-10-10 15:00:00+00:00,1.30484,1.30545,1.3039399999999999,1.30517,3994,10,0
2024-10-10 16:00:00+00:00,1.30521,1.30591,1.3031,1.3035,3858,10,0
2024-10-10 17:00:00+00:00,1.30353,1.30523,1.30215,1.30464,3970,10,0
2024-10-10 18:00:00+00:00,1.30465,1.30518,1.30441,1.30465,2381,10,0
2024-10-10 19:00:00+00:00,1.30464,1.30576,1.30432,1.30548,2245,10,0
2024-10-10 20:00:00+00:00,1.30553,1.3064,1.3054700000000001,1.3057699999999999,1386,10,0
2024-10-10 21:00:00+00:00,1.30575,1.30584,1.30521,1.30521,1000,25,0
2024-10-10 22:00:00+00:00,1.3058100000000001,1.30595,1.3054299999999999,1.30564,683,10,0
2024-10-10 23:00:00+00:00,1.30564,1.3061099999999999,1.3054999999999999,1.3061,567,10,0
2024-10-11 00:00:00+00:00,1.30609,1.30636,1.30572,1.30633,1510,10,0
2024-10-11 01:00:00+00:00,1.30637,1.3066200000000001,1.3054700000000001,1.30579,1393,10,0
2024-10-11 02:00:00+00:00,1.3058,1.30629,1.30552,1.30614,1436,10,0
2024-10-11 03:00:00+00:00,1.30614,1.30626,1.3051300000000001,1.30545,1372,10,0
2024-10-11 04:00:00+00:00,1.30544,1.30549,1.3047900000000001,1.30493,1101,10,0
2024-10-11 05:00:00+00:00,1.30493,1.3052000000000001,1.30456,1.30508,1341,10,0
2024-10-11 06:00:00+00:00,1.30505,1.30551,1.30411,1.30507,2535,10,0
2024-10-11 07:00:00+00:00,1.30505,1.30746,1.30463,1.30742,3085,10,0
2024-10-11 08:00:00+00:00,1.30743,1.3081,1.30663,1.30728,2642,10,0
2024-10-11 09:00:00+00:00,1.30728,1.30765,1.30681,1.307,2075,10,0
2024-10-11 10:00:00+00:00,1.3069899999999999,1.30705,1.30571,1.3061099999999999,1928,10,0
2024-10-11 11:00:00+00:00,1.3061099999999999,1.30657,1.30511,1.30605,2318,10,0
2024-10-11 12:00:00+00:00,1.30607,1.30813,1.30544,1.30644,4330,8,0
2024-10-11 13:00:00+00:00,1.30644,1.30762,1.30563,1.3071,4034,8,0
2024-10-11 14:00:00+00:00,1.30715,1.30799,1.3066,1.30731,4670,10,0
2024-10-11 15:00:00+00:00,1.30736,1.30829,1.30682,1.3069,3007,10,0
2024-10-11 16:00:00+00:00,1.30688,1.30749,1.30655,1.30719,2303,10,0
2024-10-11 17:00:00+00:00,1.30721,1.30777,1.30682,1.3075999999999999,1736,10,0
2024-10-11 18:00:00+00:00,1.30758,1.30778,1.30705,1.3072,1471,10,0
2024-10-11 19:00:00+00:00,1.30718,1.30727,1.30637,1.30646,958,10,0
2024-10-11 20:00:00+00:00,1.30641,1.30714,1.30622,1.30679,2652,10,0
2024-10-13 21:00:00+00:00,1.30575,1.30621,1.30508,1.3061099999999999,790,68,0
2024-10-13 22:00:00+00:00,1.30658,1.30658,1.3048,1.3051300000000001,845,40,0
2024-10-13 23:00:00+00:00,1.30524,1.3054299999999999,1.30461,1.3048,810,10,0
2024-10-14 00:00:00+00:00,1.3048,1.30529,1.30398,1.30505,1609,10,0
2024-10-14 01:00:00+00:00,1.30506,1.3054000000000001,1.30439,1.30497,2699,10,0
2024-10-14 02:00:00+00:00,1.30495,1.30541,1.3042,1.30525,2299,10,0
2024-10-14 03:00:00+00:00,1.30525,1.30622,1.3051300000000001,1.30588,1411,10,0
2024-10-14 04:00:00+00:00,1.30587,1.30602,1.30567,1.30588,682,10,0
2024-10-14 05:00:00+00:00,1.30588,1.30641,1.30556,1.30636,1569,10,0
2024-10-14 06:00:00+00:00,1.30637,1.30715,1.30632,1.30641,2311,10,0
2024-10-14 07:00:00+00:00,1.30644,1.30694,1.3056,1.30613,2993,10,0
2024-10-14 08:00:00+00:00,1.30613,1.30677,1.30572,1.3066,2768,10,0
2024-10-14 09:00:00+00:00,1.3066,1.30675,1.3051599999999999,1.30536,2082,10,0
2024-10-14 10:00:00+00:00,1.30535,1.30614,1.30432,1.30569,2505,10,0
2024-10-14 11:00:00+00:00,1.30568,1.30623,1.30368,1.30383,3218,10,0
2024-10-14 12:00:00+00:00,1.30381,1.30468,1.30304,1.30336,3002,10,0
2024-10-14 13:00:00+00:00,1.30334,1.3058100000000001,1.30294,1.30495,4422,10,0
2024-10-14 14:00:00+00:00,1.30497,1.30579,1.30417,1.30565,4140,10,0
2024-10-14 15:00:00+00:00,1.30566,1.30597,1.30478,1.3049,2668,10,0
2024-10-14 16:00:00+00:00,1.30488,1.30534,1.3042799999999999,1.30512,1883,10,0
2024-10-14 17:00:00+00:00,1.30511,1.30583,1.30492,1.30565,1491,10,0
2024-10-14 18:00:00+00:00,1.30562,1.30591,1.3048600000000001,1.3050899999999999,1565,10,0
2024-10-14 19:00:00+00:00,1.3050899999999999,1.30609,1.30414,1.3054700000000001,2746,10,0
2024-10-14 20:00:00+00:00,1.30545,1.3061,1.30535,1.30571,1406,10,0
2024-10-14 21:00:00+00:00,1.30576,1.30593,1.30551,1.30553,696,22,0
2024-10-14 22:00:00+00:00,1.30582,1.30667,1.30567,1.30634,577,10,0
2024-10-14 23:00:00+00:00,1.3063500000000001,1.3067199999999999,1.3060399999999999,1.3066499999999999,876,10,0
2024-10-15 00:00:00+00:00,1.3066499999999999,1.3067,1.3060800000000001,1.30651,1605,10,0
2024-10-15 01:00:00+00:00,1.3065,1.30684,1.3062,1.30645,1522,10,0
2024-10-15 02:00:00+00:00,1.30646,1.3068,1.306,1.30644,1749,10,0
2024-10-15 03:00:00+00:00,1.30644,1.3066900000000001,1.30534,1.3054000000000001,1593,10,0
2024-10-15 04:00:00+00:00,1.3054000000000001,1.3054000000000001,1.30472,1.30498,1416,10,0
2024-10-15 05:00:00+00:00,1.30497,1.30497,1.30393,1.30451,2134,10,0
2024-10-15 06:00:00+00:00,1.3045499999999999,1.3056,1.30351,1.30488,3823,10,0
2024-10-15 07:00:00+00:00,1.30487,1.30736,1.30436,1.30728,3619,10,0
2024-10-15 08:00:00+00:00,1.30728,1.30864,1.3066900000000001,1.3075999999999999,2881,10,0
2024-10-15 09:00:00+00:00,1.30762,1.30824,1.30681,1.3082,2402,10,0
2024-10-15 10:00:00+00:00,1.3082099999999999,1.30964,1.30797,1.30817,2484,10,0
2024-10-15 11:00:00+00:00,1.30813,1.30938,1.3075,1.30756,2695,10,0
2024-10-15 12:00:00+00:00,1.30761,1.30892,1.30735,1.30877,3763,8,0
2024-10-15 13:00:00+00:00,1.30877,1.31023,1.30857,1.30893,3695,10,0
2024-10-15 14:00:00+00:00,1.30891,1.30981,1.30763,1.30925,4303,10,0
2024-10-15 15:00:00+00:00,1.30924,1.30971,1.30811,1.30817,3412,10,0
2024-10-15 16:00:00+00:00,1.3081800000000001,1.3084799999999999,1.30681,1.30695,2130,10,0
2024-10-15 17:00:00+00:00,1.3069600000000001,1.30718,1.30636,1.30645,728,10,0
2024-10-15 18:00:00+00:00,1.30673,1.30697,1.3063799999999999,1.3068,579,10,0
2024-10-15 19:00:00+00:00,1.30676,1.3072599999999999,1.30656,1.3067199999999999,1911,10,0
2024-10-15 20:00:00+00:00,1.30667,1.30755,1.30625,1.30722,1609,10,0
2024-10-15 21:00:00+00:00,1.30719,1.3072599999999999,1.30644,1.30692,1056,42,0
2024-10-15 22:00:00+00:00,1.3072300000000001,1.3073000000000001,1.30654,1.30685,898,10,0
2024-10-15 23:00:00+00:00,1.30685,1.30716,1.3063,1.30645,961,10,0
2024-10-16 00:00:00+00:00,1.30645,1.3068,1.30594,1.30644,1713,10,0
2024-10-16 01:00:00+00:00,1.30644,1.30732,1.30633,1.30731,1984,10,0
2024-10-16 02:00:00+00:00,1.3073000000000001,1.30749,1.30685,1.3073299999999999,1535,10,0
2024-10-16 03:00:00+00:00,1.30732,1.30769,1.307,1.30705,1441,10,0
2024-10-16 04:00:00+00:00,1.30704,1.30742,1.30692,1.30735,945,10,0
2024-10-16 05:00:00+00:00,1.30735,1.3076400000000001,1.30682,1.30734,1571,10,0
2024-10-16 06:00:00+00:00,1.30729,1.30755,1.29859,1.29892,7332,10,0
2024-10-16 07:00:00+00:00,1.29891,1.30091,1.29818,1.30005,4466,10,0
2024-10-16 08:00:00+00:00,1.30005,1.3005499999999999,1.2991,1.30031,3576,10,0
2024-10-16 09:00:00+00:00,1.3003,1.30199,1.30002,1.30158,3266,10,0
2024-10-16 10:00:00+00:00,1.3016,1.30268,1.3012000000000001,1.3014999999999999,2660,10,0
2024-10-16 11:00:00+00:00,1.30148,1.3032,1.30115,1.30304,2485,10,0
2024-10-16 12:00:00+00:00,1.3030599999999999,1.30372,1.30135,1.3014700000000001,3037,8,0
2024-10-16 13:00:00+00:00,1.3014700000000001,1.30309,1.30098,1.30248,3240,10,0
2024-10-16 14:00:00+00:00,1.30248,1.30259,1.3002,1.3008899999999999,3425,10,0
2024-10-16 15:00:00+00:00,1.30091,1.30101,1.29953,1.29989,2763,10,0
2024-10-16 16:00:00+00:00,1.2999,1.30044,1.29946,1.30036,1781,10,0
2024-10-16 17:00:00+00:00,1.30037,1.30053,1.29919,1.29954,1742,10,0
2024-10-16 18:00:00+00:00,1.29952,1.29972,1.29833,1.29839,1904,10,0
2024-10-16 19:00:00+00:00,1.2983799999999999,1.29841,1.29764,1.29816,1710,10,0
2024-10-16 20:00:00+00:00,1.29817,1.29909,1.29809,1.29873,1345,10,0
2024-10-16 21:00:00+00:00,1.29875,1.2989600000000001,1.29851,1.29862,914,22,0
2024-10-16 22:00:00+00:00,1.299,1.2991,1.29859,1.2988,627,10,0
2024-10-16 23:00:00+00:00,1.2988,1.2991,1.29851,1.29909,751,10,0
2024-10-17 00:00:00+00:00,1.29907,1.29968,1.29866,1.29873,2045,10,0
2024-10-17 01:00:00+00:00,1.2986900000000001,1.29963,1.29857,1.29953,2269,10,0
2024-10-17 02:00:00+00:00,1.2995700000000001,1.3001,1.29864,1.29925,2408,10,0
2024-10-17 03:00:00+00:00,1.29925,1.29939,1.29802,1.29861,1900,10,0
2024-10-17 04:00:00+00:00,1.29863,1.29879,1.29802,1.2983500000000001,1552,10,0
2024-10-17 05:00:00+00:00,1.29832,1.2988,1.29821,1.29864,1832,10,0
2024-10-17 06:00:00+00:00,1.29862,1.29926,1.29806,1.29816,2530,10,0
2024-10-17 07:00:00+00:00,1.29816,1.2990599999999999,1.29731,1.29837,3277,10,0
2024-10-17 08:00:00+00:00,1.29836,1.29958,1.29746,1.29775,2848,10,0
2024-10-17 09:00:00+00:00,1.29776,1.2993999999999999,1.2975400000000001,1.29928,2468,10,0
2024-10-17 10:00:00+00:00,1.2993000000000001,1.30102,1.29919,1.30069,2681,10,0
2024-10-17 11:00:00+00:00,1.30069,1.3017,1.30068,1.3014999999999999,2238,10,0
2024-10-17 12:00:00+00:00,1.30151,1.30228,1.29884,1.3007900000000001,5880,8,0
2024-10-17 13:00:00+00:00,1.3008,1.30099,1.29793,1.29968,6669,10,0
2024-10-17 14:00:00+00:00,1.2997,1.30039,1.2986900000000001,1.29974,5890,10,0
2024-10-17 15:00:00+00:00,1.29971,1.3018399999999999,1.29922,1.30071,3970,10,0
2024-10-17 16:00:00+00:00,1.30072,1.3011599999999999,1.29983,1.30097,2844,10,0
2024-10-17 17:00:00+00:00,1.30099,1.30149,1.30048,1.30103,1860,10,0
2024-10-17 18:00:00+00:00,1.30102,1.3011300000000001,1.30042,1.30078,2150,10,0
2024-10-17 19:00:00+00:00,1.30076,1.30138,1.3006199999999999,1.30124,1827,10,0
2024-10-17 20:00:00+00:00,1.30124,1.30139,1.30084,1.30093,1240,10,0
2024-10-17 21:00:00+00:00,1.30094,1.30103,1.30058,1.30058,843,29,0
2024-10-17 22:00:00+00:00,1.30124,1.30158,1.30107,1.30125,593,10,0
2024-10-17 23:00:00+00:00,1.30127,1.30164,1.30075,1.3014000000000001,582,10,0
2024-10-18 00:00:00+00:00,1.30141,1.30191,1.30104,1.30134,2074,10,0
2024-10-18 01:00:00+00:00,1.30134,1.30212,1.30133,1.30161,2160,10,0
2024-10-18 02:00:00+00:00,1.30163,1.30261,1.30153,1.30222,2184,10,0
2024-10-18 03:00:00+00:00,1.30218,1.30239,1.30175,1.30205,1665,10,0
2024-10-18 04:00:00+00:00,1.30203,1.30231,1.30191,1.3021,1273,10,0
2024-10-18 05:00:00+00:00,1.3021,1.30301,1.30192,1.30255,1959,10,0
2024-10-18 06:00:00+00:00,1.30246,1.3070599999999999,1.30234,1.30602,4296,10,0
2024-10-18 07:00:00+00:00,1.30602,1.30645,1.30518,1.30518,2989,10,0
2024-10-18 08:00:00+00:00,1.3052000000000001,1.30531,1.3034,1.30409,3028,10,0
2024-10-18 09:00:00+00:00,1.30409,1.30491,1.30338,1.30345,3161,10,0
2024-10-18 10:00:00+00:00,1.30347,1.30491,1.30341,1.30462,2700,10,0
2024-10-18 11:00:00+00:00,1.30458,1.3048899999999999,1.30405,1.3044799999999999,2513,10,0
2024-10-18 12:00:00+00:00,1.3045,1.30545,1.30415,1.30488,2921,8,0
2024-10-18 13:00:00+00:00,1.30483,1.30663,1.30429,1.30491,3623,10,0
2024-10-18 14:00:00+00:00,1.3049,1.30538,1.30321,1.3035999999999999,3796,10,0
2024-10-18 15:00:00+00:00,1.3035700000000001,1.30416,1.30194,1.3021099999999999,2981,10,0
2024-10-18 16:00:00+00:00,1.3021099999999999,1.30442,1.30196,1.30433,2126,10,0
2024-10-18 17:00:00+00:00,1.30435,1.30445,1.30375,1.3043,1742,10,0
2024-10-18 18:00:00+00:00,1.30427,1.3045499999999999,1.30381,1.30451,2040,10,0
2024-10-18 19:00:00+00:00,1.30451,1.30451,1.30404,1.30422,2306,10,0
2024-10-18 20:00:00+00:00,1.3042,1.30512,1.30409,1.30511,1742,10,0
2024-10-20 21:00:00+00:00,1.30377,1.30435,1.3030300000000001,1.30434,922,60,0
2024-10-20 22:00:00+00:00,1.30446,1.30555,1.30446,1.30521,811,11,0
2024-10-20 23:00:00+00:00,1.30526,1.3054999999999999,1.3047,1.30512,895,10,0
2024-10-21 00:00:00+00:00,1.30514,1.30531,1.30426,1.30429,2135,10,0
2024-10-21 01:00:00+00:00,1.30429,1.30526,1.3041800000000001,1.30465,2295,10,0
2024-10-21 02:00:00+00:00,1.30462,1.30524,1.3044799999999999,1.30498,1879,10,0
2024-10-21 03:00:00+00:00,1.30494,1.30524,1.30485,1.30498,1394,10,0
2024-10-21 04:00:00+00:00,1.30497,1.30498,1.30381,1.30402,1324,10,0
2024-10-21 05:00:00+00:00,1.30405,1.30444,1.30386,1.3042,1941,10,0
2024-10-21 06:00:00+00:00,1.3041800000000001,1.3041800000000001,1.30254,1.30281,2328,10,0
2024-10-21 07:00:00+00:00,1.30279,1.30322,1.30193,1.30217,2696,10,0
2024-10-21 08:00:00+00:00,1.30216,1.30273,1.30115,1.30261,2407,10,0
2024-10-21 09:00:00+00:00,1.30261,1.3033299999999999,1.30173,1.30186,2347,10,0
2024-10-21 10:00:00+00:00,1.30183,1.30234,1.30126,1.30215,2354,10,0
2024-10-21 11:00:00+00:00,1.30218,1.30288,1.30183,1.30187,2113,10,0
2024-10-21 12:00:00+00:00,1.30185,1.30331,1.30168,1.30289,2923,10,0
2024-10-21 13:00:00+00:00,1.30287,1.30315,1.3018100000000001,1.30229,3297,10,0
2024-10-21 14:00:00+00:00,1.30232,1.30232,1.29965,1.30011,3395,10,0
2024-10-21 15:00:00+00:00,1.3001,1.3001,1.29792,1.29794,3112,10,0
2024-10-21 16:00:00+00:00,1.29792,1.29871,1.2978,1.29863,2065,10,0
2024-10-21 17:00:00+00:00,1.29862,1.2991,1.29839,1.2987199999999999,1782,10,0
2024-10-21 18:00:00+00:00,1.2986900000000001,1.29885,1.29764,1.29785,1933,10,0
2024-10-21 19:00:00+00:00,1.29786,1.29839,1.29765,1.29837,1600,10,0
2024-10-21 20:00:00+00:00,1.29836,1.29853,1.29807,1.29831,1352,10,0
2024-10-21 21:00:00+00:00,1.29833,1.29849,1.29779,1.29779,946,23,0
2024-10-21 22:00:00+00:00,1.29855,1.29855,1.2981,1.2981500000000001,525,10,0
2024-10-21 23:00:00+00:00,1.29812,1.2983799999999999,1.29799,1.29822,635,10,0
2024-10-22 00:00:00+00:00,1.29823,1.29873,1.29793,1.29805,1740,10,0
2024-10-22 01:00:00+00:00,1.29804,1.29913,1.29797,1.29895,2097,10,0
2024-10-22 02:00:00+00:00,1.29895,1.29927,1.29851,1.29863,1890,10,0
2024-10-22 03:00:00+00:00,1.29862,1.2995,1.29858,1.29946,1557,10,0
2024-10-22 04:00:00+00:00,1.29947,1.29996,1.2993000000000001,1.2999100000000001,1241,10,0
2024-10-22 05:00:00+00:00,1.2999,1.30058,1.29965,1.29965,1731,10,0
2024-10-22 06:00:00+00:00,1.29965,1.30144,1.29944,1.30069,2456,10,0
2024-10-22 07:00:00+00:00,1.30065,1.30134,1.30009,1.3008899999999999,3058,10,0
2024-10-22 08:00:00+00:00,1.3008600000000001,1.30101,1.29858,1.29888,2413,10,0
2024-10-22 09:00:00+00:00,1.29886,1.29919,1.2968,1.29709,2504,10,0
2024-10-22 10:00:00+00:00,1.29706,1.2984499999999999,1.2965200000000001,1.29766,2787,10,0
2024-10-22 11:00:00+00:00,1.29768,1.29813,1.29717,1.29786,2254,10,0
2024-10-22 12:00:00+00:00,1.29787,1.29846,1.29555,1.29559,2835,10,0
2024-10-22 13:00:00+00:00,1.29557,1.2965900000000001,1.29441,1.29607,4281,10,0
2024-10-22 14:00:00+00:00,1.29609,1.298,1.2953700000000001,1.29744,4278,10,0
2024-10-22 15:00:00+00:00,1.29745,1.29825,1.29671,1.29679,2940,10,0
2024-10-22 16:00:00+00:00,1.29676,1.2978100000000001,1.29653,1.29745,2101,10,0
2024-10-22 17:00:00+00:00,1.2974700000000001,1.29834,1.2972299999999999,1.2981099999999999,1921,10,0
2024-10-22 18:00:00+00:00,1.29813,1.29837,1.2976,1.29779,1641,10,0
2024-10-22 19:00:00+00:00,1.29779,1.2984,1.2974999999999999,1.29826,1702,10,0
2024-10-22 20:00:00+00:00,1.29824,1.2986,1.29786,1.2984,1595,10,0
2024-10-22 21:00:00+00:00,1.2983799999999999,1.2984200000000001,1.29775,1.29789,703,13,0
2024-10-22 22:00:00+00:00,1.2981500000000001,1.29878,1.29807,1.2983,694,10,0
2024-10-22 23:00:00+00:00,1.29829,1.29834,1.29803,1.29803,483,10,0
2024-10-23 00:00:00+00:00,1.298,1.2981500000000001,1.29715,1.29762,1844,10,0
2024-10-23 01:00:00+00:00,1.29765,1.2978,1.29707,1.29766,2265,10,0
2024-10-23 02:00:00+00:00,1.29764,1.29902,1.2976,1.29882,1970,10,0
2024-10-23 03:00:00+00:00,1.29884,1.29912,1.29817,1.29849,1784,10,0
2024-10-23 04:00:00+00:00,1.29849,1.29887,1.29797,1.29887,1531,10,0
2024-10-23 05:00:00+00:00,1.29886,1.29945,1.2988,1.29942,1808,10,0
2024-10-23 06:00:00+00:00,1.29939,1.29939,1.2968600000000001,1.29697,2379,10,0
2024-10-23 07:00:00+00:00,1.29699,1.29732,1.2962099999999999,1.29635,2878,10,0
2024-10-23 08:00:00+00:00,1.29633,1.29884,1.29614,1.29836,2527,10,0
2024-10-23 09:00:00+00:00,1.2983500000000001,1.2987,1.29746,1.29763,2266,10,0
2024-10-23 10:00:00+00:00,1.29763,1.29827,1.29698,1.29742,1950,10,0
2024-10-23 11:00:00+00:00,1.29744,1.29768,1.29496,1.29507,2219,10,0
2024-10-23 12:00:00+00:00,1.29508,1.29572,1.29446,1.29525,3262,10,0
2024-10-23 13:00:00+00:00,1.29525,1.29613,1.29477,1.2951,2888,10,0
2024-10-23 14:00:00+00:00,1.29515,1.29593,1.29425,1.2947199999999999,3772,10,0
2024-10-23 15:00:00+00:00,1.2946900000000001,1.2950300000000001,1.29345,1.2943500000000001,2772,10,0
2024-10-23 16:00:00+00:00,1.29434,1.2947600000000001,1.29222,1.29283,2360,10,0
2024-10-23 17:00:00+00:00,1.2928,1.2928600000000001,1.2912,1.29127,2066,10,0
2024-10-23 18:00:00+00:00,1.29125,1.2926,1.2906900000000001,1.29221,2505,10,0
2024-10-23 19:00:00+00:00,1.29221,1.29332,1.29214,1.29322,1798,10,0
2024-10-23 20:00:00+00:00,1.29322,1.29331,1.2919399999999999,1.2919399999999999,1374,10,0
2024-10-23 21:00:00+00:00,1.29197,1.29199,1.29068,1.2907199999999999,740,41,0
2024-10-23 22:00:00+00:00,1.2917,1.29197,1.29099,1.2911000000000001,736,10,0
2024-10-23 23:00:00+00:00,1.2911299999999999,1.29153,1.29086,1.2915,701,10,0
2024-10-24 00:00:00+00:00,1.29153,1.29265,1.2911299999999999,1.2925200000000001,1975,10,0
2024-10-24 01:00:00+00:00,1.2925200000000001,1.29264,1.29175,1.29226,1973,10,0
2024-10-24 02:00:00+00:00,1.29226,1.2927,1.29189,1.29245,1825,10,0
2024-10-24 03:00:00+00:00,1.29246,1.29281,1.29238,1.29248,1233,10,0
2024-10-24 04:00:00+00:00,1.29247,1.293,1.29236,1.29299,1455,10,0
2024-10-24 05:00:00+00:00,1.29299,1.2932299999999999,1.29251,1.29292,1341,10,0
2024-10-24 06:00:00+00:00,1.29288,1.29426,1.29263,1.29402,2815,10,0
2024-10-24 07:00:00+00:00,1.29405,1.29681,1.29393,1.29615,4558,10,0
2024-10-24 08:00:00+00:00,1.29615,1.29722,1.2948,1.29607,3690,10,0
2024-10-24 09:00:00+00:00,1.29602,1.29702,1.29542,1.2962500000000001,2551,10,0
2024-10-24 10:00:00+00:00,1.2962500000000001,1.2974999999999999,1.2959800000000001,1.29685,2273,10,0
2024-10-24 11:00:00+00:00,1.29685,1.29809,1.29683,1.2972299999999999,2573,10,0
2024-10-24 12:00:00+00:00,1.2972299999999999,1.29819,1.29667,1.29737,3416,8,0
2024-10-24 13:00:00+00:00,1.29735,1.2983,1.29674,1.29783,3973,8,0
2024-10-24 14:00:00+00:00,1.29779,1.29878,1.2956400000000001,1.2959800000000001,3951,8,0
2024-10-24 15:00:00+00:00,1.2960099999999999,1.29673,1.2953299999999999,1.29629,3020,10,0
2024-10-24 16:00:00+00:00,1.29627,1.29646,1.2947600000000001,1.29592,2441,10,0
2024-10-24 17:00:00+00:00,1.2959100000000001,1.29775,1.29584,1.29681,1963,10,0
2024-10-24 18:00:00+00:00,1.29681,1.29753,1.29654,1.2972299999999999,1888,10,0
2024-10-24 19:00:00+00:00,1.29721,1.29762,1.29687,1.29749,1800,10,0
2024-10-24 20:00:00+00:00,1.29752,1.29771,1.2968899999999999,1.29758,1412,10,0
2024-10-24 21:00:00+00:00,1.29751,1.29751,1.29669,1.29678,688,29,0
2024-10-24 22:00:00+00:00,1.29735,1.29756,1.2971,1.29718,430,10,0
2024-10-24 23:00:00+00:00,1.29719,1.29727,1.29694,1.2971,505,10,0
2024-10-25 00:00:00+00:00,1.29714,1.29734,1.29648,1.29683,2029,10,0
2024-10-25 01:00:00+00:00,1.29683,1.2971599999999999,1.29647,1.2968199999999999,1821,10,0
2024-10-25 02:00:00+00:00,1.29683,1.29728,1.29664,1.29708,1797,10,0
2024-10-25 03:00:00+00:00,1.29708,1.29708,1.29605,1.29627,1545,10,0
2024-10-25 04:00:00+00:00,1.29627,1.29646,1.29593,1.29643,1394,10,0
2024-10-25 05:00:00+00:00,1.29643,1.297,1.2963,1.29661,1671,10,0
2024-10-25 06:00:00+00:00,1.2966199999999999,1.2968600000000001,1.29582,1.2961,1981,10,0
2024-10-25 07:00:00+00:00,1.29611,1.29764,1.29553,1.29701,2862,10,0
2024-10-25 08:00:00+00:00,1.29697,1.29795,1.29678,1.2974999999999999,2528,10,0
2024-10-25 09:00:00+00:00,1.2974999999999999,1.2983799999999999,1.29737,1.298,1856,10,0
2024-10-25 10:00:00+00:00,1.29799,1.29868,1.2977699999999999,1.29865,1623,10,0
2024-10-25 11:00:00+00:00,1.29863,1.2992,1.2979,1.29863,1897,10,0
2024-10-25 12:00:00+00:00,1.29861,1.29962,1.2978100000000001,1.29917,2184,8,0
2024-10-25 13:00:00+00:00,1.29916,1.29982,1.29874,1.29897,2767,10,0
2024-10-25 14:00:00+00:00,1.2989600000000001,1.29979,1.29836,1.2990300000000001,3488,10,0
2024-10-25 15:00:00+00:00,1.2990300000000001,1.29942,1.29763,1.2977,2727,10,0
2024-10-25 16:00:00+00:00,1.2977,1.29796,1.29712,1.29763,2041,10,0
2024-10-25 17:00:00+00:00,1.29766,1.29771,1.29677,1.29683,1865,10,0
2024-10-25 18:00:00+00:00,1.29683,1.29706,1.29609,1.2968199999999999,2025,10,0
2024-10-25 19:00:00+00:00,1.29681,1.2968899999999999,1.29579,1.29593,2111,10,0
2024-10-25 20:00:00+00:00,1.29593,1.29624,1.29578,1.29609,2320,10,0
2024-10-27 21:00:00+00:00,1.29494,1.2959399999999999,1.29494,1.29572,541,85,0
2024-10-27 22:00:00+00:00,1.29606,1.29634,1.2955999999999999,1.29575,1180,39,0
2024-10-27 23:00:00+00:00,1.29585,1.29632,1.29558,1.29573,985,10,0
2024-10-28 00:00:00+00:00,1.2957,1.29632,1.29522,1.2953000000000001,2011,10,0
2024-10-28 01:00:00+00:00,1.29527,1.29587,1.29495,1.29541,2535,10,0
2024-10-28 02:00:00+00:00,1.29538,1.29586,1.29495,1.29517,2025,10,0
2024-10-28 03:00:00+00:00,1.29517,1.29543,1.29421,1.29425,1940,10,0
2024-10-28 04:00:00+00:00,1.29424,1.295,1.29413,1.29461,1580,10,0
2024-10-28 05:00:00+00:00,1.29458,1.29496,1.2939,1.29484,1820,10,0
2024-10-28 06:00:00+00:00,1.2947899999999999,1.29596,1.29461,1.29571,1992,10,0
2024-10-28 07:00:00+00:00,1.29573,1.2971599999999999,1.29566,1.29698,2347,10,0
2024-10-28 08:00:00+00:00,1.29697,1.29776,1.2959800000000001,1.29752,3022,10,0
2024-10-28 09:00:00+00:00,1.29752,1.29782,1.29661,1.29722,2447,10,0
2024-10-28 10:00:00+00:00,1.2972000000000001,1.29849,1.2965499999999999,1.29816,2475,10,0
2024-10-28 11:00:00+00:00,1.29814,1.29938,1.29745,1.29909,2228,10,0
2024-10-28 12:00:00+00:00,1.29907,1.29972,1.2984,1.2987199999999999,2826,10,0
2024-10-28 13:00:00+00:00,1.29871,1.29912,1.29809,1.29867,2923,10,0
2024-10-28 14:00:00+00:00,1.29867,1.30014,1.29776,1.29949,2940,10,0
2024-10-28 15:00:00+00:00,1.29951,1.29975,1.29792,1.29798,3030,10,0
2024-10-28 16:00:00+00:00,1.29797,1.29882,1.29783,1.29795,2763,10,0
2024-10-28 17:00:00+00:00,1.29792,1.29823,1.29728,1.29745,2280,10,0
2024-10-28 18:00:00+00:00,1.29743,1.29752,1.29675,1.29681,2033,10,0
2024-10-28 19:00:00+00:00,1.29679,1.29785,1.29673,1.29733,1948,10,0
2024-10-28 20:00:00+00:00,1.29735,1.29755,1.29683,1.2968899999999999,1353,10,0
2024-10-28 21:00:00+00:00,1.29687,1.29697,1.29658,1.29666,569,25,0
2024-10-28 22:00:00+00:00,1.29696,1.29707,1.29642,1.2965,587,10,0
2024-10-28 23:00:00+00:00,1.29651,1.29741,1.29651,1.29741,589,10,0
2024-10-29 00:00:00+00:00,1.29741,1.29768,1.29688,1.2972299999999999,1517,10,0
2024-10-29 01:00:00+00:00,1.29722,1.2974700000000001,1.29679,1.29731,2348,10,0
2024-10-29 02:00:00+00:00,1.29735,1.29744,1.29676,1.29696,1847,10,0
2024-10-29 03:00:00+00:00,1.29694,1.29705,1.29575,1.296,1867,10,0
2024-10-29 04:00:00+00:00,1.2960099999999999,1.29618,1.29577,1.29612,1482,10,0
2024-10-29 05:00:00+00:00,1.29612,1.29666,1.296,1.29633,2044,10,0
2024-10-29 06:00:00+00:00,1.29634,1.29705,1.2962,1.29695,1763,10,0
2024-10-29 07:00:00+00:00,1.29692,1.29737,1.29642,1.29704,2098,10,0
2024-10-29 08:00:00+00:00,1.29702,1.2989600000000001,1.29692,1.29839,3363,10,0
2024-10-29 09:00:00+00:00,1.29837,1.29868,1.29734,1.2979,2487,10,0
2024-10-29 10:00:00+00:00,1.29792,1.29865,1.29737,1.29855,2352,10,0
2024-10-29 11:00:00+00:00,1.29857,1.29924,1.2977699999999999,1.29853,2614,10,0
2024-10-29 12:00:00+00:00,1.29853,1.29856,1.2969,1.2977,3204,8,0
2024-10-29 13:00:00+00:00,1.29771,1.298,1.29666,1.2978399999999999,3719,8,0
2024-10-29 14:00:00+00:00,1.29786,1.30049,1.29786,1.29966,6368,8,0
2024-10-29 15:00:00+00:00,1.2996699999999999,1.30069,1.29789,1.30036,4559,10,0
2024-10-29 16:00:00+00:00,1.30039,1.3011300000000001,1.29893,1.29988,3103,10,0
2024-10-29 17:00:00+00:00,1.29988,1.30091,1.29928,1.29979,2872,10,0
2024-10-29 18:00:00+00:00,1.29983,1.30091,1.29921,1.30044,2193,10,0
2024-10-29 19:00:00+00:00,1.30046,1.30075,1.3002099999999999,1.30054,2107,10,0
2024-10-29 20:00:00+00:00,1.3005200000000001,1.30146,1.30036,1.30119,1361,10,0
2024-10-29 21:00:00+00:00,1.30122,1.3012299999999999,1.30005,1.30005,827,16,0
2024-10-29 22:00:00+00:00,1.30075,1.30144,1.3007,1.30137,864,10,0
2024-10-29 23:00:00+00:00,1.3014000000000001,1.30165,1.30076,1.30108,884,10,0
2024-10-30 00:00:00+00:00,1.30107,1.30166,1.30085,1.30125,1920,10,0
2024-10-30 01:00:00+00:00,1.30125,1.30199,1.30098,1.30105,2263,10,0
2024-10-30 02:00:00+00:00,1.30103,1.30108,1.30051,1.3005900000000001,1701,10,0
2024-10-30 03:00:00+00:00,1.3006,1.3006,1.2995999999999999,1.29986,1703,10,0
2024-10-30 04:00:00+00:00,1.29986,1.30026,1.2995700000000001,1.29982,1372,10,0
2024-10-30 05:00:00+00:00,1.29982,1.30005,1.29951,1.30005,1473,10,0
2024-10-30 06:00:00+00:00,1.30004,1.30133,1.30003,1.30093,2094,10,0
2024-10-30 07:00:00+00:00,1.30095,1.30104,1.29996,1.30081,2518,10,0
2024-10-30 08:00:00+00:00,1.3008199999999999,1.30244,1.30035,1.3017,3854,10,0
2024-10-30 09:00:00+00:00,1.30173,1.3026499999999999,1.29922,1.30005,4016,10,0
2024-10-30 10:00:00+00:00,1.30007,1.3002,1.29708,1.29753,3007,10,0
2024-10-30 11:00:00+00:00,1.29755,1.29766,1.2962099999999999,1.29708,3043,10,0
2024-10-30 12:00:00+00:00,1.29705,1.29718,1.29364,1.29485,4866,8,0
2024-10-30 13:00:00+00:00,1.29485,1.29978,1.29459,1.29956,5397,10,0
2024-10-30 14:00:00+00:00,1.2995700000000001,1.3043,1.29935,1.29951,7940,10,0
2024-10-30 15:00:00+00:00,1.2995,1.3019,1.2986,1.30112,5494,10,0
2024-10-30 16:00:00+00:00,1.30109,1.30179,1.29956,1.29983,3552,10,0
2024-10-30 17:00:00+00:00,1.29981,1.29997,1.2973,1.2977699999999999,3123,10,0
2024-10-30 18:00:00+00:00,1.29779,1.29868,1.29735,1.2983,2292,10,0
2024-10-30 19:00:00+00:00,1.29833,1.29833,1.29667,1.29699,2495,10,0
2024-10-30 20:00:00+00:00,1.29695,1.29702,1.2959399999999999,1.29616,2041,10,0
2024-10-30 21:00:00+00:00,1.29614,1.29637,1.2956699999999999,1.29597,1055,35,0
2024-10-30 22:00:00+00:00,1.29648,1.29653,1.29535,1.29572,1052,10,0
2024-10-30 23:00:00+00:00,1.29573,1.29609,1.29569,1.29579,661,10,0
2024-10-31 00:00:00+00:00,1.29579,1.29596,1.29488,1.29492,1311,10,0
2024-10-31 01:00:00+00:00,1.29491,1.29586,1.29433,1.29446,2062,10,0
2024-10-31 02:00:00+00:00,1.2944499999999999,1.29493,1.29421,1.29453,2078,10,0
2024-10-31 03:00:00+00:00,1.29453,1.29515,1.29453,1.29493,1733,10,0
2024-10-31 04:00:00+00:00,1.29492,1.29536,1.29459,1.2949899999999999,1508,10,0
2024-10-31 05:00:00+00:00,1.29496,1.29565,1.29471,1.29555,1548,10,0
2024-10-31 06:00:00+00:00,1.29556,1.29772,1.29524,1.29736,1959,10,0
2024-10-31 07:00:00+00:00,1.29733,1.2999,1.29648,1.29951,3106,10,0
2024-10-31 08:00:00+00:00,1.29948,1.29969,1.29776,1.29798,3455,10,0
2024-10-31 09:00:00+00:00,1.29798,1.29823,1.29577,1.29812,2804,10,0
2024-10-31 10:00:00+00:00,1.2981500000000001,1.29995,1.2977699999999999,1.2984499999999999,2870,10,0
2024-10-31 11:00:00+00:00,1.2984200000000001,1.29916,1.29694,1.29779,2787,10,0
2024-10-31 12:00:00+00:00,1.29779,1.29878,1.29654,1.29779,5014,8,0
2024-10-31 13:00:00+00:00,1.29782,1.29976,1.29236,1.29351,5888,10,0
2024-10-31 14:00:00+00:00,1.29355,1.29355,1.28847,1.28903,8868,10,0
2024-10-31 15:00:00+00:00,1.28902,1.28902,1.2843,1.28553,9832,10,0
2024-10-31 16:00:00+00:00,1.28549,1.2888600000000001,1.28544,1.28635,5232,10,0
2024-10-31 17:00:00+00:00,1.28636,1.28692,1.2854700000000001,1.28596,3545,10,0
2024-10-31 18:00:00+00:00,1.286,1.28831,1.28578,1.28809,3417,10,0
2024-10-31 19:00:00+00:00,1.28812,1.28936,1.288,1.28915,2975,10,0
2024-10-31 20:00:00+00:00,1.28913,1.28996,1.28911,1.28973,1808,10,0
2024-10-31 21:00:00+00:00,1.28976,1.28987,1.28853,1.28853,652,16,0
2024-10-31 22:00:00+00:00,1.28849,1.29024,1.28849,1.2901799999999999,647,10,0
2024-10-31 23:00:00+00:00,1.29019,1.29023,1.28953,1.28963,683,10,0
2024-11-01 00:00:00+00:00,1.28963,1.28992,1.28885,1.28945,1707,10,0
2024-11-01 01:00:00+00:00,1.28944,1.29002,1.28883,1.2896,2253,10,0
2024-11-01 02:00:00+00:00,1.28962,1.28962,1.28882,1.28931,1898,10,0
2024-11-01 03:00:00+00:00,1.28932,1.2902,1.28882,1.2898100000000001,1509,10,0
2024-11-01 04:00:00+00:00,1.2898100000000001,1.29007,1.28955,1.28976,1186,10,0
2024-11-01 05:00:00+00:00,1.28979,1.28989,1.2884,1.28884,1789,10,0
2024-11-01 06:00:00+00:00,1.28883,1.29005,1.28874,1.28962,2006,10,0
2024-11-01 07:00:00+00:00,1.28965,1.29025,1.28912,1.28976,2351,10,0
2024-11-01 08:00:00+00:00,1.28973,1.29178,1.28874,1.29039,3645,10,0
2024-11-01 09:00:00+00:00,1.29039,1.29172,1.29038,1.29096,2460,10,0
2024-11-01 10:00:00+00:00,1.29091,1.29151,1.2904200000000001,1.29131,2178,10,0
2024-11-01 11:00:00+00:00,1.29129,1.2922500000000001,1.29084,1.2919399999999999,2323,10,0
2024-11-01 12:00:00+00:00,1.29192,1.29668,1.2916,1.2953000000000001,6098,8,0
2024-11-01 13:00:00+00:00,1.29529,1.29798,1.29433,1.29673,5678,10,0
2024-11-01 14:00:00+00:00,1.29683,1.29768,1.29572,1.2966,5933,10,0
2024-11-01 15:00:00+00:00,1.29663,1.29674,1.29522,1.2959,4187,10,0
2024-11-01 16:00:00+00:00,1.29586,1.2962500000000001,1.29462,1.29557,3015,10,0
2024-11-01 17:00:00+00:00,1.29555,1.29569,1.29264,1.29273,2670,10,0
2024-11-01 18:00:00+00:00,1.29271,1.29345,1.29215,1.29263,2678,10,0
2024-11-01 19:00:00+00:00,1.2926199999999999,1.29304,1.29196,1.29202,2296,10,0
2024-11-01 20:00:00+00:00,1.29202,1.29224,1.29156,1.29195,2335,10,0
2024-11-03 22:00:00+00:00,1.29667,1.29668,1.29484,1.29608,985,62,0
2024-11-03 23:00:00+00:00,1.29648,1.29649,1.29488,1.29517,1773,10,0
2024-11-04 00:00:00+00:00,1.29519,1.2966,1.29508,1.29616,1718,10,0
2024-11-04 01:00:00+00:00,1.29616,1.29791,1.2959800000000001,1.29746,2395,10,0
2024-11-04 02:00:00+00:00,1.29746,1.2981500000000001,1.29712,1.29799,2151,10,0
2024-11-04 03:00:00+00:00,1.29799,1.29983,1.29799,1.29927,2396,10,0
2024-11-04 04:00:00+00:00,1.29926,1.29968,1.29884,1.29885,1405,10,0
2024-11-04 05:00:00+00:00,1.29886,1.29932,1.29849,1.29924,1769,10,0
2024-11-04 06:00:00+00:00,1.29926,1.29958,1.29846,1.29877,2074,10,0
2024-11-04 07:00:00+00:00,1.29874,1.29914,1.29687,1.29694,2656,10,0
2024-11-04 08:00:00+00:00,1.29699,1.29827,1.29599,1.2962099999999999,3349,10,0
2024-11-04 09:00:00+00:00,1.29622,1.29717,1.29449,1.29711,3334,10,0
2024-11-04 10:00:00+00:00,1.2971300000000001,1.29756,1.29603,1.29623,2662,10,0
2024-11-04 11:00:00+00:00,1.2962,1.29824,1.2951,1.29767,2906,10,0
2024-11-04 12:00:00+00:00,1.29764,1.29782,1.29588,1.2969,2861,10,0
2024-11-04 13:00:00+00:00,1.2969,1.29798,1.2962500000000001,1.2969,3394,10,0
2024-11-04 14:00:00+00:00,1.2969300000000001,1.2978,1.29624,1.29758,4065,8,0
2024-11-04 15:00:00+00:00,1.29758,1.2993000000000001,1.29744,1.29803,4668,8,0
2024-11-04 16:00:00+00:00,1.29804,1.2981099999999999,1.29345,1.29413,3894,10,0
2024-11-04 17:00:00+00:00,1.2941,1.29561,1.29338,1.29557,3082,10,0
2024-11-04 18:00:00+00:00,1.29557,1.29614,1.2941099999999999,1.29542,2783,10,0
2024-11-04 19:00:00+00:00,1.29544,1.29588,1.29493,1.29534,2221,10,0
2024-11-04 20:00:00+00:00,1.29532,1.29568,1.29492,1.2952,1954,10,0
2024-11-04 21:00:00+00:00,1.29523,1.29565,1.29514,1.29548,1061,10,0
2024-11-04 22:00:00+00:00,1.29556,1.2956400000000001,1.29489,1.29491,821,20,0
2024-11-04 23:00:00+00:00,1.29547,1.29586,1.29525,1.2953700000000001,558,10,0
2024-11-05 00:00:00+00:00,1.2953700000000001,1.29562,1.29484,1.2953999999999999,931,10,0
2024-11-05 01:00:00+00:00,1.2953999999999999,1.29575,1.29474,1.29551,2048,10,0
2024-11-05 02:00:00+00:00,1.29551,1.29615,1.2953999999999999,1.29565,1602,10,0
2024-11-05 03:00:00+00:00,1.29565,1.29602,1.29526,1.29532,1733,10,0
2024-11-05 04:00:00+00:00,1.29531,1.29611,1.29523,1.29559,1608,10,0
2024-11-05 05:00:00+00:00,1.29559,1.29634,1.29555,1.29597,1466,10,0
2024-11-05 06:00:00+00:00,1.2959399999999999,1.29669,1.29571,1.29658,1565,10,0
2024-11-05 07:00:00+00:00,1.29656,1.29813,1.29647,1.29764,2119,10,0
2024-11-05 08:00:00+00:00,1.29766,1.29846,1.29706,1.29803,2407,10,0
2024-11-05 09:00:00+00:00,1.29802,1.29843,1.29746,1.29816,2032,10,0
2024-11-05 10:00:00+00:00,1.2982,1.29858,1.29794,1.29817,1779,10,0
2024-11-05 11:00:00+00:00,1.29817,1.29941,1.29794,1.29904,2006,10,0
2024-11-05 12:00:00+00:00,1.29908,1.29943,1.29833,1.29856,1973,10,0
2024-11-05 13:00:00+00:00,1.29856,1.29891,1.2978100000000001,1.29821,2566,10,0
2024-11-05 14:00:00+00:00,1.29821,1.30205,1.29805,1.30095,3770,8,0
2024-11-05 15:00:00+00:00,1.30101,1.30183,1.2984499999999999,1.30014,5153,10,0
2024-11-05 16:00:00+00:00,1.30014,1.30173,1.29999,1.30138,3015,10,0
2024-11-05 17:00:00+00:00,1.30141,1.30341,1.30122,1.30329,2460,10,0
2024-11-05 18:00:00+00:00,1.30332,1.30371,1.30226,1.30251,2354,10,0
2024-11-05 19:00:00+00:00,1.30248,1.3030300000000001,1.3019,1.3020800000000001,2097,10,0
2024-11-05 20:00:00+00:00,1.30206,1.30273,1.30157,1.30273,1808,10,0
2024-11-05 21:00:00+00:00,1.3027199999999999,1.3042099999999999,1.30248,1.30408,1338,10,0
2024-11-05 22:00:00+00:00,1.30402,1.30402,1.30194,1.3027,905,25,0
2024-11-05 23:00:00+00:00,1.30312,1.30474,1.30176,1.3042,2116,10,0
2024-11-06 00:00:00+00:00,1.3042099999999999,1.30434,1.2957,1.2959100000000001,8376,10,0
2024-11-06 01:00:00+00:00,1.2959399999999999,1.29819,1.29488,1.29667,9331,10,0
2024-11-06 02:00:00+00:00,1.29665,1.29694,1.29047,1.2906,10156,10,0
2024-11-06 03:00:00+00:00,1.29061,1.29186,1.28632,1.28878,11983,10,0
2024-11-06 04:00:00+00:00,1.28876,1.29208,1.28789,1.29114,8026,10,0
2024-11-06 05:00:00+00:00,1.29117,1.29274,1.28808,1.28883,9438,10,0
2024-11-06 06:00:00+00:00,1.28881,1.28915,1.28458,1.28627,8172,10,0
2024-11-06 07:00:00+00:00,1.28629,1.28781,1.28556,1.28657,10817,10,0
2024-11-06 08:00:00+00:00,1.28654,1.29226,1.28602,1.29185,8467,10,0
2024-11-06 09:00:00+00:00,1.29187,1.2923200000000001,1.28956,1.29005,6744,10,0
2024-11-06 10:00:00+00:00,1.29001,1.29093,1.28873,1.28892,5177,10,0
2024-11-06 11:00:00+00:00,1.28891,1.289,1.28507,1.28565,6055,10,0
2024-11-06 12:00:00+00:00,1.28564,1.2867899999999999,1.28404,1.28535,7177,10,0
2024-11-06 13:00:00+00:00,1.28535,1.28716,1.28414,1.28638,7539,10,0
2024-11-06 14:00:00+00:00,1.28637,1.28689,1.28336,1.28567,7234,10,0
2024-11-06 15:00:00+00:00,1.28569,1.28892,1.28569,1.28891,9308,10,0
2024-11-06 16:00:00+00:00,1.28891,1.28983,1.287,1.28952,6564,10,0
2024-11-06 17:00:00+00:00,1.2895400000000001,1.29082,1.2885900000000001,1.2889300000000001,4931,10,0
2024-11-06 18:00:00+00:00,1.28891,1.2919,1.28874,1.29061,5429,10,0
2024-11-06 19:00:00+00:00,1.29059,1.29068,1.2886600000000001,1.289,4097,10,0
2024-11-06 20:00:00+00:00,1.28901,1.28979,1.28867,1.28873,3105,10,0
2024-11-06 21:00:00+00:00,1.28869,1.28875,1.28783,1.28783,1156,10,0
2024-11-06 22:00:00+00:00,1.2878,1.28795,1.28638,1.28674,664,25,0
2024-11-06 23:00:00+00:00,1.28732,1.28848,1.28729,1.28822,896,10,0
2024-11-07 00:00:00+00:00,1.2882,1.2891599999999999,1.28777,1.28808,1866,10,0
2024-11-07 01:00:00+00:00,1.28804,1.28905,1.28754,1.2889,2853,10,0
2024-11-07 02:00:00+00:00,1.28891,1.29124,1.2888,1.29105,2448,10,0
2024-11-07 03:00:00+00:00,1.29105,1.29233,1.29083,1.29217,1840,10,0
2024-11-07 04:00:00+00:00,1.29218,1.29253,1.2913999999999999,1.292,1590,10,0
2024-11-07 05:00:00+00:00,1.29199,1.29342,1.29196,1.293,1603,10,0
2024-11-07 06:00:00+00:00,1.293,1.29344,1.29253,1.29318,1989,10,0
2024-11-07 07:00:00+00:00,1.29315,1.29468,1.29238,1.2929599999999999,3945,10,0
2024-11-07 08:00:00+00:00,1.29298,1.29389,1.29227,1.29264,4587,10,0
2024-11-07 09:00:00+00:00,1.2926199999999999,1.29272,1.29067,1.2906900000000001,3616,10,0
2024-11-07 10:00:00+00:00,1.2906900000000001,1.2917399999999999,1.28987,1.29048,3156,10,0
2024-11-07 11:00:00+00:00,1.29046,1.29118,1.29001,1.29056,2752,10,0
2024-11-07 12:00:00+00:00,1.29066,1.29561,1.28989,1.29554,7014,10,0
2024-11-07 13:00:00+00:00,1.29555,1.29748,1.29526,1.29715,6814,10,0
2024-11-07 14:00:00+00:00,1.29717,1.2996699999999999,1.29639,1.29913,5152,10,0
2024-11-07 15:00:00+00:00,1.29911,1.30088,1.2984499999999999,1.29954,5393,10,0
2024-11-07 16:00:00+00:00,1.29953,1.30005,1.29796,1.2983500000000001,4473,10,0
2024-11-07 17:00:00+00:00,1.29834,1.29902,1.29752,1.29892,3070,10,0
2024-11-07 18:00:00+00:00,1.29892,1.29898,1.29706,1.2971599999999999,2652,8,0
2024-11-07 19:00:00+00:00,1.29719,1.29836,1.29481,1.29651,11106,10,0
2024-11-07 20:00:00+00:00,1.2965200000000001,1.29911,1.29604,1.29824,5807,10,0
2024-11-07 21:00:00+00:00,1.29823,1.2987199999999999,1.29791,1.2985,1500,10,0
2024-11-07 22:00:00+00:00,1.29847,1.2987199999999999,1.2981500000000001,1.2981500000000001,516,23,0
2024-11-07 23:00:00+00:00,1.29866,1.29886,1.29805,1.29823,1065,10,0
2024-11-08 00:00:00+00:00,1.29823,1.29839,1.2974999999999999,1.29775,1593,10,0
2024-11-08 01:00:00+00:00,1.29775,1.29787,1.29642,1.29727,2630,10,0
2024-11-08 02:00:00+00:00,1.29729,1.29761,1.29623,1.29648,2159,10,0
2024-11-08 03:00:00+00:00,1.29649,1.2975400000000001,1.2963,1.29644,1807,10,0
2024-11-08 04:00:00+00:00,1.29643,1.29687,1.29611,1.29673,1630,10,0
2024-11-08 05:00:00+00:00,1.29673,1.29732,1.29653,1.29696,1735,10,0
2024-11-08 06:00:00+00:00,1.29698,1.29733,1.29608,1.29684,2139,10,0
2024-11-08 07:00:00+00:00,1.2968199999999999,1.29739,1.2962099999999999,1.29645,2767,10,0
2024-11-08 08:00:00+00:00,1.29642,1.2967,1.2934999999999999,1.29566,6031,10,0
2024-11-08 09:00:00+00:00,1.29565,1.29709,1.29548,1.2959800000000001,3563,10,0
2024-11-08 10:00:00+00:00,1.296,1.2962,1.29489,1.2962,2639,10,0
2024-11-08 11:00:00+00:00,1.29623,1.29763,1.29615,1.29675,2821,10,0
2024-11-08 12:00:00+00:00,1.29677,1.29683,1.29379,1.29439,3591,10,0
2024-11-08 13:00:00+00:00,1.29441,1.2949899999999999,1.29274,1.29407,4169,10,0
2024-11-08 14:00:00+00:00,1.2940800000000001,1.29481,1.29322,1.29371,4135,8,0
2024-11-08 15:00:00+00:00,1.29375,1.29457,1.29219,1.2938100000000001,4997,10,0
2024-11-08 16:00:00+00:00,1.29378,1.29444,1.2900800000000001,1.29019,4009,10,0
2024-11-08 17:00:00+00:00,1.29021,1.29044,1.2882799999999999,1.28964,4583,10,0
2024-11-08 18:00:00+00:00,1.28968,1.29114,1.2895699999999999,1.29053,2903,10,0
2024-11-08 19:00:00+00:00,1.29051,1.2913999999999999,1.29022,1.29119,2373,10,0
2024-11-08 20:00:00+00:00,1.29118,1.2923,1.29087,1.292,2199,10,0
2024-11-08 21:00:00+00:00,1.29202,1.29245,1.29125,1.2919800000000001,1787,10,0
2024-11-10 22:00:00+00:00,1.28956,1.29064,1.28935,1.29063,1033,98,0
2024-11-10 23:00:00+00:00,1.29095,1.29173,1.29084,1.29149,1129,10,0
2024-11-11 00:00:00+00:00,1.29148,1.29197,1.29091,1.2913700000000001,1718,10,0
2024-11-11 01:00:00+00:00,1.29135,1.29254,1.2913299999999999,1.29177,2382,10,0
2024-11-11 02:00:00+00:00,1.29178,1.2923,1.29129,1.29177,1985,10,0
2024-11-11 03:00:00+00:00,1.29177,1.29222,1.29123,1.29138,1411,10,0
2024-11-11 04:00:00+00:00,1.29138,1.2913999999999999,1.29006,1.29123,1369,10,0
2024-11-11 05:00:00+00:00,1.29123,1.29163,1.29068,1.29148,1576,10,0
2024-11-11 06:00:00+00:00,1.2915,1.29183,1.2910300000000001,1.29166,1551,10,0
2024-11-11 07:00:00+00:00,1.29166,1.29219,1.28907,1.28949,3451,10,0
2024-11-11 08:00:00+00:00,1.2894700000000001,1.29036,1.28874,1.28993,3668,10,0
2024-11-11 09:00:00+00:00,1.28995,1.29022,1.28824,1.28998,3438,10,0
2024-11-11 10:00:00+00:00,1.28997,1.29063,1.28823,1.2883,2682,10,0
2024-11-11 11:00:00+00:00,1.28829,1.28883,1.2876400000000001,1.28848,2977,10,0
2024-11-11 12:00:00+00:00,1.28847,1.28898,1.28758,1.28811,2557,10,0
2024-11-11 13:00:00+00:00,1.2881,1.2885,1.28556,1.28664,3411,10,0
2024-11-11 14:00:00+00:00,1.28666,1.28768,1.28596,1.28668,3728,10,0
2024-11-11 15:00:00+00:00,1.2867199999999999,1.28751,1.28573,1.28691,3766,10,0
2024-11-11 16:00:00+00:00,1.28693,1.28778,1.2864,1.28697,2808,10,0
2024-11-11 17:00:00+00:00,1.28697,1.28722,1.2859099999999999,1.28637,2174,10,0
2024-11-11 18:00:00+00:00,1.28635,1.28662,1.28567,1.28648,2040,10,0
2024-11-11 19:00:00+00:00,1.28648,1.28668,1.28606,1.28617,1792,10,0
2024-11-11 20:00:00+00:00,1.2862,1.28667,1.28617,1.28659,1603,10,0
2024-11-11 21:00:00+00:00,1.28662,1.28701,1.2864900000000001,1.28656,845,10,0
2024-11-11 22:00:00+00:00,1.28662,1.28691,1.2864900000000001,1.28655,625,26,0
2024-11-11 23:00:00+00:00,1.28655,1.28734,1.28625,1.28734,970,10,0
2024-11-12 00:00:00+00:00,1.2873,1.2873,1.28626,1.28663,1530,10,0
2024-11-12 01:00:00+00:00,1.28663,1.28712,1.28574,1.28606,2482,10,0
2024-11-12 02:00:00+00:00,1.2860800000000001,1.2860800000000001,1.28478,1.28495,2602,10,0
2024-11-12 03:00:00+00:00,1.2849599999999999,1.28542,1.2840099999999999,1.28412,1930,10,0
2024-11-12 04:00:00+00:00,1.2841,1.28445,1.28354,1.28436,1961,10,0
2024-11-12 05:00:00+00:00,1.28439,1.28468,1.28291,1.28329,2338,10,0
2024-11-12 06:00:00+00:00,1.28329,1.28329,1.28144,1.28244,2774,10,0
2024-11-12 07:00:00+00:00,1.28246,1.28314,1.2800099999999999,1.28138,4485,10,0
2024-11-12 08:00:00+00:00,1.28135,1.28254,1.27919,1.28244,4424,10,0
2024-11-12 09:00:00+00:00,1.28241,1.28273,1.28124,1.2823,3227,10,0
2024-11-12 10:00:00+00:00,1.28229,1.28251,1.2805,1.2818,3286,10,0
2024-11-12 11:00:00+00:00,1.28182,1.28308,1.28171,1.28206,2675,10,0
2024-11-12 12:00:00+00:00,1.28205,1.28285,1.2809300000000001,1.28206,3473,10,0
2024-11-12 13:00:00+00:00,1.28207,1.28235,1.2804,1.28097,4188,10,0
2024-11-12 14:00:00+00:00,1.2809599999999999,1.28108,1.27833,1.279,4006,10,0
2024-11-12 15:00:00+00:00,1.279,1.2791299999999999,1.27555,1.27627,4969,10,0
2024-11-12 16:00:00+00:00,1.27625,1.27654,1.27316,1.27322,4637,10,0
2024-11-12 17:00:00+00:00,1.27317,1.27348,1.27185,1.27329,4553,10,0
2024-11-12 18:00:00+00:00,1.27331,1.27444,1.27319,1.27433,2903,10,0
2024-11-12 19:00:00+00:00,1.2743,1.27458,1.27355,1.27359,1946,10,0
2024-11-12 20:00:00+00:00,1.2736,1.27462,1.2735,1.2745199999999999,2426,10,0
2024-11-12 21:00:00+00:00,1.27451,1.27505,1.27443,1.27447,1335,10,0
2024-11-12 22:00:00+00:00,1.27444,1.27467,1.27401,1.27439,971,32,0
2024-11-12 23:00:00+00:00,1.27485,1.2748599999999999,1.2736,1.27362,1157,10,0
2024-11-13 00:00:00+00:00,1.27363,1.27398,1.27307,1.2735699999999999,1687,10,0
2024-11-13 01:00:00+00:00,1.27356,1.27529,1.27344,1.27498,2853,10,0
2024-11-13 02:00:00+00:00,1.275,1.2753700000000001,1.2745199999999999,1.27525,2053,10,0
2024-11-13 03:00:00+00:00,1.27527,1.2754400000000001,1.27409,1.27437,1655,10,0
2024-11-13 04:00:00+00:00,1.27438,1.27472,1.27396,1.2745,1442,10,0
2024-11-13 05:00:00+00:00,1.2745,1.2747600000000001,1.27368,1.27429,1720,10,0
2024-11-13 06:00:00+00:00,1.27429,1.27475,1.2734,1.2742499999999999,2279,10,0
2024-11-13 07:00:00+00:00,1.27423,1.27453,1.27294,1.27352,2517,10,0
2024-11-13 08:00:00+00:00,1.2735,1.27454,1.27292,1.27446,3256,10,0
2024-11-13 09:00:00+00:00,1.27448,1.27557,1.27338,1.27509,3453,10,0
2024-11-13 10:00:00+00:00,1.27506,1.2751299999999999,1.27366,1.27399,2472,10,0
2024-11-13 11:00:00+00:00,1.27401,1.27546,1.27362,1.27539,2455,10,0
2024-11-13 12:00:00+00:00,1.27541,1.27584,1.2742200000000001,1.2744900000000001,3001,10,0
2024-11-13 13:00:00+00:00,1.27448,1.27687,1.27359,1.2753700000000001,7260,8,0
2024-11-13 14:00:00+00:00,1.2753700000000001,1.27561,1.2698,1.27091,7907,10,0
2024-11-13 15:00:00+00:00,1.27088,1.2725,1.2686,1.27236,8304,10,0
2024-11-13 16:00:00+00:00,1.2723200000000001,1.2726199999999999,1.27048,1.27077,5355,10,0
2024-11-13 17:00:00+00:00,1.2708,1.27202,1.2699500000000001,1.27097,3639,10,0
2024-11-13 18:00:00+00:00,1.27101,1.27118,1.2699500000000001,1.2704900000000001,2992,10,0
2024-11-13 19:00:00+00:00,1.2704900000000001,1.27196,1.27031,1.27047,2784,10,0
2024-11-13 20:00:00+00:00,1.2705,1.27091,1.26999,1.27037,2231,10,0
2024-11-13 21:00:00+00:00,1.27039,1.27114,1.27033,1.27066,1544,10,0
2024-11-13 22:00:00+00:00,1.27064,1.27071,1.26938,1.2695400000000001,1057,23,0
2024-11-13 23:00:00+00:00,1.27095,1.27109,1.27043,1.27066,945,10,0
2024-11-14 00:00:00+00:00,1.27067,1.27103,1.27035,1.2705,1556,10,0
2024-11-14 01:00:00+00:00,1.2705199999999999,1.2705199999999999,1.26915,1.2693699999999999,2438,10,0
2024-11-14 02:00:00+00:00,1.2693400000000001,1.26938,1.26825,1.2683900000000001,2356,10,0
2024-11-14 03:00:00+00:00,1.26837,1.26929,1.26824,1.2683499999999999,1902,10,0
2024-11-14 04:00:00+00:00,1.2683499999999999,1.26852,1.26791,1.26828,1410,10,0
2024-11-14 05:00:00+00:00,1.26828,1.26908,1.26724,1.2687,2177,10,0
2024-11-14 06:00:00+00:00,1.26868,1.26951,1.26828,1.26845,2358,10,0
2024-11-14 07:00:00+00:00,1.26847,1.26942,1.26792,1.26867,2791,10,0
2024-11-14 08:00:00+00:00,1.2686899999999999,1.2692700000000001,1.26681,1.26694,3607,10,0
2024-11-14 09:00:00+00:00,1.26694,1.26749,1.26547,1.26566,3529,10,0
2024-11-14 10:00:00+00:00,1.26569,1.26587,1.2629299999999999,1.26416,3637,10,0
2024-11-14 11:00:00+00:00,1.26414,1.2659099999999999,1.26291,1.26581,3813,10,0
2024-11-14 12:00:00+00:00,1.26579,1.26712,1.26506,1.26643,3474,10,0
2024-11-14 13:00:00+00:00,1.26647,1.26792,1.26451,1.26566,6634,8,0
2024-11-14 14:00:00+00:00,1.2656399999999999,1.2704,1.26554,1.26899,6329,10,0
2024-11-14 15:00:00+00:00,1.26899,1.27114,1.26855,1.27074,6154,10,0
2024-11-14 16:00:00+00:00,1.27071,1.27197,1.2698800000000001,1.27045,3946,10,0
2024-11-14 17:00:00+00:00,1.27043,1.27077,1.26966,1.27029,3467,10,0
2024-11-14 18:00:00+00:00,1.27031,1.27043,1.26851,1.26859,2531,10,0
2024-11-14 19:00:00+00:00,1.26855,1.26929,1.26825,1.26868,2212,10,0
2024-11-14 20:00:00+00:00,1.2686600000000001,1.26877,1.26467,1.26566,7557,10,0
2024-11-14 21:00:00+00:00,1.2656800000000001,1.26675,1.26536,1.26645,2175,10,0
2024-11-14 22:00:00+00:00,1.26645,1.26651,1.26592,1.26611,928,32,0
2024-11-14 23:00:00+00:00,1.2664900000000001,1.26711,1.26573,1.26665,1296,10,0
2024-11-15 00:00:00+00:00,1.26666,1.26672,1.26563,1.26614,1929,10,0
2024-11-15 01:00:00+00:00,1.26615,1.26719,1.26579,1.26647,2834,10,0
2024-11-15 02:00:00+00:00,1.2665,1.26776,1.26645,1.26752,2503,10,0
2024-11-15 03:00:00+00:00,1.26752,1.2682,1.2674400000000001,1.26752,2212,10,0
2024-11-15 04:00:00+00:00,1.26748,1.26802,1.26731,1.26767,1589,10,0
2024-11-15 05:00:00+00:00,1.26768,1.26784,1.2671299999999999,1.26745,1982,10,0
2024-11-15 06:00:00+00:00,1.26741,1.26899,1.26662,1.26829,2636,10,0
2024-11-15 07:00:00+00:00,1.26827,1.26878,1.26658,1.26663,3548,10,0
2024-11-15 08:00:00+00:00,1.26661,1.26706,1.26562,1.26624,3950,10,0
2024-11-15 09:00:00+00:00,1.2662200000000001,1.2675100000000001,1.26484,1.26521,3508,10,0
2024-11-15 10:00:00+00:00,1.26518,1.26811,1.26495,1.26743,3471,10,0
2024-11-15 11:00:00+00:00,1.26741,1.26966,1.26681,1.2689,2830,10,0
2024-11-15 12:00:00+00:00,1.26891,1.26921,1.26668,1.26769,2078,10,0
2024-11-15 13:00:00+00:00,1.2677399999999999,1.26872,1.26401,1.26499,7602,8,0
2024-11-15 14:00:00+00:00,1.26495,1.26538,1.2625,1.26345,6622,10,0
2024-11-15 15:00:00+00:00,1.26343,1.26368,1.2613699999999999,1.26278,6384,10,0
2024-11-15 16:00:00+00:00,1.2628,1.2642,1.26175,1.26268,5181,10,0
2024-11-15 17:00:00+00:00,1.26268,1.26376,1.26233,1.26267,3835,10,0
2024-11-15 18:00:00+00:00,1.2627,1.2631700000000001,1.26153,1.26299,3179,10,0
2024-11-15 19:00:00+00:00,1.263,1.26307,1.26108,1.26112,2840,10,0
2024-11-15 20:00:00+00:00,1.26112,1.2612999999999999,1.25966,1.26059,2940,10,0
2024-11-15 21:00:00+00:00,1.26058,1.26211,1.26034,1.26189,2214,10,0
2024-11-17 22:00:00+00:00,1.26101,1.26115,1.25969,1.2610700000000001,1126,91,0
2024-11-17 23:00:00+00:00,1.2615,1.26216,1.26087,1.26189,1268,10,0
2024-11-18 00:00:00+00:00,1.2619099999999999,1.26387,1.26147,1.26386,2075,10,0
2024-11-18 01:00:00+00:00,1.26386,1.26419,1.26302,1.2634699999999999,3365,10,0
2024-11-18 02:00:00+00:00,1.2634699999999999,1.26401,1.26291,1.26345,2231,10,0
2024-11-18 03:00:00+00:00,1.26346,1.26372,1.26202,1.26248,1859,10,0
2024-11-18 04:00:00+00:00,1.2625,1.26343,1.26226,1.26329,1490,10,0
2024-11-18 05:00:00+00:00,1.26329,1.26332,1.26247,1.26298,1769,10,0
2024-11-18 06:00:00+00:00,1.26297,1.26404,1.26279,1.2637800000000001,2216,10,0
2024-11-18 07:00:00+00:00,1.2637800000000001,1.26386,1.26187,1.26255,2513,10,0
2024-11-18 08:00:00+00:00,1.26257,1.26303,1.26145,1.26187,3460,10,0
2024-11-18 09:00:00+00:00,1.26186,1.2636,1.26124,1.2629299999999999,3898,10,0
2024-11-18 10:00:00+00:00,1.26292,1.263,1.26143,1.26289,3206,10,0
2024-11-18 11:00:00+00:00,1.26287,1.26296,1.2612999999999999,1.26179,2787,10,0
2024-11-18 12:00:00+00:00,1.26179,1.26287,1.2616,1.26248,2651,10,0
2024-11-18 13:00:00+00:00,1.26248,1.26321,1.26197,1.2625,3471,10,0
2024-11-18 14:00:00+00:00,1.2624900000000001,1.26361,1.26182,1.2631000000000001,3844,10,0
2024-11-18 15:00:00+00:00,1.26309,1.26434,1.26213,1.26393,3631,10,0
2024-11-18 16:00:00+00:00,1.26391,1.2662200000000001,1.26386,1.26607,3084,10,0
2024-11-18 17:00:00+00:00,1.26609,1.26682,1.2653699999999999,1.2665199999999999,2845,10,0
2024-11-18 18:00:00+00:00,1.26651,1.2680799999999999,1.26637,1.26796,2256,10,0
2024-11-18 19:00:00+00:00,1.26796,1.26864,1.26688,1.26711,2542,10,0
2024-11-18 20:00:00+00:00,1.26709,1.26779,1.26704,1.26752,2116,10,0
2024-11-18 21:00:00+00:00,1.2675,1.2681200000000001,1.26734,1.2674699999999999,1177,10,0
2024-11-18 22:00:00+00:00,1.26748,1.26784,1.26721,1.2674699999999999,738,22,0
2024-11-18 23:00:00+00:00,1.26788,1.26792,1.26716,1.2678099999999999,774,10,0
2024-11-19 00:00:00+00:00,1.2678,1.26783,1.26666,1.26676,1500,10,0
2024-11-19 01:00:00+00:00,1.26677,1.26782,1.26654,1.26766,2086,10,0
2024-11-19 02:00:00+00:00,1.26766,1.26797,1.26715,1.26766,1829,10,0
2024-11-19 03:00:00+00:00,1.26767,1.26888,1.26765,1.26848,1727,10,0
2024-11-19 04:00:00+00:00,1.2685,1.26892,1.26727,1.2674,1615,10,0
2024-11-19 05:00:00+00:00,1.2674,1.2674,1.26668,1.26689,1500,10,0
2024-11-19 06:00:00+00:00,1.2669000000000001,1.26794,1.26673,1.26765,1791,10,0
2024-11-19 07:00:00+00:00,1.26764,1.26789,1.2662499999999999,1.26724,2781,10,0
2024-11-19 08:00:00+00:00,1.26722,1.26794,1.26499,1.26553,4844,10,0
2024-11-19 09:00:00+00:00,1.26553,1.26606,1.26125,1.2627,7052,10,0
2024-11-19 10:00:00+00:00,1.2627,1.26481,1.26246,1.26355,4570,10,0
2024-11-19 11:00:00+00:00,1.26356,1.26428,1.2625899999999999,1.2634400000000001,3209,10,0
2024-11-19 12:00:00+00:00,1.2634699999999999,1.26436,1.26291,1.26436,2895,10,0
2024-11-19 13:00:00+00:00,1.26436,1.26531,1.2631999999999999,1.26353,4413,10,0
2024-11-19 14:00:00+00:00,1.2635100000000001,1.26545,1.26269,1.26386,6066,10,0
2024-11-19 15:00:00+00:00,1.26384,1.26703,1.26314,1.26637,4406,10,0
2024-11-19 16:00:00+00:00,1.26638,1.26789,1.26616,1.2665600000000001,3824,10,0
2024-11-19 17:00:00+00:00,1.26653,1.26818,1.26645,1.26707,3005,10,0
2024-11-19 18:00:00+00:00,1.26705,1.26782,1.2661,1.26773,2389,10,0
2024-11-19 19:00:00+00:00,1.26775,1.26809,1.26684,1.26755,2400,10,0
2024-11-19 20:00:00+00:00,1.26754,1.26848,1.26736,1.2677100000000001,2071,10,0
2024-11-19 21:00:00+00:00,1.26769,1.26848,1.26756,1.26802,1116,10,0
2024-11-19 22:00:00+00:00,1.26804,1.2681499999999999,1.26728,1.26728,865,19,0
2024-11-19 23:00:00+00:00,1.2678,1.2693699999999999,1.26763,1.2693699999999999,1048,10,0
2024-11-20 00:00:00+00:00,1.26936,1.26952,1.26853,1.26865,1263,10,0
2024-11-20 01:00:00+00:00,1.26865,1.26908,1.26834,1.26894,1880,10,0
2024-11-20 02:00:00+00:00,1.26895,1.26933,1.26871,1.26887,1736,10,0
2024-11-20 03:00:00+00:00,1.26886,1.2691,1.26796,1.26816,1358,10,0
2024-11-20 04:00:00+00:00,1.26816,1.26877,1.26792,1.26865,977,10,0
2024-11-20 05:00:00+00:00,1.26867,1.26899,1.26828,1.2683499999999999,1277,10,0
2024-11-20 06:00:00+00:00,1.26833,1.26923,1.26797,1.26859,1983,10,0
2024-11-20 07:00:00+00:00,1.26857,1.27143,1.26785,1.26949,4443,10,0
2024-11-20 08:00:00+00:00,1.2695400000000001,1.26965,1.2673,1.26762,3508,10,0
2024-11-20 09:00:00+00:00,1.26763,1.26825,1.26638,1.26689,3269,10,0
2024-11-20 10:00:00+00:00,1.26688,1.26746,1.26563,1.2659500000000001,2951,10,0
2024-11-20 11:00:00+00:00,1.26597,1.2662499999999999,1.26486,1.26623,2692,10,0
2024-11-20 12:00:00+00:00,1.26627,1.26729,1.26618,1.26666,3042,10,0
2024-11-20 13:00:00+00:00,1.26665,1.2675,1.26618,1.26738,3368,10,0
2024-11-20 14:00:00+00:00,1.26739,1.2674699999999999,1.26376,1.26418,4413,10,0
2024-11-20 15:00:00+00:00,1.26422,1.26624,1.264,1.26529,4791,10,0
2024-11-20 16:00:00+00:00,1.26529,1.2656,1.26304,1.26368,3958,10,0
2024-11-20 17:00:00+00:00,1.26371,1.26615,1.26303,1.26541,2627,10,0
2024-11-20 18:00:00+00:00,1.26539,1.26547,1.26411,1.26489,2517,10,0
2024-11-20 19:00:00+00:00,1.26491,1.26518,1.26448,1.26471,1858,10,0
2024-11-20 20:00:00+00:00,1.2646899999999999,1.2646899999999999,1.26425,1.26463,1885,10,0
2024-11-20 21:00:00+00:00,1.26465,1.2652999999999999,1.26448,1.26514,1318,10,0
2024-11-20 22:00:00+00:00,1.26512,1.26517,1.2645,1.2646600000000001,764,13,0
2024-11-20 23:00:00+00:00,1.26464,1.2655,1.26464,1.26549,603,10,0
2024-11-21 00:00:00+00:00,1.26548,1.26569,1.26508,1.26541,1150,10,0
2024-11-21 01:00:00+00:00,1.26542,1.2658800000000001,1.26531,1.26544,1853,10,0
2024-11-21 02:00:00+00:00,1.26546,1.26583,1.26497,1.26541,1498,10,0
2024-11-21 03:00:00+00:00,1.2654,1.2659099999999999,1.26516,1.26584,1300,10,0
2024-11-21 04:00:00+00:00,1.26584,1.26599,1.2652,1.26541,1066,10,0
2024-11-21 05:00:00+00:00,1.26541,1.26548,1.26488,1.26495,1350,10,0
2024-11-21 06:00:00+00:00,1.26495,1.26576,1.26456,1.2652700000000001,2207,10,0
2024-11-21 07:00:00+00:00,1.26525,1.26529,1.26363,1.2648,3570,10,0
2024-11-21 08:00:00+00:00,1.26482,1.2649599999999999,1.2631299999999999,1.26404,3681,10,0
2024-11-21 09:00:00+00:00,1.264,1.26402,1.2622499999999999,1.26322,4168,10,0
2024-11-21 10:00:00+00:00,1.26321,1.2635399999999999,1.2625199999999999,1.26316,2553,10,0
2024-11-21 11:00:00+00:00,1.26315,1.26512,1.26296,1.26379,2862,10,0
2024-11-21 12:00:00+00:00,1.2638099999999999,1.2644199999999999,1.26304,1.26392,2643,10,0
2024-11-21 13:00:00+00:00,1.26393,1.26573,1.26319,1.2646899999999999,4434,8,0
2024-11-21 14:00:00+00:00,1.26467,1.26499,1.26189,1.26365,4824,10,0
2024-11-21 15:00:00+00:00,1.26362,1.26523,1.26165,1.26176,4774,10,0
2024-11-21 16:00:00+00:00,1.26176,1.2622,1.25847,1.25853,6483,10,0
2024-11-21 17:00:00+00:00,1.25853,1.2602,1.25756,1.25997,4004,10,0
2024-11-21 18:00:00+00:00,1.25997,1.2604199999999999,1.25912,1.26011,2501,10,0
2024-11-21 19:00:00+00:00,1.2601,1.26043,1.25902,1.26011,2129,10,0
2024-11-21 20:00:00+00:00,1.2600799999999999,1.2604899999999999,1.2594699999999999,1.25958,1808,10,0
2024-11-21 21:00:00+00:00,1.25958,1.25967,1.25861,1.25881,1138,10,0
2024-11-21 22:00:00+00:00,1.25878,1.25903,1.25834,1.2585899999999999,873,16,0
2024-11-21 23:00:00+00:00,1.2586300000000001,1.25911,1.2582900000000001,1.25845,1081,10,0
2024-11-22 00:00:00+00:00,1.25844,1.25907,1.25837,1.25898,1904,10,0
2024-11-22 01:00:00+00:00,1.25897,1.25937,1.25847,1.2588,2029,10,0
2024-11-22 02:00:00+00:00,1.25879,1.259,1.25801,1.25865,2051,10,0
2024-11-22 03:00:00+00:00,1.25865,1.25938,1.2582900000000001,1.25836,1823,10,0
2024-11-22 04:00:00+00:00,1.25833,1.25872,1.2580200000000001,1.25846,1583,10,0
2024-11-22 05:00:00+00:00,1.25846,1.25846,1.25657,1.25687,2337,10,0
2024-11-22 06:00:00+00:00,1.25682,1.25738,1.2564199999999999,1.25711,2317,10,0
2024-11-22 07:00:00+00:00,1.2570700000000001,1.25746,1.25512,1.25717,3796,10,0
2024-11-22 08:00:00+00:00,1.25718,1.25812,1.25522,1.25534,5383,10,0
2024-11-22 09:00:00+00:00,1.25533,1.2554,1.24922,1.2511700000000001,12242,10,0
2024-11-22 10:00:00+00:00,1.25114,1.2539799999999999,1.24867,1.2533699999999999,6389,10,0
2024-11-22 11:00:00+00:00,1.25335,1.25339,1.25054,1.25125,3960,10,0
2024-11-22 12:00:00+00:00,1.25129,1.25159,1.25015,1.25114,3796,10,0
2024-11-22 13:00:00+00:00,1.25116,1.2524899999999999,1.25081,1.25197,4708,10,0
2024-11-22 14:00:00+00:00,1.25199,1.25317,1.25131,1.25171,5607,10,0
2024-11-22 15:00:00+00:00,1.25175,1.25372,1.25116,1.25264,6786,10,0
2024-11-22 16:00:00+00:00,1.25265,1.2528000000000001,1.25069,1.25148,4051,10,0
2024-11-22 17:00:00+00:00,1.25149,1.2530999999999999,1.25142,1.25294,3061,10,0
2024-11-22 18:00:00+00:00,1.25294,1.25347,1.25244,1.25255,2556,10,0
2024-11-22 19:00:00+00:00,1.25254,1.25292,1.2522,1.25248,2112,10,0
2024-11-22 20:00:00+00:00,1.25253,1.25318,1.25216,1.2530299999999999,2325,10,0
2024-11-22 21:00:00+00:00,1.25305,1.25338,1.25285,1.25321,2833,10,0
2024-11-24 22:00:00+00:00,1.2582200000000001,1.25841,1.25675,1.258,981,56,0
2024-11-24 23:00:00+00:00,1.25862,1.25964,1.25739,1.2592400000000001,2506,10,0
2024-11-25 00:00:00+00:00,1.2592400000000001,1.25976,1.25869,1.25941,2246,10,0
2024-11-25 01:00:00+00:00,1.25939,1.2604600000000001,1.25911,1.25939,2653,10,0
2024-11-25 02:00:00+00:00,1.25935,1.2606600000000001,1.25911,1.2600500000000001,2234,10,0
2024-11-25 03:00:00+00:00,1.2600500000000001,1.26024,1.25922,1.25927,2046,10,0
2024-11-25 04:00:00+00:00,1.25925,1.25964,1.25905,1.2594699999999999,1595,10,0
2024-11-25 05:00:00+00:00,1.2594699999999999,1.26003,1.25879,1.2594,1860,10,0
2024-11-25 06:00:00+00:00,1.25938,1.26048,1.25892,1.26,2290,10,0
2024-11-25 07:00:00+00:00,1.25996,1.25997,1.25706,1.25715,3102,10,0
2024-11-25 08:00:00+00:00,1.2570999999999999,1.25731,1.25478,1.25607,4805,10,0
2024-11-25 09:00:00+00:00,1.25606,1.25785,1.25584,1.2572999999999999,4251,10,0
2024-11-25 10:00:00+00:00,1.25733,1.25827,1.25704,1.2578,3196,10,0
2024-11-25 11:00:00+00:00,1.25778,1.25819,1.25627,1.25648,2580,10,0
2024-11-25 12:00:00+00:00,1.25648,1.2574100000000001,1.2551,1.2570999999999999,3229,10,0
2024-11-25 13:00:00+00:00,1.25709,1.26132,1.2569,1.26106,5153,8,0
2024-11-25 14:00:00+00:00,1.26109,1.2612999999999999,1.25826,1.25853,5614,10,0
2024-11-25 15:00:00+00:00,1.25853,1.2593,1.25471,1.25505,4935,10,0
2024-11-25 16:00:00+00:00,1.25504,1.25651,1.25411,1.25503,4494,10,0
2024-11-25 17:00:00+00:00,1.25502,1.25552,1.25418,1.2554,3204,10,0
2024-11-25 18:00:00+00:00,1.25539,1.25754,1.25532,1.25743,2976,10,0
2024-11-25 19:00:00+00:00,1.25746,1.25767,1.25696,1.25743,2145,10,0
2024-11-25 20:00:00+00:00,1.25742,1.2578,1.25654,1.25668,2093,10,0
2024-11-25 21:00:00+00:00,1.2566899999999999,1.25709,1.25629,1.25658,1246,10,0
2024-11-25 22:00:00+00:00,1.25654,1.25688,1.2562,1.25633,774,22,0
2024-11-25 23:00:00+00:00,1.25684,1.25726,1.25292,1.25321,3245,10,0
2024-11-26 00:00:00+00:00,1.25323,1.2539,1.2511,1.2513,5953,10,0
2024-11-26 01:00:00+00:00,1.25126,1.25367,1.25069,1.25266,4788,10,0
2024-11-26 02:00:00+00:00,1.25266,1.25351,1.25237,1.25314,3051,10,0
2024-11-26 03:00:00+00:00,1.25314,1.25489,1.25291,1.2548300000000001,2340,10,0
2024-11-26 04:00:00+00:00,1.2548300000000001,1.25621,1.2548300000000001,1.25519,2183,10,0
2024-11-26 05:00:00+00:00,1.25518,1.25546,1.25461,1.2548,2015,10,0
2024-11-26 06:00:00+00:00,1.25479,1.25557,1.25444,1.2545600000000001,2717,10,0
2024-11-26 07:00:00+00:00,1.2545600000000001,1.25539,1.2542200000000001,1.2543,3921,10,0
2024-11-26 08:00:00+00:00,1.2542900000000001,1.25542,1.25373,1.25521,4299,10,0
2024-11-26 09:00:00+00:00,1.2552400000000001,1.25782,1.2552400000000001,1.25713,4422,10,0
2024-11-26 10:00:00+00:00,1.25709,1.2592400000000001,1.2570299999999999,1.25885,3368,10,0
2024-11-26 11:00:00+00:00,1.2588300000000001,1.25908,1.25733,1.25835,2701,10,0
2024-11-26 12:00:00+00:00,1.25831,1.26158,1.2576800000000001,1.2606,4623,10,0
2024-11-26 13:00:00+00:00,1.26057,1.2609,1.25789,1.25817,5531,10,0
2024-11-26 14:00:00+00:00,1.25818,1.25879,1.25687,1.25743,5035,8,0
2024-11-26 15:00:00+00:00,1.25745,1.25781,1.25545,1.25628,5815,8,0
2024-11-26 16:00:00+00:00,1.25624,1.25666,1.25324,1.25435,5696,10,0
2024-11-26 17:00:00+00:00,1.25436,1.25446,1.2530299999999999,1.25369,3732,10,0
2024-11-26 18:00:00+00:00,1.2536800000000001,1.2540200000000001,1.25243,1.25347,2916,10,0
2024-11-26 19:00:00+00:00,1.2535,1.2549299999999999,1.25301,1.25453,4067,10,0
2024-11-26 20:00:00+00:00,1.25454,1.2558500000000001,1.25442,1.25576,2655,10,0
2024-11-26 21:00:00+00:00,1.25575,1.25691,1.2557,1.25658,1462,10,0
2024-11-26 22:00:00+00:00,1.25661,1.2568,1.25624,1.25624,1763,22,0
2024-11-26 23:00:00+00:00,1.25662,1.25738,1.25662,1.25731,875,10,0
2024-11-27 00:00:00+00:00,1.25731,1.25773,1.25705,1.25727,2040,10,0
2024-11-27 01:00:00+00:00,1.25726,1.2579500000000001,1.25705,1.25744,2881,10,0
2024-11-27 02:00:00+00:00,1.25744,1.25754,1.25689,1.25742,2226,10,0
2024-11-27 03:00:00+00:00,1.25742,1.25748,1.25686,1.25714,1765,10,0
2024-11-27 04:00:00+00:00,1.25713,1.25754,1.25675,1.25719,1463,10,0
2024-11-27 05:00:00+00:00,1.25719,1.2572999999999999,1.2566,1.25678,1624,10,0
2024-11-27 06:00:00+00:00,1.2567599999999999,1.25796,1.25664,1.2573699999999999,2082,10,0
2024-11-27 07:00:00+00:00,1.25735,1.25977,1.25735,1.25918,3224,10,0
2024-11-27 08:00:00+00:00,1.25918,1.2616100000000001,1.25887,1.25986,5700,10,0
2024-11-27 09:00:00+00:00,1.25987,1.2610700000000001,1.2591999999999999,1.26036,3970,10,0
2024-11-27 10:00:00+00:00,1.26037,1.2619,1.25974,1.26133,3311,10,0
2024-11-27 11:00:00+00:00,1.26135,1.26189,1.25994,1.26098,2704,10,0
2024-11-27 12:00:00+00:00,1.26096,1.26309,1.2606899999999999,1.26271,3215,10,0
2024-11-27 13:00:00+00:00,1.26273,1.2662499999999999,1.2623,1.26621,5035,10,0
2024-11-27 14:00:00+00:00,1.26623,1.26674,1.26399,1.26514,5764,10,0
2024-11-27 15:00:00+00:00,1.26509,1.2687599999999999,1.26328,1.26764,6152,10,0
2024-11-27 16:00:00+00:00,1.26764,1.26942,1.26645,1.2676,4729,10,0
2024-11-27 17:00:00+00:00,1.26756,1.26936,1.26687,1.26742,3751,10,0
2024-11-27 18:00:00+00:00,1.26741,1.2682,1.2671700000000001,1.26759,2358,10,0
2024-11-27 19:00:00+00:00,1.26756,1.26803,1.26705,1.26727,2121,10,0
2024-11-27 20:00:00+00:00,1.26724,1.26795,1.26689,1.26783,2363,10,0
2024-11-27 21:00:00+00:00,1.2678,1.26818,1.26762,1.26775,1254,10,0
2024-11-27 22:00:00+00:00,1.26777,1.26786,1.26732,1.26746,826,26,0
2024-11-27 23:00:00+00:00,1.26798,1.26825,1.2676,1.26766,841,10,0
2024-11-28 00:00:00+00:00,1.26766,1.26773,1.26692,1.26698,1634,10,0
2024-11-28 01:00:00+00:00,1.26698,1.2677800000000001,1.26647,1.26721,2806,10,0
2024-11-28 02:00:00+00:00,1.26722,1.26752,1.26638,1.26693,2029,10,0
2024-11-28 03:00:00+00:00,1.26693,1.26701,1.26606,1.26624,1732,10,0
2024-11-28 04:00:00+00:00,1.26627,1.2667,1.26581,1.26664,1620,10,0
2024-11-28 05:00:00+00:00,1.26668,1.26691,1.26631,1.26635,1688,10,0
2024-11-28 06:00:00+00:00,1.26637,1.26664,1.26571,1.26603,2041,10,0
2024-11-28 07:00:00+00:00,1.26604,1.26681,1.26452,1.26512,3037,10,0
2024-11-28 08:00:00+00:00,1.2651,1.26567,1.26446,1.26495,4207,10,0
2024-11-28 09:00:00+00:00,1.26494,1.26582,1.26444,1.26507,4246,10,0
2024-11-28 10:00:00+00:00,1.26508,1.26675,1.26472,1.26653,2477,10,0
2024-11-28 11:00:00+00:00,1.26653,1.26736,1.26617,1.26663,2474,10,0
2024-11-28 12:00:00+00:00,1.26664,1.26688,1.2659500000000001,1.26658,2255,10,0
2024-11-28 13:00:00+00:00,1.2665600000000001,1.26705,1.2659,1.26635,3065,8,0
2024-11-28 14:00:00+00:00,1.26634,1.26758,1.26605,1.26758,2956,10,0
2024-11-28 15:00:00+00:00,1.26758,1.26825,1.26704,1.26816,3063,10,0
2024-11-28 16:00:00+00:00,1.26811,1.2689599999999999,1.26756,1.26868,1986,10,0
2024-11-28 17:00:00+00:00,1.2686899999999999,1.26891,1.26829,1.2687,1298,10,0
2024-11-28 18:00:00+00:00,1.26872,1.26895,1.26838,1.2686899999999999,488,10,0
2024-11-28 19:00:00+00:00,1.2686899999999999,1.2689300000000001,1.26855,1.26892,418,10,0
2024-11-28 20:00:00+00:00,1.26892,1.26908,1.2686,1.2687,424,10,0
2024-11-28 21:00:00+00:00,1.2687,1.26899,1.26837,1.26838,451,10,0
2024-11-28 22:00:00+00:00,1.2684,1.26879,1.26823,1.26825,681,25,0
2024-11-28 23:00:00+00:00,1.26874,1.2695699999999999,1.2684199999999999,1.26949,1249,10,0
2024-11-29 00:00:00+00:00,1.26948,1.27042,1.26923,1.27017,1740,10,0
2024-11-29 01:00:00+00:00,1.27017,1.27112,1.26975,1.2701500000000001,3193,10,0
2024-11-29 02:00:00+00:00,1.2701500000000001,1.27114,1.27009,1.27081,2352,10,0
2024-11-29 03:00:00+00:00,1.27082,1.27148,1.27051,1.27124,1899,10,0
2024-11-29 04:00:00+00:00,1.27124,1.27166,1.27081,1.27094,1713,10,0
2024-11-29 05:00:00+00:00,1.27093,1.27126,1.27054,1.2706,1912,10,0
2024-11-29 06:00:00+00:00,1.27058,1.27257,1.2704900000000001,1.27234,2156,10,0
2024-11-29 07:00:00+00:00,1.2723200000000001,1.27499,1.2720799999999999,1.27225,4687,10,0
2024-11-29 08:00:00+00:00,1.27224,1.27259,1.26963,1.27038,3951,10,0
2024-11-29 09:00:00+00:00,1.27037,1.27135,1.26894,1.26928,3670,10,0
2024-11-29 10:00:00+00:00,1.26924,1.2695400000000001,1.26817,1.26946,3532,10,0
2024-11-29 11:00:00+00:00,1.26945,1.26978,1.2687599999999999,1.26971,2782,10,0
2024-11-29 12:00:00+00:00,1.26975,1.27014,1.26809,1.26975,3381,10,0
2024-11-29 13:00:00+00:00,1.26974,1.27029,1.26767,1.26851,3462,10,0
2024-11-29 14:00:00+00:00,1.26853,1.26935,1.26715,1.26882,3889,10,0
2024-11-29 15:00:00+00:00,1.26879,1.27138,1.26852,1.27082,5270,10,0
2024-11-29 16:00:00+00:00,1.27084,1.27104,1.26905,1.2696100000000001,4514,10,0
2024-11-29 17:00:00+00:00,1.2696100000000001,1.27244,1.26914,1.2724,3211,10,0
2024-11-29 18:00:00+00:00,1.27244,1.27349,1.27233,1.27264,2120,10,0
2024-11-29 19:00:00+00:00,1.27263,1.27385,1.2723499999999999,1.27378,1558,24,0
2024-11-29 20:00:00+00:00,1.27379,1.2744900000000001,1.27339,1.27436,1814,24,0
2024-11-29 21:00:00+00:00,1.27436,1.27448,1.27336,1.27344,2664,24,0
2024-12-01 22:00:00+00:00,1.27175,1.27283,1.27156,1.2724,1065,119,0
2024-12-01 23:00:00+00:00,1.2727,1.27319,1.26952,1.27011,2070,10,0
2024-12-02 00:00:00+00:00,1.27011,1.2705600000000001,1.26864,1.2693400000000001,2400,10,0
2024-12-02 01:00:00+00:00,1.26931,1.26969,1.26856,1.26902,3066,10,0
2024-12-02 02:00:00+00:00,1.2690299999999999,1.26922,1.26797,1.26878,2839,10,0
2024-12-02 03:00:00+00:00,1.2687599999999999,1.2692700000000001,1.2683900000000001,1.26887,2252,10,0
2024-12-02 04:00:00+00:00,1.26887,1.26946,1.26858,1.26908,1795,10,0
2024-12-02 05:00:00+00:00,1.2691,1.26942,1.26807,1.26861,2351,10,0
2024-12-02 06:00:00+00:00,1.26858,1.27072,1.26855,1.27039,3009,10,0
2024-12-02 07:00:00+00:00,1.27039,1.2708300000000001,1.26792,1.26823,4710,10,0
2024-12-02 08:00:00+00:00,1.26819,1.26973,1.2678099999999999,1.26943,4565,10,0
2024-12-02 09:00:00+00:00,1.26944,1.27075,1.26926,1.27027,4046,10,0
2024-12-02 10:00:00+00:00,1.27029,1.27134,1.26967,1.27047,3864,10,0
2024-12-02 11:00:00+00:00,1.2704900000000001,1.27221,1.27024,1.27107,2979,10,0
2024-12-02 12:00:00+00:00,1.27108,1.27133,1.26619,1.2665199999999999,4395,10,0
2024-12-02 13:00:00+00:00,1.26651,1.2685,1.26651,1.26843,4569,10,0
2024-12-02 14:00:00+00:00,1.2684199999999999,1.26917,1.26341,1.2637,5348,8,0
2024-12-02 15:00:00+00:00,1.26368,1.26424,1.2616399999999999,1.26275,6780,10,0
2024-12-02 16:00:00+00:00,1.26278,1.26525,1.2616800000000001,1.26355,5428,10,0
2024-12-02 17:00:00+00:00,1.26357,1.26541,1.2631999999999999,1.26437,3425,10,0
2024-12-02 18:00:00+00:00,1.26441,1.26488,1.26401,1.26448,2723,10,0
2024-12-02 19:00:00+00:00,1.2645,1.26522,1.2642,1.2649,2408,10,0
2024-12-02 20:00:00+00:00,1.26491,1.26701,1.2646600000000001,1.2654,4465,10,0
2024-12-02 21:00:00+00:00,1.26542,1.26571,1.2651,1.26517,1408,10,0
2024-12-02 22:00:00+00:00,1.26521,1.26536,1.2647,1.2647,733,29,0
2024-12-02 23:00:00+00:00,1.2652700000000001,1.2658800000000001,1.26513,1.26581,966,10,0
2024-12-03 00:00:00+00:00,1.2658,1.2659799999999999,1.26474,1.2650299999999999,1669,10,0
2024-12-03 01:00:00+00:00,1.26505,1.26563,1.26422,1.26458,2893,10,0
2024-12-03 02:00:00+00:00,1.26461,1.2646899999999999,1.26379,1.26423,2523,10,0
2024-12-03 03:00:00+00:00,1.26422,1.26487,1.26398,1.26458,1953,10,0
2024-12-03 04:00:00+00:00,1.26458,1.26486,1.26426,1.2643900000000001,1576,10,0
2024-12-03 05:00:00+00:00,1.26437,1.26498,1.26391,1.2646899999999999,1738,10,0
2024-12-03 06:00:00+00:00,1.26471,1.26545,1.26425,1.2649,2297,10,0
2024-12-03 07:00:00+00:00,1.2649,1.26722,1.26465,1.26621,3318,10,0
2024-12-03 08:00:00+00:00,1.26624,1.26936,1.26608,1.26895,4691,10,0
2024-12-03 09:00:00+00:00,1.26898,1.2696399999999999,1.26728,1.26773,3645,10,0
2024-12-03 10:00:00+00:00,1.26775,1.26828,1.2663,1.26657,2967,10,0
2024-12-03 11:00:00+00:00,1.26655,1.26696,1.2659799999999999,1.26624,2931,10,0
2024-12-03 12:00:00+00:00,1.26624,1.26651,1.26432,1.26451,3220,10,0
2024-12-03 13:00:00+00:00,1.26452,1.26727,1.2643,1.26692,3695,10,0
2024-12-03 14:00:00+00:00,1.26694,1.26734,1.26577,1.26647,4734,8,0
2024-12-03 15:00:00+00:00,1.26662,1.26698,1.26363,1.26615,6490,10,0
2024-12-03 16:00:00+00:00,1.26611,1.26746,1.26507,1.2674,3933,10,0
2024-12-03 17:00:00+00:00,1.26743,1.26923,1.26648,1.2691,3514,10,0
2024-12-03 18:00:00+00:00,1.26909,1.26994,1.26894,1.26967,3036,10,0
2024-12-03 19:00:00+00:00,1.26969,1.26979,1.26654,1.26675,2502,10,0
2024-12-03 20:00:00+00:00,1.26677,1.26769,1.26651,1.26715,2414,10,0
2024-12-03 21:00:00+00:00,1.2671000000000001,1.2674400000000001,1.26695,1.26698,1308,10,0
2024-12-03 22:00:00+00:00,1.267,1.26712,1.2666,1.2666,504,16,0
2024-12-03 23:00:00+00:00,1.26718,1.26745,1.26675,1.26736,743,10,0
2024-12-04 00:00:00+00:00,1.26735,1.2678,1.26621,1.26633,1730,10,0
2024-12-04 01:00:00+00:00,1.26634,1.26732,1.26594,1.2667,2577,10,0
2024-12-04 02:00:00+00:00,1.26668,1.26714,1.26614,1.26634,2467,10,0
2024-12-04 03:00:00+00:00,1.26634,1.26637,1.26513,1.26553,2185,10,0
2024-12-04 04:00:00+00:00,1.26553,1.26798,1.26513,1.2679,2198,10,0
2024-12-04 05:00:00+00:00,1.2679,1.26945,1.2677100000000001,1.26902,1941,10,0
2024-12-04 06:00:00+00:00,1.2690299999999999,1.27012,1.2681200000000001,1.26969,2214,10,0
2024-12-04 07:00:00+00:00,1.26966,1.26982,1.2675100000000001,1.26814,3283,10,0
2024-12-04 08:00:00+00:00,1.2681,1.26946,1.26667,1.26715,4609,10,0
2024-12-04 09:00:00+00:00,1.26715,1.26814,1.26297,1.26761,7695,10,0
2024-12-04 10:00:00+00:00,1.26759,1.2683,1.26639,1.2665899999999999,3591,10,0
2024-12-04 11:00:00+00:00,1.26658,1.26858,1.26613,1.26793,3440,10,0
2024-12-04 12:00:00+00:00,1.26792,1.2681499999999999,1.2661,1.2665600000000001,3046,10,0
2024-12-04 13:00:00+00:00,1.26655,1.2680799999999999,1.26599,1.26699,5183,8,0
2024-12-04 14:00:00+00:00,1.26697,1.26834,1.26621,1.26732,4580,8,0
2024-12-04 15:00:00+00:00,1.26738,1.2711700000000001,1.26738,1.2707600000000001,8731,10,0
2024-12-04 16:00:00+00:00,1.27078,1.2717,1.27001,1.27092,4237,10,0
2024-12-04 17:00:00+00:00,1.27094,1.27214,1.2707,1.27158,2895,10,0
2024-12-04 18:00:00+00:00,1.27158,1.27188,1.26911,1.2692999999999999,2440,10,0
2024-12-04 19:00:00+00:00,1.26925,1.2711000000000001,1.26867,1.27,4658,10,0
2024-12-04 20:00:00+00:00,1.27003,1.27046,1.26933,1.27026,2514,10,0
2024-12-04 21:00:00+00:00,1.27026,1.27037,1.2696100000000001,1.26984,1125,10,0
2024-12-04 22:00:00+00:00,1.2698,1.2702200000000001,1.26922,1.26967,545,25,0
2024-12-04 23:00:00+00:00,1.27017,1.27072,1.2699099999999999,1.27006,960,10,0
2024-12-05 00:00:00+00:00,1.27007,1.2701,1.26925,1.26972,1540,10,0
2024-12-05 01:00:00+00:00,1.26971,1.27004,1.26947,1.2696399999999999,2173,10,0
2024-12-05 02:00:00+00:00,1.26966,1.27093,1.26939,1.2705199999999999,1915,10,0
2024-12-05 03:00:00+00:00,1.2705199999999999,1.2709,1.2701500000000001,1.2708599999999999,1521,10,0
2024-12-05 04:00:00+00:00,1.27087,1.27112,1.27002,1.27023,1283,10,0
2024-12-05 05:00:00+00:00,1.27023,1.27164,1.2702,1.2713700000000001,1821,10,0
2024-12-05 06:00:00+00:00,1.2713700000000001,1.27189,1.27116,1.27154,1939,10,0
2024-12-05 07:00:00+00:00,1.27157,1.2731,1.27157,1.27291,2936,10,0
2024-12-05 08:00:00+00:00,1.27288,1.27399,1.2726,1.27277,3270,10,0
2024-12-05 09:00:00+00:00,1.2728,1.27302,1.27136,1.27212,2800,10,0
2024-12-05 10:00:00+00:00,1.2721,1.27254,1.27145,1.27187,2752,10,0
2024-12-05 11:00:00+00:00,1.27186,1.27347,1.2714699999999999,1.27314,2545,10,0
2024-12-05 12:00:00+00:00,1.27313,1.27328,1.27135,1.27263,3194,10,0
2024-12-05 13:00:00+00:00,1.2726199999999999,1.27515,1.2723,1.27508,5144,10,0
2024-12-05 14:00:00+00:00,1.27511,1.27702,1.2748300000000001,1.27591,4960,10,0
2024-12-05 15:00:00+00:00,1.27592,1.27638,1.27329,1.27565,4734,10,0
2024-12-05 16:00:00+00:00,1.27565,1.2762,1.27467,1.27534,3652,10,0
2024-12-05 17:00:00+00:00,1.2753700000000001,1.2759,1.2737,1.2745600000000001,2955,10,0
2024-12-05 18:00:00+00:00,1.27454,1.27474,1.27312,1.27405,2572,10,0
2024-12-05 19:00:00+00:00,1.27408,1.27592,1.27408,1.27562,2477,10,0
2024-12-05 20:00:00+00:00,1.27562,1.27572,1.27496,1.27511,1703,10,0
2024-12-05 21:00:00+00:00,1.27507,1.27609,1.2749,1.27603,1089,10,0
2024-12-05 22:00:00+00:00,1.2760099999999999,1.2760099999999999,1.27535,1.27556,974,22,0
2024-12-05 23:00:00+00:00,1.27587,1.27612,1.27557,1.27597,786,10,0
2024-12-06 00:00:00+00:00,1.276,1.27602,1.27505,1.27516,1361,10,0
2024-12-06 01:00:00+00:00,1.2751700000000001,1.2753,1.2739500000000001,1.27437,2058,10,0
2024-12-06 02:00:00+00:00,1.2744,1.27521,1.27433,1.27492,1853,10,0
2024-12-06 03:00:00+00:00,1.27493,1.27536,1.27458,1.27503,1662,10,0
2024-12-06 04:00:00+00:00,1.27504,1.27509,1.27453,1.27475,1244,10,0
2024-12-06 05:00:00+00:00,1.27474,1.2747600000000001,1.2742,1.27447,1399,10,0
2024-12-06 06:00:00+00:00,1.27444,1.2749,1.27408,1.27454,1691,10,0
2024-12-06 07:00:00+00:00,1.27455,1.27648,1.27402,1.27631,2800,10,0
2024-12-06 08:00:00+00:00,1.27633,1.27737,1.27569,1.2760799999999999,3055,10,0
2024-12-06 09:00:00+00:00,1.27609,1.27646,1.27549,1.27586,2550,10,0
2024-12-06 10:00:00+00:00,1.27587,1.27645,1.27491,1.27612,2338,10,0
2024-12-06 11:00:00+00:00,1.27617,1.27715,1.27551,1.2769599999999999,2151,10,0
2024-12-06 12:00:00+00:00,1.27695,1.2778,1.2765900000000001,1.27685,2772,10,0
2024-12-06 13:00:00+00:00,1.27688,1.28109,1.27674,1.27941,7200,8,0
2024-12-06 14:00:00+00:00,1.27945,1.27985,1.27538,1.2760099999999999,8329,8,0
2024-12-06 15:00:00+00:00,1.27592,1.27592,1.27274,1.27432,6121,8,0
2024-12-06 16:00:00+00:00,1.27434,1.27554,1.27292,1.27412,4266,10,0
2024-12-06 17:00:00+00:00,1.27409,1.27412,1.27209,1.27272,3560,10,0
2024-12-06 18:00:00+00:00,1.2727,1.27412,1.27259,1.27294,2247,10,0
2024-12-06 19:00:00+00:00,1.27297,1.27359,1.2723,1.27346,1776,12,0
2024-12-06 20:00:00+00:00,1.2735,1.27399,1.27337,1.2738800000000001,1771,12,0
2024-12-06 21:00:00+00:00,1.27386,1.2743,1.27365,1.27413,1140,12,0
2024-12-08 22:00:00+00:00,1.27255,1.27436,1.27238,1.27356,946,86,0
2024-12-08 23:00:00+00:00,1.27423,1.275,1.27408,1.2747600000000001,1268,10,0
2024-12-09 00:00:00+00:00,1.27477,1.2748,1.2739099999999999,1.27407,1414,10,0
2024-12-09 01:00:00+00:00,1.27411,1.2743,1.2736,1.27381,1839,10,0
2024-12-09 02:00:00+00:00,1.27382,1.27437,1.27349,1.27394,1855,10,0
2024-12-09 03:00:00+00:00,1.2739500000000001,1.27414,1.27225,1.2723200000000001,1588,10,0
2024-12-09 04:00:00+00:00,1.2723200000000001,1.27254,1.27169,1.27185,1720,10,0
2024-12-09 05:00:00+00:00,1.27186,1.27234,1.27163,1.272,1537,10,0
2024-12-09 06:00:00+00:00,1.27202,1.27312,1.27198,1.27304,1769,10,0
2024-12-09 07:00:00+00:00,1.27308,1.27628,1.27271,1.2762,3577,10,0
2024-12-09 08:00:00+00:00,1.27618,1.27717,1.27553,1.27681,3628,10,0
2024-12-09 09:00:00+00:00,1.27683,1.2778100000000001,1.27646,1.27681,2942,10,0
2024-12-09 10:00:00+00:00,1.27682,1.27829,1.27681,1.2772999999999999,2817,10,0
2024-12-09 11:00:00+00:00,1.2772700000000001,1.2782499999999999,1.27638,1.27649,2318,10,0
2024-12-09 12:00:00+00:00,1.27645,1.27687,1.27509,1.2757800000000001,2680,10,0
2024-12-09 13:00:00+00:00,1.2757800000000001,1.27844,1.27543,1.2778100000000001,3843,10,0
2024-12-09 14:00:00+00:00,1.27783,1.27833,1.2763200000000001,1.27771,4010,10,0
2024-12-09 15:00:00+00:00,1.27773,1.2798,1.27734,1.27946,4186,10,0
2024-12-09 16:00:00+00:00,1.27945,1.27985,1.27766,1.27797,3164,10,0
2024-12-09 17:00:00+00:00,1.27795,1.27824,1.27694,1.2770299999999999,2283,10,0
2024-12-09 18:00:00+00:00,1.27699,1.27716,1.27616,1.2766199999999999,2051,10,0
2024-12-09 19:00:00+00:00,1.27661,1.27661,1.27481,1.27534,2070,10,0
2024-12-09 20:00:00+00:00,1.27535,1.2756,1.27426,1.27487,1973,10,0
2024-12-09 21:00:00+00:00,1.2748300000000001,1.27528,1.27429,1.27503,1143,10,0
2024-12-09 22:00:00+00:00,1.27505,1.27505,1.27413,1.27424,812,16,0
2024-12-09 23:00:00+00:00,1.27481,1.27503,1.27448,1.27481,796,10,0
2024-12-10 00:00:00+00:00,1.27481,1.27502,1.27441,1.27484,1306,10,0
2024-12-10 01:00:00+00:00,1.27489,1.27489,1.27387,1.27469,2030,10,0
2024-12-10 02:00:00+00:00,1.27472,1.27534,1.2741500000000001,1.27437,2089,10,0
2024-12-10 03:00:00+00:00,1.27433,1.2747899999999999,1.27348,1.27471,2277,10,0
2024-12-10 04:00:00+00:00,1.27471,1.27523,1.27461,1.27474,1699,10,0
2024-12-10 05:00:00+00:00,1.27475,1.27545,1.27439,1.27538,1722,10,0
2024-12-10 06:00:00+00:00,1.27539,1.27628,1.27529,1.27591,1932,10,0
2024-12-10 07:00:00+00:00,1.27592,1.27607,1.27397,1.2741,2468,10,0
2024-12-10 08:00:00+00:00,1.27412,1.27515,1.27365,1.27403,3035,10,0
2024-12-10 09:00:00+00:00,1.27401,1.27546,1.27365,1.2753700000000001,3498,10,0
2024-12-10 10:00:00+00:00,1.27535,1.27656,1.27525,1.27582,2964,10,0
2024-12-10 11:00:00+00:00,1.2758099999999999,1.27647,1.27534,1.27585,2603,10,0
2024-12-10 12:00:00+00:00,1.27588,1.27604,1.27429,1.27546,2799,10,0
2024-12-10 13:00:00+00:00,1.27546,1.27606,1.27443,1.27505,3134,10,0
2024-12-10 14:00:00+00:00,1.27507,1.27624,1.27423,1.27428,3839,10,0
2024-12-10 15:00:00+00:00,1.27432,1.27471,1.2723499999999999,1.27375,4726,10,0
2024-12-10 16:00:00+00:00,1.27378,1.27558,1.27358,1.27545,3439,10,0
2024-12-10 17:00:00+00:00,1.2754699999999999,1.27611,1.2744900000000001,1.27451,2568,10,0
2024-12-10 18:00:00+00:00,1.27454,1.27673,1.27441,1.27644,2559,10,0
2024-12-10 19:00:00+00:00,1.27644,1.27775,1.27607,1.27728,2063,10,0
2024-12-10 20:00:00+00:00,1.27732,1.2776,1.27682,1.27714,1989,10,0
2024-12-10 21:00:00+00:00,1.27714,1.27742,1.27692,1.2770000000000001,1158,10,0
2024-12-10 22:00:00+00:00,1.27691,1.27702,1.27636,1.27641,796,19,0
2024-12-10 23:00:00+00:00,1.2769300000000001,1.2779,1.27684,1.2779,929,10,0
2024-12-11 00:00:00+00:00,1.2779,1.27797,1.2771,1.27748,1290,10,0
2024-12-11 01:00:00+00:00,1.27748,1.2779,1.27717,1.27776,1986,10,0
2024-12-11 02:00:00+00:00,1.27775,1.27812,1.27734,1.27777,1760,10,0
2024-12-11 03:00:00+00:00,1.27776,1.27802,1.27721,1.27728,1487,10,0
2024-12-11 04:00:00+00:00,1.2772700000000001,1.27742,1.27649,1.2766899999999999,1276,10,0
2024-12-11 05:00:00+00:00,1.27668,1.27691,1.27624,1.27656,1365,10,0
2024-12-11 06:00:00+00:00,1.27655,1.2769300000000001,1.2764,1.27671,1521,10,0
2024-12-11 07:00:00+00:00,1.27673,1.27712,1.27302,1.27316,4994,10,0
2024-12-11 08:00:00+00:00,1.27397,1.27557,1.27393,1.2748300000000001,2706,10,0
2024-12-11 09:00:00+00:00,1.2748300000000001,1.27523,1.2726899999999999,1.27294,3789,10,0
2024-12-11 10:00:00+00:00,1.2729599999999999,1.2729599999999999,1.27127,1.2723,3322,10,0
2024-12-11 11:00:00+00:00,1.27231,1.27379,1.2715,1.2735400000000001,2785,10,0
2024-12-11 12:00:00+00:00,1.2735400000000001,1.2748300000000001,1.27322,1.274,3529,10,0
2024-12-11 13:00:00+00:00,1.27401,1.27812,1.27374,1.27697,6874,10,0
2024-12-11 14:00:00+00:00,1.2769599999999999,1.2775699999999999,1.27496,1.27556,6259,10,0
2024-12-11 15:00:00+00:00,1.27559,1.27672,1.27337,1.27431,6146,10,0
2024-12-11 16:00:00+00:00,1.27432,1.27657,1.27407,1.27607,3851,10,0
2024-12-11 17:00:00+00:00,1.27607,1.27649,1.27407,1.2743,2857,10,0
2024-12-11 18:00:00+00:00,1.2743,1.2757,1.2734,1.27349,3419,10,0
2024-12-11 19:00:00+00:00,1.27348,1.2748599999999999,1.27322,1.2745,2801,10,0
2024-12-11 20:00:00+00:00,1.2745199999999999,1.27494,1.27417,1.27458,2016,10,0
2024-12-11 21:00:00+00:00,1.27462,1.27511,1.2746,1.27492,1341,10,0
2024-12-11 22:00:00+00:00,1.27494,1.27503,1.27436,1.27436,719,22,0
2024-12-11 23:00:00+00:00,1.27505,1.27651,1.2748300000000001,1.27645,1074,10,0
2024-12-12 00:00:00+00:00,1.27645,1.27699,1.27597,1.27664,1939,10,0
2024-12-12 01:00:00+00:00,1.2766,1.27715,1.27648,1.27678,2147,10,0
2024-12-12 02:00:00+00:00,1.27678,1.27694,1.27607,1.27631,1628,10,0
2024-12-12 03:00:00+00:00,1.27631,1.27701,1.27616,1.27652,1542,10,0
2024-12-12 04:00:00+00:00,1.27655,1.27695,1.27633,1.2766,1095,10,0
2024-12-12 05:00:00+00:00,1.2766199999999999,1.2766899999999999,1.27604,1.27641,1474,10,0
2024-12-12 06:00:00+00:00,1.27641,1.27701,1.27624,1.27699,1429,10,0
2024-12-12 07:00:00+00:00,1.2770299999999999,1.27875,1.2762,1.27623,3118,10,0
2024-12-12 08:00:00+00:00,1.27622,1.27677,1.2756,1.27606,3764,10,0
2024-12-12 09:00:00+00:00,1.27609,1.27641,1.27539,1.27586,2893,10,0
2024-12-12 10:00:00+00:00,1.27584,1.27638,1.27407,1.27434,2462,10,0
2024-12-12 11:00:00+00:00,1.27435,1.27485,1.2735699999999999,1.27399,2975,10,0
2024-12-12 12:00:00+00:00,1.27398,1.27408,1.2726,1.2726899999999999,2898,10,0
2024-12-12 13:00:00+00:00,1.2726600000000001,1.27432,1.27189,1.27287,6692,10,0
2024-12-12 14:00:00+00:00,1.2729,1.2736399999999999,1.26989,1.27321,8194,10,0
2024-12-12 15:00:00+00:00,1.27324,1.27358,1.26706,1.26887,7386,10,0
2024-12-12 16:00:00+00:00,1.26885,1.2714699999999999,1.26865,1.27116,4310,10,0
2024-12-12 17:00:00+00:00,1.2711700000000001,1.27189,1.2695699999999999,1.27029,3568,10,0
2024-12-12 18:00:00+00:00,1.27029,1.27034,1.26856,1.26859,3255,10,0
2024-12-12 19:00:00+00:00,1.26855,1.26887,1.26697,1.26701,2834,10,0
2024-12-12 20:00:00+00:00,1.26701,1.26752,1.26668,1.26682,2318,10,0
2024-12-12 21:00:00+00:00,1.2668,1.2674699999999999,1.26661,1.26716,1563,10,0
2024-12-12 22:00:00+00:00,1.2671999999999999,1.2674699999999999,1.2664900000000001,1.2664900000000001,910,25,0
2024-12-12 23:00:00+00:00,1.26725,1.2678,1.2671999999999999,1.26766,917,10,0
2024-12-13 00:00:00+00:00,1.26763,1.26787,1.26722,1.2676,1650,10,0
2024-12-13 01:00:00+00:00,1.2676,1.2677800000000001,1.26633,1.26662,2415,10,0
2024-12-13 02:00:00+00:00,1.2666,1.26694,1.26614,1.26624,1794,10,0
2024-12-13 03:00:00+00:00,1.2662499999999999,1.26658,1.2659099999999999,1.2661,1543,10,0
2024-12-13 04:00:00+00:00,1.2661,1.26644,1.2656800000000001,1.26635,1378,10,0
2024-12-13 05:00:00+00:00,1.26634,1.26647,1.2656800000000001,1.26636,1439,10,0
2024-12-13 06:00:00+00:00,1.26639,1.26651,1.26533,1.26645,1872,10,0
2024-12-13 07:00:00+00:00,1.26641,1.26641,1.26181,1.26265,4235,10,0
2024-12-13 08:00:00+00:00,1.26264,1.26362,1.26202,1.26273,3508,10,0
2024-12-13 09:00:00+00:00,1.26269,1.2643499999999999,1.26246,1.26392,3028,10,0
2024-12-13 10:00:00+00:00,1.26394,1.26459,1.2633,1.26428,3122,10,0
2024-12-13 11:00:00+00:00,1.26429,1.26541,1.26425,1.26443,2344,10,0
2024-12-13 12:00:00+00:00,1.2644199999999999,1.26679,1.26409,1.26619,3147,10,0
2024-12-13 13:00:00+00:00,1.2662,1.2668,1.26516,1.26641,3523,10,0
2024-12-13 14:00:00+00:00,1.26643,1.26651,1.26363,1.26364,3438,10,0
2024-12-13 15:00:00+00:00,1.26365,1.26365,1.26078,1.26133,4237,10,0
2024-12-13 16:00:00+00:00,1.26136,1.26346,1.26117,1.26261,3773,10,0
2024-12-13 17:00:00+00:00,1.26264,1.26294,1.2618800000000001,1.26205,2858,10,0
2024-12-13 18:00:00+00:00,1.26205,1.26278,1.26128,1.2623199999999999,2530,10,0
2024-12-13 19:00:00+00:00,1.2623199999999999,1.26267,1.26138,1.2616399999999999,2114,10,0
2024-12-13 20:00:00+00:00,1.26166,1.26196,1.26128,1.26183,1856,10,0
2024-12-13 21:00:00+00:00,1.26185,1.2624,1.26172,1.2619500000000001,1817,10,0
2024-12-15 22:00:00+00:00,1.2602,1.26145,1.2597800000000001,1.26056,943,89,0
2024-12-15 23:00:00+00:00,1.26058,1.26271,1.26058,1.26261,1072,10,0
2024-12-16 00:00:00+00:00,1.2625899999999999,1.2631999999999999,1.2625600000000001,1.26272,1371,10,0
2024-12-16 01:00:00+00:00,1.26271,1.26355,1.26261,1.2635100000000001,1866,10,0
2024-12-16 02:00:00+00:00,1.26353,1.26389,1.26281,1.26304,1667,10,0
2024-12-16 03:00:00+00:00,1.26306,1.26335,1.26284,1.26322,1294,10,0
2024-12-16 04:00:00+00:00,1.26322,1.2637,1.26321,1.2635399999999999,1290,10,0
2024-12-16 05:00:00+00:00,1.2635399999999999,1.26386,1.26331,1.26357,1258,10,0
2024-12-16 06:00:00+00:00,1.26361,1.26379,1.26304,1.26336,1497,10,0
2024-12-16 07:00:00+00:00,1.26334,1.26413,1.26314,1.2631999999999999,2174,10,0
2024-12-16 08:00:00+00:00,1.26321,1.26498,1.26289,1.26388,3557,10,0
2024-12-16 09:00:00+00:00,1.26391,1.2671299999999999,1.26385,1.26536,3182,10,0
2024-12-16 10:00:00+00:00,1.2653699999999999,1.26572,1.26438,1.26447,2392,10,0
2024-12-16 11:00:00+00:00,1.26449,1.26511,1.26413,1.26481,2088,10,0
2024-12-16 12:00:00+00:00,1.26478,1.26579,1.26457,1.26511,2148,10,0
2024-12-16 13:00:00+00:00,1.26508,1.2664,1.26507,1.26634,2830,10,0
2024-12-16 14:00:00+00:00,1.26633,1.26665,1.2635100000000001,1.26485,3945,10,0
2024-12-16 15:00:00+00:00,1.26486,1.26918,1.26486,1.26897,4639,10,0
2024-12-16 16:00:00+00:00,1.2690000000000001,1.26981,1.26825,1.26878,3882,10,0
2024-12-16 17:00:00+00:00,1.2687599999999999,1.26941,1.26786,1.26821,2881,10,0
2024-12-16 18:00:00+00:00,1.26819,1.26985,1.2680799999999999,1.2696,1945,10,0
2024-12-16 19:00:00+00:00,1.2696,1.26981,1.26772,1.26831,1984,10,0
2024-12-16 20:00:00+00:00,1.26834,1.26859,1.2679,1.26825,1516,10,0
2024-12-16 21:00:00+00:00,1.26823,1.26864,1.26785,1.26817,1217,10,0
2024-12-16 22:00:00+00:00,1.26811,1.2682,1.2674699999999999,1.26783,992,22,0
2024-12-16 23:00:00+00:00,1.26814,1.26914,1.26786,1.2689599999999999,836,10,0
2024-12-17 00:00:00+00:00,1.26897,1.2698,1.26892,1.2693699999999999,1424,10,0
2024-12-17 01:00:00+00:00,1.2693699999999999,1.26956,1.2687,1.26891,1825,10,0
2024-12-17 02:00:00+00:00,1.26891,1.26974,1.26872,1.26884,1645,10,0
2024-12-17 03:00:00+00:00,1.26884,1.26909,1.2681499999999999,1.26828,1345,10,0
2024-12-17 04:00:00+00:00,1.26827,1.26843,1.2678099999999999,1.26783,976,10,0
2024-12-17 05:00:00+00:00,1.26782,1.26807,1.26719,1.26741,1466,10,0
2024-12-17 06:00:00+00:00,1.26741,1.26777,1.2665600000000001,1.26708,1922,10,0
2024-12-17 07:00:00+00:00,1.26714,1.27065,1.26711,1.26984,4066,10,0
2024-12-17 08:00:00+00:00,1.26987,1.27058,1.26826,1.26921,3531,10,0
2024-12-17 09:00:00+00:00,1.26919,1.26952,1.2684,1.26865,3112,10,0
2024-12-17 10:00:00+00:00,1.26868,1.26956,1.26702,1.26936,3351,10,0
2024-12-17 11:00:00+00:00,1.26938,1.27038,1.26911,1.26987,2527,10,0
2024-12-17 12:00:00+00:00,1.2698800000000001,1.2707899999999999,1.26929,1.2706,2609,10,0
2024-12-17 13:00:00+00:00,1.2705899999999999,1.27082,1.26915,1.27016,3990,10,0
2024-12-17 14:00:00+00:00,1.27017,1.27073,1.2683499999999999,1.26917,4140,10,0
2024-12-17 15:00:00+00:00,1.26918,1.27156,1.2684,1.27093,4539,10,0
2024-12-17 16:00:00+00:00,1.27094,1.27207,1.2701799999999999,1.27158,3146,10,0
2024-12-17 17:00:00+00:00,1.27155,1.27284,1.27097,1.27192,3021,10,0
2024-12-17 18:00:00+00:00,1.27191,1.27277,1.2713700000000001,1.27161,2597,10,0
2024-12-17 19:00:00+00:00,1.27161,1.2721,1.27091,1.27101,1886,10,0
2024-12-17 20:00:00+00:00,1.27099,1.27135,1.2702499999999999,1.2707899999999999,1750,10,0
2024-12-17 21:00:00+00:00,1.2708,1.27146,1.2706,1.27066,911,10,0
2024-12-17 22:00:00+00:00,1.27065,1.27112,1.2702,1.2707,778,41,0
2024-12-17 23:00:00+00:00,1.27112,1.27136,1.27089,1.27101,702,10,0
2024-12-18 00:00:00+00:00,1.27101,1.27132,1.27065,1.27107,1407,10,0
2024-12-18 01:00:00+00:00,1.27107,1.27131,1.27041,1.27102,2056,10,0
2024-12-18 02:00:00+00:00,1.27107,1.27118,1.27006,1.27033,1710,10,0
2024-12-18 03:00:00+00:00,1.27033,1.2704,1.2696100000000001,1.26969,1436,10,0
2024-12-18 04:00:00+00:00,1.26968,1.27041,1.26946,1.2701500000000001,1427,10,0
2024-12-18 05:00:00+00:00,1.2701500000000001,1.27037,1.26985,1.2702,1453,10,0
2024-12-18 06:00:00+00:00,1.2702,1.27155,1.27012,1.27139,1754,10,0
2024-12-18 07:00:00+00:00,1.27132,1.27275,1.26845,1.26909,3474,10,0
2024-12-18 08:00:00+00:00,1.26907,1.26911,1.26793,1.2686899999999999,3112,10,0
2024-12-18 09:00:00+00:00,1.26867,1.26913,1.26823,1.26874,2609,10,0
2024-12-18 10:00:00+00:00,1.2687599999999999,1.27215,1.26863,1.27169,3137,10,0
2024-12-18 11:00:00+00:00,1.27172,1.2722,1.2705199999999999,1.27068,2970,10,0
2024-12-18 12:00:00+00:00,1.27068,1.27197,1.27035,1.27064,3031,10,0
2024-12-18 13:00:00+00:00,1.27064,1.27203,1.26907,1.26908,3624,10,0
2024-12-18 14:00:00+00:00,1.26906,1.27058,1.26848,1.27,4037,10,0
2024-12-18 15:00:00+00:00,1.27,1.2706,1.2687,1.26922,3875,10,0
2024-12-18 16:00:00+00:00,1.26925,1.26963,1.26831,1.2692700000000001,3028,10,0
2024-12-18 17:00:00+00:00,1.26929,1.27091,1.26912,1.2704900000000001,2509,10,0
2024-12-18 18:00:00+00:00,1.2705,1.2718,1.27005,1.2713999999999999,2447,10,0
2024-12-18 19:00:00+00:00,1.2713,1.2713,1.25918,1.25942,14658,10,0
2024-12-18 20:00:00+00:00,1.2594400000000001,1.2600500000000001,1.25618,1.25758,8572,10,0
2024-12-18 21:00:00+00:00,1.2576,1.25901,1.25668,1.25674,3729,10,0
2024-12-18 22:00:00+00:00,1.2567599999999999,1.25695,1.2562,1.25674,968,29,0
2024-12-18 23:00:00+00:00,1.25698,1.2579099999999999,1.2563,1.2567,2044,10,0
2024-12-19 00:00:00+00:00,1.25671,1.2587,1.25671,1.25815,3091,10,0
2024-12-19 01:00:00+00:00,1.25819,1.25899,1.25796,1.25891,3040,10,0
2024-12-19 02:00:00+00:00,1.2589000000000001,1.25953,1.25834,1.25949,2529,10,0
2024-12-19 03:00:00+00:00,1.2595100000000001,1.25961,1.2584,1.2587,1975,10,0
2024-12-19 04:00:00+00:00,1.2587,1.25877,1.2581,1.25848,1597,10,0
2024-12-19 05:00:00+00:00,1.2585,1.259,1.25819,1.2585,1738,10,0
2024-12-19 06:00:00+00:00,1.2585,1.2598799999999999,1.25824,1.25973,2527,10,0
2024-12-19 07:00:00+00:00,1.25973,1.26145,1.25963,1.26129,4191,10,0
2024-12-19 08:00:00+00:00,1.2612700000000001,1.26484,1.2605,1.2647300000000001,5174,10,0
2024-12-19 09:00:00+00:00,1.2647,1.26664,1.2645,1.26602,4681,10,0
2024-12-19 10:00:00+00:00,1.26602,1.26605,1.26364,1.2637800000000001,3630,10,0
2024-12-19 11:00:00+00:00,1.26379,1.26445,1.26241,1.26301,3180,10,0
2024-12-19 12:00:00+00:00,1.26303,1.26309,1.25837,1.26133,6396,10,0
2024-12-19 13:00:00+00:00,1.26132,1.26207,1.25906,1.25918,5944,8,0
2024-12-19 14:00:00+00:00,1.25916,1.26021,1.25739,1.25805,5850,10,0
2024-12-19 15:00:00+00:00,1.25806,1.25846,1.25446,1.25499,5598,10,0
2024-12-19 16:00:00+00:00,1.25494,1.25627,1.25271,1.2527300000000001,4887,10,0
2024-12-19 17:00:00+00:00,1.25277,1.2534399999999999,1.25069,1.25101,4745,10,0
2024-12-19 18:00:00+00:00,1.25101,1.25282,1.25043,1.25271,3550,10,0
2024-12-19 19:00:00+00:00,1.2527,1.25308,1.25027,1.25038,2947,10,0
2024-12-19 20:00:00+00:00,1.25042,1.25111,1.2500200000000001,1.2502499999999999,2597,10,0
2024-12-19 21:00:00+00:00,1.25023,1.25037,1.24945,1.25004,1474,10,0
2024-12-19 22:00:00+00:00,1.2500499999999999,1.25038,1.24946,1.25008,787,32,0
2024-12-19 23:00:00+00:00,1.2505,1.25058,1.24958,1.24966,1032,10,0
2024-12-20 00:00:00+00:00,1.24967,1.25016,1.24865,1.24898,1800,10,0
2024-12-20 01:00:00+00:00,1.24897,1.24973,1.24857,1.24895,2225,10,0
2024-12-20 02:00:00+00:00,1.24895,1.24906,1.24827,1.24865,2034,10,0
2024-12-20 03:00:00+00:00,1.24867,1.2489,1.24741,1.24799,1760,10,0
2024-12-20 04:00:00+00:00,1.24801,1.2483,1.24781,1.24819,1366,10,0
2024-12-20 05:00:00+00:00,1.24818,1.24868,1.24769,1.24865,1533,10,0
2024-12-20 06:00:00+00:00,1.24865,1.25064,1.2477,1.2505,3517,10,0
2024-12-20 07:00:00+00:00,1.2505,1.25109,1.24962,1.2502900000000001,3685,10,0
2024-12-20 08:00:00+00:00,1.25031,1.25171,1.24914,1.25055,3925,10,0
2024-12-20 09:00:00+00:00,1.25054,1.25105,1.24932,1.2502499999999999,3312,10,0
2024-12-20 10:00:00+00:00,1.25028,1.25202,1.25014,1.25088,2920,10,0
2024-12-20 11:00:00+00:00,1.25088,1.2509299999999999,1.24949,1.25054,2481,10,0
2024-12-20 12:00:00+00:00,1.2505600000000001,1.25228,1.25021,1.25074,2653,10,0
2024-12-20 13:00:00+00:00,1.25072,1.2559,1.25064,1.25538,5160,8,0
2024-12-20 14:00:00+00:00,1.25534,1.25594,1.2539799999999999,1.25474,5006,10,0
2024-12-20 15:00:00+00:00,1.25477,1.25605,1.25372,1.2540200000000001,5454,10,0
2024-12-20 16:00:00+00:00,1.25403,1.2591700000000001,1.2537099999999999,1.25845,5101,10,0
2024-12-20 17:00:00+00:00,1.25848,1.2613400000000001,1.25843,1.26026,4398,10,0
2024-12-20 18:00:00+00:00,1.26027,1.26041,1.2588,1.25938,2464,10,0
2024-12-20 19:00:00+00:00,1.25936,1.2608,1.25897,1.2598,2376,10,0
2024-12-20 20:00:00+00:00,1.2597800000000001,1.26031,1.2573699999999999,1.2573699999999999,2610,10,0
2024-12-20 21:00:00+00:00,1.25736,1.25787,1.25644,1.2567599999999999,1937,10,0
2024-12-22 22:00:00+00:00,1.2553,1.25616,1.25485,1.2561200000000001,963,66,0
2024-12-22 23:00:00+00:00,1.25677,1.2574,1.25629,1.2570000000000001,1310,10,0
2024-12-23 00:00:00+00:00,1.2570000000000001,1.2576100000000001,1.25696,1.25719,1319,10,0
2024-12-23 01:00:00+00:00,1.25719,1.2583,1.25702,1.25806,2012,10,0
2024-12-23 02:00:00+00:00,1.25807,1.25877,1.25796,1.25855,1699,10,0
2024-12-23 03:00:00+00:00,1.25855,1.25875,1.2576800000000001,1.25781,1294,10,0
2024-12-23 04:00:00+00:00,1.25779,1.2582900000000001,1.25754,1.25806,1309,10,0
2024-12-23 05:00:00+00:00,1.25807,1.25843,1.25763,1.25774,1379,10,0
2024-12-23 06:00:00+00:00,1.25774,1.25777,1.25657,1.25677,1742,10,0
2024-12-23 07:00:00+00:00,1.25679,1.2570999999999999,1.2555,1.25582,2220,10,0
2024-12-23 08:00:00+00:00,1.25584,1.25767,1.25568,1.25738,2702,10,0
2024-12-23 09:00:00+00:00,1.25736,1.25828,1.2566899999999999,1.25687,2773,10,0
2024-12-23 10:00:00+00:00,1.25688,1.2572,1.25394,1.25448,2390,10,0
2024-12-23 11:00:00+00:00,1.25447,1.25525,1.25288,1.25327,2436,10,0
2024-12-23 12:00:00+00:00,1.25325,1.25352,1.25121,1.2524,2551,10,0
2024-12-23 13:00:00+00:00,1.2524199999999999,1.25317,1.25179,1.2525,3243,10,0
2024-12-23 14:00:00+00:00,1.25251,1.25379,1.2521900000000001,1.25277,3575,8,0
2024-12-23 15:00:00+00:00,1.25281,1.25317,1.2516,1.25175,4375,10,0
2024-12-23 16:00:00+00:00,1.25175,1.25311,1.25096,1.25278,3084,10,0
2024-12-23 17:00:00+00:00,1.25279,1.25332,1.25153,1.25202,2751,10,0
2024-12-23 18:00:00+00:00,1.25206,1.25352,1.25203,1.25287,2559,10,0
2024-12-23 19:00:00+00:00,1.25286,1.25365,1.25205,1.25343,2000,10,0
2024-12-23 20:00:00+00:00,1.25343,1.25388,1.25282,1.25346,2152,10,0
2024-12-23 21:00:00+00:00,1.2534399999999999,1.25372,1.25302,1.25338,1143,10,0
2024-12-23 22:00:00+00:00,1.25333,1.2536100000000001,1.25295,1.25333,881,28,0
2024-12-23 23:00:00+00:00,1.25369,1.2537,1.25312,1.25322,1085,10,0
2024-12-24 00:00:00+00:00,1.25322,1.25349,1.25248,1.25282,1277,10,0
2024-12-24 01:00:00+00:00,1.25282,1.25332,1.25279,1.25315,1393,10,0
2024-12-24 02:00:00+00:00,1.25316,1.25417,1.25314,1.25336,1351,10,0
2024-12-24 03:00:00+00:00,1.2534,1.25346,1.25274,1.2530999999999999,1272,10,0
2024-12-24 04:00:00+00:00,1.25311,1.2539799999999999,1.2530700000000001,1.25387,1140,10,0
2024-12-24 05:00:00+00:00,1.25387,1.2540200000000001,1.25328,1.25373,1310,10,0
2024-12-24 06:00:00+00:00,1.25373,1.25392,1.25304,1.2534399999999999,1522,10,0
2024-12-24 07:00:00+00:00,1.25342,1.25379,1.25306,1.25317,1560,10,0
2024-12-24 08:00:00+00:00,1.25316,1.25449,1.25316,1.25351,1913,10,0
2024-12-24 09:00:00+00:00,1.25352,1.25406,1.25275,1.2533400000000001,2137,10,0
2024-12-24 10:00:00+00:00,1.25332,1.25394,1.2526,1.2536100000000001,2026,10,0
2024-12-24 11:00:00+00:00,1.25358,1.2541,1.2529,1.25331,1934,10,0
2024-12-24 12:00:00+00:00,1.25333,1.25607,1.25309,1.25502,2365,10,0
2024-12-24 13:00:00+00:00,1.25494,1.25677,1.25482,1.2565,2591,8,0
2024-12-24 14:00:00+00:00,1.25651,1.25743,1.25568,1.2563,2874,10,0
2024-12-24 15:00:00+00:00,1.25628,1.25656,1.25351,1.2539500000000001,3177,10,0
2024-12-24 16:00:00+00:00,1.2539500000000001,1.25435,1.25234,1.2523900000000001,2532,10,0
2024-12-24 17:00:00+00:00,1.25236,1.25297,1.2518099999999999,1.25186,2271,10,0
2024-12-24 18:00:00+00:00,1.25184,1.25325,1.2518,1.25309,981,10,0
2024-12-24 19:00:00+00:00,1.25308,1.25318,1.25285,1.25291,670,37,0
2024-12-24 20:00:00+00:00,1.25291,1.25407,1.25287,1.25385,763,37,0
2024-12-24 21:00:00+00:00,1.25387,1.25469,1.25305,1.2534399999999999,970,42,0
2024-12-25 22:00:00+00:00,1.25267,1.25399,1.25267,1.25393,661,148,0
2024-12-25 23:00:00+00:00,1.25468,1.2548,1.25373,1.25428,1121,10,0
2024-12-26 00:00:00+00:00,1.25427,1.25462,1.25373,1.25442,1065,10,0
2024-12-26 01:00:00+00:00,1.25442,1.25462,1.25373,1.25411,1514,10,0
2024-12-26 02:00:00+00:00,1.2541,1.25444,1.25399,1.25433,1044,10,0
2024-12-26 03:00:00+00:00,1.2543199999999999,1.2548,1.2542499999999999,1.25458,955,10,0
2024-12-26 04:00:00+00:00,1.2545600000000001,1.25474,1.25373,1.25374,1077,10,0
2024-12-26 05:00:00+00:00,1.25374,1.25473,1.25374,1.25444,949,10,0
2024-12-26 06:00:00+00:00,1.25444,1.25449,1.25388,1.2539500000000001,969,10,0
2024-12-26 07:00:00+00:00,1.25393,1.25403,1.25216,1.25301,1546,10,0
2024-12-26 08:00:00+00:00,1.2530299999999999,1.25323,1.25255,1.25275,1510,10,0
2024-12-26 09:00:00+00:00,1.25272,1.25324,1.25235,1.25305,1583,10,0
2024-12-26 10:00:00+00:00,1.25306,1.25346,1.2528299999999999,1.25326,1159,10,0
2024-12-26 11:00:00+00:00,1.25325,1.25329,1.25285,1.25301,966,10,0
2024-12-26 12:00:00+00:00,1.25299,1.25301,1.25142,1.25196,1758,10,0
2024-12-26 13:00:00+00:00,1.25196,1.25304,1.25173,1.25233,2473,10,0
2024-12-26 14:00:00+00:00,1.25233,1.25244,1.25015,1.2507,2932,10,0
2024-12-26 15:00:00+00:00,1.25071,1.25216,1.25007,1.25102,3247,10,0
2024-12-26 16:00:00+00:00,1.25102,1.25218,1.25083,1.25209,2140,10,0
2024-12-26 17:00:00+00:00,1.25206,1.2524600000000001,1.25113,1.25155,2179,10,0
2024-12-26 18:00:00+00:00,1.25153,1.2536,1.25149,1.25243,2625,10,0
2024-12-26 19:00:00+00:00,1.25243,1.25311,1.25186,1.25248,2320,10,0
2024-12-26 20:00:00+00:00,1.2524600000000001,1.25293,1.25233,1.25275,1917,10,0
2024-12-26 21:00:00+00:00,1.2527599999999999,1.25284,1.25233,1.25238,1347,10,0
2024-12-26 22:00:00+00:00,1.2524,1.25256,1.25183,1.25216,1022,16,0
2024-12-26 23:00:00+00:00,1.25254,1.25316,1.25233,1.25274,944,10,0
2024-12-27 00:00:00+00:00,1.25274,1.25302,1.25244,1.25281,1354,10,0
2024-12-27 01:00:00+00:00,1.25279,1.25289,1.2521900000000001,1.25228,1989,10,0
2024-12-27 02:00:00+00:00,1.25226,1.25243,1.25179,1.2521200000000001,1780,10,0
2024-12-27 03:00:00+00:00,1.25209,1.25263,1.2518,1.25259,1451,10,0
2024-12-27 04:00:00+00:00,1.25259,1.25284,1.25208,1.25227,1385,10,0
2024-12-27 05:00:00+00:00,1.25225,1.25267,1.25197,1.25201,1428,10,0
2024-12-27 06:00:00+00:00,1.252,1.2526,1.2517800000000001,1.2524,1282,10,0
2024-12-27 07:00:00+00:00,1.25238,1.25319,1.25197,1.25296,1966,10,0
2024-12-27 08:00:00+00:00,1.25298,1.25342,1.25195,1.25238,2519,10,0
2024-12-27 09:00:00+00:00,1.25238,1.25243,1.25046,1.25084,2350,10,0
2024-12-27 10:00:00+00:00,1.25082,1.25372,1.25081,1.25324,2434,10,0
2024-12-27 11:00:00+00:00,1.25327,1.25556,1.25228,1.25516,2825,10,0
2024-12-27 12:00:00+00:00,1.25518,1.2566899999999999,1.25481,1.25539,2777,10,0
2024-12-27 13:00:00+00:00,1.25537,1.25742,1.25523,1.25736,2933,8,0
2024-12-27 14:00:00+00:00,1.25738,1.25772,1.25571,1.25697,3632,10,0
2024-12-27 15:00:00+00:00,1.2570000000000001,1.25922,1.25533,1.25763,5045,10,0
2024-12-27 16:00:00+00:00,1.25765,1.25912,1.25698,1.2570000000000001,3403,10,0
2024-12-27 17:00:00+00:00,1.25697,1.25697,1.2554699999999999,1.25598,3081,10,0
2024-12-27 18:00:00+00:00,1.25595,1.25692,1.25594,1.25679,2337,10,0
2024-12-27 19:00:00+00:00,1.25675,1.2582900000000001,1.25636,1.25807,2283,10,0
2024-12-27 20:00:00+00:00,1.25809,1.25814,1.25727,1.258,2227,10,0
2024-12-27 21:00:00+00:00,1.258,1.25805,1.25736,1.25776,1570,10,0
2024-12-29 22:00:00+00:00,1.25666,1.25717,1.25561,1.25692,552,75,0
2024-12-29 23:00:00+00:00,1.25745,1.25871,1.25745,1.25772,1057,10,0
2024-12-30 00:00:00+00:00,1.25772,1.25815,1.25723,1.25784,1103,10,0
2024-12-30 01:00:00+00:00,1.25784,1.25836,1.2576100000000001,1.258,1350,10,0
2024-12-30 02:00:00+00:00,1.258,1.25813,1.25762,1.25783,1201,10,0
2024-12-30 03:00:00+00:00,1.25783,1.25796,1.25748,1.2579099999999999,1206,10,0
2024-12-30 04:00:00+00:00,1.2579099999999999,1.25808,1.2577,1.25805,1074,10,0
2024-12-30 05:00:00+00:00,1.25805,1.25847,1.2578,1.25814,1266,10,0
2024-12-30 06:00:00+00:00,1.25814,1.2588599999999999,1.2581,1.25852,1504,10,0
2024-12-30 07:00:00+00:00,1.25852,1.25862,1.25706,1.2579099999999999,2204,10,0
2024-12-30 08:00:00+00:00,1.2579500000000001,1.25836,1.25609,1.25645,2846,10,0
2024-12-30 09:00:00+00:00,1.25645,1.25819,1.25622,1.25767,2679,10,0
2024-12-30 10:00:00+00:00,1.2576399999999999,1.25972,1.2573400000000001,1.259,2493,10,0
2024-12-30 11:00:00+00:00,1.25898,1.26068,1.2588300000000001,1.2597800000000001,2410,10,0
2024-12-30 12:00:00+00:00,1.25977,1.26058,1.25888,1.25958,2880,10,0
2024-12-30 13:00:00+00:00,1.25959,1.2598,1.2552699999999999,1.25539,3993,10,0
2024-12-30 14:00:00+00:00,1.25543,1.25675,1.2540200000000001,1.2554699999999999,5564,10,0
2024-12-30 15:00:00+00:00,1.25546,1.25569,1.25058,1.2511999999999999,5464,10,0
2024-12-30 16:00:00+00:00,1.25119,1.25319,1.25073,1.2518500000000001,4445,10,0
2024-12-30 17:00:00+00:00,1.25189,1.25444,1.25189,1.25437,3051,10,0
2024-12-30 18:00:00+00:00,1.2544,1.25584,1.25435,1.2554,2917,10,0
2024-12-30 19:00:00+00:00,1.25543,1.25567,1.2543,1.25435,2331,10,0
2024-12-30 20:00:00+00:00,1.25434,1.25537,1.25406,1.25457,2207,10,0
2024-12-30 21:00:00+00:00,1.25461,1.25513,1.25446,1.25491,1003,10,0
2024-12-30 22:00:00+00:00,1.2548599999999999,1.25504,1.25289,1.25289,987,28,0
2024-12-30 23:00:00+00:00,1.25414,1.25487,1.2540200000000001,1.25477,812,10,0
2024-12-31 00:00:00+00:00,1.25477,1.2548,1.25377,1.2546599999999999,791,10,0
2024-12-31 01:00:00+00:00,1.2546599999999999,1.25593,1.25437,1.25577,1683,10,0
2024-12-31 02:00:00+00:00,1.25577,1.25594,1.2554,1.2556,1287,10,0
2024-12-31 03:00:00+00:00,1.2556,1.25574,1.25498,1.25514,1035,10,0
2024-12-31 04:00:00+00:00,1.25514,1.25516,1.25445,1.25449,832,10,0
2024-12-31 05:00:00+00:00,1.25449,1.25536,1.2544,1.25507,781,10,0
2024-12-31 06:00:00+00:00,1.25507,1.25514,1.25412,1.25475,1464,10,0
2024-12-31 07:00:00+00:00,1.25477,1.25651,1.25447,1.25613,2135,10,0
2024-12-31 08:00:00+00:00,1.25614,1.25627,1.25418,1.25531,3042,10,0
2024-12-31 09:00:00+00:00,1.25531,1.2569,1.25462,1.25542,2772,10,0
2024-12-31 10:00:00+00:00,1.2554,1.2554,1.25317,1.25508,3303,10,0
2024-12-31 11:00:00+00:00,1.25509,1.2551999999999999,1.25328,1.25386,2592,10,0
2024-12-31 12:00:00+00:00,1.25386,1.25498,1.25289,1.25308,3144,10,0
2024-12-31 13:00:00+00:00,1.2530999999999999,1.25379,1.25195,1.25286,4036,10,0
2024-12-31 14:00:00+00:00,1.25288,1.25375,1.25214,1.25272,4371,10,0
2024-12-31 15:00:00+00:00,1.25271,1.2554,1.25186,1.2527300000000001,6447,10,0
2024-12-31 16:00:00+00:00,1.2527300000000001,1.25329,1.25122,1.252,5106,10,0
2024-12-31 17:00:00+00:00,1.25199,1.25233,1.25048,1.25182,3575,10,0
2024-12-31 18:00:00+00:00,1.2518,1.2518799999999999,1.25052,1.25099,3034,10,0
2024-12-31 19:00:00+00:00,1.2509700000000001,1.25201,1.25052,1.25094,2399,10,0
2024-12-31 20:00:00+00:00,1.25094,1.25271,1.25087,1.2518799999999999,2072,10,0
2024-12-31 21:00:00+00:00,1.2519,1.2521499999999999,1.25112,1.25122,988,10,0
2025-01-01 22:00:00+00:00,1.25048,1.25133,1.2499,1.25123,581,49,0
2025-01-01 23:00:00+00:00,1.2514,1.25194,1.25072,1.25191,1458,10,0
2025-01-02 00:00:00+00:00,1.2518799999999999,1.25201,1.25091,1.25161,1431,10,0
2025-01-02 01:00:00+00:00,1.25161,1.25221,1.25112,1.25198,2138,10,0
2025-01-02 02:00:00+00:00,1.25199,1.25331,1.25195,1.25329,1410,10,0
2025-01-02 03:00:00+00:00,1.25331,1.25363,1.25297,1.25358,1096,10,0
2025-01-02 04:00:00+00:00,1.25358,1.254,1.2530999999999999,1.2534,1060,10,0
2025-01-02 05:00:00+00:00,1.2534,1.25357,1.25291,1.25321,1048,10,0
2025-01-02 06:00:00+00:00,1.25322,1.25331,1.25275,1.2529,1359,10,0
2025-01-02 07:00:00+00:00,1.25288,1.25339,1.25196,1.2521499999999999,2221,10,0
2025-01-02 08:00:00+00:00,1.25214,1.2524,1.24903,1.2498,4079,10,0
2025-01-02 09:00:00+00:00,1.24977,1.25027,1.24794,1.24821,3102,10,0
2025-01-02 10:00:00+00:00,1.24821,1.24915,1.24458,1.24465,4440,10,0
2025-01-02 11:00:00+00:00,1.24462,1.24539,1.24346,1.24529,3464,10,0
2025-01-02 12:00:00+00:00,1.2453,1.24567,1.2415,1.24199,3378,10,0
2025-01-02 13:00:00+00:00,1.24198,1.2421,1.23973,1.24035,5348,8,0
2025-01-02 14:00:00+00:00,1.24036,1.2411,1.23885,1.23984,4640,10,0
2025-01-02 15:00:00+00:00,1.23981,1.23989,1.23696,1.23744,5801,10,0
2025-01-02 16:00:00+00:00,1.23745,1.23787,1.23519,1.2374100000000001,7563,10,0
2025-01-02 17:00:00+00:00,1.2374,1.23801,1.23608,1.23713,3868,10,0
2025-01-02 18:00:00+00:00,1.23716,1.23756,1.23655,1.23689,2971,10,0
2025-01-02 19:00:00+00:00,1.23692,1.23776,1.23633,1.23688,2543,10,0
2025-01-02 20:00:00+00:00,1.23685,1.23846,1.23685,1.23776,2110,10,0
2025-01-02 21:00:00+00:00,1.23776,1.23816,1.2377,1.23798,965,10,0
2025-01-02 22:00:00+00:00,1.23793,1.23809,1.2370700000000001,1.23769,1116,16,0
2025-01-02 23:00:00+00:00,1.23825,1.23825,1.23749,1.23795,1010,10,0
2025-01-03 00:00:00+00:00,1.23792,1.23872,1.23779,1.23862,1115,10,0
2025-01-03 01:00:00+00:00,1.2386300000000001,1.23898,1.23818,1.2385,1523,10,0
2025-01-03 02:00:00+00:00,1.23849,1.23915,1.23836,1.23907,1470,10,0
2025-01-03 03:00:00+00:00,1.23907,1.23955,1.23904,1.23933,942,10,0
2025-01-03 04:00:00+00:00,1.23933,1.23941,1.23898,1.23937,867,10,0
2025-01-03 05:00:00+00:00,1.23939,1.23972,1.23856,1.23948,1197,10,0
2025-01-03 06:00:00+00:00,1.23946,1.24036,1.23943,1.24035,1128,10,0
2025-01-03 07:00:00+00:00,1.24032,1.24062,1.23868,1.23993,3307,10,0
2025-01-03 08:00:00+00:00,1.2399499999999999,1.24067,1.23901,1.2393,3241,10,0
2025-01-03 09:00:00+00:00,1.23931,1.24162,1.2392400000000001,1.24055,2731,10,0
2025-01-03 10:00:00+00:00,1.24057,1.24079,1.23858,1.23923,2505,10,0
2025-01-03 11:00:00+00:00,1.2392400000000001,1.24161,1.23921,1.2412,1872,10,0
2025-01-03 12:00:00+00:00,1.24092,1.24124,1.24052,1.24058,463,10,0
2025-01-03 13:00:00+00:00,1.24061,1.2411699999999999,1.2398500000000001,1.24009,2718,10,0
2025-01-03 14:00:00+00:00,1.2401200000000001,1.24129,1.23932,1.24111,3250,10,0
2025-01-03 15:00:00+00:00,1.24106,1.24169,1.23875,1.2404,5462,10,0
2025-01-03 16:00:00+00:00,1.24038,1.24174,1.2402,1.24169,3333,10,0
2025-01-03 17:00:00+00:00,1.24171,1.24287,1.24153,1.24179,2790,10,0
2025-01-03 18:00:00+00:00,1.24183,1.24258,1.24151,1.24198,2062,10,0
2025-01-03 19:00:00+00:00,1.24196,1.24335,1.2417799999999999,1.24272,1885,10,0
2025-01-03 20:00:00+00:00,1.24269,1.24336,1.2424,1.24261,1796,10,0
2025-01-03 21:00:00+00:00,1.24259,1.24292,1.24195,1.24219,950,10,0
2025-01-05 22:00:00+00:00,1.24125,1.24164,1.24027,1.24089,1027,156,0
2025-01-05 23:00:00+00:00,1.24171,1.24335,1.24171,1.24242,1015,10,0
2025-01-06 00:00:00+00:00,1.24245,1.24315,1.24173,1.2429000000000001,1798,10,0
2025-01-06 01:00:00+00:00,1.24291,1.24383,1.24259,1.24347,2178,10,0
2025-01-06 02:00:00+00:00,1.24345,1.2442,1.2432400000000001,1.24387,1776,10,0
2025-01-06 03:00:00+00:00,1.24387,1.24403,1.24313,1.2435100000000001,1367,10,0
2025-01-06 04:00:00+00:00,1.2435,1.2439,1.24315,1.2437,997,10,0
2025-01-06 05:00:00+00:00,1.2437,1.24436,1.24354,1.2436099999999999,1232,10,0
2025-01-06 06:00:00+00:00,1.2436099999999999,1.24471,1.2435100000000001,1.24423,1596,10,0
2025-01-06 07:00:00+00:00,1.2442,1.24565,1.24376,1.24519,2215,10,0
2025-01-06 08:00:00+00:00,1.24518,1.24821,1.24513,1.24798,3684,10,0
2025-01-06 09:00:00+00:00,1.24797,1.24911,1.24705,1.24748,4337,10,0
2025-01-06 10:00:00+00:00,1.2475100000000001,1.24784,1.24627,1.24633,2903,10,0
2025-01-06 11:00:00+00:00,1.24633,1.25473,1.24551,1.2543,9723,10,0
2025-01-06 12:00:00+00:00,1.25428,1.25508,1.25255,1.25346,5237,10,0
2025-01-06 13:00:00+00:00,1.2535,1.25481,1.25201,1.25336,5808,10,0
2025-01-06 14:00:00+00:00,1.25338,1.2536800000000001,1.24679,1.25114,13800,8,0
2025-01-06 15:00:00+00:00,1.25112,1.25172,1.24933,1.25075,7825,8,0
2025-01-06 16:00:00+00:00,1.25075,1.25346,1.25039,1.25258,4464,10,0
2025-01-06 17:00:00+00:00,1.25259,1.25267,1.25011,1.25173,3113,10,0
2025-01-06 18:00:00+00:00,1.25177,1.25195,1.2505,1.25075,2584,10,0
2025-01-06 19:00:00+00:00,1.25076,1.25147,1.25021,1.25123,2079,10,0
2025-01-06 20:00:00+00:00,1.25123,1.25217,1.25107,1.25192,1657,10,0
2025-01-06 21:00:00+00:00,1.25194,1.25233,1.25169,1.2518,1162,10,0
2025-01-06 22:00:00+00:00,1.25177,1.25194,1.25091,1.2515,960,25,0
2025-01-06 23:00:00+00:00,1.2518500000000001,1.25194,1.25085,1.25092,848,10,0
2025-01-07 00:00:00+00:00,1.25096,1.25138,1.25034,1.25123,1606,10,0
2025-01-07 01:00:00+00:00,1.25125,1.25233,1.2506,1.25187,2111,10,0
2025-01-07 02:00:00+00:00,1.25184,1.25243,1.25162,1.25195,1571,10,0
2025-01-07 03:00:00+00:00,1.25195,1.25327,1.25164,1.25324,1250,10,0
2025-01-07 04:00:00+00:00,1.25323,1.25349,1.25286,1.25306,1144,10,0
2025-01-07 05:00:00+00:00,1.25306,1.25421,1.25291,1.25373,1559,10,0
2025-01-07 06:00:00+00:00,1.25373,1.25454,1.25347,1.2537,1755,10,0
2025-01-07 07:00:00+00:00,1.25373,1.25628,1.25366,1.25519,3455,10,0
2025-01-07 08:00:00+00:00,1.2551700000000001,1.25607,1.25314,1.25607,3560,10,0
2025-01-07 09:00:00+00:00,1.2560799999999999,1.25753,1.25594,1.25629,3241,10,0
2025-01-07 10:00:00+00:00,1.25627,1.25684,1.2554400000000001,1.25582,3095,10,0
2025-01-07 11:00:00+00:00,1.25582,1.25591,1.25339,1.25391,2736,10,0
2025-01-07 12:00:00+00:00,1.25391,1.25442,1.25236,1.25266,3343,10,0
2025-01-07 13:00:00+00:00,1.25267,1.25482,1.25236,1.25419,3425,10,0
2025-01-07 14:00:00+00:00,1.2542200000000001,1.25437,1.25268,1.25287,3750,8,0
2025-01-07 15:00:00+00:00,1.25306,1.25354,1.24791,1.2497,8494,10,0
2025-01-07 16:00:00+00:00,1.24972,1.25044,1.24829,1.24957,6556,10,0
2025-01-07 17:00:00+00:00,1.24959,1.25067,1.24885,1.24993,4424,10,0
2025-01-07 18:00:00+00:00,1.24992,1.25034,1.24839,1.24879,3179,10,0
2025-01-07 19:00:00+00:00,1.24879,1.24947,1.24856,1.249,2328,10,0
2025-01-07 20:00:00+00:00,1.24898,1.24903,1.24787,1.24797,1940,10,0
2025-01-07 21:00:00+00:00,1.24799,1.24799,1.24743,1.24749,772,10,0
2025-01-07 22:00:00+00:00,1.2475100000000001,1.2477,1.24735,1.24742,577,13,0
2025-01-07 23:00:00+00:00,1.24762,1.24779,1.24725,1.24755,802,10,0
2025-01-08 00:00:00+00:00,1.24756,1.24829,1.24755,1.2477800000000001,1560,10,0
2025-01-08 01:00:00+00:00,1.24779,1.2484899999999999,1.24756,1.24848,1693,10,0
2025-01-08 02:00:00+00:00,1.24848,1.24879,1.24832,1.24855,1190,10,0
2025-01-08 03:00:00+00:00,1.24855,1.2487,1.24779,1.24779,1195,10,0
2025-01-08 04:00:00+00:00,1.2477800000000001,1.2484,1.24774,1.24817,990,10,0
2025-01-08 05:00:00+00:00,1.24818,1.24889,1.24785,1.24879,1210,10,0
2025-01-08 06:00:00+00:00,1.24879,1.24936,1.24839,1.24898,1526,10,0
2025-01-08 07:00:00+00:00,1.24898,1.24898,1.2463,1.24677,3544,10,0
2025-01-08 08:00:00+00:00,1.24675,1.24714,1.24409,1.24411,4077,10,0
2025-01-08 09:00:00+00:00,1.2441,1.24535,1.24399,1.24499,3340,10,0
2025-01-08 10:00:00+00:00,1.245,1.2451699999999999,1.24409,1.24469,2812,10,0
2025-01-08 11:00:00+00:00,1.24469,1.24469,1.2324,1.2372,12844,10,0
2025-01-08 12:00:00+00:00,1.23718,1.23735,1.23202,1.23366,7469,10,0
2025-01-08 13:00:00+00:00,1.23366,1.2358500000000001,1.23224,1.2355800000000001,8755,8,0
2025-01-08 14:00:00+00:00,1.2356,1.23659,1.23234,1.23267,6290,10,0
2025-01-08 15:00:00+00:00,1.23265,1.23523,1.23261,1.23427,5804,10,0
2025-01-08 16:00:00+00:00,1.23426,1.23681,1.23336,1.2365,4498,10,0
2025-01-08 17:00:00+00:00,1.2365,1.23677,1.23376,1.23456,3495,10,0
2025-01-08 18:00:00+00:00,1.23456,1.23662,1.23453,1.2352,2887,10,0
2025-01-08 19:00:00+00:00,1.23574,1.23765,1.23541,1.23571,2600,8,0
2025-01-08 20:00:00+00:00,1.23572,1.2364,1.2351,1.23622,1972,10,0
2025-01-08 21:00:00+00:00,1.23622,1.23661,1.236,1.23616,959,10,0
2025-01-08 22:00:00+00:00,1.23617,1.23639,1.23564,1.23606,1102,19,0
2025-01-08 23:00:00+00:00,1.23633,1.23637,1.23574,1.23575,783,10,0
2025-01-09 00:00:00+00:00,1.23576,1.23609,1.2347299999999999,1.2355800000000001,1513,10,0
2025-01-09 01:00:00+00:00,1.2355800000000001,1.23634,1.23542,1.2359,1823,10,0
2025-01-09 02:00:00+00:00,1.2359,1.23649,1.23574,1.23599,1505,10,0
2025-01-09 03:00:00+00:00,1.23601,1.2363,1.23424,1.2344,1581,10,0
2025-01-09 04:00:00+00:00,1.23438,1.23446,1.23315,1.23342,1494,10,0
2025-01-09 05:00:00+00:00,1.23342,1.23408,1.23282,1.23315,1732,10,0
2025-01-09 06:00:00+00:00,1.23314,1.2332,1.22921,1.22946,3788,10,0
2025-01-09 07:00:00+00:00,1.22945,1.23082,1.2251400000000001,1.22587,6705,10,0
2025-01-09 08:00:00+00:00,1.22588,1.22937,1.22377,1.22874,6780,10,0
2025-01-09 09:00:00+00:00,1.22875,1.23041,1.22769,1.22814,4979,10,0
2025-01-09 10:00:00+00:00,1.22815,1.22908,1.2251,1.22846,5816,10,0
2025-01-09 11:00:00+00:00,1.22844,1.23004,1.22715,1.22887,4524,10,0
2025-01-09 12:00:00+00:00,1.22886,1.22939,1.22698,1.22925,3359,10,0
2025-01-09 13:00:00+00:00,1.22928,1.23228,1.22872,1.23005,4481,10,0
2025-01-09 14:00:00+00:00,1.23001,1.23142,1.22946,1.2313399999999999,3783,10,0
2025-01-09 15:00:00+00:00,1.23136,1.23167,1.22943,1.23022,4072,10,0
2025-01-09 16:00:00+00:00,1.23022,1.2303600000000001,1.22867,1.23005,3252,10,0
2025-01-09 17:00:00+00:00,1.23004,1.2312400000000001,1.22976,1.23011,2525,10,0
2025-01-09 18:00:00+00:00,1.23007,1.2309,1.22962,1.23057,1677,10,0
2025-01-09 19:00:00+00:00,1.23058,1.2313,1.23025,1.23084,1089,10,0
2025-01-09 20:00:00+00:00,1.23084,1.23148,1.23069,1.23101,1054,10,0
2025-01-09 21:00:00+00:00,1.23099,1.2310699999999999,1.23056,1.23065,895,10,0
2025-01-09 22:00:00+00:00,1.23064,1.23086,1.23015,1.23056,965,19,0
2025-01-09 23:00:00+00:00,1.2305,1.23102,1.22976,1.22981,842,10,0
2025-01-10 00:00:00+00:00,1.22981,1.2304599999999999,1.22938,1.22968,1546,10,0
2025-01-10 01:00:00+00:00,1.22968,1.23082,1.22947,1.23029,1972,10,0
2025-01-10 02:00:00+00:00,1.2303,1.2307299999999999,1.22997,1.23045,1446,10,0
2025-01-10 03:00:00+00:00,1.23047,1.23054,1.22993,1.23005,1105,10,0
2025-01-10 04:00:00+00:00,1.2300200000000001,1.23034,1.22909,1.22928,1177,10,0
2025-01-10 05:00:00+00:00,1.22929,1.22961,1.2274,1.22757,1648,10,0
2025-01-10 06:00:00+00:00,1.22754,1.22818,1.22658,1.22679,2085,10,0
2025-01-10 07:00:00+00:00,1.22681,1.22939,1.22679,1.22901,2696,10,0
2025-01-10 08:00:00+00:00,1.22897,1.23045,1.22832,1.22881,3846,10,0
2025-01-10 09:00:00+00:00,1.22878,1.23079,1.22836,1.23016,3484,10,0
2025-01-10 10:00:00+00:00,1.23019,1.2303,1.2288999999999999,1.22948,2861,10,0
2025-01-10 11:00:00+00:00,1.22945,1.2306300000000001,1.22859,1.23019,2686,10,0
2025-01-10 12:00:00+00:00,1.23021,1.23192,1.22989,1.23153,2886,10,0
2025-01-10 13:00:00+00:00,1.23155,1.23213,1.21909,1.22312,11914,10,0
2025-01-10 14:00:00+00:00,1.22309,1.22539,1.22191,1.22435,11042,10,0
2025-01-10 15:00:00+00:00,1.22427,1.22624,1.22223,1.22293,9848,10,0
2025-01-10 16:00:00+00:00,1.22296,1.22303,1.21943,1.22116,6676,10,0
2025-01-10 17:00:00+00:00,1.22118,1.22309,1.22038,1.22218,4256,10,0
2025-01-10 18:00:00+00:00,1.22213,1.22229,1.22056,1.22126,3298,10,0
2025-01-10 19:00:00+00:00,1.22128,1.22162,1.22031,1.22095,3308,10,0
2025-01-10 20:00:00+00:00,1.22094,1.22105,1.22017,1.22084,2372,10,0
2025-01-10 21:00:00+00:00,1.22084,1.22137,1.22044,1.22072,1482,10,0
2025-01-12 22:00:00+00:00,1.21891,1.21989,1.21878,1.21986,768,106,0
2025-01-12 23:00:00+00:00,1.22074,1.2209,1.21989,1.22038,1046,11,0
2025-01-13 00:00:00+00:00,1.22034,1.22064,1.21928,1.2201,1661,10,0
2025-01-13 01:00:00+00:00,1.22011,1.22072,1.21883,1.2190699999999999,2659,10,0
2025-01-13 02:00:00+00:00,1.21908,1.2193,1.21799,1.21808,2204,10,0
2025-01-13 03:00:00+00:00,1.21808,1.2181899999999999,1.21371,1.21423,2857,10,0
2025-01-13 04:00:00+00:00,1.21427,1.21563,1.21252,1.21384,2560,10,0
2025-01-13 05:00:00+00:00,1.21385,1.21496,1.21296,1.21465,2086,10,0
2025-01-13 06:00:00+00:00,1.21463,1.216,1.2141,1.21432,2293,10,0
2025-01-13 07:00:00+00:00,1.21429,1.21546,1.21227,1.21381,4756,10,0
2025-01-13 08:00:00+00:00,1.21378,1.21707,1.21353,1.21353,5883,10,0
2025-01-13 09:00:00+00:00,1.21352,1.21451,1.21011,1.21064,6626,10,0
2025-01-13 10:00:00+00:00,1.21061,1.21334,1.21057,1.21307,4249,10,0
2025-01-13 11:00:00+00:00,1.21306,1.2135799999999999,1.2109,1.21096,4166,10,0
2025-01-13 12:00:00+00:00,1.21096,1.21322,1.20991,1.21224,5224,10,0
2025-01-13 13:00:00+00:00,1.21228,1.2153,1.2111,1.21414,4867,10,0
2025-01-13 14:00:00+00:00,1.21411,1.21521,1.2132,1.21499,5586,10,0
2025-01-13 15:00:00+00:00,1.215,1.21596,1.21375,1.21509,5778,10,0
2025-01-13 16:00:00+00:00,1.21508,1.21692,1.21421,1.21549,4586,10,0
2025-01-13 17:00:00+00:00,1.21552,1.21744,1.2155,1.21735,3627,10,0
2025-01-13 18:00:00+00:00,1.21738,1.21828,1.2163,1.2179,3006,10,0
2025-01-13 19:00:00+00:00,1.21787,1.21799,1.21637,1.21667,2459,10,0
2025-01-13 20:00:00+00:00,1.21667,1.21786,1.21652,1.21757,1934,10,0
2025-01-13 21:00:00+00:00,1.2175799999999999,1.22041,1.21755,1.2201,2123,10,0
2025-01-13 22:00:00+00:00,1.22003,1.22179,1.21896,1.22179,1120,48,0
2025-01-13 23:00:00+00:00,1.22182,1.22497,1.2215799999999999,1.22309,3061,10,0
2025-01-14 00:00:00+00:00,1.22306,1.22313,1.22069,1.22103,2391,10,0
2025-01-14 01:00:00+00:00,1.22103,1.22141,1.22038,1.22108,2937,10,0
2025-01-14 02:00:00+00:00,1.22109,1.22119,1.21918,1.22019,2252,10,0
2025-01-14 03:00:00+00:00,1.22018,1.22173,1.21996,1.22086,2005,10,0
2025-01-14 04:00:00+00:00,1.2208700000000001,1.22155,1.22007,1.2209699999999999,1409,10,0
2025-01-14 05:00:00+00:00,1.22094,1.22122,1.2196799999999999,1.22024,1903,10,0
2025-01-14 06:00:00+00:00,1.2202600000000001,1.22133,1.22016,1.22133,2555,10,0
2025-01-14 07:00:00+00:00,1.22134,1.22284,1.22038,1.22094,4623,10,0
2025-01-14 08:00:00+00:00,1.22096,1.22457,1.22064,1.22129,5798,10,0
2025-01-14 09:00:00+00:00,1.2213,1.2213,1.21755,1.21778,4782,10,0
2025-01-14 10:00:00+00:00,1.21776,1.21891,1.21735,1.21867,4034,10,0
2025-01-14 11:00:00+00:00,1.21868,1.2193,1.2169699999999999,1.21762,2946,10,0
2025-01-14 12:00:00+00:00,1.21761,1.21787,1.21547,1.21632,3929,10,0
2025-01-14 13:00:00+00:00,1.2163,1.2181899999999999,1.21389,1.21527,9410,10,0
2025-01-14 14:00:00+00:00,1.2153100000000001,1.21772,1.21404,1.21559,6642,10,0
2025-01-14 15:00:00+00:00,1.21562,1.22018,1.21554,1.21994,6583,10,0
2025-01-14 16:00:00+00:00,1.21995,1.22121,1.21761,1.2185,6218,10,0
2025-01-14 17:00:00+00:00,1.21848,1.21862,1.21677,1.21849,3852,10,0
2025-01-14 18:00:00+00:00,1.21849,1.22086,1.2183,1.22061,2743,10,0
2025-01-14 19:00:00+00:00,1.2206,1.22106,1.21954,1.21987,2183,10,0
2025-01-14 20:00:00+00:00,1.21991,1.22082,1.21943,1.22042,2318,10,0
2025-01-14 21:00:00+00:00,1.22045,1.22164,1.22039,1.22138,1104,10,0
2025-01-14 22:00:00+00:00,1.22139,1.22139,1.22031,1.22098,964,12,0
2025-01-14 23:00:00+00:00,1.22129,1.2214800000000001,1.22047,1.22101,992,10,0
2025-01-15 00:00:00+00:00,1.221,1.22103,1.21995,1.2202,1605,10,0
2025-01-15 01:00:00+00:00,1.22019,1.22091,1.21985,1.21993,1982,10,0
2025-01-15 02:00:00+00:00,1.21993,1.21997,1.21921,1.21959,1609,10,0
2025-01-15 03:00:00+00:00,1.21959,1.22041,1.21946,1.22031,1349,10,0
2025-01-15 04:00:00+00:00,1.22032,1.22042,1.21987,1.22032,1269,10,0
2025-01-15 05:00:00+00:00,1.22029,1.22079,1.21976,1.21991,1676,10,0
2025-01-15 06:00:00+00:00,1.21991,1.22049,1.2193,1.2198,1824,10,0
2025-01-15 07:00:00+00:00,1.21982,1.22406,1.21599,1.22337,8510,10,0
2025-01-15 08:00:00+00:00,1.2234,1.22398,1.22025,1.22058,5272,10,0
2025-01-15 09:00:00+00:00,1.2206,1.22252,1.22001,1.22176,4136,10,0
2025-01-15 10:00:00+00:00,1.22174,1.22302,1.22154,1.22267,3025,10,0
2025-01-15 11:00:00+00:00,1.22269,1.22303,1.22193,1.22239,2759,10,0
2025-01-15 12:00:00+00:00,1.22238,1.2224599999999999,1.22009,1.22131,3076,10,0
2025-01-15 13:00:00+00:00,1.22133,1.23058,1.22045,1.22977,9858,10,0
2025-01-15 14:00:00+00:00,1.22979,1.23054,1.22623,1.22671,8770,10,0
2025-01-15 15:00:00+00:00,1.22669,1.22753,1.22445,1.22572,6543,10,0
2025-01-15 16:00:00+00:00,1.22571,1.2259,1.21928,1.22113,8080,10,0
2025-01-15 17:00:00+00:00,1.22113,1.22274,1.22095,1.22146,3658,10,0
2025-01-15 18:00:00+00:00,1.2214800000000001,1.22291,1.2212399999999999,1.2227999999999999,2662,10,0
2025-01-15 19:00:00+00:00,1.22277,1.22316,1.2223,1.223,2059,10,0
2025-01-15 20:00:00+00:00,1.22299,1.22444,1.22283,1.22426,1669,10,0
2025-01-15 21:00:00+00:00,1.22424,1.22443,1.2234,1.22386,1008,10,0
2025-01-15 22:00:00+00:00,1.22372,1.22395,1.22306,1.22313,1466,35,0
2025-01-15 23:00:00+00:00,1.22378,1.2242899999999999,1.22337,1.2242,1252,10,0
2025-01-16 00:00:00+00:00,1.2242,1.22475,1.22314,1.22452,2293,10,0
2025-01-16 01:00:00+00:00,1.2245300000000001,1.22457,1.22265,1.22284,2672,10,0
2025-01-16 02:00:00+00:00,1.22287,1.22335,1.22191,1.22226,2255,10,0
2025-01-16 03:00:00+00:00,1.22227,1.22263,1.22213,1.22258,1419,10,0
2025-01-16 04:00:00+00:00,1.22257,1.22308,1.22153,1.22178,1330,10,0
2025-01-16 05:00:00+00:00,1.22178,1.22186,1.22062,1.22088,1528,10,0
2025-01-16 06:00:00+00:00,1.22088,1.22207,1.22088,1.222,2029,10,0
2025-01-16 07:00:00+00:00,1.22204,1.2226,1.21994,1.2218499999999999,4225,10,0
2025-01-16 08:00:00+00:00,1.22189,1.22229,1.21954,1.22051,3986,10,0
2025-01-16 09:00:00+00:00,1.2205,1.2212,1.21892,1.21974,3350,10,0
2025-01-16 10:00:00+00:00,1.21972,1.2209,1.2192,1.22021,2851,10,0
2025-01-16 11:00:00+00:00,1.22023,1.22126,1.22006,1.22095,2652,10,0
2025-01-16 12:00:00+00:00,1.22096,1.2211400000000001,1.21903,1.21967,3447,10,0
2025-01-16 13:00:00+00:00,1.2196799999999999,1.22,1.21743,1.21966,6672,10,0
2025-01-16 14:00:00+00:00,1.21969,1.22024,1.2176,1.21967,5306,10,0
2025-01-16 15:00:00+00:00,1.2196799999999999,1.22385,1.21887,1.22337,9863,10,0
2025-01-16 16:00:00+00:00,1.22339,1.2248,1.22166,1.22423,6867,10,0
2025-01-16 17:00:00+00:00,1.22425,1.22599,1.22343,1.22363,4489,10,0
2025-01-16 18:00:00+00:00,1.2236,1.22459,1.22269,1.2232,2817,10,0
2025-01-16 19:00:00+00:00,1.22317,1.22407,1.22281,1.22347,2385,10,0
2025-01-16 20:00:00+00:00,1.22344,1.22359,1.2227000000000001,1.22304,1970,10,0
2025-01-16 21:00:00+00:00,1.22301,1.22388,1.2227000000000001,1.22372,1080,10,0
2025-01-16 22:00:00+00:00,1.22366,1.22389,1.22271,1.22293,1026,22,0
2025-01-16 23:00:00+00:00,1.2235800000000001,1.22372,1.22326,1.22339,832,10,0
2025-01-17 00:00:00+00:00,1.2234,1.22396,1.22305,1.22357,1307,10,0
2025-01-17 01:00:00+00:00,1.22357,1.22373,1.2229,1.2232,1648,10,0
2025-01-17 02:00:00+00:00,1.22323,1.22439,1.22319,1.22332,1850,10,0
2025-01-17 03:00:00+00:00,1.2233100000000001,1.22371,1.22286,1.22327,1268,10,0
2025-01-17 04:00:00+00:00,1.22327,1.2234099999999999,1.22178,1.22199,1352,10,0
2025-01-17 05:00:00+00:00,1.22199,1.22228,1.22119,1.22169,1520,10,0
2025-01-17 06:00:00+00:00,1.22168,1.22174,1.22057,1.22163,1832,10,0
2025-01-17 07:00:00+00:00,1.22159,1.22177,1.21599,1.21741,5948,10,0
2025-01-17 08:00:00+00:00,1.21743,1.21969,1.21743,1.21896,3781,10,0
2025-01-17 09:00:00+00:00,1.21892,1.21999,1.21832,1.21957,3630,10,0
2025-01-17 10:00:00+00:00,1.2196,1.22071,1.21954,1.21987,2683,10,0
2025-01-17 11:00:00+00:00,1.21989,1.22163,1.21922,1.21958,3477,10,0
2025-01-17 12:00:00+00:00,1.21956,1.21985,1.21806,1.21865,3656,10,0
2025-01-17 13:00:00+00:00,1.21868,1.21943,1.21749,1.21816,4398,10,0
2025-01-17 14:00:00+00:00,1.2181899999999999,1.21978,1.21606,1.21929,7409,10,0
2025-01-17 15:00:00+00:00,1.21932,1.22273,1.21895,1.21978,7839,10,0
2025-01-17 16:00:00+00:00,1.21975,1.21986,1.2175,1.21779,4276,10,0
2025-01-17 17:00:00+00:00,1.21777,1.21812,1.21676,1.21729,2967,10,0
2025-01-17 18:00:00+00:00,1.2173,1.21861,1.21654,1.21739,2381,10,0
2025-01-17 19:00:00+00:00,1.2174,1.21788,1.21643,1.21677,2183,10,0
2025-01-17 20:00:00+00:00,1.21677,1.21742,1.2165,1.21696,2300,10,0
2025-01-17 21:00:00+00:00,1.21696,1.21701,1.21651,1.21676,1529,10,0
2025-01-19 22:00:00+00:00,1.21585,1.21708,1.21578,1.21701,766,97,0
2025-01-19 23:00:00+00:00,1.2175799999999999,1.21764,1.21594,1.21744,1496,10,0
2025-01-20 00:00:00+00:00,1.21743,1.21853,1.21742,1.21848,1640,10,0
2025-01-20 01:00:00+00:00,1.21848,1.21939,1.21755,1.21915,2105,10,0
2025-01-20 02:00:00+00:00,1.21916,1.21937,1.21854,1.21925,1942,10,0
2025-01-20 03:00:00+00:00,1.21925,1.22052,1.21922,1.22043,1688,10,0
2025-01-20 04:00:00+00:00,1.22044,1.22069,1.21999,1.22068,1129,10,0
2025-01-20 05:00:00+00:00,1.22068,1.22146,1.22044,1.2209699999999999,1041,10,0
2025-01-20 06:00:00+00:00,1.22099,1.22214,1.22025,1.22154,2099,10,0
2025-01-20 07:00:00+00:00,1.22153,1.22184,1.22071,1.22146,2768,10,0
2025-01-20 08:00:00+00:00,1.2215,1.22193,1.21883,1.21932,4209,10,0
2025-01-20 09:00:00+00:00,1.21929,1.21962,1.21649,1.21776,4673,10,0
2025-01-20 10:00:00+00:00,1.21778,1.2194099999999999,1.21778,1.21894,2936,10,0
2025-01-20 11:00:00+00:00,1.21897,1.22065,1.21889,1.22054,2438,10,0
2025-01-20 12:00:00+00:00,1.2205300000000001,1.22065,1.21873,1.2198,2885,10,0
2025-01-20 13:00:00+00:00,1.21979,1.22988,1.21825,1.22981,20677,10,0
2025-01-20 14:00:00+00:00,1.22977,1.23262,1.22747,1.23061,12607,10,0
2025-01-20 15:00:00+00:00,1.2306,1.23175,1.2273399999999999,1.22915,8125,10,0
2025-01-20 16:00:00+00:00,1.22917,1.23031,1.22858,1.22948,3774,10,0
2025-01-20 17:00:00+00:00,1.22945,1.23029,1.22546,1.22818,7100,10,0
2025-01-20 18:00:00+00:00,1.2281900000000001,1.23051,1.22784,1.23045,1913,10,0
2025-01-20 19:00:00+00:00,1.23045,1.23381,1.22995,1.23349,2153,10,0
2025-01-20 20:00:00+00:00,1.23349,1.23446,1.23236,1.23278,2753,10,0
2025-01-20 21:00:00+00:00,1.23278,1.23303,1.2318500000000001,1.23258,1691,10,0
2025-01-20 22:00:00+00:00,1.23257,1.23257,1.23123,1.23163,1057,20,0
2025-01-20 23:00:00+00:00,1.23253,1.23384,1.23198,1.23312,2984,10,0
2025-01-21 00:00:00+00:00,1.23314,1.23447,1.22476,1.22589,11507,10,0
2025-01-21 01:00:00+00:00,1.22588,1.23049,1.22521,1.22751,11795,10,0
2025-01-21 02:00:00+00:00,1.22748,1.22945,1.2273100000000001,1.22899,4717,10,0
2025-01-21 03:00:00+00:00,1.22895,1.23115,1.22887,1.22946,3409,10,0
2025-01-21 04:00:00+00:00,1.22947,1.23083,1.2291,1.2298,2250,10,0
2025-01-21 05:00:00+00:00,1.22982,1.23013,1.22722,1.22762,1929,10,0
2025-01-21 06:00:00+00:00,1.2275800000000001,1.22791,1.22597,1.22629,2703,10,0
2025-01-21 07:00:00+00:00,1.22629,1.22861,1.22529,1.22668,4396,10,0
2025-01-21 08:00:00+00:00,1.22666,1.22693,1.22457,1.22571,4517,10,0
2025-01-21 09:00:00+00:00,1.22568,1.22598,1.22342,1.22479,4558,10,0
2025-01-21 10:00:00+00:00,1.2248,1.22569,1.2241900000000001,1.22483,4413,10,0
2025-01-21 11:00:00+00:00,1.2248,1.22499,1.22291,1.22357,3833,10,0
2025-01-21 12:00:00+00:00,1.22359,1.2251,1.22324,1.22441,4163,10,0
2025-01-21 13:00:00+00:00,1.22441,1.22812,1.22415,1.22782,4856,10,0
2025-01-21 14:00:00+00:00,1.22784,1.2295099999999999,1.22703,1.22798,6052,10,0
2025-01-21 15:00:00+00:00,1.22801,1.23127,1.22696,1.22992,7074,10,0
2025-01-21 16:00:00+00:00,1.22992,1.23314,1.2296,1.23296,4756,10,0
2025-01-21 17:00:00+00:00,1.23293,1.23349,1.23252,1.23257,3339,10,0
2025-01-21 18:00:00+00:00,1.23257,1.23397,1.23237,1.23353,2727,10,0
2025-01-21 19:00:00+00:00,1.23353,1.23367,1.23226,1.23271,2200,10,0
2025-01-21 20:00:00+00:00,1.23272,1.23394,1.23246,1.23391,2097,10,0
2025-01-21 21:00:00+00:00,1.23389,1.236,1.23381,1.23529,1493,10,0
2025-01-21 22:00:00+00:00,1.23523,1.23523,1.23343,1.23459,1150,28,0
2025-01-21 23:00:00+00:00,1.2349999999999999,1.23515,1.23222,1.23377,4082,10,0
2025-01-22 00:00:00+00:00,1.23376,1.23535,1.23348,1.23501,2915,10,0
2025-01-22 01:00:00+00:00,1.2349999999999999,1.23508,1.23293,1.23325,2862,10,0
2025-01-22 02:00:00+00:00,1.23324,1.23392,1.23279,1.23361,1904,10,0
2025-01-22 03:00:00+00:00,1.23361,1.2337500000000001,1.23294,1.23318,1430,10,0
2025-01-22 04:00:00+00:00,1.23318,1.23461,1.2331,1.2343899999999999,1234,10,0
2025-01-22 05:00:00+00:00,1.2343899999999999,1.23476,1.23312,1.23435,1548,10,0
2025-01-22 06:00:00+00:00,1.23431,1.23435,1.23153,1.23213,2700,10,0
2025-01-22 07:00:00+00:00,1.23215,1.23274,1.23111,1.23188,4280,10,0
2025-01-22 08:00:00+00:00,1.23186,1.23388,1.2316,1.23385,4444,10,0
2025-01-22 09:00:00+00:00,1.23385,1.2364600000000001,1.23373,1.23637,5147,10,0
2025-01-22 10:00:00+00:00,1.23642,1.23757,1.2358,1.23674,3889,10,0
2025-01-22 11:00:00+00:00,1.23675,1.23728,1.23517,1.23561,3155,10,0
2025-01-22 12:00:00+00:00,1.2355800000000001,1.2359499999999999,1.23446,1.23557,3358,10,0
2025-01-22 13:00:00+00:00,1.2355800000000001,1.23686,1.23356,1.23445,4671,10,0
2025-01-22 14:00:00+00:00,1.23443,1.23483,1.2328000000000001,1.23356,5236,10,0
2025-01-22 15:00:00+00:00,1.23356,1.23361,1.23114,1.23184,5243,10,0
2025-01-22 16:00:00+00:00,1.2318,1.23255,1.23069,1.23216,4022,10,0
2025-01-22 17:00:00+00:00,1.23214,1.23216,1.23129,1.23209,2878,10,0
2025-01-22 18:00:00+00:00,1.2321,1.23292,1.23148,1.2324,2456,10,0
2025-01-22 19:00:00+00:00,1.23239,1.23308,1.23214,1.23254,2071,10,0
2025-01-22 20:00:00+00:00,1.23251,1.23289,1.2315,1.23165,1782,10,0
2025-01-22 21:00:00+00:00,1.23163,1.23183,1.23132,1.23141,988,10,0
2025-01-22 22:00:00+00:00,1.23136,1.23151,1.23057,1.23057,1051,16,0
2025-01-22 23:00:00+00:00,1.23118,1.23152,1.2307,1.23133,1476,10,0
2025-01-23 00:00:00+00:00,1.23133,1.23192,1.23114,1.23153,1850,10,0
2025-01-23 01:00:00+00:00,1.23153,1.2323,1.2308,1.23102,2396,10,0
2025-01-23 02:00:00+00:00,1.23101,1.23114,1.2301199999999999,1.2309,2125,10,0
2025-01-23 03:00:00+00:00,1.23086,1.23155,1.23071,1.23145,1551,10,0
2025-01-23 04:00:00+00:00,1.23144,1.23208,1.23142,1.2319499999999999,1117,10,0
2025-01-23 05:00:00+00:00,1.23196,1.23209,1.2310699999999999,1.23115,1657,10,0
2025-01-23 06:00:00+00:00,1.23115,1.23204,1.23077,1.23089,1895,10,0
2025-01-23 07:00:00+00:00,1.23085,1.2311,1.22947,1.23047,3876,10,0
2025-01-23 08:00:00+00:00,1.23048,1.23059,1.22926,1.22957,3469,10,0
2025-01-23 09:00:00+00:00,1.22954,1.23207,1.22948,1.23166,3506,10,0
2025-01-23 10:00:00+00:00,1.23169,1.23303,1.23137,1.23203,2945,10,0
2025-01-23 11:00:00+00:00,1.23206,1.23285,1.23054,1.23078,3065,10,0
2025-01-23 12:00:00+00:00,1.23075,1.23163,1.22992,1.23148,3161,10,0
2025-01-23 13:00:00+00:00,1.2315,1.23302,1.23079,1.23226,4649,10,0
2025-01-23 14:00:00+00:00,1.23225,1.23356,1.23166,1.23287,4732,10,0
2025-01-23 15:00:00+00:00,1.23289,1.23303,1.23104,1.23226,4699,10,0
2025-01-23 16:00:00+00:00,1.23227,1.23603,1.22995,1.23461,12597,10,0
2025-01-23 17:00:00+00:00,1.23458,1.23752,1.23419,1.23715,4301,10,0
2025-01-23 18:00:00+00:00,1.23718,1.23722,1.23556,1.2358,2982,10,0
2025-01-23 19:00:00+00:00,1.23583,1.23643,1.23546,1.23588,2725,10,0
2025-01-23 20:00:00+00:00,1.23588,1.23655,1.2352400000000001,1.2354,2783,10,0
2025-01-23 21:00:00+00:00,1.23542,1.23562,1.23462,1.23494,1210,10,0
2025-01-23 22:00:00+00:00,1.23492,1.23514,1.23466,1.23466,805,25,0
2025-01-23 23:00:00+00:00,1.23508,1.23543,1.23483,1.23532,1070,10,0
2025-01-24 00:00:00+00:00,1.23533,1.2358,1.2348,1.23554,1780,10,0
2025-01-24 01:00:00+00:00,1.23557,1.23576,1.23493,1.23542,1823,10,0
2025-01-24 02:00:00+00:00,1.23546,1.23986,1.23541,1.23978,4785,10,0
2025-01-24 03:00:00+00:00,1.23975,1.24037,1.23811,1.23926,3868,10,0
2025-01-24 04:00:00+00:00,1.2392400000000001,1.2399499999999999,1.23875,1.23926,2402,10,0
2025-01-24 05:00:00+00:00,1.23925,1.23997,1.23859,1.23992,2175,10,0
2025-01-24 06:00:00+00:00,1.23993,1.24187,1.23975,1.23988,4373,10,0
2025-01-24 07:00:00+00:00,1.23986,1.23997,1.23762,1.23866,4361,10,0
2025-01-24 08:00:00+00:00,1.2386300000000001,1.24121,1.23831,1.24041,5350,10,0
2025-01-24 09:00:00+00:00,1.24041,1.24475,1.24009,1.2427,5865,10,0
2025-01-24 10:00:00+00:00,1.24271,1.24356,1.24209,1.24296,3613,10,0
2025-01-24 11:00:00+00:00,1.24297,1.2432,1.24108,1.24148,2969,10,0
2025-01-24 12:00:00+00:00,1.24146,1.24221,1.24001,1.24089,3021,10,0
2025-01-24 13:00:00+00:00,1.24089,1.2420499999999999,1.2401,1.24136,3987,10,0
2025-01-24 14:00:00+00:00,1.24137,1.24485,1.24087,1.24378,5324,10,0
2025-01-24 15:00:00+00:00,1.24377,1.24854,1.24345,1.24827,6538,10,0
2025-01-24 16:00:00+00:00,1.24825,1.2497,1.24801,1.2494,4670,10,0
2025-01-24 17:00:00+00:00,1.24936,1.25014,1.24871,1.24875,2974,10,0
2025-01-24 18:00:00+00:00,1.24874,1.24951,1.24789,1.24807,2587,10,0
2025-01-24 19:00:00+00:00,1.24809,1.24854,1.24784,1.24824,1991,10,0
2025-01-24 20:00:00+00:00,1.2482199999999999,1.24867,1.24773,1.24851,2351,10,0
2025-01-24 21:00:00+00:00,1.24851,1.24892,1.24803,1.24809,1824,10,0
2025-01-26 22:00:00+00:00,1.24599,1.24676,1.24581,1.24657,892,128,0
2025-01-26 23:00:00+00:00,1.24708,1.2471700000000001,1.24557,1.2457799999999999,1860,10,0
2025-01-27 00:00:00+00:00,1.2457799999999999,1.24651,1.24524,1.24555,1932,10,0
2025-01-27 01:00:00+00:00,1.24553,1.24643,1.2447300000000001,1.24485,3167,10,0
2025-01-27 02:00:00+00:00,1.24486,1.24515,1.24414,1.24505,2292,10,0
2025-01-27 03:00:00+00:00,1.24504,1.24628,1.24462,1.24551,2629,10,0
2025-01-27 04:00:00+00:00,1.24551,1.24569,1.24471,1.24503,1803,10,0
2025-01-27 05:00:00+00:00,1.24504,1.24508,1.24417,1.24463,2083,10,0
2025-01-27 06:00:00+00:00,1.24461,1.24603,1.24461,1.24516,2542,10,0
2025-01-27 07:00:00+00:00,1.24516,1.24555,1.24289,1.24289,3791,10,0
2025-01-27 08:00:00+00:00,1.24286,1.2464,1.24257,1.24575,4472,10,0
2025-01-27 09:00:00+00:00,1.24572,1.2486,1.24501,1.24857,5297,10,0
2025-01-27 10:00:00+00:00,1.2486,1.25072,1.24851,1.24947,4999,10,0
2025-01-27 11:00:00+00:00,1.24948,1.25146,1.24903,1.24964,4478,10,0
2025-01-27 12:00:00+00:00,1.24961,1.25202,1.24941,1.25126,4082,10,0
2025-01-27 13:00:00+00:00,1.25125,1.25232,1.24996,1.25021,4831,8,0
2025-01-27 14:00:00+00:00,1.25019,1.25113,1.24958,1.25001,5312,8,0
2025-01-27 15:00:00+00:00,1.25001,1.2501,1.24689,1.24731,5375,8,0
2025-01-27 16:00:00+00:00,1.2473,1.24851,1.24679,1.24759,4713,10,0
2025-01-27 17:00:00+00:00,1.2476099999999999,1.24836,1.2466599999999999,1.24743,3521,10,0
2025-01-27 18:00:00+00:00,1.2474,1.24846,1.24691,1.24776,3329,10,0
2025-01-27 19:00:00+00:00,1.24773,1.24901,1.24735,1.24894,3017,10,0
2025-01-27 20:00:00+00:00,1.24894,1.24953,1.24843,1.24902,2551,10,0
2025-01-27 21:00:00+00:00,1.24902,1.25,1.24881,1.24982,1188,10,0
2025-01-27 22:00:00+00:00,1.24986,1.24987,1.24868,1.24887,1165,16,0
2025-01-27 23:00:00+00:00,1.24947,1.2496800000000001,1.24358,1.2451,5467,10,0
2025-01-28 00:00:00+00:00,1.24511,1.24627,1.2445599999999999,1.24565,4217,10,0
2025-01-28 01:00:00+00:00,1.24566,1.24651,1.24403,1.24501,3583,10,0
2025-01-28 02:00:00+00:00,1.24501,1.24547,1.24384,1.24449,4260,10,0
2025-01-28 03:00:00+00:00,1.24447,1.24497,1.24394,1.24401,2421,10,0
2025-01-28 04:00:00+00:00,1.24405,1.24449,1.2434,1.24445,1896,10,0
2025-01-28 05:00:00+00:00,1.2444600000000001,1.24494,1.24438,1.2444600000000001,1607,10,0
2025-01-28 06:00:00+00:00,1.24448,1.2453400000000001,1.24368,1.24409,2070,10,0
2025-01-28 07:00:00+00:00,1.24408,1.24478,1.24258,1.24365,3783,10,0
2025-01-28 08:00:00+00:00,1.24367,1.24427,1.24289,1.24323,4590,10,0
2025-01-28 09:00:00+00:00,1.24323,1.24553,1.24283,1.24477,4024,10,0
2025-01-28 10:00:00+00:00,1.24475,1.2451699999999999,1.2435100000000001,1.2435100000000001,2942,10,0
2025-01-28 11:00:00+00:00,1.2435100000000001,1.24403,1.24245,1.24258,2777,10,0
2025-01-28 12:00:00+00:00,1.2426,1.24343,1.24172,1.2426599999999999,3287,10,0
2025-01-28 13:00:00+00:00,1.24262,1.24336,1.2414,1.24231,3703,8,0
2025-01-28 14:00:00+00:00,1.24232,1.24432,1.24232,1.24291,4538,8,0
2025-01-28 15:00:00+00:00,1.24288,1.24466,1.24283,1.24316,4836,8,0
2025-01-28 16:00:00+00:00,1.24315,1.2445,1.24216,1.24292,4100,10,0
2025-01-28 17:00:00+00:00,1.24293,1.24366,1.24274,1.2428,2923,10,0
2025-01-28 18:00:00+00:00,1.24282,1.24392,1.24253,1.24295,3082,10,0
2025-01-28 19:00:00+00:00,1.24294,1.24444,1.24214,1.2443,2315,10,0
2025-01-28 20:00:00+00:00,1.24429,1.24453,1.2436099999999999,1.24406,2240,10,0
2025-01-28 21:00:00+00:00,1.24408,1.24428,1.24387,1.24401,1140,10,0
2025-01-28 22:00:00+00:00,1.24399,1.24423,1.24311,1.24311,841,23,0
2025-01-28 23:00:00+00:00,1.2437,1.24426,1.24356,1.24403,1106,10,0
2025-01-29 00:00:00+00:00,1.24403,1.24471,1.24353,1.24371,1981,10,0
2025-01-29 01:00:00+00:00,1.24373,1.24413,1.2435,1.24357,1646,10,0
2025-01-29 02:00:00+00:00,1.24357,1.2448299999999999,1.24338,1.24452,1923,10,0
2025-01-29 03:00:00+00:00,1.24452,1.24502,1.24414,1.24472,1831,10,0
2025-01-29 04:00:00+00:00,1.24474,1.24532,1.2447300000000001,1.24526,1509,10,0
2025-01-29 05:00:00+00:00,1.24526,1.24549,1.24472,1.24533,1482,10,0
2025-01-29 06:00:00+00:00,1.24536,1.24611,1.24518,1.24565,2612,10,0
2025-01-29 07:00:00+00:00,1.24561,1.2462900000000001,1.24454,1.2448299999999999,3887,10,0
2025-01-29 08:00:00+00:00,1.24484,1.24567,1.24331,1.2438500000000001,3943,10,0
2025-01-29 09:00:00+00:00,1.24382,1.24391,1.24156,1.24203,3730,10,0
2025-01-29 10:00:00+00:00,1.24204,1.24244,1.24098,1.24151,3604,10,0
2025-01-29 11:00:00+00:00,1.24153,1.24262,1.24124,1.24189,2858,10,0
2025-01-29 12:00:00+00:00,1.24192,1.24262,1.24085,1.24248,3295,10,0
2025-01-29 13:00:00+00:00,1.24248,1.2428,1.23928,1.23973,4804,10,0
2025-01-29 14:00:00+00:00,1.23977,1.24122,1.23962,1.24073,4320,10,0
2025-01-29 15:00:00+00:00,1.24075,1.2445599999999999,1.24009,1.24331,5631,10,0
2025-01-29 16:00:00+00:00,1.24334,1.24427,1.24234,1.24311,4725,10,0
2025-01-29 17:00:00+00:00,1.24311,1.24489,1.24301,1.2442,3889,10,0
2025-01-29 18:00:00+00:00,1.2442199999999999,1.24493,1.2434,1.2447,3090,10,0
2025-01-29 19:00:00+00:00,1.24468,1.24577,1.2411699999999999,1.24442,13731,10,0
2025-01-29 20:00:00+00:00,1.2444,1.24543,1.24302,1.24383,7356,10,0
2025-01-29 21:00:00+00:00,1.24381,1.24521,1.24368,1.24489,2283,10,0
2025-01-29 22:00:00+00:00,1.24496,1.24496,1.24386,1.24428,1554,22,0
2025-01-29 23:00:00+00:00,1.24494,1.24585,1.24468,1.24542,1400,10,0
2025-01-30 00:00:00+00:00,1.24542,1.24596,1.24511,1.24538,1441,10,0
2025-01-30 01:00:00+00:00,1.24537,1.24547,1.2444600000000001,1.24491,1689,10,0
2025-01-30 02:00:00+00:00,1.2449,1.24553,1.2447300000000001,1.24486,1799,10,0
2025-01-30 03:00:00+00:00,1.24485,1.2454,1.24476,1.24513,1585,10,0
2025-01-30 04:00:00+00:00,1.24511,1.24538,1.24428,1.24451,1551,10,0
2025-01-30 05:00:00+00:00,1.24451,1.24484,1.24415,1.24478,1513,10,0
2025-01-30 06:00:00+00:00,1.24478,1.2448299999999999,1.24341,1.24401,2014,10,0
2025-01-30 07:00:00+00:00,1.24403,1.24528,1.24313,1.24515,2845,10,0
2025-01-30 08:00:00+00:00,1.24516,1.24623,1.24449,1.2455,3445,10,0
2025-01-30 09:00:00+00:00,1.24546,1.24571,1.24339,1.24427,3879,10,0
2025-01-30 10:00:00+00:00,1.2443,1.24464,1.24253,1.24305,3296,10,0
2025-01-30 11:00:00+00:00,1.24301,1.24366,1.24245,1.2427,2827,10,0
2025-01-30 12:00:00+00:00,1.24269,1.24381,1.24238,1.24372,3131,10,0
2025-01-30 13:00:00+00:00,1.24373,1.24708,1.24298,1.24669,6592,10,0
2025-01-30 14:00:00+00:00,1.24667,1.24758,1.24552,1.2462900000000001,7727,10,0
2025-01-30 15:00:00+00:00,1.2463,1.24767,1.24608,1.24663,5473,10,0
2025-01-30 16:00:00+00:00,1.24661,1.24711,1.24482,1.24497,3599,10,0
2025-01-30 17:00:00+00:00,1.24498,1.2451699999999999,1.2435100000000001,1.24442,3069,10,0
2025-01-30 18:00:00+00:00,1.24444,1.24557,1.24417,1.24546,1936,10,0
2025-01-30 19:00:00+00:00,1.24546,1.2460499999999999,1.2452,1.24584,1725,10,0
2025-01-30 20:00:00+00:00,1.24587,1.24638,1.24074,1.24348,9265,10,0
2025-01-30 21:00:00+00:00,1.24347,1.2441,1.24139,1.2414,4570,10,0
2025-01-30 22:00:00+00:00,1.2414100000000001,1.24155,1.24049,1.24131,1191,19,0
2025-01-30 23:00:00+00:00,1.24151,1.24236,1.24118,1.24216,1942,10,0
2025-01-31 00:00:00+00:00,1.24215,1.24308,1.24125,1.2416800000000001,2048,10,0
2025-01-31 01:00:00+00:00,1.2417,1.24244,1.24065,1.24184,3491,10,0
2025-01-31 02:00:00+00:00,1.24187,1.24276,1.24159,1.24213,2257,10,0
2025-01-31 03:00:00+00:00,1.24213,1.2426,1.24156,1.2416800000000001,1779,10,0
2025-01-31 04:00:00+00:00,1.2417,1.2422,1.24134,1.24203,1682,10,0
2025-01-31 05:00:00+00:00,1.24203,1.24254,1.24165,1.2420499999999999,1821,10,0
2025-01-31 06:00:00+00:00,1.24206,1.24309,1.24185,1.24294,1805,10,0
2025-01-31 07:00:00+00:00,1.24296,1.24393,1.2423899999999999,1.24345,3855,10,0
2025-01-31 08:00:00+00:00,1.24342,1.24383,1.24118,1.24138,3405,10,0
2025-01-31 09:00:00+00:00,1.24135,1.24217,1.24004,1.24208,4242,10,0
2025-01-31 10:00:00+00:00,1.2421,1.2426,1.24138,1.24158,3070,10,0
2025-01-31 11:00:00+00:00,1.24158,1.24203,1.24053,1.24088,2626,10,0
2025-01-31 12:00:00+00:00,1.24089,1.24228,1.24086,1.24198,2570,10,0
2025-01-31 13:00:00+00:00,1.2420200000000001,1.24314,1.24085,1.24129,4772,10,0
2025-01-31 14:00:00+00:00,1.24133,1.24142,1.2387299999999999,1.2394,4836,10,0
2025-01-31 15:00:00+00:00,1.23938,1.24277,1.23895,1.24247,5529,10,0
2025-01-31 16:00:00+00:00,1.24245,1.24553,1.24142,1.24452,4390,10,0
2025-01-31 17:00:00+00:00,1.24453,1.24712,1.24307,1.24532,9150,10,0
2025-01-31 18:00:00+00:00,1.24536,1.24611,1.23902,1.23967,11694,10,0
2025-01-31 19:00:00+00:00,1.23964,1.24051,1.23853,1.23996,5237,10,0
2025-01-31 20:00:00+00:00,1.23997,1.24098,1.23878,1.23989,5785,10,0
2025-01-31 21:00:00+00:00,1.23993,1.24105,1.23867,1.23918,6510,10,0
2025-02-02 22:00:00+00:00,1.23039,1.23053,1.22928,1.22936,601,236,0
2025-02-02 23:00:00+00:00,1.23015,1.2322899999999999,1.22816,1.22894,3693,30,0
2025-02-03 00:00:00+00:00,1.229,1.2312400000000001,1.22644,1.2276799999999999,10618,10,0
2025-02-03 01:00:00+00:00,1.2276799999999999,1.23064,1.22649,1.22876,6998,10,0
2025-02-03 02:00:00+00:00,1.22876,1.2288000000000001,1.22592,1.22618,5389,10,0
2025-02-03 03:00:00+00:00,1.22618,1.22644,1.2248999999999999,1.22626,3488,10,0
2025-02-03 04:00:00+00:00,1.22626,1.22828,1.22489,1.22577,5564,10,0
2025-02-03 05:00:00+00:00,1.22577,1.22787,1.22553,1.22764,3409,10,0
2025-02-03 06:00:00+00:00,1.22766,1.2294100000000001,1.2276,1.22879,3540,10,0
2025-02-03 07:00:00+00:00,1.22875,1.22999,1.22759,1.22838,5831,10,0
2025-02-03 08:00:00+00:00,1.22838,1.23226,1.22724,1.23057,6596,10,0
2025-02-03 09:00:00+00:00,1.23054,1.23204,1.22882,1.22923,4693,10,0
2025-02-03 10:00:00+00:00,1.22923,1.23149,1.22917,1.23117,3888,10,0
2025-02-03 11:00:00+00:00,1.23116,1.23205,1.23006,1.23187,3343,10,0
2025-02-03 12:00:00+00:00,1.23187,1.2349700000000001,1.23162,1.23442,5479,10,0
2025-02-03 13:00:00+00:00,1.23442,1.23746,1.23434,1.2364600000000001,8104,10,0
2025-02-03 14:00:00+00:00,1.23644,1.2368999999999999,1.2345,1.23536,7073,10,0
2025-02-03 15:00:00+00:00,1.23527,1.24346,1.2335,1.24114,22164,10,0
2025-02-03 16:00:00+00:00,1.24112,1.2436099999999999,1.23827,1.23858,14541,10,0
2025-02-03 17:00:00+00:00,1.23859,1.24129,1.238,1.2393399999999999,9710,10,0
2025-02-03 18:00:00+00:00,1.23932,1.24023,1.23813,1.23914,6396,10,0
2025-02-03 19:00:00+00:00,1.23912,1.24085,1.23912,1.23944,2984,10,0
2025-02-03 20:00:00+00:00,1.23947,1.24085,1.23922,1.24024,2737,10,0
2025-02-03 21:00:00+00:00,1.2402,1.24547,1.23968,1.24471,7140,10,0
2025-02-03 22:00:00+00:00,1.24469,1.24469,1.24269,1.24348,1613,38,0
2025-02-03 23:00:00+00:00,1.24346,1.24531,1.24301,1.2433,2666,10,0
2025-02-04 00:00:00+00:00,1.2433,1.24366,1.24212,1.24231,2325,10,0
2025-02-04 01:00:00+00:00,1.24231,1.2423899999999999,1.24089,1.24204,2960,10,0
2025-02-04 02:00:00+00:00,1.24207,1.2426599999999999,1.24172,1.24249,2590,10,0
2025-02-04 03:00:00+00:00,1.24249,1.24271,1.2411,1.24137,2089,10,0
2025-02-04 04:00:00+00:00,1.24138,1.2414399999999999,1.24057,1.24075,2146,10,0
2025-02-04 05:00:00+00:00,1.24075,1.24075,1.23787,1.23971,6065,10,0
2025-02-04 06:00:00+00:00,1.23973,1.24101,1.23928,1.24091,2939,10,0
2025-02-04 07:00:00+00:00,1.24091,1.2420499999999999,1.24038,1.24148,3395,10,0
2025-02-04 08:00:00+00:00,1.2414399999999999,1.24292,1.24043,1.242,5835,10,0
2025-02-04 09:00:00+00:00,1.24206,1.24366,1.24196,1.24244,4050,10,0
2025-02-04 10:00:00+00:00,1.24242,1.24342,1.24148,1.24252,3150,10,0
2025-02-04 11:00:00+00:00,1.2425,1.2426300000000001,1.24021,1.24041,3133,10,0
2025-02-04 12:00:00+00:00,1.24042,1.24155,1.23954,1.24137,3389,10,0
2025-02-04 13:00:00+00:00,1.24137,1.24293,1.24125,1.24282,3939,10,0
2025-02-04 14:00:00+00:00,1.24283,1.24524,1.24283,1.2448,5049,10,0
2025-02-04 15:00:00+00:00,1.24475,1.24856,1.2447300000000001,1.24756,7656,10,0
2025-02-04 16:00:00+00:00,1.24757,1.24928,1.24702,1.24828,4304,10,0
2025-02-04 17:00:00+00:00,1.24828,1.24862,1.2471,1.24817,4311,10,0
2025-02-04 18:00:00+00:00,1.24815,1.24892,1.24776,1.2483,2458,10,0
2025-02-04 19:00:00+00:00,1.24827,1.24862,1.24744,1.24818,2715,10,0
2025-02-04 20:00:00+00:00,1.2482,1.24887,1.24787,1.24878,2250,10,0
2025-02-04 21:00:00+00:00,1.24876,1.24903,1.24777,1.24804,1458,10,0
2025-02-04 22:00:00+00:00,1.24796,1.24796,1.24705,1.24763,803,22,0
2025-02-04 23:00:00+00:00,1.24787,1.24831,1.24745,1.24748,1437,10,0
2025-02-05 00:00:00+00:00,1.24752,1.24842,1.24738,1.24817,2129,10,0
2025-02-05 01:00:00+00:00,1.24818,1.24894,1.24699,1.2469999999999999,3038,10,0
2025-02-05 02:00:00+00:00,1.2469999999999999,1.24821,1.24684,1.24792,2458,10,0
2025-02-05 03:00:00+00:00,1.24793,1.24811,1.24736,1.2474,1776,10,0
2025-02-05 04:00:00+00:00,1.24741,1.24765,1.24696,1.24722,1444,10,0
2025-02-05 05:00:00+00:00,1.24721,1.24728,1.24627,1.24674,1799,10,0
2025-02-05 06:00:00+00:00,1.24675,1.2488,1.24654,1.2476099999999999,2500,10,0
2025-02-05 07:00:00+00:00,1.24759,1.2506,1.2471,1.25008,4324,10,0
2025-02-05 08:00:00+00:00,1.25004,1.25129,1.24875,1.25051,4340,10,0
2025-02-05 09:00:00+00:00,1.25049,1.25284,1.25045,1.25171,4037,10,0
2025-02-05 10:00:00+00:00,1.2517,1.25497,1.25121,1.2540200000000001,4009,10,0
2025-02-05 11:00:00+00:00,1.25401,1.2545,1.25309,1.25312,2895,10,0
2025-02-05 12:00:00+00:00,1.25312,1.25392,1.25253,1.25363,2944,10,0
2025-02-05 13:00:00+00:00,1.25367,1.25444,1.25116,1.25145,4615,10,0
2025-02-05 14:00:00+00:00,1.25148,1.25262,1.25052,1.25165,4346,10,0
2025-02-05 15:00:00+00:00,1.25176,1.2538,1.25012,1.25174,7120,10,0
2025-02-05 16:00:00+00:00,1.25171,1.25234,1.25064,1.2511999999999999,3745,10,0
2025-02-05 17:00:00+00:00,1.2511999999999999,1.25183,1.25027,1.25087,2696,10,0
2025-02-05 18:00:00+00:00,1.25083,1.25138,1.2504,1.25103,2225,10,0
2025-02-05 19:00:00+00:00,1.25103,1.25128,1.25027,1.25051,2251,10,0
2025-02-05 20:00:00+00:00,1.25048,1.25048,1.24976,1.25015,2102,10,0
2025-02-05 21:00:00+00:00,1.25013,1.25065,1.25007,1.25026,1370,10,0
2025-02-05 22:00:00+00:00,1.2502900000000001,1.25039,1.24977,1.2501,636,16,0
2025-02-05 23:00:00+00:00,1.25037,1.2506,1.24987,1.25011,1174,10,0
2025-02-06 00:00:00+00:00,1.25011,1.25074,1.24978,1.25024,1840,10,0
2025-02-06 01:00:00+00:00,1.25026,1.2509299999999999,1.25007,1.25074,2314,10,0
2025-02-06 02:00:00+00:00,1.25072,1.25089,1.24892,1.2493400000000001,1964,10,0
2025-02-06 03:00:00+00:00,1.24932,1.24953,1.24896,1.24939,1645,10,0
2025-02-06 04:00:00+00:00,1.24939,1.24965,1.24863,1.24881,1441,10,0
2025-02-06 05:00:00+00:00,1.24882,1.24912,1.24826,1.24836,1406,10,0
2025-02-06 06:00:00+00:00,1.24836,1.2490999999999999,1.2482199999999999,1.24856,1704,10,0
2025-02-06 07:00:00+00:00,1.24853,1.24855,1.24706,1.24732,2774,10,0
2025-02-06 08:00:00+00:00,1.24734,1.24748,1.24416,1.24465,3558,10,0
2025-02-06 09:00:00+00:00,1.24465,1.24547,1.24172,1.2425,3606,10,0
2025-02-06 10:00:00+00:00,1.24252,1.24309,1.24061,1.24174,3598,10,0
2025-02-06 11:00:00+00:00,1.24172,1.24292,1.2414100000000001,1.24222,3685,10,0
2025-02-06 12:00:00+00:00,1.2422,1.2429999999999999,1.23598,1.23738,9067,10,0
2025-02-06 13:00:00+00:00,1.23737,1.23975,1.23653,1.23828,6190,10,0
2025-02-06 14:00:00+00:00,1.23832,1.24151,1.2381,1.23922,4754,10,0
2025-02-06 15:00:00+00:00,1.23923,1.24203,1.23889,1.24137,5418,10,0
2025-02-06 16:00:00+00:00,1.24138,1.24449,1.24133,1.24314,3869,10,0
2025-02-06 17:00:00+00:00,1.24313,1.2442199999999999,1.24283,1.2441,2614,10,0
2025-02-06 18:00:00+00:00,1.2441200000000001,1.24551,1.24343,1.24488,3422,10,0
2025-02-06 19:00:00+00:00,1.24489,1.24502,1.2433,1.24353,2250,10,0
2025-02-06 20:00:00+00:00,1.24352,1.24408,1.2432400000000001,1.24402,1870,10,0
2025-02-06 21:00:00+00:00,1.244,1.24407,1.24325,1.24339,1242,10,0
2025-02-06 22:00:00+00:00,1.24332,1.24339,1.24269,1.24269,972,16,0
2025-02-06 23:00:00+00:00,1.24314,1.24374,1.2431,1.24338,867,10,0
2025-02-07 00:00:00+00:00,1.24337,1.24428,1.24226,1.24238,1795,10,0
2025-02-07 01:00:00+00:00,1.24238,1.2435,1.2422,1.2431,2195,10,0
2025-02-07 02:00:00+00:00,1.2431,1.24391,1.24298,1.24388,1882,10,0
2025-02-07 03:00:00+00:00,1.24388,1.24396,1.24257,1.24279,1435,10,0
2025-02-07 04:00:00+00:00,1.24275,1.24293,1.24222,1.24279,1228,10,0
2025-02-07 05:00:00+00:00,1.2428,1.24291,1.24193,1.24213,1537,10,0
2025-02-07 06:00:00+00:00,1.24212,1.24289,1.24187,1.24261,1639,10,0
2025-02-07 07:00:00+00:00,1.24258,1.24454,1.24231,1.24411,2605,10,0
2025-02-07 08:00:00+00:00,1.2441,1.24665,1.24389,1.24648,3161,10,0
2025-02-07 09:00:00+00:00,1.24648,1.24683,1.24571,1.24588,2595,10,0
2025-02-07 10:00:00+00:00,1.24588,1.2465,1.24453,1.24492,2542,10,0
2025-02-07 11:00:00+00:00,1.24493,1.24584,1.2444600000000001,1.24528,2057,10,0
2025-02-07 12:00:00+00:00,1.24526,1.2453,1.2441,1.24467,2335,10,0
2025-02-07 13:00:00+00:00,1.24464,1.24928,1.24195,1.24298,8329,10,0
2025-02-07 14:00:00+00:00,1.24297,1.24663,1.24269,1.24602,5578,10,0
2025-02-07 15:00:00+00:00,1.24597,1.24613,1.23918,1.24241,10451,10,0
2025-02-07 16:00:00+00:00,1.24242,1.24252,1.23869,1.23926,11612,10,0
2025-02-07 17:00:00+00:00,1.23923,1.24195,1.23757,1.24019,10940,10,0
2025-02-07 18:00:00+00:00,1.2402,1.24218,1.24004,1.24045,3015,10,0
2025-02-07 19:00:00+00:00,1.24047,1.24167,1.24034,1.24132,2883,10,0
2025-02-07 20:00:00+00:00,1.24133,1.24165,1.23981,1.24066,2632,10,0
2025-02-07 21:00:00+00:00,1.24068,1.24123,1.23976,1.24014,2343,10,0
2025-02-09 22:00:00+00:00,1.23669,1.23753,1.23637,1.23727,1170,167,0
2025-02-09 23:00:00+00:00,1.23785,1.23939,1.23764,1.2389000000000001,2069,10,0
2025-02-10 00:00:00+00:00,1.2389000000000001,1.24002,1.23889,1.23913,2038,10,0
2025-02-10 01:00:00+00:00,1.23913,1.2395100000000001,1.23793,1.23828,2647,10,0
2025-02-10 02:00:00+00:00,1.23828,1.2389000000000001,1.23796,1.23809,2088,10,0
2025-02-10 03:00:00+00:00,1.23809,1.23964,1.23809,1.23962,1600,10,0
2025-02-10 04:00:00+00:00,1.23963,1.24004,1.23944,1.23974,1321,10,0
2025-02-10 05:00:00+00:00,1.23974,1.24084,1.23974,1.24007,1644,10,0
2025-02-10 06:00:00+00:00,1.24008,1.24103,1.23978,1.24091,1865,10,0
2025-02-10 07:00:00+00:00,1.24089,1.2414100000000001,1.24015,1.24041,2991,10,0
2025-02-10 08:00:00+00:00,1.24038,1.24072,1.23905,1.23972,3552,10,0
2025-02-10 09:00:00+00:00,1.23974,1.24204,1.23959,1.2408299999999999,3150,10,0
2025-02-10 10:00:00+00:00,1.24078,1.24157,1.24017,1.24115,2480,10,0
2025-02-10 11:00:00+00:00,1.24115,1.24219,1.23973,1.24019,2932,10,0
2025-02-10 12:00:00+00:00,1.24017,1.24037,1.23791,1.2388,3171,10,0
2025-02-10 13:00:00+00:00,1.23882,1.23994,1.23864,1.23903,2927,10,0
2025-02-10 14:00:00+00:00,1.23905,1.2391,1.23708,1.23794,3887,10,0
2025-02-10 15:00:00+00:00,1.23794,1.2394,1.23779,1.2389000000000001,3253,10,0
2025-02-10 16:00:00+00:00,1.23887,1.23936,1.2373,1.23809,2939,10,0
2025-02-10 17:00:00+00:00,1.2381199999999999,1.23853,1.23705,1.2380200000000001,2129,10,0
2025-02-10 18:00:00+00:00,1.2380200000000001,1.23809,1.2365599999999999,1.2366,2024,10,0
2025-02-10 19:00:00+00:00,1.23658,1.2372,1.23636,1.23665,1628,10,0
2025-02-10 20:00:00+00:00,1.23665,1.23692,1.23625,1.23658,1546,10,0
2025-02-10 21:00:00+00:00,1.2365599999999999,1.23676,1.23629,1.23657,866,10,0
2025-02-10 22:00:00+00:00,1.23659,1.23684,1.2361,1.23635,1034,10,0
2025-02-10 23:00:00+00:00,1.23691,1.23692,1.23539,1.23591,1767,10,0
2025-02-11 00:00:00+00:00,1.23594,1.23634,1.23533,1.23613,1189,10,0
2025-02-11 01:00:00+00:00,1.23616,1.23649,1.2357,1.23592,1811,10,0
2025-02-11 02:00:00+00:00,1.23593,1.23612,1.23448,1.23468,1896,10,0
2025-02-11 03:00:00+00:00,1.23468,1.23552,1.23458,1.23531,1546,10,0
2025-02-11 04:00:00+00:00,1.23531,1.23601,1.23519,1.2359499999999999,1246,10,0
2025-02-11 05:00:00+00:00,1.23594,1.23627,1.23577,1.23614,1160,10,0
2025-02-11 06:00:00+00:00,1.23614,1.23662,1.23574,1.23577,1519,10,0
2025-02-11 07:00:00+00:00,1.23577,1.23587,1.23382,1.23393,2676,10,0
2025-02-11 08:00:00+00:00,1.23391,1.23598,1.23318,1.2357,3439,10,0
2025-02-11 09:00:00+00:00,1.23568,1.23777,1.23561,1.23651,3030,10,0
2025-02-11 10:00:00+00:00,1.23649,1.23682,1.23555,1.236,2633,10,0
2025-02-11 11:00:00+00:00,1.236,1.2368999999999999,1.23591,1.23659,2012,10,0
2025-02-11 12:00:00+00:00,1.2366,1.23805,1.23582,1.23803,3047,10,0
2025-02-11 13:00:00+00:00,1.23803,1.23984,1.23744,1.23975,3410,10,0
2025-02-11 14:00:00+00:00,1.23973,1.24131,1.2396099999999999,1.24062,3505,10,0
2025-02-11 15:00:00+00:00,1.24066,1.24169,1.24027,1.24048,3669,10,0
2025-02-11 16:00:00+00:00,1.24047,1.24258,1.24036,1.2421,3044,10,0
2025-02-11 17:00:00+00:00,1.24207,1.24254,1.2417799999999999,1.2422900000000001,1985,10,0
2025-02-11 18:00:00+00:00,1.2422900000000001,1.24295,1.24206,1.2424,1850,10,0
2025-02-11 19:00:00+00:00,1.24236,1.24545,1.24204,1.24377,3215,10,0
2025-02-11 20:00:00+00:00,1.24375,1.24482,1.24356,1.24448,2182,10,0
2025-02-11 21:00:00+00:00,1.24443,1.24484,1.24428,1.24444,1093,10,0
2025-02-11 22:00:00+00:00,1.2444600000000001,1.2444600000000001,1.24333,1.24379,998,16,0
2025-02-11 23:00:00+00:00,1.24432,1.24516,1.24418,1.2450700000000001,1416,10,0
2025-02-12 00:00:00+00:00,1.2450700000000001,1.24533,1.24397,1.2445,1481,10,0
2025-02-12 01:00:00+00:00,1.24447,1.2453,1.24376,1.24496,2020,10,0
2025-02-12 02:00:00+00:00,1.24497,1.24582,1.24495,1.24504,1865,10,0
2025-02-12 03:00:00+00:00,1.24503,1.24551,1.24442,1.24506,1831,10,0
2025-02-12 04:00:00+00:00,1.24505,1.24505,1.24411,1.24411,1476,10,0
2025-02-12 05:00:00+00:00,1.24413,1.24464,1.24401,1.24449,1515,10,0
2025-02-12 06:00:00+00:00,1.24448,1.24479,1.24402,1.24424,1627,10,0
2025-02-12 07:00:00+00:00,1.24427,1.24603,1.24427,1.24571,2840,10,0
2025-02-12 08:00:00+00:00,1.24569,1.24649,1.24381,1.24419,3419,10,0
2025-02-12 09:00:00+00:00,1.24417,1.24467,1.24345,1.24459,2609,10,0
2025-02-12 10:00:00+00:00,1.24462,1.2448,1.24372,1.24414,2668,10,0
2025-02-12 11:00:00+00:00,1.2441200000000001,1.24618,1.24403,1.2456,2669,10,0
2025-02-12 12:00:00+00:00,1.24557,1.2459,1.24502,1.24512,2477,10,0
2025-02-12 13:00:00+00:00,1.24512,1.24521,1.23772,1.23884,8193,10,0
2025-02-12 14:00:00+00:00,1.23883,1.24059,1.23776,1.24038,5937,10,0
2025-02-12 15:00:00+00:00,1.24037,1.24481,1.23888,1.24337,9514,10,0
2025-02-12 16:00:00+00:00,1.24333,1.24457,1.2402,1.2443,4864,10,0
2025-02-12 17:00:00+00:00,1.24431,1.24832,1.2442,1.24768,6354,10,0
2025-02-12 18:00:00+00:00,1.24766,1.24824,1.2442199999999999,1.24445,4118,10,0
2025-02-12 19:00:00+00:00,1.24445,1.24496,1.24397,1.24459,2558,10,0
2025-02-12 20:00:00+00:00,1.2446,1.2452,1.24418,1.24443,2091,10,0
2025-02-12 21:00:00+00:00,1.2444600000000001,1.24497,1.24343,1.24425,1727,10,0
2025-02-12 22:00:00+00:00,1.24423,1.24426,1.2435,1.24391,1180,32,0
2025-02-12 23:00:00+00:00,1.24441,1.24501,1.24423,1.24501,929,10,0
2025-02-13 00:00:00+00:00,1.245,1.2456,1.2443,1.24448,1493,10,0
2025-02-13 01:00:00+00:00,1.24452,1.24574,1.2442,1.24561,2700,10,0
2025-02-13 02:00:00+00:00,1.24562,1.24631,1.24518,1.24617,2235,10,0
2025-02-13 03:00:00+00:00,1.24618,1.24796,1.24601,1.24765,2330,10,0
2025-02-13 04:00:00+00:00,1.24765,1.24918,1.24757,1.24877,2225,10,0
2025-02-13 05:00:00+00:00,1.24877,1.24958,1.24872,1.24905,2249,10,0
2025-02-13 06:00:00+00:00,1.24906,1.24987,1.24862,1.24882,2423,10,0
2025-02-13 07:00:00+00:00,1.24876,1.25169,1.24876,1.25089,4526,10,0
2025-02-13 08:00:00+00:00,1.2509000000000001,1.25106,1.24715,1.24754,4134,10,0
2025-02-13 09:00:00+00:00,1.24758,1.2497,1.2473,1.24906,3155,10,0
2025-02-13 10:00:00+00:00,1.24906,1.25048,1.24844,1.24933,2691,10,0
2025-02-13 11:00:00+00:00,1.2493,1.25042,1.24692,1.2475,4404,10,0
2025-02-13 12:00:00+00:00,1.24749,1.24752,1.24594,1.2466599999999999,3661,10,0
2025-02-13 13:00:00+00:00,1.24668,1.2476099999999999,1.24521,1.24703,5615,10,0
2025-02-13 14:00:00+00:00,1.24708,1.24827,1.24604,1.2482199999999999,4592,10,0
2025-02-13 15:00:00+00:00,1.24823,1.25257,1.24799,1.25226,8711,10,0
2025-02-13 16:00:00+00:00,1.25225,1.254,1.25191,1.25259,3956,10,0
2025-02-13 17:00:00+00:00,1.25257,1.2542499999999999,1.25207,1.2521,2823,10,0
2025-02-13 18:00:00+00:00,1.25213,1.25287,1.24767,1.2508,10757,10,0
2025-02-13 19:00:00+00:00,1.25078,1.2544,1.2506599999999999,1.25366,4556,10,0
2025-02-13 20:00:00+00:00,1.25366,1.2567,1.25339,1.25598,3116,10,0
2025-02-13 21:00:00+00:00,1.25602,1.2568,1.25557,1.25637,1567,10,0
2025-02-13 22:00:00+00:00,1.25634,1.25636,1.25467,1.256,951,45,0
2025-02-13 23:00:00+00:00,1.25652,1.25696,1.25575,1.2564,1693,10,0
2025-02-14 00:00:00+00:00,1.2564,1.25661,1.25567,1.2560799999999999,1910,10,0
2025-02-14 01:00:00+00:00,1.2560799999999999,1.25719,1.25593,1.25633,2589,10,0
2025-02-14 02:00:00+00:00,1.25632,1.25656,1.25574,1.25593,1785,10,0
2025-02-14 03:00:00+00:00,1.25594,1.25606,1.2555,1.25579,1518,10,0
2025-02-14 04:00:00+00:00,1.25579,1.25622,1.25545,1.25549,1239,10,0
2025-02-14 05:00:00+00:00,1.25549,1.25568,1.25489,1.25535,1617,10,0
2025-02-14 06:00:00+00:00,1.25535,1.25631,1.25518,1.25593,2086,10,0
2025-02-14 07:00:00+00:00,1.25594,1.25747,1.25579,1.2563,3291,10,0
2025-02-14 08:00:00+00:00,1.25627,1.25941,1.25627,1.25846,3885,10,0
2025-02-14 09:00:00+00:00,1.25843,1.25956,1.25816,1.25871,3196,10,0
2025-02-14 10:00:00+00:00,1.25871,1.2589299999999999,1.2574,1.25781,2812,10,0
2025-02-14 11:00:00+00:00,1.25781,1.25864,1.25732,1.25811,2607,10,0
2025-02-14 12:00:00+00:00,1.25811,1.2589000000000001,1.25713,1.25847,2875,10,0
2025-02-14 13:00:00+00:00,1.25851,1.26089,1.25827,1.26023,4716,10,0
2025-02-14 14:00:00+00:00,1.26027,1.26297,1.26003,1.2625899999999999,4431,10,0
2025-02-14 15:00:00+00:00,1.2625899999999999,1.26265,1.26019,1.26169,4411,10,0
2025-02-14 16:00:00+00:00,1.26166,1.26216,1.2604,1.26054,3199,10,0
2025-02-14 17:00:00+00:00,1.26054,1.26113,1.26009,1.26089,2149,10,0
2025-02-14 18:00:00+00:00,1.2609,1.26102,1.25948,1.2601200000000001,1778,10,0
2025-02-14 19:00:00+00:00,1.2601200000000001,1.26024,1.25928,1.2595,1980,10,0
2025-02-14 20:00:00+00:00,1.25948,1.25948,1.25851,1.2585899999999999,1718,10,0
2025-02-14 21:00:00+00:00,1.25862,1.25891,1.25833,1.25864,1193,10,0
2025-02-16 22:00:00+00:00,1.25752,1.25843,1.25717,1.2584,661,60,0
2025-02-16 23:00:00+00:00,1.25872,1.2588300000000001,1.25778,1.25834,1829,10,0
2025-02-17 00:00:00+00:00,1.25835,1.25878,1.25809,1.2585899999999999,1721,10,0
2025-02-17 01:00:00+00:00,1.25858,1.26,1.25787,1.25991,2487,10,0
2025-02-17 02:00:00+00:00,1.25992,1.25992,1.25897,1.25946,2204,10,0
2025-02-17 03:00:00+00:00,1.2594400000000001,1.25964,1.25865,1.2591,2000,10,0
2025-02-17 04:00:00+00:00,1.2591,1.25974,1.25871,1.2595,1422,10,0
2025-02-17 05:00:00+00:00,1.2595,1.25992,1.25827,1.25878,2278,10,0
2025-02-17 06:00:00+00:00,1.25876,1.25986,1.2585600000000001,1.2597,2312,10,0
2025-02-17 07:00:00+00:00,1.25972,1.25984,1.25848,1.2595,3149,10,0
2025-02-17 08:00:00+00:00,1.25949,1.25975,1.2582900000000001,1.25906,3247,10,0
2025-02-17 09:00:00+00:00,1.25906,1.26043,1.25877,1.25908,2587,10,0
2025-02-17 10:00:00+00:00,1.25905,1.26025,1.25874,1.2602,2582,10,0
2025-02-17 11:00:00+00:00,1.26019,1.26064,1.25919,1.2601499999999999,2264,10,0
2025-02-17 12:00:00+00:00,1.26014,1.26077,1.25907,1.25935,2475,10,0
2025-02-17 13:00:00+00:00,1.25934,1.26002,1.2591,1.2593,2195,10,0
2025-02-17 14:00:00+00:00,1.2593,1.25987,1.25848,1.2595,2320,10,0
2025-02-17 15:00:00+00:00,1.25948,1.26074,1.25909,1.26054,2561,10,0
2025-02-17 16:00:00+00:00,1.26056,1.26139,1.26026,1.26091,1769,10,0
2025-02-17 17:00:00+00:00,1.26091,1.26261,1.26089,1.26218,1327,10,0
2025-02-17 18:00:00+00:00,1.26218,1.26274,1.26178,1.26264,803,10,0
2025-02-17 19:00:00+00:00,1.26264,1.26343,1.26238,1.26273,1116,10,0
2025-02-17 20:00:00+00:00,1.26273,1.2629000000000001,1.26251,1.26267,702,10,0
2025-02-17 21:00:00+00:00,1.26268,1.26282,1.26223,1.26223,677,10,0
2025-02-17 22:00:00+00:00,1.26227,1.26235,1.26147,1.26169,1070,32,0
2025-02-17 23:00:00+00:00,1.26208,1.26226,1.26159,1.26203,923,10,0
2025-02-18 00:00:00+00:00,1.26203,1.26216,1.26093,1.26102,1364,10,0
2025-02-18 01:00:00+00:00,1.26102,1.2610299999999999,1.25995,1.2605,2200,10,0
2025-02-18 02:00:00+00:00,1.26054,1.26086,1.26024,1.26055,1715,10,0
2025-02-18 03:00:00+00:00,1.26056,1.26121,1.25996,1.26028,2255,10,0
2025-02-18 04:00:00+00:00,1.26026,1.26031,1.25937,1.25974,1972,10,0
2025-02-18 05:00:00+00:00,1.25975,1.25992,1.25925,1.25975,1667,10,0
2025-02-18 06:00:00+00:00,1.25975,1.26028,1.25925,1.26018,2030,10,0
2025-02-18 07:00:00+00:00,1.2602,1.26215,1.2598099999999999,1.2614,3179,10,0
2025-02-18 08:00:00+00:00,1.26138,1.26228,1.26063,1.26095,3451,10,0
2025-02-18 09:00:00+00:00,1.26092,1.26139,1.2601200000000001,1.26072,2642,10,0
2025-02-18 10:00:00+00:00,1.26071,1.26092,1.25906,1.2595100000000001,2545,10,0
2025-02-18 11:00:00+00:00,1.2595399999999999,1.26044,1.2595100000000001,1.25998,2336,10,0
2025-02-18 12:00:00+00:00,1.26001,1.2607300000000001,1.25852,1.25882,2681,10,0
2025-02-18 13:00:00+00:00,1.25882,1.25995,1.25821,1.25918,3055,8,0
2025-02-18 14:00:00+00:00,1.25919,1.26081,1.25887,1.26059,3520,10,0
2025-02-18 15:00:00+00:00,1.26062,1.26205,1.26043,1.26147,4021,10,0
2025-02-18 16:00:00+00:00,1.26146,1.2619,1.26036,1.2610999999999999,2874,10,0
2025-02-18 17:00:00+00:00,1.2610999999999999,1.26112,1.25992,1.26001,2132,10,0
2025-02-18 18:00:00+00:00,1.26003,1.26034,1.2591999999999999,1.26011,1992,10,0
2025-02-18 19:00:00+00:00,1.26011,1.2606,1.25946,1.25974,1841,10,0
2025-02-18 20:00:00+00:00,1.25971,1.26074,1.25933,1.26065,1462,10,0
2025-02-18 21:00:00+00:00,1.26062,1.26136,1.2603,1.26115,1295,10,0
2025-02-18 22:00:00+00:00,1.2610999999999999,1.2622900000000001,1.26029,1.2622900000000001,1596,28,0
2025-02-18 23:00:00+00:00,1.26323,1.26339,1.26211,1.26238,1259,10,0
2025-02-19 00:00:00+00:00,1.26238,1.26274,1.26158,1.26163,1692,10,0
2025-02-19 01:00:00+00:00,1.26166,1.2619500000000001,1.26071,1.26136,2583,10,0
2025-02-19 02:00:00+00:00,1.2613400000000001,1.26174,1.26091,1.26155,2226,10,0
2025-02-19 03:00:00+00:00,1.26158,1.26162,1.26081,1.26155,1526,10,0
2025-02-19 04:00:00+00:00,1.26155,1.26169,1.26096,1.2616100000000001,1195,10,0
2025-02-19 05:00:00+00:00,1.2616100000000001,1.26242,1.2612999999999999,1.26238,1373,10,0
2025-02-19 06:00:00+00:00,1.26237,1.26276,1.26162,1.26176,1999,10,0
2025-02-19 07:00:00+00:00,1.26179,1.2635399999999999,1.2612,1.26175,3521,10,0
2025-02-19 08:00:00+00:00,1.26173,1.26292,1.26072,1.26125,3259,10,0
2025-02-19 09:00:00+00:00,1.26125,1.26221,1.26029,1.2604199999999999,2650,10,0
2025-02-19 10:00:00+00:00,1.26045,1.26055,1.25837,1.2591700000000001,2561,10,0
2025-02-19 11:00:00+00:00,1.25918,1.25961,1.25747,1.25839,3350,10,0
2025-02-19 12:00:00+00:00,1.25838,1.25904,1.2577099999999999,1.2586,2777,10,0
2025-02-19 13:00:00+00:00,1.2585899999999999,1.25963,1.25842,1.25908,2915,10,0
2025-02-19 14:00:00+00:00,1.25907,1.25937,1.2581,1.25918,3548,10,0
2025-02-19 15:00:00+00:00,1.2591999999999999,1.26061,1.25857,1.25891,4371,10,0
2025-02-19 16:00:00+00:00,1.2589000000000001,1.25896,1.2569,1.2570999999999999,3555,10,0
2025-02-19 17:00:00+00:00,1.25706,1.2575,1.25628,1.25726,2499,10,0
2025-02-19 18:00:00+00:00,1.25725,1.2579,1.25659,1.25749,2254,10,0
2025-02-19 19:00:00+00:00,1.25744,1.25899,1.25715,1.25836,2738,10,0
2025-02-19 20:00:00+00:00,1.25834,1.25875,1.2580200000000001,1.2587,1975,10,0
2025-02-19 21:00:00+00:00,1.25871,1.25875,1.25827,1.25827,872,10,0
2025-02-19 22:00:00+00:00,1.25824,1.25853,1.25709,1.25718,1239,29,0
2025-02-19 23:00:00+00:00,1.25805,1.25858,1.25783,1.2582499999999999,933,10,0
2025-02-20 00:00:00+00:00,1.25824,1.25928,1.25806,1.25918,1764,10,0
2025-02-20 01:00:00+00:00,1.2591700000000001,1.25937,1.25799,1.25828,2324,10,0
2025-02-20 02:00:00+00:00,1.2582900000000001,1.25948,1.25805,1.25937,2958,10,0
2025-02-20 03:00:00+00:00,1.25938,1.25946,1.25871,1.25918,1846,10,0
2025-02-20 04:00:00+00:00,1.2591700000000001,1.25945,1.2588300000000001,1.25938,1423,10,0
2025-02-20 05:00:00+00:00,1.25938,1.25991,1.25914,1.25934,1538,10,0
2025-02-20 06:00:00+00:00,1.25934,1.26013,1.25894,1.25897,1902,10,0
2025-02-20 07:00:00+00:00,1.25896,1.26021,1.25884,1.25946,2604,10,0
2025-02-20 08:00:00+00:00,1.2594400000000001,1.26155,1.2594400000000001,1.26077,3255,10,0
2025-02-20 09:00:00+00:00,1.26077,1.26155,1.26026,1.26135,2537,10,0
2025-02-20 10:00:00+00:00,1.2613400000000001,1.26193,1.26094,1.26162,2491,10,0
2025-02-20 11:00:00+00:00,1.2616399999999999,1.26167,1.25998,1.26082,2405,10,0
2025-02-20 12:00:00+00:00,1.26085,1.26172,1.25967,1.2599,3270,10,0
2025-02-20 13:00:00+00:00,1.2599,1.2622499999999999,1.2597800000000001,1.2612700000000001,3502,10,0
2025-02-20 14:00:00+00:00,1.26124,1.26241,1.26063,1.26131,4363,10,0
2025-02-20 15:00:00+00:00,1.26133,1.26432,1.26047,1.26399,5102,10,0
2025-02-20 16:00:00+00:00,1.26401,1.26485,1.26315,1.26417,3430,10,0
2025-02-20 17:00:00+00:00,1.26414,1.26599,1.26364,1.26516,2945,10,0
2025-02-20 18:00:00+00:00,1.26514,1.2662900000000001,1.26481,1.26607,2359,10,0
2025-02-20 19:00:00+00:00,1.26607,1.26699,1.2652700000000001,1.26692,2087,10,0
2025-02-20 20:00:00+00:00,1.26688,1.26708,1.26632,1.26699,1540,10,0
2025-02-20 21:00:00+00:00,1.26695,1.26706,1.26664,1.26678,813,10,0
2025-02-20 22:00:00+00:00,1.2668,1.2668,1.26556,1.26612,1039,16,0
2025-02-20 23:00:00+00:00,1.26661,1.26739,1.26644,1.26688,1239,10,0
2025-02-21 00:00:00+00:00,1.26689,1.26696,1.26576,1.2658800000000001,1548,10,0
2025-02-21 01:00:00+00:00,1.2658800000000001,1.26624,1.26533,1.26552,2351,10,0
2025-02-21 02:00:00+00:00,1.26553,1.26739,1.26552,1.26724,2476,10,0
2025-02-21 03:00:00+00:00,1.26724,1.2673,1.26664,1.26695,1849,10,0
2025-02-21 04:00:00+00:00,1.26695,1.26701,1.2662900000000001,1.26642,1202,10,0
2025-02-21 05:00:00+00:00,1.26639,1.2665,1.26563,1.26597,1795,10,0
2025-02-21 06:00:00+00:00,1.26596,1.26646,1.26566,1.266,2161,10,0
2025-02-21 07:00:00+00:00,1.26605,1.26783,1.26605,1.26688,3161,10,0
2025-02-21 08:00:00+00:00,1.26688,1.26707,1.2649599999999999,1.26593,3887,10,0
2025-02-21 09:00:00+00:00,1.26596,1.26631,1.26417,1.26497,3025,10,0
2025-02-21 10:00:00+00:00,1.26498,1.26562,1.26437,1.26467,2333,10,0
2025-02-21 11:00:00+00:00,1.26468,1.26547,1.26427,1.26445,2069,10,0
2025-02-21 12:00:00+00:00,1.26448,1.2647300000000001,1.26364,1.26391,2261,10,0
2025-02-21 13:00:00+00:00,1.26392,1.26516,1.26388,1.26454,2655,10,0
2025-02-21 14:00:00+00:00,1.26455,1.26679,1.2639,1.2656100000000001,4401,10,0
2025-02-21 15:00:00+00:00,1.26556,1.2659799999999999,1.26296,1.26377,4943,10,0
2025-02-21 16:00:00+00:00,1.26377,1.2648,1.2635399999999999,1.26437,3103,10,0
2025-02-21 17:00:00+00:00,1.26437,1.26492,1.2637,1.26446,2956,10,0
2025-02-21 18:00:00+00:00,1.26447,1.26449,1.26244,1.26341,3334,10,0
2025-02-21 19:00:00+00:00,1.26338,1.26382,1.26282,1.2631000000000001,2613,10,0
2025-02-21 20:00:00+00:00,1.26307,1.26362,1.26279,1.26305,2139,10,0
2025-02-21 21:00:00+00:00,1.26304,1.26349,1.26266,1.26335,1372,10,0
2025-02-23 22:00:00+00:00,1.26196,1.26334,1.26196,1.26328,704,91,0
2025-02-23 23:00:00+00:00,1.26423,1.26575,1.26367,1.26483,1849,10,0
2025-02-24 00:00:00+00:00,1.26487,1.26723,1.26438,1.26662,2602,10,0
2025-02-24 01:00:00+00:00,1.2665899999999999,1.26794,1.26611,1.26777,3416,10,0
2025-02-24 02:00:00+00:00,1.26777,1.26901,1.26769,1.26845,2967,10,0
2025-02-24 03:00:00+00:00,1.26845,1.26875,1.26766,1.2680500000000001,2186,10,0
2025-02-24 04:00:00+00:00,1.2680500000000001,1.2682,1.26729,1.26773,1402,10,0
2025-02-24 05:00:00+00:00,1.2677100000000001,1.2677100000000001,1.26704,1.26742,2059,10,0
2025-02-24 06:00:00+00:00,1.26738,1.26745,1.26572,1.2664900000000001,2118,10,0
2025-02-24 07:00:00+00:00,1.26653,1.26702,1.2637800000000001,1.2644,3799,10,0
2025-02-24 08:00:00+00:00,1.26444,1.26533,1.2629000000000001,1.26481,4208,10,0
2025-02-24 09:00:00+00:00,1.26478,1.2657,1.26251,1.26376,3586,10,0
2025-02-24 10:00:00+00:00,1.26375,1.26438,1.26258,1.26424,3031,10,0
2025-02-24 11:00:00+00:00,1.26424,1.26445,1.26339,1.26395,2457,10,0
2025-02-24 12:00:00+00:00,1.26392,1.26443,1.26315,1.26377,2305,10,0
2025-02-24 13:00:00+00:00,1.26377,1.26501,1.2634400000000001,1.26447,2965,10,0
2025-02-24 14:00:00+00:00,1.26445,1.26493,1.26115,1.2618,4109,10,0
2025-02-24 15:00:00+00:00,1.26179,1.2631000000000001,1.26148,1.262,4774,10,0
2025-02-24 16:00:00+00:00,1.26199,1.26406,1.26173,1.26388,3458,10,0
2025-02-24 17:00:00+00:00,1.26389,1.26483,1.26295,1.26398,3117,10,0
2025-02-24 18:00:00+00:00,1.26397,1.26505,1.26383,1.26431,2205,10,0
2025-02-24 19:00:00+00:00,1.2643,1.26475,1.26299,1.26321,2143,10,0
2025-02-24 20:00:00+00:00,1.26324,1.26364,1.2621,1.26221,3127,10,0
2025-02-24 21:00:00+00:00,1.2622,1.2627,1.26176,1.26223,986,10,0
2025-02-24 22:00:00+00:00,1.2622499999999999,1.26248,1.26175,1.26204,924,32,0
2025-02-24 23:00:00+00:00,1.26287,1.26287,1.26151,1.26166,1141,10,0
2025-02-25 00:00:00+00:00,1.26166,1.26214,1.26163,1.2619,1242,10,0
2025-02-25 01:00:00+00:00,1.2619,1.2622900000000001,1.26167,1.26227,1932,10,0
2025-02-25 02:00:00+00:00,1.26227,1.26346,1.26206,1.2634,2067,10,0
2025-02-25 03:00:00+00:00,1.26341,1.26357,1.26295,1.2631700000000001,1486,10,0
2025-02-25 04:00:00+00:00,1.26318,1.26376,1.26312,1.26326,1220,10,0
2025-02-25 05:00:00+00:00,1.26326,1.26382,1.26324,1.26366,1264,10,0
2025-02-25 06:00:00+00:00,1.26366,1.26385,1.26263,1.2631000000000001,1582,10,0
2025-02-25 07:00:00+00:00,1.26309,1.26318,1.26108,1.26128,3294,10,0
2025-02-25 08:00:00+00:00,1.2612700000000001,1.263,1.26053,1.26196,3791,10,0
2025-02-25 09:00:00+00:00,1.26197,1.26296,1.2618,1.26234,2975,10,0
2025-02-25 10:00:00+00:00,1.26235,1.26279,1.2615,1.26253,2509,10,0
2025-02-25 11:00:00+00:00,1.26253,1.26531,1.26242,1.26528,2516,10,0
2025-02-25 12:00:00+00:00,1.26526,1.26616,1.26468,1.26567,3184,10,0
2025-02-25 13:00:00+00:00,1.26565,1.2677399999999999,1.26547,1.26704,3289,10,0
2025-02-25 14:00:00+00:00,1.26704,1.26731,1.26599,1.2662,3744,10,0
2025-02-25 15:00:00+00:00,1.26624,1.2677,1.26507,1.26539,5256,10,0
2025-02-25 16:00:00+00:00,1.26541,1.2658800000000001,1.26458,1.2650000000000001,3913,10,0
2025-02-25 17:00:00+00:00,1.26499,1.26626,1.26401,1.26626,2886,10,0
2025-02-25 18:00:00+00:00,1.2662900000000001,1.2674699999999999,1.2659799999999999,1.26653,2764,10,0
2025-02-25 19:00:00+00:00,1.26655,1.267,1.26594,1.2669000000000001,2562,10,0
2025-02-25 20:00:00+00:00,1.26689,1.2677,1.2665600000000001,1.26699,2291,10,0
2025-02-25 21:00:00+00:00,1.26699,1.26726,1.26647,1.26661,965,10,0
2025-02-25 22:00:00+00:00,1.26662,1.26662,1.26584,1.2658800000000001,698,26,0
2025-02-25 23:00:00+00:00,1.26669,1.26755,1.26662,1.26714,1307,10,0
2025-02-26 00:00:00+00:00,1.26715,1.26775,1.26703,1.26753,1411,10,0
2025-02-26 01:00:00+00:00,1.26753,1.26753,1.26634,1.26642,2369,10,0
2025-02-26 02:00:00+00:00,1.26643,1.26666,1.26519,1.2655,2175,10,0
2025-02-26 03:00:00+00:00,1.2655,1.26573,1.2647599999999999,1.26493,1769,10,0
2025-02-26 04:00:00+00:00,1.26494,1.2650000000000001,1.26404,1.26409,1300,10,0
2025-02-26 05:00:00+00:00,1.2640799999999999,1.26424,1.2634699999999999,1.26382,1732,10,0
2025-02-26 06:00:00+00:00,1.26383,1.26494,1.2635399999999999,1.26478,1934,10,0
2025-02-26 07:00:00+00:00,1.26477,1.26566,1.26447,1.26479,3294,10,0
2025-02-26 08:00:00+00:00,1.26479,1.26641,1.26414,1.26511,3371,10,0
2025-02-26 09:00:00+00:00,1.26509,1.2659,1.26481,1.26533,2939,10,0
2025-02-26 10:00:00+00:00,1.26533,1.26577,1.26403,1.26448,2633,10,0
2025-02-26 11:00:00+00:00,1.26447,1.26507,1.26393,1.26479,2449,10,0
2025-02-26 12:00:00+00:00,1.26482,1.2656100000000001,1.26407,1.26431,2623,10,0
2025-02-26 13:00:00+00:00,1.26433,1.26644,1.26418,1.2653400000000001,3290,10,0
2025-02-26 14:00:00+00:00,1.2653400000000001,1.2667,1.2651,1.26648,3846,10,0
2025-02-26 15:00:00+00:00,1.26648,1.26984,1.26575,1.26939,4933,10,0
2025-02-26 16:00:00+00:00,1.26942,1.2708,1.26878,1.26936,4066,10,0
2025-02-26 17:00:00+00:00,1.26932,1.27154,1.26773,1.26843,6587,10,0
2025-02-26 18:00:00+00:00,1.26843,1.2696100000000001,1.2677399999999999,1.26811,3917,10,0
2025-02-26 19:00:00+00:00,1.2680799999999999,1.26872,1.2671999999999999,1.26834,3012,10,0
2025-02-26 20:00:00+00:00,1.26836,1.26843,1.2671700000000001,1.26745,2006,10,0
2025-02-26 21:00:00+00:00,1.26743,1.26769,1.26694,1.26735,1507,10,0
2025-02-26 22:00:00+00:00,1.26733,1.2677,1.26695,1.2675100000000001,715,26,0
2025-02-26 23:00:00+00:00,1.26769,1.26836,1.2674400000000001,1.26802,1127,10,0
2025-02-27 00:00:00+00:00,1.26802,1.26802,1.26635,1.26654,1687,10,0
2025-02-27 01:00:00+00:00,1.26655,1.26696,1.26603,1.26642,2167,10,0
2025-02-27 02:00:00+00:00,1.26642,1.26664,1.2659,1.26606,2195,10,0
2025-02-27 03:00:00+00:00,1.26608,1.26655,1.26556,1.26562,1648,10,0
2025-02-27 04:00:00+00:00,1.26565,1.26586,1.26498,1.26538,1813,10,0
2025-02-27 05:00:00+00:00,1.26539,1.26565,1.26512,1.26546,1803,10,0
2025-02-27 06:00:00+00:00,1.26549,1.26633,1.2653699999999999,1.2662200000000001,2004,10,0
2025-02-27 07:00:00+00:00,1.2662499999999999,1.26706,1.26576,1.26657,2635,10,0
2025-02-27 08:00:00+00:00,1.26661,1.26768,1.26632,1.2671299999999999,3222,10,0
2025-02-27 09:00:00+00:00,1.2671299999999999,1.26785,1.26667,1.2678099999999999,2820,10,0
2025-02-27 10:00:00+00:00,1.2678099999999999,1.26795,1.26657,1.26789,2610,10,0
2025-02-27 11:00:00+00:00,1.26791,1.26884,1.26692,1.26721,2412,10,0
2025-02-27 12:00:00+00:00,1.2671999999999999,1.26872,1.2665600000000001,1.26665,3249,10,0
2025-02-27 13:00:00+00:00,1.26666,1.2688,1.26281,1.26319,7959,10,0
2025-02-27 14:00:00+00:00,1.26322,1.26446,1.26214,1.2628300000000001,6146,10,0
2025-02-27 15:00:00+00:00,1.2628,1.26377,1.26217,1.26275,5441,10,0
2025-02-27 16:00:00+00:00,1.26278,1.26336,1.2615,1.26262,3564,10,0
2025-02-27 17:00:00+00:00,1.26266,1.26295,1.26085,1.26122,3027,10,0
2025-02-27 18:00:00+00:00,1.26124,1.26288,1.26124,1.26277,2734,10,0
2025-02-27 19:00:00+00:00,1.26277,1.26292,1.26045,1.26078,2753,10,0
2025-02-27 20:00:00+00:00,1.26077,1.26119,1.26037,1.26119,2677,10,0
2025-02-27 21:00:00+00:00,1.26123,1.26126,1.25976,1.25987,1285,10,0
2025-02-27 22:00:00+00:00,1.25986,1.26016,1.2593,1.25982,805,16,0
2025-02-27 23:00:00+00:00,1.26014,1.26059,1.25957,1.25962,1151,10,0
2025-02-28 00:00:00+00:00,1.25966,1.26071,1.25963,1.2606,1766,10,0
2025-02-28 01:00:00+00:00,1.26059,1.26099,1.25934,1.25942,2791,10,0
2025-02-28 02:00:00+00:00,1.25943,1.26004,1.2583199999999999,1.25833,2678,10,0
2025-02-28 03:00:00+00:00,1.25836,1.25885,1.25816,1.25842,2077,10,0
2025-02-28 04:00:00+00:00,1.25843,1.25867,1.25813,1.25826,1436,10,0
2025-02-28 05:00:00+00:00,1.25826,1.25858,1.25801,1.2585600000000001,1602,10,0
2025-02-28 06:00:00+00:00,1.2585600000000001,1.25857,1.25726,1.25794,2152,10,0
2025-02-28 07:00:00+00:00,1.2579,1.2595399999999999,1.25773,1.2588,3286,10,0
2025-02-28 08:00:00+00:00,1.25879,1.26033,1.25852,1.25995,3394,10,0
2025-02-28 09:00:00+00:00,1.25998,1.26065,1.25941,1.2594699999999999,2683,10,0
2025-02-28 10:00:00+00:00,1.25945,1.26038,1.25905,1.25923,2240,10,0
2025-02-28 11:00:00+00:00,1.25925,1.2597800000000001,1.2583,1.2594699999999999,2220,10,0
2025-02-28 12:00:00+00:00,1.2594699999999999,1.26013,1.25932,1.26003,2532,10,0
2025-02-28 13:00:00+00:00,1.2600500000000001,1.26099,1.25958,1.2602,3717,10,0
2025-02-28 14:00:00+00:00,1.26023,1.26095,1.25926,1.26024,4049,10,0
2025-02-28 15:00:00+00:00,1.26026,1.26215,1.2582499999999999,1.2591700000000001,5205,10,0
2025-02-28 16:00:00+00:00,1.2591999999999999,1.2598500000000001,1.2580200000000001,1.25881,4542,10,0
2025-02-28 17:00:00+00:00,1.25885,1.26043,1.2586,1.25897,4056,10,0
2025-02-28 18:00:00+00:00,1.25897,1.25907,1.256,1.2561499999999999,6139,10,0
2025-02-28 19:00:00+00:00,1.25613,1.2576399999999999,1.2559,1.25713,3364,10,0
2025-02-28 20:00:00+00:00,1.25715,1.25833,1.25679,1.25812,3550,10,0
2025-02-28 21:00:00+00:00,1.25808,1.2582900000000001,1.25751,1.2576800000000001,2916,10,0
2025-03-02 22:00:00+00:00,1.25688,1.25804,1.25678,1.25765,779,123,0
2025-03-02 23:00:00+00:00,1.25891,1.2608,1.2588,1.26016,2471,10,0
2025-03-03 00:00:00+00:00,1.2601499999999999,1.2610299999999999,1.25937,1.26018,2991,10,0
2025-03-03 01:00:00+00:00,1.26019,1.26132,1.26,1.26082,3244,10,0
2025-03-03 02:00:00+00:00,1.2608,1.2613400000000001,1.26043,1.26068,2240,10,0
2025-03-03 03:00:00+00:00,1.2606600000000001,1.2607,1.25964,1.26018,2535,10,0
2025-03-03 04:00:00+00:00,1.26018,1.2607,1.26001,1.26027,1466,10,0
2025-03-03 05:00:00+00:00,1.26025,1.2607300000000001,1.25997,1.26048,1662,10,0
2025-03-03 06:00:00+00:00,1.26048,1.26061,1.25942,1.25965,2245,10,0
2025-03-03 07:00:00+00:00,1.25964,1.26026,1.25904,1.2600799999999999,3240,10,0
2025-03-03 08:00:00+00:00,1.26004,1.26047,1.25818,1.25903,3751,10,0
2025-03-03 09:00:00+00:00,1.25906,1.26296,1.25896,1.26281,3349,10,0
2025-03-03 10:00:00+00:00,1.2628300000000001,1.26481,1.26281,1.26458,4189,10,0
2025-03-03 11:00:00+00:00,1.26462,1.26623,1.26411,1.2659799999999999,3649,10,0
2025-03-03 12:00:00+00:00,1.26597,1.26885,1.26593,1.26868,4561,10,0
2025-03-03 13:00:00+00:00,1.2687,1.26881,1.26728,1.26791,4202,10,0
2025-03-03 14:00:00+00:00,1.26792,1.27014,1.26722,1.26897,5021,10,0
2025-03-03 15:00:00+00:00,1.2690299999999999,1.27139,1.26834,1.2698,7168,10,0
2025-03-03 16:00:00+00:00,1.26984,1.27108,1.26943,1.27081,4202,10,0
2025-03-03 17:00:00+00:00,1.2707899999999999,1.27175,1.27039,1.27156,2804,10,0
2025-03-03 18:00:00+00:00,1.27155,1.27245,1.27009,1.2705899999999999,4362,10,0
2025-03-03 19:00:00+00:00,1.27058,1.27097,1.26867,1.26904,5225,10,0
2025-03-03 20:00:00+00:00,1.26905,1.26983,1.26797,1.26968,5911,10,0
2025-03-03 21:00:00+00:00,1.26965,1.27069,1.2695699999999999,1.27003,1660,10,0
2025-03-03 22:00:00+00:00,1.26996,1.27007,1.26939,1.26946,854,26,0
2025-03-03 23:00:00+00:00,1.27028,1.27093,1.26975,1.2701,1559,10,0
2025-03-04 00:00:00+00:00,1.2701,1.27042,1.2687599999999999,1.26992,2744,10,0
2025-03-04 01:00:00+00:00,1.2698800000000001,1.27081,1.26926,1.2697,3542,10,0
2025-03-04 02:00:00+00:00,1.2697,1.26992,1.26883,1.26885,2634,10,0
2025-03-04 03:00:00+00:00,1.26885,1.26942,1.26844,1.26871,2211,10,0
2025-03-04 04:00:00+00:00,1.26871,1.2696,1.26782,1.26935,2056,10,0
2025-03-04 05:00:00+00:00,1.26933,1.26992,1.2683,1.26951,3210,10,0
2025-03-04 06:00:00+00:00,1.2695,1.27024,1.2688,1.26979,2436,10,0
2025-03-04 07:00:00+00:00,1.26982,1.27087,1.26908,1.27034,3998,10,0
2025-03-04 08:00:00+00:00,1.27032,1.27236,1.26922,1.2719,5205,10,0
2025-03-04 09:00:00+00:00,1.27192,1.27404,1.27097,1.27244,4043,10,0
2025-03-04 10:00:00+00:00,1.2724199999999999,1.27279,1.2704,1.27221,3516,10,0
2025-03-04 11:00:00+00:00,1.27218,1.27412,1.2708300000000001,1.27397,3841,10,0
2025-03-04 12:00:00+00:00,1.27399,1.27515,1.27325,1.27462,4428,10,0
2025-03-04 13:00:00+00:00,1.27462,1.27533,1.27199,1.27222,5448,10,0
2025-03-04 14:00:00+00:00,1.27219,1.27309,1.27067,1.27093,6605,10,0
2025-03-04 15:00:00+00:00,1.2709,1.27217,1.26993,1.27157,6253,10,0
2025-03-04 16:00:00+00:00,1.27155,1.27301,1.27037,1.27246,5114,10,0
2025-03-04 17:00:00+00:00,1.27249,1.27453,1.27247,1.27431,5225,10,0
2025-03-04 18:00:00+00:00,1.2743,1.27759,1.27407,1.27745,5813,10,0
2025-03-04 19:00:00+00:00,1.27744,1.2788300000000001,1.27742,1.27867,4441,10,0
2025-03-04 20:00:00+00:00,1.27868,1.27992,1.27829,1.27835,4556,10,0
2025-03-04 21:00:00+00:00,1.27838,1.27989,1.27831,1.27938,3727,10,0
2025-03-04 22:00:00+00:00,1.27936,1.27936,1.27841,1.27841,963,28,0
2025-03-04 23:00:00+00:00,1.2789,1.27966,1.27862,1.27948,1836,10,0
2025-03-05 00:00:00+00:00,1.2794699999999999,1.27949,1.27837,1.27878,2601,10,0
2025-03-05 01:00:00+00:00,1.27881,1.27957,1.27762,1.27767,4841,10,0
2025-03-05 02:00:00+00:00,1.27769,1.27824,1.2769,1.27702,3350,10,0
2025-03-05 03:00:00+00:00,1.27698,1.27866,1.27672,1.2786,3469,10,0
2025-03-05 04:00:00+00:00,1.2786,1.27945,1.27848,1.27866,2145,10,0
2025-03-05 05:00:00+00:00,1.27868,1.27964,1.27867,1.27949,2064,10,0
2025-03-05 06:00:00+00:00,1.2794699999999999,1.28022,1.27865,1.27965,2830,10,0
2025-03-05 07:00:00+00:00,1.2796699999999999,1.28213,1.2795,1.282,4949,10,0
2025-03-05 08:00:00+00:00,1.28198,1.2852299999999999,1.28143,1.2842799999999999,5861,10,0
2025-03-05 09:00:00+00:00,1.2842500000000001,1.28542,1.2834699999999999,1.28356,5150,10,0
2025-03-05 10:00:00+00:00,1.28353,1.28409,1.28169,1.2830599999999999,3746,10,0
2025-03-05 11:00:00+00:00,1.28308,1.28355,1.28169,1.28232,3364,10,0
2025-03-05 12:00:00+00:00,1.28233,1.28429,1.28105,1.28118,4249,10,0
2025-03-05 13:00:00+00:00,1.28122,1.28268,1.28036,1.2822200000000001,7240,10,0
2025-03-05 14:00:00+00:00,1.28219,1.28696,1.2818800000000001,1.28681,6998,10,0
2025-03-05 15:00:00+00:00,1.28674,1.28728,1.28521,1.28665,8614,10,0
2025-03-05 16:00:00+00:00,1.28662,1.28797,1.28543,1.28602,7443,10,0
2025-03-05 17:00:00+00:00,1.286,1.28807,1.28563,1.28789,5294,10,0
2025-03-05 18:00:00+00:00,1.2879,1.28887,1.28636,1.28875,6447,10,0
2025-03-05 19:00:00+00:00,1.28877,1.28972,1.28837,1.28963,3237,10,0
2025-03-05 20:00:00+00:00,1.2896,1.29003,1.2894999999999999,1.28996,2326,10,0
2025-03-05 21:00:00+00:00,1.28994,1.28994,1.28908,1.28924,1485,10,0
2025-03-05 22:00:00+00:00,1.28926,1.28936,1.2886600000000001,1.2886600000000001,1849,25,0
2025-03-05 23:00:00+00:00,1.28909,1.28946,1.28869,1.2889300000000001,1306,10,0
2025-03-06 00:00:00+00:00,1.28891,1.29,1.28863,1.28922,2325,10,0
2025-03-06 01:00:00+00:00,1.28918,1.29074,1.28892,1.29046,2977,10,0
2025-03-06 02:00:00+00:00,1.2904900000000001,1.29082,1.2891599999999999,1.28967,2898,10,0
2025-03-06 03:00:00+00:00,1.28969,1.2897,1.2885499999999999,1.2885900000000001,2239,10,0
2025-03-06 04:00:00+00:00,1.2885900000000001,1.2901099999999999,1.2882500000000001,1.29007,1719,10,0
2025-03-06 05:00:00+00:00,1.2900800000000001,1.29035,1.28945,1.2901500000000001,2192,10,0
2025-03-06 06:00:00+00:00,1.2901500000000001,1.29126,1.28946,1.28987,2742,10,0
2025-03-06 07:00:00+00:00,1.28987,1.2923200000000001,1.28901,1.29084,5048,10,0
2025-03-06 08:00:00+00:00,1.29085,1.29139,1.28908,1.28946,6492,10,0
2025-03-06 09:00:00+00:00,1.28944,1.2904900000000001,1.28687,1.28761,5385,10,0
2025-03-06 10:00:00+00:00,1.28761,1.2883200000000001,1.28656,1.28731,4298,10,0
2025-03-06 11:00:00+00:00,1.28729,1.28856,1.28685,1.28789,3612,10,0
2025-03-06 12:00:00+00:00,1.28786,1.28971,1.28746,1.28857,4006,10,0
2025-03-06 13:00:00+00:00,1.28856,1.28972,1.2878,1.28965,6536,10,0
2025-03-06 14:00:00+00:00,1.28962,1.29062,1.2879800000000001,1.2901799999999999,8356,10,0
2025-03-06 15:00:00+00:00,1.29016,1.29182,1.28815,1.289,7813,10,0
2025-03-06 16:00:00+00:00,1.28901,1.29136,1.28876,1.28936,6578,10,0
2025-03-06 17:00:00+00:00,1.28934,1.2901500000000001,1.2882,1.28875,4257,10,0
2025-03-06 18:00:00+00:00,1.28872,1.28999,1.2876400000000001,1.28853,3812,10,0
2025-03-06 19:00:00+00:00,1.28851,1.29027,1.28818,1.28933,3513,10,0
2025-03-06 20:00:00+00:00,1.28932,1.28951,1.2877,1.28776,3196,10,0
2025-03-06 21:00:00+00:00,1.28778,1.28837,1.28704,1.28793,1436,10,0
2025-03-06 22:00:00+00:00,1.28789,1.28807,1.28741,1.2879,737,26,0
2025-03-06 23:00:00+00:00,1.28805,1.28892,1.28803,1.2883200000000001,1207,10,0
2025-03-07 00:00:00+00:00,1.28831,1.2889,1.28797,1.28816,1883,10,0
2025-03-07 01:00:00+00:00,1.28818,1.2886199999999999,1.28756,1.28834,2311,10,0
2025-03-07 02:00:00+00:00,1.28833,1.28899,1.28765,1.2885499999999999,2189,10,0
2025-03-07 03:00:00+00:00,1.28853,1.28922,1.28829,1.28867,2186,10,0
2025-03-07 04:00:00+00:00,1.28867,1.28905,1.28823,1.2885499999999999,1453,10,0
2025-03-07 05:00:00+00:00,1.28854,1.28904,1.28814,1.2884,1924,10,0
2025-03-07 06:00:00+00:00,1.28841,1.28989,1.28793,1.28965,2570,10,0
2025-03-07 07:00:00+00:00,1.28966,1.2910599999999999,1.28909,1.29039,3356,10,0
2025-03-07 08:00:00+00:00,1.2904200000000001,1.29272,1.29012,1.2920099999999999,4018,10,0
2025-03-07 09:00:00+00:00,1.2920099999999999,1.29444,1.29144,1.29379,3611,10,0
2025-03-07 10:00:00+00:00,1.2937699999999999,1.29423,1.29168,1.29197,3081,10,0
2025-03-07 11:00:00+00:00,1.2919399999999999,1.29234,1.29104,1.2919399999999999,2810,10,0
2025-03-07 12:00:00+00:00,1.29193,1.29197,1.29024,1.291,3798,10,0
2025-03-07 13:00:00+00:00,1.2910300000000001,1.29394,1.29019,1.29021,8963,10,0
2025-03-07 14:00:00+00:00,1.2902,1.29311,1.29009,1.29192,7908,10,0
2025-03-07 15:00:00+00:00,1.2919399999999999,1.29369,1.29001,1.29222,8954,10,0
2025-03-07 16:00:00+00:00,1.2923,1.29292,1.29048,1.29144,5240,10,0
2025-03-07 17:00:00+00:00,1.29145,1.292,1.28941,1.29067,5651,10,0
2025-03-07 18:00:00+00:00,1.29068,1.2912,1.2896,1.29108,4004,10,0
2025-03-07 19:00:00+00:00,1.2910599999999999,1.2921,1.29054,1.29203,3425,10,0
2025-03-07 20:00:00+00:00,1.29205,1.2925900000000001,1.29181,1.2924,3008,10,0
2025-03-07 21:00:00+00:00,1.29238,1.29292,1.292,1.29213,2147,10,0
2025-03-09 21:00:00+00:00,1.29066,1.29156,1.28961,1.29149,826,98,0
2025-03-09 22:00:00+00:00,1.2913700000000001,1.29326,1.2913700000000001,1.29304,2505,10,0
2025-03-09 23:00:00+00:00,1.29308,1.29378,1.2925200000000001,1.29315,2481,10,0
2025-03-10 00:00:00+00:00,1.29315,1.29431,1.29302,1.29375,2866,10,0
2025-03-10 01:00:00+00:00,1.2937400000000001,1.29454,1.29268,1.29283,2672,10,0
2025-03-10 02:00:00+00:00,1.29282,1.29306,1.2910300000000001,1.29121,2174,10,0
2025-03-10 03:00:00+00:00,1.2912,1.29165,1.29093,1.29111,1969,10,0
2025-03-10 04:00:00+00:00,1.29112,1.29155,1.29068,1.2906900000000001,1443,10,0
2025-03-10 05:00:00+00:00,1.2906900000000001,1.29125,1.29047,1.29124,1884,10,0
2025-03-10 06:00:00+00:00,1.29125,1.29222,1.29104,1.29141,2540,10,0
2025-03-10 07:00:00+00:00,1.29141,1.29199,1.28883,1.28948,4096,10,0
2025-03-10 08:00:00+00:00,1.28949,1.28971,1.28734,1.28775,5057,10,0
2025-03-10 09:00:00+00:00,1.28777,1.29126,1.2873700000000001,1.29086,4429,10,0
2025-03-10 10:00:00+00:00,1.29088,1.29302,1.29088,1.29208,4478,10,0
2025-03-10 11:00:00+00:00,1.29204,1.29334,1.2901500000000001,1.29223,6275,10,0
2025-03-10 12:00:00+00:00,1.2922500000000001,1.29452,1.292,1.29331,4054,10,0
2025-03-10 13:00:00+00:00,1.29331,1.29463,1.29211,1.2925200000000001,5061,10,0
2025-03-10 14:00:00+00:00,1.2925,1.29253,1.29068,1.2917,5489,10,0
2025-03-10 15:00:00+00:00,1.29172,1.2920099999999999,1.2898100000000001,1.29046,4733,10,0
2025-03-10 16:00:00+00:00,1.29046,1.29095,1.28849,1.2894,3666,10,0
2025-03-10 17:00:00+00:00,1.28941,1.28945,1.2877100000000001,1.28773,3086,10,0
2025-03-10 18:00:00+00:00,1.2877100000000001,1.28807,1.28617,1.28693,3637,10,0
2025-03-10 19:00:00+00:00,1.28692,1.2877399999999999,1.28607,1.28765,2975,10,0
2025-03-10 20:00:00+00:00,1.28766,1.28792,1.28641,1.2876699999999999,1671,10,0
2025-03-10 21:00:00+00:00,1.2876,1.28781,1.28711,1.28727,814,32,0
2025-03-10 22:00:00+00:00,1.28769,1.28786,1.28715,1.28735,1362,10,0
2025-03-10 23:00:00+00:00,1.28735,1.28807,1.28718,1.28747,1869,10,0
2025-03-11 00:00:00+00:00,1.28748,1.28881,1.28738,1.28853,2719,10,0
2025-03-11 01:00:00+00:00,1.28854,1.28902,1.28757,1.28891,3116,10,0
2025-03-11 02:00:00+00:00,1.28892,1.28932,1.28823,1.2888600000000001,2790,10,0
2025-03-11 03:00:00+00:00,1.2888600000000001,1.28949,1.28854,1.28897,2543,10,0
2025-03-11 04:00:00+00:00,1.2889300000000001,1.28977,1.2885900000000001,1.28941,1853,10,0
2025-03-11 05:00:00+00:00,1.28941,1.28955,1.28728,1.2876,2261,10,0
2025-03-11 06:00:00+00:00,1.28762,1.29031,1.2873700000000001,1.28936,4096,10,0
2025-03-11 07:00:00+00:00,1.28939,1.29175,1.28901,1.29085,4919,10,0
2025-03-11 08:00:00+00:00,1.29088,1.2937,1.29051,1.2929300000000001,4932,10,0
2025-03-11 09:00:00+00:00,1.2929300000000001,1.29412,1.29229,1.29343,3666,10,0
2025-03-11 10:00:00+00:00,1.29341,1.29341,1.29231,1.29265,3214,10,0
2025-03-11 11:00:00+00:00,1.29263,1.29367,1.29187,1.29243,3380,10,0
2025-03-11 12:00:00+00:00,1.29243,1.29517,1.29209,1.29444,4213,10,0
2025-03-11 13:00:00+00:00,1.2944499999999999,1.2946900000000001,1.29283,1.29322,4744,10,0
2025-03-11 14:00:00+00:00,1.29325,1.29344,1.29173,1.29305,7332,10,0
2025-03-11 15:00:00+00:00,1.29304,1.29563,1.29281,1.29454,5147,10,0
2025-03-11 16:00:00+00:00,1.29452,1.29452,1.29361,1.29369,3631,10,0
2025-03-11 17:00:00+00:00,1.29366,1.29494,1.2933,1.29493,3481,10,0
2025-03-11 18:00:00+00:00,1.29495,1.29654,1.2947199999999999,1.29595,4451,10,0
2025-03-11 19:00:00+00:00,1.29597,1.29651,1.2951,1.29519,3482,10,0
2025-03-11 20:00:00+00:00,1.29518,1.29522,1.29453,1.29495,1407,10,0
2025-03-11 21:00:00+00:00,1.29493,1.29496,1.29334,1.29436,1009,23,0
2025-03-11 22:00:00+00:00,1.29373,1.2947199999999999,1.29373,1.2945,962,41,0
2025-03-11 23:00:00+00:00,1.29482,1.295,1.29428,1.2943500000000001,1183,10,0
2025-03-12 00:00:00+00:00,1.2943799999999999,1.29459,1.29309,1.29356,1624,10,0
2025-03-12 01:00:00+00:00,1.29356,1.2943,1.29336,1.29367,2147,10,0
2025-03-12 02:00:00+00:00,1.29368,1.29423,1.2932299999999999,1.29332,1827,10,0
2025-03-12 03:00:00+00:00,1.2933,1.2934999999999999,1.29219,1.29222,1526,10,0
2025-03-12 04:00:00+00:00,1.29222,1.2926,1.2919,1.29234,1439,10,0
2025-03-12 05:00:00+00:00,1.29236,1.29311,1.29199,1.29306,1712,10,0
2025-03-12 06:00:00+00:00,1.29308,1.29325,1.29148,1.2916,2222,10,0
2025-03-12 07:00:00+00:00,1.29162,1.2932000000000001,1.29131,1.29283,3325,10,0
2025-03-12 08:00:00+00:00,1.29281,1.29417,1.29229,1.29416,4653,10,0
2025-03-12 09:00:00+00:00,1.2941500000000001,1.29454,1.29332,1.29341,3287,10,0
2025-03-12 10:00:00+00:00,1.29339,1.29436,1.2929,1.29334,2898,10,0
2025-03-12 11:00:00+00:00,1.29332,1.29607,1.29329,1.29439,3360,10,0
2025-03-12 12:00:00+00:00,1.29439,1.29881,1.2937699999999999,1.29426,8354,10,0
2025-03-12 13:00:00+00:00,1.29428,1.29551,1.29269,1.29345,6396,10,0
2025-03-12 14:00:00+00:00,1.29344,1.29477,1.2924,1.29458,4275,10,0
2025-03-12 15:00:00+00:00,1.29457,1.29679,1.2941099999999999,1.29678,4145,10,0
2025-03-12 16:00:00+00:00,1.29672,1.2982,1.2964,1.29722,3436,10,0
2025-03-12 17:00:00+00:00,1.29724,1.29803,1.2965200000000001,1.29667,2849,10,0
2025-03-12 18:00:00+00:00,1.29665,1.29729,1.29631,1.2967,2497,10,0
2025-03-12 19:00:00+00:00,1.29672,1.29722,1.2962500000000001,1.29668,2384,10,0
2025-03-12 20:00:00+00:00,1.29672,1.29702,1.29597,1.29614,1138,10,0
2025-03-12 21:00:00+00:00,1.29617,1.29623,1.2958,1.2959,781,13,0
2025-03-12 22:00:00+00:00,1.29623,1.29669,1.29623,1.29657,716,10,0
2025-03-12 23:00:00+00:00,1.29657,1.29672,1.29603,1.29639,909,10,0
2025-03-13 00:00:00+00:00,1.2964,1.2968199999999999,1.296,1.29666,1363,10,0
2025-03-13 01:00:00+00:00,1.29667,1.297,1.2962,1.2966199999999999,2106,10,0
2025-03-13 02:00:00+00:00,1.29664,1.29729,1.29658,1.29698,1551,10,0
2025-03-13 03:00:00+00:00,1.29698,1.29698,1.29572,1.29573,1542,10,0
2025-03-13 04:00:00+00:00,1.29571,1.29624,1.29539,1.29617,1340,10,0
2025-03-13 05:00:00+00:00,1.29618,1.2962099999999999,1.29519,1.29583,1726,10,0
2025-03-13 06:00:00+00:00,1.29583,1.2959800000000001,1.29461,1.29508,2525,10,0
2025-03-13 07:00:00+00:00,1.29505,1.29583,1.2941,1.29526,3234,10,0
2025-03-13 08:00:00+00:00,1.29529,1.29656,1.2940800000000001,1.29475,4453,10,0
2025-03-13 09:00:00+00:00,1.29473,1.2959800000000001,1.2943500000000001,1.29592,2976,10,0
2025-03-13 10:00:00+00:00,1.29593,1.29632,1.29478,1.29558,3085,10,0
2025-03-13 11:00:00+00:00,1.29556,1.29578,1.2925900000000001,1.29317,4358,10,0
2025-03-13 12:00:00+00:00,1.29315,1.29678,1.29273,1.2932299999999999,5463,10,0
2025-03-13 13:00:00+00:00,1.2932299999999999,1.29447,1.29203,1.29366,4490,8,0
2025-03-13 14:00:00+00:00,1.29364,1.29597,1.2935699999999999,1.2955999999999999,4708,10,0
2025-03-13 15:00:00+00:00,1.2956400000000001,1.2958,1.29349,1.29433,5107,10,0
2025-03-13 16:00:00+00:00,1.29431,1.29582,1.29362,1.29463,3440,10,0
2025-03-13 17:00:00+00:00,1.29465,1.29473,1.29356,1.29397,3179,10,0
2025-03-13 18:00:00+00:00,1.29395,1.2953299999999999,1.29387,1.29515,2263,10,0
2025-03-13 19:00:00+00:00,1.29512,1.2953299999999999,1.29414,1.29439,2366,10,0
2025-03-13 20:00:00+00:00,1.2944,1.29556,1.29423,1.29488,1172,10,0
2025-03-13 21:00:00+00:00,1.29485,1.29508,1.2941500000000001,1.2941500000000001,708,32,0
2025-03-13 22:00:00+00:00,1.29497,1.29572,1.29467,1.29512,886,10,0
2025-03-13 23:00:00+00:00,1.29512,1.29568,1.29481,1.29562,1162,10,0
2025-03-14 00:00:00+00:00,1.2955999999999999,1.29585,1.2944499999999999,1.29448,1897,10,0
2025-03-14 01:00:00+00:00,1.29448,1.29485,1.294,1.2941500000000001,2332,10,0
2025-03-14 02:00:00+00:00,1.29412,1.2944200000000001,1.29353,1.29397,2014,10,0
2025-03-14 03:00:00+00:00,1.29395,1.29467,1.29383,1.2943799999999999,2127,10,0
2025-03-14 04:00:00+00:00,1.2943799999999999,1.2945,1.29362,1.29407,1679,10,0
2025-03-14 05:00:00+00:00,1.29404,1.29492,1.29393,1.29486,1933,10,0
2025-03-14 06:00:00+00:00,1.29483,1.29484,1.29361,1.2939,2291,10,0
2025-03-14 07:00:00+00:00,1.2937699999999999,1.29392,1.29168,1.2925,4096,10,0
2025-03-14 08:00:00+00:00,1.29248,1.294,1.29206,1.29326,3536,10,0
2025-03-14 09:00:00+00:00,1.29327,1.2934999999999999,1.29193,1.29277,3576,10,0
2025-03-14 10:00:00+00:00,1.29275,1.29536,1.29238,1.29416,5223,10,0
2025-03-14 11:00:00+00:00,1.29412,1.29461,1.2931300000000001,1.29388,4701,10,0
2025-03-14 12:00:00+00:00,1.29385,1.29523,1.2937,1.2941500000000001,3714,10,0
2025-03-14 13:00:00+00:00,1.2941099999999999,1.29437,1.29331,1.29396,4081,10,0
2025-03-14 14:00:00+00:00,1.29392,1.29454,1.29229,1.29258,4962,10,0
2025-03-14 15:00:00+00:00,1.29257,1.29343,1.29102,1.29148,4190,10,0
2025-03-14 16:00:00+00:00,1.29147,1.29269,1.29119,1.29247,3154,10,0
2025-03-14 17:00:00+00:00,1.29244,1.2932299999999999,1.29238,1.29278,2240,10,0
2025-03-14 18:00:00+00:00,1.29277,1.2933,1.29277,1.2931300000000001,1745,10,0
2025-03-14 19:00:00+00:00,1.29312,1.2936,1.2927,1.2934999999999999,1501,10,0
2025-03-14 20:00:00+00:00,1.29345,1.2938399999999999,1.29308,1.29342,1658,10,0
2025-03-16 21:00:00+00:00,1.2925200000000001,1.29278,1.29115,1.29203,762,67,0
2025-03-16 22:00:00+00:00,1.29204,1.2935400000000001,1.29204,1.29304,1593,10,0
2025-03-16 23:00:00+00:00,1.29306,1.29345,1.29261,1.29268,1308,10,0
2025-03-17 00:00:00+00:00,1.2927,1.29334,1.29266,1.29291,1580,10,0
2025-03-17 01:00:00+00:00,1.29291,1.29439,1.29281,1.29379,2140,10,0
2025-03-17 02:00:00+00:00,1.29379,1.29404,1.29339,1.2934999999999999,1595,10,0
2025-03-17 03:00:00+00:00,1.29346,1.29379,1.29302,1.29356,1373,10,0
2025-03-17 04:00:00+00:00,1.29356,1.29448,1.29306,1.29345,1666,10,0
2025-03-17 05:00:00+00:00,1.29345,1.2935400000000001,1.29287,1.29343,1437,10,0
2025-03-17 06:00:00+00:00,1.29343,1.29373,1.29276,1.2929,1665,10,0
2025-03-17 07:00:00+00:00,1.2929,1.294,1.29283,1.29358,2923,10,0
2025-03-17 08:00:00+00:00,1.29358,1.29459,1.29299,1.29416,3172,10,0
2025-03-17 09:00:00+00:00,1.29417,1.29572,1.29402,1.29525,2578,10,0
2025-03-17 10:00:00+00:00,1.29528,1.29731,1.2950300000000001,1.29708,2495,10,0
2025-03-17 11:00:00+00:00,1.29708,1.2977,1.29644,1.29704,2321,10,0
2025-03-17 12:00:00+00:00,1.29705,1.29766,1.29586,1.2971,4017,10,0
2025-03-17 13:00:00+00:00,1.2971,1.29822,1.29679,1.2979,3555,10,0
2025-03-17 14:00:00+00:00,1.2979,1.29829,1.29672,1.29818,3233,10,0
2025-03-17 15:00:00+00:00,1.29814,1.29946,1.2978399999999999,1.2984,2894,10,0
2025-03-17 16:00:00+00:00,1.29841,1.2993000000000001,1.2981099999999999,1.299,2184,10,0
2025-03-17 17:00:00+00:00,1.29901,1.29935,1.29847,1.29904,1862,10,0
2025-03-17 18:00:00+00:00,1.29902,1.29985,1.29888,1.29962,2021,10,0
2025-03-17 19:00:00+00:00,1.2995999999999999,1.29961,1.2990300000000001,1.2991,1340,10,0
2025-03-17 20:00:00+00:00,1.29911,1.29976,1.2987,1.29892,1175,10,0
2025-03-17 21:00:00+00:00,1.29887,1.29898,1.29789,1.29789,733,38,0
2025-03-17 22:00:00+00:00,1.29879,1.2991,1.29859,1.29873,776,10,0
2025-03-17 23:00:00+00:00,1.29873,1.29885,1.29837,1.29837,755,10,0
2025-03-18 00:00:00+00:00,1.29837,1.29871,1.29818,1.2983,1260,10,0
2025-03-18 01:00:00+00:00,1.29829,1.29868,1.29807,1.29813,1620,10,0
2025-03-18 02:00:00+00:00,1.29813,1.29823,1.29736,1.29739,1401,10,0
2025-03-18 03:00:00+00:00,1.29739,1.29755,1.29704,1.29735,1063,10,0
2025-03-18 04:00:00+00:00,1.29735,1.29776,1.29732,1.29771,929,10,0
2025-03-18 05:00:00+00:00,1.29771,1.29795,1.29736,1.29738,1097,10,0
2025-03-18 06:00:00+00:00,1.29742,1.29803,1.29674,1.29796,1812,10,0
2025-03-18 07:00:00+00:00,1.29799,1.29886,1.29773,1.29863,2267,10,0
2025-03-18 08:00:00+00:00,1.29863,1.30044,1.29858,1.2995999999999999,2946,10,0
2025-03-18 09:00:00+00:00,1.29962,1.30033,1.29851,1.30007,2588,10,0
2025-03-18 10:00:00+00:00,1.30009,1.3002099999999999,1.2987,1.29898,2920,10,0
2025-03-18 11:00:00+00:00,1.299,1.29915,1.29639,1.29648,2668,10,0
2025-03-18 12:00:00+00:00,1.29649,1.29749,1.29511,1.2969300000000001,3364,10,0
2025-03-18 13:00:00+00:00,1.29694,1.29769,1.29532,1.29667,3850,10,0
2025-03-18 14:00:00+00:00,1.29671,1.2977400000000001,1.29618,1.2968600000000001,4184,10,0
2025-03-18 15:00:00+00:00,1.2968899999999999,1.29922,1.29556,1.2983500000000001,4462,10,0
2025-03-18 16:00:00+00:00,1.29837,1.29986,1.29768,1.29984,3293,10,0
2025-03-18 17:00:00+00:00,1.29982,1.30069,1.29966,1.30043,2843,10,0
2025-03-18 18:00:00+00:00,1.30042,1.30078,1.29992,1.30041,2080,10,0
2025-03-18 19:00:00+00:00,1.30044,1.30095,1.30013,1.3005499999999999,1700,10,0
2025-03-18 20:00:00+00:00,1.30053,1.30061,1.29999,1.3,940,10,0
2025-03-18 21:00:00+00:00,1.2999399999999999,1.3,1.29912,1.29912,572,23,0
2025-03-18 22:00:00+00:00,1.30009,1.30036,1.29984,1.3000099999999999,676,10,0
2025-03-18 23:00:00+00:00,1.30002,1.30031,1.29984,1.29997,714,10,0
2025-03-19 00:00:00+00:00,1.2999399999999999,1.30014,1.29938,1.29956,1378,10,0
2025-03-19 01:00:00+00:00,1.29959,1.2996699999999999,1.29917,1.2993700000000001,1364,10,0
2025-03-19 02:00:00+00:00,1.29935,1.30026,1.29925,1.29982,1233,10,0
2025-03-19 03:00:00+00:00,1.29982,1.3001,1.29885,1.2993999999999999,1175,10,0
2025-03-19 04:00:00+00:00,1.2993999999999999,1.2993999999999999,1.29856,1.2987199999999999,1055,10,0
2025-03-19 05:00:00+00:00,1.29873,1.29907,1.29813,1.29841,1312,10,0
2025-03-19 06:00:00+00:00,1.29839,1.29868,1.29766,1.29772,1774,10,0
2025-03-19 07:00:00+00:00,1.29771,1.29793,1.29569,1.29705,4220,10,0
2025-03-19 08:00:00+00:00,1.29706,1.29805,1.29649,1.29734,3599,10,0
2025-03-19 09:00:00+00:00,1.29735,1.29792,1.29636,1.29718,2675,10,0
2025-03-19 10:00:00+00:00,1.29719,1.29721,1.29568,1.29648,2535,10,0
2025-03-19 11:00:00+00:00,1.29648,1.29819,1.29596,1.29761,2984,10,0
2025-03-19 12:00:00+00:00,1.29763,1.29819,1.29643,1.2966,2899,10,0
2025-03-19 13:00:00+00:00,1.2966,1.29672,1.29545,1.2965499999999999,3337,10,0
2025-03-19 14:00:00+00:00,1.29657,1.29738,1.2962099999999999,1.29664,2974,10,0
2025-03-19 15:00:00+00:00,1.29663,1.29714,1.29614,1.29658,2791,10,0
2025-03-19 16:00:00+00:00,1.29658,1.29755,1.29656,1.29734,2158,10,0
2025-03-19 17:00:00+00:00,1.29736,1.2974,1.29554,1.29642,2536,10,0
2025-03-19 18:00:00+00:00,1.29664,1.301,1.29605,1.30069,6900,10,0
2025-03-19 19:00:00+00:00,1.30068,1.3011,1.29819,1.29965,4558,10,0
2025-03-19 20:00:00+00:00,1.2996400000000001,1.30049,1.29925,1.30014,1414,10,0
2025-03-19 21:00:00+00:00,1.30013,1.30027,1.2989600000000001,1.29916,998,32,0
2025-03-19 22:00:00+00:00,1.30041,1.3011300000000001,1.30007,1.3005499999999999,909,10,0
2025-03-19 23:00:00+00:00,1.3005499999999999,1.301,1.30026,1.30096,936,10,0
2025-03-20 00:00:00+00:00,1.30096,1.30145,1.29981,1.3008600000000001,1889,10,0
2025-03-20 01:00:00+00:00,1.3008600000000001,1.30093,1.3001,1.30024,1933,10,0
2025-03-20 02:00:00+00:00,1.30023,1.30128,1.30019,1.3005900000000001,1824,10,0
2025-03-20 03:00:00+00:00,1.3005900000000001,1.30106,1.30045,1.30071,1332,10,0
2025-03-20 04:00:00+00:00,1.30071,1.30081,1.29999,1.30016,1149,10,0
2025-03-20 05:00:00+00:00,1.30015,1.30016,1.29902,1.29944,1143,10,0
2025-03-20 06:00:00+00:00,1.29944,1.2995999999999999,1.29847,1.29863,1819,10,0
2025-03-20 07:00:00+00:00,1.29864,1.29908,1.2962,1.2971300000000001,3192,10,0
2025-03-20 08:00:00+00:00,1.29715,1.29792,1.29668,1.2971599999999999,3320,10,0
2025-03-20 09:00:00+00:00,1.29714,1.29719,1.29453,1.29547,3856,10,0
2025-03-20 10:00:00+00:00,1.29549,1.2957,1.2935699999999999,1.29527,4004,10,0
2025-03-20 11:00:00+00:00,1.2953000000000001,1.2964,1.29457,1.29542,3319,10,0
2025-03-20 12:00:00+00:00,1.29543,1.29788,1.29482,1.29507,4671,10,0
2025-03-20 13:00:00+00:00,1.2950599999999999,1.29578,1.29353,1.29523,4366,10,0
2025-03-20 14:00:00+00:00,1.29522,1.29667,1.29515,1.2965,3881,10,0
2025-03-20 15:00:00+00:00,1.29651,1.29735,1.29524,1.29722,3376,10,0
2025-03-20 16:00:00+00:00,1.29724,1.29729,1.29618,1.29647,2616,10,0
2025-03-20 17:00:00+00:00,1.29647,1.29698,1.2955999999999999,1.29609,1999,10,0
2025-03-20 18:00:00+00:00,1.29607,1.29623,1.2955999999999999,1.2959800000000001,1776,10,0
2025-03-20 19:00:00+00:00,1.29596,1.29665,1.29596,1.29654,1558,10,0
2025-03-20 20:00:00+00:00,1.29657,1.29688,1.29623,1.29661,899,10,0
2025-03-20 21:00:00+00:00,1.2966,1.29675,1.2956400000000001,1.29615,891,25,0
2025-03-20 22:00:00+00:00,1.29696,1.29701,1.29627,1.29657,925,10,0
2025-03-20 23:00:00+00:00,1.29656,1.29694,1.29637,1.29648,762,10,0
2025-03-21 00:00:00+00:00,1.29647,1.297,1.29604,1.29634,1347,10,0
2025-03-21 01:00:00+00:00,1.29634,1.29678,1.29589,1.29634,1619,10,0
2025-03-21 02:00:00+00:00,1.29633,1.29661,1.2956400000000001,1.29587,1629,10,0
2025-03-21 03:00:00+00:00,1.29589,1.29596,1.2944499999999999,1.29457,1409,10,0
2025-03-21 04:00:00+00:00,1.29457,1.2947,1.29373,1.29396,1309,10,0
2025-03-21 05:00:00+00:00,1.29395,1.29395,1.29248,1.29292,1868,10,0
2025-03-21 06:00:00+00:00,1.29294,1.29363,1.29243,1.2934700000000001,1956,10,0
2025-03-21 07:00:00+00:00,1.2934999999999999,1.29447,1.29295,1.29349,3033,10,0
2025-03-21 08:00:00+00:00,1.2934700000000001,1.2941,1.29217,1.29402,3373,10,0
2025-03-21 09:00:00+00:00,1.29399,1.29428,1.29318,1.29328,2268,10,0
2025-03-21 10:00:00+00:00,1.2933,1.29468,1.29325,1.29432,2451,10,0
2025-03-21 11:00:00+00:00,1.29432,1.29467,1.29376,1.29448,2550,10,0
2025-03-21 12:00:00+00:00,1.2945,1.29551,1.29325,1.29359,3182,10,0
2025-03-21 13:00:00+00:00,1.29358,1.29366,1.29227,1.29363,3731,10,0
2025-03-21 14:00:00+00:00,1.29366,1.29386,1.2925900000000001,1.29333,3583,10,0
2025-03-21 15:00:00+00:00,1.29334,1.2937400000000001,1.28931,1.28931,3960,10,0
2025-03-21 16:00:00+00:00,1.28931,1.29202,1.28873,1.292,4147,10,0
2025-03-21 17:00:00+00:00,1.29199,1.2928899999999999,1.29083,1.29222,2253,10,0
2025-03-21 18:00:00+00:00,1.29222,1.29291,1.29138,1.2926199999999999,1858,10,0
2025-03-21 19:00:00+00:00,1.2926,1.29287,1.29168,1.29185,1392,10,0
2025-03-21 20:00:00+00:00,1.29182,1.29205,1.29105,1.2917399999999999,1772,10,0
2025-03-23 21:00:00+00:00,1.28784,1.29013,1.28784,1.29,649,94,0
2025-03-23 22:00:00+00:00,1.29067,1.29226,1.29065,1.29138,1478,10,0
2025-03-23 23:00:00+00:00,1.29141,1.29256,1.29111,1.29246,1415,10,0
2025-03-24 00:00:00+00:00,1.29244,1.29338,1.29214,1.29329,1833,10,0
2025-03-24 01:00:00+00:00,1.29328,1.29344,1.29195,1.29237,2194,10,0
2025-03-24 02:00:00+00:00,1.29238,1.29299,1.29227,1.29237,1744,10,0
2025-03-24 03:00:00+00:00,1.29236,1.29288,1.29122,1.29134,1638,10,0
2025-03-24 04:00:00+00:00,1.29135,1.2919,1.29108,1.29163,1544,10,0
2025-03-24 05:00:00+00:00,1.29162,1.2924,1.29123,1.29227,1793,10,0
2025-03-24 06:00:00+00:00,1.29227,1.29489,1.29218,1.29427,2215,10,0
2025-03-24 07:00:00+00:00,1.29427,1.29517,1.29385,1.29471,2957,10,0
2025-03-24 08:00:00+00:00,1.2947199999999999,1.29571,1.29437,1.29521,3543,10,0
2025-03-24 09:00:00+00:00,1.29523,1.29645,1.29392,1.2960099999999999,3590,10,0
2025-03-24 10:00:00+00:00,1.2960099999999999,1.29739,1.29571,1.2965499999999999,3118,10,0
2025-03-24 11:00:00+00:00,1.2965900000000001,1.29666,1.29427,1.29444,2622,10,0
2025-03-24 12:00:00+00:00,1.29441,1.2949899999999999,1.29399,1.29432,3211,10,0
2025-03-24 13:00:00+00:00,1.29433,1.29446,1.2917399999999999,1.29179,3808,10,0
2025-03-24 14:00:00+00:00,1.29176,1.29494,1.2913299999999999,1.29271,4872,10,0
2025-03-24 15:00:00+00:00,1.29273,1.29275,1.29075,1.29115,3831,10,0
2025-03-24 16:00:00+00:00,1.29114,1.29238,1.28952,1.29031,3508,10,0
2025-03-24 17:00:00+00:00,1.2903,1.2912,1.28999,1.2910300000000001,2502,10,0
2025-03-24 18:00:00+00:00,1.29098,1.29301,1.29046,1.29253,3012,10,0
2025-03-24 19:00:00+00:00,1.29256,1.29283,1.29179,1.29214,1937,10,0
2025-03-24 20:00:00+00:00,1.29209,1.29271,1.2919100000000001,1.29218,1028,10,0
2025-03-24 21:00:00+00:00,1.29221,1.29221,1.29163,1.29181,819,19,0
2025-03-24 22:00:00+00:00,1.29223,1.29241,1.2916400000000001,1.29202,765,10,0
2025-03-24 23:00:00+00:00,1.2920099999999999,1.2923499999999999,1.29184,1.29226,716,10,0
2025-03-25 00:00:00+00:00,1.29226,1.29226,1.29155,1.2917,1287,10,0
2025-03-25 01:00:00+00:00,1.2916699999999999,1.29253,1.29158,1.2921,1700,10,0
2025-03-25 02:00:00+00:00,1.29209,1.29236,1.29114,1.29134,1612,10,0
2025-03-25 03:00:00+00:00,1.2913299999999999,1.29246,1.29122,1.29242,1460,10,0
2025-03-25 04:00:00+00:00,1.29244,1.29283,1.29211,1.2923,1454,10,0
2025-03-25 05:00:00+00:00,1.2922799999999999,1.29278,1.2921,1.29223,1072,10,0
2025-03-25 06:00:00+00:00,1.29222,1.29229,1.29138,1.29146,1609,10,0
2025-03-25 07:00:00+00:00,1.29143,1.29229,1.29024,1.29056,2644,10,0
2025-03-25 08:00:00+00:00,1.29059,1.29149,1.29013,1.29121,3369,10,0
2025-03-25 09:00:00+00:00,1.29118,1.29308,1.29102,1.29301,2918,10,0
2025-03-25 10:00:00+00:00,1.29304,1.29512,1.29273,1.2950300000000001,3048,10,0
2025-03-25 11:00:00+00:00,1.2950599999999999,1.29572,1.29416,1.29424,2711,10,0
2025-03-25 12:00:00+00:00,1.29426,1.2960099999999999,1.2941799999999999,1.29542,2491,10,0
2025-03-25 13:00:00+00:00,1.2953999999999999,1.29605,1.2944,1.29459,3325,10,0
2025-03-25 14:00:00+00:00,1.29454,1.29518,1.29327,1.29477,3858,10,0
2025-03-25 15:00:00+00:00,1.29478,1.29526,1.29434,1.2947,3114,10,0
2025-03-25 16:00:00+00:00,1.2947199999999999,1.29593,1.2945,1.29566,2691,10,0
2025-03-25 17:00:00+00:00,1.29565,1.29665,1.29556,1.29585,2008,10,0
2025-03-25 18:00:00+00:00,1.29584,1.29584,1.2944,1.29456,1820,10,0
2025-03-25 19:00:00+00:00,1.29454,1.29478,1.29392,1.2946900000000001,1943,10,0
2025-03-25 20:00:00+00:00,1.29462,1.29473,1.29405,1.29433,1007,10,0
2025-03-25 21:00:00+00:00,1.29431,1.2943500000000001,1.29378,1.29382,763,26,0
2025-03-25 22:00:00+00:00,1.29379,1.29483,1.29379,1.29426,820,10,0
2025-03-25 23:00:00+00:00,1.29426,1.29453,1.29402,1.29446,818,10,0
2025-03-26 00:00:00+00:00,1.29443,1.29453,1.2933,1.29334,1582,10,0
2025-03-26 01:00:00+00:00,1.29334,1.2944499999999999,1.29267,1.29431,2123,10,0
2025-03-26 02:00:00+00:00,1.29431,1.29457,1.2938100000000001,1.29433,1487,10,0
2025-03-26 03:00:00+00:00,1.2943500000000001,1.29444,1.29328,1.29356,1558,10,0
2025-03-26 04:00:00+00:00,1.29356,1.29368,1.29305,1.29349,1328,10,0
2025-03-26 05:00:00+00:00,1.2934700000000001,1.29353,1.2929,1.29311,1435,10,0
2025-03-26 06:00:00+00:00,1.2931,1.29429,1.29274,1.29413,1745,10,0
2025-03-26 07:00:00+00:00,1.29407,1.29407,1.29025,1.29109,4413,10,0
2025-03-26 08:00:00+00:00,1.2911000000000001,1.29134,1.28858,1.29065,4124,10,0
2025-03-26 09:00:00+00:00,1.29061,1.29121,1.28955,1.29089,3282,10,0
2025-03-26 10:00:00+00:00,1.29092,1.29129,1.2901,1.2906900000000001,2650,10,0
2025-03-26 11:00:00+00:00,1.2907,1.29117,1.2895400000000001,1.28964,2496,10,0
2025-03-26 12:00:00+00:00,1.28965,1.2906900000000001,1.28823,1.2892700000000001,4531,10,0
2025-03-26 13:00:00+00:00,1.28929,1.29088,1.28739,1.28829,5413,10,0
2025-03-26 14:00:00+00:00,1.28827,1.29012,1.28811,1.28965,4207,10,0
2025-03-26 15:00:00+00:00,1.28966,1.29031,1.28758,1.28853,3472,10,0
2025-03-26 16:00:00+00:00,1.28858,1.2902,1.28816,1.28951,2932,10,0
2025-03-26 17:00:00+00:00,1.28953,1.2897,1.2879800000000001,1.2883499999999999,3609,10,0
2025-03-26 18:00:00+00:00,1.2883499999999999,1.28891,1.28831,1.28844,1978,10,0
2025-03-26 19:00:00+00:00,1.28842,1.28892,1.28788,1.28875,1607,10,0
2025-03-26 20:00:00+00:00,1.28877,1.28931,1.2885,1.28853,1017,10,0
2025-03-26 21:00:00+00:00,1.28856,1.28864,1.28664,1.28664,1071,35,0
2025-03-26 22:00:00+00:00,1.28751,1.28819,1.2870599999999999,1.28749,1818,10,0
2025-03-26 23:00:00+00:00,1.28745,1.288,1.28716,1.28769,1414,10,0
2025-03-27 00:00:00+00:00,1.28769,1.28903,1.2876,1.2888600000000001,1812,10,0
2025-03-27 01:00:00+00:00,1.28887,1.2901799999999999,1.28884,1.29,2124,10,0
2025-03-27 02:00:00+00:00,1.28998,1.29162,1.28996,1.29115,1784,10,0
2025-03-27 03:00:00+00:00,1.29116,1.29141,1.29056,1.29105,1489,10,0
2025-03-27 04:00:00+00:00,1.2910599999999999,1.2925200000000001,1.29105,1.29205,1511,10,0
2025-03-27 05:00:00+00:00,1.29205,1.29239,1.29084,1.29122,1768,10,0
2025-03-27 06:00:00+00:00,1.2912,1.29287,1.29114,1.29206,2304,10,0
2025-03-27 07:00:00+00:00,1.29209,1.29209,1.29025,1.29118,3489,10,0
2025-03-27 08:00:00+00:00,1.29121,1.29233,1.2901,1.29226,4400,10,0
2025-03-27 09:00:00+00:00,1.29226,1.29269,1.2911000000000001,1.29197,3162,10,0
2025-03-27 10:00:00+00:00,1.2919800000000001,1.29327,1.29141,1.2932000000000001,2829,10,0
2025-03-27 11:00:00+00:00,1.29318,1.2941500000000001,1.2927,1.29304,2818,10,0
2025-03-27 12:00:00+00:00,1.29306,1.29702,1.29274,1.29444,3852,10,0
2025-03-27 13:00:00+00:00,1.29447,1.29522,1.2927,1.29277,4035,10,0
2025-03-27 14:00:00+00:00,1.2928,1.2947899999999999,1.29222,1.29459,3784,10,0
2025-03-27 15:00:00+00:00,1.2946,1.29916,1.29428,1.29624,5591,10,0
2025-03-27 16:00:00+00:00,1.29623,1.2972299999999999,1.29527,1.2956699999999999,3608,10,0
2025-03-27 17:00:00+00:00,1.29569,1.29663,1.29475,1.29493,2543,10,0
2025-03-27 18:00:00+00:00,1.29491,1.29578,1.29473,1.29493,1911,10,0
2025-03-27 19:00:00+00:00,1.29493,1.2956400000000001,1.29452,1.29488,1659,10,0
2025-03-27 20:00:00+00:00,1.2949,1.29507,1.29466,1.2947899999999999,669,10,0
2025-03-27 21:00:00+00:00,1.29482,1.29502,1.2937400000000001,1.29446,753,22,0
2025-03-27 22:00:00+00:00,1.29514,1.29518,1.29433,1.29453,698,10,0
2025-03-27 23:00:00+00:00,1.29453,1.29513,1.29448,1.2951,791,10,0
2025-03-28 00:00:00+00:00,1.29508,1.29508,1.29404,1.2947899999999999,1608,10,0
2025-03-28 01:00:00+00:00,1.2947600000000001,1.29515,1.29448,1.29457,1731,10,0
2025-03-28 02:00:00+00:00,1.29456,1.29528,1.29444,1.2948,1608,10,0
2025-03-28 03:00:00+00:00,1.29481,1.29514,1.29443,1.29449,1222,10,0
2025-03-28 04:00:00+00:00,1.2945,1.29459,1.29402,1.2940800000000001,1060,10,0
2025-03-28 05:00:00+00:00,1.2940800000000001,1.29434,1.2937,1.29409,1159,10,0
2025-03-28 06:00:00+00:00,1.29409,1.29459,1.29378,1.29419,1503,10,0
2025-03-28 07:00:00+00:00,1.29417,1.29678,1.29399,1.29504,3256,10,0
2025-03-28 08:00:00+00:00,1.29507,1.2959399999999999,1.29405,1.29463,3640,10,0
2025-03-28 09:00:00+00:00,1.29466,1.29562,1.29405,1.2951,2731,10,0
2025-03-28 10:00:00+00:00,1.29509,1.29526,1.29356,1.29356,2381,10,0
2025-03-28 11:00:00+00:00,1.29355,1.2938,1.29218,1.2929,2529,10,0
2025-03-28 12:00:00+00:00,1.29288,1.29517,1.2923200000000001,1.29433,3362,10,0
2025-03-28 13:00:00+00:00,1.2943500000000001,1.29638,1.29387,1.29549,4687,10,0
2025-03-28 14:00:00+00:00,1.29552,1.29677,1.29455,1.2947600000000001,4430,10,0
2025-03-28 15:00:00+00:00,1.29475,1.29636,1.29335,1.2941,4187,10,0
2025-03-28 16:00:00+00:00,1.2941099999999999,1.29493,1.29394,1.29433,2765,10,0
2025-03-28 17:00:00+00:00,1.2943500000000001,1.29449,1.2929,1.29401,2437,10,0
2025-03-28 18:00:00+00:00,1.294,1.29434,1.29336,1.29392,2088,10,0
2025-03-28 19:00:00+00:00,1.29395,1.29463,1.2938100000000001,1.29444,1634,10,0
2025-03-28 20:00:00+00:00,1.2944200000000001,1.29474,1.29375,1.29394,1346,10,0
2025-03-30 21:00:00+00:00,1.29305,1.29378,1.29163,1.29238,768,57,0
2025-03-30 22:00:00+00:00,1.29299,1.29349,1.29213,1.29314,1855,10,0
2025-03-30 23:00:00+00:00,1.29317,1.29402,1.29271,1.29372,2165,10,0
2025-03-31 00:00:00+00:00,1.29368,1.29592,1.29364,1.2959,2575,10,0
2025-03-31 01:00:00+00:00,1.2959100000000001,1.29664,1.29585,1.29595,2703,10,0
2025-03-31 02:00:00+00:00,1.29597,1.29714,1.29549,1.29634,2351,10,0
2025-03-31 03:00:00+00:00,1.29635,1.29642,1.29561,1.29566,1710,10,0
2025-03-31 04:00:00+00:00,1.29568,1.2961,1.29545,1.2956400000000001,1558,10,0
2025-03-31 05:00:00+00:00,1.29565,1.29618,1.29541,1.29555,1866,10,0
2025-03-31 06:00:00+00:00,1.29558,1.2967,1.29483,1.2966,3567,10,0
2025-03-31 07:00:00+00:00,1.29657,1.29726,1.29549,1.29561,4665,10,0
2025-03-31 08:00:00+00:00,1.29558,1.29607,1.29346,1.29441,3670,10,0
2025-03-31 09:00:00+00:00,1.2943799999999999,1.29444,1.29236,1.29273,2742,10,0
2025-03-31 10:00:00+00:00,1.2927,1.29432,1.29178,1.29382,2770,10,0
2025-03-31 11:00:00+00:00,1.2938100000000001,1.2959,1.29364,1.29518,2786,10,0
2025-03-31 12:00:00+00:00,1.29518,1.29582,1.29303,1.29324,3180,10,0
2025-03-31 13:00:00+00:00,1.29324,1.2940800000000001,1.29256,1.29297,3766,10,0
2025-03-31 14:00:00+00:00,1.29297,1.29314,1.29024,1.29093,5787,10,0
2025-03-31 15:00:00+00:00,1.29091,1.29206,1.28895,1.28906,5361,10,0
2025-03-31 16:00:00+00:00,1.28908,1.29144,1.28858,1.29062,3710,10,0
2025-03-31 17:00:00+00:00,1.2906,1.29155,1.29057,1.2907,2062,10,0
2025-03-31 18:00:00+00:00,1.2906900000000001,1.29138,1.29043,1.29104,2015,10,0
2025-03-31 19:00:00+00:00,1.29104,1.29238,1.29086,1.29182,1921,10,0
2025-03-31 20:00:00+00:00,1.29184,1.29207,1.29125,1.29143,1420,10,0
2025-03-31 21:00:00+00:00,1.2913700000000001,1.2916,1.2910599999999999,1.29119,683,22,0
2025-03-31 22:00:00+00:00,1.29161,1.29209,1.29146,1.2919,862,10,0
2025-03-31 23:00:00+00:00,1.2919,1.29207,1.29155,1.29188,952,10,0
2025-04-01 00:00:00+00:00,1.2919100000000001,1.29267,1.29175,1.29256,1845,10,0
2025-04-01 01:00:00+00:00,1.29253,1.29269,1.2917399999999999,1.29212,2091,10,0
2025-04-01 02:00:00+00:00,1.29213,1.29343,1.292,1.29304,1918,10,0
2025-04-01 03:00:00+00:00,1.29303,1.29358,1.2928,1.29325,1758,10,0
2025-04-01 04:00:00+00:00,1.29326,1.29403,1.29324,1.2937,1566,10,0
2025-04-01 05:00:00+00:00,1.29371,1.2937400000000001,1.29187,1.29196,2123,10,0
2025-04-01 06:00:00+00:00,1.29196,1.29285,1.29124,1.29219,3072,10,0
2025-04-01 07:00:00+00:00,1.29217,1.29217,1.29021,1.29082,3809,10,0
2025-04-01 08:00:00+00:00,1.29078,1.29302,1.29047,1.2925499999999999,2976,10,0
2025-04-01 09:00:00+00:00,1.29257,1.2937699999999999,1.2922500000000001,1.2934,2814,10,0
2025-04-01 10:00:00+00:00,1.29342,1.29348,1.29071,1.29071,4385,10,0
2025-04-01 11:00:00+00:00,1.29074,1.2913000000000001,1.2889599999999999,1.28904,3897,10,0
2025-04-01 12:00:00+00:00,1.28902,1.28998,1.28847,1.2889300000000001,3214,10,0
2025-04-01 13:00:00+00:00,1.2889599999999999,1.2898800000000001,1.28789,1.2884,3860,10,0
2025-04-01 14:00:00+00:00,1.28838,1.29237,1.28814,1.29207,5369,10,0
2025-04-01 15:00:00+00:00,1.29212,1.2929300000000001,1.29173,1.29207,4175,10,0
2025-04-01 16:00:00+00:00,1.29207,1.29278,1.2916400000000001,1.29258,3075,10,0
2025-04-01 17:00:00+00:00,1.29258,1.29326,1.2919399999999999,1.29219,2098,10,0
2025-04-01 18:00:00+00:00,1.29219,1.29219,1.29096,1.29099,2168,10,0
2025-04-01 19:00:00+00:00,1.29099,1.29204,1.2907899999999999,1.292,1775,10,0
2025-04-01 20:00:00+00:00,1.29203,1.2928600000000001,1.29173,1.29211,1360,10,0
2025-04-01 21:00:00+00:00,1.29216,1.29217,1.29179,1.29183,715,19,0
2025-04-01 22:00:00+00:00,1.2922,1.29325,1.29203,1.29276,2100,10,0
2025-04-01 23:00:00+00:00,1.29275,1.29281,1.29208,1.29212,1128,10,0
2025-04-02 00:00:00+00:00,1.29214,1.29217,1.29095,1.29104,1964,10,0
2025-04-02 01:00:00+00:00,1.29104,1.29203,1.29057,1.29187,2033,10,0
2025-04-02 02:00:00+00:00,1.2919,1.29299,1.29168,1.29214,1730,10,0
2025-04-02 03:00:00+00:00,1.29214,1.2925900000000001,1.29192,1.29208,1151,10,0
2025-04-02 04:00:00+00:00,1.29208,1.2922,1.29173,1.2918,1025,10,0
2025-04-02 05:00:00+00:00,1.29179,1.29179,1.2912,1.29145,1404,10,0
2025-04-02 06:00:00+00:00,1.29146,1.29178,1.29094,1.29141,2566,10,0
2025-04-02 07:00:00+00:00,1.2913700000000001,1.29147,1.29001,1.29126,3086,10,0
2025-04-02 08:00:00+00:00,1.29123,1.2924,1.29095,1.29204,2797,10,0
2025-04-02 09:00:00+00:00,1.29203,1.29488,1.2919,1.29466,2604,10,0
2025-04-02 10:00:00+00:00,1.29466,1.29477,1.29291,1.29365,3289,10,0
2025-04-02 11:00:00+00:00,1.29367,1.29497,1.29334,1.29473,2602,10,0
2025-04-02 12:00:00+00:00,1.29474,1.29496,1.29343,1.29426,3269,10,0
2025-04-02 13:00:00+00:00,1.29425,1.29474,1.29372,1.29385,3597,10,0
2025-04-02 14:00:00+00:00,1.29387,1.29696,1.29335,1.29654,4790,10,0
2025-04-02 15:00:00+00:00,1.29656,1.29786,1.29606,1.2973,3984,10,0
2025-04-02 16:00:00+00:00,1.2973,1.2974999999999999,1.29626,1.29701,2918,10,0
2025-04-02 17:00:00+00:00,1.29702,1.29807,1.2969300000000001,1.29704,2467,10,0
2025-04-02 18:00:00+00:00,1.29702,1.29829,1.29677,1.2978,2303,10,0
2025-04-02 19:00:00+00:00,1.29778,1.29864,1.29776,1.29806,2080,10,0
2025-04-02 20:00:00+00:00,1.29804,1.30247,1.29536,1.29996,20023,10,0
2025-04-02 21:00:00+00:00,1.2999399999999999,1.30032,1.29779,1.2983500000000001,1142,94,0
2025-04-02 22:00:00+00:00,1.2999,1.30105,1.29728,1.30071,4692,10,0
2025-04-02 23:00:00+00:00,1.30074,1.3052000000000001,1.3005200000000001,1.3044799999999999,6303,10,0
2025-04-03 00:00:00+00:00,1.30447,1.30569,1.30257,1.30401,7043,10,0
2025-04-03 01:00:00+00:00,1.30404,1.30692,1.30366,1.30548,5454,10,0
2025-04-03 02:00:00+00:00,1.30548,1.30644,1.30488,1.30618,3875,10,0
2025-04-03 03:00:00+00:00,1.30618,1.30768,1.30582,1.30702,3120,10,0
2025-04-03 04:00:00+00:00,1.30704,1.30715,1.30556,1.3058100000000001,2509,10,0
2025-04-03 05:00:00+00:00,1.3058100000000001,1.3100399999999999,1.30571,1.30903,4227,10,0
2025-04-03 06:00:00+00:00,1.30904,1.31193,1.30833,1.31179,6822,10,0
2025-04-03 07:00:00+00:00,1.31182,1.31392,1.31023,1.31357,7951,10,0
2025-04-03 08:00:00+00:00,1.3136,1.3168199999999999,1.3130899999999999,1.3162,5652,10,0
2025-04-03 09:00:00+00:00,1.31622,1.31827,1.31561,1.31692,6064,10,0
2025-04-03 10:00:00+00:00,1.31692,1.32074,1.3146499999999999,1.31483,11264,10,0
2025-04-03 11:00:00+00:00,1.31485,1.3181,1.3137400000000001,1.31738,6720,10,0
2025-04-03 12:00:00+00:00,1.31742,1.31874,1.31495,1.31575,7659,10,0
2025-04-03 13:00:00+00:00,1.31579,1.31955,1.31447,1.31477,8705,10,0
2025-04-03 14:00:00+00:00,1.31461,1.31745,1.31461,1.31676,8699,10,0
2025-04-03 15:00:00+00:00,1.3167499999999999,1.31686,1.3105,1.31098,7500,10,0
2025-04-03 16:00:00+00:00,1.31101,1.31211,1.31036,1.31047,5487,10,0
2025-04-03 17:00:00+00:00,1.31044,1.31084,1.3092,1.30981,4137,10,0
2025-04-03 18:00:00+00:00,1.30982,1.31047,1.30883,1.3094999999999999,3501,10,0
2025-04-03 19:00:00+00:00,1.3094999999999999,1.30966,1.30792,1.3081,2977,10,0
2025-04-03 20:00:00+00:00,1.30807,1.3100800000000001,1.30796,1.30987,1689,10,0
2025-04-03 21:00:00+00:00,1.30994,1.30994,1.30857,1.30867,1247,32,0
2025-04-03 22:00:00+00:00,1.31013,1.31081,1.30959,1.3105,1903,10,0
2025-04-03 23:00:00+00:00,1.3105,1.31051,1.30861,1.30888,2707,10,0
2025-04-04 00:00:00+00:00,1.30887,1.31047,1.30829,1.3100800000000001,3693,10,0
2025-04-04 01:00:00+00:00,1.3100800000000001,1.3109199999999999,1.30944,1.31024,3568,10,0
2025-04-04 02:00:00+00:00,1.31026,1.3106,1.30843,1.30843,3529,10,0
2025-04-04 03:00:00+00:00,1.30842,1.31071,1.30802,1.31037,3603,10,0
2025-04-04 04:00:00+00:00,1.31037,1.31077,1.3094999999999999,1.30972,3436,10,0
2025-04-04 05:00:00+00:00,1.30972,1.31135,1.3088600000000001,1.30981,3626,10,0
2025-04-04 06:00:00+00:00,1.3098,1.30998,1.30527,1.30531,5105,10,0
2025-04-04 07:00:00+00:00,1.30528,1.30648,1.30045,1.30077,7090,10,0
2025-04-04 08:00:00+00:00,1.30078,1.30141,1.29744,1.29821,9301,10,0
2025-04-04 09:00:00+00:00,1.29822,1.29911,1.29616,1.29878,6857,10,0
2025-04-04 10:00:00+00:00,1.29877,1.30322,1.29759,1.30029,13347,10,0
2025-04-04 11:00:00+00:00,1.3002799999999999,1.30304,1.2989,1.3020100000000001,15534,10,0
2025-04-04 12:00:00+00:00,1.30202,1.30502,1.29893,1.30002,18050,10,0
2025-04-04 13:00:00+00:00,1.30007,1.3017,1.2978100000000001,1.29792,13744,10,0
2025-04-04 14:00:00+00:00,1.29791,1.29806,1.29223,1.29392,14539,10,0
2025-04-04 15:00:00+00:00,1.29395,1.29548,1.29068,1.2925900000000001,16851,10,0
2025-04-04 16:00:00+00:00,1.2926199999999999,1.29287,1.28876,1.28945,8717,10,0
2025-04-04 17:00:00+00:00,1.28948,1.29073,1.28564,1.29021,9482,10,0
2025-04-04 18:00:00+00:00,1.29019,1.29139,1.28791,1.28814,6728,10,0
2025-04-04 19:00:00+00:00,1.2881,1.28991,1.28671,1.28727,5081,10,0
2025-04-04 20:00:00+00:00,1.2873,1.2902,1.28524,1.29005,3855,10,0
2025-04-06 21:00:00+00:00,1.28266,1.28439,1.28196,1.28324,974,65,0
2025-04-06 22:00:00+00:00,1.2839800000000001,1.29085,1.28338,1.28787,6631,10,0
2025-04-06 23:00:00+00:00,1.28788,1.29331,1.28773,1.29083,7150,10,0
2025-04-07 00:00:00+00:00,1.29087,1.29169,1.28847,1.29092,9273,10,0
2025-04-07 01:00:00+00:00,1.29094,1.29159,1.28836,1.28854,9042,10,0
2025-04-07 02:00:00+00:00,1.28858,1.28903,1.2848899999999999,1.28593,6148,10,0
2025-04-07 03:00:00+00:00,1.28593,1.28907,1.28537,1.2886,4145,10,0
2025-04-07 04:00:00+00:00,1.28861,1.2904900000000001,1.28843,1.2901799999999999,3923,10,0
2025-04-07 05:00:00+00:00,1.29022,1.2927,1.28962,1.29248,6242,10,0
2025-04-07 06:00:00+00:00,1.29247,1.29269,1.2882500000000001,1.29017,9238,10,0
2025-04-07 07:00:00+00:00,1.2901799999999999,1.29337,1.28939,1.28939,11183,10,0
2025-04-07 08:00:00+00:00,1.28941,1.2913000000000001,1.2865,1.28709,8839,10,0
2025-04-07 09:00:00+00:00,1.28712,1.2876400000000001,1.28298,1.28366,8671,10,0
2025-04-07 10:00:00+00:00,1.2836699999999999,1.28604,1.28234,1.2824499999999999,8201,10,0
2025-04-07 11:00:00+00:00,1.2824900000000001,1.28334,1.2803,1.2824,8465,10,0
2025-04-07 12:00:00+00:00,1.2824200000000001,1.2852700000000001,1.2806600000000001,1.28373,11039,10,0
2025-04-07 13:00:00+00:00,1.2837399999999999,1.28382,1.27851,1.28,9568,10,0
2025-04-07 14:00:00+00:00,1.28002,1.28463,1.27535,1.27545,27306,10,0
2025-04-07 15:00:00+00:00,1.27546,1.27731,1.27245,1.27249,16885,10,0
2025-04-07 16:00:00+00:00,1.27252,1.27302,1.27096,1.2729300000000001,7655,10,0
2025-04-07 17:00:00+00:00,1.27298,1.2778100000000001,1.27283,1.27658,7891,10,0
2025-04-07 18:00:00+00:00,1.2766,1.2772000000000001,1.27443,1.27462,5959,10,0
2025-04-07 19:00:00+00:00,1.27461,1.27551,1.27142,1.2716,5820,10,0
2025-04-07 20:00:00+00:00,1.27162,1.27268,1.2707600000000001,1.27213,3364,10,0
2025-04-07 21:00:00+00:00,1.2721,1.2723900000000001,1.27164,1.27209,596,26,0
2025-04-07 22:00:00+00:00,1.27245,1.27379,1.27217,1.2735699999999999,2151,10,0
2025-04-07 23:00:00+00:00,1.27353,1.2738,1.27253,1.27325,2668,10,0
2025-04-08 00:00:00+00:00,1.27324,1.27651,1.27324,1.27512,4701,10,0
2025-04-08 01:00:00+00:00,1.27511,1.27777,1.27507,1.27745,5171,10,0
2025-04-08 02:00:00+00:00,1.27746,1.27914,1.27745,1.27848,3098,10,0
2025-04-08 03:00:00+00:00,1.27848,1.27861,1.27742,1.27767,2622,10,0
2025-04-08 04:00:00+00:00,1.27765,1.2791000000000001,1.27759,1.2786,2673,10,0
2025-04-08 05:00:00+00:00,1.27855,1.27857,1.27634,1.27814,3283,10,0
2025-04-08 06:00:00+00:00,1.27812,1.27961,1.27758,1.27848,5266,10,0
2025-04-08 07:00:00+00:00,1.2785,1.2785,1.27488,1.27499,7969,10,0
2025-04-08 08:00:00+00:00,1.27497,1.27718,1.27451,1.27525,6058,10,0
2025-04-08 09:00:00+00:00,1.27521,1.27523,1.2724199999999999,1.27444,6393,10,0
2025-04-08 10:00:00+00:00,1.27442,1.27689,1.27341,1.27519,6111,10,0
2025-04-08 11:00:00+00:00,1.27515,1.27828,1.27498,1.27782,6191,10,0
2025-04-08 12:00:00+00:00,1.2778399999999999,1.27959,1.27715,1.27756,6054,10,0
2025-04-08 13:00:00+00:00,1.27753,1.27933,1.27677,1.27878,9046,10,0
2025-04-08 14:00:00+00:00,1.27882,1.27917,1.27522,1.27554,8876,10,0
2025-04-08 15:00:00+00:00,1.27552,1.27759,1.27432,1.2768,6637,10,0
2025-04-08 16:00:00+00:00,1.2768,1.27837,1.2754400000000001,1.2772299999999999,6535,10,0
2025-04-08 17:00:00+00:00,1.2772000000000001,1.27872,1.27698,1.27816,6109,10,0
2025-04-08 18:00:00+00:00,1.27819,1.27979,1.27772,1.27893,3263,10,0
2025-04-08 19:00:00+00:00,1.27889,1.28015,1.27678,1.27734,4822,10,0
2025-04-08 20:00:00+00:00,1.27732,1.27797,1.2754699999999999,1.27636,2639,10,0
2025-04-08 21:00:00+00:00,1.2763200000000001,1.27655,1.27588,1.27594,819,29,0
2025-04-08 22:00:00+00:00,1.27665,1.27863,1.27629,1.27775,2609,10,0
2025-04-08 23:00:00+00:00,1.27779,1.27909,1.2774,1.27863,3273,10,0
2025-04-09 00:00:00+00:00,1.27863,1.2815400000000001,1.27744,1.28142,5699,10,0
2025-04-09 01:00:00+00:00,1.28144,1.28452,1.28144,1.2831000000000001,7540,10,0
2025-04-09 02:00:00+00:00,1.28305,1.2840099999999999,1.28131,1.28212,5233,10,0
2025-04-09 03:00:00+00:00,1.28212,1.28338,1.28139,1.28176,4910,10,0
2025-04-09 04:00:00+00:00,1.28174,1.28564,1.2814,1.28548,6752,10,0
2025-04-09 05:00:00+00:00,1.28545,1.28545,1.28237,1.28382,6089,10,0
2025-04-09 06:00:00+00:00,1.28384,1.28637,1.28179,1.2839800000000001,9667,10,0
2025-04-09 07:00:00+00:00,1.28395,1.28488,1.2791299999999999,1.27993,12900,10,0
2025-04-09 08:00:00+00:00,1.27991,1.2827600000000001,1.27858,1.28248,8478,10,0
2025-04-09 09:00:00+00:00,1.2824499999999999,1.28362,1.28129,1.28208,6416,10,0
2025-04-09 10:00:00+00:00,1.28205,1.28368,1.2807,1.2819,6594,10,0
2025-04-09 11:00:00+00:00,1.2818800000000001,1.2825,1.2772299999999999,1.27734,13230,10,0
2025-04-09 12:00:00+00:00,1.27738,1.28144,1.27698,1.2803,10290,10,0
2025-04-09 13:00:00+00:00,1.28031,1.28143,1.27714,1.2776,11509,10,0
2025-04-09 14:00:00+00:00,1.27762,1.2779,1.27511,1.27576,9170,10,0
2025-04-09 15:00:00+00:00,1.27575,1.27874,1.27522,1.27691,6307,10,0
2025-04-09 16:00:00+00:00,1.27692,1.2778399999999999,1.27588,1.27647,5003,10,0
2025-04-09 17:00:00+00:00,1.27645,1.28213,1.27428,1.27899,28460,10,0
2025-04-09 18:00:00+00:00,1.27894,1.2824900000000001,1.27429,1.28026,19788,10,0
2025-04-09 19:00:00+00:00,1.2802799999999999,1.28372,1.27991,1.2803,10126,10,0
2025-04-09 20:00:00+00:00,1.2803200000000001,1.28327,1.2793,1.28147,4847,10,0
2025-04-09 21:00:00+00:00,1.2814999999999999,1.28206,1.2810000000000001,1.28176,610,38,0
2025-04-09 22:00:00+00:00,1.28203,1.28333,1.28148,1.28229,3311,10,0
2025-04-09 23:00:00+00:00,1.28228,1.2825,1.28097,1.28241,3659,10,0
2025-04-10 00:00:00+00:00,1.28239,1.28468,1.28221,1.2844,6263,10,0
2025-04-10 01:00:00+00:00,1.2844,1.28449,1.28226,1.2828300000000001,5239,10,0
2025-04-10 02:00:00+00:00,1.2828300000000001,1.28404,1.28216,1.28376,4410,10,0
2025-04-10 03:00:00+00:00,1.28375,1.2852299999999999,1.2836699999999999,1.28467,3831,10,0
2025-04-10 04:00:00+00:00,1.28463,1.28607,1.28406,1.28586,3241,10,0
2025-04-10 05:00:00+00:00,1.2858800000000001,1.28698,1.28542,1.28586,3630,10,0
2025-04-10 06:00:00+00:00,1.2858399999999999,1.28763,1.28471,1.28673,6689,10,0
2025-04-10 07:00:00+00:00,1.2867,1.28814,1.28443,1.28763,9460,10,0
2025-04-10 08:00:00+00:00,1.28768,1.28786,1.28602,1.28688,7328,10,0
2025-04-10 09:00:00+00:00,1.28687,1.28938,1.28606,1.28911,6433,10,0
2025-04-10 10:00:00+00:00,1.28913,1.29243,1.28826,1.29126,7579,10,0
2025-04-10 11:00:00+00:00,1.29129,1.2938100000000001,1.29117,1.2931,6673,10,0
2025-04-10 12:00:00+00:00,1.29309,1.29565,1.29186,1.29241,9371,10,0
2025-04-10 13:00:00+00:00,1.29245,1.2931300000000001,1.28918,1.29233,8481,10,0
2025-04-10 14:00:00+00:00,1.29229,1.2959800000000001,1.29073,1.2959399999999999,8320,10,0
2025-04-10 15:00:00+00:00,1.2959100000000001,1.29785,1.29362,1.29378,10167,10,0
2025-04-10 16:00:00+00:00,1.2938,1.29609,1.29246,1.29541,8432,10,0
2025-04-10 17:00:00+00:00,1.29541,1.29761,1.29309,1.2974700000000001,6874,10,0
2025-04-10 18:00:00+00:00,1.29749,1.29956,1.29696,1.2980800000000001,5997,10,0
2025-04-10 19:00:00+00:00,1.29807,1.29874,1.29375,1.29696,7290,10,0
2025-04-10 20:00:00+00:00,1.29694,1.29727,1.29527,1.29668,3621,10,0
2025-04-10 21:00:00+00:00,1.29667,1.29685,1.29635,1.29635,524,22,0
2025-04-10 22:00:00+00:00,1.29676,1.29902,1.29663,1.2987199999999999,3104,10,0
2025-04-10 23:00:00+00:00,1.2987199999999999,1.29974,1.29665,1.29915,6055,10,0
2025-04-11 00:00:00+00:00,1.29912,1.30474,1.29873,1.30161,16089,10,0
2025-04-11 01:00:00+00:00,1.30163,1.30286,1.29941,1.30093,12759,10,0
2025-04-11 02:00:00+00:00,1.30097,1.30244,1.30077,1.3014000000000001,7454,10,0
2025-04-11 03:00:00+00:00,1.30142,1.30473,1.30112,1.3035700000000001,5911,10,0
2025-04-11 04:00:00+00:00,1.30359,1.3035999999999999,1.3011300000000001,1.30209,5136,10,0
2025-04-11 05:00:00+00:00,1.30207,1.3022,1.29945,1.30042,5730,10,0
2025-04-11 06:00:00+00:00,1.30039,1.302,1.2984200000000001,1.30179,8655,10,0
2025-04-11 07:00:00+00:00,1.30175,1.30749,1.30157,1.30671,11924,10,0
2025-04-11 08:00:00+00:00,1.30668,1.31332,1.30539,1.31085,16581,10,0
2025-04-11 09:00:00+00:00,1.31082,1.31449,1.3082799999999999,1.31222,11452,10,0
2025-04-11 10:00:00+00:00,1.3122,1.3122,1.30562,1.3073000000000001,11575,10,0
2025-04-11 11:00:00+00:00,1.3073000000000001,1.30979,1.3064,1.3087900000000001,8083,10,0
2025-04-11 12:00:00+00:00,1.30876,1.3124,1.3082799999999999,1.31222,12370,10,0
2025-04-11 13:00:00+00:00,1.3122099999999999,1.31345,1.30597,1.30958,15270,10,0
2025-04-11 14:00:00+00:00,1.3098,1.3115,1.30546,1.30582,14089,10,0
2025-04-11 15:00:00+00:00,1.30583,1.30657,1.3039,1.30474,10169,10,0
2025-04-11 16:00:00+00:00,1.30469,1.30592,1.30294,1.30511,7420,10,0
2025-04-11 17:00:00+00:00,1.3051,1.3076400000000001,1.30435,1.30493,6850,10,0
2025-04-11 18:00:00+00:00,1.30492,1.307,1.30476,1.30591,6085,10,0
2025-04-11 19:00:00+00:00,1.30589,1.30832,1.30569,1.30743,4822,10,0
2025-04-11 20:00:00+00:00,1.30745,1.3100100000000001,1.30639,1.30861,3941,10,0
2025-04-13 21:00:00+00:00,1.30745,1.30861,1.30707,1.3082099999999999,693,92,0
2025-04-13 22:00:00+00:00,1.3096,1.3096,1.30624,1.30798,3382,10,0
2025-04-13 23:00:00+00:00,1.30802,1.30907,1.30735,1.30837,3853,10,0
2025-04-14 00:00:00+00:00,1.30839,1.31061,1.30831,1.3096700000000001,5695,10,0
2025-04-14 01:00:00+00:00,1.3096999999999999,1.3127900000000001,1.30962,1.31063,6044,10,0
2025-04-14 02:00:00+00:00,1.3106200000000001,1.3114,1.3100399999999999,1.31056,4636,10,0
2025-04-14 03:00:00+00:00,1.31055,1.31122,1.3094999999999999,1.31063,3963,10,0
2025-04-14 04:00:00+00:00,1.31066,1.31174,1.31018,1.31041,3072,10,0
2025-04-14 05:00:00+00:00,1.31041,1.31277,1.30962,1.3124500000000001,3554,10,0
2025-04-14 06:00:00+00:00,1.3124799999999999,1.31737,1.31136,1.31674,7127,10,0
2025-04-14 07:00:00+00:00,1.31676,1.3171,1.31545,1.31654,6725,10,0
2025-04-14 08:00:00+00:00,1.31653,1.31872,1.31609,1.31707,5630,10,0
2025-04-14 09:00:00+00:00,1.31707,1.3192,1.317,1.31781,4790,10,0
2025-04-14 10:00:00+00:00,1.3178,1.3197999999999999,1.31617,1.31973,4595,10,0
2025-04-14 11:00:00+00:00,1.31971,1.3201,1.31738,1.31757,3755,10,0
2025-04-14 12:00:00+00:00,1.31758,1.3178,1.31412,1.31455,5684,10,0
2025-04-14 13:00:00+00:00,1.31459,1.31583,1.3122500000000001,1.31566,8812,10,0
2025-04-14 14:00:00+00:00,1.31569,1.3191899999999999,1.31545,1.3186499999999999,3662,10,0
2025-04-14 15:00:00+00:00,1.31866,1.31879,1.3171599999999999,1.31729,6034,10,0
2025-04-14 16:00:00+00:00,1.31729,1.31918,1.3165499999999999,1.31658,5194,10,0
2025-04-14 17:00:00+00:00,1.31659,1.31873,1.31657,1.31821,4417,10,0
2025-04-14 18:00:00+00:00,1.31818,1.31976,1.31807,1.3195999999999999,3009,10,0
2025-04-14 19:00:00+00:00,1.3195700000000001,1.3199100000000001,1.31873,1.3189899999999999,2720,10,0
2025-04-14 20:00:00+00:00,1.31901,1.31905,1.31813,1.31891,2231,10,0
2025-04-14 21:00:00+00:00,1.31893,1.31893,1.31788,1.31817,593,29,0
2025-04-14 22:00:00+00:00,1.31813,1.31969,1.31792,1.31807,1580,10,0
2025-04-14 23:00:00+00:00,1.3180399999999999,1.31829,1.31674,1.3172,2128,10,0
2025-04-15 00:00:00+00:00,1.31717,1.31765,1.31639,1.3173,2926,10,0
2025-04-15 01:00:00+00:00,1.31727,1.31839,1.3169,1.31766,2615,10,0
2025-04-15 02:00:00+00:00,1.31766,1.3197,1.31766,1.31948,2427,10,0
2025-04-15 03:00:00+00:00,1.3195000000000001,1.3199100000000001,1.31897,1.31971,1877,10,0
2025-04-15 04:00:00+00:00,1.31972,1.32171,1.31945,1.3211300000000001,2294,10,0
2025-04-15 05:00:00+00:00,1.32111,1.32213,1.32017,1.32037,2564,10,0
2025-04-15 06:00:00+00:00,1.32043,1.3213300000000001,1.31841,1.31966,5107,10,0
2025-04-15 07:00:00+00:00,1.31967,1.32273,1.31872,1.32232,5447,10,0
2025-04-15 08:00:00+00:00,1.32232,1.32383,1.32179,1.32291,5211,10,0
2025-04-15 09:00:00+00:00,1.3228900000000001,1.32473,1.32259,1.32375,4068,10,0
2025-04-15 10:00:00+00:00,1.32373,1.32515,1.32315,1.32409,3701,10,0
2025-04-15 11:00:00+00:00,1.32405,1.32412,1.32184,1.32309,3977,10,0
2025-04-15 12:00:00+00:00,1.32314,1.3244099999999999,1.322,1.32232,5668,10,0
2025-04-15 13:00:00+00:00,1.3223099999999999,1.32354,1.3214299999999999,1.32266,5612,10,0
2025-04-15 14:00:00+00:00,1.32266,1.3246,1.3204799999999999,1.3244,7890,10,0
2025-04-15 15:00:00+00:00,1.3244,1.32454,1.32175,1.3220100000000001,5078,10,0
2025-04-15 16:00:00+00:00,1.32203,1.32244,1.32057,1.32118,3759,10,0
2025-04-15 17:00:00+00:00,1.32118,1.32275,1.3207499999999999,1.32171,2986,10,0
2025-04-15 18:00:00+00:00,1.32168,1.32182,1.32059,1.3216,2583,10,0
2025-04-15 19:00:00+00:00,1.32158,1.32293,1.32121,1.3225799999999999,2251,10,0
2025-04-15 20:00:00+00:00,1.32261,1.32345,1.3225500000000001,1.32294,1445,10,0
2025-04-15 21:00:00+00:00,1.32291,1.32303,1.32132,1.32191,994,35,0
2025-04-15 22:00:00+00:00,1.32247,1.32378,1.32245,1.32359,1340,10,0
2025-04-15 23:00:00+00:00,1.3235700000000001,1.32365,1.32239,1.32306,2150,10,0
2025-04-16 00:00:00+00:00,1.32307,1.32538,1.32291,1.32461,3720,10,0
2025-04-16 01:00:00+00:00,1.32466,1.32565,1.32426,1.32492,2806,10,0
2025-04-16 02:00:00+00:00,1.32495,1.32561,1.32444,1.3248199999999999,2805,10,0
2025-04-16 03:00:00+00:00,1.3248199999999999,1.32632,1.32467,1.3263099999999999,2169,10,0
2025-04-16 04:00:00+00:00,1.32632,1.32667,1.32564,1.3264,2026,10,0
2025-04-16 05:00:00+00:00,1.32639,1.32888,1.32587,1.32854,3107,10,0
2025-04-16 06:00:00+00:00,1.32862,1.32864,1.3256700000000001,1.32618,5316,10,0
2025-04-16 07:00:00+00:00,1.3262,1.32855,1.32611,1.32834,4892,10,0
2025-04-16 08:00:00+00:00,1.32836,1.32908,1.32663,1.32881,6517,10,0
2025-04-16 09:00:00+00:00,1.32881,1.3292,1.3260399999999999,1.3268499999999999,4598,10,0
2025-04-16 10:00:00+00:00,1.3268499999999999,1.3277700000000001,1.3260100000000001,1.32634,4326,10,0
2025-04-16 11:00:00+00:00,1.32633,1.32752,1.32576,1.32717,3907,10,0
2025-04-16 12:00:00+00:00,1.32718,1.32724,1.3250199999999999,1.32592,5559,10,0
2025-04-16 13:00:00+00:00,1.3259,1.32712,1.3254299999999999,1.32615,5570,10,0
2025-04-16 14:00:00+00:00,1.32618,1.32667,1.32385,1.3256999999999999,5623,10,0
2025-04-16 15:00:00+00:00,1.32571,1.32583,1.32257,1.32439,4689,10,0
2025-04-16 16:00:00+00:00,1.3243800000000001,1.32469,1.32298,1.32335,3304,10,0
2025-04-16 17:00:00+00:00,1.32332,1.32374,1.32114,1.32162,5143,10,0
2025-04-16 18:00:00+00:00,1.32166,1.32313,1.32135,1.32294,4333,10,0
2025-04-16 19:00:00+00:00,1.3229199999999999,1.32494,1.32274,1.3237,3619,10,0
2025-04-16 20:00:00+00:00,1.32375,1.32424,1.323,1.3237,1916,10,0
2025-04-16 21:00:00+00:00,1.32375,1.32393,1.3229600000000001,1.32346,1282,45,0
2025-04-16 22:00:00+00:00,1.32415,1.32427,1.3231,1.32368,1426,10,0
2025-04-16 23:00:00+00:00,1.32367,1.3241800000000001,1.3231,1.32321,2029,10,0
2025-04-17 00:00:00+00:00,1.32321,1.32335,1.3210600000000001,1.32116,3778,10,0
2025-04-17 01:00:00+00:00,1.32117,1.3216700000000001,1.32023,1.32142,3372,10,0
2025-04-17 02:00:00+00:00,1.32142,1.32295,1.32135,1.32249,2321,10,0
2025-04-17 03:00:00+00:00,1.32251,1.32295,1.32131,1.32134,1872,10,0
2025-04-17 04:00:00+00:00,1.3213300000000001,1.32153,1.32088,1.32091,1438,10,0
2025-04-17 05:00:00+00:00,1.32091,1.32205,1.32044,1.32094,2204,10,0
2025-04-17 06:00:00+00:00,1.32093,1.32327,1.3203,1.32273,4099,10,0
2025-04-17 07:00:00+00:00,1.3227,1.32451,1.32229,1.32419,4784,10,0
2025-04-17 08:00:00+00:00,1.3242099999999999,1.32474,1.32348,1.32392,3991,10,0
2025-04-17 09:00:00+00:00,1.3239,1.32458,1.32381,1.32407,3142,10,0
2025-04-17 10:00:00+00:00,1.32407,1.32455,1.3221,1.32239,4002,10,0
2025-04-17 11:00:00+00:00,1.3224,1.32365,1.32192,1.3227,3555,10,0
2025-04-17 12:00:00+00:00,1.32271,1.325,1.32186,1.32491,6254,10,0
2025-04-17 13:00:00+00:00,1.32489,1.32596,1.3243800000000001,1.3256700000000001,6740,10,0
2025-04-17 14:00:00+00:00,1.32569,1.32727,1.32268,1.3232300000000001,6219,10,0
2025-04-17 15:00:00+00:00,1.32324,1.32587,1.32285,1.32571,4615,10,0
2025-04-17 16:00:00+00:00,1.32572,1.32681,1.3250600000000001,1.32578,4548,10,0
2025-04-17 17:00:00+00:00,1.3258,1.32587,1.32462,1.32566,2709,10,0
2025-04-17 18:00:00+00:00,1.32566,1.3272300000000001,1.3250199999999999,1.32686,2874,10,0
2025-04-17 19:00:00+00:00,1.3268499999999999,1.32691,1.32613,1.3266200000000001,2188,10,0
2025-04-17 20:00:00+00:00,1.32659,1.32702,1.32615,1.32622,1218,10,0
2025-04-17 21:00:00+00:00,1.3262,1.3265500000000001,1.32556,1.32576,590,23,0
2025-04-17 22:00:00+00:00,1.32639,1.3266499999999999,1.32488,1.3259,1936,28,0
2025-04-17 23:00:00+00:00,1.32612,1.32649,1.32571,1.32648,1640,78,0
2025-04-18 00:00:00+00:00,1.32646,1.32799,1.32636,1.3277,3380,77,0
2025-04-18 01:00:00+00:00,1.32763,1.32797,1.3266200000000001,1.32669,4241,77,0
2025-04-18 02:00:00+00:00,1.3266200000000001,1.3272599999999999,1.3262399999999999,1.32695,3752,77,0
2025-04-18 03:00:00+00:00,1.32694,1.3272599999999999,1.32606,1.32667,3847,77,0
2025-04-18 04:00:00+00:00,1.32664,1.32677,1.32627,1.32659,3749,77,0
2025-04-18 05:00:00+00:00,1.3265500000000001,1.32712,1.32621,1.32646,3523,76,0
2025-04-18 06:00:00+00:00,1.32648,1.32682,1.32616,1.3265,3084,77,0
2025-04-18 07:00:00+00:00,1.3266,1.32765,1.32606,1.3262,2821,77,0
2025-04-18 08:00:00+00:00,1.32617,1.32703,1.32552,1.32694,3082,77,0
2025-04-18 09:00:00+00:00,1.32687,1.32712,1.32649,1.3267,2853,77,0
2025-04-18 10:00:00+00:00,1.32671,1.32729,1.32635,1.32729,3366,77,0
2025-04-18 11:00:00+00:00,1.32729,1.32761,1.32681,1.3271899999999999,2904,77,0
2025-04-18 12:00:00+00:00,1.32715,1.32752,1.32654,1.32699,2992,77,0
2025-04-18 13:00:00+00:00,1.32697,1.3273,1.3266,1.32677,2449,128,0
2025-04-18 14:00:00+00:00,1.32678,1.32796,1.32675,1.3276,2913,128,0
2025-04-18 15:00:00+00:00,1.32758,1.32758,1.3265500000000001,1.32711,3248,128,0
2025-04-18 16:00:00+00:00,1.32714,1.3277700000000001,1.3268900000000001,1.32775,2496,129,0
2025-04-18 17:00:00+00:00,1.32775,1.32779,1.32728,1.3275299999999999,2019,129,0
2025-04-18 18:00:00+00:00,1.32756,1.3279,1.32742,1.3279,2388,128,0
2025-04-18 19:00:00+00:00,1.32793,1.3285,1.3277999999999999,1.32824,2250,128,0
2025-04-18 20:00:00+00:00,1.32816,1.32922,1.32771,1.3288,1828,128,0
2025-04-20 21:00:00+00:00,1.32683,1.3285,1.3268,1.3284500000000001,669,91,0
2025-04-20 22:00:00+00:00,1.32884,1.33045,1.3280699999999999,1.33041,2704,10,0
2025-04-20 23:00:00+00:00,1.33041,1.33195,1.33011,1.33141,2248,10,0
2025-04-21 00:00:00+00:00,1.33144,1.33556,1.33144,1.3345799999999999,4624,10,0
2025-04-21 01:00:00+00:00,1.3345799999999999,1.33592,1.3342100000000001,1.3351199999999999,3000,10,0
2025-04-21 02:00:00+00:00,1.3351199999999999,1.33795,1.33475,1.33697,4213,10,0
2025-04-21 03:00:00+00:00,1.33697,1.33866,1.33696,1.3381,2556,10,0
2025-04-21 04:00:00+00:00,1.33808,1.3383,1.33663,1.33827,2508,10,0
2025-04-21 05:00:00+00:00,1.33827,1.33956,1.3381,1.33934,2925,10,0
2025-04-21 06:00:00+00:00,1.33932,1.33969,1.33715,1.33813,3401,10,0
2025-04-21 07:00:00+00:00,1.3381,1.34142,1.33759,1.34107,4572,10,0
2025-04-21 08:00:00+00:00,1.34103,1.34162,1.33949,1.3414,4188,10,0
2025-04-21 09:00:00+00:00,1.3414,1.3421699999999999,1.34001,1.34003,3477,10,0
2025-04-21 10:00:00+00:00,1.3400699999999999,1.34047,1.33857,1.33897,3107,10,0
2025-04-21 11:00:00+00:00,1.33898,1.33991,1.33786,1.3396,3644,10,0
2025-04-21 12:00:00+00:00,1.33961,1.3404099999999999,1.33807,1.34037,3989,10,0
2025-04-21 13:00:00+00:00,1.34039,1.34089,1.3385500000000001,1.34008,4812,10,0
2025-04-21 14:00:00+00:00,1.34005,1.3407,1.33853,1.33901,4858,10,0
2025-04-21 15:00:00+00:00,1.33899,1.33931,1.33774,1.33809,4044,10,0
2025-04-21 16:00:00+00:00,1.33809,1.3383,1.33749,1.3378700000000001,2755,10,0
2025-04-21 17:00:00+00:00,1.3378700000000001,1.33788,1.33624,1.33755,2438,10,0
2025-04-21 18:00:00+00:00,1.33756,1.3383099999999999,1.33701,1.33788,2201,10,0
2025-04-21 19:00:00+00:00,1.33789,1.33844,1.33725,1.33748,2153,10,0
2025-04-21 20:00:00+00:00,1.3375,1.33808,1.3373300000000001,1.33779,1126,10,0
2025-04-21 21:00:00+00:00,1.33774,1.3378,1.33659,1.3367200000000001,823,35,0
2025-04-21 22:00:00+00:00,1.33816,1.33845,1.33723,1.33813,1278,10,0
2025-04-21 23:00:00+00:00,1.33813,1.3384800000000001,1.33725,1.33793,1942,10,0
2025-04-22 00:00:00+00:00,1.3379400000000001,1.33804,1.33613,1.33704,3579,10,0
2025-04-22 01:00:00+00:00,1.33705,1.33802,1.33703,1.33752,2966,10,0
2025-04-22 02:00:00+00:00,1.33752,1.33962,1.33747,1.33962,2164,10,0
2025-04-22 03:00:00+00:00,1.33961,1.34097,1.33949,1.34042,2930,10,0
2025-04-22 04:00:00+00:00,1.34043,1.3409499999999999,1.34006,1.34017,2016,10,0
2025-04-22 05:00:00+00:00,1.34018,1.34236,1.33929,1.34172,4282,10,0
2025-04-22 06:00:00+00:00,1.34173,1.3419400000000001,1.33859,1.33901,5894,10,0
2025-04-22 07:00:00+00:00,1.33904,1.34002,1.33707,1.33768,5310,10,0
2025-04-22 08:00:00+00:00,1.3376700000000001,1.33879,1.33682,1.33867,4753,10,0
2025-04-22 09:00:00+00:00,1.33869,1.33903,1.33621,1.33686,4250,10,0
2025-04-22 10:00:00+00:00,1.33685,1.33766,1.33627,1.33669,4078,10,0
2025-04-22 11:00:00+00:00,1.33669,1.33844,1.33637,1.33769,3585,10,0
2025-04-22 12:00:00+00:00,1.3377,1.33817,1.33548,1.33712,4770,10,0
2025-04-22 13:00:00+00:00,1.33714,1.33782,1.33576,1.33747,5144,10,0
2025-04-22 14:00:00+00:00,1.33745,1.33901,1.33694,1.33805,5130,10,0
2025-04-22 15:00:00+00:00,1.33807,1.33843,1.33714,1.33738,3934,10,0
2025-04-22 16:00:00+00:00,1.3374,1.33769,1.33425,1.33461,5105,10,0
2025-04-22 17:00:00+00:00,1.3346,1.3354300000000001,1.33391,1.33447,4253,10,0
2025-04-22 18:00:00+00:00,1.33448,1.3345799999999999,1.33315,1.33366,2771,10,0
2025-04-22 19:00:00+00:00,1.33366,1.33411,1.33296,1.33313,2412,10,0
2025-04-22 20:00:00+00:00,1.33316,1.33392,1.33252,1.33305,1060,10,0
2025-04-22 21:00:00+00:00,1.3330199999999999,1.3330600000000001,1.3303,1.3303099999999999,1011,32,0
2025-04-22 22:00:00+00:00,1.32869,1.32943,1.32331,1.32548,6195,10,0
2025-04-22 23:00:00+00:00,1.32554,1.3284,1.32527,1.3271899999999999,5398,10,0
2025-04-23 00:00:00+00:00,1.32718,1.3305500000000001,1.32705,1.33049,5491,10,0
2025-04-23 01:00:00+00:00,1.33054,1.33172,1.32966,1.33108,3902,10,0
2025-04-23 02:00:00+00:00,1.33107,1.33122,1.32966,1.33083,3291,10,0
2025-04-23 03:00:00+00:00,1.3308499999999999,1.331,1.32863,1.32921,2820,10,0
2025-04-23 04:00:00+00:00,1.32919,1.33056,1.3287499999999999,1.33048,2263,10,0
2025-04-23 05:00:00+00:00,1.33049,1.33167,1.32951,1.32988,3264,10,0
2025-04-23 06:00:00+00:00,1.32984,1.33252,1.32958,1.3320400000000001,5271,10,0
2025-04-23 07:00:00+00:00,1.3320699999999999,1.33279,1.33017,1.33053,5833,10,0
2025-04-23 08:00:00+00:00,1.3305500000000001,1.3323,1.32799,1.3319,5175,10,0
2025-04-23 09:00:00+00:00,1.33192,1.33388,1.33175,1.33218,4586,10,0
2025-04-23 10:00:00+00:00,1.33218,1.33232,1.32945,1.33009,4254,10,0
2025-04-23 11:00:00+00:00,1.33008,1.33102,1.32904,1.32987,4191,10,0
2025-04-23 12:00:00+00:00,1.32987,1.33086,1.32929,1.33036,4311,10,0
2025-04-23 13:00:00+00:00,1.33032,1.33194,1.32827,1.3283800000000001,9815,10,0
2025-04-23 14:00:00+00:00,1.32835,1.32992,1.32695,1.32742,9590,10,0
2025-04-23 15:00:00+00:00,1.32742,1.32835,1.3254000000000001,1.3255,7968,10,0
2025-04-23 16:00:00+00:00,1.32551,1.32673,1.32497,1.32602,4719,10,0
2025-04-23 17:00:00+00:00,1.32602,1.32768,1.32579,1.3271899999999999,3842,10,0
2025-04-23 18:00:00+00:00,1.3271899999999999,1.3271899999999999,1.32577,1.32653,3501,10,0
2025-04-23 19:00:00+00:00,1.32651,1.32704,1.32599,1.3265500000000001,2767,10,0
2025-04-23 20:00:00+00:00,1.32651,1.32668,1.32469,1.32469,1704,10,0
2025-04-23 21:00:00+00:00,1.3247200000000001,1.32546,1.3244500000000001,1.3244500000000001,727,45,0
2025-04-23 22:00:00+00:00,1.32598,1.32732,1.32537,1.32672,2292,10,0
2025-04-23 23:00:00+00:00,1.32668,1.32731,1.32627,1.32646,1891,10,0
2025-04-24 00:00:00+00:00,1.32645,1.32791,1.32583,1.32766,2735,10,0
2025-04-24 01:00:00+00:00,1.32768,1.32861,1.32749,1.32822,3264,10,0
2025-04-24 02:00:00+00:00,1.32823,1.32855,1.32779,1.3283800000000001,2112,10,0
2025-04-24 03:00:00+00:00,1.3283800000000001,1.32865,1.32671,1.32695,1750,10,0
2025-04-24 04:00:00+00:00,1.32695,1.3273,1.32647,1.32697,1588,10,0
2025-04-24 05:00:00+00:00,1.32698,1.32744,1.3264,1.32674,2689,10,0
2025-04-24 06:00:00+00:00,1.32672,1.32804,1.3265,1.3274,3672,10,0
2025-04-24 07:00:00+00:00,1.3274,1.3296299999999999,1.32735,1.32937,4059,10,0
2025-04-24 08:00:00+00:00,1.32938,1.33091,1.32901,1.33015,4275,10,0
2025-04-24 09:00:00+00:00,1.33013,1.33163,1.32975,1.33033,3086,10,0
2025-04-24 10:00:00+00:00,1.33036,1.33206,1.32969,1.3299699999999999,3283,10,0
2025-04-24 11:00:00+00:00,1.3299699999999999,1.33208,1.3299400000000001,1.33083,3483,10,0
2025-04-24 12:00:00+00:00,1.33083,1.33114,1.32969,1.33013,4293,10,0
2025-04-24 13:00:00+00:00,1.33014,1.3315299999999999,1.3299699999999999,1.33125,4141,10,0
2025-04-24 14:00:00+00:00,1.33129,1.33322,1.33087,1.33138,5333,10,0
2025-04-24 15:00:00+00:00,1.3314,1.33203,1.32896,1.33043,4559,10,0
2025-04-24 16:00:00+00:00,1.33047,1.33291,1.33016,1.3328,3580,10,0
2025-04-24 17:00:00+00:00,1.33279,1.33339,1.33169,1.33206,2546,10,0
2025-04-24 18:00:00+00:00,1.33206,1.33271,1.3314599999999999,1.33258,2013,10,0
2025-04-24 19:00:00+00:00,1.33258,1.33442,1.33237,1.3336700000000001,2207,10,0
2025-04-24 20:00:00+00:00,1.33372,1.3348900000000001,1.33356,1.33366,1520,10,0
2025-04-24 21:00:00+00:00,1.33365,1.33374,1.3329,1.333,912,35,0
2025-04-24 22:00:00+00:00,1.3336000000000001,1.33395,1.3333300000000001,1.3336700000000001,1107,10,0
2025-04-24 23:00:00+00:00,1.3336999999999999,1.33376,1.33239,1.33269,1532,10,0
2025-04-25 00:00:00+00:00,1.33269,1.33269,1.33054,1.33066,2710,10,0
2025-04-25 01:00:00+00:00,1.33066,1.33137,1.32976,1.32989,2744,10,0
2025-04-25 02:00:00+00:00,1.32991,1.33077,1.32988,1.33049,2031,10,0
2025-04-25 03:00:00+00:00,1.33052,1.33175,1.32856,1.32865,3162,10,0
2025-04-25 04:00:00+00:00,1.32868,1.3290899999999999,1.32791,1.32866,2498,10,0
2025-04-25 05:00:00+00:00,1.32866,1.32922,1.32736,1.32789,2671,10,0
2025-04-25 06:00:00+00:00,1.3278400000000001,1.33068,1.32738,1.33044,4008,10,0
2025-04-25 07:00:00+00:00,1.33043,1.33137,1.32946,1.32974,5041,10,0
2025-04-25 08:00:00+00:00,1.32977,1.33048,1.32895,1.3302100000000001,3304,10,0
2025-04-25 09:00:00+00:00,1.33023,1.3309199999999999,1.3295,1.32991,3023,10,0
2025-04-25 10:00:00+00:00,1.32991,1.33178,1.32867,1.33172,3130,10,0
2025-04-25 11:00:00+00:00,1.33172,1.33173,1.33049,1.33066,2614,10,0
2025-04-25 12:00:00+00:00,1.33067,1.33261,1.33066,1.33224,3256,10,0
2025-04-25 13:00:00+00:00,1.33224,1.33271,1.32975,1.33056,4348,10,0
2025-04-25 14:00:00+00:00,1.33061,1.33218,1.33052,1.3308,4352,10,0
2025-04-25 15:00:00+00:00,1.33079,1.33296,1.32988,1.33281,3269,10,0
2025-04-25 16:00:00+00:00,1.33282,1.3332,1.33188,1.33191,2316,10,0
2025-04-25 17:00:00+00:00,1.33191,1.33292,1.33157,1.3324500000000001,2707,10,0
2025-04-25 18:00:00+00:00,1.3324500000000001,1.3330899999999999,1.33173,1.33286,1903,10,0
2025-04-25 19:00:00+00:00,1.33284,1.3332,1.33185,1.3318699999999999,1777,10,0
2025-04-25 20:00:00+00:00,1.33189,1.33226,1.33056,1.33105,1683,10,0
2025-04-27 21:00:00+00:00,1.32939,1.3299699999999999,1.32928,1.32993,349,152,0
2025-04-27 22:00:00+00:00,1.33046,1.33111,1.32923,1.32985,1632,10,0
2025-04-27 23:00:00+00:00,1.32985,1.33056,1.32876,1.32897,1695,10,0
2025-04-28 00:00:00+00:00,1.32898,1.33041,1.32889,1.3299699999999999,2551,10,0
2025-04-28 01:00:00+00:00,1.32999,1.3305,1.32858,1.32869,2295,10,0
2025-04-28 02:00:00+00:00,1.32871,1.32911,1.32796,1.32882,1888,10,0
2025-04-28 03:00:00+00:00,1.32883,1.32982,1.3287,1.32947,1338,10,0
2025-04-28 04:00:00+00:00,1.32947,1.33149,1.32918,1.33149,1558,10,0
2025-04-28 05:00:00+00:00,1.33148,1.3327,1.33142,1.33159,2056,10,0
2025-04-28 06:00:00+00:00,1.33157,1.33174,1.32876,1.32958,3777,10,0
2025-04-28 07:00:00+00:00,1.32958,1.33101,1.32937,1.33049,3846,10,0
2025-04-28 08:00:00+00:00,1.33047,1.33334,1.3304,1.33286,3845,10,0
2025-04-28 09:00:00+00:00,1.33286,1.33544,1.33286,1.33423,4093,10,0
2025-04-28 10:00:00+00:00,1.33427,1.33462,1.33349,1.33398,2970,10,0
2025-04-28 11:00:00+00:00,1.33395,1.3342100000000001,1.33313,1.3338,2925,10,0
2025-04-28 12:00:00+00:00,1.33383,1.33539,1.33377,1.33418,3425,10,0
2025-04-28 13:00:00+00:00,1.3342100000000001,1.33701,1.33406,1.33659,4336,10,0
2025-04-28 14:00:00+00:00,1.33663,1.342,1.33635,1.33925,6480,10,0
2025-04-28 15:00:00+00:00,1.33925,1.33999,1.33803,1.33928,4387,10,0
2025-04-28 16:00:00+00:00,1.33925,1.34181,1.3392,1.34122,3524,10,0
2025-04-28 17:00:00+00:00,1.34123,1.34249,1.34104,1.34112,3209,10,0
2025-04-28 18:00:00+00:00,1.34109,1.34269,1.34108,1.3425799999999999,2327,10,0
2025-04-28 19:00:00+00:00,1.3425799999999999,1.34424,1.34246,1.34384,2143,10,0
2025-04-28 20:00:00+00:00,1.34382,1.34439,1.34358,1.34423,1326,10,0
2025-04-28 21:00:00+00:00,1.34419,1.3442,1.34284,1.34307,874,19,0
2025-04-28 22:00:00+00:00,1.34363,1.34433,1.3431899999999999,1.34352,1229,10,0
2025-04-28 23:00:00+00:00,1.34348,1.34425,1.34292,1.34342,1796,10,0
2025-04-29 00:00:00+00:00,1.3434300000000001,1.34368,1.34242,1.34254,2007,10,0
2025-04-29 01:00:00+00:00,1.34254,1.34313,1.34166,1.34207,1961,10,0
2025-04-29 02:00:00+00:00,1.34207,1.34422,1.34203,1.34229,2725,10,0
2025-04-29 03:00:00+00:00,1.34229,1.3425099999999999,1.34084,1.34124,2218,10,0
2025-04-29 04:00:00+00:00,1.34123,1.3415,1.33938,1.33959,1799,10,0
2025-04-29 05:00:00+00:00,1.33959,1.34091,1.33958,1.34079,1828,10,0
2025-04-29 06:00:00+00:00,1.34077,1.34184,1.34036,1.34093,3378,10,0
2025-04-29 07:00:00+00:00,1.3409499999999999,1.3422100000000001,1.34005,1.3421699999999999,4252,10,0
2025-04-29 08:00:00+00:00,1.3422,1.3425799999999999,1.34085,1.34106,3560,10,0
2025-04-29 09:00:00+00:00,1.34106,1.34125,1.33937,1.33948,2762,10,0
2025-04-29 10:00:00+00:00,1.33945,1.33989,1.33798,1.3382399999999999,2840,10,0
2025-04-29 11:00:00+00:00,1.3382399999999999,1.33925,1.33804,1.33832,2755,10,0
2025-04-29 12:00:00+00:00,1.33836,1.3413599999999999,1.3382,1.34085,3388,10,0
2025-04-29 13:00:00+00:00,1.34084,1.34169,1.33996,1.34077,4447,10,0
2025-04-29 14:00:00+00:00,1.34074,1.34205,1.33879,1.33887,4965,10,0
2025-04-29 15:00:00+00:00,1.3388900000000001,1.34101,1.33879,1.33956,3562,10,0
2025-04-29 16:00:00+00:00,1.33959,1.34198,1.33951,1.34069,2997,10,0
2025-04-29 17:00:00+00:00,1.34071,1.34085,1.33968,1.3397700000000001,2062,10,0
2025-04-29 18:00:00+00:00,1.3397700000000001,1.34043,1.33927,1.3401,2215,10,0
2025-04-29 19:00:00+00:00,1.3401100000000001,1.34073,1.33964,1.34029,1868,10,0
2025-04-29 20:00:00+00:00,1.34025,1.34103,1.34019,1.34048,1182,10,0
2025-04-29 21:00:00+00:00,1.34046,1.34066,1.33962,1.33975,932,19,0
2025-04-29 22:00:00+00:00,1.34074,1.34124,1.34033,1.34088,1086,10,0
2025-04-29 23:00:00+00:00,1.34091,1.34137,1.34057,1.34113,1171,10,0
2025-04-30 00:00:00+00:00,1.34114,1.3414,1.33983,1.3402,1938,10,0
2025-04-30 01:00:00+00:00,1.34017,1.34112,1.33896,1.33911,2161,10,0
2025-04-30 02:00:00+00:00,1.33911,1.3397000000000001,1.33867,1.33899,1999,10,0
2025-04-30 03:00:00+00:00,1.33901,1.3395000000000001,1.3382399999999999,1.3384,1561,10,0
2025-04-30 04:00:00+00:00,1.33838,1.3395000000000001,1.33817,1.33905,1637,10,0
2025-04-30 05:00:00+00:00,1.33905,1.34008,1.33868,1.34,1534,10,0
2025-04-30 06:00:00+00:00,1.33997,1.3406,1.33807,1.34013,3229,10,0
2025-04-30 07:00:00+00:00,1.3401,1.3401,1.33803,1.33852,3461,10,0
2025-04-30 08:00:00+00:00,1.33857,1.33883,1.33625,1.3367,3595,10,0
2025-04-30 09:00:00+00:00,1.33669,1.33738,1.3357299999999999,1.33602,2868,10,0
2025-04-30 10:00:00+00:00,1.33606,1.33656,1.33559,1.3357299999999999,2788,10,0
2025-04-30 11:00:00+00:00,1.33572,1.33688,1.3354,1.33563,3179,10,0
2025-04-30 12:00:00+00:00,1.33565,1.3366799999999999,1.3342800000000001,1.33514,5584,10,0
2025-04-30 13:00:00+00:00,1.3351600000000001,1.33529,1.33145,1.33222,5147,10,0
2025-04-30 14:00:00+00:00,1.33222,1.3358400000000001,1.33086,1.33548,6278,10,0
2025-04-30 15:00:00+00:00,1.3354599999999999,1.3357999999999999,1.33224,1.33411,6051,10,0
2025-04-30 16:00:00+00:00,1.33409,1.3348900000000001,1.33355,1.33461,3254,10,0
2025-04-30 17:00:00+00:00,1.3346,1.33576,1.33392,1.33399,2713,10,0
2025-04-30 18:00:00+00:00,1.33398,1.33522,1.33364,1.33383,3004,10,0
2025-04-30 19:00:00+00:00,1.33383,1.3345500000000001,1.33261,1.33284,2201,10,0
2025-04-30 20:00:00+00:00,1.33286,1.33322,1.33186,1.33288,2136,10,0
2025-04-30 21:00:00+00:00,1.33273,1.33288,1.33202,1.33205,721,25,0
2025-04-30 22:00:00+00:00,1.3326500000000001,1.33285,1.33217,1.33244,1184,10,0
2025-04-30 23:00:00+00:00,1.3324799999999999,1.33249,1.33183,1.33205,1185,10,0
2025-05-01 00:00:00+00:00,1.3320400000000001,1.33261,1.3317,1.33186,1741,10,0
2025-05-01 01:00:00+00:00,1.33186,1.33188,1.33033,1.33074,1517,10,0
2025-05-01 02:00:00+00:00,1.33073,1.33164,1.33053,1.33135,1309,10,0
2025-05-01 03:00:00+00:00,1.33135,1.33165,1.32926,1.33006,2213,10,0
2025-05-01 04:00:00+00:00,1.33006,1.33025,1.32925,1.32935,1860,10,0
2025-05-01 05:00:00+00:00,1.3293300000000001,1.32952,1.3278400000000001,1.32884,2321,10,0
2025-05-01 06:00:00+00:00,1.32883,1.33007,1.32849,1.3289,3080,10,0
2025-05-01 07:00:00+00:00,1.32888,1.33067,1.32743,1.33053,3743,10,0
2025-05-01 08:00:00+00:00,1.33056,1.3333,1.3305,1.3324099999999999,3111,10,0
2025-05-01 09:00:00+00:00,1.3324,1.33312,1.33125,1.3315299999999999,2544,10,0
2025-05-01 10:00:00+00:00,1.33151,1.33386,1.33115,1.3338,2698,10,0
2025-05-01 11:00:00+00:00,1.33382,1.3345,1.33233,1.33236,2995,10,0
2025-05-01 12:00:00+00:00,1.33236,1.33398,1.33137,1.33157,4667,10,0
2025-05-01 13:00:00+00:00,1.3315299999999999,1.33267,1.33109,1.33242,4531,10,0
2025-05-01 14:00:00+00:00,1.33237,1.33261,1.3284099999999999,1.32948,6439,10,0
2025-05-01 15:00:00+00:00,1.3295,1.33005,1.32644,1.32724,4318,10,0
2025-05-01 16:00:00+00:00,1.32722,1.32836,1.32614,1.328,3246,10,0
2025-05-01 17:00:00+00:00,1.32802,1.32802,1.32629,1.32664,2231,10,0
2025-05-01 18:00:00+00:00,1.32664,1.32862,1.32596,1.32772,2555,10,0
2025-05-01 19:00:00+00:00,1.32774,1.32843,1.32757,1.32783,2024,10,0
2025-05-01 20:00:00+00:00,1.3278400000000001,1.3284,1.32737,1.32757,1292,10,0
2025-05-01 21:00:00+00:00,1.32755,1.32792,1.32633,1.32633,1009,26,0
2025-05-01 22:00:00+00:00,1.32736,1.32856,1.3272599999999999,1.3284099999999999,1197,10,0
2025-05-01 23:00:00+00:00,1.32843,1.32863,1.32797,1.32854,1108,10,0
2025-05-02 00:00:00+00:00,1.32855,1.32896,1.32735,1.32788,2543,10,0
2025-05-02 01:00:00+00:00,1.3278699999999999,1.32896,1.3275299999999999,1.32896,2286,10,0
2025-05-02 02:00:00+00:00,1.32896,1.32995,1.32891,1.3292,1625,10,0
2025-05-02 03:00:00+00:00,1.32919,1.331,1.32897,1.33093,1811,10,0
2025-05-02 04:00:00+00:00,1.33095,1.33132,1.33035,1.33076,2342,10,0
2025-05-02 05:00:00+00:00,1.33077,1.33217,1.33048,1.33118,1977,10,0
2025-05-02 06:00:00+00:00,1.3311600000000001,1.3321,1.33064,1.3311600000000001,3603,10,0
2025-05-02 07:00:00+00:00,1.33113,1.33185,1.3298,1.32985,3906,10,0
2025-05-02 08:00:00+00:00,1.32989,1.32991,1.32819,1.32917,3573,10,0
2025-05-02 09:00:00+00:00,1.32914,1.33154,1.32852,1.33096,3483,10,0
2025-05-02 10:00:00+00:00,1.33097,1.33108,1.32868,1.32896,2871,10,0
2025-05-02 11:00:00+00:00,1.32898,1.3307,1.32856,1.32934,3242,10,0
2025-05-02 12:00:00+00:00,1.32934,1.32981,1.32599,1.3290199999999999,7416,10,0
2025-05-02 13:00:00+00:00,1.32903,1.33304,1.32827,1.33198,6862,10,0
2025-05-02 14:00:00+00:00,1.33195,1.33294,1.33096,1.3320699999999999,5981,10,0
2025-05-02 15:00:00+00:00,1.33205,1.33282,1.32768,1.32804,4838,10,0
2025-05-02 16:00:00+00:00,1.32806,1.32966,1.32759,1.32834,4497,10,0
2025-05-02 17:00:00+00:00,1.32833,1.32937,1.32727,1.32771,3271,10,0
2025-05-02 18:00:00+00:00,1.32771,1.32821,1.32671,1.32732,2540,10,0
2025-05-02 19:00:00+00:00,1.32733,1.32832,1.32731,1.32769,2013,10,0
2025-05-02 20:00:00+00:00,1.32767,1.32786,1.32632,1.327,1267,10,0
2025-05-04 21:00:00+00:00,1.32466,1.32595,1.32462,1.32587,213,137,0
2025-05-04 22:00:00+00:00,1.32652,1.32745,1.32583,1.32636,1546,10,0
2025-05-04 23:00:00+00:00,1.32639,1.32761,1.3261,1.3269199999999999,1516,10,0
2025-05-05 00:00:00+00:00,1.32693,1.3271899999999999,1.32612,1.32709,1770,10,0
2025-05-05 01:00:00+00:00,1.32709,1.32968,1.32709,1.32888,2930,10,0
2025-05-05 02:00:00+00:00,1.32891,1.33003,1.32824,1.32972,2169,10,0
2025-05-05 03:00:00+00:00,1.32971,1.32976,1.32842,1.32882,1658,10,0
2025-05-05 04:00:00+00:00,1.32883,1.32962,1.3286,1.32947,1622,10,0
2025-05-05 05:00:00+00:00,1.32946,1.3306499999999999,1.3290199999999999,1.32932,2607,10,0
2025-05-05 06:00:00+00:00,1.32931,1.32977,1.32752,1.32801,3867,10,0
2025-05-05 07:00:00+00:00,1.328,1.32915,1.32748,1.32803,3440,10,0
2025-05-05 08:00:00+00:00,1.32801,1.32915,1.32763,1.32813,3256,10,0
2025-05-05 09:00:00+00:00,1.32816,1.33039,1.32816,1.33026,3195,10,0
2025-05-05 10:00:00+00:00,1.33026,1.33094,1.32944,1.33064,3075,10,0
2025-05-05 11:00:00+00:00,1.33061,1.3324799999999999,1.33057,1.33159,3266,10,0
2025-05-05 12:00:00+00:00,1.3316,1.33352,1.3315000000000001,1.33301,4004,10,0
2025-05-05 13:00:00+00:00,1.33301,1.33362,1.33176,1.33213,3960,10,0
2025-05-05 14:00:00+00:00,1.33197,1.33197,1.32993,1.33056,5122,10,0
2025-05-05 15:00:00+00:00,1.33054,1.33091,1.32795,1.32816,3434,10,0
2025-05-05 16:00:00+00:00,1.32817,1.32817,1.32698,1.32734,2792,10,0
2025-05-05 17:00:00+00:00,1.32736,1.32829,1.32714,1.32772,2083,10,0
2025-05-05 18:00:00+00:00,1.32774,1.32903,1.32745,1.3288,1752,10,0
2025-05-05 19:00:00+00:00,1.32878,1.3299,1.32862,1.32925,1950,10,0
2025-05-05 20:00:00+00:00,1.32926,1.32984,1.3289900000000001,1.32955,1016,10,0
2025-05-05 21:00:00+00:00,1.32955,1.3296000000000001,1.3277999999999999,1.32796,757,16,0
2025-05-05 22:00:00+00:00,1.32905,1.32977,1.3289900000000001,1.3290899999999999,683,10,0
2025-05-05 23:00:00+00:00,1.3291,1.32946,1.32883,1.32901,738,10,0
2025-05-06 00:00:00+00:00,1.32901,1.32926,1.32669,1.3269199999999999,2517,10,0
2025-05-06 01:00:00+00:00,1.3269199999999999,1.32749,1.32595,1.32728,2985,10,0
2025-05-06 02:00:00+00:00,1.3273,1.32918,1.32711,1.32857,2473,10,0
2025-05-06 03:00:00+00:00,1.32857,1.32965,1.3281800000000001,1.32942,2065,10,0
2025-05-06 04:00:00+00:00,1.3294000000000001,1.33052,1.32937,1.33019,1640,10,0
2025-05-06 05:00:00+00:00,1.3302,1.3304,1.32858,1.32892,1809,10,0
2025-05-06 06:00:00+00:00,1.32889,1.33043,1.3284799999999999,1.3301,3249,10,0
2025-05-06 07:00:00+00:00,1.33012,1.33282,1.33012,1.33194,4281,10,0
2025-05-06 08:00:00+00:00,1.33196,1.33332,1.33132,1.33151,4354,10,0
2025-05-06 09:00:00+00:00,1.33151,1.33167,1.33072,1.33161,3702,10,0
2025-05-06 10:00:00+00:00,1.33161,1.33539,1.33136,1.33503,3524,10,0
2025-05-06 11:00:00+00:00,1.33502,1.33744,1.33479,1.33689,3712,10,0
2025-05-06 12:00:00+00:00,1.33691,1.34023,1.33639,1.33959,4043,10,0
2025-05-06 13:00:00+00:00,1.33958,1.33962,1.33799,1.33849,4504,10,0
2025-05-06 14:00:00+00:00,1.3385,1.33966,1.33649,1.33714,5046,10,0
2025-05-06 15:00:00+00:00,1.33715,1.33725,1.3356,1.33667,3500,10,0
2025-05-06 16:00:00+00:00,1.33671,1.33701,1.33514,1.33578,3340,10,0
2025-05-06 17:00:00+00:00,1.3357999999999999,1.33781,1.33561,1.33659,2838,10,0
2025-05-06 18:00:00+00:00,1.33659,1.33765,1.33589,1.33754,2402,10,0
2025-05-06 19:00:00+00:00,1.33752,1.33864,1.33709,1.33784,2077,10,0
2025-05-06 20:00:00+00:00,1.33779,1.33817,1.33564,1.3366500000000001,1597,10,0
2025-05-06 21:00:00+00:00,1.33669,1.33719,1.33572,1.33708,1069,29,0
2025-05-06 22:00:00+00:00,1.33752,1.33761,1.33447,1.33491,3390,10,0
2025-05-06 23:00:00+00:00,1.33491,1.33567,1.33432,1.33514,2321,10,0
2025-05-07 00:00:00+00:00,1.33514,1.33606,1.3333,1.33513,3866,10,0
2025-05-07 01:00:00+00:00,1.33509,1.33618,1.33354,1.3351,3759,10,0
2025-05-07 02:00:00+00:00,1.33505,1.33536,1.33401,1.33452,2915,10,0
2025-05-07 03:00:00+00:00,1.33452,1.3348900000000001,1.33379,1.33457,2203,10,0
2025-05-07 04:00:00+00:00,1.3345799999999999,1.33545,1.33411,1.3342100000000001,1787,10,0
2025-05-07 05:00:00+00:00,1.3342100000000001,1.33601,1.33403,1.33567,2123,10,0
2025-05-07 06:00:00+00:00,1.33571,1.3366799999999999,1.33526,1.33639,3466,10,0
2025-05-07 07:00:00+00:00,1.33637,1.33637,1.33446,1.33514,4258,10,0
2025-05-07 08:00:00+00:00,1.3351600000000001,1.33572,1.3335,1.33353,3853,10,0
2025-05-07 09:00:00+00:00,1.33356,1.33391,1.33225,1.3333300000000001,3386,10,0
2025-05-07 10:00:00+00:00,1.33334,1.33509,1.33318,1.33453,2413,10,0
2025-05-07 11:00:00+00:00,1.33454,1.33576,1.33434,1.33477,2738,10,0
2025-05-07 12:00:00+00:00,1.33476,1.33679,1.33453,1.33664,3293,10,0
2025-05-07 13:00:00+00:00,1.33664,1.33712,1.3357,1.33637,3644,10,0
2025-05-07 14:00:00+00:00,1.3363800000000001,1.3376700000000001,1.33565,1.33652,3620,10,0
2025-05-07 15:00:00+00:00,1.33655,1.3366799999999999,1.33381,1.33423,3842,10,0
2025-05-07 16:00:00+00:00,1.3342399999999999,1.33513,1.33322,1.33474,2883,10,0
2025-05-07 17:00:00+00:00,1.33473,1.3349,1.33285,1.33366,2358,10,0
2025-05-07 18:00:00+00:00,1.33377,1.33529,1.32998,1.3321399999999999,8209,10,0
2025-05-07 19:00:00+00:00,1.33216,1.33226,1.32892,1.32966,5940,10,0
2025-05-07 20:00:00+00:00,1.32966,1.32976,1.32793,1.32878,2083,10,0
2025-05-07 21:00:00+00:00,1.32881,1.32929,1.32843,1.3289900000000001,653,29,0
2025-05-07 22:00:00+00:00,1.32942,1.32951,1.32854,1.32867,1252,10,0
2025-05-07 23:00:00+00:00,1.32867,1.32951,1.32864,1.32898,1188,10,0
2025-05-08 00:00:00+00:00,1.32898,1.33067,1.32893,1.32958,2449,10,0
2025-05-08 01:00:00+00:00,1.32954,1.33446,1.32932,1.33412,4276,10,0
2025-05-08 02:00:00+00:00,1.33413,1.3351199999999999,1.3332600000000001,1.33418,3282,10,0
2025-05-08 03:00:00+00:00,1.33417,1.33559,1.33416,1.33442,2189,10,0
2025-05-08 04:00:00+00:00,1.33441,1.33472,1.3330899999999999,1.33318,1794,10,0
2025-05-08 05:00:00+00:00,1.33319,1.3332899999999999,1.33013,1.33209,3442,10,0
2025-05-08 06:00:00+00:00,1.33208,1.33218,1.32765,1.32822,5649,10,0
2025-05-08 07:00:00+00:00,1.32821,1.32914,1.3266499999999999,1.32898,4695,10,0
2025-05-08 08:00:00+00:00,1.3290199999999999,1.3295,1.32605,1.32656,4263,10,0
2025-05-08 09:00:00+00:00,1.32659,1.32806,1.32603,1.3275299999999999,3495,10,0
2025-05-08 10:00:00+00:00,1.32754,1.32947,1.32617,1.32625,3622,10,0
2025-05-08 11:00:00+00:00,1.32622,1.33324,1.3241100000000001,1.33254,7871,10,0
2025-05-08 12:00:00+00:00,1.33256,1.33418,1.33188,1.33235,5613,10,0
2025-05-08 13:00:00+00:00,1.33237,1.33445,1.33232,1.33345,5035,10,0
2025-05-08 14:00:00+00:00,1.33342,1.33446,1.33064,1.33087,5164,10,0
2025-05-08 15:00:00+00:00,1.33088,1.33172,1.32727,1.3284099999999999,6367,10,0
2025-05-08 16:00:00+00:00,1.3283800000000001,1.32852,1.32614,1.3265500000000001,4635,10,0
2025-05-08 17:00:00+00:00,1.32653,1.32672,1.32455,1.32575,3093,10,0
2025-05-08 18:00:00+00:00,1.32575,1.32619,1.32484,1.32507,2234,10,0
2025-05-08 19:00:00+00:00,1.3250600000000001,1.32537,1.32358,1.32437,2594,10,0
2025-05-08 20:00:00+00:00,1.32436,1.32487,1.3237,1.32437,1369,10,0
2025-05-08 21:00:00+00:00,1.32439,1.32471,1.3238699999999999,1.3238699999999999,894,26,0
2025-05-08 22:00:00+00:00,1.32514,1.32515,1.3244799999999999,1.3249900000000001,939,10,0
2025-05-08 23:00:00+00:00,1.3249900000000001,1.32501,1.32327,1.32391,1122,10,0
2025-05-09 00:00:00+00:00,1.3238699999999999,1.32431,1.32189,1.32393,2566,10,0
2025-05-09 01:00:00+00:00,1.3239,1.32417,1.3223799999999999,1.3225500000000001,2799,10,0
2025-05-09 02:00:00+00:00,1.32254,1.32342,1.32117,1.32333,2696,10,0
2025-05-09 03:00:00+00:00,1.3233,1.3241800000000001,1.32293,1.3231,2456,10,0
2025-05-09 04:00:00+00:00,1.3231,1.32391,1.32302,1.3235700000000001,1763,10,0
2025-05-09 05:00:00+00:00,1.3235700000000001,1.3241399999999999,1.32232,1.32408,2181,10,0
2025-05-09 06:00:00+00:00,1.3241,1.32469,1.32334,1.3241800000000001,3101,10,0
2025-05-09 07:00:00+00:00,1.32419,1.32688,1.32412,1.32618,3488,10,0
2025-05-09 08:00:00+00:00,1.3262,1.32711,1.32531,1.32695,2793,10,0
2025-05-09 09:00:00+00:00,1.32693,1.32782,1.32615,1.32683,2743,10,0
2025-05-09 10:00:00+00:00,1.3268,1.32778,1.3262399999999999,1.32684,2700,10,0
2025-05-09 11:00:00+00:00,1.32681,1.32853,1.32651,1.32761,3615,10,0
2025-05-09 12:00:00+00:00,1.32762,1.32866,1.3272,1.32846,2886,10,0
2025-05-09 13:00:00+00:00,1.32846,1.32969,1.32831,1.32863,3553,10,0
2025-05-09 14:00:00+00:00,1.32866,1.33171,1.32834,1.33038,4120,10,0
2025-05-09 15:00:00+00:00,1.33036,1.33155,1.32931,1.3315000000000001,3252,10,0
2025-05-09 16:00:00+00:00,1.3315000000000001,1.33221,1.33043,1.33066,2302,10,0
2025-05-09 17:00:00+00:00,1.3306200000000001,1.3318699999999999,1.33015,1.33145,1818,10,0
2025-05-09 18:00:00+00:00,1.3314599999999999,1.33176,1.3309199999999999,1.3314300000000001,1550,10,0
2025-05-09 19:00:00+00:00,1.3314300000000001,1.33151,1.33027,1.33113,1529,10,0
2025-05-09 20:00:00+00:00,1.33113,1.33113,1.32966,1.33035,1766,10,0
2025-05-11 21:00:00+00:00,1.3259,1.3267,1.3254299999999999,1.32615,880,186,0
2025-05-11 22:00:00+00:00,1.32701,1.32912,1.32694,1.32851,1744,22,0
2025-05-11 23:00:00+00:00,1.32857,1.32948,1.32835,1.3284099999999999,1931,10,0
2025-05-12 00:00:00+00:00,1.3284099999999999,1.32905,1.32742,1.32885,3153,10,0
2025-05-12 01:00:00+00:00,1.32887,1.32941,1.32745,1.3278400000000001,3666,10,0
2025-05-12 02:00:00+00:00,1.3278400000000001,1.3290199999999999,1.32773,1.32822,2292,10,0
2025-05-12 03:00:00+00:00,1.32819,1.32912,1.32781,1.3290600000000001,1879,10,0
2025-05-12 04:00:00+00:00,1.32903,1.3293,1.32821,1.32854,1392,10,0
2025-05-12 05:00:00+00:00,1.32854,1.32877,1.32736,1.3281,1835,10,0
2025-05-12 06:00:00+00:00,1.32813,1.32991,1.3280699999999999,1.32849,3361,10,0
2025-05-12 07:00:00+00:00,1.3285,1.32893,1.31628,1.31684,13095,10,0
2025-05-12 08:00:00+00:00,1.31687,1.32023,1.31585,1.31937,7498,10,0
2025-05-12 09:00:00+00:00,1.31938,1.32043,1.3185799999999999,1.31967,4940,10,0
2025-05-12 10:00:00+00:00,1.31968,1.31968,1.31394,1.31414,5746,10,0
2025-05-12 11:00:00+00:00,1.3141,1.3183500000000001,1.31402,1.31768,5094,10,0
2025-05-12 12:00:00+00:00,1.31765,1.32007,1.3171300000000001,1.31956,4615,10,0
2025-05-12 13:00:00+00:00,1.3195700000000001,1.3213300000000001,1.31918,1.31999,5320,10,0
2025-05-12 14:00:00+00:00,1.32001,1.32128,1.3192300000000001,1.32006,5463,10,0
2025-05-12 15:00:00+00:00,1.32009,1.32151,1.31883,1.31912,4160,10,0
2025-05-12 16:00:00+00:00,1.31913,1.31967,1.31768,1.31776,3342,10,0
2025-05-12 17:00:00+00:00,1.3177699999999999,1.31788,1.31637,1.31753,2645,10,0
2025-05-12 18:00:00+00:00,1.31753,1.31826,1.3161800000000001,1.31798,2765,10,0
2025-05-12 19:00:00+00:00,1.31799,1.31846,1.3174299999999999,1.31783,2302,10,0
2025-05-12 20:00:00+00:00,1.31785,1.31812,1.31739,1.31745,1147,10,0
2025-05-12 21:00:00+00:00,1.31749,1.31758,1.3158699999999999,1.3158699999999999,1026,29,0
2025-05-12 22:00:00+00:00,1.31692,1.31769,1.31692,1.31758,1182,10,0
2025-05-12 23:00:00+00:00,1.31758,1.31818,1.3171,1.31771,1512,10,0
2025-05-13 00:00:00+00:00,1.31771,1.3185,1.31732,1.31779,2712,10,0
2025-05-13 01:00:00+00:00,1.3178,1.31875,1.31746,1.31837,3033,10,0
2025-05-13 02:00:00+00:00,1.3183799999999999,1.31911,1.31789,1.3182,2171,10,0
2025-05-13 03:00:00+00:00,1.31817,1.31999,1.31785,1.31977,1930,10,0
2025-05-13 04:00:00+00:00,1.31977,1.32006,1.31898,1.32006,1682,10,0
2025-05-13 05:00:00+00:00,1.32005,1.32061,1.31928,1.31993,2231,10,0
2025-05-13 06:00:00+00:00,1.3199,1.32069,1.31888,1.3197999999999999,3506,10,0
2025-05-13 07:00:00+00:00,1.31976,1.32115,1.31949,1.32111,4255,10,0
2025-05-13 08:00:00+00:00,1.32112,1.32165,1.31999,1.3211,3250,10,0
2025-05-13 09:00:00+00:00,1.32108,1.322,1.32054,1.32131,3108,10,0
2025-05-13 10:00:00+00:00,1.32131,1.32172,1.32019,1.3203,3055,10,0
2025-05-13 11:00:00+00:00,1.3203,1.32145,1.32016,1.32128,2453,10,0
2025-05-13 12:00:00+00:00,1.32128,1.3244099999999999,1.32116,1.32427,4647,10,0
2025-05-13 13:00:00+00:00,1.32427,1.32488,1.32209,1.3226499999999999,5872,10,0
2025-05-13 14:00:00+00:00,1.32263,1.3259699999999999,1.32225,1.32589,5512,10,0
2025-05-13 15:00:00+00:00,1.32587,1.328,1.32564,1.32766,4157,10,0
2025-05-13 16:00:00+00:00,1.32766,1.32941,1.32709,1.32919,3110,10,0
2025-05-13 17:00:00+00:00,1.32919,1.3303,1.32868,1.32991,2405,10,0
2025-05-13 18:00:00+00:00,1.32989,1.33023,1.32955,1.32998,1801,10,0
2025-05-13 19:00:00+00:00,1.32999,1.33078,1.3298,1.33048,1907,10,0
2025-05-13 20:00:00+00:00,1.33051,1.33161,1.33016,1.33027,1469,10,0
2025-05-13 21:00:00+00:00,1.33017,1.33044,1.32986,1.32996,532,32,0
2025-05-13 22:00:00+00:00,1.33067,1.33141,1.3303,1.33138,996,10,0
2025-05-13 23:00:00+00:00,1.33138,1.33138,1.33022,1.3303,1255,10,0
2025-05-14 00:00:00+00:00,1.33029,1.33163,1.32991,1.33131,2645,10,0
2025-05-14 01:00:00+00:00,1.33131,1.33198,1.33052,1.33078,3279,10,0
2025-05-14 02:00:00+00:00,1.3308200000000001,1.3309199999999999,1.32979,1.3303099999999999,2363,10,0
2025-05-14 03:00:00+00:00,1.3303099999999999,1.33086,1.32977,1.33083,1777,10,0
2025-05-14 04:00:00+00:00,1.33086,1.33124,1.33025,1.33037,1761,10,0
2025-05-14 05:00:00+00:00,1.33037,1.3309199999999999,1.33,1.33013,2058,10,0
2025-05-14 06:00:00+00:00,1.33015,1.33114,1.3290600000000001,1.32989,3689,10,0
2025-05-14 07:00:00+00:00,1.32991,1.33305,1.32975,1.33282,4465,10,0
2025-05-14 08:00:00+00:00,1.33285,1.33582,1.33264,1.33464,7325,10,0
2025-05-14 09:00:00+00:00,1.33466,1.33601,1.33368,1.33491,5473,10,0
2025-05-14 10:00:00+00:00,1.33488,1.33515,1.33355,1.33481,3447,10,0
2025-05-14 11:00:00+00:00,1.33481,1.33504,1.33264,1.33332,3380,10,0
2025-05-14 12:00:00+00:00,1.33334,1.33384,1.33159,1.3324799999999999,4558,10,0
2025-05-14 13:00:00+00:00,1.33251,1.33288,1.33095,1.33162,5198,10,0
2025-05-14 14:00:00+00:00,1.33166,1.33169,1.32863,1.33037,5351,10,0
2025-05-14 15:00:00+00:00,1.3304,1.33049,1.32887,1.32999,4843,10,0
2025-05-14 16:00:00+00:00,1.33,1.33095,1.32704,1.32817,5152,10,0
2025-05-14 17:00:00+00:00,1.32816,1.32878,1.32748,1.32785,3101,10,0
2025-05-14 18:00:00+00:00,1.32785,1.32796,1.32596,1.32647,2911,10,0
2025-05-14 19:00:00+00:00,1.32645,1.32645,1.32529,1.3259699999999999,2453,10,0
2025-05-14 20:00:00+00:00,1.32596,1.32654,1.32559,1.32591,1235,10,0
2025-05-14 21:00:00+00:00,1.32592,1.32626,1.3249,1.3249,951,32,0
2025-05-14 22:00:00+00:00,1.32593,1.32661,1.32593,1.32644,785,10,0
2025-05-14 23:00:00+00:00,1.32647,1.32686,1.32612,1.32629,1312,10,0
2025-05-15 00:00:00+00:00,1.3263,1.32742,1.3259,1.3271899999999999,2240,10,0
2025-05-15 01:00:00+00:00,1.3272,1.32839,1.3272,1.32756,2848,10,0
2025-05-15 02:00:00+00:00,1.32758,1.32804,1.3271899999999999,1.32796,2073,10,0
2025-05-15 03:00:00+00:00,1.32796,1.32863,1.32761,1.32803,1955,10,0
2025-05-15 04:00:00+00:00,1.32803,1.32833,1.32732,1.3274,1696,10,0
2025-05-15 05:00:00+00:00,1.3274,1.3278699999999999,1.32622,1.32727,2272,10,0
2025-05-15 06:00:00+00:00,1.32729,1.33047,1.32693,1.33034,3915,10,0
2025-05-15 07:00:00+00:00,1.33032,1.33046,1.32668,1.32671,4345,10,0
2025-05-15 08:00:00+00:00,1.32671,1.32948,1.32625,1.32892,3509,10,0
2025-05-15 09:00:00+00:00,1.32897,1.32947,1.32802,1.32865,3184,10,0
2025-05-15 10:00:00+00:00,1.32867,1.32993,1.32819,1.3289900000000001,3082,10,0
2025-05-15 11:00:00+00:00,1.32901,1.32932,1.32669,1.32702,3626,10,0
2025-05-15 12:00:00+00:00,1.32702,1.33087,1.32702,1.33047,5079,10,0
2025-05-15 13:00:00+00:00,1.33049,1.33194,1.3292,1.32928,5925,10,0
2025-05-15 14:00:00+00:00,1.32926,1.33027,1.32629,1.32782,5727,10,0
2025-05-15 15:00:00+00:00,1.32779,1.32948,1.3274599999999999,1.32888,4089,10,0
2025-05-15 16:00:00+00:00,1.3289,1.32966,1.32817,1.32885,2875,10,0
2025-05-15 17:00:00+00:00,1.32885,1.33003,1.3286,1.32868,2306,10,0
2025-05-15 18:00:00+00:00,1.32867,1.33009,1.32865,1.3298,2217,10,0
2025-05-15 19:00:00+00:00,1.32982,1.33075,1.32928,1.33049,1754,10,0
2025-05-15 20:00:00+00:00,1.33049,1.33084,1.33025,1.33035,1214,10,0
2025-05-15 21:00:00+00:00,1.33034,1.33044,1.32932,1.32982,830,16,0
2025-05-15 22:00:00+00:00,1.33046,1.33094,1.33011,1.3308200000000001,1015,10,0
2025-05-15 23:00:00+00:00,1.33083,1.33096,1.33029,1.33029,1111,10,0
2025-05-16 00:00:00+00:00,1.3302800000000001,1.33173,1.3301,1.33137,2941,10,0
2025-05-16 01:00:00+00:00,1.33139,1.3318400000000001,1.33098,1.33148,2286,10,0
2025-05-16 02:00:00+00:00,1.33148,1.33173,1.33061,1.33104,2279,10,0
2025-05-16 03:00:00+00:00,1.33103,1.3318400000000001,1.33079,1.33117,1890,10,0
2025-05-16 04:00:00+00:00,1.33117,1.33194,1.33083,1.33176,1706,10,0
2025-05-16 05:00:00+00:00,1.33176,1.33276,1.33152,1.33249,2049,10,0
2025-05-16 06:00:00+00:00,1.33253,1.33322,1.33174,1.3324099999999999,3024,10,0
2025-05-16 07:00:00+00:00,1.33244,1.33288,1.3311899999999999,1.33139,3450,10,0
2025-05-16 08:00:00+00:00,1.33142,1.33166,1.33008,1.33043,3150,10,0
2025-05-16 09:00:00+00:00,1.33039,1.33086,1.32903,1.32921,3028,10,0
2025-05-16 10:00:00+00:00,1.32922,1.32951,1.3282,1.32908,2986,10,0
2025-05-16 11:00:00+00:00,1.32905,1.33014,1.3281399999999999,1.32819,2873,10,0
2025-05-16 12:00:00+00:00,1.32819,1.3287200000000001,1.32729,1.3283,3152,10,0
2025-05-16 13:00:00+00:00,1.3283,1.32987,1.32782,1.32938,3691,10,0
2025-05-16 14:00:00+00:00,1.32941,1.32964,1.32526,1.3265,5877,10,0
2025-05-16 15:00:00+00:00,1.3265,1.32697,1.32542,1.32558,3884,10,0
2025-05-16 16:00:00+00:00,1.32555,1.3269199999999999,1.325,1.32679,3256,10,0
2025-05-16 17:00:00+00:00,1.32681,1.32743,1.32672,1.3271,2113,10,0
2025-05-16 18:00:00+00:00,1.3271,1.32792,1.32669,1.3277700000000001,1992,10,0
2025-05-16 19:00:00+00:00,1.32772,1.32831,1.32742,1.32756,1835,10,0
2025-05-16 20:00:00+00:00,1.3275299999999999,1.32878,1.32744,1.3279,2064,10,0
2025-05-18 21:00:00+00:00,1.32671,1.32744,1.326,1.32738,474,85,0
2025-05-18 22:00:00+00:00,1.32767,1.33042,1.3273,1.33002,1639,10,0
2025-05-18 23:00:00+00:00,1.33004,1.33047,1.32938,1.33047,1761,10,0
2025-05-19 00:00:00+00:00,1.33047,1.33129,1.32988,1.33121,3289,10,0
2025-05-19 01:00:00+00:00,1.33122,1.33133,1.3293,1.32951,2911,10,0
2025-05-19 02:00:00+00:00,1.32952,1.33041,1.329,1.32964,2423,10,0
2025-05-19 03:00:00+00:00,1.32964,1.33006,1.32942,1.3296700000000001,1908,10,0
2025-05-19 04:00:00+00:00,1.32964,1.3302100000000001,1.32908,1.32984,1469,10,0
2025-05-19 05:00:00+00:00,1.32984,1.33042,1.32923,1.3299400000000001,1941,10,0
2025-05-19 06:00:00+00:00,1.32995,1.3323,1.32948,1.3320699999999999,3631,10,0
2025-05-19 07:00:00+00:00,1.33208,1.33724,1.33194,1.33671,5269,10,0
2025-05-19 08:00:00+00:00,1.33673,1.33696,1.33478,1.3367,4117,10,0
2025-05-19 09:00:00+00:00,1.3367,1.33972,1.33622,1.33958,4646,10,0
2025-05-19 10:00:00+00:00,1.33961,1.34037,1.33875,1.33883,3982,10,0
2025-05-19 11:00:00+00:00,1.33883,1.3389199999999999,1.33748,1.33817,3568,10,0
2025-05-19 12:00:00+00:00,1.33815,1.3383099999999999,1.33678,1.33709,3844,10,0
2025-05-19 13:00:00+00:00,1.3370600000000001,1.33754,1.33596,1.3366,5228,10,0
2025-05-19 14:00:00+00:00,1.33658,1.33694,1.33536,1.3367,4200,10,0
2025-05-19 15:00:00+00:00,1.33671,1.33721,1.33525,1.3354,3309,10,0
2025-05-19 16:00:00+00:00,1.3354300000000001,1.33574,1.3345,1.33544,2714,10,0
2025-05-19 17:00:00+00:00,1.33544,1.33581,1.33463,1.33503,2195,10,0
2025-05-19 18:00:00+00:00,1.33501,1.3357299999999999,1.33441,1.33549,1917,10,0
2025-05-19 19:00:00+00:00,1.33548,1.33609,1.33502,1.33592,1415,10,0
2025-05-19 20:00:00+00:00,1.3359,1.33644,1.33578,1.33591,1024,10,0
2025-05-19 21:00:00+00:00,1.33588,1.33609,1.33494,1.33558,905,25,0
2025-05-19 22:00:00+00:00,1.33596,1.33608,1.33538,1.33559,986,10,0
2025-05-19 23:00:00+00:00,1.33559,1.3361100000000001,1.3354300000000001,1.3358400000000001,876,10,0
2025-05-20 00:00:00+00:00,1.33583,1.33588,1.33445,1.33555,2402,10,0
2025-05-20 01:00:00+00:00,1.33555,1.33735,1.33551,1.33572,3058,10,0
2025-05-20 02:00:00+00:00,1.33572,1.3366799999999999,1.33461,1.33533,2303,10,0
2025-05-20 03:00:00+00:00,1.33531,1.33697,1.33506,1.3366799999999999,2356,10,0
2025-05-20 04:00:00+00:00,1.3366500000000001,1.3369900000000001,1.33609,1.33632,2220,10,0
2025-05-20 05:00:00+00:00,1.33632,1.33825,1.33628,1.33757,3047,10,0
2025-05-20 06:00:00+00:00,1.33759,1.3382100000000001,1.33661,1.33688,3832,10,0
2025-05-20 07:00:00+00:00,1.3369,1.33944,1.33649,1.33911,4350,10,0
2025-05-20 08:00:00+00:00,1.33911,1.3393,1.33714,1.3373599999999999,3265,10,0
2025-05-20 09:00:00+00:00,1.33735,1.33837,1.33679,1.33713,2874,10,0
2025-05-20 10:00:00+00:00,1.33712,1.33728,1.33532,1.33623,2902,10,0
2025-05-20 11:00:00+00:00,1.33624,1.33718,1.33581,1.3361399999999999,2609,10,0
2025-05-20 12:00:00+00:00,1.3361100000000001,1.33633,1.33348,1.33398,3661,10,0
2025-05-20 13:00:00+00:00,1.3339699999999999,1.33601,1.3334,1.33565,4254,10,0
2025-05-20 14:00:00+00:00,1.33568,1.33739,1.33558,1.33687,4868,10,0
2025-05-20 15:00:00+00:00,1.33689,1.3373,1.33569,1.33691,3532,10,0
2025-05-20 16:00:00+00:00,1.33691,1.3373,1.33585,1.33709,2827,10,0
2025-05-20 17:00:00+00:00,1.33709,1.33854,1.3369,1.33801,2319,10,0
2025-05-20 18:00:00+00:00,1.338,1.33869,1.3376299999999999,1.33781,2428,10,0
2025-05-20 19:00:00+00:00,1.33781,1.33905,1.33772,1.33872,1647,10,0
2025-05-20 20:00:00+00:00,1.33871,1.33936,1.3385099999999999,1.33924,917,10,0
2025-05-20 21:00:00+00:00,1.33922,1.33922,1.33748,1.33817,958,35,0
2025-05-20 22:00:00+00:00,1.33856,1.33938,1.3384800000000001,1.3390900000000001,915,10,0
2025-05-20 23:00:00+00:00,1.33905,1.33974,1.33899,1.33964,1010,10,0
2025-05-21 00:00:00+00:00,1.33964,1.34115,1.33938,1.34084,2309,10,0
2025-05-21 01:00:00+00:00,1.34082,1.3412,1.33981,1.3408,2362,10,0
2025-05-21 02:00:00+00:00,1.34081,1.34264,1.34071,1.34231,3255,10,0
2025-05-21 03:00:00+00:00,1.34231,1.34351,1.34203,1.343,2544,10,0
2025-05-21 04:00:00+00:00,1.34297,1.3435000000000001,1.34259,1.34298,1684,10,0
2025-05-21 05:00:00+00:00,1.34297,1.34376,1.34269,1.34352,2195,10,0
2025-05-21 06:00:00+00:00,1.3436,1.34684,1.3422399999999999,1.3445,6772,10,0
2025-05-21 07:00:00+00:00,1.34448,1.34458,1.34096,1.34124,5774,10,0
2025-05-21 08:00:00+00:00,1.34122,1.34192,1.33903,1.33988,3957,10,0
2025-05-21 09:00:00+00:00,1.3399,1.34101,1.33879,1.34101,3589,10,0
2025-05-21 10:00:00+00:00,1.3410199999999999,1.34375,1.34052,1.34122,4463,10,0
2025-05-21 11:00:00+00:00,1.34121,1.34168,1.33956,1.3413599999999999,4686,10,0
2025-05-21 12:00:00+00:00,1.34139,1.3423,1.33998,1.34223,5287,10,0
2025-05-21 13:00:00+00:00,1.3422399999999999,1.34366,1.34142,1.34326,4990,10,0
2025-05-21 14:00:00+00:00,1.34325,1.34425,1.34233,1.34351,5392,10,0
2025-05-21 15:00:00+00:00,1.34351,1.3449499999999999,1.34298,1.34445,4302,10,0
2025-05-21 16:00:00+00:00,1.34443,1.34515,1.34415,1.34463,2794,10,0
2025-05-21 17:00:00+00:00,1.34462,1.34524,1.3431899999999999,1.34379,4323,10,0
2025-05-21 18:00:00+00:00,1.34378,1.34386,1.3426,1.3427,2874,10,0
2025-05-21 19:00:00+00:00,1.34269,1.34344,1.3415300000000001,1.3416000000000001,2478,10,0
2025-05-21 20:00:00+00:00,1.34161,1.34236,1.34127,1.3418,1200,10,0
2025-05-21 21:00:00+00:00,1.34178,1.34182,1.34114,1.34117,654,29,0
2025-05-21 22:00:00+00:00,1.34165,1.34172,1.34046,1.34048,1767,10,0
2025-05-21 23:00:00+00:00,1.34047,1.34202,1.34046,1.34199,1610,10,0
2025-05-22 00:00:00+00:00,1.34203,1.3431199999999999,1.34196,1.34243,3235,10,0
2025-05-22 01:00:00+00:00,1.34242,1.3434,1.3416000000000001,1.3426,3215,10,0
2025-05-22 02:00:00+00:00,1.3425799999999999,1.3440400000000001,1.34184,1.34324,2809,10,0
2025-05-22 03:00:00+00:00,1.34324,1.34338,1.34225,1.34246,1989,10,0
2025-05-22 04:00:00+00:00,1.34243,1.34305,1.34205,1.34286,1504,10,0
2025-05-22 05:00:00+00:00,1.34286,1.34324,1.34216,1.34304,2006,10,0
2025-05-22 06:00:00+00:00,1.34301,1.34314,1.34155,1.3418999999999999,3857,10,0
2025-05-22 07:00:00+00:00,1.3419400000000001,1.34325,1.3409200000000001,1.34323,4611,10,0
2025-05-22 08:00:00+00:00,1.3431899999999999,1.3440400000000001,1.3401,1.34019,4723,10,0
2025-05-22 09:00:00+00:00,1.34016,1.3407499999999999,1.33913,1.34024,3955,10,0
2025-05-22 10:00:00+00:00,1.34024,1.34029,1.33902,1.33979,2977,10,0
2025-05-22 11:00:00+00:00,1.3397700000000001,1.34233,1.33967,1.34191,3619,10,0
2025-05-22 12:00:00+00:00,1.34195,1.3426,1.34013,1.3412600000000001,4301,10,0
2025-05-22 13:00:00+00:00,1.34128,1.34275,1.3406,1.34164,4840,10,0
2025-05-22 14:00:00+00:00,1.34161,1.34361,1.3414,1.34228,5109,10,0
2025-05-22 15:00:00+00:00,1.34227,1.34295,1.34053,1.34243,4068,10,0
2025-05-22 16:00:00+00:00,1.34244,1.3436,1.34169,1.34176,3090,10,0
2025-05-22 17:00:00+00:00,1.34173,1.34184,1.34033,1.34144,2851,10,0
2025-05-22 18:00:00+00:00,1.34141,1.34253,1.3413300000000001,1.3422399999999999,2080,10,0
2025-05-22 19:00:00+00:00,1.3422399999999999,1.34296,1.34172,1.34185,1761,10,0
2025-05-22 20:00:00+00:00,1.34182,1.342,1.34112,1.34172,1167,10,0
2025-05-22 21:00:00+00:00,1.34169,1.34184,1.341,1.3413,527,29,0
2025-05-22 22:00:00+00:00,1.3421,1.34265,1.34203,1.34236,912,10,0
2025-05-22 23:00:00+00:00,1.3424,1.34259,1.34183,1.34191,1037,10,0
2025-05-23 00:00:00+00:00,1.3419400000000001,1.34353,1.34178,1.34317,2402,10,0
2025-05-23 01:00:00+00:00,1.34314,1.34459,1.34295,1.34403,2339,10,0
2025-05-23 02:00:00+00:00,1.3440400000000001,1.34478,1.34372,1.34454,1881,10,0
2025-05-23 03:00:00+00:00,1.34453,1.3448,1.34423,1.34471,1273,10,0
2025-05-23 04:00:00+00:00,1.34469,1.3455,1.3445,1.34515,1336,10,0
2025-05-23 05:00:00+00:00,1.34515,1.3459400000000001,1.34451,1.34558,1659,10,0
2025-05-23 06:00:00+00:00,1.3455599999999999,1.34612,1.3443399999999999,1.34481,3396,10,0
2025-05-23 07:00:00+00:00,1.34484,1.34845,1.34446,1.34792,4160,10,0
2025-05-23 08:00:00+00:00,1.34789,1.34914,1.34769,1.34877,2923,10,0
2025-05-23 09:00:00+00:00,1.34876,1.3501,1.34846,1.34976,3112,10,0
2025-05-23 10:00:00+00:00,1.34976,1.3501400000000001,1.3492199999999999,1.34964,2806,10,0
2025-05-23 11:00:00+00:00,1.34964,1.35156,1.34734,1.34879,8631,10,0
2025-05-23 12:00:00+00:00,1.34878,1.35333,1.34764,1.3517700000000001,7859,10,0
2025-05-23 13:00:00+00:00,1.35175,1.3523399999999999,1.34815,1.34823,5499,10,0
2025-05-23 14:00:00+00:00,1.34818,1.35003,1.34802,1.34954,5187,10,0
2025-05-23 15:00:00+00:00,1.34955,1.35153,1.34928,1.3508,3663,10,0
2025-05-23 16:00:00+00:00,1.35083,1.35225,1.35041,1.35213,2826,10,0
2025-05-23 17:00:00+00:00,1.35212,1.35389,1.35206,1.35278,2225,10,0
2025-05-23 18:00:00+00:00,1.35276,1.35371,1.3526799999999999,1.353,2168,10,0
2025-05-23 19:00:00+00:00,1.35302,1.35372,1.3525800000000001,1.35339,2001,10,0
2025-05-23 20:00:00+00:00,1.35337,1.35433,1.35318,1.35397,1691,10,0
2025-05-25 21:00:00+00:00,1.35138,1.35218,1.3513,1.35218,680,137,0
2025-05-25 22:00:00+00:00,1.35269,1.35389,1.35229,1.35343,2375,10,0
2025-05-25 23:00:00+00:00,1.35348,1.35422,1.35311,1.35374,1866,10,0
2025-05-26 00:00:00+00:00,1.35375,1.3560699999999999,1.35357,1.35605,2774,10,0
2025-05-26 01:00:00+00:00,1.35602,1.3586,1.35527,1.35834,3264,10,0
2025-05-26 02:00:00+00:00,1.35833,1.3593,1.35777,1.35819,2994,10,0
2025-05-26 03:00:00+00:00,1.35816,1.3584100000000001,1.35763,1.35785,2030,10,0
2025-05-26 04:00:00+00:00,1.35786,1.35853,1.3574,1.35819,1897,10,0
2025-05-26 05:00:00+00:00,1.35819,1.35922,1.35715,1.35885,2241,10,0
2025-05-26 06:00:00+00:00,1.35881,1.35918,1.35704,1.3572899999999999,3391,10,0
2025-05-26 07:00:00+00:00,1.35727,1.35785,1.35651,1.35666,3545,10,0
2025-05-26 08:00:00+00:00,1.3566799999999999,1.35711,1.35575,1.35638,2710,10,0
2025-05-26 09:00:00+00:00,1.3564,1.35676,1.35547,1.35612,2168,10,0
2025-05-26 10:00:00+00:00,1.35613,1.35654,1.35545,1.35616,2159,10,0
2025-05-26 11:00:00+00:00,1.35616,1.3566500000000001,1.35537,1.35591,2074,10,0
2025-05-26 12:00:00+00:00,1.35593,1.35626,1.3550499999999999,1.35552,2041,10,0
2025-05-26 13:00:00+00:00,1.35551,1.35673,1.35519,1.3566500000000001,2055,10,0
2025-05-26 14:00:00+00:00,1.3566799999999999,1.35679,1.35565,1.3563,2288,10,0
2025-05-26 15:00:00+00:00,1.3562699999999999,1.35645,1.35567,1.35625,1549,10,0
2025-05-26 16:00:00+00:00,1.35625,1.35647,1.35589,1.35638,1053,10,0
2025-05-26 17:00:00+00:00,1.35639,1.35648,1.3557000000000001,1.35614,729,10,0
2025-05-26 18:00:00+00:00,1.3561,1.35646,1.35605,1.35616,606,10,0
2025-05-26 19:00:00+00:00,1.35616,1.35642,1.35611,1.35639,393,10,0
2025-05-26 20:00:00+00:00,1.35642,1.35648,1.35605,1.35618,663,10,0
2025-05-26 21:00:00+00:00,1.35622,1.35623,1.35511,1.35517,849,19,0
2025-05-26 22:00:00+00:00,1.35641,1.35681,1.35595,1.35648,917,10,0
2025-05-26 23:00:00+00:00,1.35646,1.3566099999999999,1.35626,1.35648,833,10,0
2025-05-27 00:00:00+00:00,1.35648,1.35849,1.35648,1.3581699999999999,2102,10,0
2025-05-27 01:00:00+00:00,1.3581699999999999,1.35863,1.35686,1.35738,2155,10,0
2025-05-27 02:00:00+00:00,1.35738,1.35808,1.35672,1.3568799999999999,1882,10,0
2025-05-27 03:00:00+00:00,1.35689,1.35758,1.3566799999999999,1.3568799999999999,1546,10,0
2025-05-27 04:00:00+00:00,1.3568500000000001,1.35747,1.35534,1.35547,1855,10,0
2025-05-27 05:00:00+00:00,1.35547,1.35558,1.35379,1.35547,3457,10,0
2025-05-27 06:00:00+00:00,1.35548,1.3572899999999999,1.35461,1.3547500000000001,4055,10,0
2025-05-27 07:00:00+00:00,1.35473,1.35569,1.35216,1.35248,4926,10,0
2025-05-27 08:00:00+00:00,1.3525,1.35467,1.35224,1.35367,3366,10,0
2025-05-27 09:00:00+00:00,1.3536299999999999,1.35496,1.35352,1.35449,3426,10,0
2025-05-27 10:00:00+00:00,1.35447,1.35452,1.3533,1.35404,3291,10,0
2025-05-27 11:00:00+00:00,1.35405,1.35534,1.35405,1.35481,2867,10,0
2025-05-27 12:00:00+00:00,1.3548499999999999,1.35619,1.35463,1.35617,3005,10,0
2025-05-27 13:00:00+00:00,1.35618,1.35645,1.35403,1.35423,3718,10,0
2025-05-27 14:00:00+00:00,1.35425,1.35538,1.35183,1.35201,4944,10,0
2025-05-27 15:00:00+00:00,1.35199,1.35211,1.34997,1.35022,3735,10,0
2025-05-27 16:00:00+00:00,1.3502399999999999,1.35114,1.35004,1.35071,2635,10,0
2025-05-27 17:00:00+00:00,1.35068,1.3511,1.3501400000000001,1.35087,1776,10,0
2025-05-27 18:00:00+00:00,1.35088,1.35148,1.3505,1.35119,1751,10,0
2025-05-27 19:00:00+00:00,1.35117,1.35144,1.35031,1.35046,1635,10,0
2025-05-27 20:00:00+00:00,1.3504399999999999,1.35083,1.3502399999999999,1.35049,948,10,0
2025-05-27 21:00:00+00:00,1.3505099999999999,1.3507799999999999,1.34996,1.35046,948,16,0
2025-05-27 22:00:00+00:00,1.35101,1.35134,1.35068,1.3511600000000001,782,10,0
2025-05-27 23:00:00+00:00,1.35114,1.3514599999999999,1.35087,1.3513600000000001,809,10,0
2025-05-28 00:00:00+00:00,1.3513899999999999,1.35219,1.35126,1.35149,1963,10,0
2025-05-28 01:00:00+00:00,1.35148,1.35162,1.3489,1.34931,3524,10,0
2025-05-28 02:00:00+00:00,1.34928,1.35,1.34791,1.34817,3350,10,0
2025-05-28 03:00:00+00:00,1.3482,1.34891,1.3476,1.34821,2695,10,0
2025-05-28 04:00:00+00:00,1.3482,1.34855,1.34703,1.34721,2036,10,0
2025-05-28 05:00:00+00:00,1.3472,1.34803,1.34608,1.34801,2506,10,0
2025-05-28 06:00:00+00:00,1.34799,1.34844,1.3471,1.3477700000000001,3379,10,0
2025-05-28 07:00:00+00:00,1.34775,1.35039,1.34755,1.3498,3994,10,0
2025-05-28 08:00:00+00:00,1.34982,1.35106,1.34958,1.35087,3123,10,0
2025-05-28 09:00:00+00:00,1.35088,1.3515,1.35046,1.35095,2590,10,0
2025-05-28 10:00:00+00:00,1.35094,1.35188,1.34889,1.34934,2597,10,0
2025-05-28 11:00:00+00:00,1.34934,1.34978,1.34754,1.3479,3120,10,0
2025-05-28 12:00:00+00:00,1.34789,1.3484,1.3465500000000001,1.3468499999999999,3310,10,0
2025-05-28 13:00:00+00:00,1.34686,1.34728,1.34494,1.34665,4499,10,0
2025-05-28 14:00:00+00:00,1.34666,1.34889,1.34627,1.34706,5161,10,0
2025-05-28 15:00:00+00:00,1.34704,1.34754,1.34537,1.34593,3834,10,0
2025-05-28 16:00:00+00:00,1.34595,1.34748,1.34589,1.34744,2576,10,0
2025-05-28 17:00:00+00:00,1.34742,1.34794,1.34679,1.34689,2094,10,0
2025-05-28 18:00:00+00:00,1.34693,1.34756,1.34616,1.3469,2231,10,0
2025-05-28 19:00:00+00:00,1.34687,1.34706,1.3462100000000001,1.34637,1884,10,0
2025-05-28 20:00:00+00:00,1.34639,1.3471,1.34639,1.34693,1182,10,0
2025-05-28 21:00:00+00:00,1.34687,1.34693,1.34645,1.34661,461,25,0
2025-05-28 22:00:00+00:00,1.34697,1.34707,1.34653,1.34663,953,10,0
2025-05-28 23:00:00+00:00,1.34667,1.34672,1.34149,1.34284,5281,10,0
2025-05-29 00:00:00+00:00,1.34284,1.3443100000000001,1.34188,1.34284,6524,10,0
2025-05-29 01:00:00+00:00,1.34283,1.34449,1.34183,1.3443800000000001,4513,10,0
2025-05-29 02:00:00+00:00,1.3444099999999999,1.34463,1.34317,1.34332,2934,10,0
2025-05-29 03:00:00+00:00,1.34331,1.34418,1.3428499999999999,1.3436,2383,10,0
2025-05-29 04:00:00+00:00,1.34356,1.34458,1.3431,1.34398,1955,10,0
2025-05-29 05:00:00+00:00,1.34397,1.34418,1.3425799999999999,1.34337,2663,10,0
2025-05-29 06:00:00+00:00,1.34335,1.34571,1.3428,1.34565,4291,10,0
2025-05-29 07:00:00+00:00,1.34567,1.34704,1.34567,1.34644,4551,10,0
2025-05-29 08:00:00+00:00,1.34643,1.34747,1.34539,1.34596,3692,10,0
2025-05-29 09:00:00+00:00,1.34596,1.3477000000000001,1.3458999999999999,1.3468499999999999,2985,10,0
2025-05-29 10:00:00+00:00,1.34684,1.3483399999999999,1.34667,1.34722,3312,10,0
2025-05-29 11:00:00+00:00,1.3472,1.34772,1.34576,1.34606,3247,10,0
2025-05-29 12:00:00+00:00,1.34603,1.35046,1.34601,1.35011,5551,10,0
2025-05-29 13:00:00+00:00,1.35011,1.35067,1.34856,1.34923,5168,10,0
2025-05-29 14:00:00+00:00,1.34923,1.35002,1.34761,1.34823,5171,10,0
2025-05-29 15:00:00+00:00,1.34822,1.34951,1.34791,1.34882,3984,10,0
2025-05-29 16:00:00+00:00,1.34878,1.35047,1.34867,1.34921,3031,10,0
2025-05-29 17:00:00+00:00,1.3492199999999999,1.35043,1.3486500000000001,1.3497,2423,10,0
2025-05-29 18:00:00+00:00,1.34972,1.35042,1.3496000000000001,1.34975,2160,10,0
2025-05-29 19:00:00+00:00,1.34976,1.35001,1.3491900000000001,1.34941,1947,10,0
2025-05-29 20:00:00+00:00,1.34944,1.34965,1.34884,1.34901,1170,10,0
2025-05-29 21:00:00+00:00,1.34903,1.34905,1.34862,1.34878,797,20,0
2025-05-29 22:00:00+00:00,1.34912,1.34991,1.34897,1.34939,1114,10,0
2025-05-29 23:00:00+00:00,1.3494,1.35007,1.34923,1.3498700000000001,1269,10,0
2025-05-30 00:00:00+00:00,1.34985,1.35093,1.3489499999999999,1.34961,3093,10,0
2025-05-30 01:00:00+00:00,1.34961,1.3510499999999999,1.3479700000000001,1.34817,3973,10,0
2025-05-30 02:00:00+00:00,1.34813,1.34863,1.34702,1.34725,2529,10,0
2025-05-30 03:00:00+00:00,1.34724,1.34794,1.34677,1.34704,1882,10,0
2025-05-30 04:00:00+00:00,1.34706,1.34753,1.3469,1.3471,1768,10,0
2025-05-30 05:00:00+00:00,1.3471,1.3483,1.34676,1.34791,2089,10,0
2025-05-30 06:00:00+00:00,1.34791,1.34854,1.34633,1.34775,3267,10,0
2025-05-30 07:00:00+00:00,1.34776,1.3481,1.34545,1.34774,4619,10,0
2025-05-30 08:00:00+00:00,1.3477700000000001,1.34843,1.34643,1.3465799999999999,3633,10,0
2025-05-30 09:00:00+00:00,1.34656,1.34731,1.3462,1.34698,3111,10,0
2025-05-30 10:00:00+00:00,1.34696,1.34816,1.3467799999999999,1.3472,2815,10,0
2025-05-30 11:00:00+00:00,1.3471899999999999,1.3481,1.34664,1.34749,2763,10,0
2025-05-30 12:00:00+00:00,1.34749,1.34992,1.34738,1.34917,5630,10,0
2025-05-30 13:00:00+00:00,1.3491900000000001,1.34938,1.34507,1.34514,4731,10,0
2025-05-30 14:00:00+00:00,1.34516,1.34888,1.34473,1.34822,6309,10,0
2025-05-30 15:00:00+00:00,1.34818,1.3483800000000001,1.3465500000000001,1.3467,4486,10,0
2025-05-30 16:00:00+00:00,1.3467,1.34724,1.34544,1.34601,3209,10,0
2025-05-30 17:00:00+00:00,1.34604,1.34761,1.34604,1.34642,2527,10,0
2025-05-30 18:00:00+00:00,1.34642,1.34733,1.3464,1.3467500000000001,2157,10,0
2025-05-30 19:00:00+00:00,1.34674,1.34762,1.34638,1.34726,2133,10,0
2025-05-30 20:00:00+00:00,1.34728,1.34749,1.34523,1.34523,1731,10,0
2025-06-01 21:00:00+00:00,1.34497,1.34521,1.34408,1.34483,470,165,0
2025-06-01 22:00:00+00:00,1.3454,1.3465799999999999,1.34525,1.34638,1384,10,0
2025-06-01 23:00:00+00:00,1.3464,1.3473,1.34625,1.34681,1527,10,0
2025-06-02 00:00:00+00:00,1.3468200000000001,1.34918,1.34672,1.3488,2489,10,0
2025-06-02 01:00:00+00:00,1.34881,1.35052,1.3485,1.34891,3009,10,0
2025-06-02 02:00:00+00:00,1.34891,1.34961,1.34837,1.34851,2030,10,0
2025-06-02 03:00:00+00:00,1.3485,1.34874,1.34727,1.34825,2052,10,0
2025-06-02 04:00:00+00:00,1.34825,1.3489900000000001,1.34805,1.34878,1565,10,0
2025-06-02 05:00:00+00:00,1.34882,1.3503,1.34872,1.35009,2102,10,0
2025-06-02 06:00:00+00:00,1.3501,1.35336,1.34982,1.35306,3405,10,0
2025-06-02 07:00:00+00:00,1.35309,1.3557000000000001,1.35281,1.3548,4307,10,0
2025-06-02 08:00:00+00:00,1.3548200000000001,1.35522,1.35378,1.35429,3812,10,0
2025-06-02 09:00:00+00:00,1.35428,1.35548,1.35396,1.35405,3565,10,0
2025-06-02 10:00:00+00:00,1.35407,1.35452,1.35297,1.35304,2910,10,0
2025-06-02 11:00:00+00:00,1.35306,1.3542399999999999,1.3526500000000001,1.35351,3050,10,0
2025-06-02 12:00:00+00:00,1.3535,1.35503,1.35311,1.3542,3443,10,0
2025-06-02 13:00:00+00:00,1.35422,1.35435,1.35181,1.35289,4138,10,0
2025-06-02 14:00:00+00:00,1.35285,1.35593,1.35285,1.35523,5380,10,0
2025-06-02 15:00:00+00:00,1.3552,1.35552,1.35434,1.35472,3879,10,0
2025-06-02 16:00:00+00:00,1.35474,1.35484,1.35186,1.35221,3039,10,0
2025-06-02 17:00:00+00:00,1.35219,1.35273,1.35172,1.35209,2303,10,0
2025-06-02 18:00:00+00:00,1.35208,1.35412,1.35167,1.35401,2148,10,0
2025-06-02 19:00:00+00:00,1.35398,1.35477,1.35351,1.35456,1858,10,0
2025-06-02 20:00:00+00:00,1.35457,1.35493,1.35413,1.3541699999999999,899,10,0
2025-06-02 21:00:00+00:00,1.35418,1.35432,1.35341,1.35394,822,25,0
2025-06-02 22:00:00+00:00,1.35423,1.35481,1.35384,1.3548,915,10,0
2025-06-02 23:00:00+00:00,1.3548,1.35592,1.35461,1.3556599999999999,1161,10,0
2025-06-03 00:00:00+00:00,1.35565,1.35574,1.35449,1.35472,2022,10,0
2025-06-03 01:00:00+00:00,1.35469,1.35474,1.35307,1.3533,2788,10,0
2025-06-03 02:00:00+00:00,1.35332,1.35332,1.35186,1.35217,2225,10,0
2025-06-03 03:00:00+00:00,1.35216,1.35252,1.35144,1.35179,1978,10,0
2025-06-03 04:00:00+00:00,1.35179,1.35255,1.35149,1.35236,1610,10,0
2025-06-03 05:00:00+00:00,1.35237,1.35264,1.35113,1.3523800000000001,1999,10,0
2025-06-03 06:00:00+00:00,1.35241,1.35371,1.35147,1.3531900000000001,3128,10,0
2025-06-03 07:00:00+00:00,1.35315,1.3532600000000001,1.35158,1.35194,3766,10,0
2025-06-03 08:00:00+00:00,1.35194,1.35202,1.3504800000000001,1.35149,3069,10,0
2025-06-03 09:00:00+00:00,1.35149,1.35264,1.35083,1.35144,2925,10,0
2025-06-03 10:00:00+00:00,1.35148,1.35195,1.35034,1.35052,2643,10,0
2025-06-03 11:00:00+00:00,1.35056,1.35077,1.34945,1.35029,2911,10,0
2025-06-03 12:00:00+00:00,1.35031,1.3505099999999999,1.34913,1.35031,3117,10,0
2025-06-03 13:00:00+00:00,1.35034,1.35218,1.34998,1.35124,3807,10,0
2025-06-03 14:00:00+00:00,1.35127,1.3533,1.34958,1.35285,5322,10,0
2025-06-03 15:00:00+00:00,1.35283,1.35317,1.35158,1.3519700000000001,3844,10,0
2025-06-03 16:00:00+00:00,1.35199,1.35262,1.35098,1.35181,2741,10,0
2025-06-03 17:00:00+00:00,1.35183,1.35288,1.35159,1.35269,2100,10,0
2025-06-03 18:00:00+00:00,1.3526799999999999,1.35277,1.35179,1.35241,1775,10,0
2025-06-03 19:00:00+00:00,1.35241,1.35256,1.35133,1.35154,1349,10,0
2025-06-03 20:00:00+00:00,1.35153,1.35223,1.35133,1.35159,950,10,0
2025-06-03 21:00:00+00:00,1.35161,1.35174,1.35132,1.3515,656,19,0
2025-06-03 22:00:00+00:00,1.3517299999999999,1.35223,1.35158,1.35206,783,10,0
2025-06-03 23:00:00+00:00,1.35206,1.35311,1.35206,1.35303,1036,10,0
2025-06-04 00:00:00+00:00,1.35304,1.3532899999999999,1.35248,1.3526099999999999,2304,10,0
2025-06-04 01:00:00+00:00,1.3526,1.3544399999999999,1.35149,1.35349,3232,10,0
2025-06-04 02:00:00+00:00,1.35348,1.35382,1.35196,1.35226,1957,10,0
2025-06-04 03:00:00+00:00,1.35226,1.35282,1.35134,1.3516,1815,10,0
2025-06-04 04:00:00+00:00,1.35162,1.35267,1.351,1.35115,2214,10,0
2025-06-04 05:00:00+00:00,1.3511600000000001,1.35159,1.35007,1.35098,2409,10,0
2025-06-04 06:00:00+00:00,1.35094,1.3526500000000001,1.35042,1.35262,3700,10,0
2025-06-04 07:00:00+00:00,1.35259,1.35412,1.35218,1.35279,3286,10,0
2025-06-04 08:00:00+00:00,1.35282,1.35454,1.35236,1.35395,3190,10,0
2025-06-04 09:00:00+00:00,1.35398,1.3542399999999999,1.3529499999999999,1.3535,2789,10,0
2025-06-04 10:00:00+00:00,1.35352,1.35382,1.3519700000000001,1.35236,2803,10,0
2025-06-04 11:00:00+00:00,1.35236,1.35269,1.35127,1.3513600000000001,2258,10,0
2025-06-04 12:00:00+00:00,1.35134,1.35438,1.35114,1.3542399999999999,4589,10,0
2025-06-04 13:00:00+00:00,1.35422,1.3548499999999999,1.3531,1.35375,3771,10,0
2025-06-04 14:00:00+00:00,1.35382,1.35796,1.35382,1.35763,5607,10,0
2025-06-04 15:00:00+00:00,1.3576,1.35772,1.35582,1.35677,3698,10,0
2025-06-04 16:00:00+00:00,1.35678,1.35716,1.35561,1.35707,2972,10,0
2025-06-04 17:00:00+00:00,1.3571,1.35735,1.3559,1.35609,2078,10,0
2025-06-04 18:00:00+00:00,1.35611,1.3566,1.35567,1.3558,1798,10,0
2025-06-04 19:00:00+00:00,1.35579,1.35596,1.35455,1.3546,1481,10,0
2025-06-04 20:00:00+00:00,1.3546,1.35553,1.35447,1.35514,1018,10,0
2025-06-04 21:00:00+00:00,1.3552,1.3553899999999999,1.35433,1.35433,871,22,0
2025-06-04 22:00:00+00:00,1.35494,1.35535,1.35476,1.3550499999999999,704,10,0
2025-06-04 23:00:00+00:00,1.3550900000000001,1.3559700000000001,1.35497,1.3550499999999999,1146,10,0
2025-06-05 00:00:00+00:00,1.35507,1.35593,1.35461,1.3559,2545,10,0
2025-06-05 01:00:00+00:00,1.35593,1.35655,1.35427,1.35468,2846,10,0
2025-06-05 02:00:00+00:00,1.35468,1.35489,1.35401,1.35472,1949,10,0
2025-06-05 03:00:00+00:00,1.35473,1.35609,1.35437,1.35443,2319,10,0
2025-06-05 04:00:00+00:00,1.35445,1.35499,1.35425,1.35469,1814,10,0
2025-06-05 05:00:00+00:00,1.35471,1.35497,1.3542,1.35437,1812,10,0
2025-06-05 06:00:00+00:00,1.3544100000000001,1.35587,1.35437,1.35465,2861,10,0
2025-06-05 07:00:00+00:00,1.35462,1.35738,1.35446,1.35598,3173,10,0
2025-06-05 08:00:00+00:00,1.35599,1.3572600000000001,1.35599,1.3566799999999999,2677,10,0
2025-06-05 09:00:00+00:00,1.35667,1.3572600000000001,1.3559700000000001,1.35643,2793,10,0
2025-06-05 10:00:00+00:00,1.35641,1.35843,1.35637,1.35741,2547,10,0
2025-06-05 11:00:00+00:00,1.35742,1.35782,1.35654,1.35702,2685,10,0
2025-06-05 12:00:00+00:00,1.35699,1.35941,1.35657,1.3578299999999999,6132,10,0
2025-06-05 13:00:00+00:00,1.3578000000000001,1.36161,1.35708,1.36019,7395,10,0
2025-06-05 14:00:00+00:00,1.3602,1.36063,1.35872,1.35915,5955,10,0
2025-06-05 15:00:00+00:00,1.35911,1.35984,1.3575,1.35815,4683,10,0
2025-06-05 16:00:00+00:00,1.35813,1.35873,1.35758,1.3586,3132,10,0
2025-06-05 17:00:00+00:00,1.35863,1.35892,1.3578700000000001,1.35887,2375,10,0
2025-06-05 18:00:00+00:00,1.35884,1.35888,1.35691,1.35791,2340,10,0
2025-06-05 19:00:00+00:00,1.3578999999999999,1.35805,1.3566099999999999,1.35732,2833,10,0
2025-06-05 20:00:00+00:00,1.35732,1.3575599999999999,1.35681,1.35681,1232,10,0
2025-06-05 21:00:00+00:00,1.35678,1.3572199999999999,1.35629,1.35655,633,29,0
2025-06-05 22:00:00+00:00,1.35745,1.35776,1.3572,1.35773,762,10,0
2025-06-05 23:00:00+00:00,1.35777,1.35807,1.35741,1.35785,1031,10,0
2025-06-06 00:00:00+00:00,1.3578299999999999,1.35843,1.35782,1.35785,1940,10,0
2025-06-06 01:00:00+00:00,1.3578299999999999,1.35836,1.35723,1.35739,2127,10,0
2025-06-06 02:00:00+00:00,1.35741,1.35751,1.35651,1.35694,1960,10,0
2025-06-06 03:00:00+00:00,1.3569200000000001,1.3575300000000001,1.3568,1.35717,1471,10,0
2025-06-06 04:00:00+00:00,1.35717,1.35765,1.35707,1.35747,1400,10,0
2025-06-06 05:00:00+00:00,1.35747,1.35747,1.3561,1.3566099999999999,1637,10,0
2025-06-06 06:00:00+00:00,1.35656,1.3567,1.35435,1.35499,2977,10,0
2025-06-06 07:00:00+00:00,1.35501,1.35518,1.35345,1.3545,3708,10,0
2025-06-06 08:00:00+00:00,1.3545,1.3547799999999999,1.35337,1.35373,2742,10,0
2025-06-06 09:00:00+00:00,1.35374,1.35394,1.35289,1.35334,2346,10,0
2025-06-06 10:00:00+00:00,1.35334,1.35518,1.35331,1.35491,2216,10,0
2025-06-06 11:00:00+00:00,1.35492,1.35548,1.3542100000000001,1.3550499999999999,2382,10,0
2025-06-06 12:00:00+00:00,1.35507,1.35625,1.35183,1.35359,7756,10,0
2025-06-06 13:00:00+00:00,1.35354,1.35439,1.35071,1.3520699999999999,6719,10,0
2025-06-06 14:00:00+00:00,1.35211,1.35477,1.35159,1.35259,5809,10,0
2025-06-06 15:00:00+00:00,1.3525800000000001,1.35345,1.35164,1.35307,4370,10,0
2025-06-06 16:00:00+00:00,1.35308,1.3535599999999999,1.35174,1.35189,3110,10,0
2025-06-06 17:00:00+00:00,1.35191,1.35282,1.35153,1.35257,2473,10,0
2025-06-06 18:00:00+00:00,1.35257,1.3533,1.3525,1.35291,2325,10,0
2025-06-06 19:00:00+00:00,1.3529200000000001,1.35341,1.35264,1.35313,1740,10,0
2025-06-06 20:00:00+00:00,1.35315,1.35321,1.35232,1.35255,970,10,0
2025-06-08 21:00:00+00:00,1.35118,1.35222,1.35118,1.35205,460,104,0
2025-06-08 22:00:00+00:00,1.35294,1.35357,1.35284,1.3535300000000001,934,10,0
2025-06-08 23:00:00+00:00,1.35355,1.35394,1.35331,1.35368,1017,10,0
2025-06-09 00:00:00+00:00,1.35369,1.3538700000000001,1.35274,1.35305,1734,10,0
2025-06-09 01:00:00+00:00,1.35308,1.35542,1.35308,1.35523,2316,10,0
2025-06-09 02:00:00+00:00,1.35524,1.35651,1.3551,1.3556,2156,10,0
2025-06-09 03:00:00+00:00,1.35558,1.35609,1.3551199999999999,1.35513,1527,10,0
2025-06-09 04:00:00+00:00,1.3551199999999999,1.35547,1.35492,1.35538,1338,10,0
2025-06-09 05:00:00+00:00,1.35538,1.35586,1.35484,1.35568,1450,10,0
2025-06-09 06:00:00+00:00,1.35569,1.35716,1.35532,1.35681,2484,10,0
2025-06-09 07:00:00+00:00,1.35678,1.3569200000000001,1.35582,1.35642,2722,10,0
2025-06-09 08:00:00+00:00,1.35644,1.35778,1.3563,1.35725,2785,10,0
2025-06-09 09:00:00+00:00,1.35724,1.35809,1.35704,1.35713,2298,10,0
2025-06-09 10:00:00+00:00,1.35713,1.35754,1.35575,1.35585,2000,10,0
2025-06-09 11:00:00+00:00,1.35587,1.35637,1.3554300000000001,1.35611,2628,10,0
2025-06-09 12:00:00+00:00,1.35614,1.3562,1.35332,1.35359,3368,10,0
2025-06-09 13:00:00+00:00,1.3535599999999999,1.35407,1.35242,1.35354,3668,10,0
2025-06-09 14:00:00+00:00,1.3535300000000001,1.35486,1.35277,1.35445,3630,10,0
2025-06-09 15:00:00+00:00,1.35446,1.3564,1.35433,1.35617,2831,10,0
2025-06-09 16:00:00+00:00,1.35617,1.35625,1.35533,1.35579,2122,10,0
2025-06-09 17:00:00+00:00,1.35583,1.35616,1.35511,1.35578,1822,10,0
2025-06-09 18:00:00+00:00,1.35576,1.35656,1.35556,1.35622,1690,10,0
2025-06-09 19:00:00+00:00,1.35623,1.35655,1.35569,1.35574,1423,10,0
2025-06-09 20:00:00+00:00,1.35572,1.35575,1.35481,1.35484,843,10,0
2025-06-09 21:00:00+00:00,1.3548200000000001,1.35504,1.35435,1.3544100000000001,1157,32,0
2025-06-09 22:00:00+00:00,1.35484,1.3553600000000001,1.35467,1.35525,675,10,0
2025-06-09 23:00:00+00:00,1.35526,1.35571,1.35494,1.3553899999999999,697,10,0
2025-06-10 00:00:00+00:00,1.3554,1.35638,1.3551199999999999,1.3554300000000001,2054,10,0
2025-06-10 01:00:00+00:00,1.3554599999999999,1.35601,1.35269,1.353,2827,10,0
2025-06-10 02:00:00+00:00,1.35298,1.35398,1.35189,1.35374,3059,10,0
2025-06-10 03:00:00+00:00,1.35373,1.35435,1.35314,1.35428,2128,10,0
2025-06-10 04:00:00+00:00,1.35429,1.3544,1.35316,1.35375,1718,10,0
2025-06-10 05:00:00+00:00,1.35376,1.35456,1.35346,1.35404,3240,10,0
2025-06-10 06:00:00+00:00,1.35401,1.35401,1.34817,1.34817,5004,10,0
2025-06-10 07:00:00+00:00,1.34815,1.34856,1.34559,1.34721,5221,10,0
2025-06-10 08:00:00+00:00,1.34721,1.34967,1.3471899999999999,1.34875,3690,10,0
2025-06-10 09:00:00+00:00,1.34874,1.34949,1.34792,1.34916,3058,10,0
2025-06-10 10:00:00+00:00,1.34918,1.35068,1.34884,1.35057,2842,10,0
2025-06-10 11:00:00+00:00,1.35057,1.35083,1.34932,1.35047,3216,10,0
2025-06-10 12:00:00+00:00,1.35047,1.35124,1.34976,1.35067,3430,10,0
2025-06-10 13:00:00+00:00,1.35064,1.35338,1.3504399999999999,1.3532600000000001,4344,10,0
2025-06-10 14:00:00+00:00,1.3532199999999999,1.35364,1.35133,1.35142,3612,10,0
2025-06-10 15:00:00+00:00,1.35142,1.35164,1.35047,1.3507,3323,10,0
2025-06-10 16:00:00+00:00,1.35071,1.35093,1.34974,1.34984,2133,10,0
2025-06-10 17:00:00+00:00,1.34982,1.3504800000000001,1.34946,1.34998,1943,10,0
2025-06-10 18:00:00+00:00,1.34998,1.34998,1.34896,1.34939,1969,10,0
2025-06-10 19:00:00+00:00,1.34936,1.3507799999999999,1.34909,1.35019,1835,10,0
2025-06-10 20:00:00+00:00,1.35018,1.35033,1.34945,1.34957,1067,10,0
2025-06-10 21:00:00+00:00,1.3495599999999999,1.34998,1.34879,1.34948,1140,23,0
2025-06-10 22:00:00+00:00,1.35018,1.35034,1.34938,1.35025,984,10,0
2025-06-10 23:00:00+00:00,1.3502100000000001,1.35097,1.3495599999999999,1.3507,1888,10,0
2025-06-11 00:00:00+00:00,1.3507,1.35094,1.34908,1.34918,3067,10,0
2025-06-11 01:00:00+00:00,1.34917,1.34955,1.34747,1.34763,2367,10,0
2025-06-11 02:00:00+00:00,1.34761,1.34827,1.34742,1.34798,1832,10,0
2025-06-11 03:00:00+00:00,1.34795,1.34837,1.34749,1.34821,1512,10,0
2025-06-11 04:00:00+00:00,1.34821,1.34859,1.34766,1.34822,1545,10,0
2025-06-11 05:00:00+00:00,1.34822,1.34911,1.34802,1.34898,1624,10,0
2025-06-11 06:00:00+00:00,1.34898,1.34909,1.34654,1.34669,2772,10,0
2025-06-11 07:00:00+00:00,1.34672,1.34887,1.34635,1.34827,3196,10,0
2025-06-11 08:00:00+00:00,1.3483,1.34959,1.34794,1.34941,2896,10,0
2025-06-11 09:00:00+00:00,1.34942,1.35052,1.3489499999999999,1.34968,2890,10,0
2025-06-11 10:00:00+00:00,1.34971,1.35028,1.3493,1.34959,2396,10,0
2025-06-11 11:00:00+00:00,1.34958,1.3497,1.34845,1.34943,2588,10,0
2025-06-11 12:00:00+00:00,1.34947,1.35494,1.3488,1.35187,6022,8,0
2025-06-11 13:00:00+00:00,1.35186,1.3529900000000001,1.35012,1.35175,5449,10,0
2025-06-11 14:00:00+00:00,1.3518,1.35445,1.35157,1.35382,4398,10,0
2025-06-11 15:00:00+00:00,1.35381,1.35575,1.35325,1.3554300000000001,3857,10,0
2025-06-11 16:00:00+00:00,1.35544,1.3557000000000001,1.35409,1.3549,2726,10,0
2025-06-11 17:00:00+00:00,1.35488,1.35643,1.35464,1.35622,2298,10,0
2025-06-11 18:00:00+00:00,1.35621,1.35672,1.3547,1.3547,3231,10,0
2025-06-11 19:00:00+00:00,1.35469,1.35479,1.35357,1.35381,2153,10,0
2025-06-11 20:00:00+00:00,1.35378,1.3547799999999999,1.35375,1.35434,1312,10,0
2025-06-11 21:00:00+00:00,1.35427,1.35459,1.35381,1.35381,711,22,0
2025-06-11 22:00:00+00:00,1.35476,1.3569,1.35454,1.35656,1222,10,0
2025-06-11 23:00:00+00:00,1.35656,1.35724,1.35619,1.35673,1638,10,0
2025-06-12 00:00:00+00:00,1.35676,1.35881,1.35617,1.35829,3215,10,0
2025-06-12 01:00:00+00:00,1.35828,1.35931,1.3578700000000001,1.35826,3211,10,0
2025-06-12 02:00:00+00:00,1.35827,1.35831,1.3566500000000001,1.35728,2443,10,0
2025-06-12 03:00:00+00:00,1.35728,1.3585099999999999,1.3571900000000001,1.35829,1909,10,0
2025-06-12 04:00:00+00:00,1.35828,1.35857,1.35763,1.35818,1601,10,0
2025-06-12 05:00:00+00:00,1.35815,1.35896,1.35773,1.35883,2010,10,0
2025-06-12 06:00:00+00:00,1.35881,1.35881,1.35557,1.35642,4141,10,0
2025-06-12 07:00:00+00:00,1.35641,1.35641,1.35221,1.35426,4705,10,0
2025-06-12 08:00:00+00:00,1.35429,1.3567,1.35374,1.3565800000000001,4405,10,0
2025-06-12 09:00:00+00:00,1.35657,1.35863,1.35596,1.35772,4007,10,0
2025-06-12 10:00:00+00:00,1.35771,1.35978,1.35707,1.35889,5029,10,0
2025-06-12 11:00:00+00:00,1.35888,1.35991,1.35788,1.35917,4017,10,0
2025-06-12 12:00:00+00:00,1.3592,1.36192,1.35794,1.36098,5562,10,0
2025-06-12 13:00:00+00:00,1.36097,1.36233,1.3587099999999999,1.35951,5247,10,0
2025-06-12 14:00:00+00:00,1.35953,1.36072,1.35928,1.35938,4670,10,0
2025-06-12 15:00:00+00:00,1.3593600000000001,1.3596300000000001,1.35819,1.35857,4212,10,0
2025-06-12 16:00:00+00:00,1.35859,1.35915,1.35816,1.35911,3087,10,0
2025-06-12 17:00:00+00:00,1.3590900000000001,1.35954,1.35836,1.35901,2434,10,0
2025-06-12 18:00:00+00:00,1.359,1.35968,1.35857,1.3596,1775,10,0
2025-06-12 19:00:00+00:00,1.3596,1.36041,1.3593,1.36021,1479,10,0
2025-06-12 20:00:00+00:00,1.36021,1.36152,1.3600400000000001,1.36108,1187,10,0
2025-06-12 21:00:00+00:00,1.36111,1.36145,1.3606099999999999,1.36086,665,20,0
2025-06-12 22:00:00+00:00,1.36164,1.36211,1.36121,1.36166,1081,10,0
2025-06-12 23:00:00+00:00,1.36167,1.36301,1.36123,1.36282,1388,10,0
2025-06-13 00:00:00+00:00,1.3628,1.36323,1.35588,1.35697,8553,10,0
2025-06-13 01:00:00+00:00,1.3569499999999999,1.35714,1.35506,1.35651,5208,10,0
2025-06-13 02:00:00+00:00,1.35651,1.35686,1.35513,1.3556599999999999,3795,10,0
2025-06-13 03:00:00+00:00,1.3556599999999999,1.35579,1.35402,1.35522,3479,10,0
2025-06-13 04:00:00+00:00,1.35523,1.35532,1.3529499999999999,1.3534,2662,10,0
2025-06-13 05:00:00+00:00,1.35339,1.35455,1.35272,1.3538700000000001,3439,10,0
2025-06-13 06:00:00+00:00,1.3538999999999999,1.35531,1.35209,1.35374,5103,10,0
2025-06-13 07:00:00+00:00,1.35375,1.357,1.35358,1.35585,4898,10,0
2025-06-13 08:00:00+00:00,1.35585,1.35689,1.35508,1.3559,3723,10,0
2025-06-13 09:00:00+00:00,1.35587,1.35625,1.3541,1.35438,3927,10,0
2025-06-13 10:00:00+00:00,1.35438,1.35527,1.35228,1.35337,4556,10,0
2025-06-13 11:00:00+00:00,1.35342,1.3547500000000001,1.35229,1.35388,4110,10,0
2025-06-13 12:00:00+00:00,1.35388,1.35418,1.35236,1.35341,3792,10,0
2025-06-13 13:00:00+00:00,1.3534,1.35423,1.35158,1.35405,4143,10,0
2025-06-13 14:00:00+00:00,1.35405,1.35757,1.35385,1.35745,4480,10,0
2025-06-13 15:00:00+00:00,1.35746,1.36025,1.35727,1.35918,4207,10,0
2025-06-13 16:00:00+00:00,1.35915,1.36006,1.35898,1.35941,2793,10,0
2025-06-13 17:00:00+00:00,1.35941,1.35942,1.3573,1.35828,2775,10,0
2025-06-13 18:00:00+00:00,1.35828,1.35858,1.35592,1.35622,3240,10,0
2025-06-13 19:00:00+00:00,1.35621,1.35711,1.35582,1.357,2452,10,0
2025-06-13 20:00:00+00:00,1.35697,1.35751,1.35591,1.3574,2780,10,0
2025-06-15 21:00:00+00:00,1.35557,1.35593,1.35366,1.35369,779,122,0
2025-06-15 22:00:00+00:00,1.35469,1.35611,1.35388,1.3556,2389,10,0
2025-06-15 23:00:00+00:00,1.3556300000000001,1.35576,1.35411,1.3548499999999999,2502,10,0
2025-06-16 00:00:00+00:00,1.3548499999999999,1.35554,1.35432,1.35495,2857,10,0
2025-06-16 01:00:00+00:00,1.35492,1.3558,1.35447,1.3547,2918,10,0
2025-06-16 02:00:00+00:00,1.35473,1.35529,1.35415,1.35427,2261,10,0
2025-06-16 03:00:00+00:00,1.35427,1.35471,1.35343,1.3536000000000001,2122,10,0
2025-06-16 04:00:00+00:00,1.3536000000000001,1.3547799999999999,1.35358,1.35465,1853,10,0
2025-06-16 05:00:00+00:00,1.35466,1.35739,1.35466,1.35705,2676,10,0
2025-06-16 06:00:00+00:00,1.35708,1.3590200000000001,1.35576,1.35853,4059,10,0
2025-06-16 07:00:00+00:00,1.35852,1.35924,1.35779,1.35838,4161,10,0
2025-06-16 08:00:00+00:00,1.3584,1.3589,1.35762,1.35786,3301,10,0
2025-06-16 09:00:00+00:00,1.35786,1.35904,1.35771,1.3585,2787,10,0
2025-06-16 10:00:00+00:00,1.3585099999999999,1.3587799999999999,1.35751,1.35802,2698,10,0
2025-06-16 11:00:00+00:00,1.358,1.35907,1.35762,1.35772,2660,10,0
2025-06-16 12:00:00+00:00,1.35772,1.3584100000000001,1.35735,1.35822,3357,10,0
2025-06-16 13:00:00+00:00,1.35825,1.36144,1.35822,1.36111,4440,10,0
2025-06-16 14:00:00+00:00,1.36113,1.36219,1.35942,1.35956,5117,10,0
2025-06-16 15:00:00+00:00,1.35958,1.35995,1.35887,1.35969,3772,10,0
2025-06-16 16:00:00+00:00,1.35971,1.3608500000000001,1.35952,1.3608,2620,10,0
2025-06-16 17:00:00+00:00,1.36082,1.36105,1.35915,1.35959,2291,10,0
2025-06-16 18:00:00+00:00,1.35958,1.35999,1.3593600000000001,1.35959,2270,10,0
2025-06-16 19:00:00+00:00,1.35958,1.35959,1.35733,1.3574,2271,10,0
2025-06-16 20:00:00+00:00,1.35736,1.35829,1.3572,1.3575,1220,10,0
2025-06-16 21:00:00+00:00,1.35747,1.35766,1.3566799999999999,1.3566799999999999,840,22,0
2025-06-16 22:00:00+00:00,1.35746,1.3578700000000001,1.3568,1.35734,2282,10,0
2025-06-16 23:00:00+00:00,1.35734,1.35792,1.35629,1.35679,1654,10,0
2025-06-17 00:00:00+00:00,1.3568,1.35683,1.3557000000000001,1.3566799999999999,2851,10,0
2025-06-17 01:00:00+00:00,1.3567,1.35751,1.35654,1.35677,2204,10,0
2025-06-17 02:00:00+00:00,1.35678,1.35712,1.35582,1.35696,2279,10,0
2025-06-17 03:00:00+00:00,1.35699,1.35758,1.3566500000000001,1.35736,2299,10,0
2025-06-17 04:00:00+00:00,1.35735,1.35792,1.35708,1.35727,1874,10,0
2025-06-17 05:00:00+00:00,1.35727,1.35786,1.35647,1.35683,2335,10,0
2025-06-17 06:00:00+00:00,1.3568,1.35771,1.35595,1.35618,3215,10,0
2025-06-17 07:00:00+00:00,1.35621,1.35731,1.3553,1.3565,3653,10,0
2025-06-17 08:00:00+00:00,1.35651,1.35666,1.3547799999999999,1.3547799999999999,2957,10,0
2025-06-17 09:00:00+00:00,1.35476,1.35582,1.35411,1.35439,3224,10,0
2025-06-17 10:00:00+00:00,1.35439,1.35629,1.35425,1.3558,2768,10,0
2025-06-17 11:00:00+00:00,1.35578,1.3571,1.3555,1.35614,2652,10,0
2025-06-17 12:00:00+00:00,1.35612,1.35731,1.35466,1.35477,4347,10,0
2025-06-17 13:00:00+00:00,1.3547799999999999,1.35647,1.35429,1.35432,3886,10,0
2025-06-17 14:00:00+00:00,1.35431,1.35452,1.34954,1.35115,5414,10,0
2025-06-17 15:00:00+00:00,1.3511199999999999,1.35182,1.34972,1.35138,4077,10,0
2025-06-17 16:00:00+00:00,1.3513899999999999,1.3516599999999999,1.3466,1.34714,3699,10,0
2025-06-17 17:00:00+00:00,1.34714,1.34745,1.34333,1.34444,4854,10,0
2025-06-17 18:00:00+00:00,1.34445,1.34476,1.3427,1.34277,3930,10,0
2025-06-17 19:00:00+00:00,1.34277,1.34368,1.34223,1.3426,2936,10,0
2025-06-17 20:00:00+00:00,1.3426,1.34313,1.34149,1.3427799999999999,2170,10,0
2025-06-17 21:00:00+00:00,1.3428,1.3430900000000001,1.34125,1.3413599999999999,843,29,0
2025-06-17 22:00:00+00:00,1.34253,1.3433,1.3419400000000001,1.34236,1436,10,0
2025-06-17 23:00:00+00:00,1.34239,1.3431199999999999,1.34226,1.34287,1324,10,0
2025-06-18 00:00:00+00:00,1.34284,1.3437999999999999,1.3427799999999999,1.34307,3195,10,0
2025-06-18 01:00:00+00:00,1.34305,1.34397,1.34264,1.34371,2588,10,0
2025-06-18 02:00:00+00:00,1.34368,1.34387,1.34294,1.34358,2134,10,0
2025-06-18 03:00:00+00:00,1.34354,1.3446,1.34335,1.3437999999999999,1937,10,0
2025-06-18 04:00:00+00:00,1.3437999999999999,1.34469,1.34349,1.3443,1679,10,0
2025-06-18 05:00:00+00:00,1.34428,1.34489,1.34374,1.3445,1975,10,0
2025-06-18 06:00:00+00:00,1.34449,1.3466,1.3440400000000001,1.34626,3950,10,0
2025-06-18 07:00:00+00:00,1.3462399999999999,1.34761,1.34539,1.34585,3569,10,0
2025-06-18 08:00:00+00:00,1.34583,1.34657,1.34481,1.34528,3128,10,0
2025-06-18 09:00:00+00:00,1.34525,1.34679,1.34491,1.34633,2853,10,0
2025-06-18 10:00:00+00:00,1.34633,1.3468200000000001,1.34391,1.3441,2729,10,0
2025-06-18 11:00:00+00:00,1.34409,1.34548,1.34374,1.34509,2812,10,0
2025-06-18 12:00:00+00:00,1.3451,1.34636,1.3443,1.3446799999999999,3209,10,0
2025-06-18 13:00:00+00:00,1.34466,1.34551,1.34347,1.34408,4072,10,0
2025-06-18 14:00:00+00:00,1.3440699999999999,1.34726,1.3437299999999999,1.34518,7098,10,0
2025-06-18 15:00:00+00:00,1.34516,1.34729,1.34488,1.34683,3667,10,0
2025-06-18 16:00:00+00:00,1.34687,1.3475,1.3455599999999999,1.34565,2696,10,0
2025-06-18 17:00:00+00:00,1.34566,1.3461699999999999,1.34334,1.34435,2287,10,0
2025-06-18 18:00:00+00:00,1.3443,1.34762,1.3410199999999999,1.34147,10998,10,0
2025-06-18 19:00:00+00:00,1.34149,1.34257,1.33997,1.34091,6720,10,0
2025-06-18 20:00:00+00:00,1.34089,1.34228,1.3407200000000001,1.3419400000000001,1820,10,0
2025-06-18 21:00:00+00:00,1.3419699999999999,1.34199,1.34051,1.3409,1214,25,0
2025-06-18 22:00:00+00:00,1.34215,1.34268,1.34158,1.34208,1204,10,0
2025-06-18 23:00:00+00:00,1.34211,1.34231,1.34105,1.34139,1710,10,0
2025-06-19 00:00:00+00:00,1.34135,1.34173,1.34074,1.34149,2643,10,0
2025-06-19 01:00:00+00:00,1.34148,1.3415599999999999,1.33932,1.33941,3698,10,0
2025-06-19 02:00:00+00:00,1.33941,1.34003,1.33868,1.33958,2406,10,0
2025-06-19 03:00:00+00:00,1.33961,1.3409499999999999,1.3395000000000001,1.3407,1930,10,0
2025-06-19 04:00:00+00:00,1.3407,1.34112,1.34036,1.34105,1468,10,0
2025-06-19 05:00:00+00:00,1.34104,1.34109,1.33895,1.33948,2211,10,0
2025-06-19 06:00:00+00:00,1.33945,1.3407499999999999,1.33823,1.34061,3374,10,0
2025-06-19 07:00:00+00:00,1.34058,1.34171,1.34008,1.34021,3679,10,0
2025-06-19 08:00:00+00:00,1.34021,1.34277,1.3397299999999999,1.34264,3724,10,0
2025-06-19 09:00:00+00:00,1.34267,1.34338,1.34167,1.34206,3204,10,0
2025-06-19 10:00:00+00:00,1.34208,1.34396,1.34196,1.3424800000000001,3412,10,0
2025-06-19 11:00:00+00:00,1.34243,1.34489,1.3403800000000001,1.34467,5029,10,0
2025-06-19 12:00:00+00:00,1.34467,1.34483,1.34236,1.3440699999999999,3818,10,0
2025-06-19 13:00:00+00:00,1.34405,1.34451,1.34209,1.34355,3695,10,0
2025-06-19 14:00:00+00:00,1.34353,1.3445,1.34167,1.34261,3573,10,0
2025-06-19 15:00:00+00:00,1.34262,1.34335,1.3422399999999999,1.34291,2629,10,0
2025-06-19 16:00:00+00:00,1.34289,1.34295,1.34216,1.3424800000000001,1692,10,0
2025-06-19 17:00:00+00:00,1.34247,1.34585,1.34239,1.3453300000000001,1714,10,0
2025-06-19 18:00:00+00:00,1.3453300000000001,1.346,1.34515,1.34578,1367,10,0
2025-06-19 19:00:00+00:00,1.34578,1.34694,1.34565,1.3468200000000001,1289,10,0
2025-06-19 20:00:00+00:00,1.34681,1.34697,1.34636,1.3465500000000001,790,10,0
2025-06-19 21:00:00+00:00,1.3465799999999999,1.3465799999999999,1.34478,1.34599,882,29,0
2025-06-19 22:00:00+00:00,1.3463,1.3471899999999999,1.34615,1.34666,1321,10,0
2025-06-19 23:00:00+00:00,1.34666,1.34796,1.34656,1.34757,1448,10,0
2025-06-20 00:00:00+00:00,1.34755,1.3489900000000001,1.34755,1.34874,2697,10,0
2025-06-20 01:00:00+00:00,1.34871,1.34897,1.34787,1.34788,2521,10,0
2025-06-20 02:00:00+00:00,1.34788,1.34887,1.34762,1.34859,1996,10,0
2025-06-20 03:00:00+00:00,1.34859,1.34991,1.34843,1.34968,2046,10,0
2025-06-20 04:00:00+00:00,1.34965,1.34996,1.34931,1.34947,1482,10,0
2025-06-20 05:00:00+00:00,1.34947,1.35004,1.34905,1.3496299999999999,1944,10,0
2025-06-20 06:00:00+00:00,1.34958,1.34958,1.34657,1.3467,3573,10,0
2025-06-20 07:00:00+00:00,1.34669,1.34809,1.34619,1.34761,3291,10,0
2025-06-20 08:00:00+00:00,1.3476,1.3497,1.34706,1.34907,3293,10,0
2025-06-20 09:00:00+00:00,1.34904,1.3496000000000001,1.3487,1.34938,2578,10,0
2025-06-20 10:00:00+00:00,1.34938,1.34975,1.3488,1.34948,2261,10,0
2025-06-20 11:00:00+00:00,1.34947,1.35002,1.34859,1.34975,2912,10,0
2025-06-20 12:00:00+00:00,1.34972,1.3510900000000001,1.34849,1.3501,4512,10,0
2025-06-20 13:00:00+00:00,1.35012,1.35056,1.34847,1.34872,4171,10,0
2025-06-20 14:00:00+00:00,1.3487,1.34906,1.3452899999999999,1.3464800000000001,4507,10,0
2025-06-20 15:00:00+00:00,1.34643,1.34802,1.34579,1.3464,4234,10,0
2025-06-20 16:00:00+00:00,1.3464,1.34796,1.3462100000000001,1.34703,3135,10,0
2025-06-20 17:00:00+00:00,1.34701,1.34764,1.34636,1.34676,2541,10,0
2025-06-20 18:00:00+00:00,1.34676,1.34722,1.34626,1.34646,1922,10,0
2025-06-20 19:00:00+00:00,1.34649,1.34662,1.34451,1.34456,1914,10,0
2025-06-20 20:00:00+00:00,1.34457,1.34527,1.34408,1.3449499999999999,1769,10,0
2025-06-22 21:00:00+00:00,1.33905,1.34057,1.33857,1.34057,390,53,0
2025-06-22 22:00:00+00:00,1.34074,1.3431600000000001,1.34036,1.34275,3206,10,0
2025-06-22 23:00:00+00:00,1.34279,1.34412,1.34237,1.34342,2276,10,0
2025-06-23 00:00:00+00:00,1.3434300000000001,1.34381,1.34111,1.34215,3127,10,0
2025-06-23 01:00:00+00:00,1.3421699999999999,1.34249,1.34028,1.34216,3028,10,0
2025-06-23 02:00:00+00:00,1.34218,1.34378,1.34218,1.3425099999999999,2666,10,0
2025-06-23 03:00:00+00:00,1.34254,1.34299,1.34155,1.3417,2587,10,0
2025-06-23 04:00:00+00:00,1.34169,1.3422,1.34052,1.3409,2394,10,0
2025-06-23 05:00:00+00:00,1.34089,1.34308,1.34089,1.34308,2891,10,0
2025-06-23 06:00:00+00:00,1.3431,1.34415,1.34254,1.34371,3914,10,0
2025-06-23 07:00:00+00:00,1.34372,1.34483,1.34327,1.34391,4316,10,0
2025-06-23 08:00:00+00:00,1.34387,1.34458,1.34132,1.34143,3506,10,0
2025-06-23 09:00:00+00:00,1.34142,1.34169,1.337,1.33838,4907,10,0
2025-06-23 10:00:00+00:00,1.33837,1.33933,1.33746,1.3379400000000001,3745,10,0
2025-06-23 11:00:00+00:00,1.33796,1.33952,1.33713,1.33937,3731,10,0
2025-06-23 12:00:00+00:00,1.33937,1.33975,1.33734,1.33911,4200,10,0
2025-06-23 13:00:00+00:00,1.3391,1.34298,1.33866,1.34243,4945,10,0
2025-06-23 14:00:00+00:00,1.34246,1.34944,1.34246,1.34873,7070,10,0
2025-06-23 15:00:00+00:00,1.34874,1.35054,1.34862,1.3489200000000001,4596,10,0
2025-06-23 16:00:00+00:00,1.34894,1.35059,1.347,1.34915,4867,10,0
2025-06-23 17:00:00+00:00,1.34917,1.35228,1.34894,1.35205,4378,10,0
2025-06-23 18:00:00+00:00,1.3519999999999999,1.35309,1.35158,1.35203,3376,10,0
2025-06-23 19:00:00+00:00,1.35205,1.35285,1.35189,1.35266,2459,10,0
2025-06-23 20:00:00+00:00,1.35269,1.3529900000000001,1.35219,1.35223,1388,10,0
2025-06-23 21:00:00+00:00,1.35227,1.35227,1.35148,1.35148,953,38,0
2025-06-23 22:00:00+00:00,1.35228,1.3547,1.3520400000000001,1.35381,2137,10,0
2025-06-23 23:00:00+00:00,1.3538299999999999,1.3554599999999999,1.35306,1.35447,2638,10,0
2025-06-24 00:00:00+00:00,1.35449,1.35526,1.35375,1.35481,3676,10,0
2025-06-24 01:00:00+00:00,1.3548,1.35562,1.35385,1.35397,3101,10,0
2025-06-24 02:00:00+00:00,1.35396,1.35553,1.3535,1.35537,2429,10,0
2025-06-24 03:00:00+00:00,1.35537,1.35663,1.35537,1.35633,1686,10,0
2025-06-24 04:00:00+00:00,1.35635,1.35724,1.35574,1.35645,1876,10,0
2025-06-24 05:00:00+00:00,1.35644,1.35704,1.3559,1.3568500000000001,2394,10,0
2025-06-24 06:00:00+00:00,1.35691,1.35942,1.35655,1.3581400000000001,4793,10,0
2025-06-24 07:00:00+00:00,1.35812,1.3587,1.35608,1.3578999999999999,5507,10,0
2025-06-24 08:00:00+00:00,1.35788,1.36028,1.35782,1.35998,3621,10,0
2025-06-24 09:00:00+00:00,1.35994,1.36173,1.35994,1.36086,3208,10,0
2025-06-24 10:00:00+00:00,1.36084,1.3613,1.36035,1.36078,2338,10,0
2025-06-24 11:00:00+00:00,1.36076,1.36263,1.36074,1.36128,2951,10,0
2025-06-24 12:00:00+00:00,1.3612600000000001,1.36143,1.35944,1.36007,3017,10,0
2025-06-24 13:00:00+00:00,1.36007,1.3606099999999999,1.3590499999999999,1.35989,4226,10,0
2025-06-24 14:00:00+00:00,1.3599,1.36482,1.3597000000000001,1.3621400000000001,6302,10,0
2025-06-24 15:00:00+00:00,1.36213,1.3634,1.3611900000000001,1.3614,4150,10,0
2025-06-24 16:00:00+00:00,1.36136,1.36266,1.36099,1.3625099999999999,2707,10,0
2025-06-24 17:00:00+00:00,1.3625099999999999,1.36387,1.36226,1.36347,2239,10,0
2025-06-24 18:00:00+00:00,1.36348,1.36376,1.36254,1.36306,2125,10,0
2025-06-24 19:00:00+00:00,1.3631,1.36322,1.36185,1.36198,1727,10,0
2025-06-24 20:00:00+00:00,1.36197,1.3624100000000001,1.36125,1.36142,1328,10,0
2025-06-24 21:00:00+00:00,1.36131,1.36142,1.3603100000000001,1.36047,894,12,0
2025-06-24 22:00:00+00:00,1.36114,1.36147,1.36105,1.36131,752,10,0
2025-06-24 23:00:00+00:00,1.36131,1.3618700000000001,1.36125,1.36148,1073,10,0
2025-06-25 00:00:00+00:00,1.36148,1.36194,1.36128,1.36166,2345,10,0
2025-06-25 01:00:00+00:00,1.36168,1.36286,1.36139,1.3627799999999999,2690,10,0
2025-06-25 02:00:00+00:00,1.36279,1.36281,1.3618000000000001,1.36185,2260,10,0
2025-06-25 03:00:00+00:00,1.3618700000000001,1.36211,1.3611,1.3612199999999999,1861,10,0
2025-06-25 04:00:00+00:00,1.36117,1.36161,1.36106,1.36159,1563,10,0
2025-06-25 05:00:00+00:00,1.36159,1.36242,1.36137,1.36226,1746,10,0
2025-06-25 06:00:00+00:00,1.3623,1.36301,1.36159,1.3625099999999999,2601,10,0
2025-06-25 07:00:00+00:00,1.3625099999999999,1.36333,1.36059,1.36135,3661,10,0
2025-06-25 08:00:00+00:00,1.36139,1.36242,1.36099,1.3620999999999999,3034,10,0
2025-06-25 09:00:00+00:00,1.3620700000000001,1.36216,1.36028,1.3612600000000001,3048,10,0
2025-06-25 10:00:00+00:00,1.36123,1.36138,1.36012,1.36052,2423,10,0
2025-06-25 11:00:00+00:00,1.36049,1.36173,1.36032,1.3606500000000001,2814,10,0
2025-06-25 12:00:00+00:00,1.36063,1.3607,1.359,1.3596300000000001,3153,10,0
2025-06-25 13:00:00+00:00,1.35964,1.36174,1.35933,1.36086,3189,10,0
2025-06-25 14:00:00+00:00,1.36082,1.36272,1.36068,1.36236,4108,10,0
2025-06-25 15:00:00+00:00,1.3624,1.36267,1.36164,1.36243,3040,10,0
2025-06-25 16:00:00+00:00,1.36242,1.3643100000000001,1.36242,1.36398,2569,10,0
2025-06-25 17:00:00+00:00,1.36401,1.36504,1.36359,1.36494,2384,10,0
2025-06-25 18:00:00+00:00,1.36496,1.36626,1.36459,1.36624,2056,10,0
2025-06-25 19:00:00+00:00,1.36626,1.36711,1.36612,1.3665,2127,10,0
2025-06-25 20:00:00+00:00,1.36652,1.36683,1.366,1.36635,1409,10,0
2025-06-25 21:00:00+00:00,1.3663,1.3663,1.36502,1.36565,846,19,0
2025-06-25 22:00:00+00:00,1.36595,1.36662,1.36544,1.36658,828,10,0
2025-06-25 23:00:00+00:00,1.36658,1.3691499999999999,1.36658,1.3689200000000001,1897,10,0
2025-06-26 00:00:00+00:00,1.36891,1.3695300000000001,1.3687,1.36891,2000,10,0
2025-06-26 01:00:00+00:00,1.36891,1.36947,1.36767,1.36913,2283,10,0
2025-06-26 02:00:00+00:00,1.36914,1.37084,1.36887,1.37063,2177,10,0
2025-06-26 03:00:00+00:00,1.37063,1.37248,1.37051,1.37104,3082,10,0
2025-06-26 04:00:00+00:00,1.37103,1.3711,1.36978,1.37003,1958,10,0
2025-06-26 05:00:00+00:00,1.37002,1.37111,1.36962,1.37083,2048,10,0
2025-06-26 06:00:00+00:00,1.37087,1.37187,1.36979,1.37184,4134,10,0
2025-06-26 07:00:00+00:00,1.37186,1.37406,1.37179,1.37362,4267,10,0
2025-06-26 08:00:00+00:00,1.37364,1.37645,1.37326,1.37494,4431,10,0
2025-06-26 09:00:00+00:00,1.37493,1.37537,1.37343,1.3743699999999999,3522,10,0
2025-06-26 10:00:00+00:00,1.37433,1.3750200000000001,1.37279,1.37284,2784,10,0
2025-06-26 11:00:00+00:00,1.37283,1.37293,1.36993,1.37073,3763,10,0
2025-06-26 12:00:00+00:00,1.3707,1.37279,1.36991,1.37177,4936,10,0
2025-06-26 13:00:00+00:00,1.37178,1.37414,1.37066,1.374,5395,10,0
2025-06-26 14:00:00+00:00,1.37404,1.37533,1.37274,1.3731900000000001,5837,10,0
2025-06-26 15:00:00+00:00,1.3732,1.3752499999999999,1.37243,1.37511,4103,10,0
2025-06-26 16:00:00+00:00,1.37511,1.37702,1.3737599999999999,1.37547,3445,10,0
2025-06-26 17:00:00+00:00,1.37544,1.37631,1.37535,1.37571,2794,10,0
2025-06-26 18:00:00+00:00,1.37569,1.37599,1.37469,1.37481,2328,10,0
2025-06-26 19:00:00+00:00,1.37482,1.37482,1.37276,1.3732,2379,10,0
2025-06-26 20:00:00+00:00,1.37324,1.37361,1.37223,1.3725800000000001,1233,10,0
2025-06-26 21:00:00+00:00,1.3726,1.3727800000000001,1.3722699999999999,1.3725100000000001,880,31,0
2025-06-26 22:00:00+00:00,1.37286,1.37296,1.37158,1.37196,970,10,0
2025-06-26 23:00:00+00:00,1.37196,1.37299,1.3719299999999999,1.37246,1420,10,0
2025-06-27 00:00:00+00:00,1.37247,1.37356,1.37241,1.37305,2326,10,0
2025-06-27 01:00:00+00:00,1.37304,1.37404,1.37233,1.37371,2523,10,0
2025-06-27 02:00:00+00:00,1.37374,1.37448,1.37338,1.37431,2070,10,0
2025-06-27 03:00:00+00:00,1.37431,1.3749500000000001,1.37352,1.3736,1835,10,0
2025-06-27 04:00:00+00:00,1.3736,1.37378,1.37221,1.37225,1656,10,0
2025-06-27 05:00:00+00:00,1.3722699999999999,1.37303,1.37196,1.37255,2058,10,0
2025-06-27 06:00:00+00:00,1.37259,1.37474,1.37215,1.3746800000000001,3137,10,0
2025-06-27 07:00:00+00:00,1.3747099999999999,1.37493,1.37339,1.37391,3532,10,0
2025-06-27 08:00:00+00:00,1.37394,1.37499,1.37317,1.37426,2911,10,0
2025-06-27 09:00:00+00:00,1.37429,1.37452,1.37336,1.37393,2621,10,0
2025-06-27 10:00:00+00:00,1.37393,1.37467,1.37204,1.37237,2865,10,0
2025-06-27 11:00:00+00:00,1.37237,1.37382,1.37231,1.37369,2817,10,0
2025-06-27 12:00:00+00:00,1.37368,1.37521,1.37195,1.37402,5250,10,0
2025-06-27 13:00:00+00:00,1.37399,1.37467,1.37142,1.37201,4809,10,0
2025-06-27 14:00:00+00:00,1.3719999999999999,1.37283,1.37029,1.37148,4428,10,0
2025-06-27 15:00:00+00:00,1.37147,1.37279,1.37067,1.37173,3470,10,0
2025-06-27 16:00:00+00:00,1.37172,1.37244,1.37025,1.37072,2803,10,0
2025-06-27 17:00:00+00:00,1.37074,1.37123,1.36843,1.3691900000000001,3956,10,0
2025-06-27 18:00:00+00:00,1.3691499999999999,1.36988,1.36826,1.36959,3619,10,0
2025-06-27 19:00:00+00:00,1.3696,1.37104,1.36954,1.37063,2499,10,0
2025-06-27 20:00:00+00:00,1.37061,1.37221,1.37059,1.37198,1950,10,0
2025-06-29 21:00:00+00:00,1.36941,1.37101,1.36941,1.37083,457,192,0
2025-06-29 22:00:00+00:00,1.37214,1.37268,1.37141,1.37245,1664,10,0
2025-06-29 23:00:00+00:00,1.37248,1.3728099999999999,1.37174,1.37183,1575,10,0
2025-06-30 00:00:00+00:00,1.37183,1.37219,1.37073,1.37137,2307,10,0
2025-06-30 01:00:00+00:00,1.37133,1.37294,1.37108,1.37195,2316,10,0
2025-06-30 02:00:00+00:00,1.3719299999999999,1.37265,1.37158,1.37172,2473,10,0
2025-06-30 03:00:00+00:00,1.37171,1.37212,1.37108,1.37121,1686,10,0
2025-06-30 04:00:00+00:00,1.3712,1.37304,1.37109,1.37289,1647,10,0
2025-06-30 05:00:00+00:00,1.37286,1.37402,1.37263,1.37275,2132,10,0
2025-06-30 06:00:00+00:00,1.3728,1.37377,1.3721999999999999,1.3734199999999999,3265,10,0
2025-06-30 07:00:00+00:00,1.37341,1.37344,1.3701400000000001,1.37021,3932,10,0
2025-06-30 08:00:00+00:00,1.37019,1.37047,1.36926,1.36993,3247,10,0
2025-06-30 09:00:00+00:00,1.3699,1.37036,1.36908,1.36938,2550,10,0
2025-06-30 10:00:00+00:00,1.36939,1.37022,1.36899,1.3700999999999999,1987,10,0
2025-06-30 11:00:00+00:00,1.37012,1.37113,1.36958,1.3705,2331,10,0
2025-06-30 12:00:00+00:00,1.37052,1.37064,1.36846,1.3693,2899,10,0
2025-06-30 13:00:00+00:00,1.3693,1.36945,1.3676300000000001,1.36853,3569,10,0
2025-06-30 14:00:00+00:00,1.3685399999999999,1.3715,1.36737,1.37033,5431,10,0
2025-06-30 15:00:00+00:00,1.3703,1.37225,1.36959,1.3719299999999999,4558,10,0
2025-06-30 16:00:00+00:00,1.37192,1.3722699999999999,1.36979,1.3713600000000001,2935,10,0
2025-06-30 17:00:00+00:00,1.3713600000000001,1.37173,1.37033,1.37084,2618,10,0
2025-06-30 18:00:00+00:00,1.37087,1.37206,1.3707,1.37177,2395,10,0
2025-06-30 19:00:00+00:00,1.37177,1.37275,1.37153,1.37249,1879,10,0
2025-06-30 20:00:00+00:00,1.3725,1.37358,1.37231,1.37325,1340,10,0
2025-06-30 21:00:00+00:00,1.3732199999999999,1.3732199999999999,1.37141,1.37253,951,52,0
2025-06-30 22:00:00+00:00,1.37256,1.37366,1.37256,1.37313,1038,10,0
2025-06-30 23:00:00+00:00,1.37314,1.37333,1.3728799999999999,1.37303,1037,10,0
2025-07-01 00:00:00+00:00,1.37303,1.37408,1.37303,1.37404,2392,10,0
2025-07-01 01:00:00+00:00,1.37404,1.37488,1.3725,1.37265,2592,10,0
2025-07-01 02:00:00+00:00,1.37264,1.3737599999999999,1.37236,1.3736,1954,10,0
2025-07-01 03:00:00+00:00,1.37361,1.3746,1.37351,1.37375,1733,10,0
2025-07-01 04:00:00+00:00,1.37378,1.3747,1.3736,1.37406,1766,10,0
2025-07-01 05:00:00+00:00,1.37406,1.37484,1.37381,1.37466,1973,10,0
2025-07-01 06:00:00+00:00,1.37462,1.3750200000000001,1.37367,1.37388,2911,10,0
2025-07-01 07:00:00+00:00,1.37387,1.37684,1.3731499999999999,1.37669,3690,10,0
2025-07-01 08:00:00+00:00,1.37666,1.3783,1.3756599999999999,1.37736,3997,10,0
2025-07-01 09:00:00+00:00,1.3774,1.37813,1.37574,1.37752,4134,10,0
2025-07-01 10:00:00+00:00,1.37754,1.37883,1.37744,1.3774899999999999,2753,10,0
2025-07-01 11:00:00+00:00,1.3774899999999999,1.37786,1.37533,1.3754,3255,10,0
2025-07-01 12:00:00+00:00,1.37541,1.37599,1.37398,1.3740999999999999,3425,10,0
2025-07-01 13:00:00+00:00,1.37412,1.37431,1.3728,1.3734600000000001,3856,10,0
2025-07-01 14:00:00+00:00,1.3734899999999999,1.3735,1.37074,1.37173,5895,10,0
2025-07-01 15:00:00+00:00,1.37173,1.3724,1.37032,1.3724,4140,10,0
2025-07-01 16:00:00+00:00,1.37238,1.37255,1.37113,1.37242,3361,10,0
2025-07-01 17:00:00+00:00,1.37244,1.37384,1.37204,1.37363,2533,10,0
2025-07-01 18:00:00+00:00,1.37363,1.37377,1.37305,1.37377,1893,10,0
2025-07-01 19:00:00+00:00,1.37374,1.37427,1.37341,1.37395,2104,10,0
2025-07-01 20:00:00+00:00,1.37397,1.37501,1.37385,1.37431,1394,10,0
2025-07-01 21:00:00+00:00,1.37432,1.37458,1.37425,1.37433,518,22,0
2025-07-01 22:00:00+00:00,1.3746800000000001,1.37473,1.37404,1.37424,926,10,0
2025-07-01 23:00:00+00:00,1.37428,1.37472,1.3740700000000001,1.37451,1044,10,0
2025-07-02 00:00:00+00:00,1.37451,1.37493,1.37415,1.37481,1787,10,0
2025-07-02 01:00:00+00:00,1.37482,1.37523,1.37361,1.37374,2002,10,0
2025-07-02 02:00:00+00:00,1.37379,1.37484,1.37316,1.37457,1811,10,0
2025-07-02 03:00:00+00:00,1.37458,1.37511,1.37395,1.37454,1515,10,0
2025-07-02 04:00:00+00:00,1.37454,1.3746,1.37427,1.37436,1072,10,0
2025-07-02 05:00:00+00:00,1.37435,1.37452,1.3731200000000001,1.37361,1828,10,0
2025-07-02 06:00:00+00:00,1.37361,1.37405,1.37187,1.3727800000000001,2708,10,0
2025-07-02 07:00:00+00:00,1.37275,1.37275,1.37051,1.37053,3296,10,0
2025-07-02 08:00:00+00:00,1.37051,1.3710499999999999,1.36936,1.36974,2771,10,0
2025-07-02 09:00:00+00:00,1.36972,1.37004,1.36873,1.369,2761,10,0
2025-07-02 10:00:00+00:00,1.36903,1.37084,1.36894,1.37029,2427,10,0
2025-07-02 11:00:00+00:00,1.37029,1.37126,1.3654600000000001,1.36624,4391,10,0
2025-07-02 12:00:00+00:00,1.36621,1.36673,1.35881,1.36076,13104,10,0
2025-07-02 13:00:00+00:00,1.36073,1.36227,1.35796,1.35857,7710,10,0
2025-07-02 14:00:00+00:00,1.35862,1.36023,1.3562,1.3593199999999999,5616,10,0
2025-07-02 15:00:00+00:00,1.35934,1.36228,1.3587500000000001,1.36204,4231,10,0
2025-07-02 16:00:00+00:00,1.36203,1.36317,1.36128,1.36303,3238,10,0
2025-07-02 17:00:00+00:00,1.36301,1.36439,1.36297,1.36325,2726,10,0
2025-07-02 18:00:00+00:00,1.36323,1.36408,1.36293,1.3636,2140,10,0
2025-07-02 19:00:00+00:00,1.3636,1.36379,1.36266,1.3635,1922,10,0
2025-07-02 20:00:00+00:00,1.3635,1.36356,1.36262,1.36349,1240,10,0
2025-07-02 21:00:00+00:00,1.36344,1.36437,1.36234,1.3643,1257,19,0
2025-07-02 22:00:00+00:00,1.36524,1.36557,1.36479,1.36542,868,10,0
2025-07-02 23:00:00+00:00,1.36542,1.36542,1.36474,1.36486,868,10,0
2025-07-03 00:00:00+00:00,1.3648500000000001,1.36534,1.3643399999999999,1.36466,1948,10,0
2025-07-03 01:00:00+00:00,1.36469,1.36535,1.36425,1.36482,2005,10,0
2025-07-03 02:00:00+00:00,1.36483,1.36483,1.3628,1.36341,1896,10,0
2025-07-03 03:00:00+00:00,1.3634,1.36378,1.36243,1.3627500000000001,1618,10,0
2025-07-03 04:00:00+00:00,1.36272,1.36296,1.36229,1.3629,1196,10,0
2025-07-03 05:00:00+00:00,1.36292,1.36414,1.36247,1.36386,1579,10,0
2025-07-03 06:00:00+00:00,1.36384,1.36507,1.3636599999999999,1.36496,2813,10,0
2025-07-03 07:00:00+00:00,1.36496,1.36748,1.3649,1.36547,3843,10,0
2025-07-03 08:00:00+00:00,1.3655,1.36758,1.36545,1.36642,3363,10,0
2025-07-03 09:00:00+00:00,1.3664,1.3666800000000001,1.36505,1.36547,3003,10,0
2025-07-03 10:00:00+00:00,1.36548,1.3667799999999999,1.36455,1.36599,2772,10,0
2025-07-03 11:00:00+00:00,1.36596,1.36629,1.36537,1.36569,2695,10,0
2025-07-03 12:00:00+00:00,1.36569,1.36591,1.35855,1.36145,8478,10,0
2025-07-03 13:00:00+00:00,1.36147,1.36623,1.36108,1.36582,6911,10,0
2025-07-03 14:00:00+00:00,1.36586,1.36737,1.36315,1.36459,5791,10,0
2025-07-03 15:00:00+00:00,1.36457,1.3660999999999999,1.3639299999999999,1.3652199999999999,3986,10,0
2025-07-03 16:00:00+00:00,1.36525,1.3654600000000001,1.36353,1.36497,2607,10,0
2025-07-03 17:00:00+00:00,1.3649499999999999,1.36513,1.36426,1.36464,1124,10,0
2025-07-03 18:00:00+00:00,1.36463,1.36493,1.36398,1.36405,902,10,0
2025-07-03 19:00:00+00:00,1.36406,1.36465,1.36385,1.3646,823,10,0
2025-07-03 20:00:00+00:00,1.3646,1.36542,1.36428,1.3652199999999999,802,10,0
2025-07-03 21:00:00+00:00,1.36516,1.36537,1.36418,1.3649200000000001,810,22,0
2025-07-03 22:00:00+00:00,1.36514,1.36534,1.3649499999999999,1.36532,706,10,0
2025-07-03 23:00:00+00:00,1.36532,1.36684,1.36523,1.36651,993,10,0
2025-07-04 00:00:00+00:00,1.3665,1.36674,1.3657599999999999,1.36628,1900,10,0
2025-07-04 01:00:00+00:00,1.36628,1.36651,1.36448,1.3648,1963,10,0
2025-07-04 02:00:00+00:00,1.36478,1.3656,1.3645100000000001,1.3653,1701,10,0
2025-07-04 03:00:00+00:00,1.36528,1.36613,1.36514,1.36575,1532,10,0
2025-07-04 04:00:00+00:00,1.36575,1.36741,1.36565,1.3673,1543,10,0
2025-07-04 05:00:00+00:00,1.36731,1.3681,1.36731,1.36757,1772,10,0
2025-07-04 06:00:00+00:00,1.36758,1.36808,1.36658,1.36752,2682,10,0
2025-07-04 07:00:00+00:00,1.36753,1.36779,1.36564,1.36584,3381,10,0
2025-07-04 08:00:00+00:00,1.3658299999999999,1.36669,1.36562,1.36638,2781,10,0
2025-07-04 09:00:00+00:00,1.36634,1.36643,1.36514,1.3657,2444,10,0
2025-07-04 10:00:00+00:00,1.36567,1.36608,1.36463,1.36475,2134,10,0
2025-07-04 11:00:00+00:00,1.36477,1.36554,1.36411,1.36471,2124,10,0
2025-07-04 12:00:00+00:00,1.36471,1.36482,1.36344,1.3635,2170,10,0
2025-07-04 13:00:00+00:00,1.36348,1.3652,1.36345,1.36489,2272,10,0
2025-07-04 14:00:00+00:00,1.3649,1.36532,1.36371,1.36425,2821,10,0
2025-07-04 15:00:00+00:00,1.36423,1.36468,1.36389,1.36439,1946,10,0
2025-07-04 16:00:00+00:00,1.36442,1.36513,1.36412,1.36467,1514,10,0
2025-07-04 17:00:00+00:00,1.36467,1.36517,1.36466,1.36486,1744,10,0
2025-07-04 18:00:00+00:00,1.36486,1.36539,1.3647,1.36527,712,10,0
2025-07-04 19:00:00+00:00,1.36527,1.36543,1.3648799999999999,1.365,4078,10,0
2025-07-04 20:00:00+00:00,1.36499,1.36574,1.36418,1.36463,9711,21,0
2025-07-06 21:00:00+00:00,1.36386,1.36524,1.36369,1.36459,547,93,0
2025-07-06 22:00:00+00:00,1.3652,1.36565,1.36467,1.36525,1034,10,0
2025-07-06 23:00:00+00:00,1.36529,1.36541,1.3645800000000001,1.36505,1195,10,0
2025-07-07 00:00:00+00:00,1.36505,1.36575,1.36445,1.36468,2360,10,0
2025-07-07 01:00:00+00:00,1.36465,1.36465,1.36316,1.3633199999999999,2258,10,0
2025-07-07 02:00:00+00:00,1.36335,1.36376,1.3624800000000001,1.3628,2146,10,0
2025-07-07 03:00:00+00:00,1.3628,1.3633199999999999,1.36249,1.3627500000000001,1802,10,0
2025-07-07 04:00:00+00:00,1.3627500000000001,1.36295,1.3615599999999999,1.36167,1749,10,0
2025-07-07 05:00:00+00:00,1.36168,1.3624800000000001,1.36105,1.36225,2146,10,0
2025-07-07 06:00:00+00:00,1.36222,1.36259,1.36023,1.36123,3233,10,0
2025-07-07 07:00:00+00:00,1.36125,1.36233,1.36022,1.36038,3894,10,0
2025-07-07 08:00:00+00:00,1.36036,1.36062,1.35789,1.35803,3853,10,0
2025-07-07 09:00:00+00:00,1.35802,1.36115,1.35745,1.3609,3067,10,0
2025-07-07 10:00:00+00:00,1.36086,1.36086,1.3594300000000001,1.3602,2394,10,0
2025-07-07 11:00:00+00:00,1.36018,1.3620999999999999,1.35991,1.36148,2356,10,0
2025-07-07 12:00:00+00:00,1.36151,1.3620700000000001,1.36108,1.36171,2780,10,0
2025-07-07 13:00:00+00:00,1.36169,1.36325,1.36129,1.3626800000000001,3333,10,0
2025-07-07 14:00:00+00:00,1.3627099999999999,1.36473,1.3626800000000001,1.36356,3196,10,0
2025-07-07 15:00:00+00:00,1.36353,1.36435,1.36282,1.36356,3240,10,0
2025-07-07 16:00:00+00:00,1.36358,1.36404,1.35937,1.35948,4700,10,0
2025-07-07 17:00:00+00:00,1.35948,1.36117,1.35887,1.36051,4157,10,0
2025-07-07 18:00:00+00:00,1.36047,1.36144,1.35901,1.3611,3120,10,0
2025-07-07 19:00:00+00:00,1.36111,1.36163,1.3606500000000001,1.36094,2402,10,0
2025-07-07 20:00:00+00:00,1.3609,1.36096,1.35977,1.35987,1339,10,0
2025-07-07 21:00:00+00:00,1.35998,1.36041,1.35892,1.35986,944,22,0
2025-07-07 22:00:00+00:00,1.3603399999999999,1.36188,1.3602400000000001,1.36174,1239,10,0
2025-07-07 23:00:00+00:00,1.36174,1.36247,1.36144,1.36234,1234,10,0
2025-07-08 00:00:00+00:00,1.36233,1.3636300000000001,1.36233,1.3628,2543,10,0
2025-07-08 01:00:00+00:00,1.3628,1.36333,1.36176,1.36249,2464,10,0
2025-07-08 02:00:00+00:00,1.36249,1.36386,1.36224,1.3630499999999999,1983,10,0
2025-07-08 03:00:00+00:00,1.3630499999999999,1.36388,1.36277,1.36326,1696,10,0
2025-07-08 04:00:00+00:00,1.36327,1.36423,1.36292,1.36311,2586,10,0
2025-07-08 05:00:00+00:00,1.3631,1.36342,1.3623,1.36281,2361,10,0
2025-07-08 06:00:00+00:00,1.36284,1.36326,1.36232,1.36265,2871,10,0
2025-07-08 07:00:00+00:00,1.3626800000000001,1.3646099999999999,1.3626800000000001,1.36403,3135,10,0
2025-07-08 08:00:00+00:00,1.36402,1.36406,1.3609200000000001,1.36118,3131,10,0
2025-07-08 09:00:00+00:00,1.36117,1.36144,1.35923,1.3595,2597,10,0
2025-07-08 10:00:00+00:00,1.35953,1.35953,1.35754,1.35768,2591,10,0
2025-07-08 11:00:00+00:00,1.35768,1.3585099999999999,1.3572600000000001,1.35727,2528,10,0
2025-07-08 12:00:00+00:00,1.35727,1.35843,1.35625,1.35774,3327,10,0
2025-07-08 13:00:00+00:00,1.35777,1.35791,1.35398,1.35521,4384,10,0
2025-07-08 14:00:00+00:00,1.35519,1.35614,1.35246,1.35446,5458,10,0
2025-07-08 15:00:00+00:00,1.3544800000000001,1.3578700000000001,1.35394,1.3571900000000001,4209,10,0
2025-07-08 16:00:00+00:00,1.3572199999999999,1.3582,1.3563,1.35782,4078,10,0
2025-07-08 17:00:00+00:00,1.35781,1.35929,1.35765,1.35915,3800,10,0
2025-07-08 18:00:00+00:00,1.35917,1.35964,1.35847,1.3593,2712,10,0
2025-07-08 19:00:00+00:00,1.35933,1.35972,1.35843,1.3589,2126,10,0
2025-07-08 20:00:00+00:00,1.35886,1.35953,1.35873,1.35903,1380,10,0
2025-07-08 21:00:00+00:00,1.35914,1.35916,1.35795,1.35795,1241,31,0
2025-07-08 22:00:00+00:00,1.35864,1.35944,1.35843,1.35924,788,10,0
2025-07-08 23:00:00+00:00,1.35923,1.35934,1.35834,1.35846,963,10,0
2025-07-09 00:00:00+00:00,1.3584800000000001,1.35876,1.35754,1.35856,2187,10,0
2025-07-09 01:00:00+00:00,1.35856,1.35908,1.35759,1.35858,2654,10,0
2025-07-09 02:00:00+00:00,1.35856,1.35928,1.35646,1.35734,2642,10,0
2025-07-09 03:00:00+00:00,1.35736,1.35741,1.35636,1.35679,2165,10,0
2025-07-09 04:00:00+00:00,1.35683,1.35862,1.35659,1.3584800000000001,2095,10,0
2025-07-09 05:00:00+00:00,1.3584800000000001,1.35965,1.35833,1.35865,2106,10,0
2025-07-09 06:00:00+00:00,1.35868,1.3606,1.3580999999999999,1.36025,2732,10,0
2025-07-09 07:00:00+00:00,1.3602699999999999,1.36049,1.35786,1.35855,3657,10,0
2025-07-09 08:00:00+00:00,1.35853,1.36051,1.35819,1.36011,3345,10,0
2025-07-09 09:00:00+00:00,1.36007,1.36083,1.35917,1.35967,2794,10,0
2025-07-09 10:00:00+00:00,1.35967,1.3603399999999999,1.35811,1.35825,2701,10,0
2025-07-09 11:00:00+00:00,1.35826,1.35879,1.35734,1.35771,2470,10,0
2025-07-09 12:00:00+00:00,1.35773,1.36127,1.35759,1.36077,3866,10,0
2025-07-09 13:00:00+00:00,1.36078,1.36193,1.35842,1.35858,4047,10,0
2025-07-09 14:00:00+00:00,1.3586,1.36163,1.35822,1.3588,4178,10,0
2025-07-09 15:00:00+00:00,1.3587799999999999,1.35941,1.35804,1.35829,2745,10,0
2025-07-09 16:00:00+00:00,1.3583,1.35877,1.35785,1.35838,2076,10,0
2025-07-09 17:00:00+00:00,1.35836,1.35914,1.358,1.35889,2180,10,0
2025-07-09 18:00:00+00:00,1.35888,1.3599,1.35829,1.35879,2545,10,0
2025-07-09 19:00:00+00:00,1.35881,1.36005,1.35867,1.35948,1677,10,0
2025-07-09 20:00:00+00:00,1.35948,1.35954,1.35826,1.35827,1409,10,0
2025-07-09 21:00:00+00:00,1.35832,1.35859,1.3581400000000001,1.3581400000000001,629,31,0
2025-07-09 22:00:00+00:00,1.35811,1.35921,1.35811,1.35888,732,10,0
2025-07-09 23:00:00+00:00,1.35892,1.35984,1.35876,1.35977,901,10,0
2025-07-10 00:00:00+00:00,1.35975,1.36128,1.35942,1.3609,2579,10,0
2025-07-10 01:00:00+00:00,1.36093,1.36116,1.36026,1.36064,1771,10,0
2025-07-10 02:00:00+00:00,1.36066,1.36121,1.36043,1.3606500000000001,1822,10,0
2025-07-10 03:00:00+00:00,1.36066,1.36093,1.36035,1.36039,1449,10,0
2025-07-10 04:00:00+00:00,1.36039,1.36056,1.35993,1.3605,1143,10,0
2025-07-10 05:00:00+00:00,1.3605,1.36103,1.36033,1.36091,1535,10,0
2025-07-10 06:00:00+00:00,1.3608799999999999,1.36173,1.36048,1.36107,2598,10,0
2025-07-10 07:00:00+00:00,1.36105,1.36193,1.36015,1.36116,2815,10,0
2025-07-10 08:00:00+00:00,1.36118,1.36151,1.36039,1.36053,2262,10,0
2025-07-10 09:00:00+00:00,1.36051,1.3616,1.36049,1.3608799999999999,1919,10,0
2025-07-10 10:00:00+00:00,1.36091,1.36129,1.35971,1.3599,1850,10,0
2025-07-10 11:00:00+00:00,1.35991,1.35993,1.35717,1.35803,2592,10,0
2025-07-10 12:00:00+00:00,1.35804,1.35859,1.35565,1.35599,3770,10,0
2025-07-10 13:00:00+00:00,1.35599,1.35704,1.3544,1.35528,4119,10,0
2025-07-10 14:00:00+00:00,1.35524,1.3557000000000001,1.35325,1.35548,5367,10,0
2025-07-10 15:00:00+00:00,1.3555,1.35711,1.35535,1.3566799999999999,3780,10,0
2025-07-10 16:00:00+00:00,1.3566500000000001,1.3572600000000001,1.35592,1.35635,2729,10,0
2025-07-10 17:00:00+00:00,1.35632,1.35752,1.35602,1.3571,2352,10,0
2025-07-10 18:00:00+00:00,1.35707,1.35755,1.35687,1.35736,2146,10,0
2025-07-10 19:00:00+00:00,1.35736,1.35825,1.35723,1.35754,1697,10,0
2025-07-10 20:00:00+00:00,1.35755,1.35835,1.35732,1.3578299999999999,1372,10,0
2025-07-10 21:00:00+00:00,1.35774,1.35781,1.35666,1.35733,965,52,0
2025-07-10 22:00:00+00:00,1.35777,1.3585099999999999,1.35774,1.35839,739,10,0
2025-07-10 23:00:00+00:00,1.35843,1.3585,1.35766,1.35795,931,10,0
2025-07-11 00:00:00+00:00,1.35797,1.35812,1.3544399999999999,1.35545,5055,10,0
2025-07-11 01:00:00+00:00,1.3554300000000001,1.3569499999999999,1.35489,1.35586,3603,10,0
2025-07-11 02:00:00+00:00,1.35588,1.35613,1.3553,1.3553899999999999,2361,10,0
2025-07-11 03:00:00+00:00,1.3554,1.3566099999999999,1.35529,1.35647,1885,10,0
2025-07-11 04:00:00+00:00,1.35646,1.35655,1.35484,1.35557,1730,10,0
2025-07-11 05:00:00+00:00,1.35557,1.35642,1.35537,1.35615,1911,10,0
2025-07-11 06:00:00+00:00,1.35613,1.35613,1.35317,1.35338,3993,10,0
2025-07-11 07:00:00+00:00,1.3534,1.35564,1.3534,1.35409,3177,10,0
2025-07-11 08:00:00+00:00,1.35412,1.35465,1.35279,1.3535300000000001,3138,10,0
2025-07-11 09:00:00+00:00,1.35354,1.35522,1.35338,1.35428,2735,10,0
2025-07-11 10:00:00+00:00,1.35426,1.35495,1.35282,1.35291,2867,10,0
2025-07-11 11:00:00+00:00,1.35291,1.35378,1.34972,1.35026,4084,10,0
2025-07-11 12:00:00+00:00,1.35027,1.35102,1.34955,1.35038,3629,10,0
2025-07-11 13:00:00+00:00,1.35039,1.35198,1.34904,1.34947,4556,10,0
2025-07-11 14:00:00+00:00,1.34946,1.3507500000000001,1.34803,1.35041,4589,10,0
2025-07-11 15:00:00+00:00,1.3504,1.35128,1.34977,1.35022,3560,10,0
2025-07-11 16:00:00+00:00,1.35019,1.35142,1.3495599999999999,1.35058,3190,10,0
2025-07-11 17:00:00+00:00,1.35059,1.35158,1.35053,1.35126,2222,10,0
2025-07-11 18:00:00+00:00,1.35127,1.35169,1.35084,1.35089,2340,10,0
2025-07-11 19:00:00+00:00,1.35091,1.35091,1.3495599999999999,1.34972,2106,10,0
2025-07-11 20:00:00+00:00,1.34971,1.34974,1.3484,1.3491,1706,10,0
2025-07-13 21:00:00+00:00,1.34794,1.34875,1.34717,1.34873,608,61,0
2025-07-13 22:00:00+00:00,1.34891,1.34969,1.34816,1.34842,2099,10,0
2025-07-13 23:00:00+00:00,1.34846,1.34954,1.34832,1.34952,1834,10,0
2025-07-14 00:00:00+00:00,1.3495,1.35038,1.34946,1.34986,2466,10,0
2025-07-14 01:00:00+00:00,1.34988,1.3502100000000001,1.3488,1.3489200000000001,2719,10,0
2025-07-14 02:00:00+00:00,1.34891,1.34936,1.34713,1.3473899999999999,2136,10,0
2025-07-14 03:00:00+00:00,1.3474,1.3485,1.34731,1.34813,1877,10,0
2025-07-14 04:00:00+00:00,1.34811,1.34812,1.3475,1.34755,1633,10,0
2025-07-14 05:00:00+00:00,1.34754,1.34784,1.34637,1.3465099999999999,2134,10,0
2025-07-14 06:00:00+00:00,1.34647,1.34659,1.34511,1.34564,2646,10,0
2025-07-14 07:00:00+00:00,1.34567,1.34878,1.3455599999999999,1.3483,3570,10,0
2025-07-14 08:00:00+00:00,1.34827,1.3489200000000001,1.3474,1.3475,2562,10,0
2025-07-14 09:00:00+00:00,1.34749,1.34882,1.3471199999999999,1.3483800000000001,2652,10,0
2025-07-14 10:00:00+00:00,1.34836,1.34933,1.34796,1.34882,2411,10,0
2025-07-14 11:00:00+00:00,1.34882,1.34913,1.3477000000000001,1.34821,2695,10,0
2025-07-14 12:00:00+00:00,1.3482,1.3491900000000001,1.34698,1.34775,2901,10,0
2025-07-14 13:00:00+00:00,1.34775,1.34844,1.34673,1.34817,3489,10,0
2025-07-14 14:00:00+00:00,1.34822,1.3483100000000001,1.34426,1.34473,4092,10,0
2025-07-14 15:00:00+00:00,1.34469,1.34586,1.34304,1.34333,4131,10,0
2025-07-14 16:00:00+00:00,1.34329,1.34425,1.34268,1.34349,3553,10,0
2025-07-14 17:00:00+00:00,1.3435000000000001,1.34409,1.34257,1.3433,2072,10,0
2025-07-14 18:00:00+00:00,1.3433,1.34345,1.34261,1.34283,1925,10,0
2025-07-14 19:00:00+00:00,1.34281,1.34336,1.34236,1.34263,1721,10,0
2025-07-14 20:00:00+00:00,1.34263,1.34302,1.3424,1.34244,995,10,0
2025-07-14 21:00:00+00:00,1.34241,1.34293,1.34192,1.34262,1136,31,0
2025-07-14 22:00:00+00:00,1.34297,1.3431600000000001,1.3425500000000001,1.34264,1820,10,0
2025-07-14 23:00:00+00:00,1.34264,1.3429,1.34209,1.3427799999999999,984,10,0
2025-07-15 00:00:00+00:00,1.34277,1.34402,1.34257,1.34354,1975,10,0
2025-07-15 01:00:00+00:00,1.34355,1.34389,1.34263,1.34332,2105,10,0
2025-07-15 02:00:00+00:00,1.34335,1.34353,1.34267,1.34327,2045,10,0
2025-07-15 03:00:00+00:00,1.34328,1.3434599999999999,1.34279,1.34291,1264,10,0
2025-07-15 04:00:00+00:00,1.34291,1.34335,1.34276,1.34313,1214,10,0
2025-07-15 05:00:00+00:00,1.34313,1.34423,1.34311,1.34391,1507,10,0
2025-07-15 06:00:00+00:00,1.34389,1.34435,1.34298,1.34347,2506,10,0
2025-07-15 07:00:00+00:00,1.34347,1.34525,1.34269,1.34525,3162,10,0
2025-07-15 08:00:00+00:00,1.34521,1.34525,1.34405,1.34459,2588,10,0
2025-07-15 09:00:00+00:00,1.34459,1.34577,1.34447,1.3454,2575,10,0
2025-07-15 10:00:00+00:00,1.34539,1.34592,1.34476,1.3455599999999999,2277,10,0
2025-07-15 11:00:00+00:00,1.3455599999999999,1.3456000000000001,1.34418,1.3443100000000001,2443,10,0
2025-07-15 12:00:00+00:00,1.34429,1.34665,1.34314,1.34476,5419,10,0
2025-07-15 13:00:00+00:00,1.34477,1.34503,1.33993,1.34043,6183,10,0
2025-07-15 14:00:00+00:00,1.34042,1.3409200000000001,1.33849,1.33954,6439,10,0
2025-07-15 15:00:00+00:00,1.33957,1.34001,1.3379699999999999,1.33947,4143,10,0
2025-07-15 16:00:00+00:00,1.33952,1.33988,1.33814,1.33867,3480,10,0
2025-07-15 17:00:00+00:00,1.33867,1.33881,1.33784,1.3384800000000001,2696,10,0
2025-07-15 18:00:00+00:00,1.33849,1.33927,1.33819,1.3389,2014,10,0
2025-07-15 19:00:00+00:00,1.3388900000000001,1.33913,1.33827,1.33861,1754,10,0
2025-07-15 20:00:00+00:00,1.33857,1.33872,1.33802,1.3382,1067,10,0
2025-07-15 21:00:00+00:00,1.33822,1.33832,1.33791,1.3379400000000001,686,31,0
2025-07-15 22:00:00+00:00,1.33834,1.33854,1.33811,1.33853,623,10,0
2025-07-15 23:00:00+00:00,1.33852,1.3393,1.33838,1.33925,894,10,0
2025-07-16 00:00:00+00:00,1.33925,1.33985,1.33849,1.33931,2079,10,0
2025-07-16 01:00:00+00:00,1.33929,1.34,1.33911,1.33957,2263,10,0
2025-07-16 02:00:00+00:00,1.33958,1.33964,1.3383,1.3385500000000001,1568,10,0
2025-07-16 03:00:00+00:00,1.33856,1.3394,1.33818,1.3388,1556,10,0
2025-07-16 04:00:00+00:00,1.33883,1.33962,1.3386,1.33957,1481,10,0
2025-07-16 05:00:00+00:00,1.3396,1.34006,1.33901,1.33976,1657,10,0
2025-07-16 06:00:00+00:00,1.3397999999999999,1.3416000000000001,1.33948,1.34081,3531,10,0
2025-07-16 07:00:00+00:00,1.34077,1.34101,1.33883,1.33932,2925,10,0
2025-07-16 08:00:00+00:00,1.33929,1.34013,1.33888,1.3390900000000001,2549,10,0
2025-07-16 09:00:00+00:00,1.3390900000000001,1.33969,1.33834,1.33959,2456,10,0
2025-07-16 10:00:00+00:00,1.3396,1.34058,1.33896,1.34051,2524,10,0
2025-07-16 11:00:00+00:00,1.3405,1.34113,1.33958,1.34008,2745,10,0
2025-07-16 12:00:00+00:00,1.34003,1.34121,1.33826,1.33922,4798,10,0
2025-07-16 13:00:00+00:00,1.33921,1.3397999999999999,1.33644,1.33755,4932,10,0
2025-07-16 14:00:00+00:00,1.3376000000000001,1.34012,1.33659,1.33915,6280,10,0
2025-07-16 15:00:00+00:00,1.33915,1.34854,1.33915,1.34237,26913,10,0
2025-07-16 16:00:00+00:00,1.34236,1.34466,1.3411,1.34214,10008,10,0
2025-07-16 17:00:00+00:00,1.3421699999999999,1.34403,1.34188,1.342,4343,10,0
2025-07-16 18:00:00+00:00,1.342,1.34228,1.34051,1.34084,3037,10,0
2025-07-16 19:00:00+00:00,1.34087,1.3419400000000001,1.3404,1.34174,2440,10,0
2025-07-16 20:00:00+00:00,1.34172,1.34219,1.34141,1.34174,1605,10,0
2025-07-16 21:00:00+00:00,1.34175,1.34189,1.34074,1.34074,944,31,0
2025-07-16 22:00:00+00:00,1.34154,1.34201,1.34125,1.34132,969,10,0
2025-07-16 23:00:00+00:00,1.34132,1.34169,1.34086,1.3410199999999999,1116,10,0
2025-07-17 00:00:00+00:00,1.34101,1.34108,1.33951,1.33993,2204,10,0
2025-07-17 01:00:00+00:00,1.33992,1.34049,1.33917,1.3403399999999999,2358,10,0
2025-07-17 02:00:00+00:00,1.34035,1.34035,1.33861,1.33876,1989,10,0
2025-07-17 03:00:00+00:00,1.33877,1.33928,1.33839,1.33917,1673,10,0
2025-07-17 04:00:00+00:00,1.3391899999999999,1.33952,1.33878,1.33949,1148,10,0
2025-07-17 05:00:00+00:00,1.33949,1.33998,1.33902,1.33936,1789,10,0
2025-07-17 06:00:00+00:00,1.33939,1.3402,1.33737,1.33833,4737,10,0
2025-07-17 07:00:00+00:00,1.33835,1.33983,1.33796,1.33829,3945,10,0
2025-07-17 08:00:00+00:00,1.33826,1.34101,1.33802,1.34101,3115,10,0
2025-07-17 09:00:00+00:00,1.34106,1.34134,1.33921,1.33983,2579,10,0
2025-07-17 10:00:00+00:00,1.33983,1.34037,1.33913,1.33994,2383,10,0
2025-07-17 11:00:00+00:00,1.33993,1.34028,1.3385799999999999,1.33917,2450,10,0
2025-07-17 12:00:00+00:00,1.33917,1.341,1.33795,1.3400699999999999,4583,10,0
2025-07-17 13:00:00+00:00,1.34005,1.34084,1.33921,1.33991,4555,10,0
2025-07-17 14:00:00+00:00,1.33993,1.34137,1.33944,1.34089,4055,10,0
2025-07-17 15:00:00+00:00,1.34091,1.34185,1.34055,1.3412,2917,10,0
2025-07-17 16:00:00+00:00,1.34119,1.34204,1.33966,1.34003,2619,10,0
2025-07-17 17:00:00+00:00,1.34002,1.34085,1.33985,1.34033,2124,10,0
2025-07-17 18:00:00+00:00,1.3403100000000001,1.34119,1.3401399999999999,1.34094,1769,10,0
2025-07-17 19:00:00+00:00,1.3409200000000001,1.34196,1.34089,1.34181,1585,10,0
2025-07-17 20:00:00+00:00,1.34183,1.3419699999999999,1.34127,1.34149,1209,10,0
2025-07-17 21:00:00+00:00,1.34142,1.3416000000000001,1.34107,1.34135,887,31,0
2025-07-17 22:00:00+00:00,1.34171,1.34313,1.3415599999999999,1.34291,1173,10,0
2025-07-17 23:00:00+00:00,1.34296,1.34342,1.3428200000000001,1.34306,938,10,0
2025-07-18 00:00:00+00:00,1.3431,1.34376,1.34274,1.3431,1753,10,0
2025-07-18 01:00:00+00:00,1.3431199999999999,1.34401,1.34284,1.3434,1941,10,0
2025-07-18 02:00:00+00:00,1.34336,1.3439,1.34279,1.34369,1648,10,0
2025-07-18 03:00:00+00:00,1.34369,1.34379,1.34263,1.3429,1476,10,0
2025-07-18 04:00:00+00:00,1.3429,1.34294,1.34233,1.34234,1218,10,0
2025-07-18 05:00:00+00:00,1.34232,1.34235,1.34124,1.34158,1382,10,0
2025-07-18 06:00:00+00:00,1.34161,1.34324,1.3409900000000001,1.3430900000000001,2265,10,0
2025-07-18 07:00:00+00:00,1.34313,1.34391,1.34262,1.34301,2608,10,0
2025-07-18 08:00:00+00:00,1.34302,1.34425,1.34295,1.34363,2528,10,0
2025-07-18 09:00:00+00:00,1.34365,1.3443,1.34344,1.34401,1700,10,0
2025-07-18 10:00:00+00:00,1.34401,1.3453300000000001,1.34351,1.34511,1863,10,0
2025-07-18 11:00:00+00:00,1.34513,1.34571,1.3449,1.34564,2069,10,0
2025-07-18 12:00:00+00:00,1.34564,1.3471899999999999,1.3449900000000001,1.34575,3012,10,0
2025-07-18 13:00:00+00:00,1.34575,1.34749,1.34532,1.34656,3808,10,0
2025-07-18 14:00:00+00:00,1.3465799999999999,1.34706,1.34391,1.34416,4029,10,0
2025-07-18 15:00:00+00:00,1.34421,1.3448,1.34336,1.34372,3246,10,0
2025-07-18 16:00:00+00:00,1.34369,1.34386,1.34166,1.34186,3110,10,0
2025-07-18 17:00:00+00:00,1.3418700000000001,1.3421,1.34112,1.3418700000000001,1880,10,0
2025-07-18 18:00:00+00:00,1.34188,1.34212,1.34139,1.34165,1709,10,0
2025-07-18 19:00:00+00:00,1.34164,1.34175,1.34082,1.34132,1707,10,0
2025-07-18 20:00:00+00:00,1.3413,1.34159,1.34053,1.3409200000000001,1493,10,0
2025-07-20 21:00:00+00:00,1.34061,1.3417,1.34022,1.3407200000000001,857,199,0
2025-07-20 22:00:00+00:00,1.34174,1.34193,1.34071,1.34125,1679,10,0
2025-07-20 23:00:00+00:00,1.34125,1.34176,1.34096,1.34149,1353,10,0
2025-07-21 00:00:00+00:00,1.34149,1.3419699999999999,1.34025,1.34036,1770,10,0
2025-07-21 01:00:00+00:00,1.34033,1.34149,1.34016,1.34121,1961,10,0
2025-07-21 02:00:00+00:00,1.34118,1.34155,1.34057,1.34118,1763,10,0
2025-07-21 03:00:00+00:00,1.34117,1.34174,1.34103,1.34155,1286,10,0
2025-07-21 04:00:00+00:00,1.3415599999999999,1.34193,1.34131,1.34183,1080,10,0
2025-07-21 05:00:00+00:00,1.34184,1.34249,1.34164,1.3423,1372,10,0
2025-07-21 06:00:00+00:00,1.34227,1.34433,1.3419699999999999,1.34424,2497,10,0
2025-07-21 07:00:00+00:00,1.34429,1.34473,1.3435000000000001,1.34443,2665,10,0
2025-07-21 08:00:00+00:00,1.34443,1.34657,1.3440699999999999,1.34518,2608,10,0
2025-07-21 09:00:00+00:00,1.34518,1.3458700000000001,1.34447,1.34567,2158,10,0
2025-07-21 10:00:00+00:00,1.34569,1.3459400000000001,1.34458,1.34577,2042,10,0
2025-07-21 11:00:00+00:00,1.34576,1.34796,1.34558,1.34779,2942,10,0
2025-07-21 12:00:00+00:00,1.34778,1.34835,1.34732,1.34794,2479,10,0
2025-07-21 13:00:00+00:00,1.34792,1.3479700000000001,1.34662,1.34686,3029,10,0
2025-07-21 14:00:00+00:00,1.34686,1.34965,1.34681,1.34917,4100,10,0
2025-07-21 15:00:00+00:00,1.34916,1.35101,1.34913,1.34955,3293,10,0
2025-07-21 16:00:00+00:00,1.3495300000000001,1.34996,1.34897,1.34937,2628,10,0
2025-07-21 17:00:00+00:00,1.34939,1.34957,1.3483399999999999,1.34855,1869,10,0
2025-07-21 18:00:00+00:00,1.34856,1.34925,1.34832,1.34896,1612,10,0
2025-07-21 19:00:00+00:00,1.34897,1.3492,1.3483,1.34836,1524,10,0
2025-07-21 20:00:00+00:00,1.34832,1.3492600000000001,1.34827,1.34897,1145,10,0
2025-07-21 21:00:00+00:00,1.3489499999999999,1.34907,1.34866,1.34866,632,22,0
2025-07-21 22:00:00+00:00,1.34911,1.34925,1.34867,1.34886,585,10,0
2025-07-21 23:00:00+00:00,1.34886,1.34898,1.34852,1.34891,762,10,0
2025-07-22 00:00:00+00:00,1.34894,1.34898,1.34786,1.34827,1967,10,0
2025-07-22 01:00:00+00:00,1.34827,1.34842,1.34761,1.34793,1834,10,0
2025-07-22 02:00:00+00:00,1.34794,1.34876,1.34788,1.34817,1455,10,0
2025-07-22 03:00:00+00:00,1.34817,1.34827,1.34771,1.34786,1235,10,0
2025-07-22 04:00:00+00:00,1.34786,1.34818,1.34735,1.34763,1208,10,0
2025-07-22 05:00:00+00:00,1.34767,1.34791,1.34692,1.34732,1572,10,0
2025-07-22 06:00:00+00:00,1.3473,1.34738,1.34656,1.3471,2201,10,0
2025-07-22 07:00:00+00:00,1.3470900000000001,1.34741,1.34613,1.34667,2372,10,0
2025-07-22 08:00:00+00:00,1.34667,1.3491900000000001,1.34644,1.3489200000000001,2748,10,0
2025-07-22 09:00:00+00:00,1.34894,1.3495599999999999,1.34856,1.34948,2419,10,0
2025-07-22 10:00:00+00:00,1.34949,1.34993,1.34752,1.34774,1834,10,0
2025-07-22 11:00:00+00:00,1.34775,1.34877,1.34742,1.34856,2209,10,0
2025-07-22 12:00:00+00:00,1.34856,1.3489200000000001,1.34747,1.3480699999999999,2671,10,0
2025-07-22 13:00:00+00:00,1.34808,1.34888,1.34758,1.34843,4111,10,0
2025-07-22 14:00:00+00:00,1.34844,1.3507799999999999,1.34704,1.35003,4628,10,0
2025-07-22 15:00:00+00:00,1.35004,1.35194,1.34955,1.35187,3646,10,0
2025-07-22 16:00:00+00:00,1.3519,1.35324,1.35168,1.35294,2784,10,0
2025-07-22 17:00:00+00:00,1.35293,1.35302,1.35198,1.35225,2231,10,0
2025-07-22 18:00:00+00:00,1.35223,1.35272,1.35184,1.3526500000000001,1757,10,0
2025-07-22 19:00:00+00:00,1.35269,1.35325,1.3524,1.35308,1524,10,0
2025-07-22 20:00:00+00:00,1.35306,1.35337,1.35252,1.35321,977,10,0
2025-07-22 21:00:00+00:00,1.35321,1.35321,1.35147,1.35147,1121,31,0
2025-07-22 22:00:00+00:00,1.35239,1.35283,1.3523800000000001,1.35251,623,10,0
2025-07-22 23:00:00+00:00,1.35252,1.35342,1.35183,1.35208,1708,10,0
2025-07-23 00:00:00+00:00,1.35208,1.3527,1.35169,1.35262,2557,10,0
2025-07-23 01:00:00+00:00,1.35264,1.35281,1.3516,1.35223,2484,10,0
2025-07-23 02:00:00+00:00,1.35225,1.3529499999999999,1.35158,1.35194,2503,10,0
2025-07-23 03:00:00+00:00,1.35194,1.35346,1.3519,1.35275,1837,10,0
2025-07-23 04:00:00+00:00,1.35274,1.35311,1.35216,1.3527,1605,10,0
2025-07-23 05:00:00+00:00,1.35269,1.35305,1.35192,1.35224,1768,10,0
2025-07-23 06:00:00+00:00,1.35227,1.3533,1.35148,1.35327,2777,10,0
2025-07-23 07:00:00+00:00,1.35327,1.3548200000000001,1.35317,1.35428,2905,10,0
2025-07-23 08:00:00+00:00,1.35428,1.3548200000000001,1.3535599999999999,1.35416,2549,10,0
2025-07-23 09:00:00+00:00,1.35416,1.35487,1.35359,1.35449,2105,10,0
2025-07-23 10:00:00+00:00,1.3545099999999999,1.35457,1.35342,1.35342,2308,10,0
2025-07-23 11:00:00+00:00,1.35342,1.35435,1.3532199999999999,1.35391,2451,10,0
2025-07-23 12:00:00+00:00,1.35392,1.35454,1.35294,1.35449,2534,10,0
2025-07-23 13:00:00+00:00,1.35446,1.35474,1.3523100000000001,1.3544399999999999,4035,10,0
2025-07-23 14:00:00+00:00,1.35447,1.35629,1.35389,1.35596,3644,10,0
2025-07-23 15:00:00+00:00,1.35594,1.35761,1.35526,1.35653,4545,10,0
2025-07-23 16:00:00+00:00,1.35651,1.35713,1.35531,1.35611,4544,10,0
2025-07-23 17:00:00+00:00,1.35614,1.35734,1.35569,1.35673,3490,10,0
2025-07-23 18:00:00+00:00,1.35673,1.35807,1.35673,1.35777,2258,10,0
2025-07-23 19:00:00+00:00,1.35781,1.35835,1.35751,1.35811,1684,10,0
2025-07-23 20:00:00+00:00,1.35815,1.35836,1.35765,1.35777,1378,10,0
2025-07-23 21:00:00+00:00,1.35773,1.35786,1.3572,1.35757,680,31,0
2025-07-23 22:00:00+00:00,1.35804,1.35856,1.35785,1.35825,786,10,0
2025-07-23 23:00:00+00:00,1.35825,1.35868,1.35776,1.35786,937,10,0
2025-07-24 00:00:00+00:00,1.35784,1.35786,1.35706,1.3573,2232,10,0
2025-07-24 01:00:00+00:00,1.35732,1.35881,1.35727,1.35815,2498,10,0
2025-07-24 02:00:00+00:00,1.3581699999999999,1.35839,1.35742,1.358,1836,10,0
2025-07-24 03:00:00+00:00,1.358,1.35847,1.35763,1.35781,1735,10,0
2025-07-24 04:00:00+00:00,1.35777,1.35809,1.35745,1.35792,1409,10,0
2025-07-24 05:00:00+00:00,1.35794,1.35815,1.35751,1.35775,1765,10,0
2025-07-24 06:00:00+00:00,1.35776,1.35776,1.35615,1.3562,2710,10,0
2025-07-24 07:00:00+00:00,1.35622,1.35675,1.35561,1.35598,2849,10,0
2025-07-24 08:00:00+00:00,1.35599,1.35657,1.35423,1.35436,2895,10,0
2025-07-24 09:00:00+00:00,1.35435,1.35474,1.35393,1.35471,2391,10,0
2025-07-24 10:00:00+00:00,1.35471,1.35506,1.35349,1.35384,1935,10,0
2025-07-24 11:00:00+00:00,1.35389,1.35513,1.35368,1.35508,2127,10,0
2025-07-24 12:00:00+00:00,1.3551,1.35538,1.3531,1.35351,3243,10,0
2025-07-24 13:00:00+00:00,1.35352,1.3554,1.3532199999999999,1.35519,5779,10,0
2025-07-24 14:00:00+00:00,1.35517,1.35623,1.35315,1.35411,4629,10,0
2025-07-24 15:00:00+00:00,1.35411,1.35426,1.35215,1.35233,4235,10,0
2025-07-24 16:00:00+00:00,1.35235,1.35271,1.3504399999999999,1.3511,3342,10,0
2025-07-24 17:00:00+00:00,1.35111,1.35276,1.35097,1.3518,2253,10,0
2025-07-24 18:00:00+00:00,1.35179,1.35212,1.35138,1.35156,1940,10,0
2025-07-24 19:00:00+00:00,1.35155,1.35195,1.35066,1.3507500000000001,1771,10,0
2025-07-24 20:00:00+00:00,1.35072,1.35124,1.35023,1.35073,1938,10,0
2025-07-24 21:00:00+00:00,1.35076,1.3508,1.35,1.3504800000000001,1048,31,0
2025-07-24 22:00:00+00:00,1.35081,1.35081,1.3502399999999999,1.35053,768,10,0
2025-07-24 23:00:00+00:00,1.35056,1.3510499999999999,1.35033,1.3508200000000001,972,10,0
2025-07-25 00:00:00+00:00,1.3508200000000001,1.35115,1.3502100000000001,1.35064,2231,10,0
2025-07-25 01:00:00+00:00,1.35064,1.35119,1.34966,1.34992,2344,10,0
2025-07-25 02:00:00+00:00,1.34992,1.35005,1.34897,1.34937,1787,10,0
2025-07-25 03:00:00+00:00,1.34935,1.3497,1.34877,1.3494,1276,10,0
2025-07-25 04:00:00+00:00,1.34939,1.34991,1.3485800000000001,1.34907,1701,10,0
2025-07-25 05:00:00+00:00,1.34907,1.3504,1.34884,1.35029,2076,10,0
2025-07-25 06:00:00+00:00,1.35032,1.35034,1.3480699999999999,1.34897,3251,10,0
2025-07-25 07:00:00+00:00,1.34897,1.3492,1.34664,1.3468,3739,10,0
2025-07-25 08:00:00+00:00,1.34679,1.34759,1.3458999999999999,1.34627,3236,10,0
2025-07-25 09:00:00+00:00,1.34627,1.34637,1.3449499999999999,1.3462399999999999,2405,10,0
2025-07-25 10:00:00+00:00,1.3462100000000001,1.3464,1.3452,1.34573,2138,10,0
2025-07-25 11:00:00+00:00,1.34569,1.34599,1.34383,1.3450199999999999,2555,10,0
2025-07-25 12:00:00+00:00,1.3449900000000001,1.34542,1.34231,1.34328,2985,10,0
2025-07-25 13:00:00+00:00,1.34329,1.34391,1.34158,1.34369,7324,10,0
2025-07-25 14:00:00+00:00,1.34371,1.34433,1.34277,1.34296,4306,10,0
2025-07-25 15:00:00+00:00,1.34295,1.34381,1.34167,1.34264,3335,10,0
2025-07-25 16:00:00+00:00,1.34267,1.34295,1.34162,1.34208,2746,10,0
2025-07-25 17:00:00+00:00,1.34204,1.34294,1.3418999999999999,1.3427,1935,10,0
2025-07-25 18:00:00+00:00,1.34271,1.34357,1.34249,1.3434599999999999,1621,10,0
2025-07-25 19:00:00+00:00,1.3434599999999999,1.34375,1.34315,1.3437299999999999,1456,10,0
2025-07-25 20:00:00+00:00,1.3437299999999999,1.34416,1.34288,1.34375,4024,10,0
2025-07-27 21:00:00+00:00,1.34208,1.34333,1.34139,1.34332,554,162,0
2025-07-27 22:00:00+00:00,1.34405,1.34469,1.34275,1.3434300000000001,1702,10,0
2025-07-27 23:00:00+00:00,1.3434300000000001,1.34426,1.34317,1.34374,1448,10,0
2025-07-28 00:00:00+00:00,1.34376,1.34487,1.34354,1.34427,2929,10,0
2025-07-28 01:00:00+00:00,1.3443,1.34522,1.34304,1.34354,2518,10,0
2025-07-28 02:00:00+00:00,1.34354,1.34429,1.34295,1.3439,1992,10,0
2025-07-28 03:00:00+00:00,1.3439,1.34427,1.34335,1.34424,1533,10,0
2025-07-28 04:00:00+00:00,1.34427,1.34446,1.34323,1.34358,1532,10,0
2025-07-28 05:00:00+00:00,1.34355,1.34363,1.34252,1.34266,1528,10,0
2025-07-28 06:00:00+00:00,1.34263,1.34308,1.34061,1.3421,3416,10,0
2025-07-28 07:00:00+00:00,1.3421,1.34313,1.34053,1.34089,4183,10,0
2025-07-28 08:00:00+00:00,1.34088,1.34287,1.34061,1.34206,3378,10,0
2025-07-28 09:00:00+00:00,1.34204,1.34269,1.34109,1.34142,2793,10,0
2025-07-28 10:00:00+00:00,1.34139,1.34215,1.3408,1.34182,2795,10,0
2025-07-28 11:00:00+00:00,1.34184,1.3429,1.34021,1.34261,3536,10,0
2025-07-28 12:00:00+00:00,1.34259,1.3437999999999999,1.34213,1.3437000000000001,4111,10,0
2025-07-28 13:00:00+00:00,1.34371,1.34395,1.34086,1.34152,4301,10,0
2025-07-28 14:00:00+00:00,1.34151,1.3425799999999999,1.34085,1.34119,3923,10,0
2025-07-28 15:00:00+00:00,1.3412,1.34137,1.33905,1.33907,3223,10,0
2025-07-28 16:00:00+00:00,1.33906,1.33917,1.33755,1.33784,2389,10,0
2025-07-28 17:00:00+00:00,1.33784,1.33802,1.33565,1.33593,2048,10,0
2025-07-28 18:00:00+00:00,1.33593,1.33601,1.33515,1.33534,1828,10,0
2025-07-28 19:00:00+00:00,1.33536,1.33554,1.33504,1.33542,1234,10,0
2025-07-28 20:00:00+00:00,1.33541,1.3358400000000001,1.33517,1.33527,1161,10,0
2025-07-28 21:00:00+00:00,1.33529,1.33564,1.33474,1.3351,915,52,0
2025-07-28 22:00:00+00:00,1.33583,1.33605,1.33539,1.33603,909,10,0
2025-07-28 23:00:00+00:00,1.336,1.33612,1.3355000000000001,1.3359,836,10,0
2025-07-29 00:00:00+00:00,1.33591,1.33591,1.33441,1.3345,1859,10,0
2025-07-29 01:00:00+00:00,1.33449,1.33579,1.33449,1.3349199999999999,2275,10,0
2025-07-29 02:00:00+00:00,1.33495,1.33565,1.33486,1.33556,1859,10,0
2025-07-29 03:00:00+00:00,1.33557,1.33574,1.33402,1.33402,1653,10,0
2025-07-29 04:00:00+00:00,1.33403,1.33501,1.3336000000000001,1.3348900000000001,1749,10,0
2025-07-29 05:00:00+00:00,1.3348900000000001,1.33531,1.3343099999999999,1.3348499999999999,1763,10,0
2025-07-29 06:00:00+00:00,1.33487,1.33535,1.33236,1.33263,4114,10,0
2025-07-29 07:00:00+00:00,1.33267,1.3336000000000001,1.33147,1.33325,4015,10,0
2025-07-29 08:00:00+00:00,1.33322,1.3348,1.3328,1.33413,2935,10,0
2025-07-29 09:00:00+00:00,1.33414,1.33585,1.33414,1.33531,2827,10,0
2025-07-29 10:00:00+00:00,1.33533,1.33616,1.33493,1.335,2480,10,0
2025-07-29 11:00:00+00:00,1.33502,1.33526,1.33266,1.33398,3311,10,0
2025-07-29 12:00:00+00:00,1.33398,1.33435,1.3315000000000001,1.3315000000000001,3700,10,0
2025-07-29 13:00:00+00:00,1.33147,1.33258,1.3307,1.33257,4067,10,0
2025-07-29 14:00:00+00:00,1.33256,1.3336700000000001,1.3309,1.3327200000000001,5712,10,0
2025-07-29 15:00:00+00:00,1.33274,1.33436,1.33254,1.33378,3721,10,0
2025-07-29 16:00:00+00:00,1.33379,1.33473,1.33369,1.33381,2592,10,0
2025-07-29 17:00:00+00:00,1.33381,1.33521,1.33362,1.33385,2743,10,0
2025-07-29 18:00:00+00:00,1.3338700000000001,1.33552,1.33348,1.33552,2216,10,0
2025-07-29 19:00:00+00:00,1.33551,1.33639,1.3352,1.33559,2043,10,0
2025-07-29 20:00:00+00:00,1.3356,1.33598,1.33462,1.33487,1232,10,0
2025-07-29 21:00:00+00:00,1.3348499999999999,1.33505,1.3338999999999999,1.3338999999999999,762,52,0
2025-07-29 22:00:00+00:00,1.33469,1.33533,1.33469,1.33522,725,10,0
2025-07-29 23:00:00+00:00,1.33521,1.33534,1.33486,1.33531,647,10,0
2025-07-30 00:00:00+00:00,1.33532,1.33659,1.33521,1.33652,1866,10,0
2025-07-30 01:00:00+00:00,1.33652,1.33688,1.33558,1.33565,2290,10,0
2025-07-30 02:00:00+00:00,1.33561,1.33642,1.33544,1.33594,1606,10,0
2025-07-30 03:00:00+00:00,1.33594,1.33686,1.33558,1.33591,1793,10,0
2025-07-30 04:00:00+00:00,1.33592,1.33596,1.3349,1.33502,1692,10,0
2025-07-30 05:00:00+00:00,1.33499,1.3355000000000001,1.33461,1.33476,1858,10,0
2025-07-30 06:00:00+00:00,1.3348,1.33649,1.33412,1.33639,2779,10,0
2025-07-30 07:00:00+00:00,1.3364,1.33682,1.33579,1.33603,3096,10,0
2025-07-30 08:00:00+00:00,1.33605,1.33686,1.33579,1.3366799999999999,2503,10,0
2025-07-30 09:00:00+00:00,1.3366500000000001,1.33815,1.33648,1.33805,2943,10,0
2025-07-30 10:00:00+00:00,1.33804,1.3385099999999999,1.33616,1.33625,2758,10,0
2025-07-30 11:00:00+00:00,1.33623,1.3373,1.33566,1.33724,2306,10,0
2025-07-30 12:00:00+00:00,1.33723,1.3379400000000001,1.33066,1.33088,6153,10,0
2025-07-30 13:00:00+00:00,1.3309,1.33136,1.3274,1.32815,5565,10,0
2025-07-30 14:00:00+00:00,1.3281399999999999,1.32945,1.32785,1.32903,4190,10,0
2025-07-30 15:00:00+00:00,1.32901,1.32915,1.32705,1.32725,3415,10,0
2025-07-30 16:00:00+00:00,1.32728,1.3281800000000001,1.3269199999999999,1.32812,2423,10,0
2025-07-30 17:00:00+00:00,1.32813,1.32919,1.32795,1.32908,2365,10,0
2025-07-30 18:00:00+00:00,1.3290600000000001,1.33124,1.32382,1.32383,12338,10,0
2025-07-30 19:00:00+00:00,1.3237999999999999,1.32511,1.32272,1.3244099999999999,6193,10,0
2025-07-30 20:00:00+00:00,1.3244,1.32541,1.32351,1.32355,2916,10,0
2025-07-30 21:00:00+00:00,1.32358,1.32363,1.32284,1.32327,1064,31,0
2025-07-30 22:00:00+00:00,1.32355,1.3254299999999999,1.32355,1.3253,1101,10,0
2025-07-30 23:00:00+00:00,1.3253,1.32587,1.32481,1.32553,1179,10,0
2025-07-31 00:00:00+00:00,1.32552,1.32575,1.32431,1.32512,2506,10,0
2025-07-31 01:00:00+00:00,1.3251,1.32585,1.32412,1.32574,2828,10,0
2025-07-31 02:00:00+00:00,1.32574,1.32616,1.32516,1.32598,2308,10,0
2025-07-31 03:00:00+00:00,1.32598,1.32629,1.32457,1.32587,2436,10,0
2025-07-31 04:00:00+00:00,1.32587,1.32695,1.32552,1.32682,2092,10,0
2025-07-31 05:00:00+00:00,1.32682,1.3271899999999999,1.32634,1.32635,1980,10,0
2025-07-31 06:00:00+00:00,1.32637,1.32816,1.32621,1.32771,3490,10,0
2025-07-31 07:00:00+00:00,1.32774,1.32781,1.32439,1.32584,3411,10,0
2025-07-31 08:00:00+00:00,1.32587,1.32608,1.32388,1.32493,3351,10,0
2025-07-31 09:00:00+00:00,1.32493,1.32498,1.32282,1.3228900000000001,2727,10,0
2025-07-31 10:00:00+00:00,1.3229199999999999,1.3234,1.32094,1.3228,2962,10,0
2025-07-31 11:00:00+00:00,1.32279,1.32415,1.32215,1.32386,3153,10,0
2025-07-31 12:00:00+00:00,1.32385,1.32401,1.3207900000000001,1.3216,4341,10,0
2025-07-31 13:00:00+00:00,1.32161,1.32185,1.31873,1.31884,4424,10,0
2025-07-31 14:00:00+00:00,1.31883,1.32389,1.3185,1.32312,6307,10,0
2025-07-31 15:00:00+00:00,1.32317,1.32367,1.32173,1.3219,4334,10,0
2025-07-31 16:00:00+00:00,1.32186,1.32368,1.32166,1.32223,3328,10,0
2025-07-31 17:00:00+00:00,1.32221,1.32227,1.32019,1.32031,2739,10,0
2025-07-31 18:00:00+00:00,1.32031,1.3223799999999999,1.3198699999999999,1.32183,2418,10,0
2025-07-31 19:00:00+00:00,1.32186,1.3226499999999999,1.32053,1.32055,2227,10,0
2025-07-31 20:00:00+00:00,1.3206,1.32103,1.31992,1.32032,1958,10,0
2025-07-31 21:00:00+00:00,1.32031,1.3207499999999999,1.31918,1.31918,1068,31,0
2025-07-31 22:00:00+00:00,1.32009,1.32088,1.31989,1.3206,961,10,0
2025-07-31 23:00:00+00:00,1.32059,1.32115,1.3199100000000001,1.32073,1681,10,0
2025-08-01 00:00:00+00:00,1.32073,1.3213,1.32007,1.32098,2577,10,0
2025-08-01 01:00:00+00:00,1.32101,1.32127,1.3192300000000001,1.31956,2674,10,0
2025-08-01 02:00:00+00:00,1.31956,1.3197999999999999,1.31893,1.31949,2143,10,0
2025-08-01 03:00:00+00:00,1.31942,1.32044,1.31941,1.32004,1788,10,0
2025-08-01 04:00:00+00:00,1.32004,1.32013,1.31931,1.31986,1514,10,0
2025-08-01 05:00:00+00:00,1.31983,1.32065,1.31949,1.32023,1774,10,0
2025-08-01 06:00:00+00:00,1.3202099999999999,1.32125,1.31974,1.3204500000000001,3012,10,0
2025-08-01 07:00:00+00:00,1.32046,1.32068,1.31853,1.31942,3254,10,0
2025-08-01 08:00:00+00:00,1.31938,1.31944,1.3159399999999999,1.31602,2706,10,0
2025-08-01 09:00:00+00:00,1.31604,1.31663,1.31407,1.31476,2751,10,0
2025-08-01 10:00:00+00:00,1.31479,1.31671,1.31458,1.31665,2709,10,0
2025-08-01 11:00:00+00:00,1.31665,1.31735,1.31568,1.31581,2592,10,0
2025-08-01 12:00:00+00:00,1.3158,1.33026,1.31441,1.3283800000000001,12824,10,0
2025-08-01 13:00:00+00:00,1.32842,1.33102,1.32626,1.32704,14443,10,0
2025-08-01 14:00:00+00:00,1.32712,1.32897,1.32566,1.32633,12058,10,0
2025-08-01 15:00:00+00:00,1.3263,1.32721,1.3244099999999999,1.32574,5600,10,0
2025-08-01 16:00:00+00:00,1.32572,1.32648,1.3241399999999999,1.32447,3920,10,0
2025-08-01 17:00:00+00:00,1.3244799999999999,1.32455,1.32151,1.32284,3746,10,0
2025-08-01 18:00:00+00:00,1.32286,1.3250199999999999,1.32217,1.3225799999999999,3172,10,0
2025-08-01 19:00:00+00:00,1.3226,1.32765,1.32242,1.32606,5054,10,0
2025-08-01 20:00:00+00:00,1.32611,1.32922,1.32603,1.32785,3912,10,0
2025-08-03 21:00:00+00:00,1.32704,1.3277,1.32678,1.32749,748,105,0
2025-08-03 22:00:00+00:00,1.32783,1.3285,1.32727,1.3277999999999999,2032,10,0
2025-08-03 23:00:00+00:00,1.32779,1.32919,1.32754,1.32904,1800,10,0
2025-08-04 00:00:00+00:00,1.32903,1.32925,1.32579,1.3261,3432,10,0
2025-08-04 01:00:00+00:00,1.32611,1.32773,1.3253300000000001,1.32759,3401,10,0
2025-08-04 02:00:00+00:00,1.3276,1.3284500000000001,1.3271899999999999,1.3280699999999999,2509,10,0
2025-08-04 03:00:00+00:00,1.3281100000000001,1.32891,1.32809,1.32826,2118,10,0
2025-08-04 04:00:00+00:00,1.32824,1.32877,1.32771,1.32772,1774,10,0
2025-08-04 05:00:00+00:00,1.32773,1.32828,1.32693,1.32754,2185,10,0
2025-08-04 06:00:00+00:00,1.32754,1.3290899999999999,1.32684,1.32835,3843,10,0
2025-08-04 07:00:00+00:00,1.32836,1.32851,1.32641,1.32765,4224,10,0
2025-08-04 08:00:00+00:00,1.32768,1.32789,1.32651,1.32775,3302,10,0
2025-08-04 09:00:00+00:00,1.32771,1.33056,1.32749,1.32922,3200,10,0
2025-08-04 10:00:00+00:00,1.32918,1.32977,1.32704,1.3296299999999999,2923,10,0
2025-08-04 11:00:00+00:00,1.32961,1.33138,1.32901,1.32944,3589,10,0
2025-08-04 12:00:00+00:00,1.32945,1.33114,1.32819,1.32971,4005,10,0
2025-08-04 13:00:00+00:00,1.3296999999999999,1.33127,1.32948,1.33017,4757,10,0
2025-08-04 14:00:00+00:00,1.33016,1.33304,1.32866,1.3293300000000001,6074,10,0
2025-08-04 15:00:00+00:00,1.32932,1.32988,1.32775,1.32869,4689,10,0
2025-08-04 16:00:00+00:00,1.3287200000000001,1.32921,1.32768,1.3285,2984,10,0
2025-08-04 17:00:00+00:00,1.32849,1.32857,1.32756,1.3281100000000001,2423,10,0
2025-08-04 18:00:00+00:00,1.32813,1.32853,1.32729,1.32752,2350,10,0
2025-08-04 19:00:00+00:00,1.32755,1.32816,1.32718,1.32757,1981,10,0
2025-08-04 20:00:00+00:00,1.32759,1.32882,1.32744,1.32833,1430,10,0
2025-08-04 21:00:00+00:00,1.3283800000000001,1.32861,1.32694,1.32694,811,22,0
2025-08-04 22:00:00+00:00,1.32799,1.3293599999999999,1.32799,1.32923,973,10,0
2025-08-04 23:00:00+00:00,1.32926,1.3299400000000001,1.32911,1.32973,1002,10,0
2025-08-05 00:00:00+00:00,1.32977,1.33026,1.32892,1.32982,2338,10,0
2025-08-05 01:00:00+00:00,1.32983,1.32993,1.3287,1.32886,2548,10,0
2025-08-05 02:00:00+00:00,1.32886,1.32889,1.32802,1.32837,1975,10,0
2025-08-05 03:00:00+00:00,1.32837,1.32846,1.3276,1.32765,1462,10,0
2025-08-05 04:00:00+00:00,1.32765,1.32873,1.32752,1.32853,1399,10,0
2025-08-05 05:00:00+00:00,1.32854,1.32854,1.32704,1.32742,1790,10,0
2025-08-05 06:00:00+00:00,1.32744,1.32924,1.32718,1.32786,2550,10,0
2025-08-05 07:00:00+00:00,1.3278699999999999,1.3295,1.32589,1.32724,3678,10,0
2025-08-05 08:00:00+00:00,1.3272300000000001,1.32886,1.3265799999999999,1.32794,3785,10,0
2025-08-05 09:00:00+00:00,1.32794,1.32947,1.32761,1.32913,3069,10,0
2025-08-05 10:00:00+00:00,1.32912,1.32946,1.32825,1.32854,2963,10,0
2025-08-05 11:00:00+00:00,1.32851,1.32851,1.32657,1.32799,3147,10,0
2025-08-05 12:00:00+00:00,1.328,1.32891,1.32696,1.32812,4490,10,0
2025-08-05 13:00:00+00:00,1.3281399999999999,1.32949,1.32679,1.32764,4612,10,0
2025-08-05 14:00:00+00:00,1.32761,1.32929,1.32677,1.3289,7669,10,0
2025-08-05 15:00:00+00:00,1.32889,1.33087,1.32882,1.33069,4281,10,0
2025-08-05 16:00:00+00:00,1.33066,1.33157,1.33033,1.33093,2964,10,0
2025-08-05 17:00:00+00:00,1.33093,1.33154,1.33008,1.33042,2335,10,0
2025-08-05 18:00:00+00:00,1.3304,1.3305500000000001,1.3290600000000001,1.32946,2488,10,0
2025-08-05 19:00:00+00:00,1.32946,1.32964,1.32884,1.32955,1966,10,0
2025-08-05 20:00:00+00:00,1.32958,1.33015,1.32917,1.32956,1307,10,0
2025-08-05 21:00:00+00:00,1.32953,1.32954,1.32856,1.32874,1117,31,0
2025-08-05 22:00:00+00:00,1.32972,1.32987,1.32914,1.3296700000000001,865,10,0
2025-08-05 23:00:00+00:00,1.3296700000000001,1.33006,1.32951,1.32977,908,10,0
2025-08-06 00:00:00+00:00,1.32973,1.33053,1.3296999999999999,1.33,1741,10,0
2025-08-06 01:00:00+00:00,1.32999,1.33005,1.32943,1.32973,1471,10,0
2025-08-06 02:00:00+00:00,1.32973,1.33044,1.32952,1.33003,1529,10,0
2025-08-06 03:00:00+00:00,1.33005,1.33096,1.33003,1.33086,1300,10,0
2025-08-06 04:00:00+00:00,1.3308499999999999,1.33134,1.33069,1.33109,1336,10,0
2025-08-06 05:00:00+00:00,1.33109,1.33113,1.33019,1.3305,1425,10,0
2025-08-06 06:00:00+00:00,1.33052,1.33087,1.32998,1.33012,2347,10,0
2025-08-06 07:00:00+00:00,1.33012,1.33036,1.32893,1.3302800000000001,2689,10,0
2025-08-06 08:00:00+00:00,1.3303,1.3303,1.32809,1.32834,2476,10,0
2025-08-06 09:00:00+00:00,1.32832,1.33017,1.32828,1.32975,2177,10,0
2025-08-06 10:00:00+00:00,1.32972,1.33232,1.32946,1.33166,3412,10,0
2025-08-06 11:00:00+00:00,1.33164,1.33296,1.33109,1.33175,2658,10,0
2025-08-06 12:00:00+00:00,1.33175,1.3320699999999999,1.33074,1.33168,2884,10,0
2025-08-06 13:00:00+00:00,1.33169,1.33287,1.33141,1.33255,3996,10,0
2025-08-06 14:00:00+00:00,1.33256,1.33318,1.33121,1.33297,4057,10,0
2025-08-06 15:00:00+00:00,1.33298,1.33581,1.33273,1.33578,4716,10,0
2025-08-06 16:00:00+00:00,1.33575,1.3362,1.33417,1.33464,3428,10,0
2025-08-06 17:00:00+00:00,1.33462,1.33597,1.33447,1.33549,2653,10,0
2025-08-06 18:00:00+00:00,1.33551,1.33677,1.3354,1.33626,2221,10,0
2025-08-06 19:00:00+00:00,1.33626,1.33647,1.33538,1.33569,1706,10,0
2025-08-06 20:00:00+00:00,1.33568,1.33598,1.33493,1.33554,1808,10,0
2025-08-06 21:00:00+00:00,1.33552,1.33559,1.33494,1.33494,945,31,0
2025-08-06 22:00:00+00:00,1.33566,1.3360400000000001,1.3354599999999999,1.33579,990,10,0
2025-08-06 23:00:00+00:00,1.33578,1.33601,1.33548,1.33569,895,10,0
2025-08-07 00:00:00+00:00,1.33567,1.33578,1.33457,1.33474,1821,10,0
2025-08-07 01:00:00+00:00,1.33474,1.33591,1.33453,1.3354,1986,10,0
2025-08-07 02:00:00+00:00,1.3354,1.336,1.33493,1.3351899999999999,1442,10,0
2025-08-07 03:00:00+00:00,1.33518,1.33608,1.33478,1.33591,1460,10,0
2025-08-07 04:00:00+00:00,1.33591,1.33682,1.3357299999999999,1.33676,1469,10,0
2025-08-07 05:00:00+00:00,1.33676,1.33705,1.33628,1.3369900000000001,1478,10,0
2025-08-07 06:00:00+00:00,1.33697,1.3376299999999999,1.33653,1.33737,2210,10,0
2025-08-07 07:00:00+00:00,1.33741,1.3379699999999999,1.3366799999999999,1.33741,2523,10,0
2025-08-07 08:00:00+00:00,1.33739,1.3379699999999999,1.33624,1.33685,3228,10,0
2025-08-07 09:00:00+00:00,1.33685,1.3372,1.33643,1.3367499999999999,2309,10,0
2025-08-07 10:00:00+00:00,1.33674,1.33788,1.3364500000000001,1.33778,2568,10,0
2025-08-07 11:00:00+00:00,1.33775,1.34317,1.33749,1.34124,6749,10,0
2025-08-07 12:00:00+00:00,1.34124,1.3436,1.34113,1.34202,5064,10,0
2025-08-07 13:00:00+00:00,1.34203,1.34306,1.34139,1.34232,5143,10,0
2025-08-07 14:00:00+00:00,1.34231,1.3426,1.3395299999999999,1.34035,6605,10,0
2025-08-07 15:00:00+00:00,1.34033,1.34341,1.339,1.34303,4041,10,0
2025-08-07 16:00:00+00:00,1.34307,1.34327,1.34235,1.34293,2661,10,0
2025-08-07 17:00:00+00:00,1.34295,1.34326,1.34186,1.34198,2633,10,0
2025-08-07 18:00:00+00:00,1.34196,1.34241,1.3403399999999999,1.34101,2220,10,0
2025-08-07 19:00:00+00:00,1.34098,1.3443800000000001,1.34067,1.3443,4175,10,0
2025-08-07 20:00:00+00:00,1.3443,1.3448,1.34395,1.34413,2140,10,0
2025-08-07 21:00:00+00:00,1.3441100000000001,1.34422,1.34348,1.3437000000000001,894,31,0
2025-08-07 22:00:00+00:00,1.34398,1.34494,1.34376,1.34476,1297,10,0
2025-08-07 23:00:00+00:00,1.3448,1.34519,1.34455,1.34505,1021,10,0
2025-08-08 00:00:00+00:00,1.34506,1.34528,1.3443,1.34475,1995,10,0
2025-08-08 01:00:00+00:00,1.34475,1.34503,1.34336,1.34366,1949,10,0
2025-08-08 02:00:00+00:00,1.34365,1.34449,1.34364,1.34418,1392,10,0
2025-08-08 03:00:00+00:00,1.34419,1.34419,1.34349,1.34384,1293,10,0
2025-08-08 04:00:00+00:00,1.34384,1.34394,1.34341,1.34348,1078,10,0
2025-08-08 05:00:00+00:00,1.3434599999999999,1.34357,1.34244,1.34256,1630,10,0
2025-08-08 06:00:00+00:00,1.34256,1.3431600000000001,1.34235,1.34286,1853,10,0
2025-08-08 07:00:00+00:00,1.34287,1.34485,1.34286,1.34415,2864,10,0
2025-08-08 08:00:00+00:00,1.34418,1.34506,1.34265,1.3434,2735,10,0
2025-08-08 09:00:00+00:00,1.34342,1.34531,1.34318,1.34462,2998,10,0
2025-08-08 10:00:00+00:00,1.34462,1.3448,1.3431600000000001,1.34414,2484,10,0
2025-08-08 11:00:00+00:00,1.34415,1.34517,1.34364,1.34402,2929,10,0
2025-08-08 12:00:00+00:00,1.34399,1.34413,1.34173,1.34222,3582,10,0
2025-08-08 13:00:00+00:00,1.34225,1.3441,1.34225,1.34273,3837,10,0
2025-08-08 14:00:00+00:00,1.34271,1.34474,1.34245,1.34375,4156,10,0
2025-08-08 15:00:00+00:00,1.3437700000000001,1.34541,1.34358,1.34417,3000,10,0
2025-08-08 16:00:00+00:00,1.34419,1.34471,1.34382,1.34469,2472,10,0
2025-08-08 17:00:00+00:00,1.34469,1.3458700000000001,1.3443399999999999,1.3452899999999999,1709,10,0
2025-08-08 18:00:00+00:00,1.3453300000000001,1.34558,1.34452,1.34525,2403,10,0
2025-08-08 19:00:00+00:00,1.34522,1.3452600000000001,1.34426,1.3449200000000001,2043,10,0
2025-08-08 20:00:00+00:00,1.34494,1.34543,1.34437,1.3450199999999999,1801,10,0
2025-08-10 21:00:00+00:00,1.34364,1.34402,1.34264,1.34366,586,100,0
2025-08-10 22:00:00+00:00,1.3441100000000001,1.34494,1.34395,1.34421,924,11,0
2025-08-10 23:00:00+00:00,1.34422,1.34471,1.34405,1.34426,862,11,0
2025-08-11 00:00:00+00:00,1.34426,1.34449,1.34359,1.3442,1614,11,0
2025-08-11 01:00:00+00:00,1.34419,1.3451,1.34403,1.3451,1516,11,0
2025-08-11 02:00:00+00:00,1.34509,1.34585,1.34508,1.3455300000000001,1305,11,0
2025-08-11 03:00:00+00:00,1.34552,1.3465500000000001,1.34536,1.3465,1287,11,0
2025-08-11 04:00:00+00:00,1.3465,1.3467799999999999,1.34627,1.3465799999999999,972,11,0
2025-08-11 05:00:00+00:00,1.34657,1.3469,1.34626,1.34676,1242,11,0
2025-08-11 06:00:00+00:00,1.3467799999999999,1.34764,1.34643,1.34679,2217,11,0
2025-08-11 07:00:00+00:00,1.34676,1.3467799999999999,1.34476,1.3453,2703,11,0
2025-08-11 08:00:00+00:00,1.3453,1.34661,1.34514,1.34639,2262,11,0
2025-08-11 09:00:00+00:00,1.34639,1.34689,1.3446500000000001,1.3453,2268,11,0
2025-08-11 10:00:00+00:00,1.34532,1.34584,1.34445,1.34454,2042,11,0
2025-08-11 11:00:00+00:00,1.34452,1.34473,1.34247,1.34296,2892,11,0
2025-08-11 12:00:00+00:00,1.34297,1.34325,1.34119,1.34229,3275,11,0
2025-08-11 13:00:00+00:00,1.34229,1.34265,1.34189,1.34206,3103,11,0
2025-08-11 14:00:00+00:00,1.34207,1.34214,1.33986,1.34063,3660,11,0
2025-08-11 15:00:00+00:00,1.34066,1.34165,1.34015,1.34139,2509,11,0
2025-08-11 16:00:00+00:00,1.34142,1.34257,1.3413599999999999,1.34244,2194,11,0
2025-08-11 17:00:00+00:00,1.34243,1.34315,1.34167,1.34298,1883,11,0
2025-08-11 18:00:00+00:00,1.34297,1.34367,1.34269,1.34348,1755,11,0
2025-08-11 19:00:00+00:00,1.34347,1.3435000000000001,1.34229,1.34272,1471,11,0
2025-08-11 20:00:00+00:00,1.34269,1.34354,1.34265,1.34302,1057,11,0
2025-08-11 21:00:00+00:00,1.34299,1.34308,1.34239,1.34267,1084,31,0
2025-08-11 22:00:00+00:00,1.34302,1.34331,1.34288,1.3433,573,11,0
2025-08-11 23:00:00+00:00,1.34333,1.34351,1.34317,1.3433,611,11,0
2025-08-12 00:00:00+00:00,1.34328,1.34371,1.34276,1.34296,1767,11,0
2025-08-12 01:00:00+00:00,1.34293,1.34382,1.34275,1.34306,1727,11,0
2025-08-12 02:00:00+00:00,1.34307,1.34367,1.34293,1.34367,1092,11,0
2025-08-12 03:00:00+00:00,1.34367,1.3439,1.34305,1.34321,1213,11,0
2025-08-12 04:00:00+00:00,1.3432,1.34383,1.34238,1.34376,1521,11,0
2025-08-12 05:00:00+00:00,1.3437700000000001,1.3439999999999999,1.34196,1.34239,2326,11,0
2025-08-12 06:00:00+00:00,1.34235,1.34461,1.34226,1.34336,3746,11,0
2025-08-12 07:00:00+00:00,1.34337,1.3459400000000001,1.34311,1.3458,3100,11,0
2025-08-12 08:00:00+00:00,1.34584,1.3470900000000001,1.34473,1.3468200000000001,2871,11,0
2025-08-12 09:00:00+00:00,1.3468200000000001,1.3472,1.34522,1.3458700000000001,2463,11,0
2025-08-12 10:00:00+00:00,1.34586,1.34634,1.34548,1.34567,2149,11,0
2025-08-12 11:00:00+00:00,1.34567,1.34589,1.3446,1.34569,2530,11,0
2025-08-12 12:00:00+00:00,1.3457,1.35095,1.34552,1.34852,8526,11,0
2025-08-12 13:00:00+00:00,1.3485,1.34999,1.34626,1.34877,10196,11,0
2025-08-12 14:00:00+00:00,1.34877,1.3497,1.34781,1.34876,5474,11,0
2025-08-12 15:00:00+00:00,1.34876,1.3523399999999999,1.34854,1.35064,4526,11,0
2025-08-12 16:00:00+00:00,1.35064,1.35206,1.34993,1.3515,3509,11,0
2025-08-12 17:00:00+00:00,1.35152,1.35154,1.35065,1.35069,2617,11,0
2025-08-12 18:00:00+00:00,1.35071,1.3511199999999999,1.34916,1.34951,2122,11,0
2025-08-12 19:00:00+00:00,1.34951,1.34966,1.34877,1.34955,1585,11,0
2025-08-12 20:00:00+00:00,1.34951,1.35001,1.34917,1.34979,1188,11,0
2025-08-12 21:00:00+00:00,1.34982,1.34993,1.34946,1.3496000000000001,965,31,0
2025-08-12 22:00:00+00:00,1.34996,1.3501699999999999,1.34973,1.34999,935,11,0
2025-08-12 23:00:00+00:00,1.35,1.35056,1.34991,1.35036,659,11,0
2025-08-13 00:00:00+00:00,1.35036,1.35058,1.34967,1.35018,1580,11,0
2025-08-13 01:00:00+00:00,1.3502,1.35076,1.3497,1.3498,1830,11,0
2025-08-13 02:00:00+00:00,1.3498,1.3504399999999999,1.3492199999999999,1.35025,1328,11,0
2025-08-13 03:00:00+00:00,1.3502399999999999,1.35061,1.35004,1.35029,1071,11,0
2025-08-13 04:00:00+00:00,1.35029,1.35055,1.35007,1.35041,934,11,0
2025-08-13 05:00:00+00:00,1.35041,1.35077,1.3498999999999999,1.35066,1447,11,0
2025-08-13 06:00:00+00:00,1.35068,1.35171,1.35061,1.35156,2440,11,0
2025-08-13 07:00:00+00:00,1.35158,1.35469,1.35153,1.35437,3180,11,0
2025-08-13 08:00:00+00:00,1.35436,1.35626,1.35425,1.3556599999999999,3047,11,0
2025-08-13 09:00:00+00:00,1.35569,1.35778,1.35555,1.35755,2490,11,0
2025-08-13 10:00:00+00:00,1.3575300000000001,1.35782,1.3565800000000001,1.35679,2691,11,0
2025-08-13 11:00:00+00:00,1.35679,1.35782,1.35647,1.35764,2532,11,0
2025-08-13 12:00:00+00:00,1.35766,1.35795,1.35587,1.35601,3256,11,0
2025-08-13 13:00:00+00:00,1.35598,1.3577,1.35532,1.35733,3540,11,0
2025-08-13 14:00:00+00:00,1.35731,1.35845,1.35687,1.35712,3607,11,0
2025-08-13 15:00:00+00:00,1.35709,1.3575300000000001,1.35612,1.3571,3073,11,0
2025-08-13 16:00:00+00:00,1.35705,1.35784,1.35677,1.3572899999999999,2188,11,0
2025-08-13 17:00:00+00:00,1.3573,1.35767,1.35672,1.35698,1857,11,0
2025-08-13 18:00:00+00:00,1.35699,1.35711,1.3563,1.3566799999999999,1533,11,0
2025-08-13 19:00:00+00:00,1.3566799999999999,1.35741,1.35638,1.3573,1296,11,0
2025-08-13 20:00:00+00:00,1.3573,1.35805,1.3572199999999999,1.35727,961,11,0
2025-08-13 21:00:00+00:00,1.35724,1.35737,1.35664,1.35708,927,31,0
2025-08-13 22:00:00+00:00,1.35735,1.35798,1.35715,1.35795,705,11,0
2025-08-13 23:00:00+00:00,1.35795,1.3585,1.35793,1.35846,744,11,0
2025-08-14 00:00:00+00:00,1.35846,1.35874,1.35811,1.35854,1622,11,0
2025-08-14 01:00:00+00:00,1.35853,1.35915,1.3581699999999999,1.35829,2138,11,0
2025-08-14 02:00:00+00:00,1.35827,1.35846,1.3572,1.35775,1925,11,0
2025-08-14 03:00:00+00:00,1.35775,1.35775,1.35702,1.35732,1518,11,0
2025-08-14 04:00:00+00:00,1.35732,1.35775,1.35708,1.35751,1253,11,0
2025-08-14 05:00:00+00:00,1.35751,1.35762,1.35682,1.35725,1444,11,0
2025-08-14 06:00:00+00:00,1.3572600000000001,1.35906,1.35721,1.35784,3572,11,0
2025-08-14 07:00:00+00:00,1.3578700000000001,1.35906,1.3568,1.35731,4111,11,0
2025-08-14 08:00:00+00:00,1.3573,1.35826,1.3562400000000001,1.35717,3032,11,0
2025-08-14 09:00:00+00:00,1.35714,1.3592,1.3568,1.35777,2717,11,0
2025-08-14 10:00:00+00:00,1.35776,1.35946,1.35745,1.35805,2730,11,0
2025-08-14 11:00:00+00:00,1.35802,1.35837,1.3572,1.35736,2707,11,0
2025-08-14 12:00:00+00:00,1.35738,1.35818,1.35459,1.35524,6265,11,0
2025-08-14 13:00:00+00:00,1.35527,1.35562,1.35342,1.35348,5066,11,0
2025-08-14 14:00:00+00:00,1.35348,1.35565,1.35332,1.35552,3993,11,0
2025-08-14 15:00:00+00:00,1.35553,1.35565,1.35267,1.3529499999999999,3819,11,0
2025-08-14 16:00:00+00:00,1.35298,1.35314,1.35202,1.35229,2678,11,0
2025-08-14 17:00:00+00:00,1.3523100000000001,1.3532899999999999,1.35226,1.35316,2169,11,0
2025-08-14 18:00:00+00:00,1.35317,1.35338,1.3524,1.35328,1814,11,0
2025-08-14 19:00:00+00:00,1.35324,1.3538999999999999,1.35318,1.35362,1527,11,0
2025-08-14 20:00:00+00:00,1.3536000000000001,1.3538299999999999,1.3526500000000001,1.35267,1105,11,0
2025-08-14 21:00:00+00:00,1.3526799999999999,1.3529,1.35233,1.3525,1038,52,0
2025-08-14 22:00:00+00:00,1.35286,1.3532199999999999,1.35269,1.35283,710,11,0
2025-08-14 23:00:00+00:00,1.35283,1.35312,1.35256,1.35294,644,11,0
2025-08-15 00:00:00+00:00,1.35294,1.3535,1.35266,1.35341,1542,11,0
2025-08-15 01:00:00+00:00,1.35344,1.35397,1.35304,1.35366,1789,11,0
2025-08-15 02:00:00+00:00,1.35365,1.3544100000000001,1.35345,1.35427,1558,11,0
2025-08-15 03:00:00+00:00,1.3543,1.35508,1.3543,1.35468,1417,11,0
2025-08-15 04:00:00+00:00,1.35468,1.35491,1.3544,1.35473,831,11,0
2025-08-15 05:00:00+00:00,1.35469,1.35525,1.35434,1.3551,1050,11,0
2025-08-15 06:00:00+00:00,1.35513,1.3554599999999999,1.35419,1.35522,2047,11,0
2025-08-15 07:00:00+00:00,1.35525,1.35599,1.35472,1.3554599999999999,2342,11,0
2025-08-15 08:00:00+00:00,1.35545,1.35576,1.35459,1.35459,2044,11,0
2025-08-15 09:00:00+00:00,1.35456,1.35576,1.35454,1.35564,2019,11,0
2025-08-15 10:00:00+00:00,1.35562,1.3563100000000001,1.3550900000000001,1.35585,1907,11,0
2025-08-15 11:00:00+00:00,1.35585,1.35644,1.35544,1.35594,1915,11,0
2025-08-15 12:00:00+00:00,1.35593,1.35694,1.35456,1.3560400000000001,3739,11,0
2025-08-15 13:00:00+00:00,1.3560400000000001,1.35748,1.35534,1.3566099999999999,3948,11,0
2025-08-15 14:00:00+00:00,1.3565800000000001,1.35721,1.35572,1.35591,4249,11,0
2025-08-15 15:00:00+00:00,1.35589,1.35712,1.35579,1.3562400000000001,2831,11,0
2025-08-15 16:00:00+00:00,1.3562400000000001,1.35638,1.3553600000000001,1.3557000000000001,1909,11,0
2025-08-15 17:00:00+00:00,1.35572,1.35588,1.35515,1.35551,1673,11,0
2025-08-15 18:00:00+00:00,1.35552,1.35572,1.35508,1.35534,1705,11,0
2025-08-15 19:00:00+00:00,1.35535,1.3556599999999999,1.35495,1.35549,1355,11,0
2025-08-15 20:00:00+00:00,1.3554599999999999,1.35593,1.35496,1.35533,2909,11,0
2025-08-17 21:00:00+00:00,1.3545099999999999,1.35542,1.35405,1.35542,582,98,0
2025-08-17 22:00:00+00:00,1.35647,1.35647,1.35565,1.35608,978,11,0
2025-08-17 23:00:00+00:00,1.35612,1.35617,1.35532,1.35556,980,11,0
2025-08-18 00:00:00+00:00,1.35555,1.3562,1.35519,1.35527,1668,11,0
2025-08-18 01:00:00+00:00,1.35527,1.35601,1.35493,1.35585,1689,11,0
2025-08-18 02:00:00+00:00,1.35586,1.35602,1.35484,1.35492,1112,11,0
2025-08-18 03:00:00+00:00,1.35492,1.35569,1.35491,1.35555,1155,11,0
2025-08-18 04:00:00+00:00,1.35555,1.35648,1.35544,1.35625,1212,11,0
2025-08-18 05:00:00+00:00,1.35625,1.35639,1.35583,1.3560699999999999,1300,11,0
2025-08-18 06:00:00+00:00,1.35605,1.35629,1.35399,1.35443,2353,11,0
2025-08-18 07:00:00+00:00,1.35447,1.35538,1.35375,1.35385,2870,11,0
2025-08-18 08:00:00+00:00,1.3538299999999999,1.3554,1.35306,1.35459,2834,11,0
2025-08-18 09:00:00+00:00,1.35457,1.355,1.35384,1.35395,2686,11,0
2025-08-18 10:00:00+00:00,1.35395,1.35459,1.3536299999999999,1.35378,2067,11,0
2025-08-18 11:00:00+00:00,1.35378,1.35473,1.35344,1.35376,1969,11,0
2025-08-18 12:00:00+00:00,1.35379,1.35434,1.35352,1.35434,2413,11,0
2025-08-18 13:00:00+00:00,1.35434,1.35463,1.35355,1.35377,2729,11,0
2025-08-18 14:00:00+00:00,1.35377,1.3544,1.35124,1.35156,3747,11,0
2025-08-18 15:00:00+00:00,1.35158,1.3522,1.35108,1.35187,2713,11,0
2025-08-18 16:00:00+00:00,1.35189,1.35211,1.35064,1.35087,2274,11,0
2025-08-18 17:00:00+00:00,1.35088,1.35152,1.35066,1.35091,2018,11,0
2025-08-18 18:00:00+00:00,1.35089,1.35096,1.3502399999999999,1.3505099999999999,1474,11,0
2025-08-18 19:00:00+00:00,1.35052,1.3512,1.3505,1.35058,1446,11,0
2025-08-18 20:00:00+00:00,1.35054,1.35077,1.34998,1.35003,988,11,0
2025-08-18 21:00:00+00:00,1.35001,1.35054,1.34939,1.34994,920,31,0
2025-08-18 22:00:00+00:00,1.35067,1.35132,1.35023,1.3508,980,11,0
2025-08-18 23:00:00+00:00,1.35084,1.3508499999999999,1.35011,1.35073,910,11,0
2025-08-19 00:00:00+00:00,1.3507500000000001,1.351,1.35005,1.35025,1799,11,0
2025-08-19 01:00:00+00:00,1.35023,1.35037,1.34864,1.34948,2334,11,0
2025-08-19 02:00:00+00:00,1.34947,1.35012,1.34928,1.34981,1700,11,0
2025-08-19 03:00:00+00:00,1.3498299999999999,1.35041,1.3496000000000001,1.35002,1571,11,0
2025-08-19 04:00:00+00:00,1.34999,1.35062,1.34965,1.35047,1370,11,0
2025-08-19 05:00:00+00:00,1.35047,1.35092,1.34971,1.34992,1573,11,0
2025-08-19 06:00:00+00:00,1.34993,1.35144,1.34959,1.35141,2458,11,0
2025-08-19 07:00:00+00:00,1.3514300000000001,1.35223,1.3513,1.35201,3021,11,0
2025-08-19 08:00:00+00:00,1.35202,1.35224,1.35131,1.35195,2349,11,0
2025-08-19 09:00:00+00:00,1.35196,1.35237,1.35101,1.35175,2124,11,0
2025-08-19 10:00:00+00:00,1.35175,1.35307,1.3516,1.3522,2078,11,0
2025-08-19 11:00:00+00:00,1.35218,1.3525800000000001,1.35137,1.35208,1996,11,0
2025-08-19 12:00:00+00:00,1.3520699999999999,1.35253,1.35029,1.3509,2957,11,0
2025-08-19 13:00:00+00:00,1.35088,1.35123,1.3495599999999999,1.35101,3298,11,0
2025-08-19 14:00:00+00:00,1.35099,1.35155,1.34948,1.3502,3178,11,0
2025-08-19 15:00:00+00:00,1.3502100000000001,1.35055,1.349,1.3492600000000001,2666,11,0
2025-08-19 16:00:00+00:00,1.34925,1.3495,1.34847,1.34887,2406,11,0
2025-08-19 17:00:00+00:00,1.34888,1.34954,1.34853,1.3489200000000001,1764,11,0
2025-08-19 18:00:00+00:00,1.3489200000000001,1.349,1.34772,1.34848,1693,11,0
2025-08-19 19:00:00+00:00,1.34844,1.34901,1.34813,1.34891,1199,11,0
2025-08-19 20:00:00+00:00,1.34889,1.34924,1.34872,1.34905,939,11,0
2025-08-19 21:00:00+00:00,1.3490199999999999,1.34904,1.34828,1.3486,906,31,0
2025-08-19 22:00:00+00:00,1.34885,1.34925,1.34869,1.34908,654,11,0
2025-08-19 23:00:00+00:00,1.34907,1.34908,1.3484099999999999,1.34845,968,11,0
2025-08-20 00:00:00+00:00,1.34843,1.3485800000000001,1.3474300000000001,1.34794,1889,11,0
2025-08-20 01:00:00+00:00,1.34795,1.34832,1.34697,1.3473,2159,11,0
2025-08-20 02:00:00+00:00,1.3473,1.3473,1.34613,1.34665,2598,11,0
2025-08-20 03:00:00+00:00,1.34665,1.34764,1.34663,1.3471899999999999,1970,11,0
2025-08-20 04:00:00+00:00,1.34718,1.34783,1.34714,1.34738,1154,11,0
2025-08-20 05:00:00+00:00,1.34738,1.34877,1.34711,1.34843,1407,11,0
2025-08-20 06:00:00+00:00,1.34851,1.35084,1.3481,1.34887,4292,11,0
2025-08-20 07:00:00+00:00,1.34886,1.35091,1.34885,1.35088,3499,11,0
2025-08-20 08:00:00+00:00,1.35083,1.35088,1.34903,1.35006,2884,11,0
2025-08-20 09:00:00+00:00,1.35003,1.35049,1.34962,1.35007,2276,11,0
2025-08-20 10:00:00+00:00,1.35005,1.35037,1.34898,1.34941,2195,11,0
2025-08-20 11:00:00+00:00,1.34941,1.34959,1.34713,1.34714,2130,11,0
2025-08-20 12:00:00+00:00,1.34714,1.34955,1.34714,1.34883,3700,11,0
2025-08-20 13:00:00+00:00,1.3488,1.34915,1.34695,1.34776,3553,11,0
2025-08-20 14:00:00+00:00,1.34776,1.34837,1.34604,1.34723,4253,11,0
2025-08-20 15:00:00+00:00,1.34723,1.34737,1.34467,1.34487,3124,11,0
2025-08-20 16:00:00+00:00,1.34489,1.34625,1.34485,1.34601,2284,11,0
2025-08-20 17:00:00+00:00,1.34599,1.3471199999999999,1.34582,1.3468499999999999,1990,11,0
2025-08-20 18:00:00+00:00,1.34683,1.34684,1.34498,1.34514,2310,11,0
2025-08-20 19:00:00+00:00,1.34513,1.34565,1.34477,1.34537,1449,11,0
2025-08-20 20:00:00+00:00,1.34537,1.34578,1.3449200000000001,1.34528,932,11,0
2025-08-20 21:00:00+00:00,1.34517,1.34564,1.34506,1.34536,823,31,0
2025-08-20 22:00:00+00:00,1.34564,1.34579,1.34538,1.34551,767,11,0
2025-08-20 23:00:00+00:00,1.34551,1.34663,1.34501,1.34652,1095,11,0
2025-08-21 00:00:00+00:00,1.34652,1.34654,1.34509,1.3456000000000001,1884,11,0
2025-08-21 01:00:00+00:00,1.34558,1.34642,1.34525,1.34583,2104,11,0
2025-08-21 02:00:00+00:00,1.34581,1.3459699999999999,1.34501,1.34506,1515,11,0
2025-08-21 03:00:00+00:00,1.34509,1.34559,1.34462,1.34532,1190,11,0
2025-08-21 04:00:00+00:00,1.34532,1.34545,1.34508,1.34518,854,11,0
2025-08-21 05:00:00+00:00,1.3452,1.34538,1.34475,1.34534,1285,11,0
2025-08-21 06:00:00+00:00,1.34532,1.34584,1.3440699999999999,1.34451,2499,11,0
2025-08-21 07:00:00+00:00,1.34453,1.34571,1.3435000000000001,1.34555,3190,11,0
2025-08-21 08:00:00+00:00,1.34551,1.34722,1.34508,1.34653,2791,11,0
2025-08-21 09:00:00+00:00,1.34653,1.34822,1.34645,1.34747,2553,11,0
2025-08-21 10:00:00+00:00,1.3474599999999999,1.34751,1.34647,1.34727,2383,11,0
2025-08-21 11:00:00+00:00,1.34726,1.34748,1.3454,1.34542,2695,11,0
2025-08-21 12:00:00+00:00,1.34542,1.3473,1.34412,1.34457,3797,11,0
2025-08-21 13:00:00+00:00,1.34452,1.34592,1.34235,1.34262,4542,11,0
2025-08-21 14:00:00+00:00,1.3426,1.34432,1.34234,1.34261,4454,11,0
2025-08-21 15:00:00+00:00,1.34259,1.3434599999999999,1.34093,1.34142,4794,11,0
2025-08-21 16:00:00+00:00,1.34141,1.34212,1.34052,1.34185,2696,11,0
2025-08-21 17:00:00+00:00,1.34189,1.34262,1.34174,1.3422,2227,11,0
2025-08-21 18:00:00+00:00,1.34219,1.34245,1.34166,1.34182,1829,11,0
2025-08-21 19:00:00+00:00,1.34182,1.3418999999999999,1.34119,1.34125,1348,11,0
2025-08-21 20:00:00+00:00,1.3412,1.34154,1.34109,1.34116,749,11,0
2025-08-21 21:00:00+00:00,1.34119,1.3412,1.3405,1.3405,744,31,0
2025-08-21 22:00:00+00:00,1.34097,1.34181,1.34089,1.34171,645,11,0
2025-08-21 23:00:00+00:00,1.34171,1.3419400000000001,1.34135,1.34175,734,11,0
2025-08-22 00:00:00+00:00,1.34175,1.342,1.34142,1.3419699999999999,1523,11,0
2025-08-22 01:00:00+00:00,1.34196,1.34228,1.34069,1.34106,1927,11,0
2025-08-22 02:00:00+00:00,1.34106,1.34162,1.34078,1.34113,1730,11,0
2025-08-22 03:00:00+00:00,1.34111,1.3413300000000001,1.34001,1.34012,1638,11,0
2025-08-22 04:00:00+00:00,1.34013,1.34043,1.33928,1.33936,1395,11,0
2025-08-22 05:00:00+00:00,1.33934,1.3397299999999999,1.33914,1.33939,1472,11,0
2025-08-22 06:00:00+00:00,1.33933,1.34044,1.33897,1.34015,2363,11,0
2025-08-22 07:00:00+00:00,1.34015,1.34097,1.3401,1.34057,2257,11,0
2025-08-22 08:00:00+00:00,1.34055,1.34143,1.34044,1.3412899999999999,1997,11,0
2025-08-22 09:00:00+00:00,1.34131,1.34189,1.341,1.34106,1823,11,0
2025-08-22 10:00:00+00:00,1.34108,1.34151,1.3406799999999999,1.34103,1847,11,0
2025-08-22 11:00:00+00:00,1.34104,1.34184,1.34094,1.34146,2367,11,0
2025-08-22 12:00:00+00:00,1.34149,1.342,1.34109,1.34124,2471,11,0
2025-08-22 13:00:00+00:00,1.34125,1.34317,1.34116,1.34228,3341,11,0
2025-08-22 14:00:00+00:00,1.3423,1.35241,1.3423,1.35241,13315,11,0
2025-08-22 15:00:00+00:00,1.3524,1.35436,1.3521,1.35249,5097,11,0
2025-08-22 16:00:00+00:00,1.35249,1.35386,1.35209,1.35252,3705,11,0
2025-08-22 17:00:00+00:00,1.3525,1.35437,1.3525,1.35365,2993,11,0
2025-08-22 18:00:00+00:00,1.35361,1.35397,1.35226,1.35251,2352,11,0
2025-08-22 19:00:00+00:00,1.35253,1.3526099999999999,1.35168,1.35182,1646,11,0
2025-08-22 20:00:00+00:00,1.35182,1.35293,1.3517299999999999,1.3527,1882,11,0
2025-08-24 21:00:00+00:00,1.35084,1.35189,1.35056,1.35117,1555,104,0
2025-08-24 22:00:00+00:00,1.35184,1.35243,1.35125,1.35151,994,11,0
2025-08-24 23:00:00+00:00,1.35151,1.3517299999999999,1.3507500000000001,1.3508,1027,11,0
2025-08-25 00:00:00+00:00,1.35081,1.3509,1.34947,1.34972,1832,11,0
2025-08-25 01:00:00+00:00,1.34971,1.3501,1.34891,1.34931,1950,11,0
2025-08-25 02:00:00+00:00,1.34931,1.35012,1.3490199999999999,1.3498999999999999,1314,11,0
2025-08-25 03:00:00+00:00,1.3498999999999999,1.35121,1.3498999999999999,1.35106,1279,11,0
2025-08-25 04:00:00+00:00,1.3510499999999999,1.35145,1.35086,1.35111,1069,11,0
2025-08-25 05:00:00+00:00,1.35111,1.35114,1.35064,1.35107,1205,11,0
2025-08-25 06:00:00+00:00,1.35108,1.35266,1.35108,1.3519,2351,11,0
2025-08-25 07:00:00+00:00,1.35187,1.3519,1.3502,1.35034,2310,11,0
2025-08-25 08:00:00+00:00,1.3503,1.3508499999999999,1.35016,1.35027,2171,11,0
2025-08-25 09:00:00+00:00,1.35025,1.35045,1.3491900000000001,1.34945,1719,11,0
2025-08-25 10:00:00+00:00,1.34944,1.34964,1.3483399999999999,1.34903,1941,11,0
2025-08-25 11:00:00+00:00,1.34905,1.3519,1.3489900000000001,1.3519,2197,11,0
2025-08-25 12:00:00+00:00,1.35192,1.3520400000000001,1.34989,1.35041,2383,11,0
2025-08-25 13:00:00+00:00,1.35041,1.35126,1.34996,1.35086,2863,11,0
2025-08-25 14:00:00+00:00,1.3508200000000001,1.3511600000000001,1.34997,1.35016,3420,11,0
2025-08-25 15:00:00+00:00,1.35018,1.3503,1.34839,1.34887,3372,11,0
2025-08-25 16:00:00+00:00,1.34888,1.3492600000000001,1.34843,1.34876,2677,11,0
2025-08-25 17:00:00+00:00,1.34876,1.34897,1.34769,1.34789,2222,11,0
2025-08-25 18:00:00+00:00,1.34789,1.34809,1.34573,1.346,2300,11,0
2025-08-25 19:00:00+00:00,1.34603,1.34615,1.34454,1.34535,2446,11,0
2025-08-25 20:00:00+00:00,1.34534,1.3461400000000001,1.34519,1.34521,1556,11,0
2025-08-25 21:00:00+00:00,1.34523,1.34571,1.34429,1.34506,1104,31,0
2025-08-25 22:00:00+00:00,1.34547,1.3458,1.3452899999999999,1.3455300000000001,785,11,0
2025-08-25 23:00:00+00:00,1.34554,1.34569,1.3449200000000001,1.34539,779,11,0
2025-08-26 00:00:00+00:00,1.34542,1.349,1.34475,1.34806,5918,11,0
2025-08-26 01:00:00+00:00,1.34806,1.34826,1.34669,1.34714,2958,11,0
2025-08-26 02:00:00+00:00,1.34713,1.34765,1.34609,1.34643,2208,11,0
2025-08-26 03:00:00+00:00,1.34644,1.34644,1.345,1.34514,2042,11,0
2025-08-26 04:00:00+00:00,1.34512,1.34582,1.34497,1.34566,1503,11,0
2025-08-26 05:00:00+00:00,1.34565,1.3467500000000001,1.3452899999999999,1.3465099999999999,1922,11,0
2025-08-26 06:00:00+00:00,1.34647,1.34652,1.3445,1.34591,3566,11,0
2025-08-26 07:00:00+00:00,1.34588,1.34634,1.3434,1.3455,4358,11,0
2025-08-26 08:00:00+00:00,1.34555,1.34694,1.34546,1.34634,3378,11,0
2025-08-26 09:00:00+00:00,1.34634,1.34808,1.34608,1.34791,2707,11,0
2025-08-26 10:00:00+00:00,1.3479,1.34816,1.34717,1.34783,2238,11,0
2025-08-26 11:00:00+00:00,1.34782,1.3493,1.34759,1.34875,2402,11,0
2025-08-26 12:00:00+00:00,1.34876,1.3492199999999999,1.34764,1.34784,3450,11,0
2025-08-26 13:00:00+00:00,1.34781,1.34824,1.34697,1.34802,3790,11,0
2025-08-26 14:00:00+00:00,1.34805,1.34893,1.34697,1.3477999999999999,4440,11,0
2025-08-26 15:00:00+00:00,1.3477999999999999,1.34896,1.3474599999999999,1.34812,3198,11,0
2025-08-26 16:00:00+00:00,1.34812,1.34927,1.34763,1.34769,2410,11,0
2025-08-26 17:00:00+00:00,1.34771,1.34801,1.34718,1.34722,2001,11,0
2025-08-26 18:00:00+00:00,1.3472,1.34815,1.34674,1.34793,1879,11,0
2025-08-26 19:00:00+00:00,1.34792,1.3485,1.34778,1.3477999999999999,1556,11,0
2025-08-26 20:00:00+00:00,1.34778,1.34782,1.34723,1.34758,949,11,0
2025-08-26 21:00:00+00:00,1.34758,1.34782,1.34717,1.34729,1039,31,0
2025-08-26 22:00:00+00:00,1.34798,1.34821,1.34769,1.34803,799,11,0
2025-08-26 23:00:00+00:00,1.34803,1.34809,1.34748,1.34764,756,11,0
2025-08-27 00:00:00+00:00,1.34764,1.3477700000000001,1.34679,1.3471199999999999,1580,11,0
2025-08-27 01:00:00+00:00,1.34713,1.3474300000000001,1.34684,1.34694,2030,11,0
2025-08-27 02:00:00+00:00,1.34693,1.347,1.34595,1.34622,1543,11,0
2025-08-27 03:00:00+00:00,1.34622,1.34664,1.34551,1.34571,1240,11,0
2025-08-27 04:00:00+00:00,1.34574,1.34575,1.3446500000000001,1.34482,1289,11,0
2025-08-27 05:00:00+00:00,1.34482,1.34555,1.34462,1.3455300000000001,1168,11,0
2025-08-27 06:00:00+00:00,1.3455300000000001,1.34652,1.34518,1.34639,2003,11,0
2025-08-27 07:00:00+00:00,1.34636,1.3465500000000001,1.3441100000000001,1.34528,2855,11,0
2025-08-27 08:00:00+00:00,1.34528,1.3453,1.34301,1.34445,3076,11,0
2025-08-27 09:00:00+00:00,1.3445,1.34494,1.34396,1.34412,2263,11,0
2025-08-27 10:00:00+00:00,1.34413,1.34415,1.34207,1.3422,2253,11,0
2025-08-27 11:00:00+00:00,1.34222,1.34344,1.34161,1.34301,2369,11,0
2025-08-27 12:00:00+00:00,1.34302,1.34445,1.34302,1.34408,2894,11,0
2025-08-27 13:00:00+00:00,1.34409,1.34554,1.34351,1.34464,3316,11,0
2025-08-27 14:00:00+00:00,1.34469,1.34606,1.3443,1.34593,3577,11,0
2025-08-27 15:00:00+00:00,1.3459699999999999,1.3473,1.3459699999999999,1.34657,3072,11,0
2025-08-27 16:00:00+00:00,1.34657,1.34971,1.34657,1.34957,2577,11,0
2025-08-27 17:00:00+00:00,1.34957,1.3501400000000001,1.34925,1.35009,2286,11,0
2025-08-27 18:00:00+00:00,1.35005,1.35011,1.349,1.34967,1948,11,0
2025-08-27 19:00:00+00:00,1.34966,1.34986,1.34925,1.34971,1514,11,0
2025-08-27 20:00:00+00:00,1.34972,1.34992,1.3492600000000001,1.34968,1359,11,0
2025-08-27 21:00:00+00:00,1.34978,1.34981,1.34854,1.34937,761,19,0
2025-08-27 22:00:00+00:00,1.34935,1.3501,1.34935,1.34985,658,11,0
2025-08-27 23:00:00+00:00,1.34985,1.35054,1.34975,1.35032,865,11,0
2025-08-28 00:00:00+00:00,1.35032,1.35049,1.34965,1.35042,1569,11,0
2025-08-28 01:00:00+00:00,1.35041,1.35118,1.35004,1.35041,1686,11,0
2025-08-28 02:00:00+00:00,1.35036,1.35181,1.35028,1.35158,1579,11,0
2025-08-28 03:00:00+00:00,1.35158,1.3518,1.35072,1.35076,1204,11,0
2025-08-28 04:00:00+00:00,1.3507799999999999,1.35091,1.35026,1.35037,1240,11,0
2025-08-28 05:00:00+00:00,1.35038,1.35059,1.34993,1.35038,1366,11,0
2025-08-28 06:00:00+00:00,1.35042,1.3513,1.35015,1.35034,2353,11,0
2025-08-28 07:00:00+00:00,1.35032,1.35069,1.34871,1.3498700000000001,2904,11,0
2025-08-28 08:00:00+00:00,1.34985,1.3501,1.34824,1.3498700000000001,2748,11,0
2025-08-28 09:00:00+00:00,1.34985,1.35071,1.3498,1.35009,2227,11,0
2025-08-28 10:00:00+00:00,1.3501,1.35259,1.34991,1.35208,2564,11,0
2025-08-28 11:00:00+00:00,1.35206,1.35243,1.35115,1.3514300000000001,2282,11,0
2025-08-28 12:00:00+00:00,1.3514300000000001,1.3519,1.3497,1.35027,4733,11,0
2025-08-28 13:00:00+00:00,1.3503,1.35108,1.34885,1.35057,4232,11,0
2025-08-28 14:00:00+00:00,1.35061,1.35269,1.35007,1.3511199999999999,4284,11,0
2025-08-28 15:00:00+00:00,1.3511,1.35181,1.35045,1.35145,3422,11,0
2025-08-28 16:00:00+00:00,1.35144,1.35247,1.35126,1.35216,2287,11,0
2025-08-28 17:00:00+00:00,1.35216,1.35303,1.35176,1.35209,2064,11,0
2025-08-28 18:00:00+00:00,1.35206,1.35226,1.35126,1.35154,1702,11,0
2025-08-28 19:00:00+00:00,1.35155,1.35168,1.35103,1.35117,1265,11,0
2025-08-28 20:00:00+00:00,1.3511600000000001,1.35122,1.35065,1.3511199999999999,2170,11,0
2025-08-28 21:00:00+00:00,1.3511199999999999,1.35115,1.35052,1.35052,833,19,0
2025-08-28 22:00:00+00:00,1.35094,1.3511199999999999,1.35054,1.35065,984,11,0
2025-08-28 23:00:00+00:00,1.35065,1.35111,1.35065,1.3507500000000001,691,11,0
2025-08-29 00:00:00+00:00,1.35077,1.35108,1.35026,1.35081,1696,11,0
2025-08-29 01:00:00+00:00,1.35084,1.35114,1.34951,1.34979,2544,11,0
2025-08-29 02:00:00+00:00,1.3498299999999999,1.35045,1.34981,1.35013,1687,11,0
2025-08-29 03:00:00+00:00,1.35013,1.35019,1.34954,1.34985,1361,11,0
2025-08-29 04:00:00+00:00,1.34986,1.35028,1.34934,1.35025,1086,11,0
2025-08-29 05:00:00+00:00,1.35025,1.35029,1.34923,1.34996,1272,11,0
2025-08-29 06:00:00+00:00,1.34998,1.35016,1.34893,1.34914,2299,11,0
2025-08-29 07:00:00+00:00,1.34908,1.34948,1.34832,1.3491,2500,11,0
2025-08-29 08:00:00+00:00,1.34908,1.34939,1.34691,1.3477000000000001,2885,11,0
2025-08-29 09:00:00+00:00,1.34772,1.34787,1.3458999999999999,1.34595,2711,11,0
2025-08-29 10:00:00+00:00,1.34593,1.34652,1.34534,1.34615,2564,11,0
2025-08-29 11:00:00+00:00,1.3461400000000001,1.34619,1.34501,1.3452899999999999,2532,11,0
2025-08-29 12:00:00+00:00,1.3453300000000001,1.34623,1.34454,1.34596,3594,11,0
2025-08-29 13:00:00+00:00,1.34596,1.34691,1.3446,1.3468499999999999,3902,11,0
2025-08-29 14:00:00+00:00,1.34688,1.35135,1.34674,1.35092,5000,11,0
2025-08-29 15:00:00+00:00,1.35089,1.35157,1.35023,1.35068,3861,11,0
2025-08-29 16:00:00+00:00,1.3507,1.35137,1.34994,1.3507500000000001,2770,11,0
2025-08-29 17:00:00+00:00,1.3507,1.3508,1.3501,1.35027,1687,11,0
2025-08-29 18:00:00+00:00,1.35029,1.35108,1.34992,1.35097,1665,11,0
2025-08-29 19:00:00+00:00,1.35095,1.35151,1.3505,1.35148,1604,11,0
2025-08-29 20:00:00+00:00,1.35151,1.35168,1.34995,1.35039,1568,11,0
2025-08-31 21:00:00+00:00,1.34825,1.34979,1.34824,1.34959,494,131,0
2025-08-31 22:00:00+00:00,1.35015,1.35076,1.35009,1.35023,837,11,0
2025-08-31 23:00:00+00:00,1.35023,1.35049,1.34996,1.35027,763,11,0
2025-09-01 00:00:00+00:00,1.35026,1.35189,1.3501699999999999,1.35175,1555,11,0
2025-09-01 01:00:00+00:00,1.35175,1.35189,1.3504800000000001,1.35117,2376,11,0
2025-09-01 02:00:00+00:00,1.3512,1.35285,1.35117,1.35263,2100,11,0
2025-09-01 03:00:00+00:00,1.3526500000000001,1.35288,1.35192,1.35228,1594,11,0
2025-09-01 04:00:00+00:00,1.35227,1.3523100000000001,1.35161,1.3518,1209,11,0
2025-09-01 05:00:00+00:00,1.35178,1.35275,1.35165,1.35244,1491,11,0
2025-09-01 06:00:00+00:00,1.3524,1.354,1.35221,1.35313,2741,11,0
2025-09-01 07:00:00+00:00,1.35316,1.35358,1.35142,1.35297,2932,11,0
2025-09-01 08:00:00+00:00,1.3529200000000001,1.35372,1.35236,1.3535,2684,11,0
2025-09-01 09:00:00+00:00,1.3535,1.35368,1.3523100000000001,1.35297,2342,11,0
2025-09-01 10:00:00+00:00,1.35297,1.35344,1.35227,1.35233,1866,11,0
2025-09-01 11:00:00+00:00,1.35235,1.35325,1.35217,1.35237,2067,11,0
2025-09-01 12:00:00+00:00,1.35237,1.35333,1.35232,1.35327,2041,11,0
2025-09-01 13:00:00+00:00,1.35328,1.35446,1.35303,1.35364,2490,11,0
2025-09-01 14:00:00+00:00,1.3536000000000001,1.35494,1.35341,1.35467,2626,11,0
2025-09-01 15:00:00+00:00,1.35465,1.35489,1.35374,1.35412,2031,11,0
2025-09-01 16:00:00+00:00,1.35412,1.35454,1.35391,1.3541699999999999,1217,11,0
2025-09-01 17:00:00+00:00,1.35416,1.35427,1.35394,1.35419,525,11,0
2025-09-01 18:00:00+00:00,1.35419,1.3544100000000001,1.35406,1.35434,544,11,0
2025-09-01 19:00:00+00:00,1.35434,1.3549,1.35432,1.35481,546,11,0
2025-09-01 20:00:00+00:00,1.3547799999999999,1.35494,1.35412,1.35415,579,11,0
2025-09-01 21:00:00+00:00,1.35413,1.3544100000000001,1.35373,1.35376,857,22,0
2025-09-01 22:00:00+00:00,1.35431,1.3548200000000001,1.35416,1.35442,557,11,0
2025-09-01 23:00:00+00:00,1.35442,1.3549,1.35435,1.35455,589,11,0
2025-09-02 00:00:00+00:00,1.35457,1.3547799999999999,1.35345,1.3537,1912,11,0
2025-09-02 01:00:00+00:00,1.35374,1.35413,1.3532600000000001,1.35359,2381,11,0
2025-09-02 02:00:00+00:00,1.3536000000000001,1.35361,1.3523100000000001,1.35289,1876,11,0
2025-09-02 03:00:00+00:00,1.35288,1.353,1.3523800000000001,1.35254,1385,11,0
2025-09-02 04:00:00+00:00,1.35254,1.35298,1.35225,1.35271,1177,11,0
2025-09-02 05:00:00+00:00,1.35271,1.35308,1.35196,1.35203,1495,11,0
2025-09-02 06:00:00+00:00,1.3520400000000001,1.35333,1.3520400000000001,1.35307,2484,11,0
2025-09-02 07:00:00+00:00,1.35309,1.3533,1.33935,1.34026,9289,11,0
2025-09-02 08:00:00+00:00,1.34028,1.34336,1.33747,1.34128,7690,11,0
2025-09-02 09:00:00+00:00,1.3413300000000001,1.34175,1.33808,1.33988,5228,11,0
2025-09-02 10:00:00+00:00,1.33987,1.34009,1.33707,1.33785,4853,11,0
2025-09-02 11:00:00+00:00,1.33786,1.33846,1.33687,1.3383099999999999,4556,11,0
2025-09-02 12:00:00+00:00,1.3383,1.33969,1.33383,1.3351199999999999,6287,11,0
2025-09-02 13:00:00+00:00,1.33514,1.33955,1.3342,1.3391,5455,11,0
2025-09-02 14:00:00+00:00,1.33902,1.3418,1.33902,1.33969,6563,11,0
2025-09-02 15:00:00+00:00,1.33967,1.33999,1.3373599999999999,1.33894,4379,11,0
2025-09-02 16:00:00+00:00,1.33894,1.33924,1.33825,1.3392,2992,11,0
2025-09-02 17:00:00+00:00,1.33922,1.33936,1.33834,1.33838,2106,11,0
2025-09-02 18:00:00+00:00,1.33837,1.33866,1.33743,1.33791,2065,11,0
2025-09-02 19:00:00+00:00,1.33792,1.3391,1.3378700000000001,1.339,1658,11,0
2025-09-02 20:00:00+00:00,1.33901,1.33972,1.33896,1.3392,1744,11,0
2025-09-02 21:00:00+00:00,1.33917,1.33917,1.3379400000000001,1.33801,1052,19,0
2025-09-02 22:00:00+00:00,1.33921,1.33956,1.3385799999999999,1.33865,645,11,0
2025-09-02 23:00:00+00:00,1.33868,1.33876,1.3381,1.3381,828,11,0
2025-09-03 00:00:00+00:00,1.33809,1.33829,1.33715,1.33753,1673,11,0
2025-09-03 01:00:00+00:00,1.33754,1.33774,1.33666,1.33688,2154,11,0
2025-09-03 02:00:00+00:00,1.33688,1.3375,1.33628,1.33651,1596,11,0
2025-09-03 03:00:00+00:00,1.33652,1.33701,1.3361100000000001,1.3361100000000001,1395,11,0
2025-09-03 04:00:00+00:00,1.3361100000000001,1.33704,1.33598,1.3369,1259,11,0
2025-09-03 05:00:00+00:00,1.33686,1.33735,1.33586,1.33619,1586,11,0
2025-09-03 06:00:00+00:00,1.33616,1.33903,1.33612,1.33766,2722,11,0
2025-09-03 07:00:00+00:00,1.33762,1.33802,1.33327,1.33657,5355,11,0
2025-09-03 08:00:00+00:00,1.33658,1.34087,1.33658,1.34064,4565,11,0
2025-09-03 09:00:00+00:00,1.34062,1.34169,1.34013,1.34073,3978,11,0
2025-09-03 10:00:00+00:00,1.3407,1.34108,1.33947,1.3403399999999999,3041,11,0
2025-09-03 11:00:00+00:00,1.34035,1.34124,1.33968,1.34111,2950,11,0
2025-09-03 12:00:00+00:00,1.34109,1.34296,1.34081,1.34243,3750,11,0
2025-09-03 13:00:00+00:00,1.34245,1.34359,1.34096,1.34172,4885,11,0
2025-09-03 14:00:00+00:00,1.34169,1.34462,1.34152,1.34332,6085,11,0
2025-09-03 15:00:00+00:00,1.34331,1.34534,1.34294,1.34474,3853,11,0
2025-09-03 16:00:00+00:00,1.34475,1.34519,1.3443100000000001,1.3449499999999999,2465,11,0
2025-09-03 17:00:00+00:00,1.3449499999999999,1.34579,1.34385,1.34405,2223,11,0
2025-09-03 18:00:00+00:00,1.34403,1.34474,1.34375,1.34412,2119,11,0
2025-09-03 19:00:00+00:00,1.34414,1.34414,1.3433899999999999,1.34379,1749,11,0
2025-09-03 20:00:00+00:00,1.34378,1.34462,1.3437700000000001,1.34427,1440,11,0
2025-09-03 21:00:00+00:00,1.3443100000000001,1.3443100000000001,1.3436,1.34386,977,31,0
2025-09-03 22:00:00+00:00,1.34418,1.34423,1.34382,1.34382,615,11,0
2025-09-03 23:00:00+00:00,1.34382,1.34427,1.34375,1.34403,757,11,0
2025-09-04 00:00:00+00:00,1.3440400000000001,1.34436,1.34356,1.34417,1990,11,0
2025-09-04 01:00:00+00:00,1.34419,1.3449499999999999,1.34326,1.34369,2250,11,0
2025-09-04 02:00:00+00:00,1.34368,1.34374,1.3428499999999999,1.34302,1925,11,0
2025-09-04 03:00:00+00:00,1.34305,1.34328,1.3425500000000001,1.34279,1386,11,0
2025-09-04 04:00:00+00:00,1.34279,1.34304,1.3425099999999999,1.34266,1062,11,0
2025-09-04 05:00:00+00:00,1.34265,1.34298,1.34232,1.34276,1284,11,0
2025-09-04 06:00:00+00:00,1.34276,1.3440400000000001,1.34276,1.34355,2219,11,0
2025-09-04 07:00:00+00:00,1.34352,1.3437999999999999,1.34159,1.34268,3065,11,0
2025-09-04 08:00:00+00:00,1.34266,1.34564,1.34261,1.34536,3073,11,0
2025-09-04 09:00:00+00:00,1.34536,1.34589,1.34334,1.34394,2894,11,0
2025-09-04 10:00:00+00:00,1.34394,1.3455599999999999,1.3437000000000001,1.34483,2578,11,0
2025-09-04 11:00:00+00:00,1.34483,1.34485,1.34247,1.34333,2640,11,0
2025-09-04 12:00:00+00:00,1.34335,1.34559,1.34212,1.34406,5227,11,0
2025-09-04 13:00:00+00:00,1.34408,1.3446500000000001,1.34252,1.34414,4329,11,0
2025-09-04 14:00:00+00:00,1.34409,1.34409,1.34166,1.34267,5025,11,0
2025-09-04 15:00:00+00:00,1.34267,1.34402,1.34253,1.34378,2692,11,0
2025-09-04 16:00:00+00:00,1.34383,1.34391,1.34168,1.34211,2389,11,0
2025-09-04 17:00:00+00:00,1.34211,1.34261,1.34181,1.34212,1736,11,0
2025-09-04 18:00:00+00:00,1.34214,1.3431199999999999,1.34214,1.34257,1752,11,0
2025-09-04 19:00:00+00:00,1.3425799999999999,1.34359,1.34254,1.34351,1362,11,0
2025-09-04 20:00:00+00:00,1.34349,1.34368,1.3431199999999999,1.34335,789,11,0
2025-09-04 21:00:00+00:00,1.34335,1.34335,1.3425,1.3431199999999999,742,31,0
2025-09-04 22:00:00+00:00,1.34326,1.34349,1.34315,1.34329,555,11,0
2025-09-04 23:00:00+00:00,1.34325,1.34444,1.34325,1.34432,1023,11,0
2025-09-05 00:00:00+00:00,1.34433,1.34498,1.34412,1.34485,2004,11,0
2025-09-05 01:00:00+00:00,1.34485,1.34535,1.34461,1.34511,1738,11,0
2025-09-05 02:00:00+00:00,1.34512,1.34566,1.34494,1.34524,1425,11,0
2025-09-05 03:00:00+00:00,1.34524,1.34549,1.34511,1.34531,1146,11,0
2025-09-05 04:00:00+00:00,1.34532,1.34543,1.34474,1.3449900000000001,1024,11,0
2025-09-05 05:00:00+00:00,1.3449900000000001,1.3463,1.34493,1.34611,1058,11,0
2025-09-05 06:00:00+00:00,1.3461400000000001,1.34715,1.34554,1.34554,2746,11,0
2025-09-05 07:00:00+00:00,1.3455,1.3466,1.3449499999999999,1.34639,2892,11,0
2025-09-05 08:00:00+00:00,1.34635,1.3471899999999999,1.34611,1.34692,2281,11,0
2025-09-05 09:00:00+00:00,1.34695,1.3480699999999999,1.34665,1.34806,2303,11,0
2025-09-05 10:00:00+00:00,1.34808,1.34853,1.34771,1.34778,2083,11,0
2025-09-05 11:00:00+00:00,1.34776,1.34833,1.34612,1.3462,2574,11,0
2025-09-05 12:00:00+00:00,1.34618,1.35344,1.34574,1.35201,10455,11,0
2025-09-05 13:00:00+00:00,1.35205,1.35496,1.35129,1.3547500000000001,7816,11,0
2025-09-05 14:00:00+00:00,1.3547799999999999,1.35545,1.3504399999999999,1.35196,6504,11,0
2025-09-05 15:00:00+00:00,1.35196,1.3543,1.35179,1.35404,4460,11,0
2025-09-05 16:00:00+00:00,1.35403,1.3542100000000001,1.35247,1.35255,3210,11,0
2025-09-05 17:00:00+00:00,1.35256,1.3526,1.35104,1.35125,2798,11,0
2025-09-05 18:00:00+00:00,1.35125,1.35145,1.35004,1.35047,2433,11,0
2025-09-05 19:00:00+00:00,1.3504800000000001,1.3510900000000001,1.35011,1.35023,2127,11,0
2025-09-05 20:00:00+00:00,1.35025,1.35113,1.3501699999999999,1.3508200000000001,2911,11,0
2025-09-07 21:00:00+00:00,1.34932,1.3501,1.349,1.34971,547,74,0
2025-09-07 22:00:00+00:00,1.35007,1.35052,1.34819,1.34863,1757,11,0
2025-09-07 23:00:00+00:00,1.34867,1.3496299999999999,1.34854,1.34921,1585,11,0
2025-09-08 00:00:00+00:00,1.34923,1.3495599999999999,1.3483,1.34955,2339,11,0
2025-09-08 01:00:00+00:00,1.34954,1.35028,1.34898,1.35011,2542,11,0
2025-09-08 02:00:00+00:00,1.35011,1.3505,1.34967,1.35035,2219,11,0
2025-09-08 03:00:00+00:00,1.35032,1.35053,1.34941,1.34951,1479,11,0
2025-09-08 04:00:00+00:00,1.34952,1.34972,1.34863,1.34961,1376,11,0
2025-09-08 05:00:00+00:00,1.34958,1.35033,1.34951,1.3496299999999999,1624,11,0
2025-09-08 06:00:00+00:00,1.34966,1.35183,1.34966,1.3517700000000001,3268,11,0
2025-09-08 07:00:00+00:00,1.35174,1.35254,1.3510499999999999,1.35156,3276,11,0
2025-09-08 08:00:00+00:00,1.35159,1.35259,1.35056,1.35121,2859,11,0
2025-09-08 09:00:00+00:00,1.3512,1.3514,1.35074,1.35087,2373,11,0
2025-09-08 10:00:00+00:00,1.35086,1.35315,1.35016,1.3529900000000001,2616,11,0
2025-09-08 11:00:00+00:00,1.35296,1.35357,1.35217,1.35286,2634,11,0
2025-09-08 12:00:00+00:00,1.35285,1.35488,1.3526500000000001,1.35427,3305,11,0
2025-09-08 13:00:00+00:00,1.35428,1.35562,1.35397,1.35446,3612,11,0
2025-09-08 14:00:00+00:00,1.35446,1.35461,1.35305,1.35351,3717,11,0
2025-09-08 15:00:00+00:00,1.3535,1.35465,1.3532199999999999,1.35462,2979,11,0
2025-09-08 16:00:00+00:00,1.35461,1.35481,1.35275,1.35368,2250,11,0
2025-09-08 17:00:00+00:00,1.35368,1.35396,1.35266,1.35272,1938,11,0
2025-09-08 18:00:00+00:00,1.35272,1.35534,1.35267,1.35524,1800,11,0
2025-09-08 19:00:00+00:00,1.35525,1.35548,1.35484,1.35508,1681,11,0
2025-09-08 20:00:00+00:00,1.3550499999999999,1.35507,1.3541400000000001,1.3541699999999999,1119,11,0
2025-09-08 21:00:00+00:00,1.3541699999999999,1.3545099999999999,1.35392,1.35398,965,31,0
2025-09-08 22:00:00+00:00,1.35443,1.35494,1.35436,1.35486,762,11,0
2025-09-08 23:00:00+00:00,1.35487,1.35576,1.35487,1.35522,785,11,0
2025-09-09 00:00:00+00:00,1.35523,1.35619,1.35496,1.35579,1786,11,0
2025-09-09 01:00:00+00:00,1.35576,1.35702,1.35527,1.35662,1903,11,0
2025-09-09 02:00:00+00:00,1.35662,1.3571,1.3562400000000001,1.3563399999999999,1697,11,0
2025-09-09 03:00:00+00:00,1.35633,1.35646,1.35576,1.35593,1274,11,0
2025-09-09 04:00:00+00:00,1.35593,1.3574899999999999,1.35583,1.3572899999999999,1251,11,0
2025-09-09 05:00:00+00:00,1.3573,1.35801,1.35699,1.35786,1608,11,0
2025-09-09 06:00:00+00:00,1.3578999999999999,1.3582,1.3557299999999999,1.35657,3096,11,0
2025-09-09 07:00:00+00:00,1.3565800000000001,1.35762,1.35576,1.35649,3214,11,0
2025-09-09 08:00:00+00:00,1.3565,1.35755,1.35574,1.3572199999999999,4162,11,0
2025-09-09 09:00:00+00:00,1.35724,1.35899,1.3571900000000001,1.35866,3001,11,0
2025-09-09 10:00:00+00:00,1.35865,1.35889,1.35742,1.35771,2284,11,0
2025-09-09 11:00:00+00:00,1.35772,1.3578000000000001,1.3556599999999999,1.35579,2197,11,0
2025-09-09 12:00:00+00:00,1.35579,1.35599,1.35452,1.3553899999999999,3095,11,0
2025-09-09 13:00:00+00:00,1.3553899999999999,1.35651,1.35507,1.35537,3748,11,0
2025-09-09 14:00:00+00:00,1.3553899999999999,1.35739,1.35317,1.35392,7708,11,0
2025-09-09 15:00:00+00:00,1.3538999999999999,1.35407,1.35221,1.3531,3721,11,0
2025-09-09 16:00:00+00:00,1.35311,1.35461,1.35255,1.35341,2685,11,0
2025-09-09 17:00:00+00:00,1.35341,1.35384,1.35241,1.3525800000000001,2558,11,0
2025-09-09 18:00:00+00:00,1.3525800000000001,1.35274,1.35214,1.35223,1979,11,0
2025-09-09 19:00:00+00:00,1.35223,1.35246,1.35178,1.35191,1485,11,0
2025-09-09 20:00:00+00:00,1.35189,1.35272,1.35178,1.35247,1298,11,0
2025-09-09 21:00:00+00:00,1.35247,1.3525,1.35161,1.3519700000000001,1006,31,0
2025-09-09 22:00:00+00:00,1.35256,1.35304,1.35223,1.3529499999999999,658,11,0
2025-09-09 23:00:00+00:00,1.35294,1.35294,1.3517700000000001,1.35202,997,11,0
2025-09-10 00:00:00+00:00,1.35201,1.35235,1.35155,1.35219,1918,11,0
2025-09-10 01:00:00+00:00,1.35219,1.35275,1.35142,1.35219,2536,11,0
2025-09-10 02:00:00+00:00,1.35219,1.3532,1.35201,1.35312,1991,11,0
2025-09-10 03:00:00+00:00,1.35314,1.3536299999999999,1.35303,1.35321,1394,11,0
2025-09-10 04:00:00+00:00,1.35321,1.3542,1.35309,1.3541400000000001,1222,11,0
2025-09-10 05:00:00+00:00,1.35412,1.35418,1.35318,1.35347,1447,11,0
2025-09-10 06:00:00+00:00,1.35349,1.35432,1.35208,1.35255,3026,11,0
2025-09-10 07:00:00+00:00,1.35257,1.35381,1.35125,1.3532600000000001,3562,11,0
2025-09-10 08:00:00+00:00,1.35327,1.35335,1.35189,1.35267,2964,11,0
2025-09-10 09:00:00+00:00,1.3526500000000001,1.3545099999999999,1.35256,1.3542100000000001,2599,11,0
2025-09-10 10:00:00+00:00,1.3542100000000001,1.3543,1.35302,1.3538299999999999,2495,11,0
2025-09-10 11:00:00+00:00,1.35381,1.35388,1.3527,1.35332,2423,11,0
2025-09-10 12:00:00+00:00,1.35336,1.35651,1.35226,1.35297,5857,11,0
2025-09-10 13:00:00+00:00,1.3529499999999999,1.3557299999999999,1.35249,1.3554599999999999,5207,11,0
2025-09-10 14:00:00+00:00,1.35547,1.35611,1.35467,1.3550200000000001,4108,11,0
2025-09-10 15:00:00+00:00,1.355,1.35548,1.3542399999999999,1.35462,2737,11,0
2025-09-10 16:00:00+00:00,1.35457,1.35492,1.3533,1.3535599999999999,2253,11,0
2025-09-10 17:00:00+00:00,1.35359,1.35405,1.35271,1.35341,2026,11,0
2025-09-10 18:00:00+00:00,1.35341,1.35413,1.35317,1.35351,1756,11,0
2025-09-10 19:00:00+00:00,1.35349,1.3536299999999999,1.35208,1.353,1797,11,0
2025-09-10 20:00:00+00:00,1.3529900000000001,1.35325,1.35259,1.3526799999999999,1196,11,0
2025-09-10 21:00:00+00:00,1.3527,1.35284,1.35202,1.35214,1007,52,0
2025-09-10 22:00:00+00:00,1.3526799999999999,1.35376,1.3526799999999999,1.35376,650,11,0
2025-09-10 23:00:00+00:00,1.35376,1.35393,1.35323,1.35323,666,11,0
2025-09-11 00:00:00+00:00,1.3532199999999999,1.35324,1.35263,1.35269,1666,11,0
2025-09-11 01:00:00+00:00,1.35269,1.35336,1.3526099999999999,1.3529200000000001,1676,11,0
2025-09-11 02:00:00+00:00,1.35293,1.35297,1.35221,1.35255,1336,11,0
2025-09-11 03:00:00+00:00,1.35253,1.3529499999999999,1.35245,1.3526799999999999,1197,11,0
2025-09-11 04:00:00+00:00,1.3526799999999999,1.35281,1.35224,1.35264,1009,11,0
2025-09-11 05:00:00+00:00,1.35264,1.3526500000000001,1.35142,1.35161,1368,11,0
2025-09-11 06:00:00+00:00,1.35161,1.35242,1.3511,1.35158,3003,11,0
2025-09-11 07:00:00+00:00,1.35157,1.35217,1.35026,1.35152,3303,11,0
2025-09-11 08:00:00+00:00,1.35153,1.35209,1.35128,1.35141,2672,11,0
2025-09-11 09:00:00+00:00,1.35138,1.35156,1.34937,1.35025,2842,11,0
2025-09-11 10:00:00+00:00,1.35023,1.35156,1.3498999999999999,1.35144,2650,11,0
2025-09-11 11:00:00+00:00,1.35141,1.35225,1.35054,1.35073,3049,11,0
2025-09-11 12:00:00+00:00,1.3507,1.35486,1.3492600000000001,1.35445,8771,11,0
2025-09-11 13:00:00+00:00,1.35446,1.35614,1.35391,1.35525,7337,11,0
2025-09-11 14:00:00+00:00,1.35521,1.35664,1.35492,1.35567,4787,11,0
2025-09-11 15:00:00+00:00,1.35568,1.35786,1.35521,1.35653,3496,11,0
2025-09-11 16:00:00+00:00,1.35656,1.3578700000000001,1.35654,1.3577,2447,11,0
2025-09-11 17:00:00+00:00,1.35772,1.35824,1.35681,1.35703,2222,11,0
2025-09-11 18:00:00+00:00,1.357,1.3582,1.35691,1.35784,1827,11,0
2025-09-11 19:00:00+00:00,1.35784,1.35816,1.35761,1.35772,1599,11,0
2025-09-11 20:00:00+00:00,1.35771,1.35796,1.35706,1.35711,2550,11,0
2025-09-11 21:00:00+00:00,1.3571900000000001,1.35736,1.35679,1.3569499999999999,823,22,0
2025-09-11 22:00:00+00:00,1.35754,1.35802,1.35727,1.35781,794,11,0
2025-09-11 23:00:00+00:00,1.35781,1.358,1.35734,1.35736,785,11,0
2025-09-12 00:00:00+00:00,1.35735,1.35754,1.35682,1.35723,2053,11,0
2025-09-12 01:00:00+00:00,1.35724,1.35734,1.3556300000000001,1.35575,1934,11,0
2025-09-12 02:00:00+00:00,1.3557000000000001,1.35625,1.3555,1.35578,1654,11,0
2025-09-12 03:00:00+00:00,1.35576,1.35583,1.35529,1.35548,1238,11,0
2025-09-12 04:00:00+00:00,1.3554599999999999,1.3556599999999999,1.35517,1.35561,1332,11,0
2025-09-12 05:00:00+00:00,1.3556,1.3560400000000001,1.35516,1.3557299999999999,1256,11,0
2025-09-12 06:00:00+00:00,1.35571,1.3560699999999999,1.35443,1.3556300000000001,2998,11,0
2025-09-12 07:00:00+00:00,1.3556599999999999,1.35746,1.35561,1.35635,3028,11,0
2025-09-12 08:00:00+00:00,1.35632,1.35637,1.35304,1.35334,3714,11,0
2025-09-12 09:00:00+00:00,1.35334,1.35476,1.35293,1.35458,3080,11,0
2025-09-12 10:00:00+00:00,1.3546,1.35585,1.3544800000000001,1.3556300000000001,2661,11,0
2025-09-12 11:00:00+00:00,1.35564,1.35623,1.35463,1.35481,2602,11,0
2025-09-12 12:00:00+00:00,1.3548,1.35491,1.3523399999999999,1.35427,3505,11,0
2025-09-12 13:00:00+00:00,1.35425,1.35492,1.35372,1.35464,3782,11,0
2025-09-12 14:00:00+00:00,1.35459,1.3569200000000001,1.35455,1.35583,4111,11,0
2025-09-12 15:00:00+00:00,1.35582,1.35613,1.35432,1.35449,3144,11,0
2025-09-12 16:00:00+00:00,1.35449,1.35677,1.354,1.35594,2194,11,0
2025-09-12 17:00:00+00:00,1.35595,1.35676,1.35591,1.35595,1772,11,0
2025-09-12 18:00:00+00:00,1.35595,1.35704,1.35592,1.35691,1580,11,0
2025-09-12 19:00:00+00:00,1.3569200000000001,1.35701,1.35601,1.35612,1566,11,0
2025-09-12 20:00:00+00:00,1.35613,1.35616,1.3553600000000001,1.3558,2280,11,0
2025-09-14 21:00:00+00:00,1.35409,1.35542,1.3535599999999999,1.35494,938,82,0
2025-09-14 22:00:00+00:00,1.35622,1.35623,1.35552,1.3556300000000001,878,10,0
2025-09-14 23:00:00+00:00,1.3556300000000001,1.35583,1.35513,1.35523,746,10,0
2025-09-15 00:00:00+00:00,1.35523,1.35556,1.35483,1.35552,1148,10,0
2025-09-15 01:00:00+00:00,1.35552,1.3559999999999999,1.35521,1.35585,1668,10,0
2025-09-15 02:00:00+00:00,1.35586,1.35608,1.35545,1.35591,1187,10,0
2025-09-15 03:00:00+00:00,1.35592,1.3567,1.35583,1.35643,1058,10,0
2025-09-15 04:00:00+00:00,1.35644,1.35706,1.3564,1.35671,846,10,0
2025-09-15 05:00:00+00:00,1.3567,1.35676,1.35609,1.3561,1088,10,0
2025-09-15 06:00:00+00:00,1.35615,1.35677,1.35527,1.35622,2351,10,0
2025-09-15 07:00:00+00:00,1.35619,1.3593600000000001,1.35611,1.3581400000000001,3214,10,0
2025-09-15 08:00:00+00:00,1.35811,1.35987,1.35786,1.3581400000000001,2874,10,0
2025-09-15 09:00:00+00:00,1.3581400000000001,1.36001,1.35781,1.35915,2796,10,0
2025-09-15 10:00:00+00:00,1.35913,1.36129,1.3591199999999999,1.3606500000000001,3267,10,0
2025-09-15 11:00:00+00:00,1.36063,1.36188,1.36043,1.36147,2613,10,0
2025-09-15 12:00:00+00:00,1.3614899999999999,1.36196,1.3608,1.36141,3226,10,0
2025-09-15 13:00:00+00:00,1.3614,1.36174,1.35948,1.35956,3283,10,0
2025-09-15 14:00:00+00:00,1.35958,1.35958,1.35843,1.35891,3843,10,0
2025-09-15 15:00:00+00:00,1.35891,1.36069,1.35866,1.3606500000000001,2725,10,0
2025-09-15 16:00:00+00:00,1.36066,1.36091,1.3594,1.35984,2394,10,0
2025-09-15 17:00:00+00:00,1.35983,1.36109,1.35942,1.36084,1940,10,0
2025-09-15 18:00:00+00:00,1.36084,1.361,1.35993,1.3605,1694,10,0
2025-09-15 19:00:00+00:00,1.3605,1.36102,1.3603399999999999,1.3608500000000001,1682,10,0
2025-09-15 20:00:00+00:00,1.36089,1.36108,1.35958,1.35964,1373,10,0
2025-09-15 21:00:00+00:00,1.3596599999999999,1.36005,1.35914,1.35959,678,28,0
2025-09-15 22:00:00+00:00,1.36011,1.36041,1.35995,1.36035,764,10,0
2025-09-15 23:00:00+00:00,1.36038,1.36045,1.36003,1.36003,549,10,0
2025-09-16 00:00:00+00:00,1.3600400000000001,1.36055,1.35974,1.36015,1572,10,0
2025-09-16 01:00:00+00:00,1.36017,1.3606,1.35975,1.36028,1756,10,0
2025-09-16 02:00:00+00:00,1.3602699999999999,1.36139,1.36025,1.36116,1680,10,0
2025-09-16 03:00:00+00:00,1.36118,1.36245,1.361,1.3617,1612,10,0
2025-09-16 04:00:00+00:00,1.3617,1.36174,1.36116,1.3615300000000001,1496,10,0
2025-09-16 05:00:00+00:00,1.3615300000000001,1.36205,1.36139,1.36199,1699,10,0
2025-09-16 06:00:00+00:00,1.36205,1.36331,1.36204,1.36289,2966,10,0
2025-09-16 07:00:00+00:00,1.36293,1.3642400000000001,1.3626,1.36274,3061,10,0
2025-09-16 08:00:00+00:00,1.36274,1.36377,1.36237,1.36263,3130,10,0
2025-09-16 09:00:00+00:00,1.36266,1.36452,1.36257,1.36416,3231,10,0
2025-09-16 10:00:00+00:00,1.36414,1.36418,1.36254,1.36265,2740,10,0
2025-09-16 11:00:00+00:00,1.36267,1.3649200000000001,1.36236,1.36428,3205,10,0
2025-09-16 12:00:00+00:00,1.36428,1.36456,1.36246,1.36401,4630,10,0
2025-09-16 13:00:00+00:00,1.36403,1.36592,1.36383,1.36575,4026,10,0
2025-09-16 14:00:00+00:00,1.36574,1.36716,1.3649,1.36563,5381,10,0
2025-09-16 15:00:00+00:00,1.36563,1.36577,1.36379,1.36523,3775,10,0
2025-09-16 16:00:00+00:00,1.36523,1.3663699999999999,1.365,1.36571,2728,10,0
2025-09-16 17:00:00+00:00,1.36572,1.36676,1.36523,1.36582,2586,10,0
2025-09-16 18:00:00+00:00,1.36581,1.3663699999999999,1.36555,1.36589,1903,10,0
2025-09-16 19:00:00+00:00,1.36593,1.3660999999999999,1.3649499999999999,1.36504,1560,10,0
2025-09-16 20:00:00+00:00,1.36503,1.36538,1.36417,1.3642699999999999,1580,10,0
2025-09-16 21:00:00+00:00,1.36428,1.36479,1.36348,1.3643100000000001,828,28,0
2025-09-16 22:00:00+00:00,1.36491,1.3654,1.36439,1.36498,956,10,0
2025-09-16 23:00:00+00:00,1.36498,1.3655,1.36487,1.36521,724,10,0
2025-09-17 00:00:00+00:00,1.3652,1.36587,1.36443,1.36445,1736,10,0
2025-09-17 01:00:00+00:00,1.36447,1.36478,1.3639000000000001,1.36428,1673,10,0
2025-09-17 02:00:00+00:00,1.36428,1.3645,1.36402,1.3642699999999999,1321,10,0
2025-09-17 03:00:00+00:00,1.36426,1.36459,1.36403,1.36426,927,10,0
2025-09-17 04:00:00+00:00,1.36425,1.3644,1.36404,1.36413,850,10,0
2025-09-17 05:00:00+00:00,1.36413,1.3649200000000001,1.36413,1.3648500000000001,1078,10,0
2025-09-17 06:00:00+00:00,1.36478,1.36526,1.36343,1.36395,2905,10,0
2025-09-17 07:00:00+00:00,1.36396,1.36415,1.36295,1.36341,2855,10,0
2025-09-17 08:00:00+00:00,1.36343,1.3651900000000001,1.36317,1.36398,2310,10,0
2025-09-17 09:00:00+00:00,1.36395,1.36562,1.36395,1.36486,2449,10,0
2025-09-17 10:00:00+00:00,1.36486,1.36521,1.36379,1.36439,2530,10,0
2025-09-17 11:00:00+00:00,1.36441,1.36521,1.3639299999999999,1.36464,2210,10,0
2025-09-17 12:00:00+00:00,1.36465,1.36539,1.3643,1.36539,2545,10,0
2025-09-17 13:00:00+00:00,1.36542,1.36642,1.36476,1.36618,2837,10,0
2025-09-17 14:00:00+00:00,1.36623,1.36692,1.36572,1.36589,3126,10,0
2025-09-17 15:00:00+00:00,1.36587,1.36663,1.36547,1.36585,2609,10,0
2025-09-17 16:00:00+00:00,1.3658299999999999,1.36691,1.36568,1.36647,1946,10,0
2025-09-17 17:00:00+00:00,1.36646,1.36682,1.36592,1.36663,2081,10,0
2025-09-17 18:00:00+00:00,1.36664,1.3726099999999999,1.36245,1.36394,21297,10,0
2025-09-17 19:00:00+00:00,1.36395,1.36651,1.36338,1.3637000000000001,10756,10,0
2025-09-17 20:00:00+00:00,1.36372,1.36381,1.36192,1.36204,3347,10,0
2025-09-17 21:00:00+00:00,1.36202,1.36263,1.36147,1.3624100000000001,918,47,0
2025-09-17 22:00:00+00:00,1.36274,1.36327,1.3624,1.36293,1399,10,0
2025-09-17 23:00:00+00:00,1.36293,1.3635,1.36273,1.3629,1454,10,0
2025-09-18 00:00:00+00:00,1.36293,1.36295,1.36202,1.36266,2681,10,0
2025-09-18 01:00:00+00:00,1.36269,1.36303,1.36098,1.3617,3112,10,0
2025-09-18 02:00:00+00:00,1.36172,1.3628,1.36172,1.36273,1821,10,0
2025-09-18 03:00:00+00:00,1.36273,1.36301,1.36196,1.36203,1321,10,0
2025-09-18 04:00:00+00:00,1.36203,1.36215,1.36045,1.3606,1550,10,0
2025-09-18 05:00:00+00:00,1.3606,1.36098,1.35914,1.3596599999999999,2029,10,0
2025-09-18 06:00:00+00:00,1.35968,1.36043,1.35857,1.3595,3796,10,0
2025-09-18 07:00:00+00:00,1.35949,1.3639999999999999,1.3594300000000001,1.3632900000000001,4167,10,0
2025-09-18 08:00:00+00:00,1.3632900000000001,1.36482,1.36261,1.3639299999999999,3741,10,0
2025-09-18 09:00:00+00:00,1.36395,1.3654600000000001,1.36364,1.36449,3227,10,0
2025-09-18 10:00:00+00:00,1.36448,1.36535,1.3641,1.36486,2839,10,0
2025-09-18 11:00:00+00:00,1.36489,1.3660700000000001,1.36121,1.36215,4731,10,0
2025-09-18 12:00:00+00:00,1.36215,1.36228,1.3594,1.35941,4919,10,0
2025-09-18 13:00:00+00:00,1.3594,1.35956,1.35336,1.3551,6272,10,0
2025-09-18 14:00:00+00:00,1.3551199999999999,1.35708,1.3544800000000001,1.35518,6858,10,0
2025-09-18 15:00:00+00:00,1.35521,1.35615,1.35354,1.35472,4995,10,0
2025-09-18 16:00:00+00:00,1.35473,1.35576,1.35416,1.35524,3180,10,0
2025-09-18 17:00:00+00:00,1.35521,1.35629,1.3550200000000001,1.3555,2595,10,0
2025-09-18 18:00:00+00:00,1.35547,1.35564,1.35437,1.35527,1912,10,0
2025-09-18 19:00:00+00:00,1.35524,1.35568,1.35469,1.3548200000000001,1649,10,0
2025-09-18 20:00:00+00:00,1.3548,1.35544,1.3544800000000001,1.3551,1644,10,0
2025-09-18 21:00:00+00:00,1.35507,1.35532,1.35433,1.3548200000000001,1060,20,0
2025-09-18 22:00:00+00:00,1.35537,1.35555,1.35507,1.35513,1261,10,0
2025-09-18 23:00:00+00:00,1.35513,1.3556300000000001,1.3550900000000001,1.3554599999999999,744,10,0
2025-09-19 00:00:00+00:00,1.35548,1.35556,1.35395,1.3548200000000001,2007,10,0
2025-09-19 01:00:00+00:00,1.3548200000000001,1.355,1.35357,1.35381,2106,10,0
2025-09-19 02:00:00+00:00,1.35381,1.3542100000000001,1.35307,1.35407,1859,10,0
2025-09-19 03:00:00+00:00,1.35405,1.35588,1.35405,1.35501,2678,10,0
2025-09-19 04:00:00+00:00,1.35503,1.35591,1.35415,1.35439,2700,10,0
2025-09-19 05:00:00+00:00,1.35439,1.3551199999999999,1.35404,1.35439,1963,10,0
2025-09-19 06:00:00+00:00,1.35442,1.35454,1.34968,1.35073,5602,10,0
2025-09-19 07:00:00+00:00,1.35072,1.3514,1.34844,1.34907,5367,10,0
2025-09-19 08:00:00+00:00,1.3491,1.3501699999999999,1.34819,1.34991,3701,10,0
2025-09-19 09:00:00+00:00,1.34992,1.35099,1.34947,1.35045,3463,10,0
2025-09-19 10:00:00+00:00,1.35043,1.35083,1.34936,1.34962,2426,10,0
2025-09-19 11:00:00+00:00,1.34964,1.34984,1.34724,1.34772,3101,10,0
2025-09-19 12:00:00+00:00,1.34772,1.34829,1.3462399999999999,1.34683,4155,10,0
2025-09-19 13:00:00+00:00,1.34684,1.34944,1.34677,1.34891,4522,10,0
2025-09-19 14:00:00+00:00,1.34888,1.34976,1.34801,1.34818,4760,10,0
2025-09-19 15:00:00+00:00,1.34817,1.34848,1.3471600000000001,1.3482,3920,10,0
2025-09-19 16:00:00+00:00,1.3482,1.34849,1.34697,1.34822,2639,10,0
2025-09-19 17:00:00+00:00,1.34823,1.34848,1.3473,1.34758,1919,10,0
2025-09-19 18:00:00+00:00,1.34759,1.34762,1.34661,1.34688,1702,10,0
2025-09-19 19:00:00+00:00,1.34688,1.34751,1.34665,1.34718,1450,10,0
2025-09-19 20:00:00+00:00,1.3471899999999999,1.34742,1.34667,1.34693,2503,10,0
2025-09-21 21:00:00+00:00,1.3458700000000001,1.34662,1.34578,1.34646,683,52,0
2025-09-21 22:00:00+00:00,1.34673,1.34731,1.34673,1.34708,928,10,0
2025-09-21 23:00:00+00:00,1.34708,1.3471600000000001,1.3462100000000001,1.34623,885,10,0
2025-09-22 00:00:00+00:00,1.3462399999999999,1.3467500000000001,1.34569,1.34672,1774,10,0
2025-09-22 01:00:00+00:00,1.34674,1.34744,1.34653,1.3465799999999999,2506,10,0
2025-09-22 02:00:00+00:00,1.34657,1.34665,1.34582,1.34589,1948,10,0
2025-09-22 03:00:00+00:00,1.3458700000000001,1.3467,1.3457,1.3462,1236,10,0
2025-09-22 04:00:00+00:00,1.34618,1.3462399999999999,1.34525,1.34606,1287,10,0
2025-09-22 05:00:00+00:00,1.34602,1.34733,1.34586,1.3471,1279,10,0
2025-09-22 06:00:00+00:00,1.3471,1.34824,1.34696,1.34745,3136,10,0
2025-09-22 07:00:00+00:00,1.34747,1.34828,1.3470900000000001,1.34782,3775,10,0
2025-09-22 08:00:00+00:00,1.3477999999999999,1.3503,1.34763,1.34957,3414,10,0
2025-09-22 09:00:00+00:00,1.34959,1.35041,1.34896,1.35018,2616,10,0
2025-09-22 10:00:00+00:00,1.35018,1.35062,1.34943,1.34988,2484,10,0
2025-09-22 11:00:00+00:00,1.34986,1.34996,1.34918,1.34978,2225,10,0
2025-09-22 12:00:00+00:00,1.3498,1.35157,1.34894,1.35077,3612,10,0
2025-09-22 13:00:00+00:00,1.35077,1.3514300000000001,1.34977,1.35065,4466,10,0
2025-09-22 14:00:00+00:00,1.35063,1.35071,1.3492,1.34945,3394,10,0
2025-09-22 15:00:00+00:00,1.34941,1.3505099999999999,1.34916,1.35022,2689,10,0
2025-09-22 16:00:00+00:00,1.35019,1.3519999999999999,1.34992,1.35079,2717,10,0
2025-09-22 17:00:00+00:00,1.35079,1.35171,1.35061,1.35157,1561,10,0
2025-09-22 18:00:00+00:00,1.35155,1.3519,1.35141,1.35163,1336,10,0
2025-09-22 19:00:00+00:00,1.35164,1.3519,1.35141,1.35154,1090,10,0
2025-09-22 20:00:00+00:00,1.35153,1.35164,1.35093,1.35096,1089,10,0
2025-09-22 21:00:00+00:00,1.35098,1.35119,1.35008,1.35093,850,17,0
2025-09-22 22:00:00+00:00,1.3511600000000001,1.3516599999999999,1.35108,1.35138,766,10,0
2025-09-22 23:00:00+00:00,1.35142,1.35158,1.3513,1.35134,640,10,0
2025-09-23 00:00:00+00:00,1.35134,1.35203,1.35104,1.3519999999999999,1367,10,0
2025-09-23 01:00:00+00:00,1.3519999999999999,1.35269,1.35155,1.35223,1649,10,0
2025-09-23 02:00:00+00:00,1.35224,1.3524,1.35047,1.35088,1720,10,0
2025-09-23 03:00:00+00:00,1.35088,1.35153,1.35025,1.35151,1384,10,0
2025-09-23 04:00:00+00:00,1.35152,1.35169,1.3504,1.35069,1267,10,0
2025-09-23 05:00:00+00:00,1.35066,1.35144,1.3503,1.35068,1540,10,0
2025-09-23 06:00:00+00:00,1.35066,1.35218,1.35018,1.35149,2879,10,0
2025-09-23 07:00:00+00:00,1.35153,1.35226,1.35046,1.35194,4832,10,0
2025-09-23 08:00:00+00:00,1.35198,1.35278,1.34864,1.35033,4639,10,0
2025-09-23 09:00:00+00:00,1.35037,1.3513899999999999,1.34964,1.3504800000000001,3289,10,0
2025-09-23 10:00:00+00:00,1.3505,1.35159,1.34984,1.35099,3021,10,0
2025-09-23 11:00:00+00:00,1.351,1.3519700000000001,1.35057,1.3514,2598,10,0
2025-09-23 12:00:00+00:00,1.3514,1.3529200000000001,1.3509,1.35244,3074,10,0
2025-09-23 13:00:00+00:00,1.35246,1.35362,1.35053,1.35169,4887,10,0
2025-09-23 14:00:00+00:00,1.35172,1.35254,1.35086,1.3524,4959,10,0
2025-09-23 15:00:00+00:00,1.3524,1.35251,1.3507500000000001,1.35159,3252,10,0
2025-09-23 16:00:00+00:00,1.35161,1.3523399999999999,1.35064,1.35202,3385,10,0
2025-09-23 17:00:00+00:00,1.35199,1.35252,1.35147,1.35164,3191,10,0
2025-09-23 18:00:00+00:00,1.3516,1.35213,1.35126,1.35164,2168,10,0
2025-09-23 19:00:00+00:00,1.35164,1.3526799999999999,1.35138,1.35244,1817,10,0
2025-09-23 20:00:00+00:00,1.3524,1.35269,1.3519999999999999,1.35223,922,10,0
2025-09-23 21:00:00+00:00,1.35225,1.3523800000000001,1.3509,1.35152,924,28,0
2025-09-23 22:00:00+00:00,1.35192,1.35279,1.35185,1.35244,1091,10,0
2025-09-23 23:00:00+00:00,1.35243,1.3527,1.35217,1.35239,889,10,0
2025-09-24 00:00:00+00:00,1.3523800000000001,1.35257,1.3513600000000001,1.35147,1965,10,0
2025-09-24 01:00:00+00:00,1.35147,1.35157,1.35076,1.35108,2338,10,0
2025-09-24 02:00:00+00:00,1.35107,1.3516,1.35094,1.35107,1648,10,0
2025-09-24 03:00:00+00:00,1.35107,1.3514,1.3506,1.35064,1132,10,0
2025-09-24 04:00:00+00:00,1.35065,1.351,1.35046,1.35086,1024,10,0
2025-09-24 05:00:00+00:00,1.35086,1.35119,1.35005,1.35059,1361,10,0
2025-09-24 06:00:00+00:00,1.35059,1.3511,1.34917,1.3498,2831,10,0
2025-09-24 07:00:00+00:00,1.3498,1.35016,1.34811,1.3484099999999999,3222,10,0
2025-09-24 08:00:00+00:00,1.34842,1.34846,1.34727,1.34832,3257,10,0
2025-09-24 09:00:00+00:00,1.34828,1.34872,1.34706,1.3477000000000001,2412,10,0
2025-09-24 10:00:00+00:00,1.34772,1.34794,1.3464,1.34641,2400,10,0
2025-09-24 11:00:00+00:00,1.34639,1.34694,1.34546,1.3457,2740,10,0
2025-09-24 12:00:00+00:00,1.3457,1.34705,1.34357,1.34452,3893,10,0
2025-09-24 13:00:00+00:00,1.34452,1.34474,1.34259,1.34371,4286,10,0
2025-09-24 14:00:00+00:00,1.34376,1.34571,1.34264,1.34509,4701,10,0
2025-09-24 15:00:00+00:00,1.34507,1.34562,1.34435,1.34469,3646,10,0
2025-09-24 16:00:00+00:00,1.34471,1.34494,1.34385,1.34424,2851,10,0
2025-09-24 17:00:00+00:00,1.34424,1.3455300000000001,1.34416,1.34531,1949,10,0
2025-09-24 18:00:00+00:00,1.3453,1.34544,1.34429,1.34477,2073,10,0
2025-09-24 19:00:00+00:00,1.34477,1.34504,1.34426,1.34456,1642,10,0
2025-09-24 20:00:00+00:00,1.3446,1.34483,1.34432,1.3446,1124,10,0
2025-09-24 21:00:00+00:00,1.34457,1.34483,1.34417,1.34424,1055,28,0
2025-09-24 22:00:00+00:00,1.34474,1.34514,1.3445,1.34504,805,10,0
2025-09-24 23:00:00+00:00,1.3450199999999999,1.3453300000000001,1.34482,1.34489,667,10,0
2025-09-25 00:00:00+00:00,1.34485,1.34573,1.3448,1.3456299999999999,1942,10,0
2025-09-25 01:00:00+00:00,1.34561,1.34588,1.34484,1.34535,1860,10,0
2025-09-25 02:00:00+00:00,1.34536,1.34615,1.34532,1.34582,1621,10,0
2025-09-25 03:00:00+00:00,1.34581,1.3462399999999999,1.34548,1.3461,1091,10,0
2025-09-25 04:00:00+00:00,1.34611,1.34644,1.34595,1.34623,965,10,0
2025-09-25 05:00:00+00:00,1.34623,1.34623,1.34528,1.34539,1145,10,0
2025-09-25 06:00:00+00:00,1.34537,1.3467,1.34491,1.34642,2618,10,0
2025-09-25 07:00:00+00:00,1.34645,1.3464800000000001,1.34358,1.34372,3571,10,0
2025-09-25 08:00:00+00:00,1.34374,1.34532,1.3433899999999999,1.34521,3277,10,0
2025-09-25 09:00:00+00:00,1.34523,1.34592,1.34458,1.3449,2566,10,0
2025-09-25 10:00:00+00:00,1.34493,1.34561,1.34455,1.34455,2239,10,0
2025-09-25 11:00:00+00:00,1.34456,1.34477,1.34175,1.34211,2851,10,0
2025-09-25 12:00:00+00:00,1.34212,1.34229,1.33719,1.33832,5874,10,0
2025-09-25 13:00:00+00:00,1.3383099999999999,1.3394,1.33629,1.3370199999999999,6250,10,0
2025-09-25 14:00:00+00:00,1.3370600000000001,1.33838,1.3347,1.33473,5652,10,0
2025-09-25 15:00:00+00:00,1.33475,1.33514,1.33407,1.3348,3900,10,0
2025-09-25 16:00:00+00:00,1.33481,1.33568,1.33354,1.3338999999999999,2764,10,0
2025-09-25 17:00:00+00:00,1.3338700000000001,1.3343099999999999,1.33264,1.33346,2975,10,0
2025-09-25 18:00:00+00:00,1.33348,1.33378,1.33231,1.3333599999999999,2720,10,0
2025-09-25 19:00:00+00:00,1.33334,1.33404,1.33331,1.33361,1979,10,0
2025-09-25 20:00:00+00:00,1.33361,1.33465,1.33359,1.3338999999999999,1154,10,0
2025-09-25 21:00:00+00:00,1.3338700000000001,1.33422,1.3326799999999999,1.3326799999999999,1136,28,0
2025-09-25 22:00:00+00:00,1.3336700000000001,1.33456,1.3336700000000001,1.33433,708,10,0
2025-09-25 23:00:00+00:00,1.33433,1.33434,1.33314,1.33348,1012,10,0
2025-09-26 00:00:00+00:00,1.33348,1.33452,1.3329,1.33445,1714,10,0
2025-09-26 01:00:00+00:00,1.33445,1.33475,1.3338700000000001,1.33411,1793,10,0
2025-09-26 02:00:00+00:00,1.33412,1.3355000000000001,1.33412,1.33495,1352,10,0
2025-09-26 03:00:00+00:00,1.33495,1.33539,1.33479,1.33535,1001,10,0
2025-09-26 04:00:00+00:00,1.33535,1.3355299999999999,1.3349,1.33539,1076,10,0
2025-09-26 05:00:00+00:00,1.33542,1.33574,1.3351899999999999,1.33531,1231,10,0
2025-09-26 06:00:00+00:00,1.33528,1.33636,1.33502,1.33629,2747,10,0
2025-09-26 07:00:00+00:00,1.33627,1.33693,1.33443,1.33522,3512,10,0
2025-09-26 08:00:00+00:00,1.3352,1.33704,1.33505,1.33644,2670,10,0
2025-09-26 09:00:00+00:00,1.3364500000000001,1.33657,1.33501,1.33521,2385,10,0
2025-09-26 10:00:00+00:00,1.3352,1.33554,1.33426,1.33456,2379,10,0
2025-09-26 11:00:00+00:00,1.3345799999999999,1.33561,1.3343099999999999,1.33498,2185,10,0
2025-09-26 12:00:00+00:00,1.33498,1.33768,1.3348,1.33765,4607,10,0
2025-09-26 13:00:00+00:00,1.3377,1.33877,1.33747,1.33842,4942,10,0
2025-09-26 14:00:00+00:00,1.33844,1.34062,1.3384,1.3401,4801,10,0
2025-09-26 15:00:00+00:00,1.3401100000000001,1.34127,1.33937,1.3401,3402,10,0
2025-09-26 16:00:00+00:00,1.34009,1.34094,1.33959,1.3397700000000001,2547,10,0
2025-09-26 17:00:00+00:00,1.3397999999999999,1.3407200000000001,1.3397299999999999,1.34043,1600,10,0
2025-09-26 18:00:00+00:00,1.34042,1.3411,1.34003,1.34091,1596,10,0
2025-09-26 19:00:00+00:00,1.34091,1.3409200000000001,1.3403100000000001,1.34073,1403,10,0
2025-09-26 20:00:00+00:00,1.3407200000000001,1.34088,1.33978,1.33999,1504,10,0
2025-09-28 21:00:00+00:00,1.33841,1.33979,1.3383,1.3391899999999999,622,54,0
2025-09-28 22:00:00+00:00,1.34016,1.34058,1.33981,1.34039,918,10,0
2025-09-28 23:00:00+00:00,1.34039,1.34109,1.34032,1.3406799999999999,730,10,0
2025-09-29 00:00:00+00:00,1.34067,1.34244,1.3406,1.34233,1710,10,0
2025-09-29 01:00:00+00:00,1.3423,1.3428,1.34158,1.34261,2023,10,0
2025-09-29 02:00:00+00:00,1.34261,1.34336,1.34254,1.34289,1646,10,0
2025-09-29 03:00:00+00:00,1.34292,1.3434300000000001,1.3428,1.34315,1143,10,0
2025-09-29 04:00:00+00:00,1.34315,1.34412,1.3427799999999999,1.3437000000000001,1038,10,0
2025-09-29 05:00:00+00:00,1.3437000000000001,1.34429,1.34338,1.34414,1676,10,0
2025-09-29 06:00:00+00:00,1.34416,1.3442,1.34337,1.3437299999999999,2668,10,0
2025-09-29 07:00:00+00:00,1.34372,1.34494,1.34358,1.34459,2729,10,0
2025-09-29 08:00:00+00:00,1.34461,1.345,1.3431,1.34348,2633,10,0
2025-09-29 09:00:00+00:00,1.34348,1.34423,1.34296,1.3430900000000001,2385,10,0
2025-09-29 10:00:00+00:00,1.34308,1.34329,1.34245,1.3427799999999999,2013,10,0
2025-09-29 11:00:00+00:00,1.34277,1.3447200000000001,1.34238,1.34467,2399,10,0
2025-09-29 12:00:00+00:00,1.34469,1.3456299999999999,1.34336,1.34511,3663,10,0
2025-09-29 13:00:00+00:00,1.34509,1.34516,1.34369,1.34381,3959,10,0
2025-09-29 14:00:00+00:00,1.34378,1.34397,1.3415300000000001,1.34176,3849,10,0
2025-09-29 15:00:00+00:00,1.34178,1.34362,1.34166,1.3431199999999999,3232,10,0
2025-09-29 16:00:00+00:00,1.34317,1.34358,1.34256,1.34307,1894,10,0
2025-09-29 17:00:00+00:00,1.34307,1.34338,1.3423,1.3424800000000001,1708,10,0
2025-09-29 18:00:00+00:00,1.3425099999999999,1.34384,1.34225,1.34371,1328,10,0
2025-09-29 19:00:00+00:00,1.34372,1.34383,1.34337,1.34357,1159,10,0
2025-09-29 20:00:00+00:00,1.34356,1.34356,1.34252,1.34252,970,10,0
2025-09-29 21:00:00+00:00,1.34254,1.34286,1.3422399999999999,1.34231,743,28,0
2025-09-29 22:00:00+00:00,1.34269,1.34336,1.34262,1.34335,584,10,0
2025-09-29 23:00:00+00:00,1.34335,1.34375,1.34331,1.34344,505,10,0
2025-09-30 00:00:00+00:00,1.34344,1.34359,1.342,1.34247,2131,10,0
2025-09-30 01:00:00+00:00,1.34247,1.34344,1.3422,1.3422399999999999,2131,10,0
2025-09-30 02:00:00+00:00,1.3422399999999999,1.3431600000000001,1.342,1.34307,1369,10,0
2025-09-30 03:00:00+00:00,1.34308,1.34386,1.34271,1.3435000000000001,1378,10,0
2025-09-30 04:00:00+00:00,1.3435000000000001,1.34383,1.34271,1.34381,1607,10,0
2025-09-30 05:00:00+00:00,1.34383,1.34464,1.34327,1.3433,2053,10,0
2025-09-30 06:00:00+00:00,1.34331,1.34514,1.34279,1.3439999999999999,3299,10,0
2025-09-30 07:00:00+00:00,1.34399,1.34514,1.34315,1.34461,3601,10,0
2025-09-30 08:00:00+00:00,1.34466,1.34521,1.34402,1.34454,3291,10,0
2025-09-30 09:00:00+00:00,1.3445,1.3449499999999999,1.34401,1.34439,2701,10,0
2025-09-30 10:00:00+00:00,1.34439,1.34505,1.3436,1.34375,2308,10,0
2025-09-30 11:00:00+00:00,1.3437700000000001,1.34435,1.34242,1.34366,2536,10,0
2025-09-30 12:00:00+00:00,1.34367,1.34516,1.34359,1.34416,3256,10,0
2025-09-30 13:00:00+00:00,1.3442,1.34501,1.34131,1.34423,4469,10,0
2025-09-30 14:00:00+00:00,1.34425,1.34669,1.34341,1.3461699999999999,6147,10,0
2025-09-30 15:00:00+00:00,1.3461400000000001,1.34626,1.34357,1.34428,4203,10,0
2025-09-30 16:00:00+00:00,1.3443,1.3462100000000001,1.34389,1.3458,3005,10,0
2025-09-30 17:00:00+00:00,1.3458,1.34634,1.3449200000000001,1.3450199999999999,2386,10,0
2025-09-30 18:00:00+00:00,1.345,1.34531,1.34401,1.34484,2136,10,0
2025-09-30 19:00:00+00:00,1.34483,1.34518,1.34433,1.34486,1789,10,0
2025-09-30 20:00:00+00:00,1.34488,1.34494,1.3439,1.34426,1451,10,0
2025-09-30 21:00:00+00:00,1.34427,1.34432,1.34363,1.34368,799,28,0
2025-09-30 22:00:00+00:00,1.3444099999999999,1.34518,1.34423,1.34435,999,10,0
2025-09-30 23:00:00+00:00,1.34439,1.34497,1.34417,1.34422,981,10,0
2025-10-01 00:00:00+00:00,1.3442,1.34439,1.34353,1.34403,1856,10,0
2025-10-01 01:00:00+00:00,1.34403,1.3442,1.3434300000000001,1.34415,1346,10,0
2025-10-01 02:00:00+00:00,1.34415,1.3443399999999999,1.34345,1.34408,1366,10,0
2025-10-01 03:00:00+00:00,1.3441100000000001,1.34423,1.34353,1.34403,1199,10,0
2025-10-01 04:00:00+00:00,1.34403,1.34638,1.34403,1.34626,1382,10,0
2025-10-01 05:00:00+00:00,1.34628,1.3471899999999999,1.3455,1.3455300000000001,2075,10,0
2025-10-01 06:00:00+00:00,1.3455300000000001,1.34775,1.34546,1.34656,3659,10,0
2025-10-01 07:00:00+00:00,1.3465500000000001,1.34772,1.3453,1.34667,4958,10,0
2025-10-01 08:00:00+00:00,1.34671,1.34799,1.34659,1.3467,3964,10,0
2025-10-01 09:00:00+00:00,1.34668,1.34748,1.34619,1.34643,3013,10,0
2025-10-01 10:00:00+00:00,1.34639,1.34759,1.34572,1.3470900000000001,3247,10,0
2025-10-01 11:00:00+00:00,1.34708,1.34881,1.347,1.34819,2784,10,0
2025-10-01 12:00:00+00:00,1.34815,1.35214,1.3469,1.3512,9037,10,0
2025-10-01 13:00:00+00:00,1.35122,1.35272,1.3506,1.35167,5117,10,0
2025-10-01 14:00:00+00:00,1.35164,1.3524,1.34923,1.35063,8114,10,0
2025-10-01 15:00:00+00:00,1.3506,1.35077,1.34702,1.3471600000000001,5035,10,0
2025-10-01 16:00:00+00:00,1.34711,1.34766,1.34649,1.34737,2814,10,0
2025-10-01 17:00:00+00:00,1.34737,1.34786,1.3470900000000001,1.34722,1853,10,0
2025-10-01 18:00:00+00:00,1.34722,1.3489200000000001,1.3467799999999999,1.34853,2164,10,0
2025-10-01 19:00:00+00:00,1.34855,1.34877,1.34778,1.34793,1352,10,0
2025-10-01 20:00:00+00:00,1.34794,1.34798,1.3471199999999999,1.34748,1779,10,0
2025-10-01 21:00:00+00:00,1.34744,1.3477299999999999,1.34696,1.34696,611,17,0
2025-10-01 22:00:00+00:00,1.34801,1.34814,1.34754,1.34789,643,10,0
2025-10-01 23:00:00+00:00,1.34789,1.34828,1.34774,1.34779,675,10,0
2025-10-02 00:00:00+00:00,1.3477700000000001,1.34783,1.34687,1.34689,1838,10,0
2025-10-02 01:00:00+00:00,1.34692,1.3483800000000001,1.34667,1.34836,1752,10,0
2025-10-02 02:00:00+00:00,1.34837,1.34874,1.34788,1.34805,1165,10,0
2025-10-02 03:00:00+00:00,1.3480699999999999,1.34809,1.34754,1.3477700000000001,1028,10,0
2025-10-02 04:00:00+00:00,1.3477700000000001,1.34786,1.3473600000000001,1.3475,956,10,0
2025-10-02 05:00:00+00:00,1.3475,1.34785,1.34683,1.34745,1501,10,0
2025-10-02 06:00:00+00:00,1.3474599999999999,1.3489200000000001,1.34726,1.3489200000000001,3070,10,0
2025-10-02 07:00:00+00:00,1.3489,1.35005,1.34867,1.3494,3313,10,0
2025-10-02 08:00:00+00:00,1.34942,1.35099,1.3491,1.35039,2820,10,0
2025-10-02 09:00:00+00:00,1.35036,1.3507500000000001,1.34965,1.34985,2687,10,0
2025-10-02 10:00:00+00:00,1.34985,1.34985,1.34795,1.3479700000000001,2357,10,0
2025-10-02 11:00:00+00:00,1.34798,1.34829,1.34702,1.34759,2966,10,0
2025-10-02 12:00:00+00:00,1.3476,1.34828,1.34633,1.34657,3189,10,0
2025-10-02 13:00:00+00:00,1.3465799999999999,1.3468499999999999,1.34259,1.34302,4490,10,0
2025-10-02 14:00:00+00:00,1.34301,1.34304,1.34111,1.34204,5130,10,0
2025-10-02 15:00:00+00:00,1.34202,1.34268,1.34003,1.34206,3945,10,0
2025-10-02 16:00:00+00:00,1.34203,1.34391,1.34196,1.34386,2702,10,0
2025-10-02 17:00:00+00:00,1.34384,1.34453,1.34351,1.34371,1966,10,0
2025-10-02 18:00:00+00:00,1.34369,1.34476,1.34356,1.3446,1668,10,0
2025-10-02 19:00:00+00:00,1.3446,1.34516,1.34424,1.34426,1191,10,0
2025-10-02 20:00:00+00:00,1.34426,1.34496,1.34358,1.3436,1406,10,0
2025-10-02 21:00:00+00:00,1.3436,1.34387,1.34268,1.34344,878,47,0
2025-10-02 22:00:00+00:00,1.34391,1.34532,1.3437999999999999,1.34405,757,10,0
2025-10-02 23:00:00+00:00,1.34405,1.34463,1.3439999999999999,1.3446,458,10,0
2025-10-03 00:00:00+00:00,1.34461,1.34461,1.34386,1.34446,1380,10,0
2025-10-03 01:00:00+00:00,1.34444,1.34503,1.34326,1.34448,2216,10,0
2025-10-03 02:00:00+00:00,1.34451,1.34457,1.34355,1.34392,1187,10,0
2025-10-03 03:00:00+00:00,1.34388,1.34448,1.3435000000000001,1.3444099999999999,1107,10,0
2025-10-03 04:00:00+00:00,1.3444099999999999,1.34458,1.34345,1.3434599999999999,978,10,0
2025-10-03 05:00:00+00:00,1.3434599999999999,1.34367,1.34302,1.34318,1696,10,0
2025-10-03 06:00:00+00:00,1.3432,1.34436,1.34284,1.34336,2296,10,0
2025-10-03 07:00:00+00:00,1.34335,1.34609,1.34335,1.34599,2630,10,0
2025-10-03 08:00:00+00:00,1.34599,1.3467799999999999,1.34521,1.34573,3133,10,0
2025-10-03 09:00:00+00:00,1.34573,1.34577,1.34414,1.34536,2351,10,0
2025-10-03 10:00:00+00:00,1.34538,1.34559,1.34476,1.34522,1792,10,0
2025-10-03 11:00:00+00:00,1.34523,1.34552,1.3444,1.34489,2557,10,0
2025-10-03 12:00:00+00:00,1.3449,1.3459400000000001,1.34365,1.34576,3383,10,0
2025-10-03 13:00:00+00:00,1.3458,1.34687,1.345,1.34629,4150,10,0
2025-10-03 14:00:00+00:00,1.34637,1.34775,1.34564,1.34715,6205,10,0
2025-10-03 15:00:00+00:00,1.34713,1.34849,1.3465,1.34787,3318,10,0
2025-10-03 16:00:00+00:00,1.34785,1.3484099999999999,1.34725,1.34771,1906,10,0
2025-10-03 17:00:00+00:00,1.3477000000000001,1.34822,1.34666,1.34705,1978,10,0
2025-10-03 18:00:00+00:00,1.34707,1.34803,1.34623,1.34795,1908,10,0
2025-10-03 19:00:00+00:00,1.34796,1.34837,1.34762,1.34828,1369,10,0
2025-10-03 20:00:00+00:00,1.34826,1.34867,1.34762,1.34781,1752,10,0
2025-10-05 21:00:00+00:00,1.3456000000000001,1.3456000000000001,1.3429,1.34364,1018,47,0
2025-10-05 22:00:00+00:00,1.3443,1.3445,1.34215,1.3434300000000001,1823,17,0
2025-10-05 23:00:00+00:00,1.34345,1.34387,1.34259,1.34315,3573,10,0
2025-10-06 00:00:00+00:00,1.34317,1.34399,1.3427,1.34397,2883,10,0
2025-10-06 01:00:00+00:00,1.34397,1.34503,1.34352,1.34496,2112,10,0
2025-10-06 02:00:00+00:00,1.34494,1.34572,1.34485,1.34543,1357,10,0
2025-10-06 03:00:00+00:00,1.34543,1.34579,1.34509,1.34513,1330,10,0
2025-10-06 04:00:00+00:00,1.34512,1.34548,1.34452,1.34464,1820,10,0
2025-10-06 05:00:00+00:00,1.34464,1.3452600000000001,1.34394,1.34433,1721,10,0
2025-10-06 06:00:00+00:00,1.34435,1.34483,1.34299,1.34409,3744,10,0
2025-10-06 07:00:00+00:00,1.34412,1.34638,1.34356,1.3443,6263,10,0
2025-10-06 08:00:00+00:00,1.34426,1.34447,1.34177,1.34354,4464,10,0
2025-10-06 09:00:00+00:00,1.34351,1.34387,1.34235,1.34364,3048,10,0
2025-10-06 10:00:00+00:00,1.34364,1.34374,1.34216,1.34216,3050,10,0
2025-10-06 11:00:00+00:00,1.3421699999999999,1.34314,1.34157,1.34245,3054,10,0
2025-10-06 12:00:00+00:00,1.34245,1.34402,1.34228,1.3437000000000001,4162,10,0
2025-10-06 13:00:00+00:00,1.34372,1.34645,1.34369,1.34607,3859,10,0
2025-10-06 14:00:00+00:00,1.34609,1.3483800000000001,1.34581,1.34795,3958,10,0
2025-10-06 15:00:00+00:00,1.3479700000000001,1.34837,1.34677,1.34745,3207,10,0
2025-10-06 16:00:00+00:00,1.3474599999999999,1.34765,1.34654,1.34749,1988,10,0
2025-10-06 17:00:00+00:00,1.34751,1.34837,1.3474599999999999,1.34835,1567,10,0
2025-10-06 18:00:00+00:00,1.34832,1.3486500000000001,1.34792,1.3482,1277,10,0
2025-10-06 19:00:00+00:00,1.3482,1.34897,1.3479999999999999,1.34812,1449,10,0
2025-10-06 20:00:00+00:00,1.34809,1.34866,1.34799,1.34836,1148,10,0
2025-10-06 21:00:00+00:00,1.3483399999999999,1.3484,1.34775,1.34793,817,17,0
2025-10-06 22:00:00+00:00,1.34801,1.34863,1.34793,1.34812,1424,10,0
2025-10-06 23:00:00+00:00,1.34812,1.34867,1.34795,1.34835,801,10,0
2025-10-07 00:00:00+00:00,1.34835,1.34843,1.3477000000000001,1.34821,1609,10,0
2025-10-07 01:00:00+00:00,1.3482,1.3482,1.34721,1.3473600000000001,1595,10,0
2025-10-07 02:00:00+00:00,1.34738,1.34795,1.34722,1.34756,1076,10,0
2025-10-07 03:00:00+00:00,1.34755,1.34806,1.3474,1.34755,1004,10,0
2025-10-07 04:00:00+00:00,1.34755,1.34802,1.34673,1.34695,1182,10,0
2025-10-07 05:00:00+00:00,1.34695,1.34706,1.34541,1.34596,1702,10,0
2025-10-07 06:00:00+00:00,1.34596,1.34598,1.34444,1.34525,2970,10,0
2025-10-07 07:00:00+00:00,1.34523,1.34534,1.3428499999999999,1.34366,3451,10,0
2025-10-07 08:00:00+00:00,1.34367,1.34448,1.34321,1.34365,2642,10,0
2025-10-07 09:00:00+00:00,1.34364,1.3443800000000001,1.3432,1.34433,2383,10,0
2025-10-07 10:00:00+00:00,1.34436,1.34439,1.34237,1.3425500000000001,2378,10,0
2025-10-07 11:00:00+00:00,1.3425500000000001,1.3428,1.33917,1.3401,3233,10,0
2025-10-07 12:00:00+00:00,1.34008,1.34148,1.33932,1.34138,3612,10,0
2025-10-07 13:00:00+00:00,1.3414,1.34276,1.34091,1.34175,3982,10,0
2025-10-07 14:00:00+00:00,1.34172,1.34336,1.3413599999999999,1.34306,3731,10,0
2025-10-07 15:00:00+00:00,1.34305,1.34541,1.34305,1.34397,3827,10,0
2025-10-07 16:00:00+00:00,1.3439999999999999,1.34498,1.34384,1.34419,3017,10,0
2025-10-07 17:00:00+00:00,1.3442,1.34518,1.34393,1.34401,2297,10,0
2025-10-07 18:00:00+00:00,1.34402,1.3441,1.34284,1.34299,2351,10,0
2025-10-07 19:00:00+00:00,1.34297,1.34307,1.34154,1.3421,1891,10,0
2025-10-07 20:00:00+00:00,1.34209,1.34259,1.34182,1.34214,1287,10,0
2025-10-07 21:00:00+00:00,1.34211,1.34273,1.34188,1.3425,934,20,0
2025-10-07 22:00:00+00:00,1.34283,1.34299,1.34246,1.3425099999999999,671,10,0
2025-10-07 23:00:00+00:00,1.3425,1.34261,1.34191,1.3419699999999999,1031,10,0
2025-10-08 00:00:00+00:00,1.3419699999999999,1.34213,1.34113,1.34151,1785,10,0
2025-10-08 01:00:00+00:00,1.3415300000000001,1.3415300000000001,1.3396,1.3397000000000001,3855,10,0
2025-10-08 02:00:00+00:00,1.33972,1.34027,1.33913,1.33968,2012,10,0
2025-10-08 03:00:00+00:00,1.33968,1.33997,1.33898,1.33989,1406,10,0
2025-10-08 04:00:00+00:00,1.33989,1.34003,1.33897,1.33931,1226,10,0
2025-10-08 05:00:00+00:00,1.33931,1.33931,1.33843,1.33913,1436,10,0
2025-10-08 06:00:00+00:00,1.33915,1.33971,1.33833,1.33963,3439,10,0
2025-10-08 07:00:00+00:00,1.33965,1.34174,1.33939,1.34168,3849,10,0
2025-10-08 08:00:00+00:00,1.34167,1.3425799999999999,1.34052,1.3408,3053,10,0
2025-10-08 09:00:00+00:00,1.34081,1.34134,1.33999,1.34028,3068,10,0
2025-10-08 10:00:00+00:00,1.34028,1.34271,1.34009,1.34121,2756,10,0
2025-10-08 11:00:00+00:00,1.34119,1.34161,1.3400400000000001,1.3406799999999999,2906,10,0
2025-10-08 12:00:00+00:00,1.34069,1.3421,1.3406799999999999,1.34186,3199,10,0
2025-10-08 13:00:00+00:00,1.34188,1.34304,1.34164,1.34237,3497,10,0
2025-10-08 14:00:00+00:00,1.34236,1.34381,1.34183,1.34205,3543,10,0
2025-10-08 15:00:00+00:00,1.34204,1.34229,1.33865,1.3388200000000001,3318,10,0
2025-10-08 16:00:00+00:00,1.33886,1.33904,1.33715,1.33869,2605,10,0
2025-10-08 17:00:00+00:00,1.33873,1.33873,1.33784,1.33802,1851,10,0
2025-10-08 18:00:00+00:00,1.33802,1.33894,1.33704,1.33891,3346,10,0
2025-10-08 19:00:00+00:00,1.33893,1.34001,1.3389199999999999,1.33991,1752,10,0
2025-10-08 20:00:00+00:00,1.3399,1.3406,1.33957,1.34013,1417,10,0
2025-10-08 21:00:00+00:00,1.34012,1.34029,1.33951,1.3401100000000001,1092,15,0
2025-10-08 22:00:00+00:00,1.34029,1.34073,1.3401100000000001,1.34059,972,10,0
2025-10-08 23:00:00+00:00,1.34061,1.34062,1.33985,1.33994,1096,10,0
2025-10-09 00:00:00+00:00,1.33994,1.34125,1.33985,1.34093,1655,10,0
2025-10-09 01:00:00+00:00,1.34093,1.34186,1.34073,1.34094,2398,10,0
2025-10-09 02:00:00+00:00,1.3409200000000001,1.34188,1.34058,1.34155,1329,10,0
2025-10-09 03:00:00+00:00,1.34158,1.34178,1.34079,1.34143,1120,10,0
2025-10-09 04:00:00+00:00,1.34143,1.34154,1.3408,1.34121,920,10,0
2025-10-09 05:00:00+00:00,1.34121,1.34164,1.34045,1.3405,1265,10,0
2025-10-09 06:00:00+00:00,1.3405,1.34067,1.33572,1.33639,4313,10,0
2025-10-09 07:00:00+00:00,1.33639,1.33721,1.3349,1.33523,4235,10,0
2025-10-09 08:00:00+00:00,1.33523,1.33639,1.33423,1.33615,3429,10,0
2025-10-09 09:00:00+00:00,1.3361399999999999,1.33884,1.33581,1.33864,4206,10,0
2025-10-09 10:00:00+00:00,1.33868,1.33898,1.33685,1.33691,3128,10,0
2025-10-09 11:00:00+00:00,1.33692,1.33816,1.33582,1.33745,2792,10,0
2025-10-09 12:00:00+00:00,1.33745,1.3388200000000001,1.33679,1.33843,3810,10,0
2025-10-09 13:00:00+00:00,1.33845,1.3395299999999999,1.3355299999999999,1.33684,6775,10,0
2025-10-09 14:00:00+00:00,1.3368,1.33681,1.33258,1.3332,6210,10,0
2025-10-09 15:00:00+00:00,1.3332,1.33341,1.32905,1.33088,5660,10,0
2025-10-09 16:00:00+00:00,1.3308900000000001,1.3314599999999999,1.32904,1.32937,3732,10,0
2025-10-09 17:00:00+00:00,1.32935,1.3303099999999999,1.32878,1.32978,3520,10,0
2025-10-09 18:00:00+00:00,1.32978,1.32982,1.32792,1.3281100000000001,2358,10,0
2025-10-09 19:00:00+00:00,1.32813,1.32978,1.32808,1.3296000000000001,2042,10,0
2025-10-09 20:00:00+00:00,1.3296000000000001,1.3305500000000001,1.3295,1.33016,1522,7,0
2025-10-09 21:00:00+00:00,1.33019,1.33042,1.32946,1.33036,761,24,0
2025-10-09 22:00:00+00:00,1.33056,1.33073,1.32974,1.32998,861,10,0
2025-10-09 23:00:00+00:00,1.32998,1.33037,1.32925,1.33022,1164,10,0
2025-10-10 00:00:00+00:00,1.3302,1.3305500000000001,1.32955,1.33039,1739,10,0
2025-10-10 01:00:00+00:00,1.33043,1.3308200000000001,1.32993,1.33018,1941,10,0
2025-10-10 02:00:00+00:00,1.33017,1.33106,1.33002,1.3308,1490,10,0
2025-10-10 03:00:00+00:00,1.33078,1.33134,1.33059,1.33113,1304,10,0
2025-10-10 04:00:00+00:00,1.33113,1.33128,1.33045,1.33084,1183,10,0
2025-10-10 05:00:00+00:00,1.3308499999999999,1.3314,1.33061,1.33061,1482,10,0
2025-10-10 06:00:00+00:00,1.33059,1.33109,1.3287499999999999,1.3296000000000001,3846,10,0
2025-10-10 07:00:00+00:00,1.32955,1.33059,1.32786,1.33026,4355,10,0
2025-10-10 08:00:00+00:00,1.33025,1.3312599999999999,1.32972,1.33076,3279,10,0
2025-10-10 09:00:00+00:00,1.33073,1.33087,1.32866,1.32907,2798,10,0
2025-10-10 10:00:00+00:00,1.32908,1.32985,1.32607,1.32611,3631,10,0
2025-10-10 11:00:00+00:00,1.32613,1.32776,1.32613,1.3271600000000001,3508,10,0
2025-10-10 12:00:00+00:00,1.32718,1.3287499999999999,1.32713,1.32789,3238,10,0
2025-10-10 13:00:00+00:00,1.32785,1.32815,1.32678,1.32768,3482,10,0
2025-10-10 14:00:00+00:00,1.32766,1.3308900000000001,1.32717,1.33022,4918,10,0
2025-10-10 15:00:00+00:00,1.3302,1.33704,1.33007,1.33423,14613,10,0
2025-10-10 16:00:00+00:00,1.33419,1.33569,1.33377,1.33445,5806,10,0
2025-10-10 17:00:00+00:00,1.33444,1.33469,1.33311,1.33442,3374,10,0
2025-10-10 18:00:00+00:00,1.33446,1.33534,1.3342399999999999,1.3346,2566,10,0
2025-10-10 19:00:00+00:00,1.33456,1.33547,1.33416,1.33495,2222,10,0
2025-10-10 20:00:00+00:00,1.3349199999999999,1.33621,1.33346,1.33578,5589,10,0
2025-10-12 21:00:00+00:00,1.33462,1.33469,1.33189,1.33279,931,30,0
2025-10-12 22:00:00+00:00,1.33351,1.33533,1.33351,1.33414,2651,10,0
2025-10-12 23:00:00+00:00,1.33414,1.33477,1.33343,1.33349,2162,10,0
2025-10-13 00:00:00+00:00,1.33348,1.33504,1.33345,1.33502,2785,10,0
2025-10-13 01:00:00+00:00,1.33505,1.33571,1.33443,1.33544,2697,10,0
2025-10-13 02:00:00+00:00,1.33544,1.33627,1.33496,1.33515,1869,10,0
2025-10-13 03:00:00+00:00,1.33515,1.33547,1.33479,1.33528,1476,10,0
2025-10-13 04:00:00+00:00,1.33529,1.33597,1.33517,1.33562,1136,10,0
2025-10-13 05:00:00+00:00,1.33563,1.3361100000000001,1.33465,1.33478,1954,10,0
2025-10-13 06:00:00+00:00,1.33477,1.3366,1.3345500000000001,1.3348200000000001,3309,10,0
2025-10-13 07:00:00+00:00,1.3348499999999999,1.33499,1.33294,1.33348,4649,10,0
2025-10-13 08:00:00+00:00,1.33346,1.33389,1.3314599999999999,1.33257,3573,10,0
2025-10-13 09:00:00+00:00,1.33257,1.3343099999999999,1.3323800000000001,1.3336700000000001,2577,10,0
2025-10-13 10:00:00+00:00,1.33369,1.33425,1.33279,1.33361,2597,10,0
2025-10-13 11:00:00+00:00,1.33361,1.33523,1.3326799999999999,1.33307,4371,10,0
2025-10-13 12:00:00+00:00,1.3330600000000001,1.3339699999999999,1.3324099999999999,1.33335,3520,10,0
2025-10-13 13:00:00+00:00,1.33334,1.33383,1.33247,1.33322,4188,10,0
2025-10-13 14:00:00+00:00,1.33325,1.33328,1.33185,1.33262,4144,10,0
2025-10-13 15:00:00+00:00,1.3326500000000001,1.33351,1.33232,1.33279,2851,10,0
2025-10-13 16:00:00+00:00,1.33278,1.33369,1.33252,1.33298,2436,10,0
2025-10-13 17:00:00+00:00,1.33297,1.3334,1.33256,1.33315,1752,10,0
2025-10-13 18:00:00+00:00,1.33314,1.33402,1.33305,1.33339,1543,10,0
2025-10-13 19:00:00+00:00,1.3334,1.33388,1.33296,1.3330199999999999,1349,10,0
2025-10-13 20:00:00+00:00,1.3330199999999999,1.33348,1.33293,1.33307,1454,10,0
2025-10-13 21:00:00+00:00,1.33318,1.33354,1.33247,1.33313,664,17,0
2025-10-13 22:00:00+00:00,1.3334,1.33372,1.3329,1.3330899999999999,806,10,0
2025-10-13 23:00:00+00:00,1.3330899999999999,1.33348,1.33263,1.33317,1098,10,0
2025-10-14 00:00:00+00:00,1.33317,1.3338,1.3325,1.33358,2385,10,0
2025-10-14 01:00:00+00:00,1.33357,1.3347,1.33347,1.3343099999999999,2257,10,0
2025-10-14 02:00:00+00:00,1.33433,1.33457,1.33391,1.33433,1318,10,0
2025-10-14 03:00:00+00:00,1.3343,1.33498,1.33393,1.33446,1597,10,0
2025-10-14 04:00:00+00:00,1.33445,1.33521,1.3343,1.3351600000000001,2332,10,0
2025-10-14 05:00:00+00:00,1.33517,1.33518,1.33395,1.33398,2512,10,0
2025-10-14 06:00:00+00:00,1.3339699999999999,1.33403,1.32744,1.32798,6163,10,0
2025-10-14 07:00:00+00:00,1.328,1.3283,1.32519,1.32566,5802,10,0
2025-10-14 08:00:00+00:00,1.32564,1.32837,1.3253,1.32835,3901,10,0
2025-10-14 09:00:00+00:00,1.32831,1.32837,1.32636,1.32676,3510,10,0
2025-10-14 10:00:00+00:00,1.32673,1.32715,1.32578,1.32642,3664,10,0
2025-10-14 11:00:00+00:00,1.32644,1.32756,1.32607,1.32684,3474,10,0
2025-10-14 12:00:00+00:00,1.3268499999999999,1.32725,1.3247900000000001,1.32608,4549,10,0
2025-10-14 13:00:00+00:00,1.32607,1.32954,1.3260100000000001,1.3281399999999999,6034,10,0
2025-10-14 14:00:00+00:00,1.32815,1.3303,1.3279,1.32961,5400,10,0
2025-10-14 15:00:00+00:00,1.3296000000000001,1.33185,1.32878,1.33172,4700,10,0
2025-10-14 16:00:00+00:00,1.33175,1.3329,1.33064,1.33173,4721,10,0
2025-10-14 17:00:00+00:00,1.3317,1.33293,1.3311600000000001,1.33271,3128,10,0
2025-10-14 18:00:00+00:00,1.3327,1.33312,1.33195,1.33269,2479,10,0
2025-10-14 19:00:00+00:00,1.33269,1.33317,1.33218,1.33253,2988,10,0
2025-10-14 20:00:00+00:00,1.33249,1.33267,1.33137,1.33173,1242,10,0
2025-10-14 21:00:00+00:00,1.33171,1.33195,1.33159,1.33163,739,13,0
2025-10-14 22:00:00+00:00,1.33182,1.33223,1.33171,1.3318699999999999,954,10,0
2025-10-14 23:00:00+00:00,1.33188,1.33244,1.33164,1.3321399999999999,892,10,0
2025-10-15 00:00:00+00:00,1.3321399999999999,1.33305,1.33194,1.33283,2089,10,0
2025-10-15 01:00:00+00:00,1.33283,1.33403,1.3325,1.33396,2245,10,0
2025-10-15 02:00:00+00:00,1.334,1.33506,1.33392,1.33488,1903,10,0
2025-10-15 03:00:00+00:00,1.33488,1.33537,1.33473,1.33506,1438,10,0
2025-10-15 04:00:00+00:00,1.33509,1.33536,1.33438,1.33483,1415,10,0
2025-10-15 05:00:00+00:00,1.3348499999999999,1.33585,1.33459,1.3352,1703,10,0
2025-10-15 06:00:00+00:00,1.33517,1.3373300000000001,1.33497,1.33621,3713,10,0
2025-10-15 07:00:00+00:00,1.33624,1.3363399999999999,1.33412,1.33495,4134,10,0
2025-10-15 08:00:00+00:00,1.33495,1.3355299999999999,1.33409,1.3345,3551,10,0
2025-10-15 09:00:00+00:00,1.3345,1.33572,1.33357,1.33505,3249,10,0
2025-10-15 10:00:00+00:00,1.33504,1.33654,1.33459,1.3364,2564,10,0
2025-10-15 11:00:00+00:00,1.33643,1.33663,1.33493,1.33513,2634,10,0
2025-10-15 12:00:00+00:00,1.33517,1.33561,1.33408,1.33454,4039,10,0
2025-10-15 13:00:00+00:00,1.33452,1.33524,1.33339,1.33491,5398,10,0
2025-10-15 14:00:00+00:00,1.33494,1.33666,1.33457,1.33648,3861,10,0
2025-10-15 15:00:00+00:00,1.33647,1.3403100000000001,1.33613,1.33933,4512,10,0
2025-10-15 16:00:00+00:00,1.33935,1.33941,1.33841,1.33904,3479,10,0
2025-10-15 17:00:00+00:00,1.33904,1.33904,1.3371,1.33766,3743,10,0
2025-10-15 18:00:00+00:00,1.33769,1.33864,1.33697,1.33825,2201,10,0
2025-10-15 19:00:00+00:00,1.33826,1.33935,1.3382399999999999,1.3393,1674,10,0
2025-10-15 20:00:00+00:00,1.33929,1.34077,1.33913,1.34008,1819,9,0
2025-10-15 21:00:00+00:00,1.3401,1.3401,1.33879,1.33879,917,18,0
2025-10-15 22:00:00+00:00,1.33929,1.34076,1.33929,1.34032,1172,10,0
2025-10-15 23:00:00+00:00,1.34033,1.34045,1.33997,1.34029,1048,10,0
2025-10-16 00:00:00+00:00,1.34027,1.3428,1.33991,1.34213,2931,10,0
2025-10-16 01:00:00+00:00,1.34213,1.34417,1.34212,1.34359,2912,10,0
2025-10-16 02:00:00+00:00,1.34359,1.34396,1.3428200000000001,1.34305,1973,10,0
2025-10-16 03:00:00+00:00,1.34305,1.34318,1.34214,1.3421699999999999,1394,10,0
2025-10-16 04:00:00+00:00,1.34216,1.34228,1.34121,1.34138,1154,10,0
2025-10-16 05:00:00+00:00,1.3414,1.34208,1.34112,1.34164,1884,10,0
2025-10-16 06:00:00+00:00,1.34164,1.34226,1.34036,1.34105,3822,10,0
2025-10-16 07:00:00+00:00,1.3410199999999999,1.34277,1.3407499999999999,1.34259,4730,10,0
2025-10-16 08:00:00+00:00,1.34262,1.34427,1.3423,1.34375,3611,10,0
2025-10-16 09:00:00+00:00,1.3437700000000001,1.34409,1.3432,1.34358,2455,10,0
2025-10-16 10:00:00+00:00,1.34358,1.34478,1.34293,1.34336,2723,10,0
2025-10-16 11:00:00+00:00,1.3433899999999999,1.34451,1.34211,1.34401,3368,10,0
2025-10-16 12:00:00+00:00,1.34397,1.34486,1.34241,1.3447,4177,10,0
2025-10-16 13:00:00+00:00,1.3446799999999999,1.34543,1.34199,1.34206,5305,10,0
2025-10-16 14:00:00+00:00,1.34204,1.34358,1.34112,1.34331,5374,10,0
2025-10-16 15:00:00+00:00,1.34335,1.34359,1.3417,1.3422399999999999,4232,10,0
2025-10-16 16:00:00+00:00,1.3422100000000001,1.34329,1.34141,1.34262,4974,10,0
2025-10-16 17:00:00+00:00,1.34259,1.34475,1.34249,1.34379,3644,10,0
2025-10-16 18:00:00+00:00,1.34378,1.3437999999999999,1.3419400000000001,1.34342,3108,10,0
2025-10-16 19:00:00+00:00,1.34345,1.34382,1.34292,1.34335,2553,10,0
2025-10-16 20:00:00+00:00,1.34333,1.34367,1.34305,1.34324,1358,10,0
2025-10-16 21:00:00+00:00,1.34322,1.34337,1.34249,1.34326,799,20,0
2025-10-16 22:00:00+00:00,1.34328,1.34449,1.34328,1.34368,1194,10,0
2025-10-16 23:00:00+00:00,1.34368,1.34452,1.34355,1.3443399999999999,1130,10,0
2025-10-17 00:00:00+00:00,1.34436,1.34519,1.34395,1.3446500000000001,2289,10,0
2025-10-17 01:00:00+00:00,1.34463,1.3451,1.34376,1.34384,2879,10,0
2025-10-17 02:00:00+00:00,1.34381,1.34486,1.34305,1.3443800000000001,2037,10,0
2025-10-17 03:00:00+00:00,1.34437,1.34507,1.34432,1.34479,1628,10,0
2025-10-17 04:00:00+00:00,1.34482,1.34535,1.34452,1.34519,1440,10,0
2025-10-17 05:00:00+00:00,1.3452,1.34707,1.34513,1.34683,1965,10,0
2025-10-17 06:00:00+00:00,1.3468499999999999,1.3471199999999999,1.34497,1.34552,3968,10,0
2025-10-17 07:00:00+00:00,1.34549,1.34578,1.34239,1.3431899999999999,6511,10,0
2025-10-17 08:00:00+00:00,1.34323,1.34369,1.34104,1.34238,4189,10,0
2025-10-17 09:00:00+00:00,1.34237,1.34391,1.3423,1.3435000000000001,3147,10,0
2025-10-17 10:00:00+00:00,1.3435000000000001,1.34413,1.3427,1.34335,3260,10,0
2025-10-17 11:00:00+00:00,1.3434,1.3443100000000001,1.34295,1.34341,4883,10,0
2025-10-17 12:00:00+00:00,1.34342,1.34353,1.3407499999999999,1.34114,4437,10,0
2025-10-17 13:00:00+00:00,1.34112,1.34223,1.34009,1.34033,4578,10,0
2025-10-17 14:00:00+00:00,1.3403,1.34089,1.33905,1.33913,5153,10,0
2025-10-17 15:00:00+00:00,1.3391199999999999,1.34215,1.33901,1.34215,4103,10,0
2025-10-17 16:00:00+00:00,1.34219,1.34305,1.34123,1.34169,3206,10,0
2025-10-17 17:00:00+00:00,1.34166,1.34246,1.3410199999999999,1.34162,2641,10,0
2025-10-17 18:00:00+00:00,1.3416299999999999,1.34384,1.3413300000000001,1.34334,2512,10,0
2025-10-17 19:00:00+00:00,1.34334,1.34374,1.3428200000000001,1.34371,1801,10,0
2025-10-17 20:00:00+00:00,1.34372,1.34376,1.34204,1.3425,2980,10,0
2025-10-19 21:00:00+00:00,1.34303,1.34303,1.34157,1.34226,558,30,0
2025-10-19 22:00:00+00:00,1.34246,1.34294,1.34235,1.34277,1161,10,0
2025-10-19 23:00:00+00:00,1.3427799999999999,1.34306,1.34242,1.34244,1082,10,0
2025-10-20 00:00:00+00:00,1.34244,1.3434599999999999,1.3421,1.3433899999999999,2071,10,0
2025-10-20 01:00:00+00:00,1.34337,1.3437000000000001,1.34265,1.34321,2003,10,0
2025-10-20 02:00:00+00:00,1.34323,1.34426,1.34321,1.34354,1358,10,0
2025-10-20 03:00:00+00:00,1.34351,1.3440699999999999,1.34336,1.34398,941,10,0
2025-10-20 04:00:00+00:00,1.34399,1.34426,1.3435000000000001,1.34352,1159,10,0
2025-10-20 05:00:00+00:00,1.3435000000000001,1.34408,1.34321,1.34398,1336,10,0
2025-10-20 06:00:00+00:00,1.34402,1.34402,1.3415,1.3416000000000001,2868,10,0
2025-10-20 07:00:00+00:00,1.3416299999999999,1.34277,1.34052,1.3415300000000001,3695,10,0
2025-10-20 08:00:00+00:00,1.34154,1.34281,1.3411,1.34274,2931,10,0
2025-10-20 09:00:00+00:00,1.34276,1.34386,1.34242,1.34276,3299,10,0
2025-10-20 10:00:00+00:00,1.34275,1.34318,1.34094,1.341,2618,10,0
2025-10-20 11:00:00+00:00,1.34098,1.34131,1.33993,1.34116,2823,10,0
2025-10-20 12:00:00+00:00,1.34116,1.34296,1.3409,1.3425099999999999,3530,10,0
2025-10-20 13:00:00+00:00,1.34252,1.34264,1.34017,1.34039,3826,10,0
2025-10-20 14:00:00+00:00,1.3404,1.34249,1.34016,1.34159,3549,10,0
2025-10-20 15:00:00+00:00,1.34158,1.34275,1.34104,1.34192,3335,10,0
2025-10-20 16:00:00+00:00,1.34192,1.34233,1.34112,1.34152,2346,10,0
2025-10-20 17:00:00+00:00,1.34149,1.3416000000000001,1.34016,1.34019,1820,10,0
2025-10-20 18:00:00+00:00,1.34018,1.34109,1.33995,1.34087,1582,10,0
2025-10-20 19:00:00+00:00,1.34088,1.3412600000000001,1.34045,1.34058,1332,10,0
2025-10-20 20:00:00+00:00,1.34058,1.34107,1.34021,1.34027,927,7,0
2025-10-20 21:00:00+00:00,1.34028,1.3407499999999999,1.33994,1.34048,861,13,0
2025-10-20 22:00:00+00:00,1.34067,1.34085,1.34032,1.3403399999999999,739,10,0
2025-10-20 23:00:00+00:00,1.34035,1.34049,1.34024,1.3403800000000001,658,10,0
2025-10-21 00:00:00+00:00,1.3403800000000001,1.34157,1.34023,1.34139,1687,10,0
2025-10-21 01:00:00+00:00,1.34137,1.34137,1.33985,1.33998,1759,10,0
2025-10-21 02:00:00+00:00,1.34001,1.34003,1.33899,1.33926,1806,10,0
2025-10-21 03:00:00+00:00,1.33926,1.33937,1.33891,1.33926,1111,10,0
2025-10-21 04:00:00+00:00,1.33927,1.33937,1.33869,1.3391899999999999,1453,10,0
2025-10-21 05:00:00+00:00,1.33922,1.33939,1.33735,1.33749,2166,10,0
2025-10-21 06:00:00+00:00,1.33746,1.3392,1.33715,1.33893,3360,10,0
2025-10-21 07:00:00+00:00,1.3389199999999999,1.33968,1.3378999999999999,1.33923,4381,10,0
2025-10-21 08:00:00+00:00,1.33926,1.33926,1.3373,1.33792,4440,10,0
2025-10-21 09:00:00+00:00,1.33795,1.33913,1.33747,1.33839,3074,10,0
2025-10-21 10:00:00+00:00,1.33842,1.33873,1.33657,1.3382100000000001,3264,10,0
2025-10-21 11:00:00+00:00,1.33822,1.33942,1.33718,1.3384,3291,10,0
2025-10-21 12:00:00+00:00,1.33843,1.33887,1.33687,1.33859,4707,10,0
2025-10-21 13:00:00+00:00,1.33857,1.33878,1.33606,1.3376000000000001,5280,10,0
2025-10-21 14:00:00+00:00,1.33761,1.33863,1.33637,1.33723,5531,10,0
2025-10-21 15:00:00+00:00,1.33724,1.33936,1.33724,1.33883,4036,10,0
2025-10-21 16:00:00+00:00,1.3388499999999999,1.33981,1.33711,1.33728,4066,10,0
2025-10-21 17:00:00+00:00,1.3372899999999999,1.3373,1.33648,1.33717,2740,10,0
2025-10-21 18:00:00+00:00,1.33716,1.33764,1.3370600000000001,1.33718,1834,10,0
2025-10-21 19:00:00+00:00,1.33719,1.33751,1.33686,1.33716,1549,10,0
2025-10-21 20:00:00+00:00,1.33714,1.33718,1.33655,1.33692,988,4,0
2025-10-21 21:00:00+00:00,1.33689,1.337,1.33651,1.33687,712,11,0
2025-10-21 22:00:00+00:00,1.33697,1.33714,1.33659,1.33683,703,10,0
2025-10-21 23:00:00+00:00,1.33683,1.33697,1.33635,1.3364500000000001,790,10,0
2025-10-22 00:00:00+00:00,1.3364500000000001,1.33741,1.33631,1.33709,2223,10,0
2025-10-22 01:00:00+00:00,1.3371,1.33769,1.3367,1.3370600000000001,1819,10,0
2025-10-22 02:00:00+00:00,1.33709,1.338,1.33705,1.3376000000000001,1255,10,0
2025-10-22 03:00:00+00:00,1.3376000000000001,1.33766,1.33704,1.3374,1025,10,0
2025-10-22 04:00:00+00:00,1.33739,1.33796,1.33735,1.33786,972,10,0
2025-10-22 05:00:00+00:00,1.33786,1.33868,1.33784,1.3383099999999999,1239,10,0
2025-10-22 06:00:00+00:00,1.3382800000000001,1.33841,1.33288,1.3334,6575,10,0
2025-10-22 07:00:00+00:00,1.33343,1.33375,1.33188,1.33217,4930,10,0
2025-10-22 08:00:00+00:00,1.3321399999999999,1.33257,1.3312,1.33203,4869,10,0
2025-10-22 09:00:00+00:00,1.33203,1.3327,1.33162,1.33186,3025,10,0
2025-10-22 10:00:00+00:00,1.33183,1.33226,1.33052,1.3312300000000001,2789,10,0
2025-10-22 11:00:00+00:00,1.3312,1.33327,1.33107,1.33271,3280,10,0
2025-10-22 12:00:00+00:00,1.3327,1.33399,1.33095,1.33232,4443,10,0
2025-10-22 13:00:00+00:00,1.33236,1.33433,1.33156,1.33413,4730,10,0
2025-10-22 14:00:00+00:00,1.33412,1.3357,1.3341,1.33542,4750,10,0
2025-10-22 15:00:00+00:00,1.33544,1.3374,1.33536,1.3369900000000001,4619,10,0
2025-10-22 16:00:00+00:00,1.337,1.3376000000000001,1.33637,1.33709,3802,10,0
2025-10-22 17:00:00+00:00,1.33705,1.33722,1.33574,1.33601,2843,10,0
2025-10-22 18:00:00+00:00,1.33602,1.33615,1.33533,1.33554,2014,10,0
2025-10-22 19:00:00+00:00,1.3355299999999999,1.33606,1.33521,1.33563,1785,10,0
2025-10-22 20:00:00+00:00,1.33563,1.33617,1.33549,1.3355299999999999,875,9,0
2025-10-22 21:00:00+00:00,1.33554,1.33554,1.33518,1.33528,722,13,0
2025-10-22 22:00:00+00:00,1.33544,1.33596,1.33542,1.33552,747,10,0
2025-10-22 23:00:00+00:00,1.3355299999999999,1.33557,1.3349,1.33501,905,10,0
2025-10-23 00:00:00+00:00,1.33501,1.33502,1.3338999999999999,1.33449,1612,10,0
2025-10-23 01:00:00+00:00,1.33452,1.33469,1.33381,1.33389,1577,10,0
2025-10-23 02:00:00+00:00,1.33389,1.33395,1.33341,1.33365,1240,10,0
2025-10-23 03:00:00+00:00,1.33366,1.3339699999999999,1.33322,1.3332600000000001,1003,10,0
2025-10-23 04:00:00+00:00,1.3332600000000001,1.33392,1.33291,1.33384,841,10,0
2025-10-23 05:00:00+00:00,1.33384,1.33505,1.33375,1.33472,1020,10,0
2025-10-23 06:00:00+00:00,1.33467,1.33566,1.33442,1.3348900000000001,2606,10,0
2025-10-23 07:00:00+00:00,1.3348900000000001,1.33557,1.33439,1.33502,2823,10,0
2025-10-23 08:00:00+00:00,1.33505,1.33551,1.33433,1.3349199999999999,2489,10,0
2025-10-23 09:00:00+00:00,1.33491,1.33545,1.33472,1.3348499999999999,1869,10,0
2025-10-23 10:00:00+00:00,1.33483,1.33518,1.33344,1.33369,1922,10,0
2025-10-23 11:00:00+00:00,1.33366,1.33419,1.33331,1.33359,2025,10,0
2025-10-23 12:00:00+00:00,1.3336000000000001,1.335,1.33259,1.33427,2910,10,0
2025-10-23 13:00:00+00:00,1.3343099999999999,1.33477,1.33239,1.3326799999999999,4012,10,0
2025-10-23 14:00:00+00:00,1.3326799999999999,1.33368,1.33196,1.33216,4100,10,0
2025-10-23 15:00:00+00:00,1.33218,1.33254,1.33105,1.3320400000000001,3440,10,0
2025-10-23 16:00:00+00:00,1.33206,1.33259,1.33115,1.33122,2212,10,0
2025-10-23 17:00:00+00:00,1.33124,1.3321,1.33073,1.33164,2170,10,0
2025-10-23 18:00:00+00:00,1.33167,1.33239,1.33154,1.33226,1351,10,0
2025-10-23 19:00:00+00:00,1.33225,1.33262,1.33222,1.33235,1225,10,0
2025-10-23 20:00:00+00:00,1.33234,1.33278,1.33203,1.3324500000000001,849,7,0
2025-10-23 21:00:00+00:00,1.3324,1.33251,1.33219,1.3323800000000001,1010,9,0
2025-10-23 22:00:00+00:00,1.33254,1.33296,1.33254,1.33261,727,10,0
2025-10-23 23:00:00+00:00,1.33261,1.33279,1.33235,1.33264,672,10,0
2025-10-24 00:00:00+00:00,1.3326500000000001,1.33319,1.33249,1.33295,1535,10,0
2025-10-24 01:00:00+00:00,1.33296,1.33307,1.3320400000000001,1.3320699999999999,1579,10,0
2025-10-24 02:00:00+00:00,1.33209,1.33259,1.33173,1.33183,1447,10,0
2025-10-24 03:00:00+00:00,1.33183,1.33278,1.33182,1.33247,968,10,0
2025-10-24 04:00:00+00:00,1.3325,1.33252,1.33185,1.33208,812,10,0
2025-10-24 05:00:00+00:00,1.33208,1.3321,1.3311,1.3317999999999999,1131,10,0
2025-10-24 06:00:00+00:00,1.33176,1.3333300000000001,1.33115,1.3332,3817,10,0
2025-10-24 07:00:00+00:00,1.33317,1.3332899999999999,1.33136,1.33151,4287,10,0
2025-10-24 08:00:00+00:00,1.3315000000000001,1.33264,1.33,1.33202,3814,10,0
2025-10-24 09:00:00+00:00,1.33203,1.3324799999999999,1.33127,1.33212,2658,10,0
2025-10-24 10:00:00+00:00,1.33212,1.33252,1.33133,1.33172,2086,10,0
2025-10-24 11:00:00+00:00,1.3317,1.33195,1.32993,1.3305799999999999,2644,10,0
2025-10-24 12:00:00+00:00,1.3306,1.3372,1.33039,1.3345,7454,10,0
2025-10-24 13:00:00+00:00,1.33452,1.33586,1.33284,1.33379,6082,10,0
2025-10-24 14:00:00+00:00,1.3338,1.33392,1.32931,1.32998,5484,10,0
2025-10-24 15:00:00+00:00,1.32999,1.33075,1.32904,1.32958,4075,10,0
2025-10-24 16:00:00+00:00,1.32959,1.3299,1.32868,1.32949,2314,10,0
2025-10-24 17:00:00+00:00,1.32948,1.3306200000000001,1.32948,1.3302100000000001,1744,10,0
2025-10-24 18:00:00+00:00,1.3302100000000001,1.3306200000000001,1.3300100000000001,1.33039,1456,10,0
2025-10-24 19:00:00+00:00,1.3304,1.33122,1.33019,1.33111,1261,10,0
2025-10-24 20:00:00+00:00,1.33113,1.33172,1.3306200000000001,1.33107,3202,10,0
2025-10-26 21:00:00+00:00,1.33217,1.3322,1.33117,1.33209,556,30,0
2025-10-26 22:00:00+00:00,1.33235,1.33271,1.33168,1.33226,1910,10,0
2025-10-26 23:00:00+00:00,1.33225,1.3324799999999999,1.33179,1.3321100000000001,1466,10,0
2025-10-27 00:00:00+00:00,1.33212,1.3328,1.33172,1.33236,1980,10,0
2025-10-27 01:00:00+00:00,1.3323800000000001,1.33355,1.3321,1.3327499999999999,1975,10,0
2025-10-27 02:00:00+00:00,1.3327499999999999,1.33279,1.33206,1.33227,1092,10,0
2025-10-27 03:00:00+00:00,1.33225,1.33263,1.33193,1.3321100000000001,1035,10,0
2025-10-27 04:00:00+00:00,1.3321100000000001,1.33221,1.3312599999999999,1.33157,1000,10,0
2025-10-27 05:00:00+00:00,1.33157,1.33219,1.3312,1.33201,1113,10,0
2025-10-27 06:00:00+00:00,1.33201,1.33342,1.33201,1.33234,2020,10,0
2025-10-27 07:00:00+00:00,1.33234,1.33256,1.33098,1.33149,2533,10,0
2025-10-27 08:00:00+00:00,1.33147,1.33339,1.33103,1.3326,3200,10,0
2025-10-27 09:00:00+00:00,1.33264,1.33463,1.33223,1.33445,3016,10,0
2025-10-27 10:00:00+00:00,1.33445,1.33507,1.33412,1.33441,2153,10,0
2025-10-27 11:00:00+00:00,1.33441,1.33528,1.3336700000000001,1.33473,2497,10,0
2025-10-27 12:00:00+00:00,1.33471,1.3351600000000001,1.334,1.33475,2820,10,0
2025-10-27 13:00:00+00:00,1.33475,1.33514,1.3324799999999999,1.33344,3355,10,0
2025-10-27 14:00:00+00:00,1.33341,1.33365,1.33256,1.33305,3083,10,0
2025-10-27 15:00:00+00:00,1.33305,1.33322,1.33172,1.33284,3056,10,0
2025-10-27 16:00:00+00:00,1.33285,1.33349,1.33227,1.33345,2111,10,0
2025-10-27 17:00:00+00:00,1.33349,1.33385,1.3332,1.3333,1489,10,0
2025-10-27 18:00:00+00:00,1.3333,1.33385,1.3324099999999999,1.33374,1763,10,0
2025-10-27 19:00:00+00:00,1.33374,1.33381,1.33282,1.33345,1448,10,0
2025-10-27 20:00:00+00:00,1.33345,1.33385,1.33318,1.33337,862,7,0
2025-10-27 21:00:00+00:00,1.3333599999999999,1.33371,1.3331,1.33353,636,13,0
2025-10-27 22:00:00+00:00,1.33373,1.3339699999999999,1.3335,1.33391,885,10,0
2025-10-27 23:00:00+00:00,1.33391,1.33442,1.33379,1.33401,879,10,0
2025-10-28 00:00:00+00:00,1.334,1.33535,1.33362,1.33493,1467,10,0
2025-10-28 01:00:00+00:00,1.33491,1.33579,1.3347,1.33515,1796,10,0
2025-10-28 02:00:00+00:00,1.33515,1.3357999999999999,1.33481,1.3348499999999999,1520,10,0
2025-10-28 03:00:00+00:00,1.3348499999999999,1.33574,1.33481,1.33555,1230,10,0
2025-10-28 04:00:00+00:00,1.33555,1.3366500000000001,1.33544,1.33657,1741,10,0
2025-10-28 05:00:00+00:00,1.3366,1.33693,1.33602,1.33616,1634,10,0
2025-10-28 06:00:00+00:00,1.33619,1.3366799999999999,1.3352,1.3352,1974,10,0
2025-10-28 07:00:00+00:00,1.33518,1.33526,1.3330899999999999,1.33359,2711,10,0
2025-10-28 08:00:00+00:00,1.33356,1.3338,1.33004,1.3307,4553,10,0
2025-10-28 09:00:00+00:00,1.33068,1.33221,1.33,1.33171,2970,10,0
2025-10-28 10:00:00+00:00,1.33169,1.33282,1.33111,1.33247,2804,10,0
2025-10-28 11:00:00+00:00,1.33249,1.33256,1.33036,1.33075,2706,10,0
2025-10-28 12:00:00+00:00,1.33079,1.33135,1.3279,1.3284,4200,10,0
2025-10-28 13:00:00+00:00,1.3284099999999999,1.32851,1.32469,1.32557,4881,10,0
2025-10-28 14:00:00+00:00,1.32556,1.32785,1.32537,1.32757,4104,10,0
2025-10-28 15:00:00+00:00,1.32761,1.32828,1.32668,1.32766,3255,10,0
2025-10-28 16:00:00+00:00,1.32766,1.3290899999999999,1.32736,1.32896,3364,10,0
2025-10-28 17:00:00+00:00,1.32898,1.32898,1.32751,1.32764,2194,10,0
2025-10-28 18:00:00+00:00,1.32764,1.32825,1.32693,1.32792,1624,10,0
2025-10-28 19:00:00+00:00,1.32791,1.32834,1.32721,1.32729,1507,10,0
2025-10-28 20:00:00+00:00,1.32728,1.32786,1.32696,1.32697,919,9,0
2025-10-28 21:00:00+00:00,1.32695,1.3274599999999999,1.32659,1.32732,435,24,0
2025-10-28 22:00:00+00:00,1.32752,1.3275299999999999,1.32699,1.32714,1108,10,0
2025-10-28 23:00:00+00:00,1.32714,1.32782,1.3268900000000001,1.32782,744,10,0
2025-10-29 00:00:00+00:00,1.32779,1.32803,1.32675,1.32717,2737,10,0
2025-10-29 01:00:00+00:00,1.32714,1.32741,1.32632,1.32639,2146,10,0
2025-10-29 02:00:00+00:00,1.32636,1.3268,1.32564,1.32637,1508,10,0
2025-10-29 03:00:00+00:00,1.32638,1.32639,1.32503,1.32521,1134,10,0
2025-10-29 04:00:00+00:00,1.32521,1.32545,1.32487,1.3251,1176,10,0
2025-10-29 05:00:00+00:00,1.3251,1.32511,1.32328,1.3235000000000001,1910,10,0
2025-10-29 06:00:00+00:00,1.3235000000000001,1.32406,1.32246,1.32267,1966,10,0
2025-10-29 07:00:00+00:00,1.32263,1.3234,1.32198,1.3228,3128,10,0
2025-10-29 08:00:00+00:00,1.32278,1.32291,1.3207900000000001,1.32083,2925,10,0
2025-10-29 09:00:00+00:00,1.3208,1.3228,1.31972,1.32196,2992,10,0
2025-10-29 10:00:00+00:00,1.32192,1.32227,1.3213599999999999,1.32181,2335,10,0
2025-10-29 11:00:00+00:00,1.32181,1.32247,1.3213599999999999,1.32172,2762,10,0
2025-10-29 12:00:00+00:00,1.32175,1.32211,1.31963,1.32035,3253,10,0
2025-10-29 13:00:00+00:00,1.32034,1.32237,1.31939,1.32061,4631,10,0
2025-10-29 14:00:00+00:00,1.32061,1.32269,1.32015,1.32269,3847,10,0
2025-10-29 15:00:00+00:00,1.32271,1.32469,1.32248,1.32412,4235,10,0
2025-10-29 16:00:00+00:00,1.3241100000000001,1.3244,1.3226200000000001,1.32273,3085,10,0
2025-10-29 17:00:00+00:00,1.32273,1.32315,1.32161,1.32248,2325,10,0
2025-10-29 18:00:00+00:00,1.32256,1.32276,1.31394,1.31606,17336,10,0
2025-10-29 19:00:00+00:00,1.31607,1.31946,1.31451,1.31936,10710,10,0
2025-10-29 20:00:00+00:00,1.31934,1.32005,1.31802,1.31931,3763,10,0
2025-10-29 21:00:00+00:00,1.3193,1.31941,1.3182800000000001,1.3192300000000001,927,24,0
2025-10-29 22:00:00+00:00,1.31944,1.31975,1.31918,1.31931,894,10,0
2025-10-29 23:00:00+00:00,1.3193,1.31982,1.31913,1.31943,949,10,0
2025-10-30 00:00:00+00:00,1.31943,1.3207,1.3187,1.32032,2181,10,0
2025-10-30 01:00:00+00:00,1.32029,1.3207200000000001,1.3195999999999999,1.32058,2190,10,0
2025-10-30 02:00:00+00:00,1.32058,1.32101,1.3202,1.32038,1811,10,0
2025-10-30 03:00:00+00:00,1.32038,1.32091,1.31961,1.32022,2221,10,0
2025-10-30 04:00:00+00:00,1.32025,1.32176,1.31999,1.32161,3204,10,0
2025-10-30 05:00:00+00:00,1.32158,1.32183,1.3207900000000001,1.32099,2049,10,0
2025-10-30 06:00:00+00:00,1.32096,1.32139,1.31961,1.32019,2779,10,0
2025-10-30 07:00:00+00:00,1.32019,1.32116,1.31916,1.31974,3787,10,0
2025-10-30 08:00:00+00:00,1.31973,1.3211,1.31847,1.32073,4438,10,0
2025-10-30 09:00:00+00:00,1.3207200000000001,1.32089,1.31836,1.31882,3233,10,0
2025-10-30 10:00:00+00:00,1.31886,1.3189199999999999,1.31739,1.3176,2630,10,0
2025-10-30 11:00:00+00:00,1.3176,1.31904,1.31739,1.31782,2847,10,0
2025-10-30 12:00:00+00:00,1.31782,1.31851,1.31345,1.31373,4008,10,0
2025-10-30 13:00:00+00:00,1.3137400000000001,1.3164,1.3115999999999999,1.31562,6331,10,0
2025-10-30 14:00:00+00:00,1.31564,1.31806,1.31515,1.3157,5913,10,0
2025-10-30 15:00:00+00:00,1.31571,1.3169,1.31443,1.31458,3166,10,0
2025-10-30 16:00:00+00:00,1.31456,1.31599,1.3134299999999999,1.31549,3062,10,0
2025-10-30 17:00:00+00:00,1.31552,1.3159100000000001,1.31456,1.31524,2387,10,0
2025-10-30 18:00:00+00:00,1.31527,1.31575,1.31451,1.31467,2012,10,0
2025-10-30 19:00:00+00:00,1.31468,1.3149899999999999,1.31387,1.31441,1978,10,0
2025-10-30 20:00:00+00:00,1.3144,1.31554,1.31427,1.31504,1092,9,0
2025-10-30 21:00:00+00:00,1.315,1.31519,1.31484,1.31493,706,13,0
2025-10-30 22:00:00+00:00,1.3152,1.31541,1.31495,1.31528,681,10,0
2025-10-30 23:00:00+00:00,1.31528,1.31598,1.31503,1.3158,810,10,0
2025-10-31 00:00:00+00:00,1.31581,1.3161,1.31544,1.31588,1671,10,0
2025-10-31 01:00:00+00:00,1.31588,1.31644,1.31524,1.31529,1791,10,0
2025-10-31 02:00:00+00:00,1.31529,1.31579,1.31495,1.31524,1516,10,0
2025-10-31 03:00:00+00:00,1.3152300000000001,1.3155000000000001,1.31495,1.31513,1057,10,0
2025-10-31 04:00:00+00:00,1.31511,1.31571,1.31505,1.31564,906,10,0
2025-10-31 05:00:00+00:00,1.31564,1.31569,1.31473,1.31493,1184,10,0
2025-10-31 06:00:00+00:00,1.31494,1.31568,1.31363,1.314,1947,10,0
2025-10-31 07:00:00+00:00,1.31396,1.31503,1.31247,1.31449,3078,10,0
2025-10-31 08:00:00+00:00,1.31449,1.3146499999999999,1.31378,1.3140399999999999,2749,10,0
2025-10-31 09:00:00+00:00,1.31405,1.3148,1.31324,1.3142800000000001,2318,10,0
2025-10-31 10:00:00+00:00,1.31432,1.31475,1.31293,1.313,2195,10,0
2025-10-31 11:00:00+00:00,1.313,1.31395,1.31144,1.3127900000000001,2919,10,0
2025-10-31 12:00:00+00:00,1.3127900000000001,1.31285,1.3104,1.3106,3699,10,0
2025-10-31 13:00:00+00:00,1.31058,1.31161,1.30964,1.3113299999999999,4078,10,0
2025-10-31 14:00:00+00:00,1.3113000000000001,1.31265,1.31033,1.31239,3696,10,0
2025-10-31 15:00:00+00:00,1.31239,1.31389,1.3115700000000001,1.31378,4508,10,0
2025-10-31 16:00:00+00:00,1.31381,1.31426,1.31256,1.3128,3387,10,0
2025-10-31 17:00:00+00:00,1.31277,1.31373,1.31224,1.31308,2290,10,0
2025-10-31 18:00:00+00:00,1.31308,1.31422,1.3129,1.31389,1904,10,0
2025-10-31 19:00:00+00:00,1.31392,1.31434,1.31353,1.31362,1450,10,0
2025-10-31 20:00:00+00:00,1.31359,1.31503,1.31355,1.31494,2911,10,0
2025-11-02 22:00:00+00:00,1.31341,1.31402,1.31269,1.31396,749,28,0
2025-11-02 23:00:00+00:00,1.31409,1.31421,1.31314,1.31336,3732,10,0
2025-11-03 00:00:00+00:00,1.31336,1.3136700000000001,1.31295,1.31349,1457,10,0
2025-11-03 01:00:00+00:00,1.3134700000000001,1.3136700000000001,1.3132,1.31345,1368,10,0
2025-11-03 02:00:00+00:00,1.3134299999999999,1.31421,1.31326,1.3138,1282,10,0
2025-11-03 03:00:00+00:00,1.3138,1.31413,1.31371,1.31388,936,10,0
2025-11-03 04:00:00+00:00,1.31388,1.31445,1.31379,1.3141,877,10,0
2025-11-03 05:00:00+00:00,1.31409,1.31454,1.31391,1.31414,1022,10,0
2025-11-03 06:00:00+00:00,1.31414,1.31486,1.31411,1.31459,1150,10,0
2025-11-03 07:00:00+00:00,1.31457,1.31487,1.31338,1.31376,2177,10,0
2025-11-03 08:00:00+00:00,1.3137699999999999,1.31383,1.31166,1.31228,2565,10,0
2025-11-03 09:00:00+00:00,1.31232,1.31344,1.31178,1.31249,2049,10,0
2025-11-03 10:00:00+00:00,1.31249,1.31386,1.312,1.31296,2484,10,0
2025-11-03 11:00:00+00:00,1.31294,1.31386,1.31235,1.31273,2087,10,0
2025-11-03 12:00:00+00:00,1.3127499999999999,1.31468,1.3125200000000001,1.31398,2051,10,0
2025-11-03 13:00:00+00:00,1.31398,1.31398,1.31204,1.31265,2620,10,0
2025-11-03 14:00:00+00:00,1.31263,1.31288,1.31078,1.31127,3259,10,0
2025-11-03 15:00:00+00:00,1.31131,1.31471,1.31131,1.31458,4379,10,0
2025-11-03 16:00:00+00:00,1.31459,1.31508,1.31402,1.3147199999999999,3102,10,0
2025-11-03 17:00:00+00:00,1.31473,1.3162,1.31417,1.31443,2292,10,0
2025-11-03 18:00:00+00:00,1.31446,1.31479,1.31344,1.3138,1744,10,0
2025-11-03 19:00:00+00:00,1.31379,1.31416,1.3134000000000001,1.31373,1711,10,0
2025-11-03 20:00:00+00:00,1.3137400000000001,1.31415,1.31363,1.31371,1177,10,0
2025-11-03 21:00:00+00:00,1.31361,1.31388,1.31318,1.31385,517,9,0
2025-11-03 22:00:00+00:00,1.31384,1.31387,1.31331,1.3136999999999999,632,18,0
2025-11-03 23:00:00+00:00,1.3137400000000001,1.31394,1.31339,1.31341,1440,10,0
2025-11-04 00:00:00+00:00,1.3134000000000001,1.3134000000000001,1.3118400000000001,1.3124,1873,10,0
2025-11-04 01:00:00+00:00,1.31241,1.31269,1.31178,1.3124500000000001,1860,10,0
2025-11-04 02:00:00+00:00,1.3124,1.31259,1.31173,1.31224,1659,10,0
2025-11-04 03:00:00+00:00,1.31227,1.31333,1.31227,1.3127499999999999,1615,10,0
2025-11-04 04:00:00+00:00,1.31276,1.31328,1.31226,1.31235,1226,10,0
2025-11-04 05:00:00+00:00,1.3123,1.31249,1.31177,1.31206,1695,10,0
2025-11-04 06:00:00+00:00,1.31208,1.31266,1.31158,1.31236,2393,10,0
2025-11-04 07:00:00+00:00,1.31235,1.31386,1.31171,1.31209,3020,10,0
2025-11-04 08:00:00+00:00,1.31205,1.31213,1.3085200000000001,1.30914,4971,10,0
2025-11-04 09:00:00+00:00,1.30918,1.30955,1.30585,1.30626,3710,10,0
2025-11-04 10:00:00+00:00,1.30626,1.30785,1.30607,1.30721,2670,10,0
2025-11-04 11:00:00+00:00,1.30724,1.30748,1.30564,1.30584,2363,10,0
2025-11-04 12:00:00+00:00,1.30586,1.30679,1.30523,1.30664,2882,10,0
2025-11-04 13:00:00+00:00,1.3066200000000001,1.30677,1.30567,1.30575,2599,10,0
2025-11-04 14:00:00+00:00,1.30571,1.30645,1.30331,1.30475,3703,10,0
2025-11-04 15:00:00+00:00,1.30477,1.3057699999999999,1.30401,1.30456,4234,10,0
2025-11-04 16:00:00+00:00,1.30458,1.30514,1.30396,1.30424,3175,10,0
2025-11-04 17:00:00+00:00,1.30426,1.30446,1.30254,1.30285,1965,10,0
2025-11-04 18:00:00+00:00,1.30285,1.30285,1.30165,1.30229,1933,10,0
2025-11-04 19:00:00+00:00,1.30228,1.3026200000000001,1.30128,1.30146,1753,10,0
2025-11-04 20:00:00+00:00,1.30149,1.30246,1.30095,1.30171,1556,10,0
2025-11-04 21:00:00+00:00,1.30173,1.30195,1.30104,1.30193,699,15,0
2025-11-04 22:00:00+00:00,1.30191,1.30252,1.30119,1.30251,906,20,0
2025-11-04 23:00:00+00:00,1.30257,1.30268,1.30189,1.3020800000000001,711,10,0
2025-11-05 00:00:00+00:00,1.30207,1.30226,1.3014299999999999,1.3018399999999999,1371,10,0
2025-11-05 01:00:00+00:00,1.3018399999999999,1.3024,1.30095,1.30153,2563,10,0
2025-11-05 02:00:00+00:00,1.30153,1.30224,1.30132,1.30152,1859,10,0
2025-11-05 03:00:00+00:00,1.30152,1.30199,1.3014999999999999,1.30195,1624,10,0
2025-11-05 04:00:00+00:00,1.30199,1.3026499999999999,1.30192,1.30252,1170,10,0
2025-11-05 05:00:00+00:00,1.30256,1.30297,1.30212,1.30212,1213,10,0
2025-11-05 06:00:00+00:00,1.30212,1.30307,1.3020800000000001,1.30277,1421,10,0
2025-11-05 07:00:00+00:00,1.30274,1.30308,1.30189,1.30264,2204,10,0
2025-11-05 08:00:00+00:00,1.30264,1.3048899999999999,1.3026200000000001,1.30447,3134,10,0
2025-11-05 09:00:00+00:00,1.30445,1.30528,1.3033299999999999,1.3039399999999999,2671,10,0
2025-11-05 10:00:00+00:00,1.30393,1.30398,1.30234,1.3025,2290,10,0
2025-11-05 11:00:00+00:00,1.30249,1.3036400000000001,1.30111,1.30346,2098,10,0
2025-11-05 12:00:00+00:00,1.30349,1.30462,1.30331,1.30415,2487,10,0
2025-11-05 13:00:00+00:00,1.30412,1.30465,1.30247,1.30249,3303,10,0
2025-11-05 14:00:00+00:00,1.30248,1.30353,1.3018100000000001,1.30317,3483,10,0
2025-11-05 15:00:00+00:00,1.30312,1.3047,1.30129,1.30407,4978,10,0
2025-11-05 16:00:00+00:00,1.30407,1.30488,1.30307,1.30475,3279,10,0
2025-11-05 17:00:00+00:00,1.30475,1.3049,1.30341,1.30381,2109,10,0
2025-11-05 18:00:00+00:00,1.30381,1.3045499999999999,1.30374,1.30449,1828,10,0
2025-11-05 19:00:00+00:00,1.30449,1.30475,1.3041,1.30443,1219,10,0
2025-11-05 20:00:00+00:00,1.3044799999999999,1.30515,1.3044799999999999,1.30474,1180,10,0
2025-11-05 21:00:00+00:00,1.30465,1.30511,1.30439,1.30495,667,15,0
2025-11-05 22:00:00+00:00,1.30494,1.30498,1.30436,1.30485,555,13,0
2025-11-05 23:00:00+00:00,1.30484,1.30527,1.30451,1.30515,656,10,0
2025-11-06 00:00:00+00:00,1.30515,1.30593,1.30497,1.30592,1166,10,0
2025-11-06 01:00:00+00:00,1.30592,1.30648,1.3058100000000001,1.30628,1610,10,0
2025-11-06 02:00:00+00:00,1.30628,1.30636,1.30568,1.3059,1141,10,0
2025-11-06 03:00:00+00:00,1.30591,1.30645,1.30568,1.30628,986,10,0
2025-11-06 04:00:00+00:00,1.3063,1.30655,1.3058100000000001,1.30623,767,10,0
2025-11-06 05:00:00+00:00,1.30619,1.30643,1.30569,1.30602,1078,10,0
2025-11-06 06:00:00+00:00,1.3060100000000001,1.30671,1.30526,1.30541,1441,10,0
2025-11-06 07:00:00+00:00,1.30542,1.30713,1.3053,1.30622,2434,10,0
2025-11-06 08:00:00+00:00,1.30625,1.30868,1.30584,1.30839,3009,10,0
2025-11-06 09:00:00+00:00,1.30838,1.30888,1.30768,1.30799,2793,10,0
2025-11-06 10:00:00+00:00,1.30799,1.30868,1.30765,1.3078400000000001,2161,10,0
2025-11-06 11:00:00+00:00,1.3078699999999999,1.3094299999999999,1.30761,1.30912,2421,10,0
2025-11-06 12:00:00+00:00,1.3091599999999999,1.31041,1.3059,1.30996,6172,10,0
2025-11-06 13:00:00+00:00,1.30995,1.31249,1.30927,1.31075,4478,10,0
2025-11-06 14:00:00+00:00,1.31074,1.31102,1.30827,1.30831,4057,10,0
2025-11-06 15:00:00+00:00,1.30831,1.31046,1.30799,1.31014,4640,10,0
2025-11-06 16:00:00+00:00,1.31012,1.31103,1.30964,1.31047,3523,10,0
2025-11-06 17:00:00+00:00,1.31048,1.31246,1.31017,1.3122,3076,10,0
2025-11-06 18:00:00+00:00,1.3122,1.3142,1.31195,1.31389,2404,10,0
2025-11-06 19:00:00+00:00,1.31389,1.31421,1.31292,1.3132,1805,10,0
2025-11-06 20:00:00+00:00,1.3132,1.31395,1.31315,1.31356,1780,10,0
2025-11-06 21:00:00+00:00,1.31357,1.31391,1.31331,1.31375,1892,10,0
2025-11-06 22:00:00+00:00,1.3137699999999999,1.3137699999999999,1.31266,1.31281,1149,11,0
2025-11-06 23:00:00+00:00,1.3130600000000001,1.31418,1.3130600000000001,1.31393,728,10,0
2025-11-07 00:00:00+00:00,1.31393,1.31415,1.31289,1.3129,1524,10,0
2025-11-07 01:00:00+00:00,1.31288,1.31294,1.3123,1.31249,1875,10,0
2025-11-07 02:00:00+00:00,1.31249,1.31304,1.31193,1.31212,1493,10,0
2025-11-07 03:00:00+00:00,1.31213,1.31233,1.31152,1.31185,1326,10,0
2025-11-07 04:00:00+00:00,1.31185,1.31185,1.31148,1.31167,1169,10,0
2025-11-07 05:00:00+00:00,1.31169,1.3122,1.31163,1.31188,1022,10,0
2025-11-07 06:00:00+00:00,1.31188,1.31204,1.31129,1.31132,1535,10,0
2025-11-07 07:00:00+00:00,1.31132,1.3124799999999999,1.31131,1.31247,1894,10,0
2025-11-07 08:00:00+00:00,1.31247,1.31274,1.3101099999999999,1.31026,3083,10,0
2025-11-07 09:00:00+00:00,1.31027,1.31059,1.30944,1.30972,2276,10,0
2025-11-07 10:00:00+00:00,1.30969,1.31098,1.30957,1.31088,2464,10,0
2025-11-07 11:00:00+00:00,1.31088,1.31234,1.31052,1.31199,2571,10,0
2025-11-07 12:00:00+00:00,1.31203,1.3128199999999999,1.31091,1.31147,2849,10,0
2025-11-07 13:00:00+00:00,1.3115,1.3137400000000001,1.31146,1.31301,3996,10,0
2025-11-07 14:00:00+00:00,1.313,1.31495,1.3127,1.31487,3865,10,0
2025-11-07 15:00:00+00:00,1.31483,1.3174000000000001,1.31446,1.31508,4977,10,0
2025-11-07 16:00:00+00:00,1.31511,1.31703,1.31502,1.31616,3332,10,0
2025-11-07 17:00:00+00:00,1.31617,1.3172,1.31561,1.31697,2374,10,0
2025-11-07 18:00:00+00:00,1.317,1.31747,1.3165200000000001,1.3167499999999999,2126,10,0
2025-11-07 19:00:00+00:00,1.31674,1.31725,1.31563,1.31576,2488,10,0
2025-11-07 20:00:00+00:00,1.31574,1.31647,1.31564,1.3163,2042,10,0
2025-11-07 21:00:00+00:00,1.31629,1.31673,1.31524,1.31647,2765,10,0
2025-11-09 22:00:00+00:00,1.3145,1.31561,1.31368,1.3152300000000001,510,70,0
2025-11-09 23:00:00+00:00,1.31544,1.31593,1.31383,1.31411,1804,10,0
2025-11-10 00:00:00+00:00,1.31411,1.31535,1.31362,1.31444,2939,10,0
2025-11-10 01:00:00+00:00,1.31444,1.31549,1.31396,1.31506,2575,10,0
2025-11-10 02:00:00+00:00,1.31508,1.31519,1.31452,1.31478,2017,10,0
2025-11-10 03:00:00+00:00,1.31476,1.31493,1.31416,1.31466,1929,10,0
2025-11-10 04:00:00+00:00,1.31466,1.3154,1.31443,1.31521,1714,10,0
2025-11-10 05:00:00+00:00,1.31517,1.31599,1.31501,1.31549,1684,10,0
2025-11-10 06:00:00+00:00,1.31549,1.31588,1.31386,1.3141,1896,10,0
2025-11-10 07:00:00+00:00,1.31414,1.31663,1.3141,1.31567,3678,10,0
2025-11-10 08:00:00+00:00,1.31564,1.31839,1.31549,1.31737,3501,10,0
2025-11-10 09:00:00+00:00,1.31739,1.3179,1.31663,1.31731,2956,10,0
2025-11-10 10:00:00+00:00,1.3173,1.31752,1.31568,1.31595,2316,10,0
2025-11-10 11:00:00+00:00,1.31595,1.3176700000000001,1.31514,1.31753,2365,10,0
2025-11-10 12:00:00+00:00,1.31753,1.31877,1.3175,1.31805,2195,10,0
2025-11-10 13:00:00+00:00,1.31805,1.31909,1.31701,1.31745,2782,10,0
2025-11-10 14:00:00+00:00,1.31745,1.31748,1.3152,1.3165200000000001,3363,10,0
2025-11-10 15:00:00+00:00,1.31654,1.317,1.3145,1.31478,3908,10,0
2025-11-10 16:00:00+00:00,1.31475,1.31629,1.31466,1.31554,2902,10,0
2025-11-10 17:00:00+00:00,1.3155700000000001,1.31795,1.31545,1.3178,2751,10,0
2025-11-10 18:00:00+00:00,1.31782,1.31843,1.31765,1.31791,1720,10,0
2025-11-10 19:00:00+00:00,1.31791,1.31841,1.31784,1.31795,1555,10,0
2025-11-10 20:00:00+00:00,1.31793,1.3183799999999999,1.31787,1.31806,1361,10,0
2025-11-10 21:00:00+00:00,1.31806,1.31815,1.31729,1.3174299999999999,1163,7,0
2025-11-10 22:00:00+00:00,1.31745,1.31751,1.31677,1.31677,1067,18,0
2025-11-10 23:00:00+00:00,1.3171,1.31771,1.3171,1.31717,825,10,0
2025-11-11 00:00:00+00:00,1.31718,1.31749,1.31644,1.3164500000000001,1248,10,0
2025-11-11 01:00:00+00:00,1.3164500000000001,1.31664,1.3157,1.31646,1872,10,0
2025-11-11 02:00:00+00:00,1.31644,1.3167900000000001,1.31604,1.31631,1338,10,0
2025-11-11 03:00:00+00:00,1.31629,1.317,1.31627,1.31677,1345,10,0
2025-11-11 04:00:00+00:00,1.31677,1.31715,1.31623,1.31657,1115,10,0
2025-11-11 05:00:00+00:00,1.31658,1.31718,1.31617,1.31658,1430,10,0
2025-11-11 06:00:00+00:00,1.31657,1.31714,1.31511,1.31536,1980,10,0
2025-11-11 07:00:00+00:00,1.3154,1.31583,1.31204,1.3125499999999999,5355,10,0
2025-11-11 08:00:00+00:00,1.31257,1.31348,1.31199,1.31229,3518,10,0
2025-11-11 09:00:00+00:00,1.31229,1.31339,1.31159,1.31295,2675,10,0
2025-11-11 10:00:00+00:00,1.3129,1.31406,1.31206,1.31381,2338,10,0
2025-11-11 11:00:00+00:00,1.31383,1.31516,1.3133,1.31478,2321,10,0
2025-11-11 12:00:00+00:00,1.31477,1.3154,1.31385,1.31415,2469,10,0
2025-11-11 13:00:00+00:00,1.31417,1.31778,1.31415,1.3170600000000001,4255,10,0
2025-11-11 14:00:00+00:00,1.3171,1.31841,1.31602,1.318,3461,10,0
2025-11-11 15:00:00+00:00,1.31798,1.31803,1.31583,1.31727,3850,10,0
2025-11-11 16:00:00+00:00,1.31726,1.3179,1.3167,1.31723,2759,10,0
2025-11-11 17:00:00+00:00,1.31722,1.31786,1.31683,1.31734,1919,10,0
2025-11-11 18:00:00+00:00,1.31732,1.31778,1.31712,1.31746,1718,10,0
2025-11-11 19:00:00+00:00,1.31744,1.3175,1.31647,1.31666,1926,10,0
2025-11-11 20:00:00+00:00,1.31668,1.31714,1.31606,1.31612,1478,10,0
2025-11-11 21:00:00+00:00,1.3161100000000001,1.31624,1.31474,1.31487,1263,9,0
2025-11-11 22:00:00+00:00,1.31488,1.3151,1.31413,1.3146499999999999,697,20,0
2025-11-11 23:00:00+00:00,1.31502,1.31535,1.31467,1.31518,640,10,0
2025-11-12 00:00:00+00:00,1.31516,1.31529,1.31407,1.3140800000000001,1262,10,0
2025-11-12 01:00:00+00:00,1.3140800000000001,1.31443,1.31366,1.31383,1775,10,0
2025-11-12 02:00:00+00:00,1.31386,1.3143799999999999,1.3136999999999999,1.31379,1110,10,0
2025-11-12 03:00:00+00:00,1.31379,1.31422,1.31346,1.31396,1031,10,0
2025-11-12 04:00:00+00:00,1.31396,1.31406,1.31283,1.31299,1296,10,0
2025-11-12 05:00:00+00:00,1.31298,1.31391,1.31283,1.31331,1575,10,0
2025-11-12 06:00:00+00:00,1.3133,1.31417,1.31301,1.3140399999999999,1475,10,0
2025-11-12 07:00:00+00:00,1.31407,1.31485,1.31382,1.31454,2402,10,0
2025-11-12 08:00:00+00:00,1.31455,1.31551,1.31158,1.31164,3587,10,0
2025-11-12 09:00:00+00:00,1.31163,1.3130899999999999,1.31145,1.31156,3624,10,0
2025-11-12 10:00:00+00:00,1.31158,1.3127900000000001,1.31101,1.31253,2485,10,0
2025-11-12 11:00:00+00:00,1.3125200000000001,1.31385,1.31152,1.3136999999999999,2454,10,0
2025-11-12 12:00:00+00:00,1.31371,1.31396,1.31073,1.31175,3363,10,0
2025-11-12 13:00:00+00:00,1.31175,1.31226,1.30953,1.31045,3319,10,0
2025-11-12 14:00:00+00:00,1.31045,1.31075,1.30839,1.30988,4038,10,0
2025-11-12 15:00:00+00:00,1.30985,1.31318,1.30972,1.313,4061,10,0
2025-11-12 16:00:00+00:00,1.31303,1.31357,1.31272,1.31296,3037,10,0
2025-11-12 17:00:00+00:00,1.31296,1.31396,1.31291,1.31387,2069,10,0
2025-11-12 18:00:00+00:00,1.3139,1.31436,1.31369,1.31396,1728,10,0
2025-11-12 19:00:00+00:00,1.31392,1.31407,1.3127499999999999,1.31293,1879,10,0
2025-11-12 20:00:00+00:00,1.31291,1.31329,1.31272,1.31305,1498,10,0
2025-11-12 21:00:00+00:00,1.31305,1.31339,1.31238,1.3131300000000001,1330,9,0
2025-11-12 22:00:00+00:00,1.3130899999999999,1.3132,1.31259,1.31288,812,13,0
2025-11-12 23:00:00+00:00,1.31302,1.31321,1.31258,1.31272,684,10,0
2025-11-13 00:00:00+00:00,1.3127499999999999,1.3127900000000001,1.31152,1.31173,1946,10,0
2025-11-13 01:00:00+00:00,1.31171,1.31244,1.31104,1.31233,2213,10,0
2025-11-13 02:00:00+00:00,1.31233,1.31276,1.31171,1.31243,1680,10,0
2025-11-13 03:00:00+00:00,1.31246,1.31284,1.3121,1.31257,1529,10,0
2025-11-13 04:00:00+00:00,1.31256,1.3127499999999999,1.31197,1.31229,1180,10,0
2025-11-13 05:00:00+00:00,1.3123,1.31247,1.31147,1.31169,1353,10,0
2025-11-13 06:00:00+00:00,1.3117,1.31227,1.31142,1.31207,1838,10,0
2025-11-13 07:00:00+00:00,1.31209,1.31432,1.31003,1.3140100000000001,3789,10,0
2025-11-13 08:00:00+00:00,1.314,1.3168199999999999,1.313,1.31673,3978,10,0
2025-11-13 09:00:00+00:00,1.3167200000000001,1.31704,1.31425,1.31556,4031,10,0
2025-11-13 10:00:00+00:00,1.31555,1.31635,1.31508,1.31563,2672,10,0
2025-11-13 11:00:00+00:00,1.31563,1.316,1.31432,1.31475,2906,10,0
2025-11-13 12:00:00+00:00,1.31474,1.31826,1.31463,1.31807,3506,10,0
2025-11-13 13:00:00+00:00,1.31809,1.31841,1.31578,1.31685,3783,10,0
2025-11-13 14:00:00+00:00,1.31688,1.31812,1.3165,1.31805,4382,10,0
2025-11-13 15:00:00+00:00,1.3180399999999999,1.31988,1.31729,1.31976,4321,10,0
2025-11-13 16:00:00+00:00,1.31976,1.32127,1.31904,1.32116,3649,10,0
2025-11-13 17:00:00+00:00,1.32117,1.32155,1.3203,1.32112,3657,10,0
2025-11-13 18:00:00+00:00,1.3211300000000001,1.3214000000000001,1.31915,1.31959,3208,10,0
2025-11-13 19:00:00+00:00,1.31958,1.31971,1.31891,1.31895,2360,10,0
2025-11-13 20:00:00+00:00,1.3189899999999999,1.31943,1.3184,1.31848,2036,10,0
2025-11-13 21:00:00+00:00,1.31846,1.31941,1.31841,1.31918,1124,10,0
2025-11-13 22:00:00+00:00,1.31916,1.31916,1.31517,1.31517,1065,22,0
2025-11-13 23:00:00+00:00,1.31644,1.31776,1.31359,1.31524,2080,10,0
2025-11-14 00:00:00+00:00,1.31524,1.31609,1.31349,1.31474,2665,10,0
2025-11-14 01:00:00+00:00,1.31475,1.31504,1.31412,1.3146499999999999,2865,10,0
2025-11-14 02:00:00+00:00,1.3146499999999999,1.31513,1.31417,1.31494,2137,10,0
2025-11-14 03:00:00+00:00,1.3149199999999999,1.31588,1.3143500000000001,1.31455,1729,10,0
2025-11-14 04:00:00+00:00,1.31453,1.3149600000000001,1.31384,1.31442,1544,10,0
2025-11-14 05:00:00+00:00,1.31442,1.31509,1.31405,1.31475,1731,10,0
2025-11-14 06:00:00+00:00,1.31476,1.3158400000000001,1.31402,1.31446,2463,10,0
2025-11-14 07:00:00+00:00,1.3144,1.31583,1.31258,1.31463,4707,10,0
2025-11-14 08:00:00+00:00,1.3146,1.32001,1.31076,1.3165499999999999,13617,10,0
2025-11-14 09:00:00+00:00,1.31651,1.31815,1.31477,1.31546,4395,10,0
2025-11-14 10:00:00+00:00,1.31545,1.31604,1.31407,1.31418,3179,10,0
2025-11-14 11:00:00+00:00,1.31419,1.3143,1.3122,1.3137699999999999,3282,10,0
2025-11-14 12:00:00+00:00,1.31378,1.31806,1.31304,1.31796,4072,10,0
2025-11-14 13:00:00+00:00,1.31792,1.31798,1.31575,1.31668,4901,10,0
2025-11-14 14:00:00+00:00,1.31671,1.31781,1.31478,1.31589,5827,10,0
2025-11-14 15:00:00+00:00,1.3159,1.3159,1.31247,1.31389,5501,10,0
2025-11-14 16:00:00+00:00,1.3139,1.31629,1.31382,1.31545,3637,10,0
2025-11-14 17:00:00+00:00,1.31542,1.31627,1.31503,1.31606,2833,10,0
2025-11-14 18:00:00+00:00,1.31603,1.3163,1.31494,1.316,2517,10,0
2025-11-14 19:00:00+00:00,1.31602,1.31673,1.31558,1.31641,2012,10,0
2025-11-14 20:00:00+00:00,1.31642,1.31708,1.31612,1.31674,1535,10,0
2025-11-14 21:00:00+00:00,1.31674,1.31754,1.31647,1.3173599999999999,2558,10,0
2025-11-16 22:00:00+00:00,1.31538,1.3165,1.3149600000000001,1.3165,683,58,0
2025-11-16 23:00:00+00:00,1.3167200000000001,1.31704,1.3155700000000001,1.31588,1095,10,0
2025-11-17 00:00:00+00:00,1.3158699999999999,1.3158699999999999,1.31494,1.31556,1939,10,0
2025-11-17 01:00:00+00:00,1.31556,1.3164799999999999,1.31531,1.3155700000000001,1832,10,0
2025-11-17 02:00:00+00:00,1.31555,1.3155700000000001,1.31511,1.31513,1379,10,0
2025-11-17 03:00:00+00:00,1.31511,1.31515,1.31412,1.31446,1198,10,0
2025-11-17 04:00:00+00:00,1.31444,1.31513,1.31434,1.31506,883,10,0
2025-11-17 05:00:00+00:00,1.31507,1.31544,1.31423,1.31426,1176,10,0
2025-11-17 06:00:00+00:00,1.31429,1.31514,1.31353,1.31483,1832,10,0
2025-11-17 07:00:00+00:00,1.31482,1.3176700000000001,1.3148,1.31755,2603,10,0
2025-11-17 08:00:00+00:00,1.31757,1.31805,1.31586,1.31644,3577,10,0
2025-11-17 09:00:00+00:00,1.31644,1.31756,1.31577,1.31642,3101,10,0
2025-11-17 10:00:00+00:00,1.31642,1.3171,1.31509,1.31537,2777,10,0
2025-11-17 11:00:00+00:00,1.31538,1.3180100000000001,1.31487,1.31799,3185,10,0
2025-11-17 12:00:00+00:00,1.31795,1.31927,1.31761,1.31796,3047,10,0
2025-11-17 13:00:00+00:00,1.3179699999999999,1.31875,1.31715,1.31727,3341,10,0
2025-11-17 14:00:00+00:00,1.31727,1.31773,1.31617,1.3165,3547,10,0
2025-11-17 15:00:00+00:00,1.31649,1.3177400000000001,1.31606,1.31769,3952,10,0
2025-11-17 16:00:00+00:00,1.3176700000000001,1.31785,1.31644,1.3177400000000001,3062,10,0
2025-11-17 17:00:00+00:00,1.31778,1.31787,1.31667,1.31695,2309,10,0
2025-11-17 18:00:00+00:00,1.31697,1.3170600000000001,1.31583,1.31596,2238,10,0
2025-11-17 19:00:00+00:00,1.31596,1.31643,1.31451,1.3146,2304,10,0
2025-11-17 20:00:00+00:00,1.3146,1.31569,1.31441,1.31544,2023,10,0
2025-11-17 21:00:00+00:00,1.31543,1.31588,1.3152,1.31524,1010,10,0
2025-11-17 22:00:00+00:00,1.31524,1.31561,1.3148900000000001,1.3152300000000001,679,15,0
2025-11-17 23:00:00+00:00,1.31562,1.31566,1.31518,1.31551,929,10,0
2025-11-18 00:00:00+00:00,1.3155000000000001,1.3155000000000001,1.31454,1.3148,1450,10,0
2025-11-18 01:00:00+00:00,1.31479,1.31543,1.31446,1.31508,1697,10,0
2025-11-18 02:00:00+00:00,1.31506,1.31544,1.31487,1.31527,1428,10,0
2025-11-18 03:00:00+00:00,1.31531,1.3155299999999999,1.31475,1.31488,1489,10,0
2025-11-18 04:00:00+00:00,1.31487,1.31629,1.31446,1.31624,2125,10,0
2025-11-18 05:00:00+00:00,1.31622,1.31639,1.31601,1.31603,1585,10,0
2025-11-18 06:00:00+00:00,1.31603,1.3162,1.31476,1.31491,2018,10,0
2025-11-18 07:00:00+00:00,1.3149,1.31628,1.31474,1.31497,3232,10,0
2025-11-18 08:00:00+00:00,1.3149600000000001,1.31765,1.31475,1.31554,4066,10,0
2025-11-18 09:00:00+00:00,1.31558,1.31634,1.3149,1.3152300000000001,3349,10,0
2025-11-18 10:00:00+00:00,1.31525,1.31555,1.31426,1.31473,2771,10,0
2025-11-18 11:00:00+00:00,1.31471,1.3149,1.3136700000000001,1.31405,2226,10,0
2025-11-18 12:00:00+00:00,1.31406,1.31536,1.31372,1.3152300000000001,2709,10,0
2025-11-18 13:00:00+00:00,1.31527,1.31607,1.31333,1.31536,4796,10,0
2025-11-18 14:00:00+00:00,1.31537,1.31631,1.31494,1.3157,3718,10,0
2025-11-18 15:00:00+00:00,1.31568,1.3170899999999999,1.3143,1.31439,4390,10,0
2025-11-18 16:00:00+00:00,1.31436,1.31497,1.3134700000000001,1.31497,3825,10,0
2025-11-18 17:00:00+00:00,1.31494,1.31507,1.31375,1.31405,2566,10,0
2025-11-18 18:00:00+00:00,1.31407,1.3155999999999999,1.31392,1.31519,2523,10,0
2025-11-18 19:00:00+00:00,1.31519,1.31566,1.31486,1.31547,1906,10,0
2025-11-18 20:00:00+00:00,1.31547,1.31564,1.31446,1.31459,1753,10,0
2025-11-18 21:00:00+00:00,1.3146,1.3149,1.31434,1.3144,1061,4,0
2025-11-18 22:00:00+00:00,1.31437,1.31471,1.31389,1.3146,451,22,0
2025-11-18 23:00:00+00:00,1.3148,1.3148,1.3142800000000001,1.3146900000000001,804,10,0
2025-11-19 00:00:00+00:00,1.31468,1.31487,1.31397,1.31405,1520,10,0
2025-11-19 01:00:00+00:00,1.31403,1.31426,1.3131,1.31326,1961,10,0
2025-11-19 02:00:00+00:00,1.31329,1.31397,1.31287,1.31365,1767,10,0
2025-11-19 03:00:00+00:00,1.31366,1.31442,1.31355,1.31396,1382,10,0
2025-11-19 04:00:00+00:00,1.31396,1.314,1.31319,1.31395,1499,10,0
2025-11-19 05:00:00+00:00,1.31394,1.31467,1.31384,1.31455,1503,10,0
2025-11-19 06:00:00+00:00,1.31456,1.31548,1.31442,1.31517,1539,10,0
2025-11-19 07:00:00+00:00,1.31512,1.31547,1.31314,1.31418,4265,10,0
2025-11-19 08:00:00+00:00,1.3142,1.3148,1.31228,1.31237,3385,10,0
2025-11-19 09:00:00+00:00,1.31235,1.31369,1.31173,1.31265,3287,10,0
2025-11-19 10:00:00+00:00,1.31263,1.3128,1.30921,1.31048,4100,10,0
2025-11-19 11:00:00+00:00,1.31048,1.31267,1.31029,1.31267,3539,10,0
2025-11-19 12:00:00+00:00,1.31268,1.313,1.31148,1.31176,2599,10,0
2025-11-19 13:00:00+00:00,1.31177,1.31288,1.3112599999999999,1.31186,3246,10,0
2025-11-19 14:00:00+00:00,1.3118400000000001,1.31219,1.3105,1.31084,3646,10,0
2025-11-19 15:00:00+00:00,1.31087,1.3115700000000001,1.30708,1.3079,4355,10,0
2025-11-19 16:00:00+00:00,1.30788,1.30851,1.30666,1.3075,3794,10,0
2025-11-19 17:00:00+00:00,1.30747,1.308,1.30563,1.30678,3074,10,0
2025-11-19 18:00:00+00:00,1.30679,1.3075999999999999,1.30625,1.30652,2341,10,0
2025-11-19 19:00:00+00:00,1.30654,1.30682,1.3043,1.30458,3008,10,0
2025-11-19 20:00:00+00:00,1.30454,1.30545,1.30438,1.30492,1867,10,0
2025-11-19 21:00:00+00:00,1.30492,1.30612,1.30437,1.3057,1996,4,0
2025-11-19 22:00:00+00:00,1.30571,1.30583,1.30558,1.30561,453,13,0
2025-11-19 23:00:00+00:00,1.30572,1.3062,1.30523,1.30596,1158,10,0
2025-11-20 00:00:00+00:00,1.30596,1.30596,1.3049,1.30542,1624,10,0
2025-11-20 01:00:00+00:00,1.3054299999999999,1.30556,1.30446,1.30458,1982,10,0
2025-11-20 02:00:00+00:00,1.30458,1.30526,1.30372,1.30521,1727,10,0
2025-11-20 03:00:00+00:00,1.30521,1.30557,1.30402,1.30463,1805,10,0
2025-11-20 04:00:00+00:00,1.30463,1.30617,1.30434,1.30583,1369,10,0
2025-11-20 05:00:00+00:00,1.30582,1.30589,1.3051599999999999,1.30524,1394,10,0
2025-11-20 06:00:00+00:00,1.30524,1.3064,1.30494,1.30626,1905,10,0
2025-11-20 07:00:00+00:00,1.30628,1.30702,1.30566,1.30687,2627,10,0
2025-11-20 08:00:00+00:00,1.30686,1.3076400000000001,1.3059,1.30645,3444,10,0
2025-11-20 09:00:00+00:00,1.30645,1.3079399999999999,1.30606,1.3078400000000001,2897,10,0
2025-11-20 10:00:00+00:00,1.30785,1.30844,1.30715,1.30727,2162,10,0
2025-11-20 11:00:00+00:00,1.30729,1.30765,1.30628,1.30644,2230,10,0
2025-11-20 12:00:00+00:00,1.30643,1.30653,1.30558,1.30567,2235,10,0
2025-11-20 13:00:00+00:00,1.30567,1.30992,1.3048,1.3094999999999999,7626,10,0
2025-11-20 14:00:00+00:00,1.3094999999999999,1.31233,1.30806,1.31115,6804,10,0
2025-11-20 15:00:00+00:00,1.31114,1.31127,1.30803,1.3094299999999999,4138,10,0
2025-11-20 16:00:00+00:00,1.3094299999999999,1.31025,1.30742,1.30766,4437,10,0
2025-11-20 17:00:00+00:00,1.30765,1.3081800000000001,1.30654,1.30676,4072,10,0
2025-11-20 18:00:00+00:00,1.30673,1.308,1.30664,1.30748,2778,10,0
2025-11-20 19:00:00+00:00,1.30746,1.30874,1.30704,1.30869,2046,10,0
2025-11-20 20:00:00+00:00,1.30869,1.30873,1.30689,1.30697,1929,10,0
2025-11-20 21:00:00+00:00,1.3069600000000001,1.3073299999999999,1.30674,1.30714,1094,9,0
2025-11-20 22:00:00+00:00,1.30715,1.30743,1.3069899999999999,1.3069899999999999,458,11,0
2025-11-20 23:00:00+00:00,1.30719,1.3084799999999999,1.30681,1.3082500000000001,1489,10,0
2025-11-21 00:00:00+00:00,1.3082500000000001,1.30872,1.30743,1.30841,2333,10,0
2025-11-21 01:00:00+00:00,1.3084,1.3087,1.3078699999999999,1.30817,2446,10,0
2025-11-21 02:00:00+00:00,1.30817,1.30864,1.30743,1.30797,1834,10,0
2025-11-21 03:00:00+00:00,1.30796,1.3087900000000001,1.3075999999999999,1.30862,1588,10,0
2025-11-21 04:00:00+00:00,1.30862,1.3092,1.3085,1.30899,1590,10,0
2025-11-21 05:00:00+00:00,1.30901,1.30959,1.30875,1.3089,1630,10,0
2025-11-21 06:00:00+00:00,1.30893,1.3096999999999999,1.30878,1.30904,2356,10,0
2025-11-21 07:00:00+00:00,1.30904,1.3091,1.30655,1.30804,3943,10,0
2025-11-21 08:00:00+00:00,1.30808,1.3102800000000001,1.30727,1.30979,5344,10,0
2025-11-21 09:00:00+00:00,1.30983,1.30993,1.30587,1.30614,4299,10,0
2025-11-21 10:00:00+00:00,1.30609,1.30651,1.30498,1.3064200000000001,4294,10,0
2025-11-21 11:00:00+00:00,1.30643,1.30687,1.30416,1.3044799999999999,3280,10,0
2025-11-21 12:00:00+00:00,1.30447,1.30888,1.30384,1.3088600000000001,6665,10,0
2025-11-21 13:00:00+00:00,1.30883,1.3094700000000001,1.30795,1.3084,3572,10,0
2025-11-21 14:00:00+00:00,1.30835,1.30918,1.30693,1.30893,5139,10,0
2025-11-21 15:00:00+00:00,1.30891,1.30995,1.30759,1.30847,5381,10,0
2025-11-21 16:00:00+00:00,1.30844,1.30995,1.3072599999999999,1.30972,3740,10,0
2025-11-21 17:00:00+00:00,1.30975,1.31074,1.3088199999999999,1.31002,3162,10,0
2025-11-21 18:00:00+00:00,1.31002,1.31007,1.3091,1.30962,2436,10,0
2025-11-21 19:00:00+00:00,1.30962,1.31093,1.3096,1.31022,2014,10,0
2025-11-21 20:00:00+00:00,1.31024,1.3105,1.30985,1.3105,1594,10,0
2025-11-21 21:00:00+00:00,1.31046,1.3108,1.30948,1.30972,2933,10,0
2025-11-23 22:00:00+00:00,1.3092,1.30983,1.30887,1.30963,419,55,0
2025-11-23 23:00:00+00:00,1.30986,1.30996,1.30918,1.30957,1190,10,0
2025-11-24 00:00:00+00:00,1.30957,1.30961,1.3085200000000001,1.30883,1287,10,0
2025-11-24 01:00:00+00:00,1.30883,1.30933,1.3087,1.30881,2085,10,0
2025-11-24 02:00:00+00:00,1.30881,1.30989,1.30881,1.30954,2421,10,0
2025-11-24 03:00:00+00:00,1.30955,1.31017,1.30933,1.30972,1311,10,0
2025-11-24 04:00:00+00:00,1.30972,1.31026,1.30961,1.3100800000000001,1201,10,0
2025-11-24 05:00:00+00:00,1.31007,1.3107,1.31002,1.31019,1844,10,0
2025-11-24 06:00:00+00:00,1.31018,1.31114,1.30982,1.3099,1832,10,0
2025-11-24 07:00:00+00:00,1.30989,1.30999,1.30883,1.30895,2735,10,0
2025-11-24 08:00:00+00:00,1.30899,1.31098,1.3088600000000001,1.30952,3927,10,0
2025-11-24 09:00:00+00:00,1.30951,1.30983,1.3087,1.30896,3106,10,0
2025-11-24 10:00:00+00:00,1.30896,1.30984,1.30884,1.30936,2977,10,0
2025-11-24 11:00:00+00:00,1.30937,1.3096,1.30883,1.30908,2490,10,0
2025-11-24 12:00:00+00:00,1.30908,1.3115700000000001,1.30872,1.31109,2834,10,0
2025-11-24 13:00:00+00:00,1.31112,1.31178,1.3104,1.31052,2762,10,0
2025-11-24 14:00:00+00:00,1.31048,1.31061,1.30844,1.30915,4025,10,0
2025-11-24 15:00:00+00:00,1.30917,1.30996,1.308,1.3097699999999999,3700,10,0
2025-11-24 16:00:00+00:00,1.30973,1.31071,1.30938,1.30951,2763,10,0
2025-11-24 17:00:00+00:00,1.30952,1.31043,1.30851,1.3100100000000001,2710,10,0
2025-11-24 18:00:00+00:00,1.31,1.3115299999999999,1.30992,1.31151,1849,10,0
2025-11-24 19:00:00+00:00,1.3115299999999999,1.31162,1.3105,1.31081,1815,10,0
2025-11-24 20:00:00+00:00,1.31082,1.31115,1.3106499999999999,1.31085,1503,10,0
2025-11-24 21:00:00+00:00,1.31083,1.3109899999999999,1.31027,1.31027,820,4,0
2025-11-24 22:00:00+00:00,1.31029,1.31085,1.31003,1.3106200000000001,862,18,0
2025-11-24 23:00:00+00:00,1.31075,1.31083,1.31033,1.31053,868,10,0
2025-11-25 00:00:00+00:00,1.31053,1.31076,1.31018,1.31075,1274,10,0
2025-11-25 01:00:00+00:00,1.31074,1.31154,1.31066,1.31075,1883,10,0
2025-11-25 02:00:00+00:00,1.31075,1.31124,1.31048,1.31122,1374,10,0
2025-11-25 03:00:00+00:00,1.3112,1.31152,1.30986,1.30997,1697,10,0
2025-11-25 04:00:00+00:00,1.30998,1.30998,1.30962,1.30978,811,10,0
2025-11-25 05:00:00+00:00,1.30978,1.3103500000000001,1.3094999999999999,1.31014,1162,10,0
2025-11-25 06:00:00+00:00,1.31015,1.31059,1.3097699999999999,1.3103500000000001,1759,10,0
2025-11-25 07:00:00+00:00,1.3103799999999999,1.3128199999999999,1.31034,1.31215,2853,10,0
2025-11-25 08:00:00+00:00,1.31216,1.31284,1.31087,1.31093,3617,10,0
2025-11-25 09:00:00+00:00,1.3109600000000001,1.3138,1.31083,1.31344,2922,10,0
2025-11-25 10:00:00+00:00,1.31341,1.31402,1.3123,1.31292,2458,10,0
2025-11-25 11:00:00+00:00,1.3129,1.3129,1.3109,1.31119,2372,10,0
2025-11-25 12:00:00+00:00,1.31119,1.31383,1.31085,1.3134000000000001,4473,10,0
2025-11-25 13:00:00+00:00,1.31344,1.31597,1.31314,1.3153299999999999,5157,10,0
2025-11-25 14:00:00+00:00,1.31532,1.3182800000000001,1.31522,1.3177699999999999,5534,10,0
2025-11-25 15:00:00+00:00,1.31773,1.3195299999999999,1.31729,1.31763,4863,10,0
2025-11-25 16:00:00+00:00,1.31762,1.3185,1.31705,1.31718,2622,10,0
2025-11-25 17:00:00+00:00,1.31719,1.32038,1.31711,1.32003,5427,10,0
2025-11-25 18:00:00+00:00,1.32007,1.32134,1.31976,1.32055,2930,10,0
2025-11-25 19:00:00+00:00,1.32055,1.32137,1.32002,1.32114,1817,10,0
2025-11-25 20:00:00+00:00,1.32115,1.32137,1.3153000000000001,1.31615,4081,10,0
2025-11-25 21:00:00+00:00,1.31617,1.31714,1.31612,1.31641,1776,7,0
2025-11-25 22:00:00+00:00,1.31639,1.3167200000000001,1.31576,1.31625,636,22,0
2025-11-25 23:00:00+00:00,1.31653,1.31721,1.31573,1.31577,1352,10,0
2025-11-26 00:00:00+00:00,1.31578,1.31734,1.31578,1.31669,2319,10,0
2025-11-26 01:00:00+00:00,1.31677,1.31874,1.3165200000000001,1.31785,4809,10,0
2025-11-26 02:00:00+00:00,1.31781,1.31933,1.31764,1.3187,3507,10,0
2025-11-26 03:00:00+00:00,1.31873,1.31966,1.31861,1.31958,1900,10,0
2025-11-26 04:00:00+00:00,1.31958,1.31966,1.31869,1.31871,1151,10,0
2025-11-26 05:00:00+00:00,1.31871,1.31917,1.31869,1.31911,1154,10,0
2025-11-26 06:00:00+00:00,1.31912,1.31978,1.3183,1.31885,2054,10,0
2025-11-26 07:00:00+00:00,1.31882,1.31942,1.31651,1.31788,3557,10,0
2025-11-26 08:00:00+00:00,1.3179,1.31869,1.31671,1.31731,4242,10,0
2025-11-26 09:00:00+00:00,1.31732,1.3180399999999999,1.3167900000000001,1.31737,2985,10,0
2025-11-26 10:00:00+00:00,1.31739,1.3176700000000001,1.31569,1.31615,2765,10,0
2025-11-26 11:00:00+00:00,1.31615,1.32016,1.31498,1.31725,9465,10,0
2025-11-26 12:00:00+00:00,1.3172,1.31888,1.31241,1.31836,13574,10,0
2025-11-26 13:00:00+00:00,1.31837,1.32237,1.31763,1.31922,9645,10,0
2025-11-26 14:00:00+00:00,1.31924,1.32071,1.31846,1.31977,5453,10,0
2025-11-26 15:00:00+00:00,1.31975,1.32346,1.31951,1.32252,5931,10,0
2025-11-26 16:00:00+00:00,1.3225500000000001,1.3237999999999999,1.3219,1.3225,3913,10,0
2025-11-26 17:00:00+00:00,1.32251,1.32298,1.32187,1.3225500000000001,2782,10,0
2025-11-26 18:00:00+00:00,1.3225799999999999,1.32336,1.3223099999999999,1.32332,2093,10,0
2025-11-26 19:00:00+00:00,1.32333,1.32369,1.32295,1.32339,1627,10,0
2025-11-26 20:00:00+00:00,1.32335,1.32415,1.3232,1.32352,1337,10,0
2025-11-26 21:00:00+00:00,1.32352,1.3244,1.32338,1.324,1225,9,0
2025-11-26 22:00:00+00:00,1.32395,1.32398,1.32344,1.32366,1025,11,0
2025-11-26 23:00:00+00:00,1.32385,1.3247,1.32385,1.32442,841,10,0
2025-11-27 00:00:00+00:00,1.32442,1.3249900000000001,1.32429,1.32477,1421,10,0
2025-11-27 01:00:00+00:00,1.3247900000000001,1.32603,1.3247900000000001,1.32566,2396,10,0
2025-11-27 02:00:00+00:00,1.32568,1.32622,1.32486,1.32511,2288,10,0
2025-11-27 03:00:00+00:00,1.32511,1.3256999999999999,1.3247499999999999,1.32551,1611,10,0
2025-11-27 04:00:00+00:00,1.32551,1.3268,1.32535,1.3256700000000001,1664,10,0
2025-11-27 05:00:00+00:00,1.32564,1.32684,1.32562,1.32586,2065,10,0
2025-11-27 06:00:00+00:00,1.32589,1.32635,1.32388,1.32428,2631,10,0
2025-11-27 07:00:00+00:00,1.32428,1.32467,1.32291,1.32385,2382,10,0
2025-11-27 08:00:00+00:00,1.32385,1.3241800000000001,1.32175,1.3223,2787,10,0
2025-11-27 09:00:00+00:00,1.32226,1.3223500000000001,1.32094,1.32134,2504,10,0
2025-11-27 10:00:00+00:00,1.32135,1.3227,1.32112,1.32237,2073,10,0
2025-11-27 11:00:00+00:00,1.32237,1.32318,1.322,1.32291,2069,10,0
2025-11-27 12:00:00+00:00,1.32291,1.32342,1.32252,1.32327,1781,10,0
2025-11-27 13:00:00+00:00,1.3232599999999999,1.32489,1.32324,1.32427,2587,10,0
2025-11-27 14:00:00+00:00,1.32427,1.32451,1.32284,1.32333,2226,10,0
2025-11-27 15:00:00+00:00,1.3233,1.3252,1.32322,1.32507,2152,10,0
2025-11-27 16:00:00+00:00,1.32503,1.32546,1.32393,1.32436,1663,10,0
2025-11-27 17:00:00+00:00,1.32436,1.32474,1.323,1.3237700000000001,1241,10,0
2025-11-27 18:00:00+00:00,1.32376,1.3238400000000001,1.32333,1.32342,662,10,0
2025-11-27 19:00:00+00:00,1.32341,1.32379,1.32339,1.32368,573,10,0
2025-11-27 20:00:00+00:00,1.32368,1.32386,1.32351,1.32369,1108,10,0
2025-11-27 21:00:00+00:00,1.32369,1.32402,1.32359,1.3238400000000001,506,9,0
2025-11-27 22:00:00+00:00,1.32381,1.32385,1.32295,1.32333,761,22,0
2025-11-27 23:00:00+00:00,1.3235299999999999,1.32407,1.32352,1.32395,545,10,0
2025-11-28 00:00:00+00:00,1.32395,1.3244,1.3232300000000001,1.32359,1973,10,0
2025-11-28 01:00:00+00:00,1.32358,1.32422,1.32277,1.32325,1960,10,0
2025-11-28 02:00:00+00:00,1.3232599999999999,1.32402,1.32283,1.3235000000000001,8806,10,0
2025-11-28 03:00:00+00:00,1.32346,1.3244500000000001,1.32321,1.32379,9198,10,0
2025-11-28 04:00:00+00:00,1.3237700000000001,1.3243800000000001,1.32328,1.3238400000000001,8878,10,0
2025-11-28 05:00:00+00:00,1.32386,1.32405,1.32267,1.32325,7373,10,0
2025-11-28 06:00:00+00:00,1.32327,1.32341,1.3214000000000001,1.32165,10384,10,0
2025-11-28 07:00:00+00:00,1.32161,1.3219699999999999,1.32101,1.32135,10579,10,0
2025-11-28 08:00:00+00:00,1.32131,1.32144,1.32017,1.32026,8848,10,0
2025-11-28 09:00:00+00:00,1.3203,1.32274,1.32003,1.32077,12972,10,0
2025-11-28 10:00:00+00:00,1.3208,1.32147,1.3202099999999999,1.32066,13967,10,0
2025-11-28 11:00:00+00:00,1.32073,1.32127,1.32008,1.3202099999999999,14279,10,0
2025-11-28 12:00:00+00:00,1.32017,1.3219400000000001,1.31998,1.32162,5837,10,0
2025-11-28 13:00:00+00:00,1.32159,1.32269,1.32095,1.32234,6257,29,0
2025-11-28 14:00:00+00:00,1.3223799999999999,1.32297,1.32142,1.3229,2633,29,0
2025-11-28 15:00:00+00:00,1.3229,1.3253599999999999,1.32055,1.32493,4038,29,0
2025-11-28 16:00:00+00:00,1.3249,1.32504,1.32333,1.32351,2576,29,0
2025-11-28 17:00:00+00:00,1.32355,1.32383,1.3225500000000001,1.32349,1798,29,0
2025-11-28 18:00:00+00:00,1.32343,1.32366,1.32282,1.32363,1446,29,0
2025-11-28 19:00:00+00:00,1.32364,1.32444,1.32347,1.32432,1224,38,0
2025-11-28 20:00:00+00:00,1.32435,1.3244,1.32391,1.32391,723,38,0
2025-11-28 21:00:00+00:00,1.32391,1.32431,1.32277,1.3229199999999999,1801,58,0
2025-11-30 22:00:00+00:00,1.32261,1.32279,1.32145,1.32273,820,93,0
2025-11-30 23:00:00+00:00,1.32307,1.32478,1.32295,1.32388,1524,10,0
2025-12-01 00:00:00+00:00,1.32388,1.32437,1.32356,1.32364,2493,10,0
2025-12-01 01:00:00+00:00,1.32363,1.32467,1.32305,1.32374,3478,10,0
2025-12-01 02:00:00+00:00,1.32373,1.32398,1.32241,1.32271,2280,10,0
2025-12-01 03:00:00+00:00,1.32272,1.32307,1.32216,1.32304,1526,10,0
2025-12-01 04:00:00+00:00,1.32306,1.32335,1.32256,1.32266,1366,10,0
2025-12-01 05:00:00+00:00,1.32264,1.3231,1.32182,1.32208,1902,10,0
2025-12-01 06:00:00+00:00,1.32207,1.32223,1.32102,1.32156,2283,10,0
2025-12-01 07:00:00+00:00,1.32158,1.32363,1.32124,1.32195,3015,10,0
2025-12-01 08:00:00+00:00,1.32199,1.32291,1.3205,1.3210600000000001,4648,10,0
2025-12-01 09:00:00+00:00,1.32108,1.32351,1.32105,1.32324,3750,10,0
2025-12-01 10:00:00+00:00,1.3232300000000001,1.32332,1.32172,1.32277,3082,10,0
2025-12-01 11:00:00+00:00,1.32274,1.32365,1.3220100000000001,1.32332,2949,10,0
2025-12-01 12:00:00+00:00,1.32331,1.32695,1.32327,1.32669,3290,10,0
2025-12-01 13:00:00+00:00,1.32668,1.32754,1.32589,1.32656,3796,10,0
2025-12-01 14:00:00+00:00,1.32653,1.3265799999999999,1.32434,1.325,4420,10,0
2025-12-01 15:00:00+00:00,1.32503,1.32593,1.32297,1.32514,4786,10,0
2025-12-01 16:00:00+00:00,1.32514,1.32523,1.32222,1.32267,3546,10,0
2025-12-01 17:00:00+00:00,1.32266,1.32318,1.32209,1.32245,2408,10,0
2025-12-01 18:00:00+00:00,1.32243,1.32277,1.32122,1.3215,2003,10,0
2025-12-01 19:00:00+00:00,1.32148,1.3215,1.32077,1.32124,1846,10,0
2025-12-01 20:00:00+00:00,1.32121,1.32144,1.32089,1.32126,1158,10,0
2025-12-01 21:00:00+00:00,1.32124,1.32145,1.32097,1.32121,890,9,0
2025-12-01 22:00:00+00:00,1.32123,1.32123,1.32086,1.32108,621,13,0
2025-12-01 23:00:00+00:00,1.32118,1.32127,1.32083,1.32085,561,10,0
2025-12-02 00:00:00+00:00,1.32085,1.32116,1.32047,1.32062,995,10,0
2025-12-02 01:00:00+00:00,1.32062,1.32137,1.32027,1.32115,1305,10,0
2025-12-02 02:00:00+00:00,1.32114,1.32168,1.32105,1.32156,903,10,0
2025-12-02 03:00:00+00:00,1.32157,1.32176,1.32124,1.3216700000000001,1088,10,0
2025-12-02 04:00:00+00:00,1.3216700000000001,1.32213,1.32152,1.32154,777,10,0
2025-12-02 05:00:00+00:00,1.32154,1.32168,1.32104,1.3214000000000001,830,10,0
2025-12-02 06:00:00+00:00,1.32138,1.32158,1.32073,1.32126,1365,10,0
2025-12-02 07:00:00+00:00,1.32123,1.32196,1.32083,1.32149,2231,10,0
2025-12-02 08:00:00+00:00,1.32151,1.32198,1.32074,1.32115,2788,10,0
2025-12-02 09:00:00+00:00,1.32112,1.32207,1.32005,1.32098,2821,10,0
2025-12-02 10:00:00+00:00,1.32096,1.3212,1.3180399999999999,1.3195000000000001,3559,10,0
2025-12-02 11:00:00+00:00,1.3195000000000001,1.32016,1.31913,1.3197999999999999,2473,10,0
2025-12-02 12:00:00+00:00,1.31976,1.32097,1.31942,1.32085,2391,10,0
2025-12-02 13:00:00+00:00,1.32088,1.32089,1.31971,1.32063,2472,10,0
2025-12-02 14:00:00+00:00,1.32064,1.32129,1.3199100000000001,1.32105,3579,10,0
2025-12-02 15:00:00+00:00,1.32103,1.32132,1.31851,1.32005,4398,10,0
2025-12-02 16:00:00+00:00,1.32003,1.32039,1.31802,1.3183500000000001,3292,10,0
2025-12-02 17:00:00+00:00,1.31833,1.31949,1.31789,1.31938,2260,10,0
2025-12-02 18:00:00+00:00,1.31937,1.32016,1.31901,1.31971,1602,10,0
2025-12-02 19:00:00+00:00,1.3197,1.32129,1.31966,1.32093,1657,10,0
2025-12-02 20:00:00+00:00,1.32092,1.3214299999999999,1.3206,1.32112,1409,10,0
2025-12-02 21:00:00+00:00,1.32112,1.32153,1.3206,1.3211300000000001,928,10,0
2025-12-02 22:00:00+00:00,1.32112,1.32119,1.31994,1.32054,819,20,0
2025-12-02 23:00:00+00:00,1.32049,1.32207,1.32049,1.32196,751,10,0
2025-12-03 00:00:00+00:00,1.32196,1.32224,1.32168,1.32214,1366,10,0
2025-12-03 01:00:00+00:00,1.32213,1.32267,1.32212,1.32264,1311,10,0
2025-12-03 02:00:00+00:00,1.32264,1.32302,1.3223799999999999,1.3229199999999999,1039,10,0
2025-12-03 03:00:00+00:00,1.32291,1.32317,1.32279,1.32286,921,10,0
2025-12-03 04:00:00+00:00,1.32286,1.3232599999999999,1.32263,1.32312,741,10,0
2025-12-03 05:00:00+00:00,1.32312,1.3237700000000001,1.32312,1.32361,978,10,0
2025-12-03 06:00:00+00:00,1.32362,1.32424,1.32346,1.3242099999999999,1337,10,0
2025-12-03 07:00:00+00:00,1.3242,1.32521,1.32379,1.32424,2280,10,0
2025-12-03 08:00:00+00:00,1.32423,1.32629,1.32369,1.32585,2593,10,0
2025-12-03 09:00:00+00:00,1.32585,1.32844,1.32558,1.3278400000000001,3407,10,0
2025-12-03 10:00:00+00:00,1.32781,1.32895,1.32736,1.32829,2631,10,0
2025-12-03 11:00:00+00:00,1.3283,1.32962,1.32788,1.32958,2053,10,0
2025-12-03 12:00:00+00:00,1.32959,1.33036,1.32937,1.32985,2216,10,0
2025-12-03 13:00:00+00:00,1.32985,1.33151,1.32962,1.3299,3519,10,0
2025-12-03 14:00:00+00:00,1.32991,1.33163,1.32919,1.3313,3515,10,0
2025-12-03 15:00:00+00:00,1.3312599999999999,1.3331,1.3304,1.33304,4464,10,0
2025-12-03 16:00:00+00:00,1.33305,1.3347,1.33288,1.33314,3263,10,0
2025-12-03 17:00:00+00:00,1.33311,1.33475,1.3328,1.33418,2332,10,0
2025-12-03 18:00:00+00:00,1.3342,1.33529,1.33382,1.33471,2285,10,0
2025-12-03 19:00:00+00:00,1.33474,1.33526,1.33462,1.33505,1431,10,0
2025-12-03 20:00:00+00:00,1.33502,1.3352,1.33468,1.33476,1257,10,0
2025-12-03 21:00:00+00:00,1.33475,1.33536,1.33469,1.33518,1018,7,0
2025-12-03 22:00:00+00:00,1.33517,1.3351899999999999,1.33483,1.33483,546,11,0
2025-12-03 23:00:00+00:00,1.33505,1.33515,1.33443,1.33472,699,10,0
2025-12-04 00:00:00+00:00,1.33469,1.33469,1.3336999999999999,1.33395,1331,10,0
2025-12-04 01:00:00+00:00,1.33395,1.33436,1.33344,1.33395,1541,10,0
2025-12-04 02:00:00+00:00,1.33395,1.33398,1.33339,1.33361,1378,10,0
2025-12-04 03:00:00+00:00,1.33362,1.33362,1.3327200000000001,1.33319,1106,10,0
2025-12-04 04:00:00+00:00,1.33318,1.33335,1.33311,1.33312,798,10,0
2025-12-04 05:00:00+00:00,1.33312,1.33399,1.33311,1.33377,1362,10,0
2025-12-04 06:00:00+00:00,1.33377,1.33386,1.33314,1.33377,1431,10,0
2025-12-04 07:00:00+00:00,1.33378,1.33413,1.33308,1.33365,1669,10,0
2025-12-04 08:00:00+00:00,1.33366,1.33586,1.3333,1.33425,3313,10,0
2025-12-04 09:00:00+00:00,1.3342399999999999,1.33494,1.3336000000000001,1.3345500000000001,2782,10,0
2025-12-04 10:00:00+00:00,1.3345500000000001,1.33506,1.3336700000000001,1.33435,2541,10,0
2025-12-04 11:00:00+00:00,1.33435,1.3363399999999999,1.33402,1.33602,2580,10,0
2025-12-04 12:00:00+00:00,1.33598,1.3361399999999999,1.33398,1.33483,2616,10,0
2025-12-04 13:00:00+00:00,1.33486,1.33498,1.33216,1.33416,3976,10,0
2025-12-04 14:00:00+00:00,1.33419,1.33739,1.33419,1.33701,4307,10,0
2025-12-04 15:00:00+00:00,1.33697,1.33852,1.33536,1.33725,3805,10,0
2025-12-04 16:00:00+00:00,1.33723,1.33728,1.33471,1.3351899999999999,2952,10,0
2025-12-04 17:00:00+00:00,1.33521,1.33525,1.33404,1.33429,1727,10,0
2025-12-04 18:00:00+00:00,1.33429,1.33508,1.33354,1.33429,1818,10,0
2025-12-04 19:00:00+00:00,1.33426,1.33459,1.33373,1.33398,1609,10,0
2025-12-04 20:00:00+00:00,1.33395,1.33395,1.3326500000000001,1.33284,1501,10,0
2025-12-04 21:00:00+00:00,1.33284,1.33317,1.33242,1.33253,852,9,0
2025-12-04 22:00:00+00:00,1.33251,1.33251,1.33196,1.33231,966,15,0
2025-12-04 23:00:00+00:00,1.33243,1.33259,1.332,1.33219,598,10,0
2025-12-05 00:00:00+00:00,1.33219,1.33296,1.33216,1.33294,1003,10,0
2025-12-05 01:00:00+00:00,1.33294,1.3333,1.3327499999999999,1.3332899999999999,1391,10,0
2025-12-05 02:00:00+00:00,1.33328,1.33339,1.33296,1.33319,987,10,0
2025-12-05 03:00:00+00:00,1.33317,1.33319,1.33244,1.3326500000000001,652,10,0
2025-12-05 04:00:00+00:00,1.3326500000000001,1.3336700000000001,1.33264,1.3336000000000001,1075,10,0
2025-12-05 05:00:00+00:00,1.3336000000000001,1.33452,1.33352,1.33446,1206,10,0
2025-12-05 06:00:00+00:00,1.33444,1.3352,1.33415,1.3348499999999999,1156,10,0
2025-12-05 07:00:00+00:00,1.33483,1.33622,1.33476,1.33526,2384,10,0
2025-12-05 08:00:00+00:00,1.33524,1.33598,1.3345099999999999,1.33495,2868,10,0
2025-12-05 09:00:00+00:00,1.3349199999999999,1.33535,1.3342100000000001,1.33452,2075,10,0
2025-12-05 10:00:00+00:00,1.33453,1.3348200000000001,1.33323,1.33378,2036,10,0
2025-12-05 11:00:00+00:00,1.33376,1.33398,1.3327499999999999,1.3339699999999999,2006,10,0
2025-12-05 12:00:00+00:00,1.334,1.3348499999999999,1.33381,1.33479,2395,10,0
2025-12-05 13:00:00+00:00,1.3348,1.33554,1.33393,1.33502,2674,10,0
2025-12-05 14:00:00+00:00,1.33501,1.33617,1.3342399999999999,1.33474,3351,10,0
2025-12-05 15:00:00+00:00,1.33477,1.33591,1.33384,1.33423,3724,10,0
2025-12-05 16:00:00+00:00,1.33426,1.3343099999999999,1.33159,1.33222,3698,10,0
2025-12-05 17:00:00+00:00,1.33222,1.33311,1.3317999999999999,1.3330199999999999,2155,10,0
2025-12-05 18:00:00+00:00,1.33305,1.33403,1.3329,1.3333,1727,10,0
2025-12-05 19:00:00+00:00,1.3333300000000001,1.33358,1.33286,1.33335,1452,10,0
2025-12-05 20:00:00+00:00,1.3333300000000001,1.3333599999999999,1.33255,1.33324,1350,10,0
2025-12-05 21:00:00+00:00,1.33324,1.3336700000000001,1.33266,1.3333300000000001,1859,10,0
2025-12-07 22:00:00+00:00,1.33213,1.33286,1.3319,1.33278,487,47,0
2025-12-07 23:00:00+00:00,1.33297,1.33316,1.33226,1.33256,2527,10,0
2025-12-08 00:00:00+00:00,1.33257,1.33334,1.33221,1.3333,1692,10,0
2025-12-08 01:00:00+00:00,1.33332,1.33376,1.33304,1.33364,1762,10,0
2025-12-08 02:00:00+00:00,1.33365,1.33408,1.33343,1.33406,1303,10,0
2025-12-08 03:00:00+00:00,1.33408,1.3342,1.33356,1.3336700000000001,1014,10,0
2025-12-08 04:00:00+00:00,1.3336700000000001,1.33418,1.33362,1.33396,778,10,0
2025-12-08 05:00:00+00:00,1.33396,1.33406,1.33351,1.33365,1017,10,0
2025-12-08 06:00:00+00:00,1.33365,1.33462,1.3327,1.33305,2339,10,0
2025-12-08 07:00:00+00:00,1.33308,1.33346,1.3321399999999999,1.33243,2223,10,0
2025-12-08 08:00:00+00:00,1.33244,1.33332,1.33185,1.33273,2448,10,0
2025-12-08 09:00:00+00:00,1.3326799999999999,1.33284,1.33131,1.33168,2366,10,0
2025-12-08 10:00:00+00:00,1.33169,1.3329,1.3315299999999999,1.33185,1933,10,0
2025-12-08 11:00:00+00:00,1.3318400000000001,1.33263,1.33137,1.33172,2285,10,0
2025-12-08 12:00:00+00:00,1.3317,1.33219,1.33138,1.33195,2040,10,0
2025-12-08 13:00:00+00:00,1.33196,1.33287,1.33145,1.33194,2517,10,0
2025-12-08 14:00:00+00:00,1.33195,1.33381,1.33149,1.33262,3858,10,0
2025-12-08 15:00:00+00:00,1.33263,1.33274,1.33051,1.33111,4006,10,0
2025-12-08 16:00:00+00:00,1.33112,1.3324500000000001,1.3308,1.3318400000000001,2916,10,0
2025-12-08 17:00:00+00:00,1.33186,1.3324099999999999,1.33104,1.33232,2182,10,0
2025-12-08 18:00:00+00:00,1.33232,1.33304,1.33186,1.3324099999999999,1796,10,0
2025-12-08 19:00:00+00:00,1.3323800000000001,1.33287,1.33213,1.33263,1414,10,0
2025-12-08 20:00:00+00:00,1.3326500000000001,1.33291,1.33226,1.3324799999999999,1191,10,0
2025-12-08 21:00:00+00:00,1.33247,1.33255,1.33192,1.33208,838,9,0
2025-12-08 22:00:00+00:00,1.3321,1.33212,1.33166,1.33169,814,15,0
2025-12-08 23:00:00+00:00,1.33186,1.33267,1.33176,1.33267,644,10,0
2025-12-09 00:00:00+00:00,1.33266,1.33283,1.3318400000000001,1.33216,1053,10,0
2025-12-09 01:00:00+00:00,1.33218,1.33327,1.33179,1.33325,1442,10,0
2025-12-09 02:00:00+00:00,1.33325,1.33345,1.33258,1.33282,1243,10,0
2025-12-09 03:00:00+00:00,1.33282,1.33311,1.33256,1.33279,1306,10,0
2025-12-09 04:00:00+00:00,1.33279,1.3330600000000001,1.33262,1.33296,1236,10,0
2025-12-09 05:00:00+00:00,1.33296,1.33364,1.33264,1.33331,1305,10,0
2025-12-09 06:00:00+00:00,1.3333,1.3334,1.3327200000000001,1.33304,1780,10,0
2025-12-09 07:00:00+00:00,1.3330600000000001,1.33323,1.33228,1.33276,1632,10,0
2025-12-09 08:00:00+00:00,1.33279,1.33508,1.3326,1.33435,2409,10,0
2025-12-09 09:00:00+00:00,1.33432,1.33558,1.3341,1.33464,2783,10,0
2025-12-09 10:00:00+00:00,1.33462,1.33484,1.33294,1.33365,2439,10,0
2025-12-09 11:00:00+00:00,1.33365,1.33373,1.3323800000000001,1.33285,2322,10,0
2025-12-09 12:00:00+00:00,1.33284,1.33305,1.33154,1.33193,2313,10,0
2025-12-09 13:00:00+00:00,1.33194,1.3327200000000001,1.33095,1.33144,3184,10,0
2025-12-09 14:00:00+00:00,1.33141,1.33197,1.33008,1.33152,4810,10,0
2025-12-09 15:00:00+00:00,1.33148,1.33157,1.32865,1.32966,5003,10,0
2025-12-09 16:00:00+00:00,1.32965,1.33181,1.32964,1.33172,2922,10,0
2025-12-09 17:00:00+00:00,1.33175,1.3319,1.3296000000000001,1.32975,2400,10,0
2025-12-09 18:00:00+00:00,1.32974,1.3302800000000001,1.32908,1.33005,2013,10,0
2025-12-09 19:00:00+00:00,1.33006,1.33042,1.32951,1.33012,1754,10,0
2025-12-09 20:00:00+00:00,1.33009,1.33066,1.32971,1.3299699999999999,1352,10,0
2025-12-09 21:00:00+00:00,1.32998,1.33043,1.3296999999999999,1.32971,1203,7,0
2025-12-09 22:00:00+00:00,1.3296999999999999,1.32995,1.3296000000000001,1.32984,671,11,0
2025-12-09 23:00:00+00:00,1.3299699999999999,1.33034,1.32978,1.3302399999999999,587,10,0
2025-12-10 00:00:00+00:00,1.3302399999999999,1.33045,1.32982,1.33033,1138,10,0
2025-12-10 01:00:00+00:00,1.33033,1.33035,1.32954,1.32982,1442,10,0
2025-12-10 02:00:00+00:00,1.32981,1.33049,1.32973,1.3299,1173,10,0
2025-12-10 03:00:00+00:00,1.32987,1.33043,1.32981,1.3302100000000001,1220,10,0
2025-12-10 04:00:00+00:00,1.3302100000000001,1.33076,1.3302,1.3305,980,10,0
2025-12-10 05:00:00+00:00,1.33047,1.33093,1.33034,1.33067,1232,10,0
2025-12-10 06:00:00+00:00,1.33066,1.33136,1.33051,1.3313,1265,10,0
2025-12-10 07:00:00+00:00,1.33134,1.33254,1.33124,1.33235,1811,10,0
2025-12-10 08:00:00+00:00,1.33235,1.33269,1.33161,1.33181,2742,10,0
2025-12-10 09:00:00+00:00,1.33181,1.33182,1.33068,1.33127,2563,10,0
2025-12-10 10:00:00+00:00,1.3312599999999999,1.33154,1.3305799999999999,1.33124,2236,10,0
2025-12-10 11:00:00+00:00,1.3312300000000001,1.33159,1.3301,1.33097,2268,10,0
2025-12-10 12:00:00+00:00,1.33099,1.33169,1.33066,1.3314,2118,10,0
2025-12-10 13:00:00+00:00,1.3314,1.33315,1.33042,1.33296,3196,10,0
2025-12-10 14:00:00+00:00,1.33295,1.33339,1.33223,1.33292,3836,10,0
2025-12-10 15:00:00+00:00,1.33292,1.3336299999999999,1.33144,1.33201,3606,10,0
2025-12-10 16:00:00+00:00,1.33199,1.33388,1.3315000000000001,1.33376,2753,10,0
2025-12-10 17:00:00+00:00,1.33375,1.33473,1.33314,1.33452,2172,10,0
2025-12-10 18:00:00+00:00,1.3345099999999999,1.33465,1.33294,1.33344,2008,10,0
2025-12-10 19:00:00+00:00,1.33343,1.33694,1.3326799999999999,1.33643,15166,10,0
2025-12-10 20:00:00+00:00,1.3364099999999999,1.33884,1.33591,1.33842,5944,10,0
2025-12-10 21:00:00+00:00,1.33842,1.33863,1.3379400000000001,1.338,2007,7,0
2025-12-10 22:00:00+00:00,1.338,1.33803,1.33775,1.33788,740,15,0
2025-12-10 23:00:00+00:00,1.33795,1.3391,1.33783,1.33879,1518,10,0
2025-12-11 00:00:00+00:00,1.33879,1.33915,1.33759,1.33773,1829,10,0
2025-12-11 01:00:00+00:00,1.33775,1.3387,1.33771,1.33818,2225,10,0
2025-12-11 02:00:00+00:00,1.33817,1.3387,1.33694,1.33703,1707,10,0
2025-12-11 03:00:00+00:00,1.3370199999999999,1.33734,1.33656,1.33667,1827,10,0
2025-12-11 04:00:00+00:00,1.3366799999999999,1.33694,1.33625,1.33687,1513,10,0
2025-12-11 05:00:00+00:00,1.33686,1.33704,1.3361,1.33613,1336,10,0
2025-12-11 06:00:00+00:00,1.33613,1.337,1.3359,1.33683,1583,10,0
2025-12-11 07:00:00+00:00,1.33688,1.33786,1.33653,1.33695,2913,10,0
2025-12-11 08:00:00+00:00,1.33693,1.33786,1.33651,1.33663,3143,10,0
2025-12-11 09:00:00+00:00,1.33663,1.33728,1.3354,1.3371,3201,10,0
2025-12-11 10:00:00+00:00,1.33712,1.3381,1.33673,1.33777,2586,10,0
2025-12-11 11:00:00+00:00,1.33777,1.33869,1.33748,1.3385,2215,10,0
2025-12-11 12:00:00+00:00,1.3385,1.33934,1.33784,1.33886,2649,10,0
2025-12-11 13:00:00+00:00,1.3388900000000001,1.34151,1.33839,1.3407,3762,10,0
2025-12-11 14:00:00+00:00,1.34073,1.34263,1.34062,1.34169,4075,10,0
2025-12-11 15:00:00+00:00,1.34169,1.34349,1.34111,1.34336,4098,10,0
2025-12-11 16:00:00+00:00,1.3433899999999999,1.3437700000000001,1.3415599999999999,1.34249,3376,10,0
2025-12-11 17:00:00+00:00,1.3424800000000001,1.34295,1.34161,1.34206,2786,10,0
2025-12-11 18:00:00+00:00,1.34203,1.34244,1.34119,1.34131,2150,10,0
2025-12-11 19:00:00+00:00,1.3413,1.34132,1.33893,1.33904,1944,10,0
2025-12-11 20:00:00+00:00,1.33903,1.33945,1.33819,1.33935,1992,10,0
2025-12-11 21:00:00+00:00,1.33934,1.33957,1.3385500000000001,1.3385799999999999,1125,7,0
2025-12-11 22:00:00+00:00,1.33857,1.33917,1.3381,1.33891,784,13,0
2025-12-11 23:00:00+00:00,1.33908,1.33936,1.33887,1.3393,673,10,0
2025-12-12 00:00:00+00:00,1.3393,1.3396,1.3391899999999999,1.33926,1692,10,0
2025-12-12 01:00:00+00:00,1.33929,1.33995,1.33894,1.33917,1738,10,0
2025-12-12 02:00:00+00:00,1.3391600000000001,1.33945,1.33896,1.33908,1134,10,0
2025-12-12 03:00:00+00:00,1.33907,1.33937,1.3388900000000001,1.33906,760,10,0
2025-12-12 04:00:00+00:00,1.33906,1.33937,1.3388,1.33884,806,10,0
2025-12-12 05:00:00+00:00,1.33884,1.33968,1.3388,1.33954,973,10,0
2025-12-12 06:00:00+00:00,1.33955,1.33987,1.33903,1.33951,1304,10,0
2025-12-12 07:00:00+00:00,1.33947,1.33947,1.33743,1.3384,2856,10,0
2025-12-12 08:00:00+00:00,1.33839,1.3388499999999999,1.33766,1.33781,3120,10,0
2025-12-12 09:00:00+00:00,1.33779,1.33854,1.33727,1.33826,2291,10,0
2025-12-12 10:00:00+00:00,1.33825,1.3383099999999999,1.33685,1.33757,2004,10,0
2025-12-12 11:00:00+00:00,1.33754,1.33778,1.33671,1.33747,1789,10,0
2025-12-12 12:00:00+00:00,1.33746,1.33769,1.3364099999999999,1.33728,2148,10,0
2025-12-12 13:00:00+00:00,1.33725,1.3383099999999999,1.33678,1.33693,2616,10,0
2025-12-12 14:00:00+00:00,1.33692,1.3378,1.33623,1.33721,3513,10,0
2025-12-12 15:00:00+00:00,1.3372,1.33781,1.33518,1.3354300000000001,4082,10,0
2025-12-12 16:00:00+00:00,1.3354599999999999,1.33595,1.33417,1.33483,3650,10,0
2025-12-12 17:00:00+00:00,1.3348200000000001,1.3373,1.33474,1.3372600000000001,2644,10,0
2025-12-12 18:00:00+00:00,1.3372600000000001,1.33765,1.33603,1.3360699999999999,2168,10,0
2025-12-12 19:00:00+00:00,1.33605,1.33663,1.33561,1.33652,1842,10,0
2025-12-12 20:00:00+00:00,1.33652,1.33743,1.33643,1.33661,2123,10,0
2025-12-12 21:00:00+00:00,1.3366,1.33723,1.33633,1.33718,1555,10,0
2025-12-14 22:00:00+00:00,1.33515,1.3370199999999999,1.33515,1.33674,976,66,0
2025-12-14 23:00:00+00:00,1.33701,1.33717,1.3363800000000001,1.3366799999999999,917,10,0
2025-12-15 00:00:00+00:00,1.33671,1.3367499999999999,1.3355299999999999,1.33652,1435,10,0
2025-12-15 01:00:00+00:00,1.33653,1.33737,1.33572,1.3372899999999999,1809,10,0
2025-12-15 02:00:00+00:00,1.33727,1.3374,1.3364,1.33678,1950,10,0
2025-12-15 03:00:00+00:00,1.33678,1.337,1.33548,1.33564,1610,10,0
2025-12-15 04:00:00+00:00,1.33564,1.33601,1.3354300000000001,1.33575,1182,10,0
2025-12-15 05:00:00+00:00,1.33575,1.33658,1.3355000000000001,1.33636,1349,10,0
2025-12-15 06:00:00+00:00,1.33636,1.33669,1.33571,1.33653,1621,10,0
2025-12-15 07:00:00+00:00,1.33653,1.33697,1.33578,1.33631,2107,10,0
2025-12-15 08:00:00+00:00,1.33631,1.33734,1.33608,1.33673,2581,10,0
2025-12-15 09:00:00+00:00,1.3367200000000001,1.3388,1.33666,1.33871,2309,10,0
2025-12-15 10:00:00+00:00,1.3387,1.33876,1.33744,1.3379699999999999,2081,10,0
2025-12-15 11:00:00+00:00,1.3379400000000001,1.33896,1.3378999999999999,1.33826,1617,10,0
2025-12-15 12:00:00+00:00,1.33826,1.3394,1.33826,1.33895,1832,10,0
2025-12-15 13:00:00+00:00,1.33893,1.3396,1.33849,1.33865,2301,10,0
2025-12-15 14:00:00+00:00,1.33865,1.3401399999999999,1.33819,1.33961,3284,10,0
2025-12-15 15:00:00+00:00,1.33962,1.33975,1.33804,1.33942,4816,10,0
2025-12-15 16:00:00+00:00,1.33942,1.33952,1.3373,1.33793,3498,10,0
2025-12-15 17:00:00+00:00,1.33792,1.33808,1.33652,1.33674,2315,10,0
2025-12-15 18:00:00+00:00,1.33674,1.33747,1.33591,1.33656,2357,10,0
2025-12-15 19:00:00+00:00,1.33658,1.3372899999999999,1.33615,1.33723,1553,10,0
2025-12-15 20:00:00+00:00,1.3372,1.33751,1.33694,1.33734,1594,10,0
2025-12-15 21:00:00+00:00,1.3373300000000001,1.3378,1.33712,1.33747,1340,4,0
2025-12-15 22:00:00+00:00,1.33748,1.33753,1.33658,1.3372,911,18,0
2025-12-15 23:00:00+00:00,1.33719,1.33806,1.33719,1.33786,791,10,0
2025-12-16 00:00:00+00:00,1.33786,1.3383,1.33673,1.33696,1495,10,0
2025-12-16 01:00:00+00:00,1.33697,1.3372600000000001,1.33612,1.33677,2418,10,0
2025-12-16 02:00:00+00:00,1.3367499999999999,1.3370600000000001,1.3365,1.33684,1839,10,0
2025-12-16 03:00:00+00:00,1.33684,1.33738,1.33623,1.33652,1844,10,0
2025-12-16 04:00:00+00:00,1.33652,1.33697,1.33642,1.33674,1214,10,0
2025-12-16 05:00:00+00:00,1.33673,1.33695,1.33603,1.33619,1539,10,0
2025-12-16 06:00:00+00:00,1.33616,1.33662,1.3354599999999999,1.3364500000000001,1655,10,0
2025-12-16 07:00:00+00:00,1.3365,1.33783,1.3362,1.3375,2666,10,0
2025-12-16 08:00:00+00:00,1.33752,1.3394300000000001,1.33745,1.33932,3566,10,0
2025-12-16 09:00:00+00:00,1.33928,1.3415,1.33917,1.34097,3514,10,0
2025-12-16 10:00:00+00:00,1.3409499999999999,1.34266,1.34059,1.34226,3166,10,0
2025-12-16 11:00:00+00:00,1.34225,1.34307,1.34114,1.34307,2405,10,0
2025-12-16 12:00:00+00:00,1.34308,1.34369,1.3425799999999999,1.34362,2578,10,0
2025-12-16 13:00:00+00:00,1.34365,1.34555,1.34101,1.34254,7790,10,0
2025-12-16 14:00:00+00:00,1.34252,1.34456,1.34157,1.34423,5909,10,0
2025-12-16 15:00:00+00:00,1.34425,1.3447200000000001,1.34035,1.3415300000000001,5394,10,0
2025-12-16 16:00:00+00:00,1.34151,1.34288,1.34112,1.34261,3794,10,0
2025-12-16 17:00:00+00:00,1.34263,1.3439999999999999,1.34198,1.34236,3291,10,0
2025-12-16 18:00:00+00:00,1.34235,1.34264,1.34085,1.34242,3050,10,0
2025-12-16 19:00:00+00:00,1.34238,1.34313,1.33996,1.34253,3735,10,0
2025-12-16 20:00:00+00:00,1.34252,1.34354,1.34218,1.34245,2961,10,0
2025-12-16 21:00:00+00:00,1.34247,1.34256,1.34169,1.34169,1198,10,0
2025-12-16 22:00:00+00:00,1.3417,1.34218,1.34166,1.342,712,13,0
2025-12-16 23:00:00+00:00,1.34199,1.34265,1.34199,1.34249,623,10,0
2025-12-17 00:00:00+00:00,1.34249,1.34265,1.34192,1.34205,1086,10,0
2025-12-17 01:00:00+00:00,1.34207,1.34256,1.34198,1.34243,1718,10,0
2025-12-17 02:00:00+00:00,1.34243,1.34245,1.34061,1.34085,1671,10,0
2025-12-17 03:00:00+00:00,1.34084,1.34122,1.34061,1.3409200000000001,1183,10,0
2025-12-17 04:00:00+00:00,1.3409200000000001,1.34093,1.33928,1.33944,1583,10,0
2025-12-17 05:00:00+00:00,1.33944,1.33954,1.3379400000000001,1.3383099999999999,2371,10,0
2025-12-17 06:00:00+00:00,1.3383,1.33895,1.33717,1.3376299999999999,2284,10,0
2025-12-17 07:00:00+00:00,1.33764,1.33773,1.3315000000000001,1.33219,5810,10,0
2025-12-17 08:00:00+00:00,1.33218,1.33316,1.33112,1.3326500000000001,3660,10,0
2025-12-17 09:00:00+00:00,1.33262,1.33348,1.33221,1.33254,3189,10,0
2025-12-17 10:00:00+00:00,1.33255,1.3335,1.33195,1.33346,2529,10,0
2025-12-17 11:00:00+00:00,1.33347,1.33371,1.3320699999999999,1.33271,2437,10,0
2025-12-17 12:00:00+00:00,1.33269,1.33459,1.33256,1.33439,2436,10,0
2025-12-17 13:00:00+00:00,1.33441,1.33585,1.33391,1.33558,3864,10,0
2025-12-17 14:00:00+00:00,1.33559,1.33659,1.3348,1.33622,3910,10,0
2025-12-17 15:00:00+00:00,1.33621,1.33999,1.3355299999999999,1.33986,5381,10,0
2025-12-17 16:00:00+00:00,1.33985,1.34062,1.33847,1.33893,4445,10,0
2025-12-17 17:00:00+00:00,1.33891,1.33951,1.33815,1.33866,2882,10,0
2025-12-17 18:00:00+00:00,1.33863,1.3394599999999999,1.33731,1.33757,2806,10,0
2025-12-17 19:00:00+00:00,1.33754,1.33805,1.33722,1.33764,2198,10,0
2025-12-17 20:00:00+00:00,1.3376299999999999,1.33836,1.33742,1.33779,1496,10,0
2025-12-17 21:00:00+00:00,1.33779,1.33799,1.33735,1.33741,1064,9,0
2025-12-17 22:00:00+00:00,1.3374,1.33759,1.33703,1.33747,773,18,0
2025-12-17 23:00:00+00:00,1.33769,1.33776,1.33725,1.3373300000000001,686,10,0
2025-12-18 00:00:00+00:00,1.3373300000000001,1.33765,1.3369,1.33755,1234,10,0
2025-12-18 01:00:00+00:00,1.33755,1.33786,1.33612,1.33639,2159,10,0
2025-12-18 02:00:00+00:00,1.3364099999999999,1.33704,1.33635,1.33685,1926,10,0
2025-12-18 03:00:00+00:00,1.33685,1.33707,1.3361100000000001,1.33643,1227,10,0
2025-12-18 04:00:00+00:00,1.33642,1.3369,1.33631,1.33679,966,10,0
2025-12-18 05:00:00+00:00,1.33684,1.33737,1.33663,1.33696,1379,10,0
2025-12-18 06:00:00+00:00,1.33695,1.33707,1.33618,1.33667,1664,10,0
2025-12-18 07:00:00+00:00,1.33667,1.3375,1.33632,1.33658,2741,10,0
2025-12-18 08:00:00+00:00,1.33657,1.3373,1.33544,1.3359,2880,10,0
2025-12-18 09:00:00+00:00,1.33589,1.33589,1.33405,1.33483,2895,10,0
2025-12-18 10:00:00+00:00,1.3348,1.33528,1.33432,1.33521,1958,10,0
2025-12-18 11:00:00+00:00,1.33524,1.33578,1.33486,1.33536,2231,10,0
2025-12-18 12:00:00+00:00,1.33526,1.33969,1.33481,1.33947,5523,10,0
2025-12-18 13:00:00+00:00,1.33947,1.34422,1.33907,1.34268,8229,10,0
2025-12-18 14:00:00+00:00,1.34272,1.3446,1.34091,1.34151,6728,10,0
2025-12-18 15:00:00+00:00,1.34151,1.3415300000000001,1.3385500000000001,1.33942,5649,10,0
2025-12-18 16:00:00+00:00,1.33945,1.3405,1.33809,1.3385799999999999,3961,10,0
2025-12-18 17:00:00+00:00,1.3386,1.33865,1.33697,1.33809,3408,10,0
2025-12-18 18:00:00+00:00,1.33811,1.33845,1.33745,1.33809,2445,10,0
2025-12-18 19:00:00+00:00,1.33807,1.33902,1.33795,1.33856,2412,10,0
2025-12-18 20:00:00+00:00,1.33854,1.33893,1.33769,1.33776,1935,10,0
2025-12-18 21:00:00+00:00,1.33774,1.3382399999999999,1.33772,1.33814,1196,7,0
2025-12-18 22:00:00+00:00,1.33813,1.33815,1.33761,1.33791,706,15,0
2025-12-18 23:00:00+00:00,1.33808,1.33866,1.33792,1.3383099999999999,1442,10,0
2025-12-19 00:00:00+00:00,1.3383099999999999,1.33856,1.33774,1.33846,1222,10,0
2025-12-19 01:00:00+00:00,1.3384800000000001,1.33865,1.33784,1.33819,1723,10,0
2025-12-19 02:00:00+00:00,1.33817,1.3385799999999999,1.33771,1.33789,1579,10,0
2025-12-19 03:00:00+00:00,1.3378999999999999,1.3382100000000001,1.33727,1.33774,1948,10,0
2025-12-19 04:00:00+00:00,1.33774,1.33803,1.33691,1.3372,1403,10,0
2025-12-19 05:00:00+00:00,1.3372,1.3376700000000001,1.3372,1.33754,1103,10,0
2025-12-19 06:00:00+00:00,1.33752,1.33852,1.33698,1.3382800000000001,2591,10,0
2025-12-19 07:00:00+00:00,1.3382800000000001,1.33854,1.33625,1.33647,2747,10,0
2025-12-19 08:00:00+00:00,1.3365,1.33805,1.33646,1.33737,2936,10,0
2025-12-19 09:00:00+00:00,1.33734,1.33876,1.33719,1.33814,2795,10,0
2025-12-19 10:00:00+00:00,1.33813,1.33864,1.3373599999999999,1.33806,2443,10,0
2025-12-19 11:00:00+00:00,1.33809,1.33817,1.33687,1.33723,2411,10,0
2025-12-19 12:00:00+00:00,1.33723,1.33784,1.33676,1.3373,2234,10,0
2025-12-19 13:00:00+00:00,1.3373,1.33738,1.33567,1.3372,3402,10,0
2025-12-19 14:00:00+00:00,1.33721,1.33865,1.33664,1.33704,4411,10,0
2025-12-19 15:00:00+00:00,1.33707,1.3372600000000001,1.33566,1.33613,4019,10,0
2025-12-19 16:00:00+00:00,1.3361,1.33774,1.33593,1.33771,3009,10,0
2025-12-19 17:00:00+00:00,1.33771,1.33807,1.33687,1.33769,2403,10,0
2025-12-19 18:00:00+00:00,1.33769,1.33898,1.33753,1.33856,2233,10,0
2025-12-19 19:00:00+00:00,1.33857,1.33915,1.33811,1.33901,1809,10,0
2025-12-19 20:00:00+00:00,1.33898,1.33937,1.33731,1.33738,1882,10,0
2025-12-19 21:00:00+00:00,1.3374,1.33799,1.33724,1.33748,1893,10,0
2025-12-21 22:00:00+00:00,1.33689,1.3378700000000001,1.33579,1.3376700000000001,624,60,0
2025-12-21 23:00:00+00:00,1.3378999999999999,1.33833,1.33737,1.33785,4201,10,0
2025-12-22 00:00:00+00:00,1.33789,1.33902,1.33782,1.3389199999999999,6357,10,0
2025-12-22 01:00:00+00:00,1.33888,1.33974,1.33887,1.33955,6998,10,0
2025-12-22 02:00:00+00:00,1.33955,1.33993,1.33911,1.33924,1126,10,0
2025-12-22 03:00:00+00:00,1.33924,1.33969,1.33913,1.33927,1406,10,0
2025-12-22 04:00:00+00:00,1.33927,1.3401399999999999,1.33915,1.33984,1193,10,0
2025-12-22 05:00:00+00:00,1.33983,1.3400699999999999,1.33952,1.33969,1132,10,0
2025-12-22 06:00:00+00:00,1.33968,1.33998,1.3391,1.33936,1532,10,0
2025-12-22 07:00:00+00:00,1.33934,1.3418700000000001,1.33934,1.3413300000000001,2668,10,0
2025-12-22 08:00:00+00:00,1.3413,1.34235,1.34088,1.34195,2999,10,0
2025-12-22 09:00:00+00:00,1.34191,1.34244,1.3409900000000001,1.34237,2347,10,0
2025-12-22 10:00:00+00:00,1.34237,1.34399,1.34237,1.3434599999999999,2796,10,0
2025-12-22 11:00:00+00:00,1.34348,1.34418,1.34315,1.34385,2304,10,0
2025-12-22 12:00:00+00:00,1.34385,1.34419,1.34256,1.34327,2671,10,0
2025-12-22 13:00:00+00:00,1.34331,1.34439,1.3431,1.34371,3018,10,0
2025-12-22 14:00:00+00:00,1.34372,1.34571,1.34311,1.34497,3109,10,0
2025-12-22 15:00:00+00:00,1.34498,1.3458700000000001,1.3443800000000001,1.3453300000000001,3289,10,0
2025-12-22 16:00:00+00:00,1.34531,1.34578,1.3446,1.34552,3076,10,0
2025-12-22 17:00:00+00:00,1.34551,1.34772,1.34549,1.34705,2858,10,0
2025-12-22 18:00:00+00:00,1.34703,1.34706,1.34561,1.3461699999999999,2025,10,0
2025-12-22 19:00:00+00:00,1.34616,1.34637,1.34535,1.34581,1743,10,0
2025-12-22 20:00:00+00:00,1.34583,1.34626,1.34541,1.34568,1584,10,0
2025-12-22 21:00:00+00:00,1.34567,1.3462100000000001,1.34559,1.3461699999999999,922,2,0
2025-12-22 22:00:00+00:00,1.34613,1.34615,1.34574,1.34602,888,13,0
2025-12-22 23:00:00+00:00,1.34623,1.34693,1.34619,1.34672,912,10,0
2025-12-23 00:00:00+00:00,1.34673,1.34758,1.34673,1.34714,1318,10,0
2025-12-23 01:00:00+00:00,1.3471600000000001,1.34833,1.34691,1.34765,1803,10,0
2025-12-23 02:00:00+00:00,1.34765,1.34857,1.34762,1.34822,1530,10,0
2025-12-23 03:00:00+00:00,1.34824,1.34894,1.34795,1.34884,1734,10,0
2025-12-23 04:00:00+00:00,1.34884,1.3492,1.34848,1.34875,1663,10,0
2025-12-23 05:00:00+00:00,1.34872,1.34933,1.34863,1.34884,1415,10,0
2025-12-23 06:00:00+00:00,1.34883,1.34896,1.34792,1.3480400000000001,1680,10,0
2025-12-23 07:00:00+00:00,1.34802,1.3502399999999999,1.3479999999999999,1.3501,2661,10,0
2025-12-23 08:00:00+00:00,1.35009,1.3511199999999999,1.34958,1.35094,3193,10,0
2025-12-23 09:00:00+00:00,1.35095,1.35182,1.3496299999999999,1.3505099999999999,3459,10,0
2025-12-23 10:00:00+00:00,1.35053,1.3517000000000001,1.35004,1.35148,2979,10,0
2025-12-23 11:00:00+00:00,1.35148,1.35184,1.35025,1.35031,2324,10,0
2025-12-23 12:00:00+00:00,1.3503,1.3510900000000001,1.35013,1.3501699999999999,2375,10,0
2025-12-23 13:00:00+00:00,1.35016,1.35125,1.34939,1.34941,4383,10,0
2025-12-23 14:00:00+00:00,1.34944,1.35002,1.34828,1.3484099999999999,4548,10,0
2025-12-23 15:00:00+00:00,1.3484,1.3496000000000001,1.34718,1.3483,4120,10,0
2025-12-23 16:00:00+00:00,1.34829,1.34873,1.34786,1.34845,2925,10,0
2025-12-23 17:00:00+00:00,1.34844,1.3487,1.34704,1.34729,2276,10,0
2025-12-23 18:00:00+00:00,1.34732,1.34891,1.34715,1.34891,1883,10,0
2025-12-23 19:00:00+00:00,1.34889,1.34971,1.34878,1.34962,1723,10,0
2025-12-23 20:00:00+00:00,1.34961,1.35001,1.34937,1.34986,1400,10,0
2025-12-23 21:00:00+00:00,1.34984,1.3523800000000001,1.3498299999999999,1.35153,1315,9,0
2025-12-23 22:00:00+00:00,1.35163,1.35171,1.35016,1.35135,853,15,0
2025-12-23 23:00:00+00:00,1.35151,1.35167,1.35092,1.35126,981,10,0
2025-12-24 00:00:00+00:00,1.35126,1.3517000000000001,1.35066,1.35145,1750,10,0
2025-12-24 01:00:00+00:00,1.35144,1.35314,1.35103,1.35289,2157,10,0
2025-12-24 02:00:00+00:00,1.35289,1.35336,1.3526099999999999,1.3526500000000001,1734,10,0
2025-12-24 03:00:00+00:00,1.35269,1.35269,1.3515,1.35159,1658,10,0
2025-12-24 04:00:00+00:00,1.35162,1.35162,1.35093,1.35132,1182,10,0
2025-12-24 05:00:00+00:00,1.3513,1.35219,1.35122,1.35185,1174,10,0
2025-12-24 06:00:00+00:00,1.35182,1.35239,1.35156,1.35202,1908,10,0
2025-12-24 07:00:00+00:00,1.35199,1.35228,1.35089,1.35102,2434,10,0
2025-12-24 08:00:00+00:00,1.351,1.35217,1.35022,1.35215,2973,10,0
2025-12-24 09:00:00+00:00,1.35214,1.35278,1.35198,1.35217,2014,10,0
2025-12-24 10:00:00+00:00,1.35215,1.35235,1.35121,1.35162,2025,10,0
2025-12-24 11:00:00+00:00,1.3516599999999999,1.35191,1.3510499999999999,1.3513899999999999,2113,10,0
2025-12-24 12:00:00+00:00,1.3514,1.35142,1.35008,1.35033,2222,10,0
2025-12-24 13:00:00+00:00,1.35035,1.3509,1.35013,1.35043,3019,10,0
2025-12-24 14:00:00+00:00,1.35043,1.3510499999999999,1.3496299999999999,1.34966,3174,10,0
2025-12-24 15:00:00+00:00,1.3496299999999999,1.35095,1.34915,1.35067,3332,10,0
2025-12-24 16:00:00+00:00,1.35067,1.3510499999999999,1.34981,1.35018,2567,10,0
2025-12-24 17:00:00+00:00,1.35015,1.35057,1.3492199999999999,1.34971,1890,10,0
2025-12-24 18:00:00+00:00,1.34967,1.35033,1.34933,1.34994,1543,17,0
2025-12-24 19:00:00+00:00,1.34994,1.34999,1.34957,1.34986,1540,50,0
2025-12-24 20:00:00+00:00,1.3498700000000001,1.35002,1.34957,1.34971,1719,67,0
2025-12-24 21:00:00+00:00,1.34974,1.35028,1.34948,1.3502100000000001,2174,67,0
2025-12-25 22:00:00+00:00,1.34942,1.3513,1.34942,1.35101,472,97,0
2025-12-25 23:00:00+00:00,1.3514599999999999,1.3514599999999999,1.35001,1.3507500000000001,2574,10,0
2025-12-26 00:00:00+00:00,1.3507500000000001,1.35185,1.35045,1.35096,1776,10,0
2025-12-26 01:00:00+00:00,1.35099,1.35223,1.3507799999999999,1.35124,2291,10,0
2025-12-26 02:00:00+00:00,1.35124,1.35186,1.35102,1.35164,1743,10,0
2025-12-26 03:00:00+00:00,1.35165,1.3517299999999999,1.35045,1.35054,1711,10,0
2025-12-26 04:00:00+00:00,1.35054,1.3508,1.34992,1.34998,1226,10,0
2025-12-26 05:00:00+00:00,1.34998,1.34998,1.34862,1.34939,1637,10,0
2025-12-26 06:00:00+00:00,1.3494,1.35,1.34869,1.34893,2501,10,0
2025-12-26 07:00:00+00:00,1.34893,1.34906,1.3479,1.34822,2539,10,0
2025-12-26 08:00:00+00:00,1.34825,1.3496000000000001,1.34766,1.34952,2581,10,0
2025-12-26 09:00:00+00:00,1.34952,1.34979,1.34826,1.34846,2145,10,0
2025-12-26 10:00:00+00:00,1.34846,1.34945,1.3483,1.34878,2290,10,0
2025-12-26 11:00:00+00:00,1.3488,1.34974,1.3488,1.34943,2133,10,0
2025-12-26 12:00:00+00:00,1.34941,1.34968,1.34879,1.34961,1944,10,0
2025-12-26 13:00:00+00:00,1.3496299999999999,1.35269,1.34942,1.35165,3238,10,0
2025-12-26 14:00:00+00:00,1.35168,1.3521,1.35063,1.35151,3286,10,0
2025-12-26 15:00:00+00:00,1.3515,1.35257,1.35031,1.35066,3051,10,0
2025-12-26 16:00:00+00:00,1.35064,1.35074,1.34821,1.34872,3327,10,0
2025-12-26 17:00:00+00:00,1.34874,1.34966,1.34812,1.34943,2871,10,0
2025-12-26 18:00:00+00:00,1.34946,1.34993,1.3492,1.34952,2059,10,0
2025-12-26 19:00:00+00:00,1.34949,1.34997,1.34893,1.34997,1696,10,0
2025-12-26 20:00:00+00:00,1.34999,1.3506,1.34985,1.3503,1897,10,0
2025-12-26 21:00:00+00:00,1.35031,1.35053,1.3492,1.34992,2144,10,0
2025-12-28 22:00:00+00:00,1.34904,1.3497,1.34775,1.34947,730,65,0
2025-12-28 23:00:00+00:00,1.34995,1.35008,1.34875,1.34964,1639,10,0
2025-12-29 00:00:00+00:00,1.34965,1.3507799999999999,1.3496299999999999,1.3507,2163,10,0
2025-12-29 01:00:00+00:00,1.3507,1.35115,1.35053,1.35086,2027,10,0
2025-12-29 02:00:00+00:00,1.35083,1.35096,1.35015,1.35062,1643,10,0
2025-12-29 03:00:00+00:00,1.35061,1.35093,1.35023,1.35064,1234,10,0
2025-12-29 04:00:00+00:00,1.35063,1.35067,1.34934,1.34935,1302,10,0
2025-12-29 05:00:00+00:00,1.34934,1.34945,1.3483100000000001,1.34903,1481,10,0
2025-12-29 06:00:00+00:00,1.34904,1.34974,1.3486500000000001,1.34964,2195,10,0
2025-12-29 07:00:00+00:00,1.34966,1.34976,1.34812,1.34849,3395,10,0
2025-12-29 08:00:00+00:00,1.34846,1.34976,1.34765,1.34852,3395,10,0
2025-12-29 09:00:00+00:00,1.34848,1.3507500000000001,1.34731,1.34898,4124,10,0
2025-12-29 10:00:00+00:00,1.34897,1.35083,1.34883,1.3497,3153,10,0
2025-12-29 11:00:00+00:00,1.34971,1.3511199999999999,1.34885,1.34889,3161,10,0
2025-12-29 12:00:00+00:00,1.34889,1.3489499999999999,1.34687,1.34823,3523,10,0
2025-12-29 13:00:00+00:00,1.34824,1.34965,1.34788,1.3492899999999999,3925,10,0
2025-12-29 14:00:00+00:00,1.34928,1.35069,1.34854,1.35001,4307,10,0
2025-12-29 15:00:00+00:00,1.35003,1.35125,1.34854,1.35,5791,10,0
2025-12-29 16:00:00+00:00,1.34997,1.35003,1.3485,1.34933,4315,10,0
2025-12-29 17:00:00+00:00,1.34934,1.34951,1.3481,1.34852,2947,10,0
2025-12-29 18:00:00+00:00,1.34852,1.34954,1.34839,1.34904,2345,10,0
2025-12-29 19:00:00+00:00,1.3490199999999999,1.3507799999999999,1.34886,1.35063,1901,10,0
2025-12-29 20:00:00+00:00,1.35061,1.35096,1.35012,1.35045,1881,10,0
2025-12-29 21:00:00+00:00,1.35046,1.35155,1.3503,1.35126,1227,10,0
2025-12-29 22:00:00+00:00,1.35123,1.35127,1.34977,1.34992,1110,18,0
2025-12-29 23:00:00+00:00,1.35028,1.35095,1.3502399999999999,1.35084,1085,10,0
2025-12-30 00:00:00+00:00,1.35084,1.35098,1.34995,1.3502399999999999,1112,10,0
2025-12-30 01:00:00+00:00,1.35023,1.35089,1.34973,1.35081,1650,10,0
2025-12-30 02:00:00+00:00,1.35084,1.35113,1.35004,1.3502399999999999,1393,10,0
2025-12-30 03:00:00+00:00,1.3502399999999999,1.35072,1.34993,1.3504800000000001,1001,10,0
2025-12-30 04:00:00+00:00,1.3504800000000001,1.35104,1.35036,1.351,913,10,0
2025-12-30 05:00:00+00:00,1.35099,1.35169,1.35099,1.3514300000000001,1550,10,0
2025-12-30 06:00:00+00:00,1.35144,1.35213,1.3511,1.35151,1835,10,0
2025-12-30 07:00:00+00:00,1.35148,1.35148,1.35003,1.3505099999999999,2229,10,0
2025-12-30 08:00:00+00:00,1.3505099999999999,1.35182,1.35042,1.3508200000000001,2900,10,0
2025-12-30 09:00:00+00:00,1.3508200000000001,1.35186,1.35068,1.3513899999999999,2587,10,0
2025-12-30 10:00:00+00:00,1.35138,1.35304,1.35138,1.35209,2265,10,0
2025-12-30 11:00:00+00:00,1.35211,1.35246,1.35027,1.35042,2017,10,0
2025-12-30 12:00:00+00:00,1.3504399999999999,1.35083,1.34928,1.3496299999999999,2414,10,0
2025-12-30 13:00:00+00:00,1.3496000000000001,1.34989,1.3486500000000001,1.34876,3423,10,0
2025-12-30 14:00:00+00:00,1.34876,1.34879,1.3470900000000001,1.34762,3689,10,0
2025-12-30 15:00:00+00:00,1.34761,1.34782,1.34494,1.34731,4088,10,0
2025-12-30 16:00:00+00:00,1.3473,1.3483100000000001,1.34626,1.34761,3533,10,0
2025-12-30 17:00:00+00:00,1.34761,1.34787,1.34647,1.34693,2344,10,0
2025-12-30 18:00:00+00:00,1.34693,1.34744,1.3464800000000001,1.34674,1770,10,0
2025-12-30 19:00:00+00:00,1.3467799999999999,1.34724,1.34618,1.3465099999999999,1902,10,0
2025-12-30 20:00:00+00:00,1.34654,1.3467799999999999,1.34606,1.34631,1488,10,0
2025-12-30 21:00:00+00:00,1.34635,1.34688,1.34635,1.34677,982,2,0
2025-12-30 22:00:00+00:00,1.3467799999999999,1.3467799999999999,1.34606,1.34631,769,20,0
2025-12-30 23:00:00+00:00,1.34633,1.34674,1.3462100000000001,1.3466,824,10,0
2025-12-31 00:00:00+00:00,1.34662,1.34671,1.34579,1.34632,808,10,0
2025-12-31 01:00:00+00:00,1.34634,1.34663,1.34596,1.34609,1815,10,0
2025-12-31 02:00:00+00:00,1.34606,1.34638,1.34586,1.34609,1743,10,0
2025-12-31 03:00:00+00:00,1.34609,1.34654,1.34596,1.34634,1120,10,0
2025-12-31 04:00:00+00:00,1.34635,1.34641,1.34567,1.3458,979,10,0
2025-12-31 05:00:00+00:00,1.34579,1.34631,1.34577,1.34602,1337,10,0
2025-12-31 06:00:00+00:00,1.34602,1.34607,1.3452600000000001,1.34574,1327,10,0
2025-12-31 07:00:00+00:00,1.34571,1.346,1.34508,1.34558,2158,10,0
2025-12-31 08:00:00+00:00,1.34561,1.3465,1.34262,1.34288,3377,10,0
2025-12-31 09:00:00+00:00,1.34292,1.34442,1.3425500000000001,1.34369,2885,10,0
2025-12-31 10:00:00+00:00,1.34371,1.34397,1.3432,1.34378,2467,10,0
2025-12-31 11:00:00+00:00,1.34376,1.34565,1.34367,1.34547,2618,10,0
2025-12-31 12:00:00+00:00,1.34549,1.3468499999999999,1.3446500000000001,1.34663,3403,10,0
2025-12-31 13:00:00+00:00,1.34663,1.34761,1.34479,1.3454,3892,10,0
2025-12-31 14:00:00+00:00,1.34542,1.34549,1.3432,1.34337,4109,10,0
2025-12-31 15:00:00+00:00,1.34333,1.34532,1.34012,1.3449900000000001,5998,10,0
2025-12-31 16:00:00+00:00,1.3450199999999999,1.346,1.3437299999999999,1.34455,4587,10,0
2025-12-31 17:00:00+00:00,1.34459,1.34555,1.3437999999999999,1.34514,3008,10,0
2025-12-31 18:00:00+00:00,1.34509,1.34571,1.34457,1.34531,2103,17,0
2025-12-31 19:00:00+00:00,1.34534,1.34602,1.34517,1.3458999999999999,1620,17,0
2025-12-31 20:00:00+00:00,1.3458999999999999,1.34808,1.34586,1.3479,1597,17,0
2025-12-31 21:00:00+00:00,1.34791,1.34828,1.34725,1.34734,1007,10,0
2026-01-01 22:00:00+00:00,1.34562,1.34654,1.34542,1.34622,899,56,0
2026-01-01 23:00:00+00:00,1.3462,1.3476,1.3462,1.34737,848,10,0
2026-01-02 00:00:00+00:00,1.34737,1.34826,1.34711,1.34812,1013,10,0
2026-01-02 01:00:00+00:00,1.34813,1.34873,1.3479999999999999,1.34869,1359,10,0
2026-01-02 02:00:00+00:00,1.34869,1.34907,1.3486,1.34879,1254,10,0
2026-01-02 03:00:00+00:00,1.34879,1.34898,1.34836,1.34863,970,10,0
2026-01-02 04:00:00+00:00,1.34863,1.34874,1.34774,1.34782,999,10,0
2026-01-02 05:00:00+00:00,1.34782,1.3480699999999999,1.34694,1.3470900000000001,969,10,0
2026-01-02 06:00:00+00:00,1.34707,1.34714,1.34629,1.34677,1317,10,0
2026-01-02 07:00:00+00:00,1.34674,1.34704,1.34572,1.34637,2369,10,0
2026-01-02 08:00:00+00:00,1.34634,1.34684,1.34488,1.34531,3800,10,0
2026-01-02 09:00:00+00:00,1.3452899999999999,1.34641,1.345,1.34547,3043,10,0
2026-01-02 10:00:00+00:00,1.34548,1.34583,1.34437,1.34494,2740,10,0
2026-01-02 11:00:00+00:00,1.34493,1.34524,1.3433899999999999,1.34402,2587,10,0
2026-01-02 12:00:00+00:00,1.34399,1.3449,1.34356,1.34452,2558,10,0
2026-01-02 13:00:00+00:00,1.34456,1.34591,1.34416,1.34569,3258,10,0
2026-01-02 14:00:00+00:00,1.34567,1.34677,1.3452600000000001,1.34641,3643,10,0
2026-01-02 15:00:00+00:00,1.34639,1.35016,1.34637,1.3496299999999999,4486,10,0
2026-01-02 16:00:00+00:00,1.3496299999999999,1.34982,1.34727,1.3477299999999999,3553,10,0
2026-01-02 17:00:00+00:00,1.34774,1.3477700000000001,1.34609,1.34623,2504,10,0
2026-01-02 18:00:00+00:00,1.34623,1.34635,1.34459,1.34512,2342,10,0
2026-01-02 19:00:00+00:00,1.34512,1.34573,1.3447,1.34545,2235,10,0
2026-01-02 20:00:00+00:00,1.34546,1.34571,1.34491,1.34564,2118,10,0
2026-01-02 21:00:00+00:00,1.34561,1.34664,1.34555,1.34593,1552,10,0
2026-01-04 22:00:00+00:00,1.34485,1.3454,1.3440699999999999,1.34501,681,47,0
2026-01-04 23:00:00+00:00,1.34522,1.34564,1.34354,1.34378,1813,10,0
2026-01-05 00:00:00+00:00,1.34375,1.34476,1.34368,1.34427,2487,10,0
2026-01-05 01:00:00+00:00,1.34427,1.34485,1.3437999999999999,1.34399,3201,10,0
2026-01-05 02:00:00+00:00,1.34398,1.34424,1.34252,1.34307,2524,10,0
2026-01-05 03:00:00+00:00,1.3430900000000001,1.34356,1.3413300000000001,1.34154,2251,10,0
2026-01-05 04:00:00+00:00,1.34151,1.34276,1.34137,1.34252,1859,10,0
2026-01-05 05:00:00+00:00,1.34252,1.3431600000000001,1.3422399999999999,1.34277,1604,10,0
2026-01-05 06:00:00+00:00,1.3428,1.34368,1.34203,1.34353,2112,10,0
2026-01-05 07:00:00+00:00,1.34352,1.34365,1.34199,1.34223,3048,10,0
2026-01-05 08:00:00+00:00,1.34226,1.34386,1.34169,1.34252,3900,10,0
2026-01-05 09:00:00+00:00,1.34253,1.3443100000000001,1.34215,1.34421,3028,10,0
2026-01-05 10:00:00+00:00,1.3442,1.34641,1.3439999999999999,1.34629,3525,10,0
2026-01-05 11:00:00+00:00,1.3462399999999999,1.34708,1.34574,1.34588,3011,10,0
2026-01-05 12:00:00+00:00,1.3458999999999999,1.34738,1.34525,1.3455300000000001,3060,10,0
2026-01-05 13:00:00+00:00,1.3455599999999999,1.3457,1.34246,1.34525,4233,10,0
2026-01-05 14:00:00+00:00,1.34527,1.34763,1.34501,1.34718,5144,10,0
2026-01-05 15:00:00+00:00,1.34724,1.35039,1.34724,1.3502,4975,10,0
2026-01-05 16:00:00+00:00,1.35022,1.35248,1.35022,1.35247,4016,10,0
2026-01-05 17:00:00+00:00,1.35245,1.35391,1.35237,1.3532,3414,10,0
2026-01-05 18:00:00+00:00,1.3532,1.35393,1.35283,1.35392,2168,10,0
2026-01-05 19:00:00+00:00,1.35394,1.35454,1.35349,1.35426,2315,10,0
2026-01-05 20:00:00+00:00,1.3542399999999999,1.35458,1.35412,1.35426,1490,10,0
2026-01-05 21:00:00+00:00,1.35423,1.3547799999999999,1.35393,1.35412,1147,4,0
2026-01-05 22:00:00+00:00,1.3541,1.35416,1.35382,1.3538700000000001,678,11,0
2026-01-05 23:00:00+00:00,1.35386,1.3541,1.35312,1.3532199999999999,792,10,0
2026-01-06 00:00:00+00:00,1.35321,1.3535599999999999,1.35273,1.35354,1445,10,0
2026-01-06 01:00:00+00:00,1.3535300000000001,1.35461,1.35312,1.35458,2425,10,0
2026-01-06 02:00:00+00:00,1.3546,1.3557299999999999,1.35411,1.3556300000000001,1977,10,0
2026-01-06 03:00:00+00:00,1.3556,1.35619,1.35503,1.35586,1572,10,0
2026-01-06 04:00:00+00:00,1.35585,1.35614,1.35535,1.35553,1288,10,0
2026-01-06 05:00:00+00:00,1.35554,1.35577,1.35455,1.35491,1487,10,0
2026-01-06 06:00:00+00:00,1.35494,1.35577,1.35481,1.35547,1965,10,0
2026-01-06 07:00:00+00:00,1.35549,1.35673,1.35462,1.3550499999999999,2760,10,0
2026-01-06 08:00:00+00:00,1.355,1.3566500000000001,1.35468,1.35534,4080,10,0
2026-01-06 09:00:00+00:00,1.3553600000000001,1.3554599999999999,1.3535300000000001,1.3535300000000001,3939,10,0
2026-01-06 10:00:00+00:00,1.35354,1.35397,1.3529499999999999,1.35327,2936,10,0
2026-01-06 11:00:00+00:00,1.35328,1.35347,1.35168,1.3520400000000001,2472,10,0
2026-01-06 12:00:00+00:00,1.3520400000000001,1.35289,1.3507799999999999,1.35114,2739,10,0
2026-01-06 13:00:00+00:00,1.35115,1.35237,1.35061,1.35235,3915,10,0
2026-01-06 14:00:00+00:00,1.35233,1.35342,1.35151,1.35248,4277,10,0
2026-01-06 15:00:00+00:00,1.35245,1.3527,1.34936,1.35071,5058,10,0
2026-01-06 16:00:00+00:00,1.35068,1.35093,1.34913,1.34946,3674,10,0
2026-01-06 17:00:00+00:00,1.34942,1.35108,1.34921,1.351,2696,10,0
2026-01-06 18:00:00+00:00,1.35099,1.35118,1.34975,1.34982,2259,10,0
2026-01-06 19:00:00+00:00,1.34981,1.35007,1.3492,1.35001,1929,10,0
2026-01-06 20:00:00+00:00,1.35,1.35058,1.34977,1.34978,1694,10,0
2026-01-06 21:00:00+00:00,1.3498,1.3502399999999999,1.34969,1.35005,973,4,0
2026-01-06 22:00:00+00:00,1.34998,1.35012,1.34905,1.34988,795,15,0
2026-01-06 23:00:00+00:00,1.3501,1.35032,1.34988,1.3498999999999999,506,10,0
2026-01-07 00:00:00+00:00,1.3498999999999999,1.3504800000000001,1.3497,1.3502399999999999,1742,10,0
2026-01-07 01:00:00+00:00,1.35026,1.35098,1.34999,1.35055,2062,10,0
2026-01-07 02:00:00+00:00,1.35053,1.35133,1.35049,1.35096,1733,10,0
2026-01-07 03:00:00+00:00,1.35095,1.35165,1.35092,1.3513899999999999,1466,10,0
2026-01-07 04:00:00+00:00,1.35137,1.35158,1.35038,1.35045,1872,10,0
2026-01-07 05:00:00+00:00,1.35045,1.35095,1.35023,1.3508,1518,10,0
2026-01-07 06:00:00+00:00,1.3508,1.35168,1.3504,1.3513,1933,10,0
2026-01-07 07:00:00+00:00,1.35133,1.35161,1.34911,1.34923,2760,10,0
2026-01-07 08:00:00+00:00,1.3492,1.34964,1.34845,1.3496000000000001,2963,10,0
2026-01-07 09:00:00+00:00,1.34962,1.34977,1.3486,1.34941,2549,10,0
2026-01-07 10:00:00+00:00,1.3494,1.35041,1.34928,1.34973,2548,10,0
2026-01-07 11:00:00+00:00,1.34973,1.35055,1.34941,1.34998,2151,10,0
2026-01-07 12:00:00+00:00,1.35,1.35025,1.34857,1.34914,2718,10,0
2026-01-07 13:00:00+00:00,1.34913,1.35,1.3480699999999999,1.34943,3860,10,0
2026-01-07 14:00:00+00:00,1.34944,1.3501400000000001,1.34832,1.3501400000000001,4089,10,0
2026-01-07 15:00:00+00:00,1.35007,1.3501,1.34722,1.3480699999999999,6008,10,0
2026-01-07 16:00:00+00:00,1.34806,1.34855,1.34677,1.34713,3385,10,0
2026-01-07 17:00:00+00:00,1.34714,1.34792,1.34687,1.3473,2328,10,0
2026-01-07 18:00:00+00:00,1.34729,1.34732,1.34676,1.34688,2038,10,0
2026-01-07 19:00:00+00:00,1.3469,1.34702,1.3461699999999999,1.3464,1987,10,0
2026-01-07 20:00:00+00:00,1.34639,1.34676,1.34607,1.3462100000000001,1728,10,0
2026-01-07 21:00:00+00:00,1.34619,1.34625,1.34558,1.34567,1009,10,0
2026-01-07 22:00:00+00:00,1.34569,1.3461,1.34536,1.34582,579,13,0
2026-01-07 23:00:00+00:00,1.34595,1.34595,1.34559,1.34581,538,10,0
2026-01-08 00:00:00+00:00,1.34581,1.34602,1.3455599999999999,1.34579,907,10,0
2026-01-08 01:00:00+00:00,1.3458,1.34605,1.34525,1.34555,1449,10,0
2026-01-08 02:00:00+00:00,1.34558,1.34592,1.34501,1.34561,1505,10,0
2026-01-08 03:00:00+00:00,1.34562,1.34649,1.34557,1.34628,1489,10,0
2026-01-08 04:00:00+00:00,1.34628,1.34632,1.3458,1.346,1103,10,0
2026-01-08 05:00:00+00:00,1.346,1.34606,1.34517,1.34579,1469,10,0
2026-01-08 06:00:00+00:00,1.34578,1.34615,1.34517,1.3459699999999999,1995,10,0
2026-01-08 07:00:00+00:00,1.34592,1.34606,1.34446,1.34451,2516,10,0
2026-01-08 08:00:00+00:00,1.34454,1.3446500000000001,1.34348,1.3437999999999999,3185,10,0
2026-01-08 09:00:00+00:00,1.34383,1.34458,1.34317,1.34376,2375,10,0
2026-01-08 10:00:00+00:00,1.3437999999999999,1.34474,1.3435000000000001,1.3446500000000001,2541,10,0
2026-01-08 11:00:00+00:00,1.34464,1.34503,1.34433,1.3443800000000001,2080,10,0
2026-01-08 12:00:00+00:00,1.34435,1.34469,1.34368,1.3437999999999999,2218,10,0
2026-01-08 13:00:00+00:00,1.34384,1.34473,1.34154,1.34229,3355,10,0
2026-01-08 14:00:00+00:00,1.34228,1.34354,1.34168,1.3434599999999999,4030,10,0
2026-01-08 15:00:00+00:00,1.34344,1.3446500000000001,1.34256,1.34406,3996,10,0
2026-01-08 16:00:00+00:00,1.34405,1.34442,1.34276,1.34293,3230,10,0
2026-01-08 17:00:00+00:00,1.3429,1.34369,1.34253,1.34357,2484,10,0
2026-01-08 18:00:00+00:00,1.34357,1.34376,1.34215,1.34225,2029,10,0
2026-01-08 19:00:00+00:00,1.34225,1.34308,1.34192,1.34305,1702,10,0
2026-01-08 20:00:00+00:00,1.34305,1.3437700000000001,1.34292,1.34357,1660,10,0
2026-01-08 21:00:00+00:00,1.34357,1.34449,1.34345,1.34394,1563,4,0
2026-01-08 22:00:00+00:00,1.34393,1.34393,1.34299,1.34337,556,18,0
2026-01-08 23:00:00+00:00,1.34329,1.34402,1.34329,1.34358,704,10,0
2026-01-09 00:00:00+00:00,1.34357,1.34366,1.34311,1.3431600000000001,1272,10,0
2026-01-09 01:00:00+00:00,1.3431600000000001,1.34358,1.34264,1.34276,1975,10,0
2026-01-09 02:00:00+00:00,1.34279,1.34334,1.34241,1.3432,1837,10,0
2026-01-09 03:00:00+00:00,1.3432,1.34374,1.34305,1.34363,1502,10,0
2026-01-09 04:00:00+00:00,1.34362,1.34376,1.34307,1.34354,1217,10,0
2026-01-09 05:00:00+00:00,1.34354,1.34378,1.34271,1.34298,1395,10,0
2026-01-09 06:00:00+00:00,1.34298,1.34322,1.34242,1.34275,1698,10,0
2026-01-09 07:00:00+00:00,1.3427799999999999,1.34289,1.34142,1.34284,2554,10,0
2026-01-09 08:00:00+00:00,1.34287,1.3433899999999999,1.34113,1.34149,3483,10,0
2026-01-09 09:00:00+00:00,1.34151,1.34205,1.34045,1.34098,2431,10,0
2026-01-09 10:00:00+00:00,1.34097,1.34122,1.34035,1.34083,2157,10,0
2026-01-09 11:00:00+00:00,1.34085,1.34139,1.3404099999999999,1.34125,2234,10,0
2026-01-09 12:00:00+00:00,1.34125,1.3418999999999999,1.34091,1.3418700000000001,2672,10,0
2026-01-09 13:00:00+00:00,1.34191,1.34507,1.33869,1.34349,8302,10,0
2026-01-09 14:00:00+00:00,1.3435000000000001,1.3443100000000001,1.34057,1.3412600000000001,7605,10,0
2026-01-09 15:00:00+00:00,1.34118,1.3418700000000001,1.3391899999999999,1.34174,6330,10,0
2026-01-09 16:00:00+00:00,1.34173,1.3422399999999999,1.34042,1.3410199999999999,3864,10,0
2026-01-09 17:00:00+00:00,1.34103,1.34111,1.33974,1.34024,2807,10,0
2026-01-09 18:00:00+00:00,1.34024,1.34142,1.33992,1.34054,2442,10,0
2026-01-09 19:00:00+00:00,1.34055,1.34111,1.34029,1.34062,1866,10,0
2026-01-09 20:00:00+00:00,1.34062,1.34096,1.34043,1.3406,1511,10,0
2026-01-09 21:00:00+00:00,1.3406,1.34086,1.33966,1.34021,1514,10,0
2026-01-11 22:00:00+00:00,1.3391,1.34001,1.33881,1.33887,609,47,0
2026-01-11 23:00:00+00:00,1.33947,1.33994,1.33918,1.33935,914,10,0
2026-01-12 00:00:00+00:00,1.33935,1.3435000000000001,1.33903,1.34341,3176,10,0
2026-01-12 01:00:00+00:00,1.34341,1.34405,1.34261,1.3427,3100,10,0
2026-01-12 02:00:00+00:00,1.34273,1.34335,1.34211,1.34228,2195,10,0
2026-01-12 03:00:00+00:00,1.34227,1.3428,1.34196,1.34196,1542,10,0
2026-01-12 04:00:00+00:00,1.34199,1.34237,1.34159,1.3422,1090,10,0
2026-01-12 05:00:00+00:00,1.3422399999999999,1.34358,1.34209,1.3433,1598,10,0
2026-01-12 06:00:00+00:00,1.3433,1.34408,1.34288,1.34381,1835,10,0
2026-01-12 07:00:00+00:00,1.34381,1.3446500000000001,1.34334,1.34436,3060,10,0
2026-01-12 08:00:00+00:00,1.34433,1.3461,1.3442,1.34567,3713,10,0
2026-01-12 09:00:00+00:00,1.34567,1.34689,1.34497,1.34532,3056,10,0
2026-01-12 10:00:00+00:00,1.34535,1.34707,1.34475,1.34707,2687,10,0
2026-01-12 11:00:00+00:00,1.34703,1.34745,1.34542,1.3459400000000001,2413,10,0
2026-01-12 12:00:00+00:00,1.34591,1.34733,1.3457,1.34649,3123,10,0
2026-01-12 13:00:00+00:00,1.34652,1.34853,1.34608,1.34812,3587,10,0
2026-01-12 14:00:00+00:00,1.3481,1.34828,1.34628,1.34727,4378,10,0
2026-01-12 15:00:00+00:00,1.3473,1.3479999999999999,1.3467500000000001,1.34749,3559,10,0
2026-01-12 16:00:00+00:00,1.34751,1.3477000000000001,1.34631,1.34639,2848,10,0
2026-01-12 17:00:00+00:00,1.34636,1.34715,1.34548,1.34636,2954,10,0
2026-01-12 18:00:00+00:00,1.34636,1.34636,1.34569,1.3458999999999999,1675,10,0
2026-01-12 19:00:00+00:00,1.3458999999999999,1.34664,1.34568,1.3465500000000001,1363,10,0
2026-01-12 20:00:00+00:00,1.34656,1.34686,1.3461400000000001,1.34632,1326,10,0
2026-01-12 21:00:00+00:00,1.34629,1.347,1.34611,1.34644,1051,7,0
2026-01-12 22:00:00+00:00,1.34646,1.34657,1.34602,1.34602,687,18,0
2026-01-12 23:00:00+00:00,1.34625,1.34687,1.3462,1.34656,1046,10,0
2026-01-13 00:00:00+00:00,1.34656,1.34765,1.3462,1.34754,1383,10,0
2026-01-13 01:00:00+00:00,1.34755,1.34768,1.34662,1.34699,2039,10,0
2026-01-13 02:00:00+00:00,1.34695,1.34761,1.34692,1.34723,1695,10,0
2026-01-13 03:00:00+00:00,1.34723,1.34785,1.34689,1.34701,1463,10,0
2026-01-13 04:00:00+00:00,1.347,1.34768,1.34695,1.34734,1405,10,0
2026-01-13 05:00:00+00:00,1.34734,1.34765,1.34701,1.34717,1502,10,0
2026-01-13 06:00:00+00:00,1.3471600000000001,1.34724,1.34622,1.34723,2148,10,0
2026-01-13 07:00:00+00:00,1.34724,1.34733,1.34618,1.34665,2122,10,0
2026-01-13 08:00:00+00:00,1.34662,1.34776,1.34626,1.34763,2803,10,0
2026-01-13 09:00:00+00:00,1.34761,1.34853,1.34731,1.34801,2487,10,0
2026-01-13 10:00:00+00:00,1.34801,1.34829,1.3469,1.34711,2214,10,0
2026-01-13 11:00:00+00:00,1.34711,1.3473600000000001,1.34671,1.34721,1565,10,0
2026-01-13 12:00:00+00:00,1.3472,1.3473,1.3458,1.34605,2089,10,0
2026-01-13 13:00:00+00:00,1.34606,1.34942,1.34536,1.34748,6802,10,0
2026-01-13 14:00:00+00:00,1.34745,1.34771,1.3451,1.34582,5086,10,0
2026-01-13 15:00:00+00:00,1.34581,1.34596,1.34345,1.34416,4738,10,0
2026-01-13 16:00:00+00:00,1.34413,1.34446,1.34246,1.34336,3638,10,0
2026-01-13 17:00:00+00:00,1.3434,1.34374,1.34268,1.34329,2629,10,0
2026-01-13 18:00:00+00:00,1.3433,1.34405,1.34234,1.34391,2237,10,0
2026-01-13 19:00:00+00:00,1.34391,1.34395,1.3427,1.34345,2036,10,0
2026-01-13 20:00:00+00:00,1.34345,1.34359,1.34286,1.34299,1754,10,0
2026-01-13 21:00:00+00:00,1.343,1.34313,1.34202,1.3421699999999999,1048,2,0
2026-01-13 22:00:00+00:00,1.34218,1.34229,1.34162,1.34204,650,15,0
2026-01-13 23:00:00+00:00,1.34223,1.3427799999999999,1.3421699999999999,1.3425099999999999,664,10,0
2026-01-14 00:00:00+00:00,1.3425,1.34269,1.34201,1.34265,1144,10,0
2026-01-14 01:00:00+00:00,1.34263,1.34267,1.34191,1.34223,1589,10,0
2026-01-14 02:00:00+00:00,1.34222,1.34367,1.34207,1.34352,1622,10,0
2026-01-14 03:00:00+00:00,1.34352,1.34479,1.34352,1.34443,1381,10,0
2026-01-14 04:00:00+00:00,1.34442,1.34458,1.34384,1.34395,971,10,0
2026-01-14 05:00:00+00:00,1.34395,1.34417,1.3435000000000001,1.34351,1171,10,0
2026-01-14 06:00:00+00:00,1.34351,1.34478,1.3434,1.34467,1557,10,0
2026-01-14 07:00:00+00:00,1.3446799999999999,1.34494,1.34368,1.34393,1953,10,0
2026-01-14 08:00:00+00:00,1.34391,1.34496,1.34365,1.3449200000000001,3422,10,0
2026-01-14 09:00:00+00:00,1.3449200000000001,1.34585,1.34461,1.34561,2724,10,0
2026-01-14 10:00:00+00:00,1.3456000000000001,1.34583,1.3450199999999999,1.34534,2630,10,0
2026-01-14 11:00:00+00:00,1.34532,1.3453300000000001,1.34445,1.34489,2212,10,0
2026-01-14 12:00:00+00:00,1.34491,1.3458,1.34417,1.34516,2718,10,0
2026-01-14 13:00:00+00:00,1.34516,1.34525,1.3437999999999999,1.34442,3261,10,0
2026-01-14 14:00:00+00:00,1.3444099999999999,1.34637,1.3443,1.34559,4438,10,0
2026-01-14 15:00:00+00:00,1.3455599999999999,1.34612,1.3443399999999999,1.3455599999999999,7429,10,0
2026-01-14 16:00:00+00:00,1.34555,1.34583,1.34399,1.3443399999999999,3210,10,0
2026-01-14 17:00:00+00:00,1.34432,1.34447,1.34298,1.34313,2629,10,0
2026-01-14 18:00:00+00:00,1.3431199999999999,1.34325,1.34264,1.34268,1794,10,0
2026-01-14 19:00:00+00:00,1.34266,1.34327,1.34242,1.34306,1741,10,0
2026-01-14 20:00:00+00:00,1.34307,1.34405,1.34294,1.34323,2317,10,0
2026-01-14 21:00:00+00:00,1.34324,1.3446799999999999,1.34318,1.34416,1581,10,0
2026-01-14 22:00:00+00:00,1.34418,1.3442,1.34345,1.34345,1174,42,0
2026-01-14 23:00:00+00:00,1.34391,1.34436,1.3437999999999999,1.34396,974,10,0
2026-01-15 00:00:00+00:00,1.34396,1.34396,1.34302,1.3437000000000001,1349,10,0
2026-01-15 01:00:00+00:00,1.34368,1.34383,1.34271,1.34349,2489,10,0
2026-01-15 02:00:00+00:00,1.34348,1.34348,1.34291,1.34326,1868,10,0
2026-01-15 03:00:00+00:00,1.34329,1.34334,1.34252,1.3427,1469,10,0
2026-01-15 04:00:00+00:00,1.34273,1.34284,1.34232,1.34237,1079,10,0
2026-01-15 05:00:00+00:00,1.34234,1.3431600000000001,1.34226,1.34267,1475,10,0
2026-01-15 06:00:00+00:00,1.34267,1.34327,1.34231,1.34274,1927,10,0
2026-01-15 07:00:00+00:00,1.34276,1.34429,1.34232,1.34341,3110,10,0
2026-01-15 08:00:00+00:00,1.3433899999999999,1.34436,1.34263,1.34381,2905,10,0
2026-01-15 09:00:00+00:00,1.34383,1.3445,1.34349,1.34367,2802,10,0
2026-01-15 10:00:00+00:00,1.34369,1.34385,1.34155,1.3419699999999999,2451,10,0
2026-01-15 11:00:00+00:00,1.34201,1.34274,1.34167,1.34182,2159,10,0
2026-01-15 12:00:00+00:00,1.34179,1.34204,1.3401100000000001,1.34035,2168,10,0
2026-01-15 13:00:00+00:00,1.34032,1.34035,1.33683,1.33723,4094,10,0
2026-01-15 14:00:00+00:00,1.3372600000000001,1.33867,1.33624,1.33708,4351,10,0
2026-01-15 15:00:00+00:00,1.33707,1.3388,1.33686,1.33856,4015,10,0
2026-01-15 16:00:00+00:00,1.3385500000000001,1.33936,1.3379400000000001,1.33844,3062,10,0
2026-01-15 17:00:00+00:00,1.33844,1.33935,1.33802,1.33873,2477,10,0
2026-01-15 18:00:00+00:00,1.33873,1.33936,1.3387,1.3391199999999999,2017,10,0
2026-01-15 19:00:00+00:00,1.33911,1.33915,1.33832,1.33853,2220,10,0
2026-01-15 20:00:00+00:00,1.33856,1.3385799999999999,1.33739,1.33753,1842,10,0
2026-01-15 21:00:00+00:00,1.33751,1.33841,1.33747,1.33809,1159,4,0
2026-01-15 22:00:00+00:00,1.33811,1.33811,1.3376299999999999,1.33789,560,15,0
2026-01-15 23:00:00+00:00,1.33799,1.3382399999999999,1.33777,1.33807,1547,10,0
2026-01-16 00:00:00+00:00,1.33806,1.33822,1.3370199999999999,1.33762,1287,10,0
2026-01-16 01:00:00+00:00,1.33761,1.33837,1.33746,1.33793,1752,10,0
2026-01-16 02:00:00+00:00,1.3378999999999999,1.3388,1.33781,1.33838,1954,10,0
2026-01-16 03:00:00+00:00,1.33837,1.33904,1.33822,1.33903,1251,10,0
2026-01-16 04:00:00+00:00,1.33901,1.33908,1.33876,1.3388499999999999,833,10,0
2026-01-16 05:00:00+00:00,1.3388499999999999,1.33893,1.3381,1.33826,1054,10,0
2026-01-16 06:00:00+00:00,1.33825,1.33836,1.33764,1.33802,1268,10,0
2026-01-16 07:00:00+00:00,1.33799,1.33917,1.3377,1.33902,2296,10,0
2026-01-16 08:00:00+00:00,1.33903,1.33978,1.3389,1.33927,2282,10,0
2026-01-16 09:00:00+00:00,1.33927,1.34048,1.33902,1.33965,2051,10,0
2026-01-16 10:00:00+00:00,1.33965,1.3412600000000001,1.33965,1.34052,2224,10,0
2026-01-16 11:00:00+00:00,1.34054,1.34117,1.3404099999999999,1.34071,1934,10,0
2026-01-16 12:00:00+00:00,1.3406799999999999,1.34097,1.33923,1.33996,2800,10,0
2026-01-16 13:00:00+00:00,1.33998,1.34076,1.3388,1.3403,3296,10,0
2026-01-16 14:00:00+00:00,1.3403,1.34047,1.3394599999999999,1.3397700000000001,3199,10,0
2026-01-16 15:00:00+00:00,1.33974,1.34037,1.33657,1.33777,7014,10,0
2026-01-16 16:00:00+00:00,1.33779,1.33898,1.33771,1.33815,3853,10,0
2026-01-16 17:00:00+00:00,1.33816,1.33863,1.33759,1.33781,2512,10,0
2026-01-16 18:00:00+00:00,1.33782,1.33869,1.33732,1.33792,2027,10,0
2026-01-16 19:00:00+00:00,1.33791,1.33845,1.33754,1.33816,1879,10,0
2026-01-16 20:00:00+00:00,1.33816,1.3385799999999999,1.33784,1.33805,1527,10,0
2026-01-16 21:00:00+00:00,1.33802,1.33825,1.33742,1.33782,1911,10,0
2026-01-18 22:00:00+00:00,1.33418,1.33539,1.33321,1.33529,689,52,0
2026-01-18 23:00:00+00:00,1.33563,1.34062,1.33518,1.34016,3433,10,0
2026-01-19 00:00:00+00:00,1.34015,1.34086,1.3382100000000001,1.3400400000000001,4088,10,0
2026-01-19 01:00:00+00:00,1.34002,1.34026,1.33905,1.33915,3232,10,0
2026-01-19 02:00:00+00:00,1.33914,1.3393,1.3381,1.33862,2620,10,0
2026-01-19 03:00:00+00:00,1.3386,1.33914,1.3385,1.33878,2148,10,0
2026-01-19 04:00:00+00:00,1.33879,1.33961,1.33879,1.33944,1794,10,0
2026-01-19 05:00:00+00:00,1.33944,1.34054,1.33926,1.33948,2085,10,0
2026-01-19 06:00:00+00:00,1.33947,1.34008,1.33938,1.33983,1743,10,0
2026-01-19 07:00:00+00:00,1.33981,1.3409900000000001,1.33839,1.3388200000000001,3429,10,0
2026-01-19 08:00:00+00:00,1.3388499999999999,1.3409200000000001,1.33865,1.34086,3046,10,0
2026-01-19 09:00:00+00:00,1.34087,1.34152,1.33901,1.34051,3249,10,0
2026-01-19 10:00:00+00:00,1.34055,1.34128,1.34046,1.34096,2237,10,0
2026-01-19 11:00:00+00:00,1.34094,1.34103,1.3401399999999999,1.3408,2005,10,0
2026-01-19 12:00:00+00:00,1.34082,1.34144,1.3404099999999999,1.34052,2166,10,0
2026-01-19 13:00:00+00:00,1.34052,1.34164,1.34051,1.34134,2226,10,0
2026-01-19 14:00:00+00:00,1.34132,1.3424,1.3409900000000001,1.34199,2204,10,0
2026-01-19 15:00:00+00:00,1.34196,1.34283,1.3418,1.34213,2683,10,0
2026-01-19 16:00:00+00:00,1.34214,1.34349,1.342,1.34277,1933,10,0
2026-01-19 17:00:00+00:00,1.34277,1.34334,1.3425799999999999,1.3431,1253,10,0
2026-01-19 18:00:00+00:00,1.3430900000000001,1.34335,1.34259,1.34259,844,10,0
2026-01-19 19:00:00+00:00,1.34259,1.34293,1.34249,1.34253,493,10,0
2026-01-19 20:00:00+00:00,1.34253,1.34283,1.34242,1.34277,432,10,0
2026-01-19 21:00:00+00:00,1.34277,1.34284,1.3422,1.34249,554,2,0
2026-01-19 22:00:00+00:00,1.34246,1.34261,1.34228,1.34244,514,13,0
2026-01-19 23:00:00+00:00,1.34262,1.3427799999999999,1.34162,1.3418700000000001,711,10,0
2026-01-20 00:00:00+00:00,1.34191,1.34199,1.3409499999999999,1.34178,1390,10,0
2026-01-20 01:00:00+00:00,1.34177,1.34235,1.34155,1.34231,2035,10,0
2026-01-20 02:00:00+00:00,1.34231,1.34279,1.34193,1.34235,1253,10,0
2026-01-20 03:00:00+00:00,1.34233,1.34395,1.34226,1.34345,1526,10,0
2026-01-20 04:00:00+00:00,1.34347,1.34429,1.34345,1.3440400000000001,1484,10,0
2026-01-20 05:00:00+00:00,1.3440400000000001,1.34494,1.3439999999999999,1.34412,1672,10,0
2026-01-20 06:00:00+00:00,1.34413,1.34435,1.34311,1.34348,2119,10,0
2026-01-20 07:00:00+00:00,1.34345,1.34821,1.34254,1.34745,4879,10,0
2026-01-20 08:00:00+00:00,1.34747,1.34911,1.3474,1.3477999999999999,6057,10,0
2026-01-20 09:00:00+00:00,1.3477999999999999,1.34887,1.34697,1.34745,4829,10,0
2026-01-20 10:00:00+00:00,1.34745,1.34849,1.3464,1.34794,4132,10,0
2026-01-20 11:00:00+00:00,1.3479700000000001,1.34825,1.3458700000000001,1.34628,3635,10,0
2026-01-20 12:00:00+00:00,1.34629,1.34661,1.3439,1.34453,3924,10,0
2026-01-20 13:00:00+00:00,1.34456,1.34791,1.34406,1.34519,7895,10,0
2026-01-20 14:00:00+00:00,1.34519,1.34625,1.34398,1.34579,6355,10,0
2026-01-20 15:00:00+00:00,1.34574,1.34767,1.34518,1.34565,5218,10,0
2026-01-20 16:00:00+00:00,1.34564,1.347,1.34527,1.3468499999999999,4123,10,0
2026-01-20 17:00:00+00:00,1.3468499999999999,1.34753,1.3455599999999999,1.34561,3602,10,0
2026-01-20 18:00:00+00:00,1.34558,1.34574,1.34418,1.34429,2255,10,0
2026-01-20 19:00:00+00:00,1.3443,1.34451,1.34264,1.34273,2560,10,0
2026-01-20 20:00:00+00:00,1.34271,1.34353,1.34249,1.34333,2601,10,0
2026-01-20 21:00:00+00:00,1.3433,1.3443399999999999,1.3431600000000001,1.3441100000000001,2222,4,0
2026-01-20 22:00:00+00:00,1.34415,1.34415,1.34331,1.3439,1027,22,0
2026-01-20 23:00:00+00:00,1.34403,1.3443399999999999,1.34384,1.34398,920,10,0
2026-01-21 00:00:00+00:00,1.34398,1.34422,1.34326,1.34419,1400,10,0
2026-01-21 01:00:00+00:00,1.34418,1.3456299999999999,1.34393,1.34522,2495,10,0
2026-01-21 02:00:00+00:00,1.34523,1.34544,1.3443100000000001,1.3443399999999999,1705,10,0
2026-01-21 03:00:00+00:00,1.3443399999999999,1.3446,1.34327,1.34398,2129,10,0
2026-01-21 04:00:00+00:00,1.34398,1.34398,1.34324,1.3437299999999999,1481,10,0
2026-01-21 05:00:00+00:00,1.3437299999999999,1.34401,1.34347,1.34369,1500,10,0
2026-01-21 06:00:00+00:00,1.34369,1.34423,1.34349,1.34363,1657,10,0
2026-01-21 07:00:00+00:00,1.34361,1.34487,1.34287,1.34426,3483,10,0
2026-01-21 08:00:00+00:00,1.34422,1.34474,1.34325,1.34383,3284,10,0
2026-01-21 09:00:00+00:00,1.34381,1.34384,1.3408,1.341,2894,10,0
2026-01-21 10:00:00+00:00,1.34098,1.34146,1.34028,1.34071,2879,10,0
2026-01-21 11:00:00+00:00,1.3406799999999999,1.34213,1.34008,1.3409200000000001,3091,10,0
2026-01-21 12:00:00+00:00,1.34096,1.34261,1.34009,1.34247,3654,10,0
2026-01-21 13:00:00+00:00,1.34249,1.34439,1.34117,1.34413,3690,10,0
2026-01-21 14:00:00+00:00,1.34416,1.34559,1.3422100000000001,1.34505,7586,10,0
2026-01-21 15:00:00+00:00,1.34503,1.34589,1.34242,1.3427,4987,10,0
2026-01-21 16:00:00+00:00,1.3427,1.34402,1.34233,1.34274,4981,10,0
2026-01-21 17:00:00+00:00,1.3427799999999999,1.3437700000000001,1.34159,1.34271,3927,10,0
2026-01-21 18:00:00+00:00,1.34272,1.34275,1.34181,1.3421,2654,10,0
2026-01-21 19:00:00+00:00,1.34212,1.34303,1.34091,1.34246,5034,10,0
2026-01-21 20:00:00+00:00,1.34249,1.34259,1.3412,1.34244,2788,10,0
2026-01-21 21:00:00+00:00,1.34246,1.34326,1.34226,1.3428200000000001,1574,2,0
2026-01-21 22:00:00+00:00,1.34281,1.34287,1.34195,1.34265,797,46,0
2026-01-21 23:00:00+00:00,1.34279,1.34301,1.34173,1.34177,1000,10,0
2026-01-22 00:00:00+00:00,1.34176,1.34308,1.34164,1.34288,1859,10,0
2026-01-22 01:00:00+00:00,1.34286,1.3431600000000001,1.34241,1.343,2088,10,0
2026-01-22 02:00:00+00:00,1.343,1.34349,1.3422100000000001,1.3425099999999999,1724,10,0
2026-01-22 03:00:00+00:00,1.3425,1.34334,1.3425,1.34318,1322,10,0
2026-01-22 04:00:00+00:00,1.34318,1.3439,1.34298,1.34311,1322,10,0
2026-01-22 05:00:00+00:00,1.34311,1.34311,1.34231,1.34281,1374,10,0
2026-01-22 06:00:00+00:00,1.34284,1.34295,1.34198,1.3425500000000001,1847,10,0
2026-01-22 07:00:00+00:00,1.34259,1.34369,1.34223,1.34311,2695,10,0
2026-01-22 08:00:00+00:00,1.3430900000000001,1.3433,1.3409200000000001,1.34174,3207,10,0
2026-01-22 09:00:00+00:00,1.34177,1.34462,1.34168,1.34432,3012,10,0
2026-01-22 10:00:00+00:00,1.34436,1.34501,1.34358,1.34471,2605,10,0
2026-01-22 11:00:00+00:00,1.34469,1.34523,1.34009,1.34201,7703,10,0
2026-01-22 12:00:00+00:00,1.34199,1.34413,1.34146,1.34249,4509,10,0
2026-01-22 13:00:00+00:00,1.34245,1.34379,1.34081,1.3422399999999999,5192,10,0
2026-01-22 14:00:00+00:00,1.3422399999999999,1.34524,1.34215,1.34458,4736,10,0
2026-01-22 15:00:00+00:00,1.34463,1.34847,1.34448,1.34771,4790,10,0
2026-01-22 16:00:00+00:00,1.3477299999999999,1.34985,1.34768,1.3489,3741,10,0
2026-01-22 17:00:00+00:00,1.34887,1.34954,1.34729,1.3492,3543,10,0
2026-01-22 18:00:00+00:00,1.34918,1.3502,1.3489900000000001,1.34982,1948,10,0
2026-01-22 19:00:00+00:00,1.34981,1.34991,1.34853,1.34904,1861,10,0
2026-01-22 20:00:00+00:00,1.34901,1.35032,1.34878,1.34969,1795,10,0
2026-01-22 21:00:00+00:00,1.34966,1.35065,1.3495300000000001,1.35008,1722,10,0
2026-01-22 22:00:00+00:00,1.35003,1.35003,1.34915,1.34979,886,26,0
2026-01-22 23:00:00+00:00,1.34978,1.3508200000000001,1.34978,1.3498999999999999,831,10,0
2026-01-23 00:00:00+00:00,1.3498999999999999,1.35006,1.34944,1.34957,1365,10,0
2026-01-23 01:00:00+00:00,1.34959,1.35043,1.34952,1.34973,2104,10,0
2026-01-23 02:00:00+00:00,1.34971,1.3498,1.3491,1.34923,1719,10,0
2026-01-23 03:00:00+00:00,1.3492199999999999,1.34946,1.3488,1.3489900000000001,1838,10,0
2026-01-23 04:00:00+00:00,1.3489900000000001,1.34974,1.34891,1.34968,1160,10,0
2026-01-23 05:00:00+00:00,1.34967,1.35001,1.34949,1.3498,1261,10,0
2026-01-23 06:00:00+00:00,1.34976,1.34995,1.34826,1.3483800000000001,2370,10,0
2026-01-23 07:00:00+00:00,1.34839,1.3512,1.34837,1.34923,4954,10,0
2026-01-23 08:00:00+00:00,1.34924,1.35023,1.34817,1.35006,4495,10,0
2026-01-23 09:00:00+00:00,1.3501,1.35344,1.3498,1.35293,4319,10,0
2026-01-23 10:00:00+00:00,1.35293,1.3536299999999999,1.3522,1.35266,3055,10,0
2026-01-23 11:00:00+00:00,1.35267,1.35321,1.35135,1.35174,3795,10,0
2026-01-23 12:00:00+00:00,1.3517700000000001,1.35317,1.35171,1.35277,2627,10,0
2026-01-23 13:00:00+00:00,1.35276,1.35344,1.35237,1.35247,3012,10,0
2026-01-23 14:00:00+00:00,1.35244,1.35379,1.35201,1.35361,3191,10,0
2026-01-23 15:00:00+00:00,1.35357,1.3567,1.35344,1.35639,3375,10,0
2026-01-23 16:00:00+00:00,1.35639,1.35975,1.3560400000000001,1.35879,4508,10,0
2026-01-23 17:00:00+00:00,1.3588,1.36224,1.35857,1.36078,6243,10,0
2026-01-23 18:00:00+00:00,1.36077,1.3608799999999999,1.35917,1.36049,4491,10,0
2026-01-23 19:00:00+00:00,1.36049,1.3629,1.36045,1.36232,3527,10,0
2026-01-23 20:00:00+00:00,1.36229,1.3638,1.3620999999999999,1.36361,3415,10,0
2026-01-23 21:00:00+00:00,1.36362,1.3645399999999999,1.36321,1.3644,6206,10,0
2026-01-25 22:00:00+00:00,1.36589,1.3668,1.36529,1.36674,649,58,0
2026-01-25 23:00:00+00:00,1.36748,1.36798,1.36541,1.36636,3510,10,0
2026-01-26 00:00:00+00:00,1.36642,1.3667099999999999,1.36429,1.3666800000000001,4690,10,0
2026-01-26 01:00:00+00:00,1.36667,1.3674,1.36581,1.36608,4664,10,0
2026-01-26 02:00:00+00:00,1.36606,1.3679299999999999,1.3658000000000001,1.3669,3845,10,0
2026-01-26 03:00:00+00:00,1.3669,1.3669,1.36545,1.36596,2602,10,0
2026-01-26 04:00:00+00:00,1.366,1.36674,1.36527,1.36595,2548,10,0
2026-01-26 05:00:00+00:00,1.36595,1.36694,1.36577,1.36663,2329,10,0
2026-01-26 06:00:00+00:00,1.36662,1.36681,1.36554,1.36561,2907,10,0
2026-01-26 07:00:00+00:00,1.36563,1.36758,1.36443,1.36464,4459,10,0
2026-01-26 08:00:00+00:00,1.36466,1.36677,1.3642400000000001,1.36616,5242,10,0
2026-01-26 09:00:00+00:00,1.3662,1.36767,1.3657599999999999,1.36718,4577,10,0
2026-01-26 10:00:00+00:00,1.3672,1.36752,1.36659,1.36701,3534,10,0
2026-01-26 11:00:00+00:00,1.3670200000000001,1.36731,1.36645,1.36658,3102,10,0
2026-01-26 12:00:00+00:00,1.36658,1.36722,1.36475,1.3653,3311,10,0
2026-01-26 13:00:00+00:00,1.36526,1.3661400000000001,1.36428,1.3660999999999999,3714,10,0
2026-01-26 14:00:00+00:00,1.36609,1.3691200000000001,1.36574,1.36907,4318,10,0
2026-01-26 15:00:00+00:00,1.36907,1.37126,1.36878,1.3707099999999999,4976,10,0
2026-01-26 16:00:00+00:00,1.3707,1.3712900000000001,1.36928,1.36961,4689,10,0
2026-01-26 17:00:00+00:00,1.36964,1.37038,1.36852,1.36875,3478,10,0
2026-01-26 18:00:00+00:00,1.36877,1.37011,1.36846,1.36881,3099,10,0
2026-01-26 19:00:00+00:00,1.3688,1.36887,1.3675,1.36821,3060,10,0
2026-01-26 20:00:00+00:00,1.36821,1.3685800000000001,1.36785,1.36803,2502,10,0
2026-01-26 21:00:00+00:00,1.36802,1.36865,1.3674,1.36781,1915,7,0
2026-01-26 22:00:00+00:00,1.36782,1.36782,1.3670200000000001,1.36735,955,24,0
2026-01-26 23:00:00+00:00,1.36746,1.36794,1.36734,1.36746,929,10,0
2026-01-27 00:00:00+00:00,1.36747,1.36814,1.36721,1.36728,1918,10,0
2026-01-27 01:00:00+00:00,1.36727,1.3682400000000001,1.36696,1.36795,2352,10,0
2026-01-27 02:00:00+00:00,1.36794,1.37002,1.36764,1.3695,2328,10,0
2026-01-27 03:00:00+00:00,1.36948,1.3695,1.3682,1.3683,2135,10,0
2026-01-27 04:00:00+00:00,1.36826,1.36882,1.36719,1.36744,1850,10,0
2026-01-27 05:00:00+00:00,1.36744,1.36814,1.3670900000000001,1.36779,1781,10,0
2026-01-27 06:00:00+00:00,1.3678,1.36899,1.36768,1.36813,2304,10,0
2026-01-27 07:00:00+00:00,1.36809,1.36897,1.36695,1.36738,3556,10,0
2026-01-27 08:00:00+00:00,1.36742,1.3677000000000001,1.36634,1.36742,3782,10,0
2026-01-27 09:00:00+00:00,1.3673899999999999,1.36996,1.3667500000000001,1.36985,4448,10,0
2026-01-27 10:00:00+00:00,1.3698299999999999,1.37029,1.36828,1.37024,4199,10,0
2026-01-27 11:00:00+00:00,1.37027,1.37119,1.37,1.3710200000000001,2851,10,0
2026-01-27 12:00:00+00:00,1.3710200000000001,1.3740999999999999,1.3707500000000001,1.37401,5526,10,0
2026-01-27 13:00:00+00:00,1.37401,1.37484,1.37252,1.37347,5947,10,0
2026-01-27 14:00:00+00:00,1.37348,1.3776,1.37308,1.37696,6931,10,0
2026-01-27 15:00:00+00:00,1.377,1.37906,1.3747099999999999,1.37514,7194,10,0
2026-01-27 16:00:00+00:00,1.37511,1.37904,1.3750200000000001,1.37795,5377,10,0
2026-01-27 17:00:00+00:00,1.37799,1.37877,1.37606,1.37869,5025,10,0
2026-01-27 18:00:00+00:00,1.37869,1.37908,1.37753,1.37766,4049,10,0
2026-01-27 19:00:00+00:00,1.37765,1.3784,1.37738,1.37824,2979,10,0
2026-01-27 20:00:00+00:00,1.37823,1.38701,1.37756,1.3835899999999999,13214,10,0
2026-01-27 21:00:00+00:00,1.38357,1.38561,1.38285,1.38465,7619,9,0
2026-01-27 22:00:00+00:00,1.38463,1.38463,1.38289,1.38396,770,35,0
2026-01-27 23:00:00+00:00,1.38394,1.38469,1.38211,1.38265,2047,10,0
2026-01-28 00:00:00+00:00,1.3826399999999999,1.38308,1.38135,1.38172,4070,10,0
2026-01-28 01:00:00+00:00,1.3817,1.38186,1.37989,1.37998,3844,10,0
2026-01-28 02:00:00+00:00,1.38,1.38071,1.37916,1.38032,3074,10,0
2026-01-28 03:00:00+00:00,1.38035,1.38101,1.3796599999999999,1.3799299999999999,2284,10,0
2026-01-28 04:00:00+00:00,1.37994,1.38029,1.37936,1.38015,1853,10,0
2026-01-28 05:00:00+00:00,1.38014,1.38053,1.37885,1.38045,3357,10,0
2026-01-28 06:00:00+00:00,1.3804400000000001,1.38154,1.38032,1.38059,3306,10,0
2026-01-28 07:00:00+00:00,1.38061,1.38306,1.37921,1.38011,5057,10,0
2026-01-28 08:00:00+00:00,1.38012,1.38111,1.3774899999999999,1.37865,5998,10,0
2026-01-28 09:00:00+00:00,1.37866,1.37924,1.37754,1.3786800000000001,4651,10,0
2026-01-28 10:00:00+00:00,1.37867,1.37997,1.37759,1.37923,4089,10,0
2026-01-28 11:00:00+00:00,1.3792499999999999,1.3792499999999999,1.37673,1.37695,4132,10,0
2026-01-28 12:00:00+00:00,1.37695,1.37937,1.3768099999999999,1.3792900000000001,4183,10,0
2026-01-28 13:00:00+00:00,1.37931,1.3794,1.37643,1.377,4939,10,0
2026-01-28 14:00:00+00:00,1.37701,1.38012,1.37671,1.3786,5353,10,0
2026-01-28 15:00:00+00:00,1.3786100000000001,1.3799000000000001,1.37492,1.37892,15483,10,0
2026-01-28 16:00:00+00:00,1.37891,1.37938,1.37635,1.37838,6762,10,0
2026-01-28 17:00:00+00:00,1.37836,1.3790499999999999,1.37716,1.3789,3873,10,0
2026-01-28 18:00:00+00:00,1.37892,1.3792200000000001,1.37631,1.37751,4099,10,0
2026-01-28 19:00:00+00:00,1.37755,1.37962,1.37523,1.37931,10961,10,0
2026-01-28 20:00:00+00:00,1.37927,1.38022,1.37855,1.3798599999999999,4347,10,0
2026-01-28 21:00:00+00:00,1.37989,1.38111,1.37969,1.3807,2732,9,0
2026-01-28 22:00:00+00:00,1.38071,1.38071,1.37949,1.38018,1500,15,0
2026-01-28 23:00:00+00:00,1.38025,1.38296,1.38007,1.38265,2339,10,0
2026-01-29 00:00:00+00:00,1.3827099999999999,1.38346,1.38135,1.38201,3617,10,0
2026-01-29 01:00:00+00:00,1.38201,1.38201,1.37995,1.38028,3773,10,0
2026-01-29 02:00:00+00:00,1.3802699999999999,1.38155,1.37926,1.38123,2972,10,0
2026-01-29 03:00:00+00:00,1.3812,1.3832900000000001,1.3810799999999999,1.3832,2814,10,0
2026-01-29 04:00:00+00:00,1.38324,1.38399,1.38238,1.3839000000000001,2894,10,0
2026-01-29 05:00:00+00:00,1.38388,1.38435,1.38352,1.38373,2309,10,0
2026-01-29 06:00:00+00:00,1.38371,1.38399,1.38275,1.38372,3085,10,0
2026-01-29 07:00:00+00:00,1.3837,1.38477,1.38233,1.38311,4335,10,0
2026-01-29 08:00:00+00:00,1.38309,1.38463,1.38136,1.3820700000000001,5729,10,0
2026-01-29 09:00:00+00:00,1.38208,1.38242,1.37997,1.38033,4173,10,0
2026-01-29 10:00:00+00:00,1.38031,1.38067,1.37806,1.37826,3982,10,0
2026-01-29 11:00:00+00:00,1.37829,1.37981,1.37801,1.37938,3756,10,0
2026-01-29 12:00:00+00:00,1.37938,1.38138,1.37884,1.38125,3681,10,0
2026-01-29 13:00:00+00:00,1.38127,1.38181,1.37971,1.38056,5298,10,0
2026-01-29 14:00:00+00:00,1.38057,1.38337,1.38038,1.38258,6267,10,0
2026-01-29 15:00:00+00:00,1.38263,1.3827,1.37419,1.37632,18336,10,0
2026-01-29 16:00:00+00:00,1.37629,1.37989,1.37594,1.37919,9364,10,0
2026-01-29 17:00:00+00:00,1.3792200000000001,1.38072,1.37917,1.37971,6471,10,0
2026-01-29 18:00:00+00:00,1.3797,1.38046,1.37877,1.37971,4829,10,0
2026-01-29 19:00:00+00:00,1.3797,1.38002,1.37915,1.37926,3586,10,0
2026-01-29 20:00:00+00:00,1.37928,1.38082,1.37878,1.38043,2802,10,0
2026-01-29 21:00:00+00:00,1.38045,1.38136,1.37988,1.38098,2272,7,0
2026-01-29 22:00:00+00:00,1.38097,1.38097,1.37949,1.38046,1038,15,0
2026-01-29 23:00:00+00:00,1.3804699999999999,1.3814199999999999,1.38045,1.38077,1401,10,0
2026-01-30 00:00:00+00:00,1.3807800000000001,1.38138,1.37736,1.37771,4069,10,0
2026-01-30 01:00:00+00:00,1.37774,1.37798,1.3758,1.37608,6010,10,0
2026-01-30 02:00:00+00:00,1.37611,1.37666,1.3731,1.3761700000000001,8221,10,0
2026-01-30 03:00:00+00:00,1.37619,1.3766,1.37474,1.3752499999999999,4029,10,0
2026-01-30 04:00:00+00:00,1.37523,1.37671,1.37479,1.37522,2589,10,0
2026-01-30 05:00:00+00:00,1.37526,1.3762699999999999,1.37459,1.37554,3061,10,0
2026-01-30 06:00:00+00:00,1.37554,1.37637,1.37397,1.37503,4837,10,0
2026-01-30 07:00:00+00:00,1.37499,1.37827,1.37459,1.37693,5298,10,0
2026-01-30 08:00:00+00:00,1.37696,1.37799,1.37583,1.3764,5516,10,0
2026-01-30 09:00:00+00:00,1.37638,1.37673,1.37246,1.37332,6387,10,0
2026-01-30 10:00:00+00:00,1.3733,1.37506,1.37317,1.37479,4777,10,0
2026-01-30 11:00:00+00:00,1.37481,1.37797,1.37442,1.37785,4491,10,0
2026-01-30 12:00:00+00:00,1.37781,1.37874,1.37564,1.37619,4745,10,0
2026-01-30 13:00:00+00:00,1.37615,1.37673,1.37347,1.37443,6612,10,0
2026-01-30 14:00:00+00:00,1.37445,1.37577,1.37354,1.3739,7236,10,0
2026-01-30 15:00:00+00:00,1.37388,1.3743400000000001,1.37096,1.37192,10213,10,0
2026-01-30 16:00:00+00:00,1.37192,1.37296,1.37119,1.37267,7867,10,0
2026-01-30 17:00:00+00:00,1.37267,1.37279,1.36992,1.37089,7097,10,0
2026-01-30 18:00:00+00:00,1.37087,1.37157,1.36801,1.3711,7081,10,0
2026-01-30 19:00:00+00:00,1.37109,1.37183,1.36896,1.36977,5515,10,0
2026-01-30 20:00:00+00:00,1.36975,1.36979,1.36826,1.36826,4637,10,0
2026-01-30 21:00:00+00:00,1.3683100000000001,1.36906,1.3679000000000001,1.36845,5145,10,0
2026-02-01 22:00:00+00:00,1.3677000000000001,1.3685,1.36714,1.36814,892,51,0
2026-02-01 23:00:00+00:00,1.36839,1.36908,1.36613,1.36756,4658,10,0
2026-02-02 00:00:00+00:00,1.3676,1.37054,1.3676,1.36999,5765,10,0
2026-02-02 01:00:00+00:00,1.37002,1.37002,1.36762,1.36929,6999,10,0
2026-02-02 02:00:00+00:00,1.36929,1.36995,1.36811,1.3682,4948,10,0
2026-02-02 03:00:00+00:00,1.36819,1.36924,1.36783,1.36841,3926,10,0
2026-02-02 04:00:00+00:00,1.36842,1.36878,1.36765,1.36823,3509,10,0
2026-02-02 05:00:00+00:00,1.36818,1.3683,1.36599,1.3672,3742,10,0
2026-02-02 06:00:00+00:00,1.36722,1.36758,1.36611,1.36754,5732,10,0
2026-02-02 07:00:00+00:00,1.36757,1.36886,1.3672900000000001,1.36791,5452,10,0
2026-02-02 08:00:00+00:00,1.36792,1.37009,1.36776,1.3692199999999999,5852,10,0
2026-02-02 09:00:00+00:00,1.36918,1.3710499999999999,1.36815,1.37087,4993,10,0
2026-02-02 10:00:00+00:00,1.37084,1.37148,1.36958,1.37015,4432,10,0
2026-02-02 11:00:00+00:00,1.3701400000000001,1.37118,1.36945,1.36998,3583,10,0
2026-02-02 12:00:00+00:00,1.36997,1.37065,1.3685,1.36877,4338,10,0
2026-02-02 13:00:00+00:00,1.3688,1.36882,1.36489,1.36511,5649,10,0
2026-02-02 14:00:00+00:00,1.36509,1.36767,1.36308,1.36677,6141,10,0
2026-02-02 15:00:00+00:00,1.3667,1.3667,1.36261,1.36274,8871,10,0
2026-02-02 16:00:00+00:00,1.36274,1.36566,1.36225,1.36523,5960,10,0
2026-02-02 17:00:00+00:00,1.36526,1.36625,1.36497,1.36595,4204,10,0
2026-02-02 18:00:00+00:00,1.36595,1.36615,1.36476,1.36494,3815,10,0
2026-02-02 19:00:00+00:00,1.36498,1.36613,1.3643100000000001,1.36586,2617,10,0
2026-02-02 20:00:00+00:00,1.36587,1.36676,1.36532,1.36655,2551,10,0
2026-02-02 21:00:00+00:00,1.36658,1.36687,1.36638,1.36658,1266,7,0
2026-02-02 22:00:00+00:00,1.36655,1.36657,1.36611,1.3664,863,45,0
2026-02-02 23:00:00+00:00,1.36646,1.3672900000000001,1.36592,1.36727,1127,10,0
2026-02-03 00:00:00+00:00,1.36726,1.36802,1.36704,1.36796,1841,10,0
2026-02-03 01:00:00+00:00,1.3679700000000001,1.3685800000000001,1.36738,1.36856,2537,10,0
2026-02-03 02:00:00+00:00,1.36856,1.36859,1.3671,1.36724,2148,10,0
2026-02-03 03:00:00+00:00,1.36724,1.36884,1.36706,1.36844,2765,10,0
2026-02-03 04:00:00+00:00,1.36842,1.36939,1.36842,1.36871,2040,10,0
2026-02-03 05:00:00+00:00,1.3687,1.3691900000000001,1.3682699999999999,1.36891,2072,10,0
2026-02-03 06:00:00+00:00,1.36891,1.3700700000000001,1.36884,1.36927,2691,10,0
2026-02-03 07:00:00+00:00,1.36924,1.37064,1.36828,1.36964,4083,10,0
2026-02-03 08:00:00+00:00,1.36962,1.36996,1.3676300000000001,1.3685399999999999,3935,10,0
2026-02-03 09:00:00+00:00,1.3685399999999999,1.3691,1.36661,1.36666,4426,10,0
2026-02-03 10:00:00+00:00,1.3666800000000001,1.36735,1.3654600000000001,1.36551,3146,10,0
2026-02-03 11:00:00+00:00,1.3655,1.36621,1.36501,1.36501,2909,10,0
2026-02-03 12:00:00+00:00,1.365,1.36829,1.365,1.36813,3267,10,0
2026-02-03 13:00:00+00:00,1.3681,1.36893,1.36695,1.36697,3856,10,0
2026-02-03 14:00:00+00:00,1.36701,1.36845,1.3656,1.36681,4947,10,0
2026-02-03 15:00:00+00:00,1.36681,1.3704100000000001,1.36636,1.37029,5542,10,0
2026-02-03 16:00:00+00:00,1.3703,1.37066,1.36926,1.36987,4458,10,0
2026-02-03 17:00:00+00:00,1.36989,1.3707099999999999,1.36924,1.36955,4121,10,0
2026-02-03 18:00:00+00:00,1.3695300000000001,1.37018,1.36765,1.36772,3696,10,0
2026-02-03 19:00:00+00:00,1.3677000000000001,1.3691200000000001,1.3672900000000001,1.36876,3213,10,0
2026-02-03 20:00:00+00:00,1.36877,1.36992,1.36835,1.3695599999999999,2508,10,0
2026-02-03 21:00:00+00:00,1.36954,1.37019,1.36947,1.36967,1289,4,0
2026-02-03 22:00:00+00:00,1.36967,1.36972,1.3691900000000001,1.36926,957,18,0
2026-02-03 23:00:00+00:00,1.36954,1.37015,1.36913,1.36966,1053,10,0
2026-02-04 00:00:00+00:00,1.36966,1.3697599999999999,1.36905,1.36935,1832,10,0
2026-02-04 01:00:00+00:00,1.36934,1.3709799999999999,1.36907,1.37062,2649,10,0
2026-02-04 02:00:00+00:00,1.37065,1.37123,1.3697300000000001,1.36999,2109,10,0
2026-02-04 03:00:00+00:00,1.37,1.37049,1.36962,1.37039,1913,10,0
2026-02-04 04:00:00+00:00,1.37039,1.3716599999999999,1.37026,1.37155,1478,10,0
2026-02-04 05:00:00+00:00,1.37154,1.37195,1.37113,1.37145,1637,10,0
2026-02-04 06:00:00+00:00,1.37145,1.37214,1.37121,1.37126,2081,10,0
2026-02-04 07:00:00+00:00,1.37126,1.37186,1.37055,1.37152,2733,10,0
2026-02-04 08:00:00+00:00,1.37153,1.37328,1.37112,1.37287,3551,10,0
2026-02-04 09:00:00+00:00,1.37287,1.3733,1.37006,1.37083,3116,10,0
2026-02-04 10:00:00+00:00,1.37082,1.3715600000000001,1.36943,1.3715600000000001,2837,10,0
2026-02-04 11:00:00+00:00,1.37157,1.37161,1.37011,1.37085,3059,10,0
2026-02-04 12:00:00+00:00,1.37084,1.37242,1.37054,1.37195,2626,10,0
2026-02-04 13:00:00+00:00,1.37195,1.37287,1.37016,1.3713,4229,10,0
2026-02-04 14:00:00+00:00,1.3713,1.37175,1.36856,1.36876,6006,10,0
2026-02-04 15:00:00+00:00,1.36873,1.3695,1.36609,1.36638,7283,10,0
2026-02-04 16:00:00+00:00,1.36638,1.3664,1.36425,1.36569,5279,10,0
2026-02-04 17:00:00+00:00,1.36569,1.36719,1.3644,1.3646099999999999,5174,10,0
2026-02-04 18:00:00+00:00,1.3645800000000001,1.3654899999999999,1.36418,1.36499,3534,10,0
2026-02-04 19:00:00+00:00,1.36501,1.36628,1.3643399999999999,1.36625,3326,10,0
2026-02-04 20:00:00+00:00,1.36621,1.36634,1.36475,1.36506,2001,10,0
2026-02-04 21:00:00+00:00,1.36503,1.36564,1.36487,1.36508,1546,2,0
2026-02-04 22:00:00+00:00,1.36507,1.36523,1.3646,1.36496,900,15,0
2026-02-04 23:00:00+00:00,1.36505,1.3651900000000001,1.3642400000000001,1.36456,1333,10,0
2026-02-05 00:00:00+00:00,1.36457,1.3651900000000001,1.36437,1.36516,1493,10,0
2026-02-05 01:00:00+00:00,1.36518,1.36537,1.36439,1.36479,2194,10,0
2026-02-05 02:00:00+00:00,1.36479,1.36482,1.36194,1.3620700000000001,3341,10,0
2026-02-05 03:00:00+00:00,1.3620999999999999,1.36299,1.3618700000000001,1.36245,2652,10,0
2026-02-05 04:00:00+00:00,1.3624800000000001,1.36286,1.3622,1.3625,1444,10,0
2026-02-05 05:00:00+00:00,1.3624800000000001,1.36262,1.36158,1.36198,1635,10,0
2026-02-05 06:00:00+00:00,1.36197,1.362,1.36063,1.36176,2584,10,0
2026-02-05 07:00:00+00:00,1.36174,1.3629,1.3615599999999999,1.36198,3793,10,0
2026-02-05 08:00:00+00:00,1.36196,1.36325,1.35985,1.36028,4420,10,0
2026-02-05 09:00:00+00:00,1.36026,1.36038,1.35562,1.35652,4693,10,0
2026-02-05 10:00:00+00:00,1.35652,1.35968,1.35613,1.3587,3589,10,0
2026-02-05 11:00:00+00:00,1.35869,1.36148,1.35806,1.3612,3616,10,0
2026-02-05 12:00:00+00:00,1.3612600000000001,1.3612600000000001,1.35401,1.35813,11288,10,0
2026-02-05 13:00:00+00:00,1.35809,1.35946,1.35664,1.3585,7847,10,0
2026-02-05 14:00:00+00:00,1.35846,1.35889,1.35334,1.35367,9366,10,0
2026-02-05 15:00:00+00:00,1.35366,1.3556599999999999,1.35209,1.35278,9399,10,0
2026-02-05 16:00:00+00:00,1.35277,1.35558,1.3517000000000001,1.35496,6140,10,0
2026-02-05 17:00:00+00:00,1.35496,1.35572,1.35394,1.35506,4147,10,0
2026-02-05 18:00:00+00:00,1.35506,1.35568,1.35375,1.35423,2816,10,0
2026-02-05 19:00:00+00:00,1.35423,1.35518,1.3541400000000001,1.35483,2596,10,0
2026-02-05 20:00:00+00:00,1.35484,1.35515,1.35372,1.35384,2475,10,0
2026-02-05 21:00:00+00:00,1.35381,1.35398,1.35247,1.35281,1760,10,0
2026-02-05 22:00:00+00:00,1.3528,1.35306,1.35245,1.35306,776,40,0
2026-02-05 23:00:00+00:00,1.35313,1.35351,1.35202,1.35208,1463,10,0
2026-02-06 00:00:00+00:00,1.35209,1.35304,1.3508,1.3529499999999999,2549,10,0
2026-02-06 01:00:00+00:00,1.35293,1.35426,1.35246,1.35395,2961,10,0
2026-02-06 02:00:00+00:00,1.35399,1.35497,1.35396,1.35452,2154,10,0
2026-02-06 03:00:00+00:00,1.3545,1.35488,1.35432,1.3546,1552,10,0
2026-02-06 04:00:00+00:00,1.35463,1.35594,1.35447,1.35591,1635,10,0
2026-02-06 05:00:00+00:00,1.35591,1.3569499999999999,1.35576,1.35687,1694,10,0
2026-02-06 06:00:00+00:00,1.3568500000000001,1.3578000000000001,1.3566799999999999,1.35712,2263,10,0
2026-02-06 07:00:00+00:00,1.35714,1.35786,1.3563,1.3566,2697,10,0
2026-02-06 08:00:00+00:00,1.35662,1.35721,1.35576,1.35678,3720,10,0
2026-02-06 09:00:00+00:00,1.35679,1.35821,1.35655,1.35766,3268,10,0
2026-02-06 10:00:00+00:00,1.35765,1.35837,1.35712,1.3576,2302,10,0
2026-02-06 11:00:00+00:00,1.35757,1.35917,1.35752,1.35839,2547,10,0
2026-02-06 12:00:00+00:00,1.35839,1.3594300000000001,1.35829,1.35884,2454,10,0
2026-02-06 13:00:00+00:00,1.35886,1.3596,1.35811,1.35882,3466,10,0
2026-02-06 14:00:00+00:00,1.3587799999999999,1.36091,1.3587,1.36086,4287,10,0
2026-02-06 15:00:00+00:00,1.36087,1.36151,1.35935,1.3614,4198,10,0
2026-02-06 16:00:00+00:00,1.36139,1.36162,1.36012,1.36038,3524,10,0
2026-02-06 17:00:00+00:00,1.3604,1.36229,1.36011,1.3618000000000001,2719,10,0
2026-02-06 18:00:00+00:00,1.3618000000000001,1.36229,1.36125,1.36137,2236,10,0
2026-02-06 19:00:00+00:00,1.36136,1.36204,1.36116,1.3615599999999999,1675,10,0
2026-02-06 20:00:00+00:00,1.36154,1.36197,1.3612199999999999,1.36185,1613,10,0
2026-02-06 21:00:00+00:00,1.36188,1.3621699999999999,1.36074,1.36111,1652,10,0
2026-02-08 22:00:00+00:00,1.35904,1.3602,1.35899,1.36018,452,47,0
2026-02-08 23:00:00+00:00,1.3602699999999999,1.36112,1.35876,1.3609499999999999,2745,10,0
2026-02-09 00:00:00+00:00,1.36097,1.36201,1.36054,1.36112,3392,10,0
2026-02-09 01:00:00+00:00,1.36114,1.36124,1.35978,1.36006,3299,10,0
2026-02-09 02:00:00+00:00,1.36005,1.36087,1.3590200000000001,1.36039,2089,10,0
2026-02-09 03:00:00+00:00,1.36039,1.36076,1.35984,1.35984,1300,10,0
2026-02-09 04:00:00+00:00,1.35984,1.36054,1.35984,1.36042,1084,10,0
2026-02-09 05:00:00+00:00,1.36041,1.36168,1.36029,1.36138,1178,10,0
2026-02-09 06:00:00+00:00,1.36137,1.36285,1.36048,1.36157,4144,10,0
2026-02-09 07:00:00+00:00,1.3615300000000001,1.36158,1.35876,1.36036,4678,10,0
2026-02-09 08:00:00+00:00,1.36036,1.36106,1.3586,1.36016,5023,10,0
2026-02-09 09:00:00+00:00,1.36015,1.3612199999999999,1.35954,1.3600400000000001,3320,10,0
2026-02-09 10:00:00+00:00,1.36005,1.36139,1.3593199999999999,1.36084,3507,10,0
2026-02-09 11:00:00+00:00,1.36082,1.36449,1.35929,1.36369,6288,10,0
2026-02-09 12:00:00+00:00,1.36372,1.3662,1.36372,1.36598,3339,10,0
2026-02-09 13:00:00+00:00,1.36596,1.36695,1.36423,1.36502,6047,10,0
2026-02-09 14:00:00+00:00,1.36506,1.36523,1.36212,1.36438,9276,10,0
2026-02-09 15:00:00+00:00,1.36435,1.36871,1.36432,1.36772,7029,10,0
2026-02-09 16:00:00+00:00,1.36772,1.36908,1.3662,1.36655,4173,10,0
2026-02-09 17:00:00+00:00,1.36655,1.36756,1.36631,1.36715,2402,10,0
2026-02-09 18:00:00+00:00,1.36713,1.3691,1.36639,1.36893,2971,10,0
2026-02-09 19:00:00+00:00,1.36893,1.36998,1.3684,1.36967,2171,10,0
2026-02-09 20:00:00+00:00,1.36965,1.36987,1.3691499999999999,1.36945,1971,10,0
2026-02-09 21:00:00+00:00,1.3694600000000001,1.36997,1.36903,1.3694600000000001,1632,9,0
2026-02-09 22:00:00+00:00,1.36947,1.3694899999999999,1.36878,1.36906,852,11,0
2026-02-09 23:00:00+00:00,1.36943,1.36965,1.36813,1.36821,1013,10,0
2026-02-10 00:00:00+00:00,1.36822,1.36839,1.36717,1.36803,1539,10,0
2026-02-10 01:00:00+00:00,1.36805,1.36894,1.36738,1.36842,2452,10,0
2026-02-10 02:00:00+00:00,1.36845,1.3693,1.36835,1.36927,1937,10,0
2026-02-10 03:00:00+00:00,1.36925,1.36958,1.36836,1.36852,1984,10,0
2026-02-10 04:00:00+00:00,1.3685100000000001,1.36864,1.36794,1.3681,1354,10,0
2026-02-10 05:00:00+00:00,1.36814,1.36839,1.3673899999999999,1.36781,1393,10,0
2026-02-10 06:00:00+00:00,1.36778,1.36814,1.3667500000000001,1.36718,2006,10,0
2026-02-10 07:00:00+00:00,1.3672,1.36795,1.36665,1.36721,2681,10,0
2026-02-10 08:00:00+00:00,1.36722,1.36795,1.36631,1.36706,3240,10,0
2026-02-10 09:00:00+00:00,1.3670200000000001,1.36842,1.36648,1.36679,2608,10,0
2026-02-10 10:00:00+00:00,1.36681,1.36734,1.36573,1.36645,2516,10,0
2026-02-10 11:00:00+00:00,1.36645,1.3665,1.36579,1.3663,1852,10,0
2026-02-10 12:00:00+00:00,1.36633,1.36927,1.3661699999999999,1.3685399999999999,4059,10,0
2026-02-10 13:00:00+00:00,1.3685399999999999,1.3691,1.36655,1.36812,4866,10,0
2026-02-10 14:00:00+00:00,1.36814,1.36965,1.36697,1.36768,4746,10,0
2026-02-10 15:00:00+00:00,1.36767,1.36804,1.36525,1.36734,5546,10,0
2026-02-10 16:00:00+00:00,1.3673600000000001,1.3674,1.36589,1.36633,3808,10,0
2026-02-10 17:00:00+00:00,1.36631,1.36659,1.36432,1.36531,3030,10,0
2026-02-10 18:00:00+00:00,1.3653,1.36547,1.36419,1.36436,2346,10,0
2026-02-10 19:00:00+00:00,1.36438,1.36564,1.36395,1.36564,2085,10,0
2026-02-10 20:00:00+00:00,1.36563,1.36571,1.36422,1.36428,1939,10,0
2026-02-10 21:00:00+00:00,1.3643,1.36447,1.36382,1.36416,1151,10,0
2026-02-10 22:00:00+00:00,1.36415,1.36417,1.36361,1.36384,1054,22,0
2026-02-10 23:00:00+00:00,1.3639700000000001,1.3639700000000001,1.36311,1.36324,730,10,0
2026-02-11 00:00:00+00:00,1.36324,1.3642699999999999,1.36311,1.36385,1984,10,0
2026-02-11 01:00:00+00:00,1.36388,1.36489,1.36382,1.36439,3584,10,0
2026-02-11 02:00:00+00:00,1.36439,1.3660700000000001,1.36439,1.3657599999999999,1994,10,0
2026-02-11 03:00:00+00:00,1.36579,1.36677,1.36542,1.36647,1573,10,0
2026-02-11 04:00:00+00:00,1.36646,1.36695,1.36581,1.3659,1238,10,0
2026-02-11 05:00:00+00:00,1.36588,1.367,1.36575,1.36696,1492,10,0
2026-02-11 06:00:00+00:00,1.36695,1.36776,1.36662,1.36699,2107,10,0
2026-02-11 07:00:00+00:00,1.36699,1.36744,1.36638,1.36738,2439,10,0
2026-02-11 08:00:00+00:00,1.3673899999999999,1.36929,1.36684,1.3691900000000001,3183,10,0
2026-02-11 09:00:00+00:00,1.36921,1.36987,1.36834,1.36954,2517,10,0
2026-02-11 10:00:00+00:00,1.36954,1.37121,1.3686,1.37062,2785,10,0
2026-02-11 11:00:00+00:00,1.37058,1.37063,1.36902,1.36908,2425,10,0
2026-02-11 12:00:00+00:00,1.3691,1.36918,1.3675,1.3679700000000001,2692,10,0
2026-02-11 13:00:00+00:00,1.3679999999999999,1.36901,1.36091,1.36412,11561,10,0
2026-02-11 14:00:00+00:00,1.3641,1.36699,1.3637299999999999,1.3654899999999999,9118,10,0
2026-02-11 15:00:00+00:00,1.36548,1.36667,1.36261,1.36331,7951,10,0
2026-02-11 16:00:00+00:00,1.36331,1.36565,1.36281,1.3651900000000001,4798,10,0
2026-02-11 17:00:00+00:00,1.36516,1.3667099999999999,1.36441,1.36574,4207,10,0
2026-02-11 18:00:00+00:00,1.36575,1.36588,1.36391,1.36391,3299,10,0
2026-02-11 19:00:00+00:00,1.3639000000000001,1.36412,1.36318,1.36321,2593,10,0
2026-02-11 20:00:00+00:00,1.3632,1.36345,1.36204,1.36212,1885,10,0
2026-02-11 21:00:00+00:00,1.36211,1.36288,1.36185,1.36266,1424,9,0
2026-02-11 22:00:00+00:00,1.36263,1.36277,1.36215,1.36258,619,22,0
2026-02-11 23:00:00+00:00,1.36261,1.36279,1.36188,1.36226,1091,10,0
2026-02-12 00:00:00+00:00,1.36226,1.36315,1.3614899999999999,1.36315,1977,10,0
2026-02-12 01:00:00+00:00,1.3631199999999999,1.3639700000000001,1.36262,1.3639700000000001,2539,10,0
2026-02-12 02:00:00+00:00,1.36396,1.36419,1.36301,1.3635,2049,10,0
2026-02-12 03:00:00+00:00,1.36348,1.36369,1.3626,1.36313,2050,10,0
2026-02-12 04:00:00+00:00,1.3631199999999999,1.36355,1.36195,1.36246,1885,10,0
2026-02-12 05:00:00+00:00,1.36246,1.36259,1.3617,1.36218,1652,10,0
2026-02-12 06:00:00+00:00,1.3621699999999999,1.36255,1.36042,1.36165,3187,10,0
2026-02-12 07:00:00+00:00,1.36161,1.36344,1.36111,1.36321,2869,10,0
2026-02-12 08:00:00+00:00,1.36323,1.36467,1.36262,1.36369,2957,10,0
2026-02-12 09:00:00+00:00,1.36371,1.36536,1.36365,1.36487,2792,10,0
2026-02-12 10:00:00+00:00,1.36487,1.36498,1.3636,1.36384,2391,10,0
2026-02-12 11:00:00+00:00,1.36384,1.36506,1.36346,1.36487,2099,10,0
2026-02-12 12:00:00+00:00,1.36487,1.36497,1.3621400000000001,1.36289,2577,10,0
2026-02-12 13:00:00+00:00,1.36289,1.36517,1.3628,1.36498,3259,10,0
2026-02-12 14:00:00+00:00,1.36498,1.3669,1.36419,1.3664100000000001,4763,10,0
2026-02-12 15:00:00+00:00,1.3664,1.36711,1.36493,1.36537,4453,10,0
2026-02-12 16:00:00+00:00,1.36536,1.3657599999999999,1.36157,1.36315,8039,10,0
2026-02-12 17:00:00+00:00,1.36311,1.36327,1.36173,1.36186,5384,10,0
2026-02-12 18:00:00+00:00,1.36185,1.36239,1.36043,1.36162,3748,10,0
2026-02-12 19:00:00+00:00,1.36159,1.36262,1.3614600000000001,1.36236,2587,10,0
2026-02-12 20:00:00+00:00,1.36233,1.36245,1.36142,1.3620700000000001,1908,10,0
2026-02-12 21:00:00+00:00,1.36206,1.3624,1.36166,1.36213,1430,9,0
2026-02-12 22:00:00+00:00,1.3621400000000001,1.3621699999999999,1.36163,1.36188,541,22,0
2026-02-12 23:00:00+00:00,1.362,1.36223,1.3616,1.36179,1052,10,0
2026-02-13 00:00:00+00:00,1.36178,1.36216,1.36144,1.3620999999999999,1831,10,0
2026-02-13 01:00:00+00:00,1.36209,1.3622,1.36114,1.36163,2269,10,0
2026-02-13 02:00:00+00:00,1.36166,1.36238,1.3612199999999999,1.36198,1601,10,0
2026-02-13 03:00:00+00:00,1.36197,1.36226,1.36136,1.36148,1301,10,0
2026-02-13 04:00:00+00:00,1.3614600000000001,1.3617,1.36083,1.36115,1222,10,0
2026-02-13 05:00:00+00:00,1.36115,1.3614600000000001,1.3599,1.36035,1810,10,0
2026-02-13 06:00:00+00:00,1.36036,1.36062,1.3594,1.36014,2367,10,0
2026-02-13 07:00:00+00:00,1.3601,1.36165,1.35899,1.36138,3330,10,0
2026-02-13 08:00:00+00:00,1.36136,1.36285,1.36107,1.3623,3314,10,0
2026-02-13 09:00:00+00:00,1.36231,1.36295,1.36202,1.36221,2317,10,0
2026-02-13 10:00:00+00:00,1.36221,1.36269,1.36142,1.36179,2249,10,0
2026-02-13 11:00:00+00:00,1.36181,1.36189,1.36006,1.36029,2736,10,0
2026-02-13 12:00:00+00:00,1.36025,1.36089,1.35983,1.3607,2526,10,0
2026-02-13 13:00:00+00:00,1.36072,1.36453,1.36044,1.36326,6139,10,0
2026-02-13 14:00:00+00:00,1.36326,1.36388,1.36151,1.36257,6088,10,0
2026-02-13 15:00:00+00:00,1.36259,1.36472,1.36102,1.36124,6180,10,0
2026-02-13 16:00:00+00:00,1.36125,1.36435,1.36063,1.36414,4072,10,0
2026-02-13 17:00:00+00:00,1.36417,1.36591,1.36377,1.36483,3232,10,0
2026-02-13 18:00:00+00:00,1.3648500000000001,1.36537,1.36456,1.36513,2240,10,0
2026-02-13 19:00:00+00:00,1.36514,1.3655,1.36419,1.36426,1838,10,0
2026-02-13 20:00:00+00:00,1.3642699999999999,1.3656,1.36407,1.36559,2096,10,0
2026-02-13 21:00:00+00:00,1.36562,1.36579,1.36477,1.3654899999999999,2909,10,0
2026-02-15 22:00:00+00:00,1.36426,1.36452,1.36347,1.36433,896,61,0
2026-02-15 23:00:00+00:00,1.36455,1.3648799999999999,1.36421,1.36471,1616,10,0
2026-02-16 00:00:00+00:00,1.36471,1.36483,1.36402,1.36405,1762,10,0
2026-02-16 01:00:00+00:00,1.36404,1.3644,1.36364,1.36432,1611,10,0
2026-02-16 02:00:00+00:00,1.36428,1.3645399999999999,1.36383,1.36418,1550,10,0
2026-02-16 03:00:00+00:00,1.36418,1.3645100000000001,1.3637299999999999,1.36415,1095,10,0
2026-02-16 04:00:00+00:00,1.36415,1.36433,1.36352,1.36388,954,10,0
2026-02-16 05:00:00+00:00,1.36389,1.36407,1.36348,1.36387,863,10,0
2026-02-16 06:00:00+00:00,1.36386,1.3648500000000001,1.36377,1.36428,1106,10,0
2026-02-16 07:00:00+00:00,1.3642400000000001,1.36507,1.36349,1.36437,1891,10,0
2026-02-16 08:00:00+00:00,1.36437,1.36599,1.36394,1.3651499999999999,3273,10,0
2026-02-16 09:00:00+00:00,1.3651499999999999,1.36616,1.36404,1.36446,2363,10,0
2026-02-16 10:00:00+00:00,1.36444,1.36513,1.36405,1.365,2139,10,0
2026-02-16 11:00:00+00:00,1.36497,1.36506,1.3642400000000001,1.36441,1748,10,0
2026-02-16 12:00:00+00:00,1.36438,1.3651,1.36392,1.3642400000000001,1713,10,0
2026-02-16 13:00:00+00:00,1.36426,1.36473,1.36282,1.36327,1996,10,0
2026-02-16 14:00:00+00:00,1.36327,1.36399,1.36295,1.36352,2089,10,0
2026-02-16 15:00:00+00:00,1.36353,1.36379,1.36272,1.36321,1887,10,0
2026-02-16 16:00:00+00:00,1.36325,1.3635,1.36252,1.36283,1669,10,0
2026-02-16 17:00:00+00:00,1.36283,1.36299,1.36254,1.3627,905,10,0
2026-02-16 18:00:00+00:00,1.36269,1.3631,1.3626,1.36284,411,10,0
2026-02-16 19:00:00+00:00,1.36284,1.3632900000000001,1.36284,1.36317,474,10,0
2026-02-16 20:00:00+00:00,1.36314,1.36321,1.36294,1.36299,413,10,0
2026-02-16 21:00:00+00:00,1.36299,1.36303,1.36245,1.3629,624,4,0
2026-02-16 22:00:00+00:00,1.36287,1.36301,1.3626800000000001,1.36288,697,20,0
2026-02-16 23:00:00+00:00,1.36299,1.36299,1.36218,1.36267,825,10,0
2026-02-17 00:00:00+00:00,1.36267,1.36289,1.36182,1.3618999999999999,1709,10,0
2026-02-17 01:00:00+00:00,1.36191,1.3620999999999999,1.36134,1.36164,2047,10,0
2026-02-17 02:00:00+00:00,1.36161,1.36201,1.36114,1.36134,1392,10,0
2026-02-17 03:00:00+00:00,1.36134,1.36136,1.36054,1.3612199999999999,1477,10,0
2026-02-17 04:00:00+00:00,1.36123,1.36131,1.36064,1.36111,1163,10,0
2026-02-17 05:00:00+00:00,1.3611,1.36117,1.36026,1.3607,1580,10,0
2026-02-17 06:00:00+00:00,1.3607,1.36148,1.3607,1.36117,1344,10,0
2026-02-17 07:00:00+00:00,1.36113,1.36117,1.35516,1.35623,4257,10,0
2026-02-17 08:00:00+00:00,1.35625,1.3590200000000001,1.35606,1.3585099999999999,3761,10,0
2026-02-17 09:00:00+00:00,1.35852,1.35971,1.35832,1.35906,2641,10,0
2026-02-17 10:00:00+00:00,1.35904,1.36059,1.35888,1.35945,2532,10,0
2026-02-17 11:00:00+00:00,1.35948,1.35977,1.35596,1.35644,3005,10,0
2026-02-17 12:00:00+00:00,1.35642,1.35711,1.35464,1.35483,2796,10,0
2026-02-17 13:00:00+00:00,1.35483,1.355,1.35239,1.35244,4201,10,0
2026-02-17 14:00:00+00:00,1.35243,1.3531900000000001,1.35171,1.35202,5334,10,0
2026-02-17 15:00:00+00:00,1.35203,1.35252,1.34951,1.35029,5463,10,0
2026-02-17 16:00:00+00:00,1.35026,1.35411,1.3502100000000001,1.35376,3890,10,0
2026-02-17 17:00:00+00:00,1.35376,1.35498,1.3534,1.3546,3318,10,0
2026-02-17 18:00:00+00:00,1.35459,1.3560699999999999,1.35404,1.35584,2841,10,0
2026-02-17 19:00:00+00:00,1.35583,1.3562699999999999,1.35553,1.3560699999999999,1709,10,0
2026-02-17 20:00:00+00:00,1.35611,1.35637,1.35571,1.35617,1467,10,0
2026-02-17 21:00:00+00:00,1.35619,1.35686,1.35592,1.35662,1079,4,0
2026-02-17 22:00:00+00:00,1.35659,1.35659,1.35542,1.35613,675,31,0
2026-02-17 23:00:00+00:00,1.35613,1.3572,1.35609,1.35622,1104,10,0
2026-02-18 00:00:00+00:00,1.35622,1.3566099999999999,1.35601,1.35615,1610,10,0
2026-02-18 01:00:00+00:00,1.35615,1.35617,1.3553600000000001,1.35581,1646,10,0
2026-02-18 02:00:00+00:00,1.35582,1.35585,1.35511,1.3554,1298,10,0
2026-02-18 03:00:00+00:00,1.3553899999999999,1.35576,1.35521,1.35526,1114,10,0
2026-02-18 04:00:00+00:00,1.35526,1.35557,1.35492,1.35534,1030,10,0
2026-02-18 05:00:00+00:00,1.35533,1.35594,1.35531,1.35587,787,10,0
2026-02-18 06:00:00+00:00,1.35587,1.3566500000000001,1.3553,1.35639,1282,10,0
2026-02-18 07:00:00+00:00,1.35632,1.35776,1.35529,1.35611,2874,10,0
2026-02-18 08:00:00+00:00,1.35606,1.35679,1.3556300000000001,1.35651,2960,10,0
2026-02-18 09:00:00+00:00,1.35649,1.3578999999999999,1.35646,1.35741,2393,10,0
2026-02-18 10:00:00+00:00,1.35741,1.35819,1.35652,1.35655,2076,10,0
2026-02-18 11:00:00+00:00,1.35656,1.35748,1.35651,1.3572899999999999,1500,10,0
2026-02-18 12:00:00+00:00,1.3572899999999999,1.35799,1.3569200000000001,1.35727,2309,10,0
2026-02-18 13:00:00+00:00,1.3573,1.35813,1.35517,1.35518,2771,10,0
2026-02-18 14:00:00+00:00,1.35518,1.35584,1.3532600000000001,1.35367,4361,10,0
2026-02-18 15:00:00+00:00,1.3536299999999999,1.35535,1.35349,1.35453,3744,10,0
2026-02-18 16:00:00+00:00,1.35453,1.3557299999999999,1.35328,1.35334,2913,10,0
2026-02-18 17:00:00+00:00,1.35336,1.35364,1.35121,1.35217,2587,10,0
2026-02-18 18:00:00+00:00,1.35218,1.35254,1.35056,1.35129,2590,10,0
2026-02-18 19:00:00+00:00,1.35131,1.35147,1.34967,1.34997,3353,10,0
2026-02-18 20:00:00+00:00,1.34997,1.35046,1.34944,1.34993,1641,10,0
2026-02-18 21:00:00+00:00,1.34992,1.35018,1.34908,1.3492,1103,4,0
2026-02-18 22:00:00+00:00,1.34918,1.34937,1.34851,1.34937,772,35,0
2026-02-18 23:00:00+00:00,1.34961,1.34979,1.34936,1.34947,669,10,0
2026-02-19 00:00:00+00:00,1.34948,1.34977,1.3488,1.34894,1290,10,0
2026-02-19 01:00:00+00:00,1.34894,1.3498700000000001,1.34894,1.34962,1692,10,0
2026-02-19 02:00:00+00:00,1.34961,1.34968,1.34913,1.34943,1165,10,0
2026-02-19 03:00:00+00:00,1.34945,1.34971,1.34875,1.34906,1166,10,0
2026-02-19 04:00:00+00:00,1.34906,1.34924,1.34813,1.3483399999999999,1077,10,0
2026-02-19 05:00:00+00:00,1.3483399999999999,1.34875,1.34802,1.3487,1024,10,0
2026-02-19 06:00:00+00:00,1.3487,1.35019,1.34842,1.34995,1360,10,0
2026-02-19 07:00:00+00:00,1.34995,1.3512,1.34938,1.35096,1783,10,0
2026-02-19 08:00:00+00:00,1.35096,1.35155,1.35013,1.35057,2219,10,0
2026-02-19 09:00:00+00:00,1.35056,1.35165,1.34939,1.35042,2538,10,0
2026-02-19 10:00:00+00:00,1.35038,1.3507,1.34846,1.34885,2718,10,0
2026-02-19 11:00:00+00:00,1.34884,1.34917,1.34649,1.34657,2716,10,0
2026-02-19 12:00:00+00:00,1.34656,1.3473899999999999,1.34565,1.34627,2704,10,0
2026-02-19 13:00:00+00:00,1.34627,1.34688,1.34487,1.34666,3938,10,0
2026-02-19 14:00:00+00:00,1.34665,1.34676,1.34334,1.34452,5111,10,0
2026-02-19 15:00:00+00:00,1.3445,1.3473600000000001,1.34408,1.34536,6497,10,0
2026-02-19 16:00:00+00:00,1.34536,1.34577,1.3439,1.34447,3698,10,0
2026-02-19 17:00:00+00:00,1.34448,1.34557,1.34382,1.34521,3164,10,0
2026-02-19 18:00:00+00:00,1.34519,1.34657,1.34501,1.34593,2314,10,0
2026-02-19 19:00:00+00:00,1.34596,1.34656,1.34464,1.34514,2306,10,0
2026-02-19 20:00:00+00:00,1.34515,1.34598,1.3451,1.34588,1476,10,0
2026-02-19 21:00:00+00:00,1.34588,1.34728,1.34575,1.34611,1713,4,0
2026-02-19 22:00:00+00:00,1.34612,1.34636,1.34595,1.34636,826,22,0
2026-02-19 23:00:00+00:00,1.3465799999999999,1.34705,1.3458999999999999,1.34593,951,10,0
2026-02-20 00:00:00+00:00,1.34593,1.34637,1.34552,1.34613,1624,10,0
2026-02-20 01:00:00+00:00,1.34611,1.34627,1.3441100000000001,1.34463,2374,10,0
2026-02-20 02:00:00+00:00,1.34464,1.34475,1.34342,1.34405,2141,10,0
2026-02-20 03:00:00+00:00,1.34405,1.34461,1.34381,1.3442,1335,10,0
2026-02-20 04:00:00+00:00,1.3442,1.3447,1.34379,1.34387,1106,10,0
2026-02-20 05:00:00+00:00,1.34388,1.34486,1.34366,1.34453,1423,10,0
2026-02-20 06:00:00+00:00,1.34452,1.34489,1.3441,1.34473,1568,10,0
2026-02-20 07:00:00+00:00,1.34469,1.34669,1.34445,1.34455,3197,10,0
2026-02-20 08:00:00+00:00,1.34454,1.34549,1.34355,1.34521,3607,10,0
2026-02-20 09:00:00+00:00,1.34517,1.34787,1.34501,1.34662,3063,10,0
2026-02-20 10:00:00+00:00,1.34665,1.34822,1.34612,1.34751,2641,10,0
2026-02-20 11:00:00+00:00,1.3475,1.34775,1.34656,1.34697,2514,10,0
2026-02-20 12:00:00+00:00,1.34695,1.34829,1.34679,1.34725,2940,10,0
2026-02-20 13:00:00+00:00,1.34729,1.3497,1.34663,1.34859,4921,10,0
2026-02-20 14:00:00+00:00,1.34857,1.34882,1.34671,1.34768,4884,10,0
2026-02-20 15:00:00+00:00,1.34765,1.3514599999999999,1.34602,1.35005,16027,10,0
2026-02-20 16:00:00+00:00,1.35007,1.35145,1.3485800000000001,1.34981,5769,10,0
2026-02-20 17:00:00+00:00,1.3498299999999999,1.35002,1.34745,1.3489200000000001,4598,10,0
2026-02-20 18:00:00+00:00,1.34891,1.35063,1.34845,1.34942,6406,10,0
2026-02-20 19:00:00+00:00,1.34945,1.34989,1.34833,1.34853,2983,10,0
2026-02-20 20:00:00+00:00,1.34854,1.34909,1.34809,1.34891,1892,10,0
2026-02-20 21:00:00+00:00,1.3489,1.34967,1.3476,1.34779,2016,10,0
2026-02-22 22:00:00+00:00,1.34768,1.34917,1.34701,1.34917,560,79,0
2026-02-22 23:00:00+00:00,1.34947,1.3532899999999999,1.34872,1.35317,2463,10,0
2026-02-23 00:00:00+00:00,1.35321,1.35323,1.35193,1.3527,3268,10,0
2026-02-23 01:00:00+00:00,1.35272,1.35274,1.35151,1.3519,3621,10,0
2026-02-23 02:00:00+00:00,1.35186,1.35283,1.35158,1.35228,2368,10,0
2026-02-23 03:00:00+00:00,1.3523100000000001,1.35235,1.35097,1.35171,1535,10,0
2026-02-23 04:00:00+00:00,1.35171,1.35206,1.35118,1.35195,1346,10,0
2026-02-23 05:00:00+00:00,1.35193,1.3521,1.35118,1.35199,1181,10,0
2026-02-23 06:00:00+00:00,1.3519999999999999,1.35347,1.35168,1.3529200000000001,1739,10,0
2026-02-23 07:00:00+00:00,1.35291,1.35324,1.35209,1.35254,2738,10,0
2026-02-23 08:00:00+00:00,1.35257,1.35283,1.35094,1.35153,3696,10,0
2026-02-23 09:00:00+00:00,1.3515,1.35185,1.3505099999999999,1.35077,2416,10,0
2026-02-23 10:00:00+00:00,1.35077,1.35125,1.35018,1.35077,2282,10,0
2026-02-23 11:00:00+00:00,1.3507500000000001,1.35096,1.34859,1.34907,2576,10,0
2026-02-23 12:00:00+00:00,1.34904,1.34904,1.34754,1.34864,2834,10,0
2026-02-23 13:00:00+00:00,1.3486500000000001,1.35084,1.34821,1.35052,3222,10,0
2026-02-23 14:00:00+00:00,1.35052,1.3523100000000001,1.35015,1.35202,4221,10,0
2026-02-23 15:00:00+00:00,1.35199,1.35244,1.34913,1.34943,4632,10,0
2026-02-23 16:00:00+00:00,1.34943,1.35145,1.34871,1.35065,4001,10,0
2026-02-23 17:00:00+00:00,1.35065,1.35081,1.34842,1.34955,3328,10,0
2026-02-23 18:00:00+00:00,1.3495599999999999,1.35013,1.34927,1.34973,2388,10,0
2026-02-23 19:00:00+00:00,1.3497,1.34985,1.34849,1.3489,1981,10,0
2026-02-23 20:00:00+00:00,1.34887,1.34938,1.34871,1.34917,1581,10,0
2026-02-23 21:00:00+00:00,1.34914,1.34999,1.34889,1.3489499999999999,1188,10,0
2026-02-23 22:00:00+00:00,1.34894,1.34908,1.34879,1.34883,1284,24,0
2026-02-23 23:00:00+00:00,1.34898,1.34996,1.34898,1.34954,964,10,0
2026-02-24 00:00:00+00:00,1.34954,1.3498700000000001,1.34924,1.3494,1698,10,0
2026-02-24 01:00:00+00:00,1.34941,1.34941,1.34774,1.34903,2958,10,0
2026-02-24 02:00:00+00:00,1.34903,1.3498299999999999,1.34866,1.34979,1930,10,0
2026-02-24 03:00:00+00:00,1.34979,1.35012,1.34875,1.34879,1284,10,0
2026-02-24 04:00:00+00:00,1.3488,1.34897,1.34786,1.34824,1220,10,0
2026-02-24 05:00:00+00:00,1.34824,1.34885,1.34794,1.34882,1258,10,0
2026-02-24 06:00:00+00:00,1.34882,1.34915,1.34842,1.34873,1638,10,0
2026-02-24 07:00:00+00:00,1.3487,1.34872,1.34728,1.34781,4061,10,0
2026-02-24 08:00:00+00:00,1.34781,1.34901,1.34694,1.34844,3436,10,0
2026-02-24 09:00:00+00:00,1.34843,1.35025,1.3484,1.34992,2278,10,0
2026-02-24 10:00:00+00:00,1.34995,1.35062,1.34912,1.34931,2048,10,0
2026-02-24 11:00:00+00:00,1.3493,1.34937,1.34839,1.3485800000000001,2167,10,0
2026-02-24 12:00:00+00:00,1.34856,1.34903,1.34778,1.34884,2431,10,0
2026-02-24 13:00:00+00:00,1.34882,1.34918,1.34759,1.3485800000000001,3054,10,0
2026-02-24 14:00:00+00:00,1.34853,1.34991,1.34792,1.34982,4244,10,0
2026-02-24 15:00:00+00:00,1.34979,1.35244,1.34908,1.35142,4724,10,0
2026-02-24 16:00:00+00:00,1.35142,1.3536299999999999,1.35127,1.3529,3202,10,0
2026-02-24 17:00:00+00:00,1.35291,1.35303,1.35138,1.3518,2136,10,0
2026-02-24 18:00:00+00:00,1.35179,1.3519700000000001,1.3506,1.35069,1853,10,0
2026-02-24 19:00:00+00:00,1.35069,1.35123,1.35002,1.35015,1810,10,0
2026-02-24 20:00:00+00:00,1.35015,1.35084,1.34957,1.34973,1716,10,0
2026-02-24 21:00:00+00:00,1.34973,1.34995,1.34875,1.34877,1245,9,0
2026-02-24 22:00:00+00:00,1.3488,1.34898,1.34803,1.34898,831,20,0
2026-02-24 23:00:00+00:00,1.34915,1.34976,1.34915,1.34952,714,10,0
2026-02-25 00:00:00+00:00,1.34954,1.35046,1.34908,1.35036,1722,10,0
2026-02-25 01:00:00+00:00,1.35037,1.35066,1.34999,1.35023,2078,10,0
2026-02-25 02:00:00+00:00,1.3502100000000001,1.35208,1.3502100000000001,1.35181,2425,10,0
2026-02-25 03:00:00+00:00,1.35182,1.35211,1.3507500000000001,1.35122,2990,10,0
2026-02-25 04:00:00+00:00,1.35123,1.35187,1.35101,1.35161,1479,10,0
2026-02-25 05:00:00+00:00,1.35161,1.35248,1.3515,1.35212,1589,10,0
2026-02-25 06:00:00+00:00,1.35212,1.3526500000000001,1.35175,1.3525,1889,10,0
2026-02-25 07:00:00+00:00,1.35252,1.353,1.35149,1.35259,2636,10,0
2026-02-25 08:00:00+00:00,1.35259,1.35334,1.35091,1.35165,3020,10,0
2026-02-25 09:00:00+00:00,1.35162,1.35215,1.35101,1.35169,3135,10,0
2026-02-25 10:00:00+00:00,1.35168,1.35212,1.35061,1.3510499999999999,2413,10,0
2026-02-25 11:00:00+00:00,1.35103,1.35123,1.3490199999999999,1.35047,2387,10,0
2026-02-25 12:00:00+00:00,1.35046,1.35235,1.35026,1.35218,2471,10,0
2026-02-25 13:00:00+00:00,1.35219,1.3535300000000001,1.35072,1.35077,3166,10,0
2026-02-25 14:00:00+00:00,1.3507500000000001,1.35233,1.35062,1.3520699999999999,3643,10,0
2026-02-25 15:00:00+00:00,1.3520699999999999,1.35369,1.35171,1.35333,4597,10,0
2026-02-25 16:00:00+00:00,1.35332,1.3551199999999999,1.35313,1.35499,3318,10,0
2026-02-25 17:00:00+00:00,1.35499,1.35656,1.3547799999999999,1.35556,2564,10,0
2026-02-25 18:00:00+00:00,1.35552,1.3559999999999999,1.35499,1.3552,1555,10,0
2026-02-25 19:00:00+00:00,1.35522,1.35556,1.35473,1.35499,1382,10,0
2026-02-25 20:00:00+00:00,1.35498,1.35556,1.3549,1.35532,1395,10,0
2026-02-25 21:00:00+00:00,1.3553,1.3560400000000001,1.35511,1.35583,1192,9,0
2026-02-25 22:00:00+00:00,1.35585,1.35585,1.35456,1.35525,977,13,0
2026-02-25 23:00:00+00:00,1.35525,1.35594,1.35525,1.35571,2284,10,0
2026-02-26 00:00:00+00:00,1.35571,1.35635,1.3553,1.35635,1581,10,0
2026-02-26 01:00:00+00:00,1.35633,1.35734,1.35618,1.3572899999999999,2394,10,0
2026-02-26 02:00:00+00:00,1.35731,1.35748,1.35551,1.3563399999999999,1765,10,0
2026-02-26 03:00:00+00:00,1.35638,1.35655,1.35551,1.35555,1499,10,0
2026-02-26 04:00:00+00:00,1.35555,1.35587,1.35492,1.35578,1355,10,0
2026-02-26 05:00:00+00:00,1.35576,1.35623,1.35534,1.35603,1866,10,0
2026-02-26 06:00:00+00:00,1.35602,1.3562400000000001,1.35516,1.35554,1880,10,0
2026-02-26 07:00:00+00:00,1.35556,1.35567,1.35437,1.3546,2599,10,0
2026-02-26 08:00:00+00:00,1.35463,1.35472,1.3519700000000001,1.35233,3232,10,0
2026-02-26 09:00:00+00:00,1.3523100000000001,1.35333,1.35184,1.35273,2559,10,0
2026-02-26 10:00:00+00:00,1.35272,1.35355,1.3523100000000001,1.35351,1975,10,0
2026-02-26 11:00:00+00:00,1.35351,1.3544399999999999,1.35283,1.35285,2085,10,0
2026-02-26 12:00:00+00:00,1.35288,1.35498,1.35275,1.3548,2157,10,0
2026-02-26 13:00:00+00:00,1.3547799999999999,1.35561,1.35346,1.35364,3146,10,0
2026-02-26 14:00:00+00:00,1.3536000000000001,1.3553600000000001,1.3532899999999999,1.35449,4197,10,0
2026-02-26 15:00:00+00:00,1.3544800000000001,1.3547500000000001,1.34969,1.35144,6507,10,0
2026-02-26 16:00:00+00:00,1.35141,1.35152,1.34957,1.3502399999999999,3875,10,0
2026-02-26 17:00:00+00:00,1.35026,1.35034,1.34484,1.34507,4103,10,0
2026-02-26 18:00:00+00:00,1.34507,1.3469,1.34448,1.34645,3734,10,0
2026-02-26 19:00:00+00:00,1.3464800000000001,1.34893,1.3462100000000001,1.34869,2273,10,0
2026-02-26 20:00:00+00:00,1.34867,1.3492600000000001,1.34848,1.34911,1661,10,0
2026-02-26 21:00:00+00:00,1.34913,1.34928,1.34795,1.34811,1071,10,0
2026-02-26 22:00:00+00:00,1.34813,1.34832,1.34766,1.34802,842,20,0
2026-02-26 23:00:00+00:00,1.34806,1.34912,1.34793,1.3491,774,10,0
2026-02-27 00:00:00+00:00,1.3491,1.34933,1.3482,1.34851,1977,10,0
2026-02-27 01:00:00+00:00,1.34851,1.34931,1.34759,1.34763,3183,10,0
2026-02-27 02:00:00+00:00,1.34763,1.34881,1.34763,1.34873,1970,10,0
2026-02-27 03:00:00+00:00,1.34873,1.34955,1.34873,1.34914,1584,10,0
2026-02-27 04:00:00+00:00,1.34911,1.3501,1.3489499999999999,1.3496000000000001,1417,10,0
2026-02-27 05:00:00+00:00,1.3495599999999999,1.34964,1.34871,1.34891,1815,10,0
2026-02-27 06:00:00+00:00,1.34891,1.34911,1.34669,1.34692,2519,10,0
2026-02-27 07:00:00+00:00,1.34693,1.34957,1.34612,1.34876,3430,10,0
2026-02-27 08:00:00+00:00,1.34878,1.35077,1.34867,1.3496000000000001,3867,10,0
2026-02-27 09:00:00+00:00,1.3495599999999999,1.34976,1.34818,1.34842,3115,10,0
2026-02-27 10:00:00+00:00,1.34843,1.3486099999999999,1.34725,1.34747,3079,10,0
2026-02-27 11:00:00+00:00,1.34748,1.34813,1.34649,1.34661,2520,10,0
2026-02-27 12:00:00+00:00,1.34659,1.34788,1.34656,1.34704,2861,10,0
2026-02-27 13:00:00+00:00,1.34704,1.34735,1.3439,1.34442,5241,10,0
2026-02-27 14:00:00+00:00,1.34445,1.34761,1.34414,1.34496,4839,10,0
2026-02-27 15:00:00+00:00,1.34497,1.34722,1.34427,1.3443399999999999,5881,10,0
2026-02-27 16:00:00+00:00,1.34432,1.34683,1.34406,1.34543,4554,10,0
2026-02-27 17:00:00+00:00,1.34543,1.3468499999999999,1.34487,1.34595,3479,10,0
2026-02-27 18:00:00+00:00,1.34599,1.34734,1.3459400000000001,1.3471899999999999,2520,10,0
2026-02-27 19:00:00+00:00,1.34718,1.34827,1.347,1.3480400000000001,2039,10,0
2026-02-27 20:00:00+00:00,1.3480400000000001,1.3490199999999999,1.34756,1.34772,2029,10,0
2026-02-27 21:00:00+00:00,1.34775,1.3489,1.34704,1.34871,2325,10,0
2026-03-01 22:00:00+00:00,1.34042,1.34116,1.33979,1.34087,570,138,0
2026-03-01 23:00:00+00:00,1.34138,1.3434,1.3401100000000001,1.34048,2672,17,0
2026-03-02 00:00:00+00:00,1.34045,1.34335,1.34003,1.3431899999999999,4574,10,0
2026-03-02 01:00:00+00:00,1.3431600000000001,1.3453300000000001,1.34284,1.34506,5210,10,0
2026-03-02 02:00:00+00:00,1.34505,1.3451,1.34376,1.3444099999999999,3022,10,0
2026-03-02 03:00:00+00:00,1.34444,1.34555,1.3443800000000001,1.34469,2499,10,0
2026-03-02 04:00:00+00:00,1.34469,1.34506,1.34347,1.34383,2231,10,0
2026-03-02 05:00:00+00:00,1.34382,1.34382,1.3414,1.34149,2503,10,0
2026-03-02 06:00:00+00:00,1.34148,1.34154,1.33756,1.33814,5282,10,0
2026-03-02 07:00:00+00:00,1.33812,1.3385500000000001,1.33439,1.33617,6684,10,0
2026-03-02 08:00:00+00:00,1.33618,1.33707,1.33139,1.33499,7282,10,0
2026-03-02 09:00:00+00:00,1.33499,1.3379400000000001,1.3345099999999999,1.33718,5580,10,0
2026-03-02 10:00:00+00:00,1.33718,1.34086,1.33718,1.34056,4811,10,0
2026-03-02 11:00:00+00:00,1.34059,1.3425799999999999,1.33975,1.34114,4578,10,0
2026-03-02 12:00:00+00:00,1.34113,1.34186,1.3390900000000001,1.33952,5280,10,0
2026-03-02 13:00:00+00:00,1.33952,1.34053,1.33789,1.33823,6163,10,0
2026-03-02 14:00:00+00:00,1.33823,1.34254,1.33748,1.34125,8620,10,0
2026-03-02 15:00:00+00:00,1.34123,1.3412600000000001,1.33649,1.33715,8029,10,0
2026-03-02 16:00:00+00:00,1.33713,1.33945,1.33589,1.33896,5979,10,0
2026-03-02 17:00:00+00:00,1.33898,1.34181,1.3387,1.34151,4521,10,0
2026-03-02 18:00:00+00:00,1.34151,1.3415599999999999,1.3394599999999999,1.34053,3067,10,0
2026-03-02 19:00:00+00:00,1.34052,1.34315,1.3404,1.3427799999999999,2855,10,0
2026-03-02 20:00:00+00:00,1.34281,1.34295,1.33856,1.34009,6471,10,0
2026-03-02 21:00:00+00:00,1.34013,1.34107,1.3401,1.34044,1728,7,0
2026-03-02 22:00:00+00:00,1.34045,1.34046,1.33994,1.34018,850,15,0
2026-03-02 23:00:00+00:00,1.34025,1.34116,1.34013,1.34077,1163,10,0
2026-03-03 00:00:00+00:00,1.3407499999999999,1.34124,1.33972,1.34113,2526,10,0
2026-03-03 01:00:00+00:00,1.34114,1.3424800000000001,1.34053,1.3409200000000001,3955,10,0
2026-03-03 02:00:00+00:00,1.3409,1.34121,1.3391600000000001,1.34046,3629,10,0
2026-03-03 03:00:00+00:00,1.34048,1.34104,1.33949,1.33987,2552,10,0
2026-03-03 04:00:00+00:00,1.3399,1.34029,1.33818,1.33832,2529,10,0
2026-03-03 05:00:00+00:00,1.33833,1.3389,1.33603,1.33629,3774,10,0
2026-03-03 06:00:00+00:00,1.33632,1.33662,1.33532,1.33613,3984,10,0
2026-03-03 07:00:00+00:00,1.33615,1.33615,1.33331,1.33354,5026,10,0
2026-03-03 08:00:00+00:00,1.33352,1.33371,1.32999,1.33036,6918,10,0
2026-03-03 09:00:00+00:00,1.33036,1.3316,1.32806,1.32979,6805,10,0
2026-03-03 10:00:00+00:00,1.32975,1.3309199999999999,1.32825,1.32849,6482,10,0
2026-03-03 11:00:00+00:00,1.32846,1.3299400000000001,1.32621,1.32931,7006,10,0
2026-03-03 12:00:00+00:00,1.32928,1.33271,1.32861,1.3321399999999999,7289,10,0
2026-03-03 13:00:00+00:00,1.33213,1.33256,1.32964,1.33009,6537,10,0
2026-03-03 14:00:00+00:00,1.3301,1.3314,1.32821,1.32842,8982,10,0
2026-03-03 15:00:00+00:00,1.3284,1.3306499999999999,1.32526,1.33013,13065,10,0
2026-03-03 16:00:00+00:00,1.3301,1.33303,1.32964,1.33273,10874,10,0
2026-03-03 17:00:00+00:00,1.3327499999999999,1.33371,1.33078,1.33228,7985,10,0
2026-03-03 18:00:00+00:00,1.33228,1.3363800000000001,1.33222,1.33531,5371,10,0
2026-03-03 19:00:00+00:00,1.33533,1.3368,1.3333599999999999,1.33551,7334,10,0
2026-03-03 20:00:00+00:00,1.33552,1.33696,1.33548,1.3361,4645,10,0
2026-03-03 21:00:00+00:00,1.3361,1.33654,1.33558,1.33558,2167,9,0
2026-03-03 22:00:00+00:00,1.33557,1.33559,1.33432,1.33513,979,22,0
2026-03-03 23:00:00+00:00,1.3351600000000001,1.33633,1.33457,1.3351199999999999,1719,10,0
2026-03-04 00:00:00+00:00,1.33509,1.33521,1.3326799999999999,1.33297,4069,10,0
2026-03-04 01:00:00+00:00,1.33298,1.33348,1.3303,1.33254,5195,10,0
2026-03-04 02:00:00+00:00,1.33253,1.33395,1.33219,1.33296,4485,10,0
2026-03-04 03:00:00+00:00,1.33295,1.33393,1.33224,1.33386,3351,10,0
2026-03-04 04:00:00+00:00,1.33386,1.33412,1.33109,1.33122,3173,10,0
2026-03-04 05:00:00+00:00,1.33122,1.33244,1.33103,1.33174,3477,10,0
2026-03-04 06:00:00+00:00,1.33174,1.33402,1.33049,1.3332899999999999,3677,10,0
2026-03-04 07:00:00+00:00,1.33331,1.33762,1.3332,1.33587,5785,10,0
2026-03-04 08:00:00+00:00,1.33591,1.33621,1.33328,1.33385,6125,10,0
2026-03-04 09:00:00+00:00,1.33383,1.33721,1.3332,1.33599,5491,10,0
2026-03-04 10:00:00+00:00,1.33599,1.33991,1.33599,1.33784,9156,10,0
2026-03-04 11:00:00+00:00,1.33781,1.34029,1.33713,1.3378,4727,10,0
2026-03-04 12:00:00+00:00,1.33781,1.33886,1.3348,1.3351899999999999,5083,10,0
2026-03-04 13:00:00+00:00,1.33517,1.33852,1.33511,1.33623,6401,10,0
2026-03-04 14:00:00+00:00,1.33621,1.33845,1.33569,1.33615,9371,10,0
2026-03-04 15:00:00+00:00,1.33616,1.33811,1.33534,1.3364500000000001,8293,10,0
2026-03-04 16:00:00+00:00,1.33646,1.33764,1.33547,1.33671,5318,10,0
2026-03-04 17:00:00+00:00,1.3366799999999999,1.33707,1.33457,1.33605,4180,10,0
2026-03-04 18:00:00+00:00,1.33608,1.33612,1.33461,1.33504,2992,10,0
2026-03-04 19:00:00+00:00,1.33503,1.3376700000000001,1.33503,1.33741,2811,10,0
2026-03-04 20:00:00+00:00,1.33742,1.33801,1.3370199999999999,1.33755,2351,10,0
2026-03-04 21:00:00+00:00,1.33753,1.33783,1.33695,1.33711,1622,9,0
2026-03-04 22:00:00+00:00,1.33708,1.3372899999999999,1.33696,1.3371,839,22,0
2026-03-04 23:00:00+00:00,1.33721,1.33727,1.33655,1.33687,1231,10,0
2026-03-05 00:00:00+00:00,1.33688,1.33849,1.33643,1.33838,2051,10,0
2026-03-05 01:00:00+00:00,1.33839,1.33869,1.3364099999999999,1.3366799999999999,4047,10,0
2026-03-05 02:00:00+00:00,1.33671,1.33715,1.33588,1.3363800000000001,2832,10,0
2026-03-05 03:00:00+00:00,1.3364,1.33655,1.33374,1.3341,3097,10,0
2026-03-05 04:00:00+00:00,1.33407,1.33433,1.33281,1.33354,2831,10,0
2026-03-05 05:00:00+00:00,1.33353,1.3338700000000001,1.33131,1.33141,3085,10,0
2026-03-05 06:00:00+00:00,1.33138,1.3333300000000001,1.33052,1.33319,4552,10,0
2026-03-05 07:00:00+00:00,1.33317,1.3357299999999999,1.333,1.33412,4752,10,0
2026-03-05 08:00:00+00:00,1.33416,1.33419,1.33147,1.33257,5978,10,0
2026-03-05 09:00:00+00:00,1.33255,1.33762,1.33217,1.33545,11289,10,0
2026-03-05 10:00:00+00:00,1.33545,1.33609,1.33318,1.33501,4991,10,0
2026-03-05 11:00:00+00:00,1.33504,1.33652,1.3345,1.33588,4405,10,0
2026-03-05 12:00:00+00:00,1.33589,1.33735,1.33524,1.33667,4367,10,0
2026-03-05 13:00:00+00:00,1.33663,1.33698,1.33371,1.33453,5712,10,0
2026-03-05 14:00:00+00:00,1.33452,1.33596,1.33321,1.33436,6987,10,0
2026-03-05 15:00:00+00:00,1.33439,1.3353,1.33091,1.33222,7028,10,0
2026-03-05 16:00:00+00:00,1.33222,1.33223,1.32969,1.3318400000000001,6687,10,0
2026-03-05 17:00:00+00:00,1.33186,1.3334,1.33138,1.33294,6760,10,0
2026-03-05 18:00:00+00:00,1.33292,1.33398,1.33175,1.3330899999999999,5809,10,0
2026-03-05 19:00:00+00:00,1.3330899999999999,1.33335,1.33175,1.33193,4014,10,0
2026-03-05 20:00:00+00:00,1.33196,1.33633,1.33182,1.33563,7077,10,0
2026-03-05 21:00:00+00:00,1.33561,1.33651,1.33533,1.33578,1972,4,0
2026-03-05 22:00:00+00:00,1.3357299999999999,1.3357299999999999,1.33385,1.3348499999999999,1071,26,0
2026-03-05 23:00:00+00:00,1.33499,1.33593,1.33483,1.33552,1302,10,0
2026-03-06 00:00:00+00:00,1.33552,1.33642,1.33547,1.33592,2158,10,0
2026-03-06 01:00:00+00:00,1.3359,1.33714,1.33539,1.33648,3598,10,0
2026-03-06 02:00:00+00:00,1.33647,1.33713,1.33632,1.33653,2296,10,0
2026-03-06 03:00:00+00:00,1.3365,1.33731,1.3363800000000001,1.33712,1803,10,0
2026-03-06 04:00:00+00:00,1.33711,1.33719,1.3362,1.33624,1345,10,0
2026-03-06 05:00:00+00:00,1.33621,1.3366500000000001,1.3355000000000001,1.33557,2316,10,0
2026-03-06 06:00:00+00:00,1.33557,1.33691,1.3351899999999999,1.3367499999999999,2580,10,0
2026-03-06 07:00:00+00:00,1.33673,1.33721,1.33599,1.33688,3499,10,0
2026-03-06 08:00:00+00:00,1.3369,1.33789,1.33609,1.3364,4310,10,0
2026-03-06 09:00:00+00:00,1.3363800000000001,1.33643,1.33174,1.33236,5505,10,0
2026-03-06 10:00:00+00:00,1.33237,1.33425,1.33199,1.33401,5148,10,0
2026-03-06 11:00:00+00:00,1.33401,1.33456,1.33172,1.33181,5546,10,0
2026-03-06 12:00:00+00:00,1.3318400000000001,1.33422,1.33108,1.33264,5144,10,0
2026-03-06 13:00:00+00:00,1.3326,1.33891,1.33254,1.33385,12389,10,0
2026-03-06 14:00:00+00:00,1.33383,1.33515,1.3325,1.33406,11665,10,0
2026-03-06 15:00:00+00:00,1.33402,1.33808,1.334,1.3359,12407,10,0
2026-03-06 16:00:00+00:00,1.3359,1.34093,1.33586,1.33975,8297,10,0
2026-03-06 17:00:00+00:00,1.33972,1.34078,1.33842,1.33865,6759,10,0
2026-03-06 18:00:00+00:00,1.33869,1.34064,1.33775,1.33863,6618,10,0
2026-03-06 19:00:00+00:00,1.33866,1.33961,1.33817,1.33861,4469,10,0
2026-03-06 20:00:00+00:00,1.33864,1.33941,1.33784,1.3390900000000001,4013,10,0
2026-03-06 21:00:00+00:00,1.33906,1.34122,1.33898,1.34114,3644,10,0
2026-03-08 21:00:00+00:00,1.33406,1.33457,1.3326500000000001,1.33379,325,47,0
2026-03-08 22:00:00+00:00,1.33404,1.3345799999999999,1.33164,1.33179,4595,10,0
2026-03-08 23:00:00+00:00,1.33178,1.33224,1.32993,1.33046,4359,10,0
2026-03-09 00:00:00+00:00,1.33045,1.33171,1.32961,1.33,4889,10,0
2026-03-09 01:00:00+00:00,1.33,1.33007,1.32825,1.32855,5449,10,0
2026-03-09 02:00:00+00:00,1.32858,1.33075,1.32843,1.33042,4802,10,0
2026-03-09 03:00:00+00:00,1.33042,1.33102,1.32901,1.32949,3539,10,0
2026-03-09 04:00:00+00:00,1.32952,1.33074,1.3293,1.32975,2863,10,0
2026-03-09 05:00:00+00:00,1.32976,1.33374,1.32954,1.3332899999999999,7420,10,0
2026-03-09 06:00:00+00:00,1.33332,1.33402,1.33113,1.33118,5560,10,0
2026-03-09 07:00:00+00:00,1.33122,1.33469,1.3305799999999999,1.3344,6539,10,0
2026-03-09 08:00:00+00:00,1.33442,1.33507,1.33022,1.33183,8463,10,0
2026-03-09 09:00:00+00:00,1.33186,1.33631,1.33134,1.33388,8432,10,0
2026-03-09 10:00:00+00:00,1.33388,1.33501,1.33257,1.33441,7417,10,0
2026-03-09 11:00:00+00:00,1.33442,1.33568,1.33386,1.33469,5912,10,0
2026-03-09 12:00:00+00:00,1.33471,1.33601,1.3345099999999999,1.33518,5957,10,0
2026-03-09 13:00:00+00:00,1.3352,1.33822,1.33498,1.33727,8911,10,0
2026-03-09 14:00:00+00:00,1.3372899999999999,1.33812,1.33456,1.33768,12031,10,0
2026-03-09 15:00:00+00:00,1.33771,1.34001,1.33761,1.33923,6715,10,0
2026-03-09 16:00:00+00:00,1.33921,1.34084,1.33864,1.33906,5131,10,0
2026-03-09 17:00:00+00:00,1.33907,1.3392,1.33816,1.3384800000000001,3686,10,0
2026-03-09 18:00:00+00:00,1.33845,1.33957,1.33829,1.33844,3575,10,0
2026-03-09 19:00:00+00:00,1.33845,1.34456,1.33829,1.3429,13178,10,0
2026-03-09 20:00:00+00:00,1.34293,1.34467,1.34238,1.34369,4539,9,0
2026-03-09 21:00:00+00:00,1.3437000000000001,1.34374,1.3427799999999999,1.34355,1200,62,0
2026-03-09 22:00:00+00:00,1.3437999999999999,1.34478,1.34263,1.34323,2236,10,0
2026-03-09 23:00:00+00:00,1.34323,1.34376,1.342,1.34236,2087,10,0
2026-03-10 00:00:00+00:00,1.34234,1.34439,1.34174,1.34347,4634,10,0
2026-03-10 01:00:00+00:00,1.34345,1.34393,1.34214,1.34304,4466,10,0
2026-03-10 02:00:00+00:00,1.34307,1.34374,1.34189,1.34211,3198,10,0
2026-03-10 03:00:00+00:00,1.34211,1.34253,1.3413300000000001,1.34162,2580,10,0
2026-03-10 04:00:00+00:00,1.34165,1.3428200000000001,1.3413300000000001,1.34242,1998,10,0
2026-03-10 05:00:00+00:00,1.34242,1.34356,1.34237,1.34356,2627,10,0
2026-03-10 06:00:00+00:00,1.34359,1.34575,1.34357,1.34498,2959,10,0
2026-03-10 07:00:00+00:00,1.34503,1.34799,1.34466,1.34767,5347,10,0
2026-03-10 08:00:00+00:00,1.34765,1.34829,1.34521,1.3458700000000001,5868,10,0
2026-03-10 09:00:00+00:00,1.34586,1.3468499999999999,1.3455300000000001,1.34572,4155,10,0
2026-03-10 10:00:00+00:00,1.34569,1.34573,1.3437999999999999,1.34504,4921,10,0
2026-03-10 11:00:00+00:00,1.34509,1.34673,1.34424,1.34439,5762,10,0
2026-03-10 12:00:00+00:00,1.34443,1.34481,1.34297,1.3441100000000001,5811,10,0
2026-03-10 13:00:00+00:00,1.34415,1.34673,1.3439999999999999,1.34476,6734,10,0
2026-03-10 14:00:00+00:00,1.34475,1.3468499999999999,1.34369,1.3467,5848,10,0
2026-03-10 15:00:00+00:00,1.34671,1.34726,1.34527,1.34572,5302,10,0
2026-03-10 16:00:00+00:00,1.34573,1.34665,1.34463,1.34622,4232,10,0
2026-03-10 17:00:00+00:00,1.34625,1.34806,1.3455,1.3462100000000001,5367,10,0
2026-03-10 18:00:00+00:00,1.34623,1.34629,1.3426,1.3428200000000001,9676,10,0
2026-03-10 19:00:00+00:00,1.3428499999999999,1.34353,1.34114,1.34178,5757,10,0
2026-03-10 20:00:00+00:00,1.34181,1.34222,1.34123,1.34155,1997,4,0
2026-03-10 21:00:00+00:00,1.34152,1.34159,1.34132,1.3413599999999999,996,26,0
2026-03-10 22:00:00+00:00,1.34149,1.34186,1.34097,1.3413300000000001,886,10,0
2026-03-10 23:00:00+00:00,1.3413300000000001,1.34203,1.34125,1.34191,1090,10,0
2026-03-11 00:00:00+00:00,1.34192,1.3437000000000001,1.34139,1.34302,3052,10,0
2026-03-11 01:00:00+00:00,1.34302,1.34483,1.34256,1.34453,2964,10,0
2026-03-11 02:00:00+00:00,1.34452,1.34493,1.34357,1.34458,2115,10,0
2026-03-11 03:00:00+00:00,1.34458,1.3453,1.34424,1.34516,1845,10,0
2026-03-11 04:00:00+00:00,1.34518,1.34572,1.34477,1.34538,1706,10,0
2026-03-11 05:00:00+00:00,1.34538,1.34565,1.34456,1.3448,1872,10,0
2026-03-11 06:00:00+00:00,1.34477,1.34559,1.34425,1.34482,2426,10,0
2026-03-11 07:00:00+00:00,1.3448,1.34518,1.34289,1.34342,4753,10,0
2026-03-11 08:00:00+00:00,1.3434599999999999,1.34361,1.3409499999999999,1.3426,4776,10,0
2026-03-11 09:00:00+00:00,1.34262,1.34292,1.34012,1.3415300000000001,5614,10,0
2026-03-11 10:00:00+00:00,1.34152,1.34463,1.34123,1.3445,4119,10,0
2026-03-11 11:00:00+00:00,1.34449,1.3449200000000001,1.3423,1.34274,4725,10,0
2026-03-11 12:00:00+00:00,1.34273,1.34335,1.3394,1.33986,6708,10,0
2026-03-11 13:00:00+00:00,1.33988,1.34222,1.33971,1.34178,6243,10,0
2026-03-11 14:00:00+00:00,1.34174,1.34432,1.34148,1.34233,9968,10,0
2026-03-11 15:00:00+00:00,1.34232,1.34268,1.3393,1.33974,4930,10,0
2026-03-11 16:00:00+00:00,1.3397299999999999,1.34132,1.33938,1.3409499999999999,4450,10,0
2026-03-11 17:00:00+00:00,1.34098,1.34174,1.33982,1.34096,4570,10,0
2026-03-11 18:00:00+00:00,1.34096,1.3418,1.34008,1.34149,3192,10,0
2026-03-11 19:00:00+00:00,1.34149,1.34219,1.3409900000000001,1.34179,1904,10,0
2026-03-11 20:00:00+00:00,1.34179,1.34182,1.3409499999999999,1.34119,1244,10,0
2026-03-11 21:00:00+00:00,1.34118,1.34123,1.34096,1.34106,802,13,0
2026-03-11 22:00:00+00:00,1.34118,1.34141,1.33883,1.33893,1777,10,0
2026-03-11 23:00:00+00:00,1.3389199999999999,1.33934,1.33759,1.3382100000000001,2039,10,0
2026-03-12 00:00:00+00:00,1.33818,1.33922,1.3369,1.3382100000000001,2905,10,0
2026-03-12 01:00:00+00:00,1.33819,1.33969,1.33809,1.33883,2729,10,0
2026-03-12 02:00:00+00:00,1.33884,1.33934,1.33648,1.33704,2401,10,0
2026-03-12 03:00:00+00:00,1.33701,1.33735,1.33658,1.33714,1942,10,0
2026-03-12 04:00:00+00:00,1.33714,1.3372600000000001,1.33606,1.33622,1534,10,0
2026-03-12 05:00:00+00:00,1.33623,1.3376000000000001,1.33613,1.33682,2680,10,0
2026-03-12 06:00:00+00:00,1.33682,1.33818,1.3363800000000001,1.33804,2872,10,0
2026-03-12 07:00:00+00:00,1.33806,1.33921,1.33766,1.3392,3228,10,0
2026-03-12 08:00:00+00:00,1.3391899999999999,1.33972,1.33698,1.33786,3617,10,0
2026-03-12 09:00:00+00:00,1.33788,1.33954,1.3373,1.33929,3554,10,0
2026-03-12 10:00:00+00:00,1.33927,1.33963,1.33814,1.33918,3341,10,0
2026-03-12 11:00:00+00:00,1.33917,1.34093,1.3389199999999999,1.3397299999999999,3288,10,0
2026-03-12 12:00:00+00:00,1.33975,1.33983,1.3367499999999999,1.33776,4367,10,0
2026-03-12 13:00:00+00:00,1.33779,1.33914,1.33619,1.33683,7076,10,0
2026-03-12 14:00:00+00:00,1.33684,1.33742,1.33497,1.3356,6835,10,0
2026-03-12 15:00:00+00:00,1.33559,1.33606,1.33386,1.3348,7387,10,0
2026-03-12 16:00:00+00:00,1.33478,1.33651,1.33376,1.33478,5902,10,0
2026-03-12 17:00:00+00:00,1.33476,1.33609,1.33471,1.33562,4590,10,0
2026-03-12 18:00:00+00:00,1.33563,1.3359,1.33409,1.33422,3345,10,0
2026-03-12 19:00:00+00:00,1.3342399999999999,1.33493,1.33396,1.33471,2972,10,0
2026-03-12 20:00:00+00:00,1.33475,1.33511,1.33408,1.33414,1834,4,0
2026-03-12 21:00:00+00:00,1.33413,1.3342800000000001,1.33385,1.33427,1191,29,0
2026-03-12 22:00:00+00:00,1.33436,1.33513,1.33414,1.33496,1020,10,0
2026-03-12 23:00:00+00:00,1.33497,1.33544,1.3345500000000001,1.33511,1294,10,0
2026-03-13 00:00:00+00:00,1.33513,1.3364500000000001,1.33501,1.33627,2406,10,0
2026-03-13 01:00:00+00:00,1.33626,1.33691,1.33542,1.33558,2030,10,0
2026-03-13 02:00:00+00:00,1.33559,1.33618,1.33462,1.3352,1874,10,0
2026-03-13 03:00:00+00:00,1.33518,1.33534,1.33391,1.33463,1776,10,0
2026-03-13 04:00:00+00:00,1.33459,1.33459,1.33292,1.33313,1421,10,0
2026-03-13 05:00:00+00:00,1.33313,1.33373,1.3328,1.33318,1665,10,0
2026-03-13 06:00:00+00:00,1.3332,1.33338,1.33147,1.33156,2601,10,0
2026-03-13 07:00:00+00:00,1.33152,1.33152,1.32737,1.32795,4454,10,0
2026-03-13 08:00:00+00:00,1.32796,1.32803,1.32549,1.3260399999999999,4998,10,0
2026-03-13 09:00:00+00:00,1.32607,1.32795,1.3258,1.3262,4523,10,0
2026-03-13 10:00:00+00:00,1.32617,1.3274599999999999,1.32516,1.32595,4112,10,0
2026-03-13 11:00:00+00:00,1.32596,1.32671,1.3245,1.32546,4761,10,0
2026-03-13 12:00:00+00:00,1.32546,1.32852,1.32497,1.32711,5976,10,0
2026-03-13 13:00:00+00:00,1.32709,1.3289,1.32632,1.3280699999999999,5768,10,0
2026-03-13 14:00:00+00:00,1.32806,1.32837,1.32532,1.3255,6083,10,0
2026-03-13 15:00:00+00:00,1.32552,1.32609,1.32298,1.32379,6378,10,0
2026-03-13 16:00:00+00:00,1.32376,1.32473,1.3231600000000001,1.32435,5431,10,0
2026-03-13 17:00:00+00:00,1.32432,1.32526,1.32375,1.32458,4213,10,0
2026-03-13 18:00:00+00:00,1.32459,1.32491,1.32347,1.32429,3288,10,0
2026-03-13 19:00:00+00:00,1.32431,1.32442,1.32242,1.32268,2635,10,0
2026-03-13 20:00:00+00:00,1.3226499999999999,1.32285,1.32181,1.32215,1996,10,0
2026-03-15 21:00:00+00:00,1.32382,1.32391,1.32156,1.3234,662,47,0
2026-03-15 22:00:00+00:00,1.32365,1.32407,1.32246,1.3238400000000001,3003,10,0
2026-03-15 23:00:00+00:00,1.32385,1.32478,1.32341,1.3246,2374,10,0
2026-03-16 00:00:00+00:00,1.32461,1.32638,1.32456,1.32626,2708,10,0
2026-03-16 01:00:00+00:00,1.3263,1.32656,1.32468,1.32589,2761,10,0
2026-03-16 02:00:00+00:00,1.32591,1.32598,1.3252,1.32534,2318,10,0
2026-03-16 03:00:00+00:00,1.32534,1.32648,1.3251,1.32608,1639,10,0
2026-03-16 04:00:00+00:00,1.32609,1.32622,1.3249900000000001,1.32507,1266,10,0
2026-03-16 05:00:00+00:00,1.32508,1.32552,1.32485,1.3249900000000001,1649,10,0
2026-03-16 06:00:00+00:00,1.32498,1.3256000000000001,1.32403,1.32501,2156,10,0
2026-03-16 07:00:00+00:00,1.32504,1.3253599999999999,1.323,1.32433,3688,10,0
2026-03-16 08:00:00+00:00,1.32436,1.32545,1.32338,1.32517,4665,10,0
2026-03-16 09:00:00+00:00,1.32515,1.3256000000000001,1.32407,1.3247200000000001,3680,10,0
2026-03-16 10:00:00+00:00,1.32469,1.32728,1.32456,1.3272,3706,10,0
2026-03-16 11:00:00+00:00,1.32718,1.32836,1.32659,1.32792,3225,10,0
2026-03-16 12:00:00+00:00,1.32793,1.32896,1.32764,1.32773,3868,10,0
2026-03-16 13:00:00+00:00,1.32774,1.33097,1.32774,1.33074,4087,10,0
2026-03-16 14:00:00+00:00,1.3307,1.33133,1.32926,1.32968,4672,10,0
2026-03-16 15:00:00+00:00,1.3296700000000001,1.33171,1.32949,1.33018,4076,10,0
2026-03-16 16:00:00+00:00,1.33017,1.3309,1.32882,1.3302800000000001,4474,10,0
2026-03-16 17:00:00+00:00,1.3302800000000001,1.33172,1.3299400000000001,1.33016,4159,10,0
2026-03-16 18:00:00+00:00,1.33015,1.33368,1.33015,1.33318,3503,10,0
2026-03-16 19:00:00+00:00,1.33319,1.33393,1.33235,1.33257,3464,10,0
2026-03-16 20:00:00+00:00,1.33259,1.33282,1.33171,1.33173,1754,4,0
2026-03-16 21:00:00+00:00,1.33174,1.33191,1.33169,1.33175,657,18,0
2026-03-16 22:00:00+00:00,1.33183,1.33192,1.33121,1.33132,923,10,0
2026-03-16 23:00:00+00:00,1.33132,1.33148,1.33077,1.3312,909,10,0
2026-03-17 00:00:00+00:00,1.33121,1.33122,1.32993,1.3302399999999999,2161,10,0
2026-03-17 01:00:00+00:00,1.3302399999999999,1.33081,1.3295,1.33068,2746,10,0
2026-03-17 02:00:00+00:00,1.33066,1.33095,1.33036,1.33052,1573,10,0
2026-03-17 03:00:00+00:00,1.3305,1.3314300000000001,1.33009,1.33016,2261,10,0
2026-03-17 04:00:00+00:00,1.33018,1.33151,1.32996,1.33109,1624,10,0
2026-03-17 05:00:00+00:00,1.33107,1.33147,1.32858,1.32866,2080,10,0
2026-03-17 06:00:00+00:00,1.3287,1.32903,1.32731,1.32901,2954,10,0
2026-03-17 07:00:00+00:00,1.329,1.33148,1.32866,1.33047,3544,10,0
2026-03-17 08:00:00+00:00,1.33049,1.3330899999999999,1.32985,1.33283,4659,10,0
2026-03-17 09:00:00+00:00,1.33283,1.33383,1.33233,1.33349,3748,10,0
2026-03-17 10:00:00+00:00,1.33349,1.33378,1.33222,1.33235,3519,10,0
2026-03-17 11:00:00+00:00,1.33235,1.33395,1.33147,1.3317,3427,10,0
2026-03-17 12:00:00+00:00,1.33167,1.33351,1.3311,1.33323,4086,10,0
2026-03-17 13:00:00+00:00,1.33325,1.33598,1.33323,1.33465,5238,10,0
2026-03-17 14:00:00+00:00,1.33465,1.33571,1.3338700000000001,1.33478,4596,10,0
2026-03-17 15:00:00+00:00,1.33476,1.33564,1.33354,1.3342399999999999,4752,10,0
2026-03-17 16:00:00+00:00,1.33423,1.33486,1.33328,1.33467,4426,10,0
2026-03-17 17:00:00+00:00,1.33466,1.33588,1.33437,1.33586,2737,10,0
2026-03-17 18:00:00+00:00,1.33589,1.3364099999999999,1.3355299999999999,1.33556,2205,10,0
2026-03-17 19:00:00+00:00,1.33559,1.3364099999999999,1.33514,1.33536,1870,10,0
2026-03-17 20:00:00+00:00,1.33539,1.33581,1.33511,1.33538,1224,10,0
2026-03-17 21:00:00+00:00,1.33539,1.33549,1.33523,1.33549,776,13,0
2026-03-17 22:00:00+00:00,1.33563,1.3362,1.33552,1.33588,1758,10,0
2026-03-17 23:00:00+00:00,1.33587,1.33598,1.33552,1.33571,1419,10,0
2026-03-18 00:00:00+00:00,1.33574,1.33629,1.33504,1.3351199999999999,4479,10,0
2026-03-18 01:00:00+00:00,1.3351600000000001,1.33617,1.335,1.33528,1969,10,0
2026-03-18 02:00:00+00:00,1.33532,1.33569,1.33497,1.33523,1596,10,0
2026-03-18 03:00:00+00:00,1.33523,1.33585,1.33503,1.33582,1169,10,0
2026-03-18 04:00:00+00:00,1.33585,1.33648,1.33576,1.33631,1342,10,0
2026-03-18 05:00:00+00:00,1.33632,1.3372,1.3363,1.33712,1483,10,0
2026-03-18 06:00:00+00:00,1.33714,1.33743,1.33617,1.33644,1824,10,0
2026-03-18 07:00:00+00:00,1.3364500000000001,1.33683,1.33475,1.33549,2456,10,0
2026-03-18 08:00:00+00:00,1.33547,1.33608,1.33409,1.33495,2948,10,0
2026-03-18 09:00:00+00:00,1.33496,1.33601,1.33422,1.33601,2378,10,0
2026-03-18 10:00:00+00:00,1.336,1.33629,1.33481,1.33549,2207,10,0
2026-03-18 11:00:00+00:00,1.33549,1.33709,1.3345799999999999,1.33591,4312,10,0
2026-03-18 12:00:00+00:00,1.33592,1.33626,1.3311899999999999,1.33142,6809,10,0
2026-03-18 13:00:00+00:00,1.33145,1.33263,1.33038,1.33254,6602,10,0
2026-03-18 14:00:00+00:00,1.33251,1.33355,1.3302100000000001,1.33257,6132,10,0
2026-03-18 15:00:00+00:00,1.33258,1.33371,1.33178,1.33217,5018,10,0
2026-03-18 16:00:00+00:00,1.33218,1.3336000000000001,1.33192,1.3335,3735,10,0
2026-03-18 17:00:00+00:00,1.3335,1.33442,1.33227,1.3342100000000001,3680,10,0
2026-03-18 18:00:00+00:00,1.33425,1.335,1.32889,1.32889,8163,10,0
2026-03-18 19:00:00+00:00,1.32891,1.32949,1.32735,1.32768,4699,10,0
2026-03-18 20:00:00+00:00,1.32771,1.3279,1.32519,1.32566,2835,4,0
2026-03-18 21:00:00+00:00,1.32564,1.3260100000000001,1.32507,1.3260100000000001,886,20,0
2026-03-18 22:00:00+00:00,1.32633,1.32684,1.32507,1.32591,1440,10,0
2026-03-18 23:00:00+00:00,1.32588,1.32671,1.32566,1.3264,1826,10,0
2026-03-19 00:00:00+00:00,1.32642,1.32851,1.32629,1.32851,2938,10,0
2026-03-19 01:00:00+00:00,1.32847,1.32922,1.3282,1.3283,2392,10,0
2026-03-19 02:00:00+00:00,1.32831,1.32976,1.32771,1.32869,3144,10,0
2026-03-19 03:00:00+00:00,1.32869,1.32912,1.3281100000000001,1.32812,1564,10,0
2026-03-19 04:00:00+00:00,1.32809,1.32813,1.32682,1.3272300000000001,1411,10,0
2026-03-19 05:00:00+00:00,1.3272300000000001,1.32737,1.32625,1.32634,1752,10,0
2026-03-19 06:00:00+00:00,1.32634,1.32767,1.32612,1.32666,3160,10,0
2026-03-19 07:00:00+00:00,1.32668,1.32737,1.32511,1.32633,5305,10,0
2026-03-19 08:00:00+00:00,1.32634,1.3269,1.32453,1.3253,5776,10,0
2026-03-19 09:00:00+00:00,1.3253300000000001,1.32911,1.3253300000000001,1.32847,8355,10,0
2026-03-19 10:00:00+00:00,1.32842,1.32881,1.32712,1.32786,4543,10,0
2026-03-19 11:00:00+00:00,1.3278400000000001,1.32932,1.32711,1.32924,4173,10,0
2026-03-19 12:00:00+00:00,1.32924,1.33097,1.32789,1.32988,10253,10,0
2026-03-19 13:00:00+00:00,1.32985,1.33581,1.32808,1.33501,13751,10,0
2026-03-19 14:00:00+00:00,1.33502,1.33741,1.33374,1.3363800000000001,11883,10,0
2026-03-19 15:00:00+00:00,1.33637,1.3389199999999999,1.33441,1.33583,8437,10,0
2026-03-19 16:00:00+00:00,1.3358400000000001,1.3376000000000001,1.33533,1.33687,8706,10,0
2026-03-19 17:00:00+00:00,1.33685,1.34101,1.33682,1.34032,5078,10,0
2026-03-19 18:00:00+00:00,1.34028,1.3419400000000001,1.33938,1.34186,4073,10,0
2026-03-19 19:00:00+00:00,1.34188,1.34671,1.34188,1.34299,14164,10,0
2026-03-19 20:00:00+00:00,1.34303,1.34358,1.34257,1.34298,2172,7,0
2026-03-19 21:00:00+00:00,1.34299,1.34302,1.3424,1.34262,931,15,0
2026-03-19 22:00:00+00:00,1.34277,1.34419,1.34237,1.34253,1279,10,0
2026-03-19 23:00:00+00:00,1.34254,1.34305,1.34201,1.3424,1446,10,0
2026-03-20 00:00:00+00:00,1.3424,1.3428,1.34175,1.34236,2330,10,0
2026-03-20 01:00:00+00:00,1.34236,1.34288,1.34127,1.34157,2485,10,0
2026-03-20 02:00:00+00:00,1.34157,1.34181,1.3409499999999999,1.34115,1512,10,0
2026-03-20 03:00:00+00:00,1.34115,1.34116,1.3403399999999999,1.34036,1272,10,0
2026-03-20 04:00:00+00:00,1.34036,1.34067,1.3401399999999999,1.34022,1012,10,0
2026-03-20 05:00:00+00:00,1.34026,1.34097,1.33987,1.33996,1361,10,0
2026-03-20 06:00:00+00:00,1.33997,1.34121,1.33994,1.34027,1890,10,0
2026-03-20 07:00:00+00:00,1.34029,1.34308,1.33974,1.3426,3963,10,0
2026-03-20 08:00:00+00:00,1.34264,1.34363,1.34166,1.34169,4117,10,0
2026-03-20 09:00:00+00:00,1.34169,1.34178,1.33807,1.3382100000000001,4845,10,0
2026-03-20 10:00:00+00:00,1.33823,1.33834,1.3363,1.33786,4976,10,0
2026-03-20 11:00:00+00:00,1.33789,1.33992,1.33752,1.33937,3808,10,0
2026-03-20 12:00:00+00:00,1.3394,1.34093,1.33764,1.33804,5784,10,0
2026-03-20 13:00:00+00:00,1.33804,1.33823,1.33474,1.33508,7117,10,0
2026-03-20 14:00:00+00:00,1.33507,1.3351600000000001,1.33049,1.33079,9010,10,0
2026-03-20 15:00:00+00:00,1.33078,1.33496,1.32984,1.33011,9091,10,0
2026-03-20 16:00:00+00:00,1.33013,1.33324,1.33003,1.33225,5471,10,0
2026-03-20 17:00:00+00:00,1.33227,1.33429,1.33155,1.33361,6741,10,0
2026-03-20 18:00:00+00:00,1.33365,1.33531,1.33242,1.33258,5821,10,0
2026-03-20 19:00:00+00:00,1.33261,1.33446,1.33193,1.33335,4130,10,0
2026-03-20 20:00:00+00:00,1.3333599999999999,1.3345799999999999,1.33317,1.33402,2748,10,0
2026-03-22 21:00:00+00:00,1.3312599999999999,1.33162,1.32931,1.32972,599,47,0
2026-03-22 22:00:00+00:00,1.33043,1.3327,1.33035,1.33234,2202,10,0
2026-03-22 23:00:00+00:00,1.33233,1.33349,1.33215,1.33342,2480,10,0
2026-03-23 00:00:00+00:00,1.33343,1.33388,1.33087,1.33196,4143,10,0
2026-03-23 01:00:00+00:00,1.33194,1.3342800000000001,1.33191,1.33325,4633,10,0
2026-03-23 02:00:00+00:00,1.3332600000000001,1.3339699999999999,1.3312599999999999,1.33188,3374,10,0
2026-03-23 03:00:00+00:00,1.33188,1.33235,1.33128,1.3314300000000001,2585,10,0
2026-03-23 04:00:00+00:00,1.33145,1.33247,1.33145,1.33233,2085,10,0
2026-03-23 05:00:00+00:00,1.33233,1.3326799999999999,1.33008,1.33008,2701,10,0
2026-03-23 06:00:00+00:00,1.33006,1.33015,1.3281100000000001,1.32897,4023,10,0
2026-03-23 07:00:00+00:00,1.32893,1.33067,1.3281,1.32895,5549,10,0
2026-03-23 08:00:00+00:00,1.32897,1.3330600000000001,1.32892,1.33084,6766,10,0
2026-03-23 09:00:00+00:00,1.33086,1.33122,1.32633,1.3269,5675,10,0
2026-03-23 10:00:00+00:00,1.3268900000000001,1.328,1.3256299999999999,1.32626,6472,10,0
2026-03-23 11:00:00+00:00,1.3262800000000001,1.34345,1.326,1.33566,49410,10,0
2026-03-23 12:00:00+00:00,1.33562,1.3431,1.3342399999999999,1.34287,23141,10,0
2026-03-23 13:00:00+00:00,1.34289,1.3434300000000001,1.33878,1.34143,18776,10,0
2026-03-23 14:00:00+00:00,1.34148,1.3479,1.34086,1.34426,15671,10,0
2026-03-23 15:00:00+00:00,1.34423,1.34606,1.33833,1.33846,14314,10,0
2026-03-23 16:00:00+00:00,1.33842,1.34149,1.33771,1.34006,12016,10,0
2026-03-23 17:00:00+00:00,1.3400400000000001,1.34298,1.33938,1.34232,8552,10,0
2026-03-23 18:00:00+00:00,1.34235,1.34578,1.34097,1.34537,8293,10,0
2026-03-23 19:00:00+00:00,1.34534,1.34549,1.3430900000000001,1.3430900000000001,4243,10,0
2026-03-23 20:00:00+00:00,1.3430900000000001,1.34334,1.34223,1.3422399999999999,1956,7,0
2026-03-23 21:00:00+00:00,1.34222,1.34254,1.34151,1.34254,901,62,0
2026-03-23 22:00:00+00:00,1.3428200000000001,1.34364,1.34259,1.34323,1469,10,0
2026-03-23 23:00:00+00:00,1.34323,1.34348,1.3422100000000001,1.3425500000000001,1992,10,0
2026-03-24 00:00:00+00:00,1.34256,1.34266,1.33933,1.34005,5403,10,0
2026-03-24 01:00:00+00:00,1.3400699999999999,1.3403399999999999,1.33862,1.33938,4702,10,0
2026-03-24 02:00:00+00:00,1.33936,1.34085,1.33897,1.34005,3721,10,0
2026-03-24 03:00:00+00:00,1.3400400000000001,1.34073,1.33956,1.3397999999999999,2783,10,0
2026-03-24 04:00:00+00:00,1.33982,1.33991,1.3385799999999999,1.33936,2207,10,0
2026-03-24 05:00:00+00:00,1.33939,1.3401399999999999,1.33852,1.33985,3465,10,0
2026-03-24 06:00:00+00:00,1.33986,1.34145,1.3396,1.34114,4316,10,0
2026-03-24 07:00:00+00:00,1.34113,1.34451,1.34089,1.34305,6785,10,0
2026-03-24 08:00:00+00:00,1.34302,1.34304,1.3384800000000001,1.33898,7050,10,0
2026-03-24 09:00:00+00:00,1.33902,1.3404,1.33796,1.3402,5221,10,0
2026-03-24 10:00:00+00:00,1.34021,1.34074,1.33922,1.34052,4569,10,0
2026-03-24 11:00:00+00:00,1.34049,1.34145,1.33854,1.33961,5598,10,0
2026-03-24 12:00:00+00:00,1.33964,1.34045,1.3388200000000001,1.33926,6078,10,0
2026-03-24 13:00:00+00:00,1.33926,1.33939,1.33646,1.3377,8889,10,0
2026-03-24 14:00:00+00:00,1.33771,1.3425,1.33758,1.33987,10625,10,0
2026-03-24 15:00:00+00:00,1.3399,1.3407,1.33765,1.33808,8814,10,0
2026-03-24 16:00:00+00:00,1.33804,1.33939,1.33731,1.3382399999999999,4870,10,0
2026-03-24 17:00:00+00:00,1.33825,1.33842,1.33518,1.33771,9807,10,0
2026-03-24 18:00:00+00:00,1.33775,1.33951,1.33637,1.3383099999999999,6439,10,0
2026-03-24 19:00:00+00:00,1.3383,1.33921,1.3378999999999999,1.3382,3340,10,0
2026-03-24 20:00:00+00:00,1.33818,1.3431600000000001,1.3379400000000001,1.34111,8460,10,0
2026-03-24 21:00:00+00:00,1.34109,1.34109,1.3397299999999999,1.3407,1377,29,0
2026-03-24 22:00:00+00:00,1.34109,1.34188,1.34032,1.3417,1865,10,0
2026-03-24 23:00:00+00:00,1.34171,1.3422399999999999,1.34117,1.34143,2054,10,0
2026-03-25 00:00:00+00:00,1.34145,1.34358,1.34114,1.3428200000000001,4528,10,0
2026-03-25 01:00:00+00:00,1.34281,1.34325,1.3413599999999999,1.34145,3864,10,0
2026-03-25 02:00:00+00:00,1.34146,1.34175,1.33986,1.34023,2727,10,0
2026-03-25 03:00:00+00:00,1.34021,1.3407,1.33971,1.33986,2278,10,0
2026-03-25 04:00:00+00:00,1.33985,1.34,1.33913,1.33915,1720,10,0
2026-03-25 05:00:00+00:00,1.3391600000000001,1.3391899999999999,1.33716,1.33748,2227,10,0
2026-03-25 06:00:00+00:00,1.33747,1.3388,1.33731,1.33823,2798,10,0
2026-03-25 07:00:00+00:00,1.33822,1.33954,1.33693,1.33902,4454,10,0
2026-03-25 08:00:00+00:00,1.33904,1.34239,1.33867,1.34071,6638,10,0
2026-03-25 09:00:00+00:00,1.34073,1.3412,1.3389199999999999,1.33961,4156,10,0
2026-03-25 10:00:00+00:00,1.33963,1.34109,1.33959,1.34093,3457,10,0
2026-03-25 11:00:00+00:00,1.3409,1.34212,1.34046,1.34149,3995,10,0
2026-03-25 12:00:00+00:00,1.34151,1.3427,1.3388900000000001,1.33936,6965,10,0
2026-03-25 13:00:00+00:00,1.33938,1.34008,1.33691,1.33714,6170,10,0
2026-03-25 14:00:00+00:00,1.33716,1.33886,1.33582,1.33847,6841,10,0
2026-03-25 15:00:00+00:00,1.33844,1.3391199999999999,1.3361100000000001,1.3371,6135,10,0
2026-03-25 16:00:00+00:00,1.33709,1.33832,1.33616,1.33784,5112,10,0
2026-03-25 17:00:00+00:00,1.33786,1.33925,1.33725,1.33838,4033,10,0
2026-03-25 18:00:00+00:00,1.33837,1.33856,1.33588,1.33661,3218,10,0
2026-03-25 19:00:00+00:00,1.33657,1.33666,1.33586,1.33658,2624,10,0
2026-03-25 20:00:00+00:00,1.33659,1.33663,1.33576,1.33642,1206,7,0
2026-03-25 21:00:00+00:00,1.33639,1.33646,1.33615,1.33622,796,18,0
2026-03-25 22:00:00+00:00,1.3363399999999999,1.33655,1.3359,1.33612,856,10,0
2026-03-25 23:00:00+00:00,1.3361399999999999,1.33637,1.33592,1.33629,983,10,0
2026-03-26 00:00:00+00:00,1.33629,1.33666,1.33537,1.33583,2011,10,0
2026-03-26 01:00:00+00:00,1.33585,1.33667,1.33558,1.33618,2216,10,0
2026-03-26 02:00:00+00:00,1.33619,1.33631,1.3348,1.3351199999999999,1916,10,0
2026-03-26 03:00:00+00:00,1.33509,1.33661,1.33498,1.33647,1666,10,0
2026-03-26 04:00:00+00:00,1.33647,1.33677,1.33629,1.33649,1187,10,0
2026-03-26 05:00:00+00:00,1.33652,1.33661,1.3354300000000001,1.33547,1843,10,0
2026-03-26 06:00:00+00:00,1.33544,1.33671,1.33514,1.33644,2699,10,0
2026-03-26 07:00:00+00:00,1.3364,1.3366,1.33456,1.33496,3539,10,0
2026-03-26 08:00:00+00:00,1.33497,1.33538,1.3336299999999999,1.33523,3941,10,0
2026-03-26 09:00:00+00:00,1.33523,1.33587,1.33429,1.33534,3583,10,0
2026-03-26 10:00:00+00:00,1.33535,1.3361100000000001,1.33495,1.33529,3184,10,0
2026-03-26 11:00:00+00:00,1.33532,1.33564,1.33259,1.3326,2896,10,0
2026-03-26 12:00:00+00:00,1.33262,1.33368,1.3321100000000001,1.33301,4059,10,0
2026-03-26 13:00:00+00:00,1.33301,1.33651,1.33301,1.33549,5744,10,0
2026-03-26 14:00:00+00:00,1.33554,1.33778,1.33491,1.33608,7326,10,0
2026-03-26 15:00:00+00:00,1.33612,1.33673,1.3336999999999999,1.33503,6122,10,0
2026-03-26 16:00:00+00:00,1.33503,1.33523,1.33338,1.3336700000000001,4030,10,0
2026-03-26 17:00:00+00:00,1.33365,1.33454,1.33181,1.33183,3441,10,0
2026-03-26 18:00:00+00:00,1.33181,1.33284,1.33169,1.33282,2432,10,0
2026-03-26 19:00:00+00:00,1.33285,1.33294,1.3312300000000001,1.3313,2414,10,0
2026-03-26 20:00:00+00:00,1.33131,1.33681,1.33097,1.33291,8605,4,0
2026-03-26 21:00:00+00:00,1.33291,1.33307,1.33254,1.33307,906,13,0
2026-03-26 22:00:00+00:00,1.33319,1.33402,1.33305,1.33374,951,10,0
2026-03-26 23:00:00+00:00,1.33374,1.33395,1.3333,1.33342,1037,10,0
2026-03-27 00:00:00+00:00,1.33339,1.33396,1.33217,1.3332899999999999,3375,10,0
2026-03-27 01:00:00+00:00,1.33331,1.33439,1.33314,1.3342399999999999,2671,10,0
2026-03-27 02:00:00+00:00,1.33427,1.33465,1.33375,1.3341,1843,10,0
2026-03-27 03:00:00+00:00,1.33413,1.33434,1.33342,1.33402,1895,10,0
2026-03-27 04:00:00+00:00,1.334,1.33445,1.33385,1.33426,1582,10,0
2026-03-27 05:00:00+00:00,1.33425,1.33472,1.33362,1.33392,2114,10,0
2026-03-27 06:00:00+00:00,1.33396,1.33453,1.3332600000000001,1.33343,2240,10,0
2026-03-27 07:00:00+00:00,1.33344,1.33352,1.33112,1.33133,2920,10,0
2026-03-27 08:00:00+00:00,1.3313,1.3320699999999999,1.33088,1.33133,4028,10,0
2026-03-27 09:00:00+00:00,1.33131,1.33165,1.33015,1.33063,3643,10,0
2026-03-27 10:00:00+00:00,1.3306,1.33176,1.32999,1.33016,3132,10,0
2026-03-27 11:00:00+00:00,1.33019,1.33048,1.3282,1.32829,2926,10,0
2026-03-27 12:00:00+00:00,1.32826,1.32862,1.32715,1.32813,3747,10,0
2026-03-27 13:00:00+00:00,1.3281800000000001,1.3306,1.3276,1.3296999999999999,4778,10,0
2026-03-27 14:00:00+00:00,1.32965,1.3318400000000001,1.32957,1.33108,5162,10,0
2026-03-27 15:00:00+00:00,1.33108,1.33321,1.3286,1.32907,6722,10,0
2026-03-27 16:00:00+00:00,1.32905,1.32976,1.32732,1.32761,4879,10,0
2026-03-27 17:00:00+00:00,1.32761,1.3288,1.3259699999999999,1.3267,3964,10,0
2026-03-27 18:00:00+00:00,1.32669,1.3276,1.32627,1.32697,3153,10,0
2026-03-27 19:00:00+00:00,1.32697,1.3273,1.32635,1.32713,2703,10,0
2026-03-27 20:00:00+00:00,1.32715,1.32762,1.32609,1.32617,2573,10,0
2026-03-29 21:00:00+00:00,1.32583,1.3261,1.3253599999999999,1.32598,299,47,0
2026-03-29 22:00:00+00:00,1.32664,1.32664,1.32356,1.32376,2509,10,0
2026-03-29 23:00:00+00:00,1.32376,1.32453,1.32335,1.32376,2346,10,0
2026-03-30 00:00:00+00:00,1.32378,1.32598,1.32318,1.32518,4638,10,0
2026-03-30 01:00:00+00:00,1.32517,1.32572,1.3247,1.32496,3458,10,0
2026-03-30 02:00:00+00:00,1.3249900000000001,1.32623,1.32447,1.32577,2729,10,0
2026-03-30 03:00:00+00:00,1.32578,1.32721,1.32569,1.3271,2121,10,0
2026-03-30 04:00:00+00:00,1.32711,1.32768,1.32675,1.32675,1609,10,0
2026-03-30 05:00:00+00:00,1.32674,1.32765,1.32671,1.3272,1860,10,0
2026-03-30 06:00:00+00:00,1.32724,1.32822,1.3265,1.32659,3030,10,0
2026-03-30 07:00:00+00:00,1.32656,1.32666,1.3241100000000001,1.32456,3353,10,0
2026-03-30 08:00:00+00:00,1.32452,1.32461,1.32322,1.32344,3241,10,0
2026-03-30 09:00:00+00:00,1.32345,1.32404,1.32236,1.3235299999999999,3050,10,0
2026-03-30 10:00:00+00:00,1.32356,1.32437,1.32276,1.32284,2781,10,0
2026-03-30 11:00:00+00:00,1.32285,1.3253599999999999,1.32278,1.32306,4907,10,0
2026-03-30 12:00:00+00:00,1.32307,1.32368,1.3219699999999999,1.32278,3642,10,0
2026-03-30 13:00:00+00:00,1.32279,1.32339,1.31802,1.3183500000000001,5171,10,0
2026-03-30 14:00:00+00:00,1.31837,1.32034,1.3174299999999999,1.31976,6027,10,0
2026-03-30 15:00:00+00:00,1.31978,1.3198699999999999,1.31734,1.31894,4880,10,0
2026-03-30 16:00:00+00:00,1.31893,1.31916,1.3181,1.3189600000000001,3332,10,0
2026-03-30 17:00:00+00:00,1.31898,1.3197,1.31813,1.31852,3241,10,0
2026-03-30 18:00:00+00:00,1.3185,1.31938,1.31834,1.31849,2445,10,0
2026-03-30 19:00:00+00:00,1.31847,1.31864,1.31738,1.3185,2498,10,0
2026-03-30 20:00:00+00:00,1.31847,1.31859,1.31775,1.31829,1640,10,0
2026-03-30 21:00:00+00:00,1.3182800000000001,1.31829,1.31745,1.3180100000000001,1240,22,0
2026-03-30 22:00:00+00:00,1.31813,1.31857,1.31786,1.31789,607,10,0
2026-03-30 23:00:00+00:00,1.31788,1.31788,1.31687,1.3172,1342,10,0
2026-03-31 00:00:00+00:00,1.3172,1.32024,1.3158699999999999,1.31998,4737,10,0
2026-03-31 01:00:00+00:00,1.31996,1.3223799999999999,1.31956,1.32098,4316,10,0
2026-03-31 02:00:00+00:00,1.32101,1.32128,1.32047,1.32084,2737,10,0
2026-03-31 03:00:00+00:00,1.3208199999999999,1.32123,1.31977,1.31997,2030,10,0
2026-03-31 04:00:00+00:00,1.31998,1.32042,1.31964,1.31964,1445,10,0
2026-03-31 05:00:00+00:00,1.31963,1.32117,1.31924,1.3201800000000001,2370,10,0
2026-03-31 06:00:00+00:00,1.3201399999999999,1.32086,1.3193,1.32049,3444,10,0
2026-03-31 07:00:00+00:00,1.3205200000000001,1.32092,1.31903,1.3205,4032,10,0
2026-03-31 08:00:00+00:00,1.32051,1.32193,1.31983,1.32114,3306,10,0
2026-03-31 09:00:00+00:00,1.32115,1.32198,1.3206,1.32137,2940,10,0
2026-03-31 10:00:00+00:00,1.32139,1.32171,1.31971,1.31988,2587,10,0
2026-03-31 11:00:00+00:00,1.31989,1.32346,1.31915,1.32341,6130,10,0
2026-03-31 12:00:00+00:00,1.32343,1.3248199999999999,1.32286,1.32365,5999,10,0
2026-03-31 13:00:00+00:00,1.32369,1.32627,1.32293,1.3261,4647,10,0
2026-03-31 14:00:00+00:00,1.3261,1.32639,1.31717,1.31873,9352,10,0
2026-03-31 15:00:00+00:00,1.3187,1.32176,1.31786,1.31841,8398,10,0
2026-03-31 16:00:00+00:00,1.31841,1.32342,1.31749,1.32148,13441,10,0
2026-03-31 17:00:00+00:00,1.32152,1.32477,1.32147,1.32306,9669,10,0
2026-03-31 18:00:00+00:00,1.32301,1.32469,1.3226499999999999,1.32278,4713,10,0
2026-03-31 19:00:00+00:00,1.32274,1.32391,1.32203,1.3235700000000001,3752,10,0
2026-03-31 20:00:00+00:00,1.3235700000000001,1.32409,1.32241,1.32266,2549,4,0
2026-03-31 21:00:00+00:00,1.3226200000000001,1.32269,1.32219,1.32219,576,20,0
2026-03-31 22:00:00+00:00,1.32232,1.32314,1.32205,1.32312,1443,10,0
2026-03-31 23:00:00+00:00,1.32312,1.32442,1.32287,1.32429,1592,10,0
2026-04-01 00:00:00+00:00,1.32428,1.32542,1.32388,1.3246,2499,10,0
2026-04-01 01:00:00+00:00,1.32459,1.3247200000000001,1.32193,1.32308,4129,10,0
2026-04-01 02:00:00+00:00,1.32311,1.32431,1.32291,1.32395,2264,10,0
2026-04-01 03:00:00+00:00,1.32392,1.32397,1.32309,1.32329,1888,10,0
2026-04-01 04:00:00+00:00,1.3232599999999999,1.32434,1.3231899999999999,1.32424,1736,10,0
2026-04-01 05:00:00+00:00,1.32427,1.32651,1.32412,1.32561,2455,10,0
2026-04-01 06:00:00+00:00,1.32561,1.32925,1.32545,1.32882,5664,10,0
2026-04-01 07:00:00+00:00,1.32885,1.32912,1.32623,1.32651,6308,10,0
2026-04-01 08:00:00+00:00,1.3265,1.33004,1.32611,1.32887,5566,10,0
2026-04-01 09:00:00+00:00,1.32883,1.3296000000000001,1.32772,1.32923,4639,10,0
2026-04-01 10:00:00+00:00,1.32922,1.33183,1.32922,1.33013,4409,10,0
2026-04-01 11:00:00+00:00,1.33013,1.33242,1.32985,1.33209,3251,10,0
2026-04-01 12:00:00+00:00,1.33212,1.3326500000000001,1.3294000000000001,1.33056,8325,10,0
2026-04-01 13:00:00+00:00,1.33057,1.33247,1.32927,1.3314599999999999,7915,10,0
2026-04-01 14:00:00+00:00,1.33144,1.33355,1.3303099999999999,1.33334,8109,10,0
2026-04-01 15:00:00+00:00,1.33335,1.33375,1.33166,1.33289,4531,10,0
2026-04-01 16:00:00+00:00,1.3329,1.33386,1.33137,1.33381,3483,10,0
2026-04-01 17:00:00+00:00,1.33382,1.33459,1.3314599999999999,1.33173,3150,10,0
2026-04-01 18:00:00+00:00,1.33169,1.3317700000000001,1.32942,1.3300100000000001,4086,10,0
2026-04-01 19:00:00+00:00,1.3300100000000001,1.3306200000000001,1.32921,1.32999,3031,10,0
2026-04-01 20:00:00+00:00,1.32998,1.33069,1.32993,1.3306,1860,4,0
2026-04-01 21:00:00+00:00,1.33061,1.33061,1.32889,1.33009,1058,26,0
2026-04-01 22:00:00+00:00,1.33032,1.33097,1.33032,1.33052,1061,10,0
2026-04-01 23:00:00+00:00,1.33056,1.33102,1.33002,1.33019,1360,10,0
2026-04-02 00:00:00+00:00,1.33019,1.33142,1.32969,1.33117,3185,10,0
2026-04-02 01:00:00+00:00,1.33115,1.33199,1.32474,1.3255,13584,10,0
2026-04-02 02:00:00+00:00,1.3255,1.3263099999999999,1.3241800000000001,1.32452,4357,10,0
2026-04-02 03:00:00+00:00,1.3245,1.3248199999999999,1.32306,1.32347,2750,10,0
2026-04-02 04:00:00+00:00,1.32347,1.32392,1.32293,1.32359,2548,10,0
2026-04-02 05:00:00+00:00,1.3235700000000001,1.32378,1.3214000000000001,1.32149,2803,10,0
2026-04-02 06:00:00+00:00,1.32149,1.3223799999999999,1.32009,1.32233,4329,10,0
2026-04-02 07:00:00+00:00,1.32237,1.32256,1.32012,1.32164,4494,10,0
2026-04-02 08:00:00+00:00,1.32166,1.32189,1.31956,1.3201,3388,10,0
2026-04-02 09:00:00+00:00,1.32013,1.32084,1.31939,1.32016,2853,10,0
2026-04-02 10:00:00+00:00,1.3202099999999999,1.32024,1.31851,1.31856,3190,10,0
2026-04-02 11:00:00+00:00,1.3186,1.32027,1.3181,1.3201100000000001,3009,10,0
2026-04-02 12:00:00+00:00,1.32012,1.32183,1.31997,1.32139,4360,10,0
2026-04-02 13:00:00+00:00,1.32135,1.32202,1.32016,1.32192,5877,10,0
2026-04-02 14:00:00+00:00,1.32192,1.32481,1.32087,1.3243,12039,10,0
2026-04-02 15:00:00+00:00,1.32431,1.3251,1.32259,1.32382,6535,10,0
2026-04-02 16:00:00+00:00,1.32382,1.32416,1.32264,1.32307,4627,10,0
2026-04-02 17:00:00+00:00,1.32305,1.32423,1.32215,1.32245,3300,10,0
2026-04-02 18:00:00+00:00,1.32245,1.3228900000000001,1.32208,1.32232,2604,10,0
2026-04-02 19:00:00+00:00,1.32232,1.32314,1.32216,1.3222800000000001,2606,10,0
2026-04-02 20:00:00+00:00,1.3223,1.32282,1.32202,1.32261,1250,10,0
2026-04-02 21:00:00+00:00,1.32259,1.32259,1.32141,1.32205,813,13,0
2026-04-02 22:00:00+00:00,1.3223099999999999,1.32259,1.32187,1.32218,475,17,0
2026-04-02 23:00:00+00:00,1.32218,1.32269,1.32199,1.3225799999999999,398,101,0
2026-04-03 00:00:00+00:00,1.32253,1.32328,1.3223799999999999,1.3228900000000001,722,101,0
2026-04-03 01:00:00+00:00,1.3228900000000001,1.32302,1.32208,1.3222,559,101,0
2026-04-03 02:00:00+00:00,1.32221,1.32279,1.3216,1.32216,540,101,0
2026-04-03 03:00:00+00:00,1.32218,1.3225500000000001,1.32211,1.32251,435,101,0
2026-04-03 04:00:00+00:00,1.32251,1.32254,1.3220399999999999,1.32212,477,101,0
2026-04-03 05:00:00+00:00,1.32212,1.32295,1.32166,1.32294,548,101,0
2026-04-03 06:00:00+00:00,1.32294,1.3232300000000001,1.32239,1.32287,636,101,0
2026-04-03 07:00:00+00:00,1.32286,1.32381,1.32279,1.32331,794,101,0
2026-04-03 08:00:00+00:00,1.32332,1.3235299999999999,1.32271,1.32343,659,101,0
2026-04-03 09:00:00+00:00,1.32338,1.32348,1.32276,1.3229899999999999,773,101,0
2026-04-03 10:00:00+00:00,1.32297,1.32338,1.32246,1.32279,534,101,0
2026-04-03 11:00:00+00:00,1.32279,1.32341,1.32277,1.32303,734,101,0
2026-04-03 12:00:00+00:00,1.32302,1.32364,1.32032,1.32122,3105,10,0
2026-04-03 13:00:00+00:00,1.32122,1.32196,1.32077,1.3216999999999999,1691,10,0
2026-04-03 14:00:00+00:00,1.32169,1.32175,1.3202099999999999,1.32026,1234,10,0
2026-04-03 15:00:00+00:00,1.32026,1.32151,1.31954,1.32008,3273,10,0
2026-04-03 16:00:00+00:00,1.32006,1.32022,1.31942,1.31968,1276,10,0
2026-04-03 17:00:00+00:00,1.31969,1.32004,1.31939,1.31966,1703,10,0
2026-04-03 18:00:00+00:00,1.31972,1.31977,1.3188,1.31913,1077,10,0
2026-04-03 19:00:00+00:00,1.31913,1.31939,1.31897,1.31934,647,19,0
2026-04-03 20:00:00+00:00,1.31934,1.32088,1.31843,1.31974,2225,19,0
2026-04-05 21:00:00+00:00,1.31868,1.31908,1.31854,1.31885,238,47,0
2026-04-05 22:00:00+00:00,1.31915,1.31934,1.31764,1.31908,2734,10,0
2026-04-05 23:00:00+00:00,1.31911,1.3194,1.31848,1.31856,1565,10,0
2026-04-06 00:00:00+00:00,1.31855,1.3197999999999999,1.31849,1.31967,2478,10,0
2026-04-06 01:00:00+00:00,1.3197,1.32001,1.3189899999999999,1.31927,1897,10,0
2026-04-06 02:00:00+00:00,1.31927,1.32178,1.31924,1.32108,2920,10,0
2026-04-06 03:00:00+00:00,1.32108,1.32134,1.32043,1.32066,2062,10,0
2026-04-06 04:00:00+00:00,1.32067,1.32138,1.32063,1.3212,1495,10,0
2026-04-06 05:00:00+00:00,1.32121,1.32207,1.32112,1.32155,1458,10,0
2026-04-06 06:00:00+00:00,1.32155,1.32263,1.32107,1.32186,2771,10,0
2026-04-06 07:00:00+00:00,1.32188,1.32581,1.32089,1.32528,3465,10,0
2026-04-06 08:00:00+00:00,1.32529,1.32587,1.3246,1.32487,3247,10,0
2026-04-06 09:00:00+00:00,1.32488,1.32554,1.32422,1.3244799999999999,2795,10,0
2026-04-06 10:00:00+00:00,1.32452,1.32529,1.32342,1.32437,3219,10,0
2026-04-06 11:00:00+00:00,1.3244099999999999,1.32456,1.32322,1.32368,2378,10,0
2026-04-06 12:00:00+00:00,1.32366,1.32485,1.32337,1.32452,2615,10,0
2026-04-06 13:00:00+00:00,1.3245,1.32605,1.32412,1.32568,3343,10,0
2026-04-06 14:00:00+00:00,1.32571,1.32684,1.32372,1.3237999999999999,6522,10,0
2026-04-06 15:00:00+00:00,1.32379,1.32379,1.32236,1.32333,3303,10,0
2026-04-06 16:00:00+00:00,1.32334,1.32393,1.32309,1.32343,2415,10,0
2026-04-06 17:00:00+00:00,1.32343,1.32354,1.32177,1.32261,3193,10,0
2026-04-06 18:00:00+00:00,1.3226499999999999,1.3244099999999999,1.32243,1.32371,3060,10,0
2026-04-06 19:00:00+00:00,1.32372,1.324,1.32331,1.32338,1564,10,0
2026-04-06 20:00:00+00:00,1.32338,1.32378,1.32322,1.32356,927,4,0
2026-04-06 21:00:00+00:00,1.32352,1.32368,1.32345,1.32363,820,15,0
2026-04-06 22:00:00+00:00,1.32371,1.3242099999999999,1.32331,1.32339,957,10,0
2026-04-06 23:00:00+00:00,1.32338,1.32351,1.32297,1.32335,828,10,0
2026-04-07 00:00:00+00:00,1.32334,1.32388,1.32291,1.32308,2335,10,0
2026-04-07 01:00:00+00:00,1.32307,1.32352,1.32149,1.32193,2650,10,0
2026-04-07 02:00:00+00:00,1.3219400000000001,1.3220399999999999,1.32111,1.32173,2014,10,0
2026-04-07 03:00:00+00:00,1.32173,1.32253,1.32162,1.32247,1345,10,0
2026-04-07 04:00:00+00:00,1.32247,1.32342,1.32232,1.3232300000000001,1513,10,0
2026-04-07 05:00:00+00:00,1.32325,1.32336,1.32183,1.323,2386,10,0
2026-04-07 06:00:00+00:00,1.32303,1.32478,1.3226,1.32458,3497,10,0
2026-04-07 07:00:00+00:00,1.32461,1.3247499999999999,1.32264,1.3233,3491,10,0
2026-04-07 08:00:00+00:00,1.32329,1.3284799999999999,1.3232599999999999,1.32824,7360,10,0
2026-04-07 09:00:00+00:00,1.32822,1.32837,1.32649,1.32652,3559,10,0
2026-04-07 10:00:00+00:00,1.32654,1.32684,1.32361,1.32428,7258,10,0
2026-04-07 11:00:00+00:00,1.32429,1.32485,1.32358,1.32459,3672,10,0
2026-04-07 12:00:00+00:00,1.32462,1.32653,1.3237700000000001,1.32501,5707,10,0
2026-04-07 13:00:00+00:00,1.32505,1.32569,1.32363,1.3241399999999999,5637,10,0
2026-04-07 14:00:00+00:00,1.32412,1.32669,1.32352,1.32463,6586,10,0
2026-04-07 15:00:00+00:00,1.32464,1.32554,1.32382,1.32396,5666,10,0
2026-04-07 16:00:00+00:00,1.32393,1.32587,1.32389,1.32497,5047,10,0
2026-04-07 17:00:00+00:00,1.32498,1.3266200000000001,1.3247,1.32621,3809,10,0
2026-04-07 18:00:00+00:00,1.32622,1.32697,1.32542,1.32584,3105,10,0
2026-04-07 19:00:00+00:00,1.32585,1.32934,1.32554,1.32869,7794,10,0
2026-04-07 20:00:00+00:00,1.32867,1.33006,1.32849,1.32922,3222,7,0
2026-04-07 21:00:00+00:00,1.32921,1.32926,1.32887,1.32926,804,13,0
2026-04-07 22:00:00+00:00,1.3293,1.33744,1.32864,1.33722,7517,10,0
2026-04-07 23:00:00+00:00,1.3372600000000001,1.34089,1.33666,1.3400699999999999,9724,10,0
2026-04-08 00:00:00+00:00,1.34009,1.34103,1.3378999999999999,1.33874,9293,10,0
2026-04-08 01:00:00+00:00,1.33873,1.3415300000000001,1.3385500000000001,1.34037,5491,10,0
2026-04-08 02:00:00+00:00,1.34036,1.3412600000000001,1.33938,1.3400400000000001,3770,10,0
2026-04-08 03:00:00+00:00,1.3400699999999999,1.34044,1.33915,1.33982,3126,10,0
2026-04-08 04:00:00+00:00,1.33985,1.34171,1.33985,1.34155,2977,10,0
2026-04-08 05:00:00+00:00,1.3415599999999999,1.34456,1.34081,1.34329,4135,10,0
2026-04-08 06:00:00+00:00,1.34326,1.34437,1.34191,1.34294,5884,10,0
2026-04-08 07:00:00+00:00,1.34297,1.3434300000000001,1.34103,1.34236,5660,10,0
2026-04-08 08:00:00+00:00,1.34233,1.34323,1.34064,1.34273,4910,10,0
2026-04-08 09:00:00+00:00,1.34275,1.34405,1.34199,1.34247,4340,10,0
2026-04-08 10:00:00+00:00,1.34246,1.34448,1.34231,1.34403,3203,10,0
2026-04-08 11:00:00+00:00,1.34402,1.34697,1.34367,1.34654,4334,10,0
2026-04-08 12:00:00+00:00,1.3465799999999999,1.3484099999999999,1.34519,1.34728,6637,10,0
2026-04-08 13:00:00+00:00,1.34728,1.34818,1.3439999999999999,1.34473,6821,10,0
2026-04-08 14:00:00+00:00,1.34471,1.34599,1.34349,1.34484,7516,10,0
2026-04-08 15:00:00+00:00,1.34484,1.34486,1.34277,1.34385,5363,10,0
2026-04-08 16:00:00+00:00,1.34385,1.34385,1.34195,1.34243,3583,10,0
2026-04-08 17:00:00+00:00,1.3424,1.34279,1.34094,1.34191,3703,10,0
2026-04-08 18:00:00+00:00,1.34191,1.34249,1.3385099999999999,1.3386,4797,10,0
2026-04-08 19:00:00+00:00,1.33856,1.3408,1.33807,1.34063,3646,10,0
2026-04-08 20:00:00+00:00,1.34066,1.34086,1.33923,1.33936,1912,10,0
2026-04-08 21:00:00+00:00,1.33934,1.33967,1.33888,1.33967,902,31,0
2026-04-08 22:00:00+00:00,1.33972,1.3403100000000001,1.33934,1.33976,922,10,0
2026-04-08 23:00:00+00:00,1.33976,1.3399,1.33906,1.33923,1198,10,0
2026-04-09 00:00:00+00:00,1.33925,1.33958,1.33849,1.33906,2560,10,0
2026-04-09 01:00:00+00:00,1.33908,1.33931,1.33808,1.33913,2565,10,0
2026-04-09 02:00:00+00:00,1.33913,1.34018,1.33874,1.33952,2147,10,0
2026-04-09 03:00:00+00:00,1.33952,1.33982,1.33895,1.3394599999999999,1964,10,0
2026-04-09 04:00:00+00:00,1.3395000000000001,1.34061,1.33942,1.33985,1857,10,0
2026-04-09 05:00:00+00:00,1.33985,1.34005,1.33887,1.33904,2145,10,0
2026-04-09 06:00:00+00:00,1.33907,1.33964,1.33822,1.3394599999999999,3043,10,0
2026-04-09 07:00:00+00:00,1.33948,1.34009,1.33802,1.33926,3540,10,0
2026-04-09 08:00:00+00:00,1.33926,1.34074,1.33832,1.3403,3168,10,0
2026-04-09 09:00:00+00:00,1.34029,1.34138,1.33991,1.34025,2837,10,0
2026-04-09 10:00:00+00:00,1.34025,1.3409900000000001,1.33968,1.3397000000000001,2700,10,0
2026-04-09 11:00:00+00:00,1.33967,1.343,1.33954,1.3428499999999999,3015,10,0
2026-04-09 12:00:00+00:00,1.3428499999999999,1.34299,1.3406799999999999,1.34155,3603,10,0
2026-04-09 13:00:00+00:00,1.34157,1.34294,1.34128,1.34203,4030,10,0
2026-04-09 14:00:00+00:00,1.34202,1.3428,1.34037,1.34144,4743,10,0
2026-04-09 15:00:00+00:00,1.34144,1.34442,1.3403,1.34415,6443,10,0
2026-04-09 16:00:00+00:00,1.34416,1.34555,1.34375,1.3444099999999999,3553,10,0
2026-04-09 17:00:00+00:00,1.3444,1.34582,1.3444,1.34509,2955,10,0
2026-04-09 18:00:00+00:00,1.34511,1.34518,1.34295,1.34324,3560,10,0
2026-04-09 19:00:00+00:00,1.34323,1.34449,1.34301,1.34357,2325,10,0
2026-04-09 20:00:00+00:00,1.34357,1.3437000000000001,1.34304,1.34359,1384,9,0
2026-04-09 21:00:00+00:00,1.34356,1.34356,1.34287,1.34299,929,20,0
2026-04-09 22:00:00+00:00,1.34308,1.34365,1.34237,1.34268,1078,10,0
2026-04-09 23:00:00+00:00,1.34267,1.3434,1.34263,1.34287,1021,10,0
2026-04-10 00:00:00+00:00,1.34287,1.3429,1.34205,1.3425099999999999,1869,10,0
2026-04-10 01:00:00+00:00,1.3425,1.3431899999999999,1.34207,1.34283,1778,10,0
2026-04-10 02:00:00+00:00,1.34286,1.34294,1.3419699999999999,1.34241,1592,10,0
2026-04-10 03:00:00+00:00,1.34242,1.34268,1.3422399999999999,1.34247,1104,10,0
2026-04-10 04:00:00+00:00,1.3424800000000001,1.34267,1.34203,1.34209,1150,10,0
2026-04-10 05:00:00+00:00,1.34209,1.34226,1.34144,1.34189,1317,10,0
2026-04-10 06:00:00+00:00,1.34192,1.34245,1.34125,1.34169,2521,10,0
2026-04-10 07:00:00+00:00,1.34166,1.34283,1.3410199999999999,1.34119,2791,10,0
2026-04-10 08:00:00+00:00,1.34121,1.3426,1.3411,1.34205,2421,10,0
2026-04-10 09:00:00+00:00,1.34207,1.34396,1.34168,1.3437299999999999,4061,10,0
2026-04-10 10:00:00+00:00,1.34372,1.34439,1.34341,1.34365,2425,10,0
2026-04-10 11:00:00+00:00,1.34362,1.34452,1.34349,1.3443800000000001,2030,10,0
2026-04-10 12:00:00+00:00,1.34442,1.34673,1.3443,1.34582,3685,10,0
2026-04-10 13:00:00+00:00,1.34578,1.34766,1.34554,1.3462100000000001,4285,10,0
2026-04-10 14:00:00+00:00,1.34616,1.34789,1.34513,1.34608,5225,10,0
2026-04-10 15:00:00+00:00,1.34607,1.34775,1.34569,1.34577,3965,10,0
2026-04-10 16:00:00+00:00,1.3458,1.34612,1.34477,1.34555,3074,10,0
2026-04-10 17:00:00+00:00,1.3455599999999999,1.34638,1.34535,1.34575,2314,10,0
2026-04-10 18:00:00+00:00,1.34574,1.34717,1.34528,1.34688,2545,10,0
2026-04-10 19:00:00+00:00,1.3469,1.34711,1.3465799999999999,1.34677,1859,10,0
2026-04-10 20:00:00+00:00,1.3467799999999999,1.34697,1.34549,1.34613,1618,10,0
2026-04-12 21:00:00+00:00,1.33815,1.34026,1.33786,1.34018,808,51,0
2026-04-12 22:00:00+00:00,1.34017,1.34061,1.33868,1.33947,2594,10,0
2026-04-12 23:00:00+00:00,1.33947,1.33961,1.33808,1.33937,1929,10,0
2026-04-13 00:00:00+00:00,1.3394,1.34018,1.3385799999999999,1.34018,2974,10,0
2026-04-13 01:00:00+00:00,1.34019,1.34089,1.33979,1.34028,2445,10,0
2026-04-13 02:00:00+00:00,1.34027,1.34058,1.33996,1.34036,1512,10,0
2026-04-13 03:00:00+00:00,1.34039,1.34055,1.33993,1.34037,1408,10,0
2026-04-13 04:00:00+00:00,1.3403800000000001,1.34071,1.34022,1.34048,1312,10,0
2026-04-13 05:00:00+00:00,1.34048,1.3407200000000001,1.34013,1.34055,1588,10,0
2026-04-13 06:00:00+00:00,1.34055,1.34143,1.3401399999999999,1.34112,2867,10,0
2026-04-13 07:00:00+00:00,1.34113,1.34334,1.34107,1.34313,2839,10,0
2026-04-13 08:00:00+00:00,1.3431,1.34337,1.3422399999999999,1.34275,2699,10,0
2026-04-13 09:00:00+00:00,1.34275,1.3433899999999999,1.34234,1.34286,2246,10,0
2026-04-13 10:00:00+00:00,1.34286,1.34355,1.3422100000000001,1.34347,2060,10,0
2026-04-13 11:00:00+00:00,1.34348,1.34426,1.34182,1.34184,2797,10,0
2026-04-13 12:00:00+00:00,1.3418700000000001,1.34386,1.34155,1.34353,3441,10,0
2026-04-13 13:00:00+00:00,1.34356,1.3465500000000001,1.3433899999999999,1.34523,4664,10,0
2026-04-13 14:00:00+00:00,1.34527,1.3465099999999999,1.34443,1.34603,5195,10,0
2026-04-13 15:00:00+00:00,1.34601,1.34615,1.34485,1.34577,3857,10,0
2026-04-13 16:00:00+00:00,1.34575,1.34826,1.34517,1.34735,5316,10,0
2026-04-13 17:00:00+00:00,1.34734,1.34911,1.34734,1.34881,2580,10,0
2026-04-13 18:00:00+00:00,1.34879,1.3508200000000001,1.34846,1.35069,2676,10,0
2026-04-13 19:00:00+00:00,1.35069,1.3507500000000001,1.34998,1.3504399999999999,2062,10,0
2026-04-13 20:00:00+00:00,1.35047,1.35081,1.35034,1.35058,1147,7,0
2026-04-13 21:00:00+00:00,1.35057,1.35057,1.34923,1.35001,765,11,0
2026-04-13 22:00:00+00:00,1.35013,1.35119,1.35012,1.35107,718,10,0
2026-04-13 23:00:00+00:00,1.35107,1.35156,1.35096,1.3515,913,10,0
2026-04-14 00:00:00+00:00,1.35149,1.35165,1.3508,1.3514300000000001,1904,10,0
2026-04-14 01:00:00+00:00,1.3514,1.35153,1.35042,1.35053,1788,10,0
2026-04-14 02:00:00+00:00,1.35053,1.35087,1.35033,1.35086,1203,10,0
2026-04-14 03:00:00+00:00,1.35083,1.3517000000000001,1.35057,1.35161,1167,10,0
2026-04-14 04:00:00+00:00,1.35161,1.35214,1.35141,1.35185,883,10,0
2026-04-14 05:00:00+00:00,1.35186,1.35213,1.3510499999999999,1.35161,1343,10,0
2026-04-14 06:00:00+00:00,1.35162,1.3526799999999999,1.3510499999999999,1.35221,2862,10,0
2026-04-14 07:00:00+00:00,1.35223,1.3538999999999999,1.35211,1.35315,3684,10,0
2026-04-14 08:00:00+00:00,1.35315,1.35385,1.35264,1.35374,2912,10,0
2026-04-14 09:00:00+00:00,1.35377,1.35495,1.35332,1.35425,2414,10,0
2026-04-14 10:00:00+00:00,1.35423,1.35623,1.35397,1.35591,2753,10,0
2026-04-14 11:00:00+00:00,1.3559,1.3578299999999999,1.35576,1.35717,3005,10,0
2026-04-14 12:00:00+00:00,1.3571900000000001,1.35893,1.3566500000000001,1.35863,3802,10,0
2026-04-14 13:00:00+00:00,1.35861,1.35877,1.35684,1.35824,4029,10,0
2026-04-14 14:00:00+00:00,1.35822,1.35886,1.35739,1.35867,4027,10,0
2026-04-14 15:00:00+00:00,1.35866,1.35868,1.35608,1.35609,4007,10,0
2026-04-14 16:00:00+00:00,1.35611,1.3568,1.35575,1.35671,2493,10,0
2026-04-14 17:00:00+00:00,1.35671,1.3572600000000001,1.35635,1.35698,1985,10,0
2026-04-14 18:00:00+00:00,1.35701,1.35718,1.35602,1.35629,2258,10,0
2026-04-14 19:00:00+00:00,1.3562699999999999,1.3566500000000001,1.3560699999999999,1.35625,1627,10,0
2026-04-14 20:00:00+00:00,1.35629,1.3569,1.35619,1.35652,965,10,0
2026-04-14 21:00:00+00:00,1.3565,1.35652,1.35575,1.3563100000000001,1263,35,0
2026-04-14 22:00:00+00:00,1.35642,1.35709,1.35632,1.35676,1027,10,0
2026-04-14 23:00:00+00:00,1.35677,1.35788,1.3566099999999999,1.35742,1444,10,0
2026-04-15 00:00:00+00:00,1.35739,1.3575300000000001,1.35649,1.35731,2097,10,0
2026-04-15 01:00:00+00:00,1.3573,1.35773,1.3567,1.35693,2216,10,0
2026-04-15 02:00:00+00:00,1.35693,1.35696,1.35567,1.35593,1567,10,0
2026-04-15 03:00:00+00:00,1.35593,1.35672,1.35571,1.35651,1354,10,0
2026-04-15 04:00:00+00:00,1.35649,1.35676,1.3564,1.35672,1103,10,0
2026-04-15 05:00:00+00:00,1.35672,1.3578299999999999,1.35635,1.35648,2211,10,0
2026-04-15 06:00:00+00:00,1.35649,1.35734,1.3556300000000001,1.35593,2816,10,0
2026-04-15 07:00:00+00:00,1.35589,1.35691,1.3555,1.35596,3336,10,0
2026-04-15 08:00:00+00:00,1.35595,1.35675,1.35561,1.35636,2663,10,0
2026-04-15 09:00:00+00:00,1.35636,1.35694,1.35487,1.35562,3717,10,0
2026-04-15 10:00:00+00:00,1.35561,1.3560699999999999,1.3543,1.35473,3669,10,0
2026-04-15 11:00:00+00:00,1.35471,1.35555,1.35428,1.3553899999999999,3378,10,0
2026-04-15 12:00:00+00:00,1.35538,1.35576,1.3545099999999999,1.3554300000000001,3380,10,0
2026-04-15 13:00:00+00:00,1.35545,1.35662,1.35521,1.35572,3956,10,0
2026-04-15 14:00:00+00:00,1.3557299999999999,1.35769,1.35526,1.35678,4019,10,0
2026-04-15 15:00:00+00:00,1.3568,1.35788,1.35649,1.3566799999999999,3785,10,0
2026-04-15 16:00:00+00:00,1.3566500000000001,1.35743,1.35657,1.35732,2899,10,0
2026-04-15 17:00:00+00:00,1.35727,1.35743,1.35638,1.3569499999999999,2094,10,0
2026-04-15 18:00:00+00:00,1.35694,1.35762,1.35671,1.35739,2611,10,0
2026-04-15 19:00:00+00:00,1.35737,1.35764,1.3568,1.35701,1808,10,0
2026-04-15 20:00:00+00:00,1.357,1.35705,1.35586,1.35598,1298,7,0
2026-04-15 21:00:00+00:00,1.35599,1.35608,1.35569,1.35587,1339,26,0
2026-04-15 22:00:00+00:00,1.3559999999999999,1.35681,1.3559,1.35674,627,10,0
2026-04-15 23:00:00+00:00,1.35673,1.35734,1.35673,1.35723,577,10,0
2026-04-16 00:00:00+00:00,1.35724,1.35746,1.35681,1.35734,1452,10,0
2026-04-16 01:00:00+00:00,1.35733,1.3575300000000001,1.3560699999999999,1.35682,2144,10,0
2026-04-16 02:00:00+00:00,1.35683,1.3586,1.35679,1.35858,2030,10,0
2026-04-16 03:00:00+00:00,1.35856,1.35946,1.35801,1.35812,1830,10,0
2026-04-16 04:00:00+00:00,1.35811,1.35821,1.35754,1.35764,1193,10,0
2026-04-16 05:00:00+00:00,1.35763,1.35769,1.35651,1.3571,1778,10,0
2026-04-16 06:00:00+00:00,1.35712,1.3580999999999999,1.3563100000000001,1.3575300000000001,3377,10,0
2026-04-16 07:00:00+00:00,1.3575599999999999,1.35803,1.35564,1.35582,3401,10,0
2026-04-16 08:00:00+00:00,1.35585,1.35613,1.35471,1.35504,3142,10,0
2026-04-16 09:00:00+00:00,1.3550200000000001,1.35524,1.35362,1.3538299999999999,2638,10,0
2026-04-16 10:00:00+00:00,1.35382,1.35445,1.3531,1.35433,2156,10,0
2026-04-16 11:00:00+00:00,1.35436,1.35532,1.35426,1.35462,2562,10,0
2026-04-16 12:00:00+00:00,1.35464,1.35493,1.35367,1.35462,3086,10,0
2026-04-16 13:00:00+00:00,1.35462,1.35544,1.35349,1.35415,3714,10,0
2026-04-16 14:00:00+00:00,1.35416,1.3548200000000001,1.35161,1.35214,5930,10,0
2026-04-16 15:00:00+00:00,1.35211,1.35377,1.35174,1.35375,4248,10,0
2026-04-16 16:00:00+00:00,1.35374,1.3544,1.3520400000000001,1.35283,3561,10,0
2026-04-16 17:00:00+00:00,1.35285,1.35298,1.35211,1.35244,2575,10,0
2026-04-16 18:00:00+00:00,1.35245,1.35331,1.3523399999999999,1.35307,2707,10,0
2026-04-16 19:00:00+00:00,1.35305,1.35347,1.3527,1.3529,1701,10,0
2026-04-16 20:00:00+00:00,1.35291,1.35313,1.35232,1.35263,1073,9,0
2026-04-16 21:00:00+00:00,1.35262,1.35263,1.35209,1.35247,948,13,0
2026-04-16 22:00:00+00:00,1.3526,1.35364,1.35253,1.35311,722,10,0
2026-04-16 23:00:00+00:00,1.3531,1.3533,1.35244,1.35254,767,10,0
2026-04-17 00:00:00+00:00,1.35252,1.35263,1.35185,1.35203,1915,10,0
2026-04-17 01:00:00+00:00,1.3520400000000001,1.35216,1.3514,1.3516,1845,10,0
2026-04-17 02:00:00+00:00,1.35161,1.35196,1.35138,1.3519,1128,10,0
2026-04-17 03:00:00+00:00,1.35188,1.35271,1.35152,1.35246,1148,10,0
2026-04-17 04:00:00+00:00,1.35245,1.35256,1.35209,1.35222,1128,10,0
2026-04-17 05:00:00+00:00,1.35221,1.35224,1.3516,1.35188,1502,10,0
2026-04-17 06:00:00+00:00,1.35186,1.35186,1.35041,1.35049,2792,10,0
2026-04-17 07:00:00+00:00,1.3505099999999999,1.35256,1.3505099999999999,1.35249,3007,10,0
2026-04-17 08:00:00+00:00,1.35248,1.35339,1.35163,1.35306,2499,10,0
2026-04-17 09:00:00+00:00,1.35306,1.35393,1.35264,1.35308,2562,10,0
2026-04-17 10:00:00+00:00,1.35308,1.35365,1.35194,1.3523,2156,10,0
2026-04-17 11:00:00+00:00,1.35228,1.35354,1.35187,1.35287,2353,10,0
2026-04-17 12:00:00+00:00,1.3529,1.35852,1.35281,1.35828,7110,10,0
2026-04-17 13:00:00+00:00,1.35829,1.35992,1.35593,1.35734,10066,10,0
2026-04-17 14:00:00+00:00,1.35736,1.35884,1.3568,1.35693,6690,10,0
2026-04-17 15:00:00+00:00,1.3569,1.35693,1.35488,1.35541,6161,10,0
2026-04-17 16:00:00+00:00,1.35542,1.35591,1.3544,1.3553,3384,10,0
2026-04-17 17:00:00+00:00,1.35528,1.35532,1.35397,1.35511,3961,10,0
2026-04-17 18:00:00+00:00,1.35515,1.35544,1.35317,1.3535,3193,10,0
2026-04-17 19:00:00+00:00,1.3535,1.35391,1.35163,1.3519,3142,10,0
2026-04-17 20:00:00+00:00,1.35189,1.35224,1.35127,1.3518,2315,10,0
2026-04-19 21:00:00+00:00,1.34779,1.34873,1.34779,1.34835,395,47,0
2026-04-19 22:00:00+00:00,1.34847,1.34888,1.3474599999999999,1.34873,2442,10,0
2026-04-19 23:00:00+00:00,1.34875,1.3491900000000001,1.34779,1.34822,1805,10,0
2026-04-20 00:00:00+00:00,1.34826,1.34959,1.34779,1.34952,2962,10,0
2026-04-20 01:00:00+00:00,1.34954,1.35006,1.34891,1.34976,2409,10,0
2026-04-20 02:00:00+00:00,1.34976,1.35053,1.34965,1.35015,1536,10,0
2026-04-20 03:00:00+00:00,1.3501699999999999,1.3508,1.34997,1.35053,1422,10,0
2026-04-20 04:00:00+00:00,1.35053,1.3507500000000001,1.35001,1.35046,1254,10,0
2026-04-20 05:00:00+00:00,1.35043,1.35054,1.34857,1.34914,2181,10,0
2026-04-20 06:00:00+00:00,1.34912,1.35054,1.34814,1.35053,4026,10,0
2026-04-20 07:00:00+00:00,1.35055,1.35185,1.3495,1.35023,4023,10,0
2026-04-20 08:00:00+00:00,1.3502399999999999,1.35055,1.34925,1.34972,3570,10,0
2026-04-20 09:00:00+00:00,1.3497,1.35185,1.34961,1.35182,3217,10,0
2026-04-20 10:00:00+00:00,1.35182,1.35194,1.35106,1.35165,2644,10,0
2026-04-20 11:00:00+00:00,1.35169,1.35277,1.35141,1.35186,3002,10,0
2026-04-20 12:00:00+00:00,1.35185,1.35195,1.35053,1.35161,3315,10,0
2026-04-20 13:00:00+00:00,1.35162,1.35361,1.35115,1.3532600000000001,4943,10,0
2026-04-20 14:00:00+00:00,1.3532199999999999,1.35323,1.35066,1.35232,5498,10,0
2026-04-20 15:00:00+00:00,1.3523399999999999,1.35438,1.35176,1.35394,4805,10,0
2026-04-20 16:00:00+00:00,1.35396,1.3544100000000001,1.3535,1.35377,3022,10,0
2026-04-20 17:00:00+00:00,1.3538000000000001,1.3544,1.35309,1.35346,2320,10,0
2026-04-20 18:00:00+00:00,1.35348,1.3542100000000001,1.35309,1.3531900000000001,2570,10,0
2026-04-20 19:00:00+00:00,1.35317,1.35413,1.35317,1.3532199999999999,1639,10,0
2026-04-20 20:00:00+00:00,1.3532600000000001,1.3538000000000001,1.35297,1.35333,1343,4,0
2026-04-20 21:00:00+00:00,1.3533,1.35332,1.35309,1.35309,830,18,0
2026-04-20 22:00:00+00:00,1.35297,1.35385,1.35297,1.35385,729,10,0
2026-04-20 23:00:00+00:00,1.35385,1.35389,1.35302,1.35303,791,10,0
2026-04-21 00:00:00+00:00,1.35306,1.35316,1.35216,1.35239,2153,10,0
2026-04-21 01:00:00+00:00,1.35239,1.35289,1.35223,1.3524,1831,10,0
2026-04-21 02:00:00+00:00,1.35242,1.35266,1.3519700000000001,1.35212,1356,10,0
2026-04-21 03:00:00+00:00,1.35214,1.3522,1.35148,1.35175,1175,10,0
2026-04-21 04:00:00+00:00,1.35175,1.35187,1.3514300000000001,1.3514599999999999,894,10,0
2026-04-21 05:00:00+00:00,1.35149,1.35254,1.35142,1.35175,1804,10,0
2026-04-21 06:00:00+00:00,1.35178,1.35332,1.35161,1.35191,3031,10,0
2026-04-21 07:00:00+00:00,1.35189,1.35223,1.35062,1.35068,3467,10,0
2026-04-21 08:00:00+00:00,1.35066,1.351,1.34822,1.35034,5220,10,0
2026-04-21 09:00:00+00:00,1.35031,1.35084,1.34951,1.35023,2702,10,0
2026-04-21 10:00:00+00:00,1.3502100000000001,1.35114,1.34991,1.35103,2374,10,0
2026-04-21 11:00:00+00:00,1.35104,1.35236,1.3506,1.35181,2921,10,0
2026-04-21 12:00:00+00:00,1.35185,1.35221,1.35062,1.35141,3548,10,0
2026-04-21 13:00:00+00:00,1.35145,1.3529200000000001,1.35134,1.3525,3632,10,0
2026-04-21 14:00:00+00:00,1.35251,1.35396,1.35077,1.3509,4720,10,0
2026-04-21 15:00:00+00:00,1.35087,1.35203,1.3498700000000001,1.35102,4486,10,0
2026-04-21 16:00:00+00:00,1.3510499999999999,1.35149,1.34967,1.34976,3166,10,0
2026-04-21 17:00:00+00:00,1.34975,1.35255,1.34756,1.35049,5578,10,0
2026-04-21 18:00:00+00:00,1.3505,1.35084,1.3483399999999999,1.35033,4238,10,0
2026-04-21 19:00:00+00:00,1.35034,1.35149,1.34741,1.34816,5901,10,0
2026-04-21 20:00:00+00:00,1.34817,1.3513600000000001,1.34767,1.35072,5523,10,0
2026-04-21 21:00:00+00:00,1.3507,1.3507,1.34889,1.34977,1011,26,0
2026-04-21 22:00:00+00:00,1.3498700000000001,1.35047,1.3498700000000001,1.3502,892,10,0
2026-04-21 23:00:00+00:00,1.3502,1.35097,1.35012,1.35084,729,10,0
2026-04-22 00:00:00+00:00,1.35086,1.35199,1.3508200000000001,1.35096,2421,10,0
2026-04-22 01:00:00+00:00,1.35095,1.35145,1.35028,1.35107,2132,10,0
2026-04-22 02:00:00+00:00,1.35106,1.3514300000000001,1.35049,1.35056,1640,10,0
2026-04-22 03:00:00+00:00,1.35055,1.3512,1.35028,1.35062,1322,10,0
2026-04-22 04:00:00+00:00,1.35063,1.3510900000000001,1.3505099999999999,1.35068,1292,10,0
2026-04-22 05:00:00+00:00,1.35068,1.35341,1.35062,1.35241,2933,10,0
2026-04-22 06:00:00+00:00,1.35243,1.35255,1.35145,1.35169,2851,10,0
2026-04-22 07:00:00+00:00,1.35167,1.35271,1.35098,1.3526099999999999,2963,10,0
2026-04-22 08:00:00+00:00,1.3526099999999999,1.35318,1.3520699999999999,1.35283,2934,10,0
2026-04-22 09:00:00+00:00,1.35283,1.35352,1.35189,1.35202,2524,10,0
2026-04-22 10:00:00+00:00,1.35202,1.35233,1.3513600000000001,1.35209,2336,10,0
2026-04-22 11:00:00+00:00,1.35212,1.35213,1.34989,1.35023,2756,10,0
2026-04-22 12:00:00+00:00,1.35022,1.35086,1.3491900000000001,1.34939,3261,10,0
2026-04-22 13:00:00+00:00,1.34939,1.3523800000000001,1.34915,1.35179,5321,10,0
2026-04-22 14:00:00+00:00,1.3517700000000001,1.35243,1.34988,1.34989,4325,10,0
2026-04-22 15:00:00+00:00,1.34989,1.35093,1.34939,1.35031,3425,10,0
2026-04-22 16:00:00+00:00,1.35034,1.35064,1.3495,1.35038,2859,10,0
2026-04-22 17:00:00+00:00,1.35037,1.35162,1.35027,1.35104,2550,10,0
2026-04-22 18:00:00+00:00,1.35102,1.35124,1.35036,1.3505099999999999,1726,10,0
2026-04-22 19:00:00+00:00,1.35054,1.35095,1.35005,1.35032,1934,10,0
2026-04-22 20:00:00+00:00,1.35033,1.35043,1.3498,1.35016,1320,9,0
2026-04-22 21:00:00+00:00,1.3501699999999999,1.3502,1.34986,1.35007,810,9,0
2026-04-22 22:00:00+00:00,1.35019,1.3505,1.34999,1.35011,575,10,0
2026-04-22 23:00:00+00:00,1.35011,1.35026,1.34988,1.34995,639,10,0
2026-04-23 00:00:00+00:00,1.34995,1.35097,1.34787,1.3508499999999999,5433,10,0
2026-04-23 01:00:00+00:00,1.35084,1.35099,1.34984,1.34995,2596,10,0
2026-04-23 02:00:00+00:00,1.34994,1.35004,1.34848,1.34867,2469,10,0
2026-04-23 03:00:00+00:00,1.3487,1.34913,1.34821,1.34853,2416,10,0
2026-04-23 04:00:00+00:00,1.34854,1.34905,1.34827,1.34903,1455,10,0
2026-04-23 05:00:00+00:00,1.3490199999999999,1.34931,1.34872,1.34931,1720,10,0
2026-04-23 06:00:00+00:00,1.34933,1.34968,1.3486799999999999,1.34913,2439,10,0
2026-04-23 07:00:00+00:00,1.34916,1.34994,1.3481,1.34885,3277,10,0
2026-04-23 08:00:00+00:00,1.34883,1.35072,1.34846,1.35041,3426,10,0
2026-04-23 09:00:00+00:00,1.3504,1.35077,1.34913,1.34994,3302,10,0
2026-04-23 10:00:00+00:00,1.34997,1.35033,1.3483800000000001,1.3484099999999999,2939,10,0
2026-04-23 11:00:00+00:00,1.34844,1.35126,1.3483,1.3505099999999999,3441,10,0
2026-04-23 12:00:00+00:00,1.35049,1.35101,1.34846,1.34874,4760,10,0
2026-04-23 13:00:00+00:00,1.34871,1.35022,1.34778,1.34976,4346,10,0
2026-04-23 14:00:00+00:00,1.34976,1.35181,1.34913,1.35099,4143,10,0
2026-04-23 15:00:00+00:00,1.35096,1.35118,1.34897,1.3493,3642,10,0
2026-04-23 16:00:00+00:00,1.34928,1.34935,1.3486,1.34915,2667,10,0
2026-04-23 17:00:00+00:00,1.34917,1.34932,1.34471,1.34771,8777,10,0
2026-04-23 18:00:00+00:00,1.34774,1.34853,1.34708,1.3473,4810,10,0
2026-04-23 19:00:00+00:00,1.34732,1.3474300000000001,1.34611,1.34674,2754,10,0
2026-04-23 20:00:00+00:00,1.34673,1.34674,1.34612,1.34656,1393,9,0
2026-04-23 21:00:00+00:00,1.34657,1.34657,1.34568,1.34634,1018,20,0
2026-04-23 22:00:00+00:00,1.3465799999999999,1.3468200000000001,1.34646,1.34672,679,10,0
2026-04-23 23:00:00+00:00,1.34672,1.34674,1.34631,1.3465500000000001,671,10,0
2026-04-24 00:00:00+00:00,1.34659,1.34711,1.34629,1.34677,2168,10,0
2026-04-24 01:00:00+00:00,1.34676,1.34722,1.34635,1.3471899999999999,2019,10,0
2026-04-24 02:00:00+00:00,1.3471899999999999,1.34727,1.34584,1.34602,1670,10,0
2026-04-24 03:00:00+00:00,1.34602,1.34615,1.34531,1.34595,1530,10,0
2026-04-24 04:00:00+00:00,1.34595,1.34643,1.34572,1.34627,1517,10,0
2026-04-24 05:00:00+00:00,1.34628,1.3467,1.34593,1.34653,1545,10,0
2026-04-24 06:00:00+00:00,1.3465799999999999,1.34689,1.3459699999999999,1.34639,2442,10,0
2026-04-24 07:00:00+00:00,1.34636,1.34795,1.34598,1.34762,2386,10,0
2026-04-24 08:00:00+00:00,1.34759,1.34839,1.34704,1.34758,3055,10,0
2026-04-24 09:00:00+00:00,1.34759,1.3484099999999999,1.34737,1.34821,2669,10,0
2026-04-24 10:00:00+00:00,1.34821,1.34923,1.34778,1.34917,2341,10,0
2026-04-24 11:00:00+00:00,1.34917,1.35043,1.3485800000000001,1.34945,5454,10,0
2026-04-24 12:00:00+00:00,1.34948,1.35022,1.3484099999999999,1.35011,3954,10,0
2026-04-24 13:00:00+00:00,1.3501400000000001,1.35023,1.3486,1.34964,4263,10,0
2026-04-24 14:00:00+00:00,1.34962,1.35142,1.34898,1.35001,5451,10,0
2026-04-24 15:00:00+00:00,1.35002,1.35195,1.34916,1.3514599999999999,5541,10,0
2026-04-24 16:00:00+00:00,1.35149,1.35211,1.3508,1.35202,3296,10,0
2026-04-24 17:00:00+00:00,1.3520699999999999,1.3526099999999999,1.3517000000000001,1.3519,2796,10,0
2026-04-24 18:00:00+00:00,1.35188,1.35284,1.3517299999999999,1.35278,1882,10,0
2026-04-24 19:00:00+00:00,1.35281,1.35334,1.35267,1.35321,1879,10,0
2026-04-24 20:00:00+00:00,1.3532,1.35376,1.35291,1.35301,1526,10,0
2026-04-26 21:00:00+00:00,1.34999,1.35059,1.34949,1.35043,350,128,0
2026-04-26 22:00:00+00:00,1.35088,1.35203,1.35087,1.35147,830,17,0
2026-04-26 23:00:00+00:00,1.35149,1.35181,1.35129,1.3513,932,10,0
2026-04-27 00:00:00+00:00,1.35132,1.35228,1.3511600000000001,1.35211,1830,10,0
2026-04-27 01:00:00+00:00,1.35211,1.35367,1.35211,1.35338,3068,10,0
2026-04-27 02:00:00+00:00,1.35337,1.354,1.35293,1.35377,1660,10,0
2026-04-27 03:00:00+00:00,1.35377,1.3548,1.35377,1.3544,1541,10,0
2026-04-27 04:00:00+00:00,1.35437,1.35459,1.35389,1.35406,1305,10,0
2026-04-27 05:00:00+00:00,1.35405,1.35411,1.35328,1.3533,1562,10,0
2026-04-27 06:00:00+00:00,1.35327,1.35389,1.35239,1.3535599999999999,2659,10,0
2026-04-27 07:00:00+00:00,1.35352,1.35465,1.35336,1.35442,3032,10,0
2026-04-27 08:00:00+00:00,1.35446,1.35571,1.3541400000000001,1.3553600000000001,2936,10,0
2026-04-27 09:00:00+00:00,1.35535,1.3556,1.35472,1.35501,2074,10,0
2026-04-27 10:00:00+00:00,1.35498,1.3563100000000001,1.35477,1.35598,2154,10,0
2026-04-27 11:00:00+00:00,1.35598,1.35617,1.35535,1.35579,2391,10,0
2026-04-27 12:00:00+00:00,1.35579,1.35755,1.3547799999999999,1.3547799999999999,3523,10,0
2026-04-27 13:00:00+00:00,1.3548200000000001,1.3559,1.35368,1.3544399999999999,4805,10,0
2026-04-27 14:00:00+00:00,1.35442,1.35641,1.3541400000000001,1.3555,4039,10,0
2026-04-27 15:00:00+00:00,1.35548,1.35555,1.35458,1.35511,3176,10,0
2026-04-27 16:00:00+00:00,1.35511,1.35552,1.35412,1.35431,2127,10,0
2026-04-27 17:00:00+00:00,1.3543,1.35442,1.35309,1.35384,2406,10,0
2026-04-27 18:00:00+00:00,1.3538299999999999,1.35394,1.353,1.35323,1771,10,0
2026-04-27 19:00:00+00:00,1.35325,1.35373,1.3531,1.35312,1482,10,0
2026-04-27 20:00:00+00:00,1.35316,1.35345,1.35309,1.35324,821,7,0
2026-04-27 21:00:00+00:00,1.35325,1.35338,1.35273,1.35338,653,20,0
2026-04-27 22:00:00+00:00,1.3535,1.35369,1.35323,1.35361,755,10,0
2026-04-27 23:00:00+00:00,1.35361,1.35375,1.35347,1.35373,678,10,0
2026-04-28 00:00:00+00:00,1.35375,1.35411,1.35309,1.3532,1894,10,0
2026-04-28 01:00:00+00:00,1.3531900000000001,1.3532,1.35226,1.35228,1965,10,0
2026-04-28 02:00:00+00:00,1.35225,1.3525,1.35203,1.35214,1577,10,0
2026-04-28 03:00:00+00:00,1.35214,1.3535599999999999,1.3521,1.35313,1881,10,0
2026-04-28 04:00:00+00:00,1.35316,1.3534,1.35278,1.35298,1330,10,0
2026-04-28 05:00:00+00:00,1.35297,1.35309,1.35168,1.3517700000000001,1668,10,0
2026-04-28 06:00:00+00:00,1.3517299999999999,1.35202,1.35028,1.35042,3133,10,0
2026-04-28 07:00:00+00:00,1.35041,1.35132,1.35019,1.35091,2924,10,0
2026-04-28 08:00:00+00:00,1.35094,1.35149,1.3501699999999999,1.3505,3150,10,0
2026-04-28 09:00:00+00:00,1.3505,1.35053,1.3486099999999999,1.34904,2844,10,0
2026-04-28 10:00:00+00:00,1.34903,1.34949,1.34824,1.34839,2688,10,0
2026-04-28 11:00:00+00:00,1.34837,1.34909,1.34625,1.34681,3662,10,0
2026-04-28 12:00:00+00:00,1.34683,1.34951,1.34632,1.3492,4453,10,0
2026-04-28 13:00:00+00:00,1.34917,1.35009,1.3480699999999999,1.3495,4781,10,0
2026-04-28 14:00:00+00:00,1.34947,1.35058,1.34854,1.34974,5142,10,0
2026-04-28 15:00:00+00:00,1.34973,1.35121,1.34955,1.35111,3776,10,0
2026-04-28 16:00:00+00:00,1.35114,1.35162,1.35062,1.3514,2747,10,0
2026-04-28 17:00:00+00:00,1.35141,1.35203,1.35074,1.35172,2117,10,0
2026-04-28 18:00:00+00:00,1.35172,1.35202,1.35137,1.35169,1969,10,0
2026-04-28 19:00:00+00:00,1.3517000000000001,1.35206,1.35119,1.3516,1675,10,0
2026-04-28 20:00:00+00:00,1.35162,1.35222,1.35157,1.35168,1105,7,0
2026-04-28 21:00:00+00:00,1.35167,1.35169,1.35132,1.35159,635,13,0
2026-04-28 22:00:00+00:00,1.3516599999999999,1.35229,1.3516599999999999,1.35208,426,10,0
2026-04-28 23:00:00+00:00,1.3520699999999999,1.35241,1.35206,1.35236,490,10,0
2026-04-29 00:00:00+00:00,1.3523800000000001,1.35277,1.35211,1.3524,1383,10,0
2026-04-29 01:00:00+00:00,1.35239,1.35253,1.35124,1.3517000000000001,2766,10,0
2026-04-29 02:00:00+00:00,1.3517299999999999,1.35232,1.35099,1.35118,1868,10,0
2026-04-29 03:00:00+00:00,1.35118,1.35168,1.35099,1.3511,1206,10,0
2026-04-29 04:00:00+00:00,1.35114,1.35151,1.35104,1.35127,909,10,0
2026-04-29 05:00:00+00:00,1.35127,1.35131,1.35028,1.35041,1482,10,0
2026-04-29 06:00:00+00:00,1.35041,1.35073,1.34945,1.35001,2316,10,0
2026-04-29 07:00:00+00:00,1.34998,1.35081,1.34984,1.3504399999999999,2795,10,0
2026-04-29 08:00:00+00:00,1.35041,1.3506,1.34944,1.34992,2920,10,0
2026-04-29 09:00:00+00:00,1.34992,1.35063,1.34958,1.35031,2397,10,0
2026-04-29 10:00:00+00:00,1.35027,1.3511600000000001,1.35003,1.35115,2067,10,0
2026-04-29 11:00:00+00:00,1.3511199999999999,1.35125,1.35011,1.35042,2682,10,0
2026-04-29 12:00:00+00:00,1.35046,1.35133,1.34981,1.35001,3218,10,0
2026-04-29 13:00:00+00:00,1.35003,1.35069,1.3473,1.34778,4778,10,0
2026-04-29 14:00:00+00:00,1.34776,1.35025,1.3470900000000001,1.35013,4189,10,0
2026-04-29 15:00:00+00:00,1.35015,1.35018,1.34806,1.34888,4943,10,0
2026-04-29 16:00:00+00:00,1.34889,1.34988,1.34792,1.34811,3398,10,0
2026-04-29 17:00:00+00:00,1.34812,1.34911,1.3474300000000001,1.34876,3050,10,0
2026-04-29 18:00:00+00:00,1.34884,1.34928,1.34569,1.34715,6813,10,0
2026-04-29 19:00:00+00:00,1.3471899999999999,1.3483,1.34666,1.34759,3309,10,0
2026-04-29 20:00:00+00:00,1.34757,1.34788,1.34696,1.34749,2376,9,0
2026-04-29 21:00:00+00:00,1.3475,1.3476,1.34711,1.34753,866,13,0
2026-04-29 22:00:00+00:00,1.34756,1.34827,1.34713,1.3479999999999999,1103,10,0
2026-04-29 23:00:00+00:00,1.3479999999999999,1.34888,1.34771,1.34877,1011,10,0
2026-04-30 00:00:00+00:00,1.34879,1.34951,1.34839,1.3484099999999999,2890,10,0
2026-04-30 01:00:00+00:00,1.3483800000000001,1.34863,1.34779,1.34814,2540,10,0
2026-04-30 02:00:00+00:00,1.34815,1.34842,1.34679,1.3474599999999999,2752,10,0
2026-04-30 03:00:00+00:00,1.34748,1.3479,1.34728,1.34753,2255,10,0
2026-04-30 04:00:00+00:00,1.34753,1.34754,1.34547,1.34601,2582,10,0
2026-04-30 05:00:00+00:00,1.34605,1.34681,1.34585,1.34591,2554,10,0
2026-04-30 06:00:00+00:00,1.34588,1.34781,1.34536,1.34731,3834,10,0
2026-04-30 07:00:00+00:00,1.34728,1.34924,1.34725,1.3486,3801,10,0
2026-04-30 08:00:00+00:00,1.34859,1.35,1.34808,1.34845,4530,10,0
2026-04-30 09:00:00+00:00,1.34846,1.35047,1.34787,1.35019,4538,10,0
2026-04-30 10:00:00+00:00,1.35023,1.3529,1.34923,1.3529,6448,10,0
2026-04-30 11:00:00+00:00,1.35284,1.3535,1.35132,1.35169,7001,10,0
2026-04-30 12:00:00+00:00,1.35169,1.35188,1.34982,1.35121,5481,10,0
2026-04-30 13:00:00+00:00,1.35119,1.35203,1.35043,1.35155,6257,10,0
2026-04-30 14:00:00+00:00,1.35154,1.3591,1.35127,1.35819,8476,10,0
2026-04-30 15:00:00+00:00,1.35822,1.35935,1.35712,1.35779,5746,10,0
2026-04-30 16:00:00+00:00,1.3578000000000001,1.35885,1.35727,1.35772,3505,10,0
2026-04-30 17:00:00+00:00,1.35773,1.35868,1.35755,1.35808,3189,10,0
2026-04-30 18:00:00+00:00,1.3580999999999999,1.36071,1.35809,1.36013,2850,10,0
2026-04-30 19:00:00+00:00,1.36011,1.3612,1.36003,1.36035,2977,10,0
2026-04-30 20:00:00+00:00,1.3603399999999999,1.3609,1.36002,1.3602699999999999,1854,9,0
2026-04-30 21:00:00+00:00,1.3602400000000001,1.36026,1.35979,1.36017,791,13,0
2026-04-30 22:00:00+00:00,1.36037,1.36089,1.36019,1.3603399999999999,530,10,0
2026-04-30 23:00:00+00:00,1.3603399999999999,1.36063,1.36015,1.36018,811,10,0
2026-05-01 00:00:00+00:00,1.36019,1.36057,1.35988,1.36032,2298,10,0
2026-05-01 01:00:00+00:00,1.36035,1.3607,1.3599,1.36059,2058,10,0
2026-05-01 02:00:00+00:00,1.3605800000000001,1.36089,1.3600400000000001,1.3605800000000001,1464,10,0
2026-05-01 03:00:00+00:00,1.3605800000000001,1.36117,1.3600400000000001,1.36022,1489,10,0
2026-05-01 04:00:00+00:00,1.3602400000000001,1.36044,1.35954,1.35967,1307,10,0
2026-05-01 05:00:00+00:00,1.35967,1.35975,1.35881,1.3589,1406,10,0
2026-05-01 06:00:00+00:00,1.35893,1.36224,1.35864,1.36106,3923,10,0
2026-05-01 07:00:00+00:00,1.36105,1.36142,1.35986,1.36044,4202,10,0
2026-05-01 08:00:00+00:00,1.36042,1.36117,1.36002,1.36076,2714,10,0
2026-05-01 09:00:00+00:00,1.3608,1.36097,1.35914,1.3593,2175,10,0
2026-05-01 10:00:00+00:00,1.35927,1.36096,1.3591199999999999,1.36055,1996,10,0
2026-05-01 11:00:00+00:00,1.3605800000000001,1.36224,1.36055,1.36196,2372,10,0
2026-05-01 12:00:00+00:00,1.36198,1.36429,1.36152,1.36295,4249,10,0
2026-05-01 13:00:00+00:00,1.36292,1.36395,1.36162,1.36371,4534,10,0
2026-05-01 14:00:00+00:00,1.36374,1.36574,1.3617,1.36229,5575,10,0
2026-05-01 15:00:00+00:00,1.36229,1.36298,1.36136,1.3618700000000001,4832,10,0
2026-05-01 16:00:00+00:00,1.36188,1.3623,1.35985,1.35989,3821,10,0
2026-05-01 17:00:00+00:00,1.35985,1.36017,1.35883,1.35934,2627,10,0
2026-05-01 18:00:00+00:00,1.35937,1.35944,1.3574899999999999,1.35819,3190,10,0
2026-05-01 19:00:00+00:00,1.35818,1.35829,1.35727,1.35732,1849,10,0
2026-05-01 20:00:00+00:00,1.3573,1.35784,1.3568500000000001,1.35767,1393,10,0
2026-05-03 21:00:00+00:00,1.35942,1.35999,1.35938,1.35983,355,47,0
2026-05-03 22:00:00+00:00,1.35984,1.36026,1.35836,1.35888,1274,10,0
2026-05-03 23:00:00+00:00,1.35888,1.35899,1.35796,1.35807,1237,10,0
2026-05-04 00:00:00+00:00,1.35804,1.3587099999999999,1.35747,1.35864,2429,10,0
2026-05-04 01:00:00+00:00,1.35861,1.35876,1.35758,1.3584100000000001,2434,10,0
2026-05-04 02:00:00+00:00,1.35839,1.35899,1.35793,1.3584800000000001,1840,10,0
2026-05-04 03:00:00+00:00,1.35847,1.36011,1.35822,1.35972,2848,10,0
2026-05-04 04:00:00+00:00,1.35975,1.35987,1.35855,1.35877,1634,10,0
2026-05-04 05:00:00+00:00,1.35879,1.3593199999999999,1.3584800000000001,1.35918,2080,10,0
2026-05-04 06:00:00+00:00,1.35916,1.35979,1.35752,1.35803,3121,10,0
2026-05-04 07:00:00+00:00,1.35799,1.35805,1.35625,1.35657,3078,10,0
2026-05-04 08:00:00+00:00,1.35655,1.35669,1.35586,1.3560400000000001,2639,10,0
2026-05-04 09:00:00+00:00,1.35606,1.3566,1.3556300000000001,1.35587,2174,10,0
2026-05-04 10:00:00+00:00,1.35587,1.35594,1.3523,1.35452,6742,10,0
2026-05-04 11:00:00+00:00,1.35455,1.35508,1.35335,1.35407,3413,10,0
2026-05-04 12:00:00+00:00,1.3541,1.3563,1.35384,1.3557000000000001,3587,10,0
2026-05-04 13:00:00+00:00,1.3556599999999999,1.35672,1.35479,1.35595,4579,10,0
2026-05-04 14:00:00+00:00,1.35592,1.35691,1.35497,1.35532,4095,10,0
2026-05-04 15:00:00+00:00,1.35534,1.3559,1.35246,1.3532600000000001,5882,10,0
2026-05-04 16:00:00+00:00,1.35321,1.3536299999999999,1.3512,1.35188,5495,10,0
2026-05-04 17:00:00+00:00,1.35191,1.35397,1.35182,1.35325,3276,10,0
2026-05-04 18:00:00+00:00,1.35323,1.35369,1.35249,1.35367,2605,10,0
2026-05-04 19:00:00+00:00,1.3536299999999999,1.35419,1.3531,1.35365,2981,10,0
2026-05-04 20:00:00+00:00,1.35362,1.35367,1.3526500000000001,1.35298,1244,9,0
2026-05-04 21:00:00+00:00,1.35293,1.35297,1.35216,1.35286,737,26,0
2026-05-04 22:00:00+00:00,1.35311,1.35323,1.35263,1.35276,594,10,0
2026-05-04 23:00:00+00:00,1.35276,1.3531900000000001,1.35275,1.35308,647,10,0
2026-05-05 00:00:00+00:00,1.35308,1.35345,1.35227,1.35242,1652,10,0
2026-05-05 01:00:00+00:00,1.35242,1.3527,1.35174,1.35256,1832,10,0
2026-05-05 02:00:00+00:00,1.35256,1.35316,1.35246,1.35252,1410,10,0
2026-05-05 03:00:00+00:00,1.3525,1.35271,1.35206,1.35209,1025,10,0
2026-05-05 04:00:00+00:00,1.3520699999999999,1.35277,1.3514300000000001,1.35155,1408,10,0
2026-05-05 05:00:00+00:00,1.35154,1.35247,1.35134,1.35187,2085,10,0
2026-05-05 06:00:00+00:00,1.35183,1.35359,1.35142,1.3531,3454,10,0
2026-05-05 07:00:00+00:00,1.35312,1.3547500000000001,1.35309,1.35374,3147,10,0
2026-05-05 08:00:00+00:00,1.35375,1.35501,1.35371,1.35412,2845,10,0
2026-05-05 09:00:00+00:00,1.35412,1.35468,1.35316,1.3541699999999999,3238,10,0
2026-05-05 10:00:00+00:00,1.35416,1.3550900000000001,1.35376,1.35452,2302,10,0
2026-05-05 11:00:00+00:00,1.3544800000000001,1.35468,1.35303,1.35403,3045,10,0
2026-05-05 12:00:00+00:00,1.35404,1.35494,1.35312,1.35436,3704,10,0
2026-05-05 13:00:00+00:00,1.35436,1.35587,1.35428,1.35527,3754,10,0
2026-05-05 14:00:00+00:00,1.35524,1.35674,1.35488,1.35639,5917,10,0
2026-05-05 15:00:00+00:00,1.3564,1.35779,1.35609,1.35735,3416,10,0
2026-05-05 16:00:00+00:00,1.35733,1.35758,1.3554300000000001,1.35558,2572,10,0
2026-05-05 17:00:00+00:00,1.3556,1.35589,1.35473,1.35503,2179,10,0
2026-05-05 18:00:00+00:00,1.35504,1.35533,1.35455,1.35484,1695,10,0
2026-05-05 19:00:00+00:00,1.35488,1.35507,1.35404,1.35427,1582,10,0
2026-05-05 20:00:00+00:00,1.35425,1.35443,1.35368,1.35371,838,2,0
2026-05-05 21:00:00+00:00,1.3537,1.35382,1.35342,1.35381,850,29,0
2026-05-05 22:00:00+00:00,1.35397,1.35605,1.35378,1.35564,1465,10,0
2026-05-05 23:00:00+00:00,1.35567,1.35794,1.35562,1.35674,2419,10,0
2026-05-06 00:00:00+00:00,1.35678,1.3577,1.35643,1.35742,3191,10,0
2026-05-06 01:00:00+00:00,1.35745,1.35799,1.35721,1.35734,2477,10,0
2026-05-06 02:00:00+00:00,1.35732,1.35779,1.3565800000000001,1.35682,1761,10,0
2026-05-06 03:00:00+00:00,1.3568500000000001,1.35717,1.35633,1.35646,1862,10,0
2026-05-06 04:00:00+00:00,1.35649,1.35952,1.3562699999999999,1.35894,4552,10,0
2026-05-06 05:00:00+00:00,1.35891,1.35913,1.35826,1.3586,2506,10,0
2026-05-06 06:00:00+00:00,1.35862,1.35899,1.35806,1.35885,3265,10,0
2026-05-06 07:00:00+00:00,1.35885,1.3599,1.35833,1.35982,3513,10,0
2026-05-06 08:00:00+00:00,1.35986,1.3634,1.35915,1.36252,5245,10,0
2026-05-06 09:00:00+00:00,1.3625,1.36288,1.36136,1.36252,4557,10,0
2026-05-06 10:00:00+00:00,1.36256,1.36429,1.36133,1.36362,4480,10,0
2026-05-06 11:00:00+00:00,1.36365,1.36416,1.36197,1.36231,5037,10,0
2026-05-06 12:00:00+00:00,1.36231,1.36238,1.36073,1.36115,5042,10,0
2026-05-06 13:00:00+00:00,1.36112,1.36168,1.3600400000000001,1.36075,5071,10,0
2026-05-06 14:00:00+00:00,1.36076,1.36192,1.35986,1.36036,4707,10,0
2026-05-06 15:00:00+00:00,1.36035,1.36042,1.35935,1.35954,3906,10,0
2026-05-06 16:00:00+00:00,1.35951,1.35958,1.35779,1.3583,3141,10,0
2026-05-06 17:00:00+00:00,1.35827,1.35992,1.35809,1.35919,2643,10,0
2026-05-06 18:00:00+00:00,1.3592,1.35968,1.35882,1.35937,2093,10,0
2026-05-06 19:00:00+00:00,1.35937,1.35989,1.35916,1.35927,2071,10,0
2026-05-06 20:00:00+00:00,1.35925,1.35953,1.3589,1.35927,1064,9,0
2026-05-06 21:00:00+00:00,1.35929,1.35931,1.35894,1.35904,761,11,0
2026-05-06 22:00:00+00:00,1.3590900000000001,1.35946,1.3590900000000001,1.35945,496,10,0
2026-05-06 23:00:00+00:00,1.35941,1.35962,1.35899,1.35907,658,10,0
2026-05-07 00:00:00+00:00,1.3590499999999999,1.35989,1.35894,1.35919,2670,10,0
2026-05-07 01:00:00+00:00,1.35922,1.36078,1.35901,1.36047,2414,10,0
2026-05-07 02:00:00+00:00,1.36044,1.3608,1.36003,1.36033,1843,10,0
2026-05-07 03:00:00+00:00,1.36032,1.36032,1.35926,1.35926,1501,10,0
2026-05-07 04:00:00+00:00,1.35923,1.36009,1.35907,1.35971,1345,10,0
2026-05-07 05:00:00+00:00,1.35971,1.3599999999999999,1.35934,1.35944,1473,10,0
2026-05-07 06:00:00+00:00,1.35948,1.36081,1.35903,1.36001,3091,10,0
2026-05-07 07:00:00+00:00,1.36001,1.3624100000000001,1.3599700000000001,1.36202,4247,10,0
2026-05-07 08:00:00+00:00,1.36205,1.3624100000000001,1.36144,1.36215,2941,10,0
2026-05-07 09:00:00+00:00,1.36216,1.36238,1.36168,1.36185,2330,10,0
2026-05-07 10:00:00+00:00,1.3618299999999999,1.363,1.36164,1.36194,2647,10,0
2026-05-07 11:00:00+00:00,1.36196,1.36239,1.3609200000000001,1.36172,2780,10,0
2026-05-07 12:00:00+00:00,1.36175,1.36284,1.36164,1.36231,3047,10,0
2026-05-07 13:00:00+00:00,1.36227,1.36284,1.36147,1.36185,3823,10,0
2026-05-07 14:00:00+00:00,1.36184,1.36308,1.36132,1.36296,3923,10,0
2026-05-07 15:00:00+00:00,1.36296,1.36322,1.36063,1.36076,4314,10,0
2026-05-07 16:00:00+00:00,1.36073,1.36098,1.35903,1.35941,3615,10,0
2026-05-07 17:00:00+00:00,1.35941,1.3595,1.3568500000000001,1.35827,4701,10,0
2026-05-07 18:00:00+00:00,1.35825,1.35846,1.35697,1.35802,3979,10,0
2026-05-07 19:00:00+00:00,1.35805,1.35843,1.35613,1.35619,3901,10,0
2026-05-07 20:00:00+00:00,1.35622,1.3575599999999999,1.35476,1.35488,2899,7,0
2026-05-07 21:00:00+00:00,1.35489,1.35504,1.35431,1.35504,634,40,0
2026-05-07 22:00:00+00:00,1.35515,1.3554,1.35462,1.3547,1384,10,0
2026-05-07 23:00:00+00:00,1.3547,1.35559,1.35468,1.35551,906,10,0
2026-05-08 00:00:00+00:00,1.35551,1.35608,1.35484,1.3550499999999999,2607,10,0
2026-05-08 01:00:00+00:00,1.35506,1.35592,1.35506,1.35583,2288,10,0
2026-05-08 02:00:00+00:00,1.35581,1.35605,1.35494,1.35555,2121,10,0
2026-05-08 03:00:00+00:00,1.35555,1.35599,1.35525,1.35542,1551,10,0
2026-05-08 04:00:00+00:00,1.35542,1.35679,1.35491,1.35647,1889,10,0
2026-05-08 05:00:00+00:00,1.35647,1.35766,1.35644,1.35736,1969,10,0
2026-05-08 06:00:00+00:00,1.35736,1.35898,1.35723,1.35852,2916,10,0
2026-05-08 07:00:00+00:00,1.3585,1.35888,1.35773,1.35811,3067,10,0
2026-05-08 08:00:00+00:00,1.3580999999999999,1.36148,1.35781,1.3613,3134,10,0
2026-05-08 09:00:00+00:00,1.3613,1.36225,1.36116,1.36142,2479,10,0
2026-05-08 10:00:00+00:00,1.36142,1.3618700000000001,1.36015,1.36026,2207,10,0
2026-05-08 11:00:00+00:00,1.36028,1.3613,1.3599700000000001,1.3612199999999999,2325,10,0
2026-05-08 12:00:00+00:00,1.36123,1.3624,1.36009,1.36135,4127,10,0
2026-05-08 13:00:00+00:00,1.36131,1.3630499999999999,1.36056,1.3625099999999999,4379,10,0
2026-05-08 14:00:00+00:00,1.36253,1.36272,1.3609499999999999,1.36247,4284,10,0
2026-05-08 15:00:00+00:00,1.36247,1.36288,1.36165,1.36234,3874,10,0
2026-05-08 16:00:00+00:00,1.36232,1.36308,1.36154,1.36166,2330,10,0
2026-05-08 17:00:00+00:00,1.36165,1.36236,1.36157,1.36192,1806,10,0
2026-05-08 18:00:00+00:00,1.36192,1.36307,1.36173,1.36215,2193,10,0
2026-05-08 19:00:00+00:00,1.3621400000000001,1.36286,1.36211,1.36276,1842,10,0
2026-05-08 20:00:00+00:00,1.36277,1.36365,1.36266,1.36322,1388,10,0
2026-05-10 21:00:00+00:00,1.35491,1.35703,1.35436,1.35657,879,47,0
2026-05-10 22:00:00+00:00,1.35673,1.35898,1.35672,1.35894,1699,10,0
2026-05-10 23:00:00+00:00,1.35893,1.35968,1.35893,1.3593600000000001,1075,10,0
2026-05-11 00:00:00+00:00,1.35934,1.36007,1.35904,1.35985,2321,10,0
2026-05-11 01:00:00+00:00,1.35988,1.3600400000000001,1.35893,1.35928,2520,10,0
2026-05-11 02:00:00+00:00,1.35928,1.35978,1.35897,1.35901,1622,10,0
2026-05-11 03:00:00+00:00,1.35897,1.35937,1.3587799999999999,1.35887,1474,10,0
2026-05-11 04:00:00+00:00,1.35887,1.359,1.3578700000000001,1.35804,1211,10,0
2026-05-11 05:00:00+00:00,1.35806,1.35883,1.35794,1.35835,1602,10,0
2026-05-11 06:00:00+00:00,1.35838,1.35987,1.35802,1.35987,2888,10,0
2026-05-11 07:00:00+00:00,1.35989,1.3603100000000001,1.35958,1.3599,2779,10,0
2026-05-11 08:00:00+00:00,1.35991,1.36139,1.35978,1.36072,2618,10,0
2026-05-11 09:00:00+00:00,1.36071,1.36121,1.35987,1.35988,2077,10,0
2026-05-11 10:00:00+00:00,1.35987,1.36041,1.35853,1.35884,3664,10,0
2026-05-11 11:00:00+00:00,1.35886,1.36142,1.35874,1.3606500000000001,3377,10,0
2026-05-11 12:00:00+00:00,1.36068,1.36152,1.35993,1.36107,3393,10,0
2026-05-11 13:00:00+00:00,1.36109,1.36294,1.36103,1.36232,3215,10,0
2026-05-11 14:00:00+00:00,1.36236,1.36392,1.36165,1.36387,4072,10,0
2026-05-11 15:00:00+00:00,1.36385,1.36528,1.36368,1.36491,3749,10,0
2026-05-11 16:00:00+00:00,1.36494,1.3649499999999999,1.36374,1.3641,2718,10,0
2026-05-11 17:00:00+00:00,1.3641,1.3645,1.36354,1.36422,2212,10,0
2026-05-11 18:00:00+00:00,1.36423,1.36441,1.36269,1.36285,1993,10,0
2026-05-11 19:00:00+00:00,1.36287,1.36296,1.36164,1.36175,2031,10,0
2026-05-11 20:00:00+00:00,1.36177,1.36199,1.36066,1.3609499999999999,1686,4,0
2026-05-11 21:00:00+00:00,1.36093,1.36098,1.36028,1.36069,753,20,0
2026-05-11 22:00:00+00:00,1.36071,1.36096,1.3606099999999999,1.36071,570,10,0
2026-05-11 23:00:00+00:00,1.36074,1.36098,1.36025,1.36036,689,10,0
2026-05-12 00:00:00+00:00,1.36036,1.36046,1.35927,1.35937,1949,10,0
2026-05-12 01:00:00+00:00,1.35933,1.35955,1.35795,1.35866,2617,10,0
2026-05-12 02:00:00+00:00,1.3587,1.35926,1.35852,1.3590499999999999,1725,10,0
2026-05-12 03:00:00+00:00,1.35903,1.35918,1.35811,1.35827,1372,10,0
2026-05-12 04:00:00+00:00,1.35828,1.35865,1.35794,1.3584100000000001,1405,10,0
2026-05-12 05:00:00+00:00,1.3584399999999999,1.35859,1.35684,1.35736,2538,10,0
2026-05-12 06:00:00+00:00,1.3574,1.35797,1.35438,1.35452,3440,10,0
2026-05-12 07:00:00+00:00,1.35454,1.355,1.3514300000000001,1.35179,4122,10,0
2026-05-12 08:00:00+00:00,1.35181,1.35359,1.3501699999999999,1.35297,6018,10,0
2026-05-12 09:00:00+00:00,1.35293,1.35483,1.35216,1.3538700000000001,4982,10,0
2026-05-12 10:00:00+00:00,1.35384,1.35529,1.3532,1.3532600000000001,2887,10,0
2026-05-12 11:00:00+00:00,1.3532600000000001,1.3544800000000001,1.35222,1.3532,3717,10,0
2026-05-12 12:00:00+00:00,1.35324,1.35428,1.35125,1.35368,4752,10,0
2026-05-12 13:00:00+00:00,1.35371,1.35425,1.35069,1.35106,5266,10,0
2026-05-12 14:00:00+00:00,1.35108,1.35369,1.35102,1.3523800000000001,5551,10,0
2026-05-12 15:00:00+00:00,1.35242,1.35283,1.34997,1.3526099999999999,4743,10,0
2026-05-12 16:00:00+00:00,1.3526,1.35307,1.35147,1.3518,3349,10,0
2026-05-12 17:00:00+00:00,1.3517700000000001,1.35284,1.3517000000000001,1.35226,2643,10,0
2026-05-12 18:00:00+00:00,1.35228,1.3532899999999999,1.35157,1.35316,2794,10,0
2026-05-12 19:00:00+00:00,1.35316,1.35438,1.35316,1.35393,2109,10,0
2026-05-12 20:00:00+00:00,1.35394,1.35412,1.35354,1.3538700000000001,1003,10,0
2026-05-12 21:00:00+00:00,1.35389,1.35395,1.3532600000000001,1.35361,766,33,0
2026-05-12 22:00:00+00:00,1.35366,1.35419,1.35361,1.35397,536,10,0
2026-05-12 23:00:00+00:00,1.35398,1.35423,1.3534,1.35346,627,10,0
2026-05-13 00:00:00+00:00,1.35344,1.35389,1.35297,1.3536299999999999,2333,10,0
2026-05-13 01:00:00+00:00,1.35364,1.3545099999999999,1.35277,1.3541,2480,10,0
2026-05-13 02:00:00+00:00,1.35406,1.3546,1.3536299999999999,1.35375,1710,10,0
2026-05-13 03:00:00+00:00,1.35376,1.35398,1.35303,1.35376,1756,10,0
2026-05-13 04:00:00+00:00,1.35376,1.3538000000000001,1.35316,1.35336,1106,10,0
2026-05-13 05:00:00+00:00,1.35336,1.35491,1.35331,1.35481,1918,10,0
2026-05-13 06:00:00+00:00,1.3548499999999999,1.3551,1.35232,1.35277,2927,10,0
2026-05-13 07:00:00+00:00,1.35275,1.35367,1.35194,1.35205,3413,10,0
2026-05-13 08:00:00+00:00,1.35202,1.35338,1.35183,1.3523800000000001,3127,10,0
2026-05-13 09:00:00+00:00,1.35242,1.35248,1.35062,1.35175,2900,10,0
2026-05-13 10:00:00+00:00,1.3517700000000001,1.35217,1.34935,1.35068,5542,10,0
2026-05-13 11:00:00+00:00,1.35068,1.351,1.34991,1.35031,2622,10,0
2026-05-13 12:00:00+00:00,1.35027,1.35099,1.3483800000000001,1.3489900000000001,3762,10,0
2026-05-13 13:00:00+00:00,1.34901,1.35174,1.34901,1.35134,4340,10,0
2026-05-13 14:00:00+00:00,1.35135,1.35201,1.3504399999999999,1.3513,3942,10,0
2026-05-13 15:00:00+00:00,1.35131,1.3529,1.35118,1.35186,3298,10,0
2026-05-13 16:00:00+00:00,1.35184,1.35275,1.35119,1.3514599999999999,3079,10,0
2026-05-13 17:00:00+00:00,1.3514599999999999,1.35189,1.35103,1.35117,1829,10,0
2026-05-13 18:00:00+00:00,1.35118,1.35199,1.35108,1.35178,2298,10,0
2026-05-13 19:00:00+00:00,1.35178,1.3524,1.35175,1.35222,1775,10,0
2026-05-13 20:00:00+00:00,1.35219,1.35262,1.35198,1.35223,1229,10,0
2026-05-13 21:00:00+00:00,1.35223,1.3523100000000001,1.35186,1.35196,733,13,0
2026-05-13 22:00:00+00:00,1.35201,1.3531900000000001,1.3519999999999999,1.3526799999999999,697,10,0
2026-05-13 23:00:00+00:00,1.35271,1.3529200000000001,1.35229,1.35264,912,10,0
2026-05-14 00:00:00+00:00,1.35264,1.35323,1.35242,1.3529200000000001,1789,10,0
2026-05-14 01:00:00+00:00,1.35289,1.35307,1.35202,1.35216,2046,10,0
2026-05-14 02:00:00+00:00,1.35214,1.35262,1.35211,1.3523100000000001,1514,10,0
2026-05-14 03:00:00+00:00,1.35233,1.35293,1.35219,1.3526,1334,10,0
2026-05-14 04:00:00+00:00,1.3526,1.35324,1.35245,1.35275,1542,10,0
2026-05-14 05:00:00+00:00,1.35278,1.35288,1.35142,1.35158,2186,10,0
2026-05-14 06:00:00+00:00,1.3516,1.35323,1.35156,1.35271,2801,10,0
2026-05-14 07:00:00+00:00,1.3526799999999999,1.3527,1.35045,1.35054,2741,10,0
2026-05-14 08:00:00+00:00,1.3505099999999999,1.3519999999999999,1.35026,1.35191,2401,10,0
2026-05-14 09:00:00+00:00,1.35191,1.3520400000000001,1.35091,1.3511,2323,10,0
2026-05-14 10:00:00+00:00,1.35108,1.35201,1.35088,1.35113,2592,10,0
2026-05-14 11:00:00+00:00,1.35114,1.35169,1.34947,1.34995,2567,10,0
2026-05-14 12:00:00+00:00,1.34993,1.3518,1.34961,1.35072,3529,10,0
2026-05-14 13:00:00+00:00,1.35073,1.35102,1.34889,1.34996,4562,10,0
2026-05-14 14:00:00+00:00,1.34992,1.35126,1.34829,1.34835,4153,10,0
2026-05-14 15:00:00+00:00,1.34835,1.34871,1.34723,1.3477299999999999,3112,10,0
2026-05-14 16:00:00+00:00,1.34771,1.34786,1.3431600000000001,1.34424,4973,10,0
2026-05-14 17:00:00+00:00,1.34427,1.34458,1.34096,1.34101,3282,10,0
2026-05-14 18:00:00+00:00,1.341,1.34101,1.33944,1.34049,2788,10,0
2026-05-14 19:00:00+00:00,1.34046,1.34084,1.33956,1.33995,2137,10,0
2026-05-14 20:00:00+00:00,1.33997,1.34025,1.33948,1.3400400000000001,1307,7,0
2026-05-14 21:00:00+00:00,1.34003,1.3401,1.33974,1.34001,787,18,0
2026-05-14 22:00:00+00:00,1.34025,1.34027,1.3397000000000001,1.33989,669,10,0
2026-05-14 23:00:00+00:00,1.33989,1.33989,1.33845,1.33904,1425,10,0
2026-05-15 00:00:00+00:00,1.33907,1.33921,1.33738,1.33799,2690,10,0
2026-05-15 01:00:00+00:00,1.33796,1.33819,1.33637,1.3366500000000001,3029,10,0
2026-05-15 02:00:00+00:00,1.33662,1.33801,1.3363399999999999,1.33748,2273,10,0
2026-05-15 03:00:00+00:00,1.33749,1.33773,1.33722,1.33758,1669,10,0
2026-05-15 04:00:00+00:00,1.33755,1.33755,1.33624,1.33628,1607,10,0
2026-05-15 05:00:00+00:00,1.33628,1.33631,1.33402,1.33422,3184,10,0
2026-05-15 06:00:00+00:00,1.33418,1.33592,1.33342,1.33506,4656,10,0
2026-05-15 07:00:00+00:00,1.33504,1.33749,1.33452,1.33637,4294,10,0
2026-05-15 08:00:00+00:00,1.3364099999999999,1.33661,1.33412,1.33453,3814,10,0
2026-05-15 09:00:00+00:00,1.33456,1.33514,1.3327499999999999,1.33476,3914,10,0
2026-05-15 10:00:00+00:00,1.33478,1.33928,1.33478,1.33818,4246,10,0
2026-05-15 11:00:00+00:00,1.33818,1.3384,1.33585,1.33592,3224,10,0
2026-05-15 12:00:00+00:00,1.3359,1.33623,1.33401,1.33529,3742,10,0
2026-05-15 13:00:00+00:00,1.33527,1.33631,1.33369,1.33409,5133,10,0
2026-05-15 14:00:00+00:00,1.33405,1.3362,1.33347,1.33439,5333,10,0
2026-05-15 15:00:00+00:00,1.33442,1.3346,1.33154,1.3329900000000001,4586,10,0
2026-05-15 16:00:00+00:00,1.33301,1.33352,1.33199,1.33303,3302,10,0
2026-05-15 17:00:00+00:00,1.33301,1.3338,1.3324099999999999,1.33279,2778,10,0
2026-05-15 18:00:00+00:00,1.33279,1.33295,1.33176,1.33217,2851,10,0
2026-05-15 19:00:00+00:00,1.33219,1.33244,1.33155,1.33185,1956,10,0
2026-05-15 20:00:00+00:00,1.33182,1.33264,1.3314599999999999,1.33239,1598,10,0
2026-05-17 21:00:00+00:00,1.33129,1.33226,1.3312,1.33222,307,47,0
2026-05-17 22:00:00+00:00,1.33246,1.33255,1.33096,1.33158,1407,10,0
2026-05-17 23:00:00+00:00,1.33158,1.33213,1.33074,1.3309199999999999,1904,10,0
2026-05-18 00:00:00+00:00,1.33093,1.3318400000000001,1.33042,1.33086,3397,10,0
2026-05-18 01:00:00+00:00,1.33083,1.33132,1.33017,1.33113,3188,10,0
2026-05-18 02:00:00+00:00,1.33112,1.33162,1.33047,1.33081,2346,10,0
2026-05-18 03:00:00+00:00,1.33079,1.33151,1.33067,1.33129,2139,10,0
2026-05-18 04:00:00+00:00,1.33128,1.33192,1.3311600000000001,1.33151,1929,10,0
2026-05-18 05:00:00+00:00,1.33154,1.33251,1.33128,1.33227,2316,10,0
2026-05-18 06:00:00+00:00,1.33224,1.33578,1.33209,1.3355000000000001,3336,10,0
2026-05-18 07:00:00+00:00,1.3355299999999999,1.33581,1.33425,1.3351899999999999,3655,10,0
2026-05-18 08:00:00+00:00,1.33518,1.3384,1.33495,1.33766,3556,10,0
2026-05-18 09:00:00+00:00,1.33766,1.33776,1.336,1.33619,2551,10,0
2026-05-18 10:00:00+00:00,1.33618,1.33673,1.33462,1.33472,2588,10,0
2026-05-18 11:00:00+00:00,1.3347,1.33811,1.33467,1.33757,4802,10,0
2026-05-18 12:00:00+00:00,1.33757,1.34026,1.33745,1.33948,4731,10,0
2026-05-18 13:00:00+00:00,1.3395000000000001,1.34013,1.33798,1.3390900000000001,5270,10,0
2026-05-18 14:00:00+00:00,1.3391,1.33999,1.33807,1.33932,5570,10,0
2026-05-18 15:00:00+00:00,1.33931,1.34271,1.33813,1.34177,5309,10,0
2026-05-18 16:00:00+00:00,1.34175,1.34489,1.34145,1.34291,4731,10,0
2026-05-18 17:00:00+00:00,1.34292,1.34345,1.34215,1.34216,2851,10,0
2026-05-18 18:00:00+00:00,1.34218,1.34228,1.3401,1.34019,2944,10,0
2026-05-18 19:00:00+00:00,1.34021,1.34344,1.34001,1.34294,5382,10,0
2026-05-18 20:00:00+00:00,1.34296,1.34388,1.34288,1.34326,1868,4,0
2026-05-18 21:00:00+00:00,1.34322,1.34326,1.34253,1.3427799999999999,756,15,0
2026-05-18 22:00:00+00:00,1.34288,1.3437000000000001,1.34277,1.34338,858,10,0
2026-05-18 23:00:00+00:00,1.34338,1.34365,1.34305,1.34308,761,10,0
2026-05-19 00:00:00+00:00,1.34308,1.34341,1.34182,1.34191,2742,10,0
2026-05-19 01:00:00+00:00,1.34188,1.34249,1.3412899999999999,1.34166,2624,10,0
2026-05-19 02:00:00+00:00,1.34167,1.34181,1.34087,1.3415300000000001,2428,10,0
2026-05-19 03:00:00+00:00,1.3415599999999999,1.34191,1.3412,1.3413,1884,10,0
2026-05-19 04:00:00+00:00,1.34132,1.3415300000000001,1.34054,1.3406,1872,10,0
2026-05-19 05:00:00+00:00,1.34058,1.34178,1.33998,1.34166,2499,10,0
2026-05-19 06:00:00+00:00,1.34164,1.34171,1.33966,1.33992,3489,10,0
2026-05-19 07:00:00+00:00,1.33995,1.34063,1.33896,1.3401399999999999,3280,10,0
2026-05-19 08:00:00+00:00,1.34018,1.3402,1.3388499999999999,1.33923,3131,10,0
2026-05-19 09:00:00+00:00,1.33924,1.34079,1.33867,1.34071,3100,10,0
2026-05-19 10:00:00+00:00,1.34073,1.34155,1.33929,1.3406799999999999,3447,10,0
2026-05-19 11:00:00+00:00,1.3407,1.34094,1.34017,1.34028,3102,10,0
2026-05-19 12:00:00+00:00,1.34024,1.34196,1.34016,1.3406500000000001,3932,10,0
2026-05-19 13:00:00+00:00,1.34064,1.34073,1.33857,1.34016,5263,10,0
2026-05-19 14:00:00+00:00,1.3401399999999999,1.34025,1.33778,1.33921,5931,10,0
2026-05-19 15:00:00+00:00,1.33922,1.34012,1.33884,1.33982,4006,10,0
2026-05-19 16:00:00+00:00,1.33985,1.34026,1.33876,1.33991,3437,10,0
2026-05-19 17:00:00+00:00,1.33989,1.34116,1.33989,1.3408,2412,10,0
2026-05-19 18:00:00+00:00,1.34082,1.34114,1.33963,1.33966,2604,10,0
2026-05-19 19:00:00+00:00,1.33964,1.34037,1.3396,1.33998,2239,10,0
2026-05-19 20:00:00+00:00,1.33999,1.34028,1.33932,1.33933,1213,10,0
2026-05-19 21:00:00+00:00,1.33934,1.3396,1.33886,1.3396,1070,26,0
2026-05-19 22:00:00+00:00,1.3397700000000001,1.33989,1.33945,1.3397299999999999,945,10,0
2026-05-19 23:00:00+00:00,1.33972,1.34039,1.33952,1.3395299999999999,1018,10,0
2026-05-20 00:00:00+00:00,1.33951,1.34017,1.33867,1.3389,3151,10,0
2026-05-20 01:00:00+00:00,1.3389,1.3391600000000001,1.33774,1.33859,3272,10,0
2026-05-20 02:00:00+00:00,1.3386,1.33961,1.33829,1.33899,2851,10,0
2026-05-20 03:00:00+00:00,1.33902,1.34029,1.33869,1.33993,2337,10,0
2026-05-20 04:00:00+00:00,1.33994,1.34063,1.3389199999999999,1.33901,2118,10,0
2026-05-20 05:00:00+00:00,1.33899,1.33978,1.33873,1.33914,2478,10,0
2026-05-20 06:00:00+00:00,1.33911,1.34064,1.33754,1.33865,4060,10,0
2026-05-20 07:00:00+00:00,1.33862,1.33975,1.3382,1.33854,3518,10,0
2026-05-20 08:00:00+00:00,1.3385099999999999,1.33925,1.33747,1.33816,3396,10,0
2026-05-20 09:00:00+00:00,1.33816,1.33921,1.33799,1.33823,2571,10,0
2026-05-20 10:00:00+00:00,1.3382100000000001,1.33987,1.33807,1.33963,2642,10,0
2026-05-20 11:00:00+00:00,1.33963,1.34074,1.33938,1.33992,2446,10,0
2026-05-20 12:00:00+00:00,1.33991,1.34058,1.33958,1.3397299999999999,2758,10,0
2026-05-20 13:00:00+00:00,1.3397000000000001,1.34061,1.33905,1.33925,3607,10,0
2026-05-20 14:00:00+00:00,1.33927,1.3440400000000001,1.33826,1.3431899999999999,9032,10,0
2026-05-20 15:00:00+00:00,1.34323,1.34631,1.34209,1.34409,8610,10,0
2026-05-20 16:00:00+00:00,1.34409,1.34537,1.3434599999999999,1.34414,4397,10,0
2026-05-20 17:00:00+00:00,1.34414,1.34463,1.34349,1.34352,3735,10,0
2026-05-20 18:00:00+00:00,1.34354,1.34489,1.34321,1.34422,2947,10,0
2026-05-20 19:00:00+00:00,1.34418,1.34508,1.34367,1.34371,2394,10,0
2026-05-20 20:00:00+00:00,1.34369,1.34405,1.34325,1.34327,1748,4,0
2026-05-20 21:00:00+00:00,1.34325,1.3434599999999999,1.34291,1.3434599999999999,1280,31,0
2026-05-20 22:00:00+00:00,1.34358,1.34385,1.34325,1.34358,748,10,0
2026-05-20 23:00:00+00:00,1.34359,1.34382,1.34318,1.34335,793,10,0
2026-05-21 00:00:00+00:00,1.34336,1.34394,1.3428,1.34366,2182,10,0
2026-05-21 01:00:00+00:00,1.34366,1.34453,1.34307,1.3433899999999999,2758,10,0
2026-05-21 02:00:00+00:00,1.3433899999999999,1.34369,1.3418700000000001,1.34252,2221,10,0
2026-05-21 03:00:00+00:00,1.34252,1.34313,1.3424800000000001,1.34263,1456,10,0
2026-05-21 04:00:00+00:00,1.3426,1.34329,1.34253,1.3430900000000001,1385,10,0
2026-05-21 05:00:00+00:00,1.3431,1.34334,1.34257,1.34326,1981,10,0
2026-05-21 06:00:00+00:00,1.34321,1.34397,1.3427,1.34338,2914,10,0
2026-05-21 07:00:00+00:00,1.34338,1.34392,1.3415300000000001,1.34291,3591,10,0
2026-05-21 08:00:00+00:00,1.34294,1.34545,1.34269,1.34352,4704,10,0
2026-05-21 09:00:00+00:00,1.34349,1.34462,1.34321,1.34419,3168,10,0
2026-05-21 10:00:00+00:00,1.34418,1.34456,1.34148,1.34243,4574,10,0
2026-05-21 11:00:00+00:00,1.34241,1.34389,1.34185,1.34215,3261,10,0
2026-05-21 12:00:00+00:00,1.34212,1.34293,1.34112,1.34135,4258,10,0
2026-05-21 13:00:00+00:00,1.34131,1.34203,1.3391899999999999,1.3406,5405,10,0
2026-05-21 14:00:00+00:00,1.34062,1.3412899999999999,1.33957,1.34111,5122,10,0
2026-05-21 15:00:00+00:00,1.3411,1.34121,1.3395000000000001,1.34047,4471,10,0
2026-05-21 16:00:00+00:00,1.3405,1.341,1.34005,1.34077,3039,10,0
2026-05-21 17:00:00+00:00,1.34078,1.34488,1.34049,1.34428,5980,10,0
2026-05-21 18:00:00+00:00,1.34426,1.34479,1.34203,1.3425799999999999,4552,10,0
2026-05-21 19:00:00+00:00,1.3426,1.34406,1.34247,1.34355,3037,10,0
2026-05-21 20:00:00+00:00,1.34357,1.34403,1.34274,1.34287,1411,10,0
2026-05-21 21:00:00+00:00,1.3428499999999999,1.34289,1.34226,1.34284,1128,22,0
2026-05-21 22:00:00+00:00,1.34299,1.34338,1.3428499999999999,1.34322,547,10,0
2026-05-21 23:00:00+00:00,1.34322,1.34336,1.34303,1.3431600000000001,661,10,0
2026-05-22 00:00:00+00:00,1.3431600000000001,1.34322,1.34242,1.3425099999999999,2088,10,0
2026-05-22 01:00:00+00:00,1.3424800000000001,1.34306,1.34232,1.34247,2008,10,0
2026-05-22 02:00:00+00:00,1.3424800000000001,1.34303,1.34239,1.34266,1544,10,0
2026-05-22 03:00:00+00:00,1.34267,1.3427799999999999,1.34226,1.34257,1300,10,0
2026-05-22 04:00:00+00:00,1.34257,1.34317,1.34249,1.34299,1005,10,0
2026-05-22 05:00:00+00:00,1.34298,1.34321,1.34191,1.34222,1500,10,0
2026-05-22 06:00:00+00:00,1.3422399999999999,1.34279,1.3416299999999999,1.34242,2773,10,0
2026-05-22 07:00:00+00:00,1.3424,1.34257,1.34127,1.34245,2414,10,0
2026-05-22 08:00:00+00:00,1.34247,1.34383,1.34227,1.34257,3034,10,0
2026-05-22 09:00:00+00:00,1.34257,1.3428,1.34162,1.34267,2381,10,0
2026-05-22 10:00:00+00:00,1.3427,1.34318,1.34201,1.34229,2012,10,0
2026-05-22 11:00:00+00:00,1.34229,1.34252,1.34184,1.34206,2226,10,0
2026-05-22 12:00:00+00:00,1.34206,1.3437000000000001,1.3416299999999999,1.34362,3847,10,0
2026-05-22 13:00:00+00:00,1.34365,1.34627,1.34329,1.34376,4801,10,0
2026-05-22 14:00:00+00:00,1.34374,1.3437700000000001,1.34174,1.34337,4726,10,0
2026-05-22 15:00:00+00:00,1.34338,1.3443,1.34286,1.34365,3487,10,0
2026-05-22 16:00:00+00:00,1.34364,1.34463,1.34331,1.3443800000000001,2823,10,0
2026-05-22 17:00:00+00:00,1.3444,1.34531,1.34418,1.34486,3233,10,0
2026-05-22 18:00:00+00:00,1.34487,1.34512,1.34433,1.34475,2187,10,0
2026-05-22 19:00:00+00:00,1.3447200000000001,1.34478,1.3437700000000001,1.34399,2044,10,0
2026-05-22 20:00:00+00:00,1.34398,1.34416,1.34288,1.3431199999999999,1667,10,0
2026-05-24 21:00:00+00:00,1.3437700000000001,1.34481,1.34367,1.34481,312,136,0
2026-05-24 22:00:00+00:00,1.34481,1.34852,1.34481,1.3483399999999999,1349,17,0
2026-05-24 23:00:00+00:00,1.34837,1.34879,1.3479999999999999,1.34806,1205,10,0
2026-05-25 00:00:00+00:00,1.34803,1.34879,1.34761,1.34788,2203,10,0
2026-05-25 01:00:00+00:00,1.34787,1.34901,1.34767,1.34799,2238,10,0
2026-05-25 02:00:00+00:00,1.34798,1.34835,1.3475,1.34767,1235,10,0
2026-05-25 03:00:00+00:00,1.34766,1.34793,1.34737,1.34747,1472,10,0
2026-05-25 04:00:00+00:00,1.34745,1.34851,1.3473899999999999,1.34824,1030,10,0
2026-05-25 05:00:00+00:00,1.34824,1.34886,1.34808,1.34819,1361,10,0
2026-05-25 06:00:00+00:00,1.34817,1.34871,1.34779,1.34859,2049,10,0
2026-05-25 07:00:00+00:00,1.34862,1.3486500000000001,1.34705,1.34842,2737,10,0
2026-05-25 08:00:00+00:00,1.34844,1.34935,1.34781,1.34931,1889,10,0
2026-05-25 09:00:00+00:00,1.34933,1.3495599999999999,1.34908,1.3492199999999999,1143,10,0
2026-05-25 10:00:00+00:00,1.34921,1.34946,1.34888,1.34907,1130,10,0
2026-05-25 11:00:00+00:00,1.3491,1.35057,1.34871,1.34976,1745,10,0
2026-05-25 12:00:00+00:00,1.3498,1.35065,1.34965,1.35003,2117,10,0
2026-05-25 13:00:00+00:00,1.35003,1.35035,1.34935,1.34935,1792,10,0
2026-05-25 14:00:00+00:00,1.34938,1.35015,1.34923,1.35,1886,10,0
2026-05-25 15:00:00+00:00,1.35001,1.35052,1.34954,1.35013,2047,10,0
2026-05-25 16:00:00+00:00,1.35012,1.3504800000000001,1.34985,1.35034,1153,10,0
2026-05-25 17:00:00+00:00,1.35034,1.35071,1.35028,1.35052,547,10,0
2026-05-25 18:00:00+00:00,1.3505099999999999,1.35069,1.3504399999999999,1.35066,495,10,0
2026-05-25 19:00:00+00:00,1.35065,1.35088,1.3505099999999999,1.3507500000000001,492,10,0
2026-05-25 20:00:00+00:00,1.3507500000000001,1.35081,1.3505099999999999,1.35061,547,4,0
2026-05-25 21:00:00+00:00,1.35058,1.35062,1.34949,1.35001,1143,24,0
2026-05-25 22:00:00+00:00,1.3502399999999999,1.35052,1.35003,1.3503,556,10,0
2026-05-25 23:00:00+00:00,1.35029,1.35046,1.34952,1.34955,895,10,0
2026-05-26 00:00:00+00:00,1.34957,1.34968,1.34877,1.34941,2241,10,0
2026-05-26 01:00:00+00:00,1.34941,1.34948,1.34822,1.34864,2152,10,0
2026-05-26 02:00:00+00:00,1.3486500000000001,1.34898,1.34827,1.34867,1469,10,0
2026-05-26 03:00:00+00:00,1.34867,1.3491900000000001,1.34863,1.34885,1011,10,0
2026-05-26 04:00:00+00:00,1.34885,1.34888,1.34802,1.3480699999999999,1018,10,0
2026-05-26 05:00:00+00:00,1.34805,1.34815,1.3474,1.34748,1297,10,0
2026-05-26 06:00:00+00:00,1.34749,1.34846,1.34734,1.3477299999999999,2411,10,0
2026-05-26 07:00:00+00:00,1.34775,1.34779,1.34644,1.34745,3448,10,0
2026-05-26 08:00:00+00:00,1.34748,1.34806,1.34711,1.3474599999999999,2612,10,0
2026-05-26 09:00:00+00:00,1.34749,1.34845,1.34718,1.34832,2421,10,0
2026-05-26 10:00:00+00:00,1.34832,1.34889,1.34775,1.34842,2443,10,0
2026-05-26 11:00:00+00:00,1.34842,1.34889,1.34677,1.3469,2573,10,0
2026-05-26 12:00:00+00:00,1.34687,1.3474599999999999,1.34652,1.34666,2623,10,0
2026-05-26 13:00:00+00:00,1.34665,1.34701,1.3456000000000001,1.34632,3521,10,0
2026-05-26 14:00:00+00:00,1.34634,1.34688,1.34491,1.34491,3796,10,0
2026-05-26 15:00:00+00:00,1.3449,1.34501,1.3434,1.34356,3651,10,0
2026-05-26 16:00:00+00:00,1.34357,1.34484,1.3434300000000001,1.3441,2455,10,0
2026-05-26 17:00:00+00:00,1.34412,1.3448,1.34379,1.3440699999999999,1980,10,0
2026-05-26 18:00:00+00:00,1.34409,1.3446,1.34386,1.34443,1601,10,0
2026-05-26 19:00:00+00:00,1.3444,1.34496,1.34418,1.34483,1530,10,0
2026-05-26 20:00:00+00:00,1.34484,1.34535,1.34447,1.34458,987,7,0
2026-05-26 21:00:00+00:00,1.34459,1.34461,1.34425,1.34452,997,13,0
2026-05-26 22:00:00+00:00,1.3446,1.34509,1.3446,1.345,738,10,0
2026-05-26 23:00:00+00:00,1.345,1.3458700000000001,1.3449200000000001,1.34544,676,10,0
2026-05-27 00:00:00+00:00,1.34544,1.34579,1.34535,1.3455,1969,10,0
2026-05-27 01:00:00+00:00,1.34548,1.34555,1.34457,1.34471,2035,10,0
2026-05-27 02:00:00+00:00,1.3447,1.3454,1.3446799999999999,1.34522,1853,10,0
2026-05-27 03:00:00+00:00,1.34522,1.34584,1.34521,1.34541,1293,10,0
2026-05-27 04:00:00+00:00,1.34541,1.3456299999999999,1.34522,1.34534,1159,10,0
2026-05-27 05:00:00+00:00,1.34535,1.34565,1.34484,1.34491,1514,10,0
2026-05-27 06:00:00+00:00,1.34491,1.34559,1.34439,1.34519,2471,10,0
2026-05-27 07:00:00+00:00,1.34521,1.3456299999999999,1.34413,1.34424,2321,10,0
2026-05-27 08:00:00+00:00,1.34424,1.34518,1.34406,1.34461,2360,10,0
2026-05-27 09:00:00+00:00,1.34457,1.3452,1.34442,1.3445,2066,10,0
2026-05-27 10:00:00+00:00,1.34447,1.34459,1.34354,1.34408,2053,10,0
2026-05-27 11:00:00+00:00,1.3441,1.34424,1.34299,1.34345,2321,10,0
2026-05-27 12:00:00+00:00,1.34347,1.34564,1.3431,1.34397,5670,10,0
2026-05-27 13:00:00+00:00,1.34399,1.34487,1.3439,1.34461,4035,10,0
2026-05-27 14:00:00+00:00,1.34464,1.34579,1.34168,1.34186,5665,10,0
2026-05-27 15:00:00+00:00,1.3418700000000001,1.34313,1.3416000000000001,1.34286,3969,10,0
2026-05-27 16:00:00+00:00,1.34288,1.3431600000000001,1.34198,1.34302,2447,10,0
2026-05-27 17:00:00+00:00,1.34306,1.34314,1.34168,1.34259,2366,10,0
2026-05-27 18:00:00+00:00,1.34257,1.34306,1.34215,1.34292,1914,10,0
2026-05-27 19:00:00+00:00,1.3429,1.34328,1.3427799999999999,1.34301,1564,10,0
2026-05-27 20:00:00+00:00,1.34302,1.34326,1.3425799999999999,1.34263,832,9,0
2026-05-27 21:00:00+00:00,1.34263,1.34264,1.34218,1.34252,610,26,0
2026-05-27 22:00:00+00:00,1.34259,1.34306,1.3425099999999999,1.34275,677,10,0
2026-05-27 23:00:00+00:00,1.34275,1.34286,1.34139,1.3415599999999999,1189,10,0
2026-05-28 00:00:00+00:00,1.3415300000000001,1.34199,1.3409200000000001,1.34131,2110,10,0
2026-05-28 01:00:00+00:00,1.3413300000000001,1.3414,1.33972,1.33984,1975,10,0
2026-05-28 02:00:00+00:00,1.33982,1.34064,1.33982,1.3401399999999999,1667,10,0
2026-05-28 03:00:00+00:00,1.3401399999999999,1.34035,1.3368,1.33683,2913,10,0
2026-05-28 04:00:00+00:00,1.3368,1.33779,1.3366799999999999,1.3377,2366,10,0
2026-05-28 05:00:00+00:00,1.33773,1.33955,1.33746,1.3391600000000001,2078,10,0
2026-05-28 06:00:00+00:00,1.33913,1.3407499999999999,1.33901,1.3403399999999999,2696,10,0
2026-05-28 07:00:00+00:00,1.34037,1.34113,1.3399,1.3402,2789,10,0
2026-05-28 08:00:00+00:00,1.34019,1.3406799999999999,1.33944,1.34015,2321,10,0
2026-05-28 09:00:00+00:00,1.34015,1.3409499999999999,1.33942,1.3395299999999999,2361,10,0
2026-05-28 10:00:00+00:00,1.33951,1.3397999999999999,1.33857,1.3388900000000001,2899,10,0
2026-05-28 11:00:00+00:00,1.33886,1.34101,1.3388200000000001,1.34061,2293,10,0
2026-05-28 12:00:00+00:00,1.3406,1.34246,1.34025,1.34202,3394,10,0
2026-05-28 13:00:00+00:00,1.34205,1.34276,1.3412,1.34124,3655,10,0
2026-05-28 14:00:00+00:00,1.34124,1.34508,1.34071,1.34326,8185,10,0
2026-05-28 15:00:00+00:00,1.34325,1.34418,1.34314,1.34353,3898,10,0
2026-05-28 16:00:00+00:00,1.34352,1.34483,1.34317,1.34463,3097,10,0
2026-05-28 17:00:00+00:00,1.34463,1.34478,1.3439999999999999,1.34453,2318,10,0
2026-05-28 18:00:00+00:00,1.34452,1.34476,1.3436,1.3439999999999999,2348,10,0
2026-05-28 19:00:00+00:00,1.34397,1.34436,1.3437000000000001,1.34392,1819,10,0
2026-05-28 20:00:00+00:00,1.34388,1.3443399999999999,1.34378,1.34424,1040,9,0
2026-05-28 21:00:00+00:00,1.34425,1.34427,1.34394,1.34399,690,20,0
2026-05-28 22:00:00+00:00,1.34425,1.34455,1.3441100000000001,1.3441100000000001,509,10,0
2026-05-28 23:00:00+00:00,1.3441100000000001,1.34452,1.3441,1.34436,689,10,0
2026-05-29 00:00:00+00:00,1.34436,1.34485,1.3439,1.3440699999999999,1774,10,0
2026-05-29 01:00:00+00:00,1.34405,1.34503,1.34375,1.34394,2070,10,0
2026-05-29 02:00:00+00:00,1.34392,1.3443800000000001,1.3437700000000001,1.3437700000000001,1463,10,0
2026-05-29 03:00:00+00:00,1.34378,1.34389,1.343,1.34321,1474,10,0
2026-05-29 04:00:00+00:00,1.34323,1.34381,1.34317,1.3437999999999999,1239,10,0
2026-05-29 05:00:00+00:00,1.34383,1.34415,1.34353,1.34383,1274,10,0
2026-05-29 06:00:00+00:00,1.34383,1.34444,1.34351,1.34417,2495,10,0
2026-05-29 07:00:00+00:00,1.34416,1.34416,1.34174,1.34259,2951,10,0
2026-05-29 08:00:00+00:00,1.34257,1.34257,1.3408,1.34114,2800,10,0
2026-05-29 09:00:00+00:00,1.34113,1.34189,1.34091,1.34174,2626,10,0
2026-05-29 10:00:00+00:00,1.3417,1.34181,1.3409499999999999,1.34178,2417,10,0
2026-05-29 11:00:00+00:00,1.34173,1.34295,1.34148,1.34283,2720,10,0
2026-05-29 12:00:00+00:00,1.3428499999999999,1.34344,1.34208,1.3433899999999999,3099,10,0
2026-05-29 13:00:00+00:00,1.34338,1.3446799999999999,1.34303,1.34386,3432,10,0
2026-05-29 14:00:00+00:00,1.34388,1.34803,1.34292,1.3477000000000001,6361,10,0
2026-05-29 15:00:00+00:00,1.3477299999999999,1.3485,1.34696,1.34742,5379,10,0
2026-05-29 16:00:00+00:00,1.34742,1.34756,1.34635,1.3467,3170,10,0
2026-05-29 17:00:00+00:00,1.3467,1.34695,1.34548,1.34554,2400,10,0
2026-05-29 18:00:00+00:00,1.34555,1.34645,1.34546,1.34603,2198,10,0
2026-05-29 19:00:00+00:00,1.34601,1.34705,1.34601,1.34673,2166,10,0
2026-05-29 20:00:00+00:00,1.3467500000000001,1.3468,1.34525,1.34547,2704,10,0
2026-05-31 21:00:00+00:00,1.34523,1.34595,1.3443399999999999,1.34503,635,47,0
2026-05-31 22:00:00+00:00,1.34547,1.3456299999999999,1.34456,1.34484,2263,10,0
2026-05-31 23:00:00+00:00,1.34484,1.34584,1.3447,1.34503,2220,10,0
2026-06-01 00:00:00+00:00,1.34507,1.34545,1.34451,1.34509,2949,10,0
2026-06-01 01:00:00+00:00,1.3451,1.34536,1.34478,1.34534,1776,10,0
2026-06-01 02:00:00+00:00,1.34534,1.3456000000000001,1.34523,1.34557,1216,10,0
2026-06-01 03:00:00+00:00,1.3455599999999999,1.34591,1.34489,1.34496,1647,10,0
2026-06-01 04:00:00+00:00,1.34497,1.34575,1.34489,1.34568,895,10,0
2026-06-01 05:00:00+00:00,1.34571,1.3465799999999999,1.3456000000000001,1.34628,1342,10,0
2026-06-01 06:00:00+00:00,1.34629,1.34757,1.34575,1.34721,2684,10,0
2026-06-01 07:00:00+00:00,1.34718,1.34724,1.34548,1.34605,2757,10,0
2026-06-01 08:00:00+00:00,1.34605,1.3473,1.3459699999999999,1.34701,2516,10,0
2026-06-01 09:00:00+00:00,1.34702,1.34748,1.34568,1.34592,2555,10,0
2026-06-01 10:00:00+00:00,1.34592,1.34654,1.34548,1.34626,2115,10,0
2026-06-01 11:00:00+00:00,1.34626,1.34661,1.34592,1.3465,2055,10,0
2026-06-01 12:00:00+00:00,1.3465,1.34686,1.3461699999999999,1.34632,2756,10,0
2026-06-01 13:00:00+00:00,1.3463,1.34637,1.341,1.34137,6636,10,0
2026-06-01 14:00:00+00:00,1.34137,1.3437000000000001,1.34063,1.34366,5016,10,0
2026-06-01 15:00:00+00:00,1.34363,1.34557,1.34325,1.34487,4111,10,0
2026-06-01 16:00:00+00:00,1.34487,1.34627,1.34401,1.34601,2995,10,0
2026-06-01 17:00:00+00:00,1.34604,1.34699,1.34531,1.34641,3112,10,0
2026-06-01 18:00:00+00:00,1.3464,1.3465500000000001,1.34567,1.34567,1536,10,0
2026-06-01 19:00:00+00:00,1.34566,1.34609,1.3453,1.34588,1644,10,0
2026-06-01 20:00:00+00:00,1.34584,1.34607,1.34539,1.3454,1054,9,0
2026-06-01 21:00:00+00:00,1.34542,1.34564,1.34503,1.34557,1049,22,0
2026-06-01 22:00:00+00:00,1.34567,1.34595,1.3455300000000001,1.34576,626,10,0
2026-06-01 23:00:00+00:00,1.34575,1.34604,1.34561,1.34593,728,10,0
2026-06-02 00:00:00+00:00,1.34595,1.34618,1.34522,1.34534,1706,10,0
2026-06-02 01:00:00+00:00,1.34537,1.34612,1.34503,1.34515,2162,10,0
2026-06-02 02:00:00+00:00,1.34515,1.34564,1.34506,1.34534,1378,10,0
2026-06-02 03:00:00+00:00,1.34532,1.34585,1.34532,1.34579,1256,10,0
2026-06-02 04:00:00+00:00,1.34577,1.34645,1.34567,1.34636,1095,10,0
2026-06-02 05:00:00+00:00,1.34636,1.34667,1.34604,1.34607,1303,10,0
2026-06-02 06:00:00+00:00,1.34607,1.34812,1.34607,1.34783,2766,10,0
2026-06-02 07:00:00+00:00,1.34779,1.34785,1.34673,1.3471600000000001,2780,10,0
2026-06-02 08:00:00+00:00,1.3472,1.34755,1.34601,1.34634,2582,10,0
2026-06-02 09:00:00+00:00,1.3463,1.34703,1.34601,1.34697,2014,10,0
2026-06-02 10:00:00+00:00,1.34699,1.34737,1.3466,1.34672,1914,10,0
2026-06-02 11:00:00+00:00,1.34671,1.34766,1.34647,1.34734,2134,10,0
2026-06-02 12:00:00+00:00,1.34737,1.3477299999999999,1.34702,1.34714,2482,10,0
2026-06-02 13:00:00+00:00,1.34717,1.34771,1.34665,1.34696,3164,10,0
2026-06-02 14:00:00+00:00,1.34696,1.3480400000000001,1.34627,1.3471899999999999,3326,10,0
2026-06-02 15:00:00+00:00,1.3472,1.34799,1.34708,1.34787,2811,10,0
2026-06-02 16:00:00+00:00,1.34787,1.34796,1.3464,1.34659,2414,10,0
2026-06-02 17:00:00+00:00,1.3465799999999999,1.3467799999999999,1.34568,1.34588,2100,10,0
2026-06-02 18:00:00+00:00,1.34589,1.347,1.34528,1.34684,2012,10,0
2026-06-02 19:00:00+00:00,1.34687,1.3471899999999999,1.3467,1.34681,1351,10,0
2026-06-02 20:00:00+00:00,1.3468,1.34714,1.34619,1.34622,837,7,0
2026-06-02 21:00:00+00:00,1.34628,1.34636,1.34593,1.34632,646,31,0
2026-06-02 22:00:00+00:00,1.34642,1.34674,1.34609,1.34613,649,10,0
2026-06-02 23:00:00+00:00,1.34613,1.3462100000000001,1.34497,1.34525,1368,10,0
2026-06-03 00:00:00+00:00,1.34524,1.34669,1.34511,1.34654,1554,10,0
2026-06-03 01:00:00+00:00,1.34653,1.34717,1.3461400000000001,1.34669,1746,10,0
2026-06-03 02:00:00+00:00,1.34669,1.34705,1.34605,1.34626,1395,10,0
2026-06-03 03:00:00+00:00,1.34628,1.3464800000000001,1.34601,1.34626,1098,10,0
2026-06-03 04:00:00+00:00,1.34626,1.34637,1.34581,1.34598,966,10,0
2026-06-03 05:00:00+00:00,1.34599,1.34633,1.34491,1.3449499999999999,1419,10,0
2026-06-03 06:00:00+00:00,1.34494,1.34535,1.34364,1.34496,2948,10,0
2026-06-03 07:00:00+00:00,1.3449900000000001,1.3462,1.34422,1.34558,3053,10,0
2026-06-03 08:00:00+00:00,1.34559,1.34578,1.34401,1.34422,2918,10,0
2026-06-03 09:00:00+00:00,1.34422,1.34505,1.34421,1.34475,2416,10,0
2026-06-03 10:00:00+00:00,1.34477,1.34595,1.34451,1.34493,2833,10,0
2026-06-03 11:00:00+00:00,1.34491,1.3455599999999999,1.34481,1.34496,2133,10,0
2026-06-03 12:00:00+00:00,1.34494,1.34507,1.34271,1.34318,3058,10,0
2026-06-03 13:00:00+00:00,1.34317,1.34363,1.34213,1.3426,4204,10,0
2026-06-03 14:00:00+00:00,1.3425500000000001,1.3437000000000001,1.34209,1.34364,4274,10,0
2026-06-03 15:00:00+00:00,1.34365,1.34395,1.3425799999999999,1.3434300000000001,3586,10,0
2026-06-03 16:00:00+00:00,1.34344,1.34348,1.34152,1.34226,3021,10,0
2026-06-03 17:00:00+00:00,1.34228,1.34283,1.34146,1.34158,1912,10,0
2026-06-03 18:00:00+00:00,1.3415599999999999,1.34181,1.34116,1.34164,1627,10,0
2026-06-03 19:00:00+00:00,1.34161,1.34206,1.34151,1.3419400000000001,1596,10,0
2026-06-03 20:00:00+00:00,1.34195,1.3421,1.34155,1.34169,1020,9,0
2026-06-03 21:00:00+00:00,1.34167,1.34174,1.34132,1.34174,884,13,0
2026-06-03 22:00:00+00:00,1.34181,1.34283,1.34113,1.3422399999999999,838,10,0
2026-06-03 23:00:00+00:00,1.34223,1.3427799999999999,1.34171,1.3426,1133,10,0
2026-06-04 00:00:00+00:00,1.3425799999999999,1.34315,1.34222,1.34252,2242,10,0
2026-06-04 01:00:00+00:00,1.34252,1.34275,1.34219,1.34269,2039,10,0
2026-06-04 02:00:00+00:00,1.3427,1.34276,1.34209,1.34256,1506,10,0
2026-06-04 03:00:00+00:00,1.34256,1.34257,1.34167,1.3422399999999999,1181,10,0
2026-06-04 04:00:00+00:00,1.3422399999999999,1.34314,1.34219,1.34306,1182,10,0
2026-06-04 05:00:00+00:00,1.34306,1.3431899999999999,1.34203,1.34276,1588,10,0
2026-06-04 06:00:00+00:00,1.34276,1.34344,1.34238,1.34275,2582,10,0
2026-06-04 07:00:00+00:00,1.34277,1.34289,1.34111,1.34213,3044,10,0
2026-06-04 08:00:00+00:00,1.34212,1.34355,1.34209,1.34296,2678,10,0
2026-06-04 09:00:00+00:00,1.343,1.34418,1.34292,1.34365,2774,10,0
2026-06-04 10:00:00+00:00,1.34365,1.34435,1.34332,1.34428,2543,10,0
2026-06-04 11:00:00+00:00,1.3443,1.3462100000000001,1.34421,1.34584,3160,10,0
2026-06-04 12:00:00+00:00,1.34582,1.34622,1.3452,1.34552,3032,10,0
2026-06-04 13:00:00+00:00,1.3455300000000001,1.3457,1.34479,1.34507,3303,10,0
2026-06-04 14:00:00+00:00,1.34506,1.3454,1.3434599999999999,1.34432,3407,10,0
2026-06-04 15:00:00+00:00,1.3443,1.3443800000000001,1.34292,1.34387,3005,10,0
2026-06-04 16:00:00+00:00,1.34389,1.34417,1.3433899999999999,1.34344,2445,10,0
2026-06-04 17:00:00+00:00,1.34347,1.34362,1.3425799999999999,1.34266,1859,10,0
2026-06-04 18:00:00+00:00,1.34265,1.34292,1.34229,1.34244,1434,10,0
2026-06-04 19:00:00+00:00,1.34245,1.3425799999999999,1.34213,1.34237,1280,10,0
2026-06-04 20:00:00+00:00,1.34236,1.34245,1.342,1.34226,750,9,0
2026-06-04 21:00:00+00:00,1.34228,1.34245,1.3418,1.342,1197,20,0
2026-06-04 22:00:00+00:00,1.3422399999999999,1.3425799999999999,1.34212,1.34233,399,10,0
2026-06-04 23:00:00+00:00,1.34234,1.34245,1.34211,1.34223,592,10,0
2026-06-05 00:00:00+00:00,1.3422,1.34236,1.34177,1.34233,1969,10,0
2026-06-05 01:00:00+00:00,1.34233,1.3424800000000001,1.34155,1.34235,2149,10,0
2026-06-05 02:00:00+00:00,1.34237,1.3428200000000001,1.34225,1.34236,1525,10,0
2026-06-05 03:00:00+00:00,1.34238,1.34274,1.3422399999999999,1.34265,1403,10,0
2026-06-05 04:00:00+00:00,1.34267,1.34313,1.34252,1.34291,1311,10,0
2026-06-05 05:00:00+00:00,1.34293,1.34314,1.34245,1.3425099999999999,1293,10,0
2026-06-05 06:00:00+00:00,1.3424800000000001,1.34356,1.34232,1.3434599999999999,2372,10,0
2026-06-05 07:00:00+00:00,1.34344,1.34481,1.34334,1.34445,2403,10,0
2026-06-05 08:00:00+00:00,1.34449,1.34576,1.34439,1.34547,2310,10,0
2026-06-05 09:00:00+00:00,1.34544,1.34696,1.34521,1.34642,2684,10,0
2026-06-05 10:00:00+00:00,1.3464,1.34828,1.34629,1.34741,2344,10,0
2026-06-05 11:00:00+00:00,1.34738,1.34748,1.34659,1.3468,2386,10,0
2026-06-05 12:00:00+00:00,1.34683,1.34687,1.34037,1.3404099999999999,5016,10,0
2026-06-05 13:00:00+00:00,1.34044,1.34215,1.33941,1.3397999999999999,7478,10,0
2026-06-05 14:00:00+00:00,1.33978,1.34085,1.33793,1.33861,5674,10,0
2026-06-05 15:00:00+00:00,1.33863,1.33875,1.33561,1.3358400000000001,4231,10,0
2026-06-05 16:00:00+00:00,1.33583,1.33591,1.33402,1.33554,3982,10,0
2026-06-05 17:00:00+00:00,1.33554,1.33563,1.33366,1.33414,2982,10,0
2026-06-05 18:00:00+00:00,1.33416,1.33438,1.3333300000000001,1.33364,3121,10,0
2026-06-05 19:00:00+00:00,1.3336299999999999,1.33402,1.33297,1.33374,2590,10,0
2026-06-05 20:00:00+00:00,1.33372,1.33405,1.3330199999999999,1.33398,1868,10,0
2026-06-07 21:00:00+00:00,1.33281,1.33281,1.33148,1.33203,495,47,0
2026-06-07 22:00:00+00:00,1.3323,1.33298,1.33156,1.33234,1730,10,0
2026-06-07 23:00:00+00:00,1.33233,1.33359,1.33232,1.33347,1225,10,0
2026-06-08 00:00:00+00:00,1.33349,1.33487,1.33339,1.3348499999999999,1983,10,0
2026-06-08 01:00:00+00:00,1.3348200000000001,1.335,1.33182,1.33364,4019,10,0
2026-06-08 02:00:00+00:00,1.3336700000000001,1.33426,1.3327,1.33388,2646,10,0
2026-06-08 03:00:00+00:00,1.33389,1.33416,1.33339,1.33408,1445,10,0
2026-06-08 04:00:00+00:00,1.33408,1.33454,1.33372,1.3339400000000001,1524,10,0
2026-06-08 05:00:00+00:00,1.3339699999999999,1.33484,1.3324799999999999,1.33279,2803,10,0
2026-06-08 06:00:00+00:00,1.33277,1.3330899999999999,1.33194,1.33226,3663,10,0
2026-06-08 07:00:00+00:00,1.33227,1.33464,1.33202,1.33274,3785,10,0
2026-06-08 08:00:00+00:00,1.33274,1.33355,1.33194,1.3321100000000001,3870,10,0
2026-06-08 09:00:00+00:00,1.3321100000000001,1.3327200000000001,1.33052,1.33263,3709,10,0
2026-06-08 10:00:00+00:00,1.33267,1.33484,1.33229,1.33407,3801,10,0
2026-06-08 11:00:00+00:00,1.33409,1.33692,1.33398,1.3359,4149,10,0
2026-06-08 12:00:00+00:00,1.33591,1.3367200000000001,1.3345,1.33502,3766,10,0
2026-06-08 13:00:00+00:00,1.33505,1.33646,1.3348,1.33509,4911,10,0
2026-06-08 14:00:00+00:00,1.33508,1.3357700000000001,1.33364,1.3343099999999999,4669,10,0
2026-06-08 15:00:00+00:00,1.33433,1.33507,1.33348,1.33463,3831,10,0
2026-06-08 16:00:00+00:00,1.33461,1.33478,1.33418,1.33426,2779,10,0
2026-06-08 17:00:00+00:00,1.33429,1.33465,1.33391,1.33447,2656,10,0
2026-06-08 18:00:00+00:00,1.3345,1.33523,1.33374,1.3338700000000001,2289,10,0
2026-06-08 19:00:00+00:00,1.33386,1.33436,1.33378,1.33409,2196,10,0
2026-06-08 20:00:00+00:00,1.33408,1.33429,1.33371,1.33373,1121,4,0
2026-06-08 21:00:00+00:00,1.33371,1.33393,1.33323,1.33393,957,24,0
2026-06-08 22:00:00+00:00,1.33403,1.33414,1.3338,1.33405,713,10,0
2026-06-08 23:00:00+00:00,1.33404,1.33412,1.33324,1.33334,778,10,0
2026-06-09 00:00:00+00:00,1.3333300000000001,1.33365,1.33304,1.33362,2217,10,0
2026-06-09 01:00:00+00:00,1.33361,1.33509,1.33349,1.33506,2215,10,0
2026-06-09 02:00:00+00:00,1.33505,1.33525,1.33471,1.3348499999999999,1619,10,0
2026-06-09 03:00:00+00:00,1.3348499999999999,1.33521,1.33448,1.33488,1543,10,0
2026-06-09 04:00:00+00:00,1.33488,1.33626,1.33473,1.33596,1392,10,0
2026-06-09 05:00:00+00:00,1.33597,1.33646,1.33552,1.3361,2054,10,0
2026-06-09 06:00:00+00:00,1.33612,1.33743,1.33581,1.33629,2773,10,0
2026-06-09 07:00:00+00:00,1.33628,1.33746,1.33576,1.33671,3147,10,0
2026-06-09 08:00:00+00:00,1.3367200000000001,1.33822,1.3364,1.33795,2953,10,0
2026-06-09 09:00:00+00:00,1.33795,1.33911,1.33783,1.33872,2249,10,0
2026-06-09 10:00:00+00:00,1.33869,1.33978,1.33845,1.33948,2335,10,0
2026-06-09 11:00:00+00:00,1.3395000000000001,1.34059,1.33938,1.34021,2084,10,0
2026-06-09 12:00:00+00:00,1.34023,1.34074,1.3397700000000001,1.34029,2617,10,0
2026-06-09 13:00:00+00:00,1.3403399999999999,1.34108,1.33942,1.3397299999999999,3841,10,0
2026-06-09 14:00:00+00:00,1.3397299999999999,1.34071,1.33881,1.3396,5101,10,0
2026-06-09 15:00:00+00:00,1.33959,1.3404,1.33724,1.33864,4849,10,0
2026-06-09 16:00:00+00:00,1.33866,1.3388499999999999,1.33581,1.33713,6489,10,0
2026-06-09 17:00:00+00:00,1.33715,1.33886,1.3369900000000001,1.33825,4245,10,0
2026-06-09 18:00:00+00:00,1.33826,1.33904,1.33802,1.33873,2875,10,0
2026-06-09 19:00:00+00:00,1.33874,1.33883,1.33779,1.33793,2710,10,0
2026-06-09 20:00:00+00:00,1.3378999999999999,1.33825,1.33769,1.33781,1172,2,0
2026-06-09 21:00:00+00:00,1.33782,1.33783,1.3361100000000001,1.33673,1712,15,0
2026-06-09 22:00:00+00:00,1.33687,1.33765,1.33687,1.33713,869,10,0
2026-06-09 23:00:00+00:00,1.33713,1.3375,1.3368,1.33712,1021,10,0
2026-06-10 00:00:00+00:00,1.33716,1.33801,1.33676,1.33784,2763,10,0
2026-06-10 01:00:00+00:00,1.33783,1.33799,1.33718,1.33741,2847,10,0
2026-06-10 02:00:00+00:00,1.33744,1.33832,1.33721,1.3378999999999999,1959,10,0
2026-06-10 03:00:00+00:00,1.33786,1.33904,1.33783,1.33884,1642,10,0
2026-06-10 04:00:00+00:00,1.33881,1.3388900000000001,1.33791,1.3382100000000001,1700,10,0
2026-06-10 05:00:00+00:00,1.33819,1.33939,1.33793,1.33913,2212,10,0
2026-06-10 06:00:00+00:00,1.3391600000000001,1.3397000000000001,1.33822,1.3383099999999999,2735,10,0
2026-06-10 07:00:00+00:00,1.33827,1.33931,1.33796,1.33902,2856,10,0
2026-06-10 08:00:00+00:00,1.33906,1.33923,1.33816,1.3385799999999999,2937,10,0
2026-06-10 09:00:00+00:00,1.3386,1.33993,1.33802,1.33966,2759,10,0
2026-06-10 10:00:00+00:00,1.33969,1.33988,1.33896,1.33901,2299,10,0
2026-06-10 11:00:00+00:00,1.33903,1.33933,1.33754,1.3378,4676,10,0
2026-06-10 12:00:00+00:00,1.33782,1.34085,1.33766,1.33891,4846,10,0
2026-06-10 13:00:00+00:00,1.3388900000000001,1.34231,1.33881,1.34091,4887,10,0
2026-06-10 14:00:00+00:00,1.3409499999999999,1.34168,1.33951,1.34013,5146,10,0
2026-06-10 15:00:00+00:00,1.34013,1.34051,1.3370600000000001,1.33893,5543,10,0
2026-06-10 16:00:00+00:00,1.3389199999999999,1.3397299999999999,1.3386,1.3388900000000001,3642,10,0
2026-06-10 17:00:00+00:00,1.3389199999999999,1.33947,1.33788,1.33911,3273,10,0
2026-06-10 18:00:00+00:00,1.33915,1.33962,1.33784,1.3378999999999999,3281,10,0
2026-06-10 19:00:00+00:00,1.33793,1.33795,1.33713,1.33718,2529,10,0
2026-06-10 20:00:00+00:00,1.33717,1.33722,1.33666,1.33669,1223,7,0
2026-06-10 21:00:00+00:00,1.33667,1.33678,1.33612,1.3367200000000001,1093,31,0
2026-06-10 22:00:00+00:00,1.33681,1.33681,1.33547,1.33557,1443,10,0
2026-06-10 23:00:00+00:00,1.33554,1.3364500000000001,1.33494,1.3361100000000001,2356,10,0
2026-06-11 00:00:00+00:00,1.3361399999999999,1.33707,1.3361399999999999,1.33701,3100,10,0
2026-06-11 01:00:00+00:00,1.33704,1.33915,1.3369,1.3385,2497,10,0
2026-06-11 02:00:00+00:00,1.33852,1.33859,1.33765,1.33789,2001,10,0
2026-06-11 03:00:00+00:00,1.3378999999999999,1.33805,1.33746,1.33782,1843,10,0
2026-06-11 04:00:00+00:00,1.33783,1.33864,1.33757,1.33829,1496,10,0
2026-06-11 05:00:00+00:00,1.3383,1.33866,1.33793,1.33804,1717,10,0
2026-06-11 06:00:00+00:00,1.33808,1.33816,1.33747,1.33769,2289,10,0
2026-06-11 07:00:00+00:00,1.33772,1.33914,1.33759,1.3382,2692,10,0
2026-06-11 08:00:00+00:00,1.33818,1.33835,1.33606,1.33632,2501,10,0
2026-06-11 09:00:00+00:00,1.33628,1.3369,1.3357700000000001,1.33651,2249,10,0
2026-06-11 10:00:00+00:00,1.33647,1.33652,1.33521,1.33591,2195,10,0
2026-06-11 11:00:00+00:00,1.33591,1.33677,1.33589,1.3365,2652,10,0
2026-06-11 12:00:00+00:00,1.33649,1.3367499999999999,1.33401,1.33609,5811,10,0
2026-06-11 13:00:00+00:00,1.3361,1.33622,1.33385,1.33528,5330,10,0
2026-06-11 14:00:00+00:00,1.33524,1.33544,1.33242,1.33274,4373,10,0
2026-06-11 15:00:00+00:00,1.33274,1.33445,1.3324099999999999,1.33352,4236,10,0
2026-06-11 16:00:00+00:00,1.33354,1.33373,1.3327499999999999,1.33327,2873,10,0
2026-06-11 17:00:00+00:00,1.33327,1.3403800000000001,1.3326,1.3388499999999999,9411,10,0
2026-06-11 18:00:00+00:00,1.3388200000000001,1.34071,1.33782,1.33967,5412,10,0
2026-06-11 19:00:00+00:00,1.33966,1.34331,1.33966,1.34157,4778,10,0
2026-06-11 20:00:00+00:00,1.3416000000000001,1.3422399999999999,1.34123,1.34144,2117,7,0
2026-06-11 21:00:00+00:00,1.34146,1.34146,1.34084,1.34084,1013,24,0
2026-06-11 22:00:00+00:00,1.3411,1.34256,1.3411,1.34234,1184,10,0
2026-06-11 23:00:00+00:00,1.34233,1.3426,1.3412600000000001,1.3413599999999999,1507,10,0
2026-06-12 00:00:00+00:00,1.34138,1.3415599999999999,1.34051,1.34082,2868,10,0
2026-06-12 01:00:00+00:00,1.34084,1.34084,1.33994,1.34026,3541,10,0
2026-06-12 02:00:00+00:00,1.34024,1.34122,1.34017,1.34062,2060,10,0
2026-06-12 03:00:00+00:00,1.34063,1.3417,1.34039,1.34141,2065,10,0
2026-06-12 04:00:00+00:00,1.34143,1.34177,1.34091,1.34108,1744,10,0
2026-06-12 05:00:00+00:00,1.34109,1.3413599999999999,1.33942,1.33956,2638,10,0
2026-06-12 06:00:00+00:00,1.33959,1.34103,1.33957,1.3406,3167,10,0
2026-06-12 07:00:00+00:00,1.34062,1.34063,1.3383,1.33972,4030,10,0
2026-06-12 08:00:00+00:00,1.33976,1.34191,1.33938,1.34127,4478,10,0
2026-06-12 09:00:00+00:00,1.34128,1.34252,1.34085,1.34199,3385,10,0
2026-06-12 10:00:00+00:00,1.3419699999999999,1.34232,1.34042,1.34103,3159,10,0
2026-06-12 11:00:00+00:00,1.34104,1.34179,1.34079,1.34091,2706,10,0
2026-06-12 12:00:00+00:00,1.34086,1.3409,1.3389199999999999,1.3393,3440,10,0
2026-06-12 13:00:00+00:00,1.33933,1.34135,1.339,1.33998,5077,10,0
2026-06-12 14:00:00+00:00,1.34,1.34168,1.33947,1.3413,5711,10,0
2026-06-12 15:00:00+00:00,1.34131,1.34236,1.34077,1.34127,4802,10,0
2026-06-12 16:00:00+00:00,1.34124,1.3418999999999999,1.34071,1.34151,3931,10,0
2026-06-12 17:00:00+00:00,1.3415,1.34213,1.34139,1.34161,2680,10,0
2026-06-12 18:00:00+00:00,1.34161,1.34211,1.34115,1.34155,2345,10,0
2026-06-12 19:00:00+00:00,1.34154,1.34195,1.34079,1.34107,2200,10,0
2026-06-12 20:00:00+00:00,1.34105,1.34111,1.34012,1.34046,1419,10,0
2026-06-14 21:00:00+00:00,1.34062,1.3415599999999999,1.3396,1.34142,749,47,0
2026-06-14 22:00:00+00:00,1.34297,1.3454,1.34249,1.34516,2773,10,0
2026-06-14 23:00:00+00:00,1.34514,1.34538,1.34448,1.3449,1598,10,0
2026-06-15 00:00:00+00:00,1.34488,1.34605,1.34433,1.3443800000000001,2579,10,0
2026-06-15 01:00:00+00:00,1.34436,1.3444,1.34364,1.34378,2179,10,0
2026-06-15 02:00:00+00:00,1.3437700000000001,1.34403,1.34325,1.34385,1647,10,0
2026-06-15 03:00:00+00:00,1.34385,1.34458,1.34376,1.34422,1479,10,0
2026-06-15 04:00:00+00:00,1.34422,1.34506,1.34399,1.3449499999999999,1274,10,0
2026-06-15 05:00:00+00:00,1.34498,1.3459699999999999,1.34498,1.34545,1830,10,0
2026-06-15 06:00:00+00:00,1.34544,1.34555,1.34345,1.34416,2521,10,0
2026-06-15 07:00:00+00:00,1.34418,1.34444,1.34277,1.34321,3273,10,0
2026-06-15 08:00:00+00:00,1.34323,1.34358,1.34181,1.34227,2554,10,0
2026-06-15 09:00:00+00:00,1.34227,1.34334,1.3422100000000001,1.34265,2269,10,0
2026-06-15 10:00:00+00:00,1.34268,1.3433899999999999,1.34219,1.34246,2045,10,0
2026-06-15 11:00:00+00:00,1.34242,1.34307,1.34191,1.3423,2486,10,0
2026-06-15 12:00:00+00:00,1.34226,1.3431199999999999,1.34164,1.34294,2751,10,0
2026-06-15 13:00:00+00:00,1.34296,1.34394,1.34268,1.34337,3112,10,0
2026-06-15 14:00:00+00:00,1.34336,1.3444,1.34272,1.34395,3634,10,0
2026-06-15 15:00:00+00:00,1.34395,1.34395,1.34236,1.34249,2649,10,0
2026-06-15 16:00:00+00:00,1.3424800000000001,1.34332,1.34237,1.34288,2052,10,0
2026-06-15 17:00:00+00:00,1.3429,1.34296,1.3424800000000001,1.3427799999999999,1720,10,0
2026-06-15 18:00:00+00:00,1.34277,1.3430900000000001,1.34183,1.34192,1948,10,0
2026-06-15 19:00:00+00:00,1.34193,1.34208,1.34073,1.34085,2076,10,0
2026-06-15 20:00:00+00:00,1.34082,1.34131,1.34056,1.34119,1455,4,0
2026-06-15 21:00:00+00:00,1.34118,1.34118,1.34039,1.3406500000000001,1848,18,0
2026-06-15 22:00:00+00:00,1.34077,1.34141,1.3407,1.34112,621,10,0
2026-06-15 23:00:00+00:00,1.34111,1.34164,1.3411,1.34152,661,10,0
2026-06-16 00:00:00+00:00,1.34152,1.34152,1.34089,1.34134,1675,10,0
2026-06-16 01:00:00+00:00,1.34137,1.34177,1.34045,1.34063,2004,10,0
2026-06-16 02:00:00+00:00,1.34062,1.34064,1.33967,1.34042,1471,10,0
2026-06-16 03:00:00+00:00,1.34045,1.34061,1.33996,1.34029,1488,10,0
2026-06-16 04:00:00+00:00,1.3403,1.34043,1.33903,1.33968,1726,10,0
2026-06-16 05:00:00+00:00,1.3397000000000001,1.34008,1.3392,1.33923,1566,10,0
2026-06-16 06:00:00+00:00,1.33923,1.34064,1.33898,1.34055,2392,10,0
2026-06-16 07:00:00+00:00,1.34057,1.34158,1.34023,1.3415599999999999,2732,10,0
2026-06-16 08:00:00+00:00,1.3415599999999999,1.34237,1.34123,1.34233,2398,10,0
2026-06-16 09:00:00+00:00,1.34233,1.34269,1.34144,1.34148,2165,10,0
2026-06-16 10:00:00+00:00,1.34146,1.3431199999999999,1.34139,1.34303,2130,10,0
2026-06-16 11:00:00+00:00,1.343,1.34303,1.34109,1.3415,2265,10,0
2026-06-16 12:00:00+00:00,1.34151,1.34172,1.3407,1.34155,2552,10,0
2026-06-16 13:00:00+00:00,1.34157,1.34188,1.34059,1.34105,3105,10,0
2026-06-16 14:00:00+00:00,1.34104,1.34276,1.34024,1.3427,3514,10,0
2026-06-16 15:00:00+00:00,1.34269,1.34428,1.34183,1.34366,3463,10,0
2026-06-16 16:00:00+00:00,1.34369,1.34396,1.34284,1.3429,2740,10,0
2026-06-16 17:00:00+00:00,1.34291,1.34291,1.34243,1.34286,1895,10,0
2026-06-16 18:00:00+00:00,1.34287,1.34324,1.34226,1.3428,1626,10,0
2026-06-16 19:00:00+00:00,1.3428,1.3432,1.34214,1.34235,1840,10,0
2026-06-16 20:00:00+00:00,1.34233,1.34266,1.34212,1.3425799999999999,828,10,0
2026-06-16 21:00:00+00:00,1.34257,1.34264,1.34219,1.34219,883,24,0
2026-06-16 22:00:00+00:00,1.34271,1.34281,1.34257,1.34272,419,10,0
2026-06-16 23:00:00+00:00,1.34274,1.34306,1.34242,1.3425,768,10,0
2026-06-17 00:00:00+00:00,1.3425099999999999,1.3432,1.34235,1.34301,2658,10,0
2026-06-17 01:00:00+00:00,1.34299,1.34334,1.34259,1.34265,1567,10,0
2026-06-17 02:00:00+00:00,1.34265,1.3430900000000001,1.34249,1.34253,1078,10,0
2026-06-17 03:00:00+00:00,1.3425500000000001,1.34287,1.34241,1.34268,966,10,0
2026-06-17 04:00:00+00:00,1.34266,1.34328,1.34263,1.34305,996,10,0
2026-06-17 05:00:00+00:00,1.34305,1.34335,1.34266,1.34286,1390,10,0
2026-06-17 06:00:00+00:00,1.34288,1.34376,1.3408,1.34143,2672,10,0
2026-06-17 07:00:00+00:00,1.34144,1.34209,1.3411,1.34204,2668,10,0
2026-06-17 08:00:00+00:00,1.34207,1.34207,1.34076,1.34166,2486,10,0
2026-06-17 09:00:00+00:00,1.34165,1.34192,1.34122,1.34169,1840,10,0
2026-06-17 10:00:00+00:00,1.34169,1.34175,1.34086,1.34121,1990,10,0
2026-06-17 11:00:00+00:00,1.34122,1.34134,1.33989,1.34046,2518,10,0
2026-06-17 12:00:00+00:00,1.34048,1.34157,1.34032,1.34143,2336,10,0
2026-06-17 13:00:00+00:00,1.34143,1.3418,1.34053,1.34059,2859,10,0
2026-06-17 14:00:00+00:00,1.34057,1.34077,1.33843,1.33936,3889,10,0
2026-06-17 15:00:00+00:00,1.33935,1.33981,1.33873,1.33957,2845,10,0
2026-06-17 16:00:00+00:00,1.33957,1.33975,1.33891,1.33958,2011,10,0
2026-06-17 17:00:00+00:00,1.3396,1.3403100000000001,1.33935,1.34016,2165,10,0
2026-06-17 18:00:00+00:00,1.3401100000000001,1.3401100000000001,1.33342,1.33365,14598,10,0
2026-06-17 19:00:00+00:00,1.33364,1.33399,1.32618,1.3284500000000001,12332,10,0
2026-06-17 20:00:00+00:00,1.32849,1.32987,1.32768,1.3293,2475,10,0
2026-06-17 21:00:00+00:00,1.32931,1.32935,1.32822,1.32885,1153,37,0
2026-06-17 22:00:00+00:00,1.32884,1.32965,1.32868,1.32953,763,10,0
2026-06-17 23:00:00+00:00,1.32953,1.33023,1.32953,1.33002,1046,10,0
2026-06-18 00:00:00+00:00,1.33004,1.33173,1.33,1.3306200000000001,3016,10,0
2026-06-18 01:00:00+00:00,1.33059,1.3318400000000001,1.33057,1.33098,2354,10,0
2026-06-18 02:00:00+00:00,1.33099,1.33154,1.33061,1.33112,1744,10,0
2026-06-18 03:00:00+00:00,1.33112,1.3317700000000001,1.33112,1.33163,1344,10,0
2026-06-18 04:00:00+00:00,1.33166,1.33193,1.33115,1.33137,1625,10,0
2026-06-18 05:00:00+00:00,1.33139,1.33149,1.3299,1.3299400000000001,1739,10,0
2026-06-18 06:00:00+00:00,1.3299,1.33246,1.32988,1.33122,3501,10,0
2026-06-18 07:00:00+00:00,1.3312,1.33164,1.32888,1.32965,3210,10,0
2026-06-18 08:00:00+00:00,1.32965,1.3296700000000001,1.32408,1.32449,3846,10,0
2026-06-18 09:00:00+00:00,1.32452,1.32498,1.32332,1.32397,3838,10,0
2026-06-18 10:00:00+00:00,1.32397,1.324,1.32245,1.32276,3365,10,0
2026-06-18 11:00:00+00:00,1.32282,1.32342,1.3204500000000001,1.32105,4345,10,0
2026-06-18 12:00:00+00:00,1.32101,1.3248,1.32092,1.32329,4645,10,0
2026-06-18 13:00:00+00:00,1.32332,1.32491,1.32236,1.32378,5357,10,0
2026-06-18 14:00:00+00:00,1.3237700000000001,1.32525,1.32302,1.32516,4842,10,0
2026-06-18 15:00:00+00:00,1.32518,1.32531,1.32249,1.32251,4243,10,0
2026-06-18 16:00:00+00:00,1.32253,1.32291,1.3210600000000001,1.3221,3861,10,0
2026-06-18 17:00:00+00:00,1.32214,1.32301,1.32077,1.32083,2904,10,0
2026-06-18 18:00:00+00:00,1.3208199999999999,1.32114,1.3202,1.3202,2477,10,0
2026-06-18 19:00:00+00:00,1.32025,1.32086,1.31925,1.31989,3181,10,0
2026-06-18 20:00:00+00:00,1.31993,1.32071,1.31966,1.32038,1408,4,0
2026-06-18 21:00:00+00:00,1.32037,1.32039,1.31983,1.3202,917,24,0
2026-06-18 22:00:00+00:00,1.32053,1.32065,1.32026,1.32051,783,10,0
2026-06-18 23:00:00+00:00,1.32051,1.3206,1.31998,1.32012,675,10,0
2026-06-19 00:00:00+00:00,1.3201399999999999,1.32111,1.32006,1.32085,2034,10,0
2026-06-19 01:00:00+00:00,1.32089,1.32104,1.31943,1.31949,1671,10,0
2026-06-19 02:00:00+00:00,1.3195299999999999,1.32053,1.31928,1.3201100000000001,1507,10,0
2026-06-19 03:00:00+00:00,1.32013,1.32015,1.31852,1.3187,1924,10,0
2026-06-19 04:00:00+00:00,1.31871,1.31879,1.31676,1.31696,2246,10,0
2026-06-19 05:00:00+00:00,1.317,1.3199100000000001,1.31627,1.31924,2996,10,0
2026-06-19 06:00:00+00:00,1.31921,1.31995,1.31839,1.31981,3118,10,0
2026-06-19 07:00:00+00:00,1.3198400000000001,1.32076,1.31908,1.31948,3161,10,0
2026-06-19 08:00:00+00:00,1.31952,1.32324,1.31949,1.32321,3029,10,0
2026-06-19 09:00:00+00:00,1.32322,1.32402,1.32266,1.32336,2639,10,0
2026-06-19 10:00:00+00:00,1.32334,1.32352,1.32225,1.32344,2667,10,0
2026-06-19 11:00:00+00:00,1.32346,1.32404,1.3226,1.32288,2572,10,0
2026-06-19 12:00:00+00:00,1.32291,1.32398,1.32246,1.32346,3040,10,0
2026-06-19 13:00:00+00:00,1.32348,1.32363,1.3216,1.3220100000000001,2986,10,0
2026-06-19 14:00:00+00:00,1.322,1.3235700000000001,1.3213,1.32297,3824,10,0
2026-06-19 15:00:00+00:00,1.32298,1.3235299999999999,1.3217400000000001,1.3219699999999999,2590,10,0
2026-06-19 16:00:00+00:00,1.32199,1.3229,1.32172,1.32278,1388,10,0
2026-06-19 17:00:00+00:00,1.32281,1.3237999999999999,1.32277,1.3231,1739,10,0
2026-06-19 18:00:00+00:00,1.32308,1.32366,1.3229600000000001,1.3233,1192,10,0
2026-06-19 19:00:00+00:00,1.32328,1.3235700000000001,1.32294,1.32329,2592,10,0
2026-06-19 20:00:00+00:00,1.32329,1.32399,1.32219,1.32334,8536,10,0
2026-06-21 21:00:00+00:00,1.31897,1.31969,1.31856,1.3192,622,47,0
2026-06-21 22:00:00+00:00,1.3192,1.32111,1.3192,1.32077,1508,10,0
2026-06-21 23:00:00+00:00,1.32078,1.32096,1.32006,1.3207200000000001,1021,10,0
2026-06-22 00:00:00+00:00,1.3207499999999999,1.32218,1.3207200000000001,1.32216,2359,10,0
2026-06-22 01:00:00+00:00,1.32216,1.32333,1.32189,1.3219,2641,10,0
2026-06-22 02:00:00+00:00,1.32193,1.32275,1.32166,1.32245,1776,10,0
2026-06-22 03:00:00+00:00,1.32246,1.32269,1.32091,1.32121,1886,10,0
2026-06-22 04:00:00+00:00,1.32124,1.3213,1.32032,1.32071,1874,10,0
2026-06-22 05:00:00+00:00,1.32073,1.32203,1.32067,1.32087,1991,10,0
2026-06-22 06:00:00+00:00,1.32085,1.3216,1.32005,1.32097,3218,10,0
2026-06-22 07:00:00+00:00,1.32092,1.32184,1.3189,1.31939,3371,10,0
2026-06-22 08:00:00+00:00,1.31939,1.32111,1.3183,1.32055,4935,10,0
2026-06-22 09:00:00+00:00,1.32055,1.32345,1.32046,1.32281,3732,10,0
2026-06-22 10:00:00+00:00,1.32284,1.32473,1.32271,1.32367,3628,10,0
2026-06-22 11:00:00+00:00,1.32367,1.32436,1.32313,1.32349,3056,10,0
2026-06-22 12:00:00+00:00,1.32348,1.32727,1.32341,1.32611,4111,10,0
2026-06-22 13:00:00+00:00,1.32611,1.32652,1.32374,1.32386,5540,10,0
2026-06-22 14:00:00+00:00,1.32383,1.32646,1.32373,1.32618,6707,10,0
2026-06-22 15:00:00+00:00,1.32615,1.3267,1.32452,1.3247,3854,10,0
2026-06-22 16:00:00+00:00,1.32474,1.32485,1.32392,1.3244099999999999,2770,10,0
2026-06-22 17:00:00+00:00,1.32442,1.32459,1.32396,1.3243800000000001,1813,10,0
2026-06-22 18:00:00+00:00,1.3243800000000001,1.3246,1.32398,1.32429,1767,10,0
2026-06-22 19:00:00+00:00,1.3243,1.32495,1.3241,1.32467,1949,10,0
2026-06-22 20:00:00+00:00,1.32471,1.32515,1.32465,1.32492,1033,10,0
2026-06-22 21:00:00+00:00,1.32494,1.32497,1.32469,1.3247200000000001,776,13,0
2026-06-22 22:00:00+00:00,1.32497,1.32519,1.32454,1.3248,652,10,0
2026-06-22 23:00:00+00:00,1.32478,1.32494,1.32454,1.32461,545,10,0
2026-06-23 00:00:00+00:00,1.32464,1.32478,1.32389,1.3244500000000001,2083,10,0
2026-06-23 01:00:00+00:00,1.3244500000000001,1.32457,1.3238400000000001,1.3243,2261,10,0
2026-06-23 02:00:00+00:00,1.3243,1.32488,1.32408,1.32412,1817,10,0
2026-06-23 03:00:00+00:00,1.32413,1.32492,1.32336,1.3248199999999999,1875,10,0
2026-06-23 04:00:00+00:00,1.32485,1.32496,1.32346,1.32365,1582,10,0
2026-06-23 05:00:00+00:00,1.32366,1.32425,1.32325,1.32422,2001,10,0
2026-06-23 06:00:00+00:00,1.3241800000000001,1.32459,1.32283,1.32337,3375,10,0
2026-06-23 07:00:00+00:00,1.32338,1.32495,1.3220100000000001,1.3225799999999999,3962,10,0
2026-06-23 08:00:00+00:00,1.32261,1.3235299999999999,1.32121,1.32203,3451,10,0
2026-06-23 09:00:00+00:00,1.32202,1.32302,1.3215,1.32295,2737,10,0
2026-06-23 10:00:00+00:00,1.32297,1.3231,1.32099,1.32196,2670,10,0
2026-06-23 11:00:00+00:00,1.3219400000000001,1.3226499999999999,1.32062,1.3207499999999999,2909,10,0
2026-06-23 12:00:00+00:00,1.32077,1.32199,1.32065,1.32112,3373,10,0
2026-06-23 13:00:00+00:00,1.32116,1.32216,1.32043,1.3213599999999999,4075,10,0
2026-06-23 14:00:00+00:00,1.32132,1.32149,1.31945,1.32004,4237,10,0
2026-06-23 15:00:00+00:00,1.32006,1.3202099999999999,1.31844,1.31895,3461,10,0
2026-06-23 16:00:00+00:00,1.31897,1.31967,1.31855,1.3186200000000001,2361,10,0
2026-06-23 17:00:00+00:00,1.3186,1.31912,1.31825,1.31871,1871,10,0
2026-06-23 18:00:00+00:00,1.31873,1.31885,1.31815,1.31885,1497,10,0
2026-06-23 19:00:00+00:00,1.31886,1.32002,1.31875,1.31947,2027,10,0
2026-06-23 20:00:00+00:00,1.31949,1.32028,1.3194,1.32022,946,4,0
2026-06-23 21:00:00+00:00,1.3202,1.32025,1.32007,1.32007,736,20,0
2026-06-23 22:00:00+00:00,1.32017,1.32017,1.31978,1.32,607,10,0
2026-06-23 23:00:00+00:00,1.32,1.32036,1.31965,1.3199100000000001,913,10,0
2026-06-24 00:00:00+00:00,1.31988,1.3203,1.31932,1.31985,2450,10,0
2026-06-24 01:00:00+00:00,1.3198699999999999,1.32013,1.31904,1.32006,2446,10,0
2026-06-24 02:00:00+00:00,1.32006,1.32044,1.31902,1.31905,1969,10,0
2026-06-24 03:00:00+00:00,1.31906,1.32012,1.3186499999999999,1.31985,2227,10,0
2026-06-24 04:00:00+00:00,1.31983,1.3198699999999999,1.31905,1.31925,1757,10,0
2026-06-24 05:00:00+00:00,1.31928,1.31978,1.31918,1.31948,1907,10,0
2026-06-24 06:00:00+00:00,1.31946,1.32086,1.31836,1.31866,3200,10,0
2026-06-24 07:00:00+00:00,1.31863,1.31985,1.31793,1.3186499999999999,3615,10,0
2026-06-24 08:00:00+00:00,1.31859,1.31974,1.3171,1.31925,3564,10,0
2026-06-24 09:00:00+00:00,1.3192300000000001,1.31955,1.3174000000000001,1.31753,3049,10,0
2026-06-24 10:00:00+00:00,1.31752,1.31756,1.31544,1.3155000000000001,2969,10,0
2026-06-24 11:00:00+00:00,1.31552,1.3173,1.31479,1.31622,3194,10,0
2026-06-24 12:00:00+00:00,1.31623,1.31683,1.31413,1.315,3957,10,0
2026-06-24 13:00:00+00:00,1.31502,1.31665,1.31429,1.31617,4647,10,0
2026-06-24 14:00:00+00:00,1.3162,1.31668,1.31395,1.31466,4351,10,0
2026-06-24 15:00:00+00:00,1.31466,1.3171300000000001,1.31446,1.31575,3909,10,0
2026-06-24 16:00:00+00:00,1.31579,1.31787,1.31551,1.31699,2944,10,0
2026-06-24 17:00:00+00:00,1.31699,1.31721,1.31532,1.31556,2879,10,0
2026-06-24 18:00:00+00:00,1.3155299999999999,1.31693,1.31546,1.3161399999999999,2696,10,0
2026-06-24 19:00:00+00:00,1.31613,1.31646,1.3155299999999999,1.31604,2368,10,0
2026-06-24 20:00:00+00:00,1.31604,1.31695,1.31589,1.31668,1567,2,0
2026-06-24 21:00:00+00:00,1.31671,1.31676,1.31569,1.31626,1244,18,0
2026-06-24 22:00:00+00:00,1.31638,1.31671,1.31631,1.3164799999999999,568,10,0
2026-06-24 23:00:00+00:00,1.3164799999999999,1.31667,1.31629,1.31636,723,10,0
2026-06-25 00:00:00+00:00,1.31638,1.31654,1.31576,1.31626,2049,10,0
2026-06-25 01:00:00+00:00,1.31627,1.31824,1.3162099999999999,1.31704,2849,10,0
2026-06-25 02:00:00+00:00,1.31705,1.31796,1.31686,1.31773,2163,10,0
2026-06-25 03:00:00+00:00,1.31773,1.31832,1.31769,1.31819,1689,10,0
2026-06-25 04:00:00+00:00,1.31818,1.31849,1.3179,1.31818,1425,10,0
2026-06-25 05:00:00+00:00,1.31817,1.31847,1.31749,1.31752,1710,10,0
2026-06-25 06:00:00+00:00,1.31751,1.31787,1.3167,1.31726,2770,10,0
2026-06-25 07:00:00+00:00,1.31722,1.31851,1.317,1.31845,2658,10,0
2026-06-25 08:00:00+00:00,1.31843,1.31963,1.3180100000000001,1.31904,2844,10,0
2026-06-25 09:00:00+00:00,1.31903,1.31971,1.3182800000000001,1.31849,2225,10,0
2026-06-25 10:00:00+00:00,1.31847,1.31848,1.31641,1.31686,2267,10,0
2026-06-25 11:00:00+00:00,1.31687,1.3169,1.31506,1.3155000000000001,2367,10,0
2026-06-25 12:00:00+00:00,1.3155000000000001,1.3186,1.31535,1.31758,4272,10,0
2026-06-25 13:00:00+00:00,1.3176,1.31986,1.31729,1.31885,4902,10,0
2026-06-25 14:00:00+00:00,1.31885,1.32185,1.31884,1.3201100000000001,5764,10,0
2026-06-25 15:00:00+00:00,1.3201,1.32169,1.31972,1.3214299999999999,4667,10,0
2026-06-25 16:00:00+00:00,1.32146,1.32188,1.32031,1.32053,3117,10,0
2026-06-25 17:00:00+00:00,1.32055,1.32063,1.31979,1.32015,2196,10,0
2026-06-25 18:00:00+00:00,1.32016,1.32057,1.3194,1.31977,2450,10,0
2026-06-25 19:00:00+00:00,1.31977,1.32057,1.31931,1.31996,2387,10,0
2026-06-25 20:00:00+00:00,1.31995,1.32012,1.3189600000000001,1.3189899999999999,1269,7,0
2026-06-25 21:00:00+00:00,1.31898,1.31913,1.31834,1.31894,868,33,0
2026-06-25 22:00:00+00:00,1.31916,1.31944,1.3189899999999999,1.31925,808,10,0
2026-06-25 23:00:00+00:00,1.31925,1.31935,1.31843,1.31866,1293,10,0
2026-06-26 00:00:00+00:00,1.31871,1.31938,1.31866,1.3192599999999999,2292,10,0
2026-06-26 01:00:00+00:00,1.3192599999999999,1.31993,1.31864,1.31905,2403,10,0
2026-06-26 02:00:00+00:00,1.31908,1.3192599999999999,1.3179699999999999,1.3183099999999999,2249,10,0
2026-06-26 03:00:00+00:00,1.3183099999999999,1.31976,1.31821,1.31972,2040,10,0
2026-06-26 04:00:00+00:00,1.31975,1.32016,1.31943,1.3201,2072,10,0
2026-06-26 05:00:00+00:00,1.32009,1.32076,1.31983,1.32044,2052,10,0
2026-06-26 06:00:00+00:00,1.32046,1.3207,1.31935,1.31966,2853,10,0
2026-06-26 07:00:00+00:00,1.31967,1.3211300000000001,1.31904,1.3204799999999999,2991,10,0
2026-06-26 08:00:00+00:00,1.3204500000000001,1.32218,1.31985,1.32159,3636,10,0
2026-06-26 09:00:00+00:00,1.3216,1.3228,1.32074,1.32184,2894,10,0
2026-06-26 10:00:00+00:00,1.32189,1.3223,1.32148,1.32215,2563,10,0
2026-06-26 11:00:00+00:00,1.32218,1.32244,1.32102,1.32159,2860,10,0
2026-06-26 12:00:00+00:00,1.32159,1.32213,1.31996,1.32105,4103,10,0
2026-06-26 13:00:00+00:00,1.32107,1.32252,1.32012,1.32249,4960,10,0
2026-06-26 14:00:00+00:00,1.32246,1.3231600000000001,1.31969,1.3197,4154,10,0
2026-06-26 15:00:00+00:00,1.31972,1.32223,1.31969,1.32208,3699,10,0
2026-06-26 16:00:00+00:00,1.32205,1.32209,1.32039,1.32056,2732,10,0
2026-06-26 17:00:00+00:00,1.32058,1.32097,1.31977,1.31997,1961,10,0
2026-06-26 18:00:00+00:00,1.31996,1.32057,1.3198400000000001,1.31992,1777,10,0
2026-06-26 19:00:00+00:00,1.31993,1.32026,1.31947,1.31981,1726,10,0
2026-06-26 20:00:00+00:00,1.31985,1.32035,1.31918,1.31968,1987,10,0
2026-06-28 21:00:00+00:00,1.3198699999999999,1.32026,1.31877,1.31966,474,47,0
2026-06-28 22:00:00+00:00,1.3204500000000001,1.3204500000000001,1.31905,1.31944,859,10,0
2026-06-28 23:00:00+00:00,1.31943,1.3197999999999999,1.31916,1.31963,891,10,0
2026-06-29 00:00:00+00:00,1.31961,1.32009,1.31932,1.31982,2332,10,0
2026-06-29 01:00:00+00:00,1.31982,1.3204500000000001,1.31954,1.31981,2144,10,0
2026-06-29 02:00:00+00:00,1.31981,1.32097,1.31975,1.32025,1827,10,0
2026-06-29 03:00:00+00:00,1.32025,1.32063,1.31977,1.31979,1468,10,0
2026-06-29 04:00:00+00:00,1.31979,1.32004,1.3195700000000001,1.3198400000000001,1298,10,0
2026-06-29 05:00:00+00:00,1.31985,1.32119,1.3198400000000001,1.32099,1517,10,0
2026-06-29 06:00:00+00:00,1.32095,1.32276,1.32084,1.32247,2286,10,0
2026-06-29 07:00:00+00:00,1.32246,1.32277,1.3211,1.32129,2650,10,0
2026-06-29 08:00:00+00:00,1.3213300000000001,1.32168,1.32027,1.32068,2349,10,0
2026-06-29 09:00:00+00:00,1.32071,1.32182,1.32057,1.32175,2376,10,0
2026-06-29 10:00:00+00:00,1.32175,1.3226200000000001,1.32092,1.32222,2521,10,0
2026-06-29 11:00:00+00:00,1.3222,1.32345,1.32219,1.32307,2615,10,0
2026-06-29 12:00:00+00:00,1.32308,1.32397,1.32273,1.32334,2944,10,0
2026-06-29 13:00:00+00:00,1.32336,1.32466,1.32328,1.32361,3358,10,0
2026-06-29 14:00:00+00:00,1.32363,1.3247900000000001,1.32273,1.3244099999999999,4739,10,0
2026-06-29 15:00:00+00:00,1.32444,1.3253300000000001,1.3241800000000001,1.32527,3214,10,0
2026-06-29 16:00:00+00:00,1.32531,1.32583,1.3250600000000001,1.32541,2309,10,0
2026-06-29 17:00:00+00:00,1.32541,1.32576,1.325,1.32569,1834,10,0
2026-06-29 18:00:00+00:00,1.32572,1.32598,1.3255,1.32574,1469,10,0
2026-06-29 19:00:00+00:00,1.32571,1.3262,1.3254000000000001,1.3260100000000001,1402,10,0
2026-06-29 20:00:00+00:00,1.32603,1.32621,1.32578,1.32583,798,10,0
2026-06-29 21:00:00+00:00,1.32582,1.32582,1.32494,1.32549,628,22,0
2026-06-29 22:00:00+00:00,1.32558,1.32614,1.32558,1.326,558,10,0
2026-06-29 23:00:00+00:00,1.326,1.32609,1.32524,1.3253,532,10,0
2026-06-30 00:00:00+00:00,1.32527,1.32542,1.32391,1.3245,2441,10,0
2026-06-30 01:00:00+00:00,1.32452,1.3247499999999999,1.32333,1.3235999999999999,2940,10,0
2026-06-30 02:00:00+00:00,1.32361,1.32395,1.32331,1.32364,1817,10,0
2026-06-30 03:00:00+00:00,1.32365,1.32388,1.3231,1.32331,1578,10,0
2026-06-30 04:00:00+00:00,1.32332,1.32359,1.32283,1.32285,1384,10,0
2026-06-30 05:00:00+00:00,1.32284,1.3232599999999999,1.3225,1.32263,1925,10,0
2026-06-30 06:00:00+00:00,1.32261,1.32444,1.32223,1.3241,3122,10,0
2026-06-30 07:00:00+00:00,1.3241399999999999,1.32468,1.3233,1.32341,2537,10,0
2026-06-30 08:00:00+00:00,1.32338,1.32356,1.3221,1.32301,2996,10,0
2026-06-30 09:00:00+00:00,1.32302,1.32378,1.32285,1.32358,2380,10,0
2026-06-30 10:00:00+00:00,1.32361,1.32395,1.32308,1.3235299999999999,2207,10,0
2026-06-30 11:00:00+00:00,1.32358,1.3235999999999999,1.32144,1.3226200000000001,2786,10,0
2026-06-30 12:00:00+00:00,1.32263,1.32268,1.32115,1.3215,3016,10,0
2026-06-30 13:00:00+00:00,1.32149,1.32314,1.3213300000000001,1.32212,3169,10,0
2026-06-30 14:00:00+00:00,1.32216,1.32751,1.32142,1.3272,5793,10,0
2026-06-30 15:00:00+00:00,1.32717,1.32764,1.32549,1.3256999999999999,3867,10,0
2026-06-30 16:00:00+00:00,1.32569,1.32587,1.32478,1.3250199999999999,2311,10,0
2026-06-30 17:00:00+00:00,1.32503,1.32577,1.32494,1.32554,1768,10,0
2026-06-30 18:00:00+00:00,1.32555,1.3263,1.32534,1.3254299999999999,1918,10,0
2026-06-30 19:00:00+00:00,1.32541,1.32647,1.3250899999999999,1.32637,2131,10,0
2026-06-30 20:00:00+00:00,1.32635,1.32654,1.32584,1.3260100000000001,1124,4,0
2026-06-30 21:00:00+00:00,1.32603,1.32603,1.32497,1.32554,970,11,0
2026-06-30 22:00:00+00:00,1.3256999999999999,1.32599,1.32562,1.32574,383,10,0
2026-06-30 23:00:00+00:00,1.32574,1.32577,1.32486,1.32497,504,10,0
2026-07-01 00:00:00+00:00,1.32497,1.32516,1.32436,1.32453,1715,10,0
2026-07-01 01:00:00+00:00,1.32453,1.32456,1.32346,1.32375,2111,10,0
2026-07-01 02:00:00+00:00,1.32378,1.32406,1.32336,1.32362,1833,10,0
2026-07-01 03:00:00+00:00,1.32361,1.32395,1.32311,1.3235000000000001,1531,10,0
2026-07-01 04:00:00+00:00,1.32352,1.32432,1.3232,1.32408,1567,10,0
2026-07-01 05:00:00+00:00,1.32406,1.3244799999999999,1.32389,1.32412,1619,10,0
2026-07-01 06:00:00+00:00,1.3241,1.32447,1.32349,1.32428,2311,10,0
2026-07-01 07:00:00+00:00,1.32429,1.32456,1.32281,1.3244,2614,10,0
2026-07-01 08:00:00+00:00,1.3244,1.32527,1.3238699999999999,1.32461,2554,10,0
2026-07-01 09:00:00+00:00,1.32459,1.32565,1.32423,1.32463,2827,10,0
2026-07-01 10:00:00+00:00,1.32464,1.32564,1.3244099999999999,1.3252,2117,10,0
2026-07-01 11:00:00+00:00,1.32519,1.3253300000000001,1.32407,1.32417,2614,10,0
2026-07-01 12:00:00+00:00,1.3242,1.3248,1.32335,1.32362,3511,10,0
2026-07-01 13:00:00+00:00,1.32361,1.32803,1.32186,1.32633,7071,10,0
2026-07-01 14:00:00+00:00,1.32632,1.32916,1.32622,1.32773,5642,10,0
2026-07-01 15:00:00+00:00,1.32774,1.3281399999999999,1.32659,1.32772,4175,10,0
2026-07-01 16:00:00+00:00,1.32774,1.32917,1.3277,1.3281100000000001,3738,10,0
2026-07-01 17:00:00+00:00,1.3281399999999999,1.32852,1.32768,1.32774,2304,10,0
2026-07-01 18:00:00+00:00,1.32776,1.32796,1.32709,1.32781,2058,10,0
2026-07-01 19:00:00+00:00,1.32779,1.32821,1.32767,1.32776,1922,10,0
2026-07-01 20:00:00+00:00,1.32774,1.328,1.32686,1.3274,1170,9,0
2026-07-01 21:00:00+00:00,1.32742,1.32744,1.3265500000000001,1.3265500000000001,743,20,0
2026-07-01 22:00:00+00:00,1.32695,1.32794,1.32695,1.32792,349,10,0
2026-07-01 23:00:00+00:00,1.32792,1.32798,1.32765,1.32782,527,10,0
2026-07-02 00:00:00+00:00,1.32782,1.32831,1.32739,1.32778,1989,10,0
2026-07-02 01:00:00+00:00,1.3277700000000001,1.32904,1.32765,1.32843,2036,10,0
2026-07-02 02:00:00+00:00,1.32843,1.32944,1.32834,1.32852,1688,10,0
2026-07-02 03:00:00+00:00,1.3285,1.32869,1.32795,1.32863,1511,10,0
2026-07-02 04:00:00+00:00,1.32863,1.32919,1.3284799999999999,1.32887,1620,10,0
2026-07-02 05:00:00+00:00,1.32891,1.32926,1.32856,1.32908,1718,10,0
2026-07-02 06:00:00+00:00,1.3291,1.33256,1.32905,1.33048,3840,10,0
2026-07-02 07:00:00+00:00,1.33046,1.33379,1.32975,1.3336000000000001,4356,10,0
2026-07-02 08:00:00+00:00,1.33356,1.33624,1.33349,1.33565,5039,10,0
2026-07-02 09:00:00+00:00,1.33562,1.33583,1.33377,1.33403,3649,10,0
2026-07-02 10:00:00+00:00,1.33401,1.33442,1.33252,1.33325,2560,10,0
2026-07-02 11:00:00+00:00,1.33323,1.33331,1.33079,1.331,2455,10,0
2026-07-02 12:00:00+00:00,1.33098,1.33827,1.32966,1.3364099999999999,9843,10,0
2026-07-02 13:00:00+00:00,1.3364500000000001,1.33803,1.33525,1.33755,8027,10,0
2026-07-02 14:00:00+00:00,1.33754,1.33843,1.33563,1.33751,6283,10,0
2026-07-02 15:00:00+00:00,1.33752,1.33781,1.33598,1.33616,4833,10,0
2026-07-02 16:00:00+00:00,1.33619,1.3362,1.33486,1.33525,3675,10,0
2026-07-02 17:00:00+00:00,1.33521,1.33534,1.33374,1.33399,2857,10,0
2026-07-02 18:00:00+00:00,1.33399,1.3351,1.3339400000000001,1.33476,2363,10,0
2026-07-02 19:00:00+00:00,1.33476,1.33494,1.33416,1.33453,2081,10,0
2026-07-02 20:00:00+00:00,1.3345099999999999,1.33507,1.3343,1.33459,979,7,0
2026-07-02 21:00:00+00:00,1.3345799999999999,1.33461,1.33385,1.33434,967,18,0
2026-07-02 22:00:00+00:00,1.33465,1.33493,1.3342399999999999,1.33442,565,10,0
2026-07-02 23:00:00+00:00,1.33441,1.33469,1.33369,1.33379,976,10,0
2026-07-03 00:00:00+00:00,1.33379,1.33477,1.33342,1.33475,2288,10,0
2026-07-03 01:00:00+00:00,1.33478,1.3363399999999999,1.33461,1.33554,2818,10,0
2026-07-03 02:00:00+00:00,1.33554,1.3366,1.33539,1.3360699999999999,2050,10,0
2026-07-03 03:00:00+00:00,1.3360400000000001,1.33618,1.33564,1.3361,1562,10,0
2026-07-03 04:00:00+00:00,1.33613,1.33652,1.33578,1.33644,1256,10,0
2026-07-03 05:00:00+00:00,1.33644,1.3377,1.33636,1.33652,2100,10,0
2026-07-03 06:00:00+00:00,1.33653,1.33807,1.3364099999999999,1.33676,3318,10,0
2026-07-03 07:00:00+00:00,1.33678,1.33759,1.33618,1.33711,2887,10,0
2026-07-03 08:00:00+00:00,1.33715,1.33734,1.33567,1.33597,2532,10,0
2026-07-03 09:00:00+00:00,1.33594,1.33617,1.33494,1.33507,2266,10,0
2026-07-03 10:00:00+00:00,1.33505,1.33603,1.33487,1.33552,1767,10,0
2026-07-03 11:00:00+00:00,1.3355000000000001,1.33636,1.33528,1.33582,2257,10,0
2026-07-03 12:00:00+00:00,1.33581,1.33613,1.33535,1.33555,2145,10,0
2026-07-03 13:00:00+00:00,1.33552,1.33556,1.33454,1.3349199999999999,2297,10,0
2026-07-03 14:00:00+00:00,1.33491,1.33583,1.33463,1.33562,2286,10,0
2026-07-03 15:00:00+00:00,1.33559,1.33568,1.33499,1.33549,1726,10,0
2026-07-03 16:00:00+00:00,1.33549,1.33561,1.33509,1.33547,1050,10,0
2026-07-03 17:00:00+00:00,1.3355000000000001,1.33581,1.33537,1.33559,836,10,0
2026-07-03 18:00:00+00:00,1.33559,1.33571,1.33551,1.33554,823,10,0
2026-07-03 19:00:00+00:00,1.33551,1.33569,1.33518,1.33527,1605,10,0
2026-07-03 20:00:00+00:00,1.33528,1.33538,1.33457,1.33496,2854,10,0
2026-07-05 21:00:00+00:00,1.33419,1.33498,1.3338700000000001,1.33434,522,51,0
2026-07-05 22:00:00+00:00,1.33471,1.33542,1.33471,1.33483,750,10,0
2026-07-05 23:00:00+00:00,1.33483,1.33533,1.33457,1.33518,991,10,0
2026-07-06 00:00:00+00:00,1.3351600000000001,1.33562,1.33457,1.33525,2546,10,0
2026-07-06 01:00:00+00:00,1.33528,1.3354,1.33388,1.33391,2322,10,0
2026-07-06 02:00:00+00:00,1.33391,1.33469,1.33385,1.3345500000000001,1777,10,0
2026-07-06 03:00:00+00:00,1.3345500000000001,1.33481,1.33389,1.33417,1557,10,0
2026-07-06 04:00:00+00:00,1.33414,1.33448,1.33407,1.33425,1254,10,0
2026-07-06 05:00:00+00:00,1.33427,1.3344,1.3334,1.3336000000000001,1838,10,0
2026-07-06 06:00:00+00:00,1.33356,1.33405,1.33298,1.33339,2726,10,0
2026-07-06 07:00:00+00:00,1.3334,1.33495,1.33282,1.33481,2750,10,0
2026-07-06 08:00:00+00:00,1.3348200000000001,1.335,1.333,1.33372,2601,10,0
2026-07-06 09:00:00+00:00,1.33373,1.33408,1.33305,1.33346,2410,10,0
2026-07-06 10:00:00+00:00,1.33348,1.33467,1.33315,1.33406,2353,10,0
2026-07-06 11:00:00+00:00,1.33405,1.33454,1.33355,1.33438,2399,10,0
2026-07-06 12:00:00+00:00,1.33438,1.33514,1.3336700000000001,1.33418,2887,10,0
2026-07-06 13:00:00+00:00,1.3342,1.33561,1.33407,1.33456,3193,10,0
2026-07-06 14:00:00+00:00,1.33453,1.33592,1.33429,1.33556,3326,10,0
2026-07-06 15:00:00+00:00,1.33557,1.33679,1.3351199999999999,1.3367200000000001,2812,10,0
2026-07-06 16:00:00+00:00,1.3367499999999999,1.33762,1.33646,1.33749,2083,10,0
2026-07-06 17:00:00+00:00,1.33749,1.33837,1.33742,1.33813,1725,10,0
2026-07-06 18:00:00+00:00,1.33815,1.33967,1.33803,1.33937,1604,10,0
2026-07-06 19:00:00+00:00,1.33937,1.33966,1.3388900000000001,1.33914,1588,10,0
2026-07-06 20:00:00+00:00,1.3391,1.33925,1.33878,1.33878,785,4,0
2026-07-06 21:00:00+00:00,1.33881,1.3389199999999999,1.33812,1.33847,998,7,0
2026-07-06 22:00:00+00:00,1.33868,1.33963,1.33868,1.33962,409,10,0
2026-07-06 23:00:00+00:00,1.33962,1.34009,1.33934,1.3394,767,10,0
2026-07-07 00:00:00+00:00,1.33939,1.33952,1.33873,1.33876,1971,10,0
2026-07-07 01:00:00+00:00,1.33876,1.3401399999999999,1.33875,1.33965,2428,10,0
2026-07-07 02:00:00+00:00,1.33964,1.33993,1.33904,1.33907,1630,10,0
2026-07-07 03:00:00+00:00,1.33908,1.33967,1.33886,1.33894,1495,10,0
2026-07-07 04:00:00+00:00,1.33894,1.33931,1.33881,1.33886,1276,10,0
2026-07-07 05:00:00+00:00,1.3388499999999999,1.33897,1.3378999999999999,1.33839,1995,10,0
2026-07-07 06:00:00+00:00,1.33843,1.33864,1.33747,1.33801,2326,10,0
2026-07-07 07:00:00+00:00,1.33803,1.33853,1.33746,1.33769,2654,10,0
2026-07-07 08:00:00+00:00,1.33768,1.33936,1.33766,1.3390900000000001,2780,10,0
2026-07-07 09:00:00+00:00,1.33907,1.33921,1.3379699999999999,1.3379699999999999,2031,10,0
2026-07-07 10:00:00+00:00,1.33798,1.33859,1.3369,1.33841,2177,10,0
2026-07-07 11:00:00+00:00,1.33843,1.3394,1.33818,1.33876,2556,10,0
2026-07-07 12:00:00+00:00,1.33879,1.33924,1.33804,1.3385,2814,10,0
2026-07-07 13:00:00+00:00,1.33854,1.33866,1.33689,1.33704,3871,10,0
2026-07-07 14:00:00+00:00,1.3370600000000001,1.33854,1.3360400000000001,1.33786,4126,10,0
2026-07-07 15:00:00+00:00,1.3378700000000001,1.33805,1.33692,1.3370600000000001,2983,10,0
2026-07-07 16:00:00+00:00,1.33707,1.33749,1.33646,1.33707,2216,10,0
2026-07-07 17:00:00+00:00,1.33711,1.33755,1.33678,1.33737,1757,10,0
2026-07-07 18:00:00+00:00,1.3374,1.33761,1.33597,1.3363,2325,10,0
2026-07-07 19:00:00+00:00,1.33628,1.3364500000000001,1.33483,1.33608,2907,10,0
2026-07-07 20:00:00+00:00,1.33605,1.33622,1.33552,1.33589,996,9,0
2026-07-07 21:00:00+00:00,1.33588,1.33588,1.33465,1.33535,1169,13,0
2026-07-07 22:00:00+00:00,1.33544,1.33549,1.3349,1.33524,427,10,0
2026-07-07 23:00:00+00:00,1.33523,1.3354300000000001,1.33446,1.33462,777,10,0
2026-07-08 00:00:00+00:00,1.33464,1.3355000000000001,1.33425,1.33521,2465,10,0
2026-07-08 01:00:00+00:00,1.33524,1.33545,1.33416,1.3348900000000001,2509,10,0
2026-07-08 02:00:00+00:00,1.3348900000000001,1.3354599999999999,1.33473,1.3352,2361,10,0
2026-07-08 03:00:00+00:00,1.3352,1.3359,1.3352,1.33541,1813,10,0
2026-07-08 04:00:00+00:00,1.3354,1.33547,1.33501,1.33533,1641,10,0
2026-07-08 05:00:00+00:00,1.3353,1.33586,1.3351,1.3356,2083,10,0
2026-07-08 06:00:00+00:00,1.33561,1.33655,1.33545,1.33651,3100,10,0
2026-07-08 07:00:00+00:00,1.33651,1.33696,1.33548,1.33646,3127,10,0
2026-07-08 08:00:00+00:00,1.33647,1.33696,1.3336999999999999,1.33393,6654,10,0
2026-07-08 09:00:00+00:00,1.33396,1.33481,1.33218,1.33411,4807,10,0
2026-07-08 10:00:00+00:00,1.33412,1.3357,1.33399,1.33452,3230,10,0
2026-07-08 11:00:00+00:00,1.33449,1.33476,1.33292,1.33356,3973,10,0
2026-07-08 12:00:00+00:00,1.33358,1.33565,1.33339,1.3341,4001,10,0
2026-07-08 13:00:00+00:00,1.33407,1.33773,1.334,1.3370600000000001,5362,10,0
2026-07-08 14:00:00+00:00,1.3370199999999999,1.33751,1.33635,1.33716,4376,10,0
2026-07-08 15:00:00+00:00,1.33718,1.33752,1.33564,1.33599,4371,10,0
2026-07-08 16:00:00+00:00,1.33602,1.3385500000000001,1.33597,1.33843,3548,10,0
2026-07-08 17:00:00+00:00,1.33846,1.341,1.33842,1.33954,3173,10,0
2026-07-08 18:00:00+00:00,1.33951,1.34057,1.33924,1.33992,2674,10,0
2026-07-08 19:00:00+00:00,1.33995,1.3406799999999999,1.33967,1.3401399999999999,2361,10,0
2026-07-08 20:00:00+00:00,1.34015,1.34036,1.33849,1.3388200000000001,1525,4,0
2026-07-08 21:00:00+00:00,1.33883,1.33883,1.33834,1.33879,916,20,0
2026-07-08 22:00:00+00:00,1.33898,1.3391199999999999,1.33875,1.3391,483,10,0
2026-07-08 23:00:00+00:00,1.3391,1.33944,1.33886,1.33933,684,10,0
2026-07-09 00:00:00+00:00,1.33935,1.34039,1.33933,1.33975,2129,10,0
2026-07-09 01:00:00+00:00,1.33976,1.33992,1.33863,1.33961,2132,10,0
2026-07-09 02:00:00+00:00,1.33964,1.33998,1.33932,1.33934,1806,10,0
2026-07-09 03:00:00+00:00,1.33931,1.34003,1.33896,1.33956,1772,10,0
2026-07-09 04:00:00+00:00,1.33956,1.33994,1.33929,1.33983,1347,10,0
2026-07-09 05:00:00+00:00,1.33984,1.34074,1.3397999999999999,1.3404099999999999,2085,10,0
2026-07-09 06:00:00+00:00,1.34043,1.34305,1.34043,1.3424800000000001,3332,10,0
2026-07-09 07:00:00+00:00,1.3425099999999999,1.34273,1.34111,1.34146,2856,10,0
2026-07-09 08:00:00+00:00,1.34144,1.34211,1.3409900000000001,1.34123,2691,10,0
2026-07-09 09:00:00+00:00,1.34122,1.34155,1.3406,1.34125,2254,10,0
2026-07-09 10:00:00+00:00,1.34123,1.3412600000000001,1.33933,1.33956,2138,10,0
2026-07-09 11:00:00+00:00,1.33957,1.3396,1.33841,1.3388200000000001,2526,10,0
2026-07-09 12:00:00+00:00,1.33883,1.33978,1.33801,1.33841,2999,10,0
2026-07-09 13:00:00+00:00,1.33839,1.34024,1.33839,1.34008,3265,10,0
2026-07-09 14:00:00+00:00,1.3400699999999999,1.34104,1.33872,1.3390900000000001,3675,10,0
2026-07-09 15:00:00+00:00,1.33911,1.34084,1.33864,1.34064,3099,10,0
2026-07-09 16:00:00+00:00,1.34067,1.34116,1.34019,1.34089,2218,10,0
2026-07-09 17:00:00+00:00,1.34088,1.34162,1.3407200000000001,1.34158,1871,10,0
2026-07-09 18:00:00+00:00,1.34157,1.34191,1.3409900000000001,1.34151,1772,10,0
2026-07-09 19:00:00+00:00,1.34152,1.3417,1.34043,1.3407200000000001,1756,10,0
2026-07-09 20:00:00+00:00,1.3407200000000001,1.34107,1.34064,1.34082,769,9,0
2026-07-09 21:00:00+00:00,1.34081,1.34081,1.3396,1.34033,1162,13,0
2026-07-09 22:00:00+00:00,1.3405,1.34124,1.34047,1.34115,534,10,0
2026-07-09 23:00:00+00:00,1.34115,1.3413,1.34103,1.3413,448,10,0
2026-07-10 00:00:00+00:00,1.3413,1.34246,1.34079,1.3422,1879,10,0
2026-07-10 01:00:00+00:00,1.3421699999999999,1.34386,1.34192,1.34342,2924,10,0
2026-07-10 02:00:00+00:00,1.34341,1.34514,1.34331,1.34477,2812,10,0
2026-07-10 03:00:00+00:00,1.34479,1.34496,1.34371,1.3439,1876,10,0
2026-07-10 04:00:00+00:00,1.34388,1.34388,1.34272,1.34303,1501,10,0
2026-07-10 05:00:00+00:00,1.34306,1.3433,1.34213,1.34269,1846,10,0
2026-07-10 06:00:00+00:00,1.34269,1.34357,1.34236,1.34262,2913,10,0
2026-07-10 07:00:00+00:00,1.34266,1.34304,1.34199,1.34212,2858,10,0
2026-07-10 08:00:00+00:00,1.34211,1.34264,1.34081,1.3409499999999999,3070,10,0
2026-07-10 09:00:00+00:00,1.34097,1.34161,1.34088,1.34097,2378,10,0
2026-07-10 10:00:00+00:00,1.341,1.34361,1.34093,1.34324,2667,10,0
2026-07-10 11:00:00+00:00,1.34321,1.34368,1.34172,1.34256,2804,10,0
2026-07-10 12:00:00+00:00,1.3425799999999999,1.34367,1.3413599999999999,1.34205,3821,10,0
2026-07-10 13:00:00+00:00,1.34209,1.34209,1.34037,1.34058,3257,10,0
2026-07-10 14:00:00+00:00,1.3406,1.3413599999999999,1.33914,1.34091,4721,10,0
2026-07-10 15:00:00+00:00,1.3409499999999999,1.34216,1.34073,1.34201,3482,10,0
2026-07-10 16:00:00+00:00,1.34201,1.34232,1.34103,1.34107,2680,10,0
2026-07-10 17:00:00+00:00,1.34104,1.3412600000000001,1.33986,1.33999,2269,10,0
2026-07-10 18:00:00+00:00,1.33999,1.34005,1.33922,1.33981,2099,10,0
2026-07-10 19:00:00+00:00,1.33983,1.33994,1.33945,1.33979,1567,10,0
2026-07-10 20:00:00+00:00,1.33982,1.3402,1.33938,1.33998,1874,10,0
2026-07-12 21:00:00+00:00,1.3385099999999999,1.33868,1.338,1.33859,189,47,0
2026-07-12 22:00:00+00:00,1.33872,1.33872,1.33687,1.33749,1783,10,0
2026-07-12 23:00:00+00:00,1.33749,1.33862,1.3372,1.33861,1369,10,0
2026-07-13 00:00:00+00:00,1.33862,1.33871,1.3375,1.33761,3082,10,0
2026-07-13 01:00:00+00:00,1.33757,1.33832,1.33663,1.33827,3290,10,0
2026-07-13 02:00:00+00:00,1.33829,1.3384,1.33757,1.33766,2391,10,0
2026-07-13 03:00:00+00:00,1.3376299999999999,1.33791,1.3370600000000001,1.33781,2139,10,0
2026-07-13 04:00:00+00:00,1.33779,1.33846,1.33745,1.33834,1661,10,0
2026-07-13 05:00:00+00:00,1.33832,1.33875,1.33769,1.33792,2609,10,0
2026-07-13 06:00:00+00:00,1.33791,1.3391899999999999,1.33738,1.3378,3216,10,0
2026-07-13 07:00:00+00:00,1.33783,1.33949,1.33769,1.33928,4004,10,0
2026-07-13 08:00:00+00:00,1.33931,1.34113,1.33923,1.3394300000000001,3691,10,0
2026-07-13 09:00:00+00:00,1.3394,1.33956,1.33846,1.33908,2637,10,0
2026-07-13 10:00:00+00:00,1.33908,1.33986,1.3381,1.33985,2807,10,0
2026-07-13 11:00:00+00:00,1.33983,1.34022,1.33849,1.33931,3238,10,0
2026-07-13 12:00:00+00:00,1.33929,1.33986,1.3382800000000001,1.33986,3618,10,0
2026-07-13 13:00:00+00:00,1.33989,1.34022,1.33829,1.33846,3890,10,0
2026-07-13 14:00:00+00:00,1.33847,1.3387,1.3363,1.33783,5419,10,0
2026-07-13 15:00:00+00:00,1.33784,1.33818,1.337,1.33796,3472,10,0
2026-07-13 16:00:00+00:00,1.33798,1.33838,1.33571,1.33628,4037,10,0
2026-07-13 17:00:00+00:00,1.33631,1.33661,1.33564,1.33581,2640,10,0
2026-07-13 18:00:00+00:00,1.33581,1.3360699999999999,1.33542,1.33601,2504,10,0
2026-07-13 19:00:00+00:00,1.33603,1.33608,1.3351199999999999,1.3353,2194,10,0
2026-07-13 20:00:00+00:00,1.33528,1.33548,1.3342,1.33456,1184,9,0
2026-07-13 21:00:00+00:00,1.33457,1.33467,1.334,1.33465,629,13,0
2026-07-13 22:00:00+00:00,1.33475,1.33526,1.33449,1.33481,788,10,0
2026-07-13 23:00:00+00:00,1.33481,1.33509,1.3345799999999999,1.3349199999999999,1014,10,0
2026-07-14 00:00:00+00:00,1.33493,1.33569,1.3342,1.33513,3471,10,0
2026-07-14 01:00:00+00:00,1.3351,1.33574,1.33502,1.33542,2856,10,0
2026-07-14 02:00:00+00:00,1.3354599999999999,1.33597,1.33539,1.33564,2059,10,0
2026-07-14 03:00:00+00:00,1.33565,1.33637,1.33539,1.336,2095,10,0
2026-07-14 04:00:00+00:00,1.33601,1.33622,1.33558,1.33585,1724,10,0
2026-07-14 05:00:00+00:00,1.33587,1.33693,1.33581,1.33623,1819,10,0
2026-07-14 06:00:00+00:00,1.3362,1.3364500000000001,1.33522,1.33556,2742,10,0
2026-07-14 07:00:00+00:00,1.33558,1.33642,1.33509,1.33569,3197,10,0
2026-07-14 08:00:00+00:00,1.3357299999999999,1.33761,1.33534,1.33741,3331,10,0
2026-07-14 09:00:00+00:00,1.33743,1.33832,1.33731,1.33788,2865,10,0
2026-07-14 10:00:00+00:00,1.33791,1.3382100000000001,1.33696,1.33723,2403,10,0
2026-07-14 11:00:00+00:00,1.3372600000000001,1.33869,1.33658,1.33836,2825,10,0
2026-07-14 12:00:00+00:00,1.33836,1.3443100000000001,1.3379699999999999,1.34088,8148,10,0
2026-07-14 13:00:00+00:00,1.34091,1.34188,1.3397700000000001,1.34151,7087,10,0
2026-07-14 14:00:00+00:00,1.34151,1.34226,1.33962,1.34046,6205,10,0
2026-07-14 15:00:00+00:00,1.34048,1.34137,1.3379400000000001,1.33826,4969,10,0
2026-07-14 16:00:00+00:00,1.33823,1.33915,1.33752,1.33883,3189,10,0
2026-07-14 17:00:00+00:00,1.33886,1.33906,1.33676,1.3376700000000001,2909,10,0
2026-07-14 18:00:00+00:00,1.33769,1.33839,1.33707,1.33816,2506,10,0
2026-07-14 19:00:00+00:00,1.33815,1.3390900000000001,1.33807,1.33875,2352,10,0
2026-07-14 20:00:00+00:00,1.33876,1.3391899999999999,1.3385500000000001,1.33899,1006,9,0
2026-07-14 21:00:00+00:00,1.33897,1.33899,1.33723,1.3385799999999999,654,26,0
2026-07-14 22:00:00+00:00,1.33868,1.3394,1.33861,1.33905,927,10,0
2026-07-14 23:00:00+00:00,1.33904,1.33963,1.33897,1.33961,878,10,0
2026-07-15 00:00:00+00:00,1.33962,1.3403800000000001,1.33939,1.34025,2026,10,0
2026-07-15 01:00:00+00:00,1.34027,1.34053,1.33982,1.34019,2093,10,0
2026-07-15 02:00:00+00:00,1.34022,1.34088,1.33993,1.34054,1674,10,0
2026-07-15 03:00:00+00:00,1.34057,1.34088,1.3397999999999999,1.34032,1695,10,0
2026-07-15 04:00:00+00:00,1.34032,1.34049,1.34015,1.3402,1261,10,0
2026-07-15 05:00:00+00:00,1.34024,1.34139,1.33999,1.34097,1729,10,0
2026-07-15 06:00:00+00:00,1.3409900000000001,1.34195,1.3409900000000001,1.34145,3078,10,0
2026-07-15 07:00:00+00:00,1.34142,1.34196,1.3400699999999999,1.3401399999999999,3102,10,0
2026-07-15 08:00:00+00:00,1.34015,1.34069,1.33904,1.33957,2526,10,0
2026-07-15 09:00:00+00:00,1.33957,1.33987,1.3388200000000001,1.33898,2173,10,0
2026-07-15 10:00:00+00:00,1.33899,1.33993,1.33803,1.33992,2269,10,0
2026-07-15 11:00:00+00:00,1.33992,1.34146,1.33951,1.3409499999999999,2736,10,0
2026-07-15 12:00:00+00:00,1.3409200000000001,1.34299,1.34021,1.34275,3637,10,0
2026-07-15 13:00:00+00:00,1.3427799999999999,1.34491,1.34215,1.3441,4050,10,0
2026-07-15 14:00:00+00:00,1.3441,1.34821,1.3437299999999999,1.34778,5028,10,0
2026-07-15 15:00:00+00:00,1.34779,1.34973,1.34707,1.34952,4261,10,0
2026-07-15 16:00:00+00:00,1.34948,1.3528,1.34933,1.35256,4276,10,0
2026-07-15 17:00:00+00:00,1.35257,1.35484,1.35253,1.35469,4268,10,0
2026-07-15 18:00:00+00:00,1.35469,1.35578,1.35355,1.35359,2980,10,0
2026-07-15 19:00:00+00:00,1.35358,1.35445,1.35273,1.35346,3051,10,0
2026-07-15 20:00:00+00:00,1.35346,1.35392,1.35328,1.35389,1097,9,0
2026-07-15 21:00:00+00:00,1.35386,1.35386,1.35316,1.35334,1232,11,0
2026-07-15 22:00:00+00:00,1.3535300000000001,1.35415,1.3535,1.35378,583,10,0
2026-07-15 23:00:00+00:00,1.35378,1.35434,1.3536299999999999,1.35382,875,10,0
2026-07-16 00:00:00+00:00,1.35382,1.35438,1.35271,1.35336,2753,10,0
2026-07-16 01:00:00+00:00,1.35338,1.35345,1.35255,1.35267,2559,10,0
2026-07-16 02:00:00+00:00,1.3526799999999999,1.3526799999999999,1.35193,1.35263,2071,10,0
2026-07-16 03:00:00+00:00,1.3526500000000001,1.35377,1.35255,1.35324,1845,10,0
2026-07-16 04:00:00+00:00,1.35327,1.35349,1.35302,1.3531900000000001,1568,10,0
2026-07-16 05:00:00+00:00,1.3532199999999999,1.35408,1.35266,1.35293,2124,10,0
2026-07-16 06:00:00+00:00,1.35289,1.35419,1.35286,1.35398,3112,10,0
2026-07-16 07:00:00+00:00,1.354,1.3542100000000001,1.35303,1.3532899999999999,3058,10,0
2026-07-16 08:00:00+00:00,1.35328,1.3534,1.35181,1.35205,2913,10,0
2026-07-16 09:00:00+00:00,1.3520699999999999,1.35208,1.35054,1.3507,2659,10,0
2026-07-16 10:00:00+00:00,1.35068,1.35093,1.35022,1.35034,2258,10,0
2026-07-16 11:00:00+00:00,1.35034,1.35069,1.3493,1.35062,3093,10,0
2026-07-16 12:00:00+00:00,1.35063,1.35147,1.34966,1.3497,3971,10,0
2026-07-16 13:00:00+00:00,1.34973,1.3517000000000001,1.34959,1.3507500000000001,3993,10,0
2026-07-16 14:00:00+00:00,1.3507799999999999,1.35131,1.3486500000000001,1.34875,4197,10,0
2026-07-16 15:00:00+00:00,1.34879,1.34911,1.3479700000000001,1.34827,3502,10,0
2026-07-16 16:00:00+00:00,1.3483,1.3483100000000001,1.34649,1.3465799999999999,2735,10,0
2026-07-16 17:00:00+00:00,1.3466,1.34715,1.34592,1.3469,2026,10,0
2026-07-16 18:00:00+00:00,1.34693,1.3471,1.34643,1.347,2090,10,0
2026-07-16 19:00:00+00:00,1.34699,1.3475,1.34662,1.34744,1870,10,0
2026-07-16 20:00:00+00:00,1.34741,1.34799,1.34729,1.3477999999999999,1018,9,0
2026-07-16 21:00:00+00:00,1.34778,1.34789,1.34741,1.34749,631,24,0
2026-07-16 22:00:00+00:00,1.34762,1.34771,1.34726,1.3473600000000001,481,10,0
2026-07-16 23:00:00+00:00,1.3473600000000001,1.34781,1.3473,1.3477700000000001,796,10,0
2026-07-17 00:00:00+00:00,1.3477700000000001,1.34785,1.34691,1.34768,2020,10,0
2026-07-17 01:00:00+00:00,1.34771,1.34795,1.34636,1.34656,2172,10,0
2026-07-17 02:00:00+00:00,1.34659,1.3469,1.34625,1.34629,1873,10,0
2026-07-17 03:00:00+00:00,1.34629,1.34689,1.34616,1.3465,1698,10,0
2026-07-17 04:00:00+00:00,1.34653,1.34653,1.34568,1.3458700000000001,1445,10,0
2026-07-17 05:00:00+00:00,1.34588,1.34661,1.34572,1.34628,1804,10,0
2026-07-17 06:00:00+00:00,1.34627,1.34754,1.3458700000000001,1.3473899999999999,2956,10,0
2026-07-17 07:00:00+00:00,1.34738,1.3480400000000001,1.34564,1.34565,2979,10,0
2026-07-17 08:00:00+00:00,1.34569,1.3462100000000001,1.34416,1.34426,3404,10,0
2026-07-17 09:00:00+00:00,1.34426,1.34445,1.34353,1.34425,2732,10,0
2026-07-17 10:00:00+00:00,1.34421,1.34422,1.34259,1.34313,2683,10,0
2026-07-17 11:00:00+00:00,1.3431600000000001,1.34463,1.34271,1.34379,2797,10,0
2026-07-17 12:00:00+00:00,1.34379,1.34401,1.3427799999999999,1.3431199999999999,2900,10,0
2026-07-17 13:00:00+00:00,1.34314,1.34508,1.34276,1.3449900000000001,3964,10,0
2026-07-17 14:00:00+00:00,1.34503,1.34543,1.34419,1.34448,3844,10,0
2026-07-17 15:00:00+00:00,1.34447,1.34546,1.34415,1.3444099999999999,3514,10,0
2026-07-17 16:00:00+00:00,1.34445,1.3455599999999999,1.34371,1.3455599999999999,2861,10,0
2026-07-17 17:00:00+00:00,1.34558,1.34596,1.34505,1.34528,2157,10,0
2026-07-17 18:00:00+00:00,1.34528,1.34565,1.34507,1.3453300000000001,1847,10,0
2026-07-17 19:00:00+00:00,1.34534,1.34596,1.34505,1.3458,2035,10,0
2026-07-17 20:00:00+00:00,1.34582,1.34595,1.3449900000000001,1.34523,1871,10,0
2026-07-19 21:00:00+00:00,1.34461,1.345,1.34299,1.3440400000000001,1411,49,0
2026-07-19 22:00:00+00:00,1.34439,1.34473,1.34385,1.3443800000000001,1461,10,0
2026-07-19 23:00:00+00:00,1.34437,1.34452,1.3440699999999999,1.34448,992,10,0
2026-07-20 00:00:00+00:00,1.34449,1.34516,1.34426,1.34507,1985,10,0
2026-07-20 01:00:00+00:00,1.34506,1.34541,1.34479,1.34537,2343,10,0
2026-07-20 02:00:00+00:00,1.34535,1.34629,1.3452600000000001,1.34588,1808,10,0
2026-07-20 03:00:00+00:00,1.34588,1.34613,1.3457,1.34603,1367,10,0
2026-07-20 04:00:00+00:00,1.34603,1.3467500000000001,1.346,1.34657,1111,10,0
2026-07-20 05:00:00+00:00,1.34657,1.34674,1.34628,1.3466,1378,10,0
2026-07-20 06:00:00+00:00,1.3465799999999999,1.3468499999999999,1.34572,1.34579,2469,10,0
2026-07-20 07:00:00+00:00,1.34583,1.3480699999999999,1.34568,1.34759,3222,10,0
2026-07-20 08:00:00+00:00,1.3476,1.34766,1.3465500000000001,1.34692,2111,10,0
2026-07-20 09:00:00+00:00,1.34692,1.34692,1.34569,1.34628,2206,10,0
2026-07-20 10:00:00+00:00,1.3462399999999999,1.34731,1.34586,1.34674,2387,10,0
2026-07-20 11:00:00+00:00,1.34674,1.34782,1.34608,1.3462399999999999,3497,10,0
2026-07-20 12:00:00+00:00,1.34623,1.34644,1.34477,1.34544,3133,10,0
2026-07-20 13:00:00+00:00,1.34545,1.34584,1.34444,1.3452,2895,10,0
2026-07-20 14:00:00+00:00,1.34522,1.34567,1.34333,1.34388,3317,10,0
2026-07-20 15:00:00+00:00,1.34386,1.34386,1.3413300000000001,1.3418,3894,10,0
2026-07-20 16:00:00+00:00,1.34179,1.34233,1.34115,1.34199,2530,10,0
2026-07-20 17:00:00+00:00,1.34198,1.34321,1.34184,1.34306,2134,10,0
2026-07-20 18:00:00+00:00,1.34306,1.34391,1.34306,1.34356,2061,10,0
2026-07-20 19:00:00+00:00,1.34358,1.34387,1.34311,1.34347,2071,10,0
2026-07-20 20:00:00+00:00,1.34348,1.34366,1.34284,1.34299,903,7,0
2026-07-20 21:00:00+00:00,1.34297,1.34301,1.34181,1.34234,809,22,0
2026-07-20 22:00:00+00:00,1.34245,1.34268,1.34212,1.34261,649,10,0
2026-07-20 23:00:00+00:00,1.34261,1.34314,1.3425799999999999,1.34307,587,10,0
2026-07-21 00:00:00+00:00,1.34308,1.34347,1.34262,1.34313,1932,10,0
2026-07-21 01:00:00+00:00,1.34314,1.34365,1.34296,1.34344,2098,10,0
2026-07-21 02:00:00+00:00,1.34344,1.3437999999999999,1.34298,1.34307,1719,10,0
2026-07-21 03:00:00+00:00,1.34305,1.34391,1.34286,1.3436,1534,10,0
2026-07-21 04:00:00+00:00,1.3436,1.34403,1.34353,1.3439999999999999,1239,10,0
2026-07-21 05:00:00+00:00,1.34403,1.3446,1.34381,1.34422,1688,10,0
2026-07-21 06:00:00+00:00,1.34417,1.34527,1.34417,1.34476,2403,10,0
2026-07-21 07:00:00+00:00,1.34477,1.34552,1.34361,1.34401,2909,10,0
2026-07-21 08:00:00+00:00,1.34401,1.34481,1.34268,1.3428499999999999,2787,10,0
2026-07-21 09:00:00+00:00,1.3428499999999999,1.34334,1.34242,1.34268,2119,10,0
2026-07-21 10:00:00+00:00,1.34269,1.34335,1.34134,1.34165,2549,10,0
2026-07-21 11:00:00+00:00,1.34164,1.34205,1.3401,1.34052,2568,10,0
2026-07-21 12:00:00+00:00,1.34051,1.3406799999999999,1.33814,1.3388499999999999,3968,10,0
2026-07-21 13:00:00+00:00,1.33888,1.33947,1.33593,1.33811,4745,10,0
2026-07-21 14:00:00+00:00,1.33815,1.33988,1.33656,1.3371,4461,10,0
2026-07-21 15:00:00+00:00,1.33709,1.33811,1.33676,1.3372600000000001,2946,10,0
2026-07-21 16:00:00+00:00,1.33727,1.33838,1.33688,1.33818,1949,10,0
2026-07-21 17:00:00+00:00,1.33818,1.33869,1.3379400000000001,1.3384,1592,10,0
2026-07-21 18:00:00+00:00,1.3384,1.33842,1.33743,1.33805,1922,10,0
2026-07-21 19:00:00+00:00,1.33806,1.33842,1.33786,1.338,1662,10,0
2026-07-21 20:00:00+00:00,1.33802,1.33804,1.33734,1.33743,922,7,0
2026-07-21 21:00:00+00:00,1.3374,1.33751,1.3370199999999999,1.33751,902,18,0
2026-07-21 22:00:00+00:00,1.33761,1.33774,1.33734,1.33737,514,10,0
2026-07-21 23:00:00+00:00,1.33738,1.33785,1.33732,1.33784,724,10,0
2026-07-22 00:00:00+00:00,1.33783,1.33867,1.3377,1.33846,2148,10,0
2026-07-22 01:00:00+00:00,1.33846,1.33877,1.33789,1.3383,2037,10,0
2026-07-22 02:00:00+00:00,1.3383099999999999,1.33894,1.33799,1.33849,1831,10,0
2026-07-22 03:00:00+00:00,1.3384800000000001,1.33868,1.33807,1.3382100000000001,1594,10,0
2026-07-22 04:00:00+00:00,1.3382399999999999,1.3385,1.33799,1.33836,1156,10,0
2026-07-22 05:00:00+00:00,1.33838,1.33864,1.33786,1.33804,1803,10,0
2026-07-22 06:00:00+00:00,1.338,1.33906,1.33686,1.33792,3125,10,0
2026-07-22 07:00:00+00:00,1.33792,1.33952,1.33747,1.3382100000000001,3503,10,0
2026-07-22 08:00:00+00:00,1.3382100000000001,1.33837,1.33709,1.3373300000000001,2814,10,0
2026-07-22 09:00:00+00:00,1.3372899999999999,1.33746,1.33657,1.33688,2649,10,0
2026-07-22 10:00:00+00:00,1.33689,1.33744,1.33654,1.33679,2364,10,0
2026-07-22 11:00:00+00:00,1.33678,1.33724,1.33629,1.33666,2782,10,0
2026-07-22 12:00:00+00:00,1.33667,1.33725,1.33541,1.33591,2803,10,0
2026-07-22 13:00:00+00:00,1.3359,1.33888,1.3359,1.33864,3407,10,0
2026-07-22 14:00:00+00:00,1.33865,1.33905,1.33716,1.33738,3425,10,0
2026-07-22 15:00:00+00:00,1.33738,1.33802,1.33709,1.33759,2758,10,0
2026-07-22 16:00:00+00:00,1.33757,1.3376000000000001,1.33648,1.33722,2288,10,0
2026-07-22 17:00:00+00:00,1.33723,1.33738,1.33681,1.33708,1749,10,0
2026-07-22 18:00:00+00:00,1.3371,1.33753,1.33683,1.33735,1604,10,0
2026-07-22 19:00:00+00:00,1.33734,1.33743,1.33698,1.3372899999999999,1314,10,0
2026-07-22 20:00:00+00:00,1.3373300000000001,1.33765,1.3372600000000001,1.33746,1089,9,0
2026-07-22 21:00:00+00:00,1.33748,1.3375,1.33709,1.33739,925,11,0
2026-07-22 22:00:00+00:00,1.3375,1.3375,1.3366799999999999,1.3369900000000001,546,10,0
2026-07-22 23:00:00+00:00,1.3369900000000001,1.33752,1.33697,1.33741,765,10,0
2026-07-23 00:00:00+00:00,1.33745,1.33814,1.33725,1.33804,1917,10,0
2026-07-23 01:00:00+00:00,1.33808,1.33859,1.3379400000000001,1.33809,2515,10,0
2026-07-23 02:00:00+00:00,1.33809,1.33897,1.33806,1.3388900000000001,1856,10,0
2026-07-23 03:00:00+00:00,1.33893,1.3391,1.3383,1.33878,1731,10,0
2026-07-23 04:00:00+00:00,1.33879,1.33931,1.33839,1.33863,1592,10,0
2026-07-23 05:00:00+00:00,1.33862,1.33878,1.33816,1.33854,1721,10,0
2026-07-23 06:00:00+00:00,1.3385,1.33905,1.3375,1.33766,2508,10,0
2026-07-23 07:00:00+00:00,1.33768,1.33798,1.33666,1.33732,3135,10,0
2026-07-23 08:00:00+00:00,1.3373300000000001,1.3376299999999999,1.33603,1.3368,2719,10,0
2026-07-23 09:00:00+00:00,1.33683,1.33771,1.33656,1.33722,2399,10,0
2026-07-23 10:00:00+00:00,1.3372,1.33732,1.33606,1.33673,2489,10,0
2026-07-23 11:00:00+00:00,1.33674,1.3369,1.33395,1.33548,3338,10,0
2026-07-23 12:00:00+00:00,1.33548,1.33555,1.33344,1.33423,3756,10,0
2026-07-23 13:00:00+00:00,1.3342,1.33444,1.33264,1.33278,4851,10,0
2026-07-23 14:00:00+00:00,1.33278,1.33311,1.33117,1.33195,4583,10,0
2026-07-23 15:00:00+00:00,1.33197,1.33239,1.32983,1.33098,4567,10,0
2026-07-23 16:00:00+00:00,1.33101,1.33251,1.33096,1.33235,3050,10,0
2026-07-23 17:00:00+00:00,1.33236,1.3324099999999999,1.33128,1.33133,2523,10,0
2026-07-23 18:00:00+00:00,1.33133,1.33185,1.3312599999999999,1.3316,2074,10,0
2026-07-23 19:00:00+00:00,1.33162,1.33193,1.3311,1.33166,1755,10,0
2026-07-23 20:00:00+00:00,1.3317,1.33191,1.3312599999999999,1.33136,843,9,0
2026-07-23 21:00:00+00:00,1.33134,1.33139,1.33093,1.33139,723,18,0
2026-07-23 22:00:00+00:00,1.33148,1.33173,1.33128,1.33156,435,10,0
2026-07-23 23:00:00+00:00,1.33156,1.33157,1.33105,1.33118,723,10,0
2026-07-24 00:00:00+00:00,1.33114,1.33239,1.33107,1.33239,2131,10,0
2026-07-24 01:00:00+00:00,1.3324099999999999,1.33263,1.3319,1.33205,2171,10,0
2026-07-24 02:00:00+00:00,1.3320400000000001,1.33222,1.33135,1.33137,1746,10,0
2026-07-24 03:00:00+00:00,1.33136,1.33149,1.33108,1.3314,1443,10,0
2026-07-24 04:00:00+00:00,1.33142,1.33149,1.33061,1.331,1278,10,0
2026-07-24 05:00:00+00:00,1.33103,1.33164,1.3308,1.33086,1568,10,0
2026-07-24 06:00:00+00:00,1.3308200000000001,1.33257,1.33078,1.33257,2694,10,0
2026-07-24 07:00:00+00:00,1.33259,1.33439,1.33221,1.33352,2812,10,0
2026-07-24 08:00:00+00:00,1.33354,1.33365,1.33196,1.33209,2700,10,0
2026-07-24 09:00:00+00:00,1.3321100000000001,1.33219,1.33124,1.33189,2342,10,0
2026-07-24 10:00:00+00:00,1.33191,1.33281,1.33127,1.33219,2466,10,0
2026-07-24 11:00:00+00:00,1.33217,1.33276,1.33134,1.33219,2447,10,0
2026-07-24 12:00:00+00:00,1.33225,1.33252,1.33051,1.33099,2779,10,0
2026-07-24 13:00:00+00:00,1.33097,1.33266,1.33053,1.33251,3350,10,0
2026-07-24 14:00:00+00:00,1.3325,1.3334,1.3319,1.33261,3639,10,0
2026-07-24 15:00:00+00:00,1.33262,1.33484,1.3324,1.33411,3709,10,0
2026-07-24 16:00:00+00:00,1.33414,1.3345,1.33308,1.33321,2098,10,0
2026-07-24 17:00:00+00:00,1.33321,1.3332600000000001,1.33208,1.33247,1956,10,0
2026-07-24 18:00:00+00:00,1.33246,1.33291,1.33232,1.3324799999999999,1613,10,0
2026-07-24 19:00:00+00:00,1.3325,1.3327,1.33209,1.33209,1833,10,0
2026-07-24 20:00:00+00:00,1.3321,1.3327,1.33163,1.3323800000000001,1347,10,0
2026-07-26 21:00:00+00:00,1.33305,1.3333,1.33219,1.33319,444,47,0
2026-07-26 22:00:00+00:00,1.33338,1.33561,1.33338,1.33426,1561,10,0
2026-07-26 23:00:00+00:00,1.33426,1.33515,1.33416,1.33501,1051,10,0
2026-07-27 00:00:00+00:00,1.33504,1.33627,1.33491,1.33506,3114,10,0
2026-07-27 01:00:00+00:00,1.33508,1.3363,1.33508,1.33629,2561,10,0
2026-07-27 02:00:00+00:00,1.33631,1.33631,1.33539,1.3354599999999999,1857,10,0
2026-07-27 03:00:00+00:00,1.3354599999999999,1.33563,1.33495,1.33523,1655,10,0
2026-07-27 04:00:00+00:00,1.33524,1.33545,1.33493,1.33506,1385,10,0
2026-07-27 05:00:00+00:00,1.33509,1.3356,1.33493,1.33525,1600,10,0
2026-07-27 06:00:00+00:00,1.33525,1.3360699999999999,1.33473,1.33493,2635,10,0
2026-07-27 07:00:00+00:00,1.33491,1.33518,1.33338,1.33344,3398,10,0
2026-07-27 08:00:00+00:00,1.33344,1.33399,1.33301,1.33372,2330,10,0
2026-07-27 09:00:00+00:00,1.33371,1.33407,1.33292,1.3330600000000001,2168,10,0
2026-07-27 10:00:00+00:00,1.33304,1.33359,1.33163,1.33185,2318,10,0
2026-07-27 11:00:00+00:00,1.33185,1.3321100000000001,1.33091,1.33137,2829,10,0
2026-07-27 12:00:00+00:00,1.33134,1.3317700000000001,1.33039,1.33135,2654,10,0
2026-07-27 13:00:00+00:00,1.33133,1.33206,1.33076,1.33104,3147,10,0
2026-07-27 14:00:00+00:00,1.33106,1.33169,1.32987,1.33023,3363,10,0
2026-07-27 15:00:00+00:00,1.33022,1.33068,1.32988,1.33016,2951,10,0
2026-07-27 16:00:00+00:00,1.3302,1.33138,1.32993,1.3303,2781,10,0
2026-07-27 17:00:00+00:00,1.33029,1.33032,1.3283800000000001,1.32905,2368,10,0
2026-07-27 18:00:00+00:00,1.32907,1.32939,1.32864,1.3287900000000001,2163,10,0
2026-07-27 19:00:00+00:00,1.32882,1.3296000000000001,1.3287900000000001,1.32915,1488,10,0
2026-07-27 20:00:00+00:00,1.32911,1.32925,1.32858,1.32877,792,2,0
2026-07-27 21:00:00+00:00,1.3287900000000001,1.32904,1.32824,1.32904,696,20,0
2026-07-27 22:00:00+00:00,1.32916,1.32916,1.32867,1.32885,546,10,0
2026-07-27 23:00:00+00:00,1.32885,1.32901,1.32865,1.32895,609,10,0
2026-07-28 00:00:00+00:00,1.32895,1.3293599999999999,1.32853,1.32927,1808,10,0
2026-07-28 01:00:00+00:00,1.32929,1.32977,1.32891,1.32915,1640,10,0
2026-07-28 02:00:00+00:00,1.32919,1.33002,1.3290199999999999,1.32978,1549,10,0
2026-07-28 03:00:00+00:00,1.32981,1.33037,1.32945,1.32975,1563,10,0
2026-07-28 04:00:00+00:00,1.32973,1.32973,1.32917,1.32935,1394,10,0
2026-07-28 05:00:00+00:00,1.32935,1.32949,1.3285,1.3287499999999999,1677,10,0
2026-07-28 06:00:00+00:00,1.32873,1.33014,1.32853,1.32982,2286,10,0
2026-07-28 07:00:00+00:00,1.3298,1.33045,1.3291,1.32912,2037,10,0
2026-07-28 08:00:00+00:00,1.32912,1.3305,1.32907,1.33022,2242,10,0
2026-07-28 09:00:00+00:00,1.3302399999999999,1.33027,1.32792,1.32795,1850,10,0
2026-07-28 10:00:00+00:00,1.32796,1.32824,1.32729,1.32791,2172,10,0
2026-07-28 11:00:00+00:00,1.32793,1.32833,1.32737,1.3278699999999999,2422,10,0
2026-07-28 12:00:00+00:00,1.3279,1.32988,1.32786,1.32974,2327,10,0
2026-07-28 13:00:00+00:00,1.32973,1.3303,1.3293599999999999,1.3300100000000001,2491,10,0
2026-07-28 14:00:00+00:00,1.33002,1.33017,1.3285,1.32911,3051,10,0
2026-07-28 15:00:00+00:00,1.32911,1.33106,1.32881,1.33086,3723,10,0
2026-07-28 16:00:00+00:00,1.33086,1.33109,1.3300100000000001,1.33006,2403,10,0
2026-07-28 17:00:00+00:00,1.33007,1.33056,1.3290600000000001,1.32915,2099,10,0
2026-07-28 18:00:00+00:00,1.32916,1.32931,1.32861,1.32886,1593,10,0
2026-07-28 19:00:00+00:00,1.32887,1.32949,1.32873,1.32874,1471,10,0
2026-07-28 20:00:00+00:00,1.3287499999999999,1.32912,1.32855,1.32882,860,7,0
2026-07-28 21:00:00+00:00,1.32882,1.32893,1.32835,1.32864,702,15,0
2026-07-28 22:00:00+00:00,1.3288,1.32907,1.32827,1.32843,819,10,0
2026-07-28 23:00:00+00:00,1.32843,1.32867,1.32801,1.32864,985,10,0
2026-07-29 00:00:00+00:00,1.32864,1.3294000000000001,1.32825,1.32919,2254,10,0
2026-07-29 01:00:00+00:00,1.3292,1.3293599999999999,1.3281399999999999,1.32883,2420,10,0
2026-07-29 02:00:00+00:00,1.3288,1.32978,1.32871,1.32937,1725,10,0
2026-07-29 03:00:00+00:00,1.32937,1.32989,1.32931,1.32946,1668,10,0
2026-07-29 04:00:00+00:00,1.32947,1.33012,1.3293599999999999,1.32974,1734,10,0
2026-07-29 05:00:00+00:00,1.32977,1.33017,1.32957,1.32983,1536,10,0
2026-07-29 06:00:00+00:00,1.32983,1.33037,1.32942,1.3296700000000001,2196,10,0
2026-07-29 07:00:00+00:00,1.3296999999999999,1.33067,1.32944,1.33016,2130,10,0
2026-07-29 08:00:00+00:00,1.33018,1.33086,1.3296299999999999,1.33051,2002,10,0
2026-07-29 09:00:00+00:00,1.33052,1.33057,1.32948,1.32966,1951,10,0
2026-07-29 10:00:00+00:00,1.32964,1.32969,1.3288,1.3290600000000001,2017,10,0
2026-07-29 11:00:00+00:00,1.32908,1.32978,1.32892,1.32924,1784,10,0
2026-07-29 12:00:00+00:00,1.32925,1.32937,1.3277999999999999,1.3283800000000001,2512,10,0
2026-07-29 13:00:00+00:00,1.3284,1.32937,1.32802,1.3293599999999999,2609,10,0
2026-07-29 14:00:00+00:00,1.32938,1.3304,1.32813,1.32861,3224,10,0
2026-07-29 15:00:00+00:00,1.32863,1.32927,1.3281399999999999,1.32861,2886,10,0
2026-07-29 16:00:00+00:00,1.32864,1.32891,1.32792,1.32884,2197,10,0
2026-07-29 17:00:00+00:00,1.32886,1.33064,1.32871,1.33012,2407,10,0
2026-07-29 18:00:00+00:00,1.33018,1.33653,1.3290199999999999,1.3364500000000001,10525,10,0
2026-07-29 19:00:00+00:00,1.33649,1.33868,1.3345799999999999,1.3346,7624,10,0
2026-07-29 20:00:00+00:00,1.33457,1.33686,1.33425,1.33662,2753,10,0
2026-07-29 21:00:00+00:00,1.33661,1.33661,1.33535,1.33585,1170,35,0
2026-07-29 22:00:00+00:00,1.3360400000000001,1.33692,1.33593,1.3369,835,10,0
2026-07-29 23:00:00+00:00,1.33691,1.33755,1.33636,1.33661,1520,10,0
2026-07-30 00:00:00+00:00,1.33663,1.33678,1.33524,1.33548,2950,10,0
2026-07-30 01:00:00+00:00,1.33548,1.3359,1.33509,1.33518,2259,10,0
2026-07-30 02:00:00+00:00,1.3351899999999999,1.3356,1.3348200000000001,1.3348200000000001,1573,10,0
2026-07-30 03:00:00+00:00,1.33483,1.33501,1.33415,1.33448,1623,10,0
2026-07-30 04:00:00+00:00,1.33447,1.3348900000000001,1.3343099999999999,1.3344,1281,10,0
2026-07-30 05:00:00+00:00,1.3344,1.33563,1.33425,1.3348499999999999,1917,10,0
2026-07-30 06:00:00+00:00,1.33487,1.3351899999999999,1.33324,1.33416,2814,10,0
2026-07-30 07:00:00+00:00,1.33418,1.33505,1.33358,1.33378,3202,10,0
2026-07-30 08:00:00+00:00,1.33379,1.33619,1.33375,1.33552,2880,10,0
2026-07-30 09:00:00+00:00,1.33552,1.33838,1.33552,1.33801,2753,10,0
2026-07-30 10:00:00+00:00,1.33801,1.34064,1.33754,1.33897,4077,10,0
2026-07-30 11:00:00+00:00,1.33895,1.34015,1.33724,1.33876,3532,10,0
2026-07-30 12:00:00+00:00,1.33875,1.33955,1.33669,1.33709,5485,10,0
2026-07-30 13:00:00+00:00,1.33711,1.3427799999999999,1.33667,1.3427799999999999,10184,10,0
2026-07-30 14:00:00+00:00,1.34276,1.34473,1.34232,1.34245,10622,10,0
2026-07-30 15:00:00+00:00,1.34241,1.34627,1.34209,1.34585,4861,10,0
2026-07-30 16:00:00+00:00,1.3458700000000001,1.347,1.34565,1.34646,3449,10,0
2026-07-30 17:00:00+00:00,1.34647,1.34732,1.34539,1.3471600000000001,3872,10,0
2026-07-30 18:00:00+00:00,1.34717,1.34756,1.3465500000000001,1.34755,2289,10,0
2026-07-30 19:00:00+00:00,1.34756,1.34766,1.34661,1.34692,2137,10,0
2026-07-30 20:00:00+00:00,1.34694,1.34725,1.34629,1.34631,1371,10,0
2026-07-30 21:00:00+00:00,1.34627,1.3463,1.34599,1.34612,641,33,0
2026-07-30 22:00:00+00:00,1.3462100000000001,1.34708,1.3462,1.3467,856,10,0
2026-07-30 23:00:00+00:00,1.34668,1.3469,1.34586,1.346,1290,10,0
2026-07-31 00:00:00+00:00,1.34601,1.34645,1.34528,1.34576,2959,10,0
2026-07-31 01:00:00+00:00,1.34577,1.34626,1.34478,1.34503,2708,10,0
2026-07-31 02:00:00+00:00,1.34506,1.34595,1.3449200000000001,1.34505,2255,10,0
2026-07-31 03:00:00+00:00,1.34505,1.34519,1.34447,1.34509,2144,10,0
2026-07-31 04:00:00+00:00,1.34508,1.34522,1.34416,1.34454,1849,10,0
2026-07-31 05:00:00+00:00,1.34457,1.34489,1.3439999999999999,1.34425,2084,10,0
2026-07-31 06:00:00+00:00,1.34428,1.34611,1.34425,1.3451,3576,10,0
2026-07-31 07:00:00+00:00,1.34509,1.3462,1.3444099999999999,1.34519,3439,10,0
2026-07-31 08:00:00+00:00,1.3452,1.34639,1.34348,1.34593,3621,10,0
2026-07-31 09:00:00+00:00,1.34588,1.34674,1.34455,1.34494,4226,10,0
2026-07-31 10:00:00+00:00,1.34494,1.34518,1.34424,1.34439,2551,10,0
2026-07-31 11:00:00+00:00,1.34439,1.34444,1.3417,1.34179,3135,10,0
2026-07-31 12:00:00+00:00,1.34175,1.3427799999999999,1.34144,1.34201,2666,10,0
2026-07-31 13:00:00+00:00,1.34203,1.34327,1.33995,1.34083,6941,10,0
2026-07-31 14:00:00+00:00,1.34082,1.34602,1.34016,1.34558,6949,10,0
2026-07-31 15:00:00+00:00,1.3456000000000001,1.34722,1.34531,1.3467500000000001,4683,10,0
2026-07-31 16:00:00+00:00,1.34672,1.34706,1.3461,1.34641,2961,10,0
2026-07-31 17:00:00+00:00,1.34644,1.34876,1.3464,1.34827,4149,10,0
2026-07-31 18:00:00+00:00,1.3483100000000001,1.34878,1.34742,1.34821,2747,10,0
2026-07-31 19:00:00+00:00,1.34824,1.34867,1.34762,1.34764,2257,10,0
2026-07-31 20:00:00+00:00,1.34764,1.34949,1.34722,1.34802,5697,10,0
2026-08-02 21:00:00+00:00,1.3492,1.3492,1.34771,1.34857,644,47,0
2026-08-02 22:00:00+00:00,1.34879,1.35059,1.34879,1.3495300000000001,2009,10,0
2026-08-02 23:00:00+00:00,1.34951,1.34974,1.3488,1.34906,1948,10,0
2026-08-03 00:00:00+00:00,1.34909,1.35025,1.34826,1.34871,4979,10,0
2026-08-03 01:00:00+00:00,1.34872,1.34914,1.34697,1.34734,3612,10,0
2026-08-03 02:00:00+00:00,1.34735,1.34764,1.3468,1.34696,2148,10,0
2026-08-03 03:00:00+00:00,1.34695,1.34707,1.34634,1.34671,2040,10,0
2026-08-03 04:00:00+00:00,1.34671,1.34731,1.34662,1.34718,1619,10,0
2026-08-03 05:00:00+00:00,1.34718,1.34776,1.34691,1.34756,1552,10,0
2026-08-03 06:00:00+00:00,1.34756,1.34776,1.34571,1.34599,2831,10,0
2026-08-03 07:00:00+00:00,1.34601,1.34699,1.3452600000000001,1.34605,3138,10,0
2026-08-03 08:00:00+00:00,1.34606,1.3462100000000001,1.3453300000000001,1.34544,2495,10,0
2026-08-03 09:00:00+00:00,1.34541,1.34588,1.3449,1.34494,2575,10,0
2026-08-03 10:00:00+00:00,1.3449499999999999,1.34622,1.34473,1.3458999999999999,2415,10,0
2026-08-03 11:00:00+00:00,1.34588,1.3467500000000001,1.34549,1.34674,2276,10,0
2026-08-03 12:00:00+00:00,1.34672,1.34711,1.34578,1.34636,2743,10,0
2026-08-03 13:00:00+00:00,1.34637,1.34669,1.34469,1.34515,3728,10,0
2026-08-03 14:00:00+00:00,1.34522,1.3456000000000001,1.3437000000000001,1.34371,4281,10,0
2026-08-03 15:00:00+00:00,1.34375,1.3437700000000001,1.3422100000000001,1.34334,3560,10,0
2026-08-03 16:00:00+00:00,1.34338,1.3436,1.34242,1.34252,2288,10,0
2026-08-03 17:00:00+00:00,1.34253,1.3427,1.34182,1.34191,1965,10,0
2026-08-03 18:00:00+00:00,1.3418999999999999,1.3432,1.3417,1.34306,2054,10,0
2026-08-03 19:00:00+00:00,1.34308,1.34341,1.34298,1.34307,1611,10,0
2026-08-03 20:00:00+00:00,1.34306,1.34338,1.3427799999999999,1.34331,970,10,0
2026-08-03 21:00:00+00:00,1.34332,1.34332,1.34222,1.34264,924,18,0
2026-08-03 22:00:00+00:00,1.34276,1.34314,1.34267,1.34297,692,10,0
2026-08-03 23:00:00+00:00,1.34298,1.3431,1.34241,1.34266,986,10,0
2026-08-04 00:00:00+00:00,1.34266,1.34323,1.34232,1.3424,2458,10,0
2026-08-04 01:00:00+00:00,1.34238,1.3431,1.34196,1.34274,2365,10,0
2026-08-04 02:00:00+00:00,1.34273,1.34323,1.3425,1.34265,1973,10,0
2026-08-04 03:00:00+00:00,1.34265,1.34327,1.34243,1.34257,1983,10,0
2026-08-04 04:00:00+00:00,1.34254,1.3427,1.34231,1.34257,1420,10,0
2026-08-04 05:00:00+00:00,1.34259,1.34266,1.34191,1.34247,1807,10,0
2026-08-04 06:00:00+00:00,1.34243,1.3432,1.34227,1.3427799999999999,2661,10,0
2026-08-04 07:00:00+00:00,1.34281,1.34385,1.34269,1.34358,2915,10,0
2026-08-04 08:00:00+00:00,1.34357,1.3442,1.34322,1.34419,2370,10,0
2026-08-04 09:00:00+00:00,1.34417,1.34427,1.34354,1.34409,2141,10,0
2026-08-04 10:00:00+00:00,1.34412,1.34482,1.34368,1.34422,2447,10,0
2026-08-04 11:00:00+00:00,1.34422,1.34545,1.34399,1.34461,2886,10,0
2026-08-04 12:00:00+00:00,1.34462,1.34538,1.3441100000000001,1.34423,2646,10,0
2026-08-04 13:00:00+00:00,1.34423,1.34521,1.34372,1.3446799999999999,3667,10,0
2026-08-04 14:00:00+00:00,1.34469,1.34551,1.34421,1.34469,3204,10,0
2026-08-04 15:00:00+00:00,1.3447,1.34549,1.34413,1.34539,2864,10,0
2026-08-04 16:00:00+00:00,1.3454,1.3455599999999999,1.34451,1.34459,2178,10,0
2026-08-04 17:00:00+00:00,1.34458,1.34483,1.34403,1.3443,1865,10,0
2026-08-04 18:00:00+00:00,1.34429,1.34525,1.34391,1.34507,1764,10,0
2026-08-04 19:00:00+00:00,1.34506,1.34537,1.34481,1.34498,1733,10,0
2026-08-04 20:00:00+00:00,1.3449499999999999,1.34541,1.3449499999999999,1.34508,960,9,0
2026-08-04 21:00:00+00:00,1.34512,1.34516,1.34413,1.3447,1193,20,0
2026-08-04 22:00:00+00:00,1.3448,1.3452600000000001,1.34476,1.34508,761,10,0
2026-08-04 23:00:00+00:00,1.34506,1.34517,1.3447,1.3450199999999999,818,10,0
2026-08-05 00:00:00+00:00,1.345,1.34558,1.34484,1.34503,2014,10,0
2026-08-05 01:00:00+00:00,1.34505,1.34511,1.3443399999999999,1.34454,1869,10,0
2026-08-05 02:00:00+00:00,1.34455,1.3458,1.34447,1.34527,2399,10,0
2026-08-05 03:00:00+00:00,1.34528,1.3459400000000001,1.34525,1.34551,1473,10,0
2026-08-05 04:00:00+00:00,1.3455,1.34595,1.3453300000000001,1.34543,1458,10,0
2026-08-05 05:00:00+00:00,1.34543,1.3458,1.34505,1.34555,1700,10,0
2026-08-05 06:00:00+00:00,1.34558,1.34676,1.34503,1.34667,2604,10,0
2026-08-05 07:00:00+00:00,1.34666,1.34689,1.34568,1.34674,2670,10,0
2026-08-05 08:00:00+00:00,1.34673,1.34701,1.34534,1.34562,2541,10,0
2026-08-05 09:00:00+00:00,1.34565,1.34671,1.34542,1.34665,2033,10,0
2026-08-05 10:00:00+00:00,1.34665,1.34692,1.3462399999999999,1.34666,2210,10,0
2026-08-05 11:00:00+00:00,1.34669,1.34821,1.34668,1.34786,2213,10,0
2026-08-05 12:00:00+00:00,1.34789,1.34835,1.34668,1.34695,2615,10,0
2026-08-05 13:00:00+00:00,1.34695,1.34756,1.34591,1.34638,3643,10,0
2026-08-05 14:00:00+00:00,1.34643,1.34857,1.34639,1.3477999999999999,4152,10,0
2026-08-05 15:00:00+00:00,1.34779,1.3483100000000001,1.34565,1.34616,3355,10,0
2026-08-05 16:00:00+00:00,1.34615,1.34674,1.34586,1.34596,2393,10,0
2026-08-05 17:00:00+00:00,1.34596,1.3470900000000001,1.34546,1.34694,1933,10,0
2026-08-05 18:00:00+00:00,1.34695,1.34726,1.34661,1.34684,2008,10,0
2026-08-05 19:00:00+00:00,1.3468200000000001,1.34705,1.34623,1.34636,1523,10,0
2026-08-05 20:00:00+00:00,1.34638,1.34687,1.3461400000000001,1.34671,872,9,0
2026-08-05 21:00:00+00:00,1.34669,1.34669,1.34616,1.34623,855,18,0
2026-08-05 22:00:00+00:00,1.34633,1.3467500000000001,1.34633,1.34664,825,10,0
2026-08-05 23:00:00+00:00,1.34664,1.34706,1.34662,1.34687,808,10,0
2026-08-06 00:00:00+00:00,1.3469,1.34708,1.34652,1.34664,2082,10,0
2026-08-06 01:00:00+00:00,1.34664,1.34706,1.3463,1.3468200000000001,2268,10,0
2026-08-06 02:00:00+00:00,1.34681,1.34721,1.3465799999999999,1.34667,1844,10,0
2026-08-06 03:00:00+00:00,1.34668,1.3467,1.34575,1.34599,1537,10,0
2026-08-06 04:00:00+00:00,1.34599,1.34616,1.34577,1.34599,1163,10,0
2026-08-06 05:00:00+00:00,1.346,1.34628,1.34546,1.34625,1347,10,0
2026-08-06 06:00:00+00:00,1.34625,1.3464800000000001,1.3454,1.3459400000000001,2146,10,0
2026-08-06 07:00:00+00:00,1.34596,1.34622,1.34547,1.34592,2295,10,0
2026-08-06 08:00:00+00:00,1.34592,1.34654,1.3456000000000001,1.34638,2339,10,0
2026-08-06 09:00:00+00:00,1.34636,1.34657,1.34515,1.3456299999999999,1993,10,0
2026-08-06 10:00:00+00:00,1.3456299999999999,1.3462399999999999,1.3453300000000001,1.34604,1704,10,0
2026-08-06 11:00:00+00:00,1.34608,1.34684,1.3457,1.34684,2352,10,0
2026-08-06 12:00:00+00:00,1.34684,1.34717,1.3461699999999999,1.34686,2527,10,0
2026-08-06 13:00:00+00:00,1.3469,1.34788,1.34639,1.34764,3021,10,0
2026-08-06 14:00:00+00:00,1.34766,1.34791,1.34629,1.3465099999999999,3225,10,0
2026-08-06 15:00:00+00:00,1.34654,1.3466,1.34489,1.34531,3262,10,0
2026-08-06 16:00:00+00:00,1.3453300000000001,1.34586,1.3449200000000001,1.34552,2565,10,0
2026-08-06 17:00:00+00:00,1.34555,1.3458700000000001,1.34512,1.34557,1953,10,0
2026-08-06 18:00:00+00:00,1.34558,1.3458700000000001,1.34516,1.34564,1597,10,0
2026-08-06 19:00:00+00:00,1.34566,1.34588,1.34482,1.34545,2139,10,0
2026-08-06 20:00:00+00:00,1.34542,1.34555,1.34481,1.34532,927,7,0
2026-08-06 21:00:00+00:00,1.34528,1.3453,1.34399,1.3444099999999999,1056,22,0
2026-08-06 22:00:00+00:00,1.34485,1.34521,1.34485,1.3451,532,10,0
2026-08-06 23:00:00+00:00,1.3451,1.34549,1.3451,1.34542,582,10,0
2026-08-07 00:00:00+00:00,1.34542,1.34548,1.34471,1.34496,1783,10,0
2026-08-07 01:00:00+00:00,1.34498,1.34562,1.3448,1.34523,1894,10,0
2026-08-07 02:00:00+00:00,1.34524,1.34538,1.34505,1.34515,1210,10,0
2026-08-07 03:00:00+00:00,1.34515,1.34528,1.3449900000000001,1.34527,919,10,0
2026-08-07 04:00:00+00:00,1.34527,1.34548,1.34514,1.3453,1216,10,0
2026-08-07 05:00:00+00:00,1.34531,1.34557,1.34507,1.34523,1251,10,0
2026-08-07 06:00:00+00:00,1.34523,1.34576,1.3451,1.34534,2160,10,0
2026-08-07 07:00:00+00:00,1.3453300000000001,1.34534,1.34449,1.34474,2079,10,0
2026-08-07 08:00:00+00:00,1.34477,1.34497,1.34424,1.34425,1986,10,0
2026-08-07 09:00:00+00:00,1.34426,1.3446500000000001,1.3439,1.34415,1895,10,0
2026-08-07 10:00:00+00:00,1.34415,1.34425,1.34338,1.3437299999999999,1665,10,0
2026-08-07 11:00:00+00:00,1.34372,1.34494,1.3437000000000001,1.34489,1889,10,0
2026-08-07 12:00:00+00:00,1.3449200000000001,1.3507799999999999,1.3444,1.34995,6515,10,0
2026-08-07 13:00:00+00:00,1.34996,1.35087,1.3487,1.3489200000000001,4984,10,0
2026-08-07 14:00:00+00:00,1.3489,1.35012,1.34826,1.34882,4407,10,0
2026-08-07 15:00:00+00:00,1.34879,1.34999,1.34823,1.34951,3566,10,0
2026-08-07 16:00:00+00:00,1.34955,1.35035,1.34939,1.34959,2981,10,0
2026-08-07 17:00:00+00:00,1.3495599999999999,1.3498299999999999,1.34933,1.34949,1963,10,0
2026-08-07 18:00:00+00:00,1.34951,1.35,1.34913,1.34988,1537,10,0
2026-08-07 19:00:00+00:00,1.34989,1.35032,1.34959,1.34974,2403,10,0
2026-08-07 20:00:00+00:00,1.34973,1.3498299999999999,1.3489,1.34925,1851,10,0
2026-08-09 21:00:00+00:00,1.34936,1.34949,1.34767,1.3489499999999999,1144,47,0
2026-08-09 22:00:00+00:00,1.3486500000000001,1.34936,1.3486500000000001,1.34888,730,10,0
2026-08-09 23:00:00+00:00,1.34888,1.34927,1.34876,1.34883,967,10,0
2026-08-10 00:00:00+00:00,1.34882,1.34937,1.34872,1.349,2021,10,0
2026-08-10 01:00:00+00:00,1.34903,1.34916,1.34837,1.34884,2235,10,0
2026-08-10 02:00:00+00:00,1.34886,1.3489499999999999,1.34846,1.34855,1345,10,0
2026-08-10 03:00:00+00:00,1.34855,1.34867,1.34828,1.34845,1220,10,0
2026-08-10 04:00:00+00:00,1.34845,1.34897,1.34833,1.34878,1067,10,0
2026-08-10 05:00:00+00:00,1.34878,1.3494,1.34866,1.34935,1605,10,0
2026-08-10 06:00:00+00:00,1.34939,1.34975,1.34911,1.34946,2255,10,0
2026-08-10 07:00:00+00:00,1.34949,1.35012,1.3491,1.34958,2466,10,0
2026-08-10 08:00:00+00:00,1.34961,1.35052,1.34939,1.35031,2008,10,0
2026-08-10 09:00:00+00:00,1.35032,1.35063,1.34946,1.34949,1902,10,0
2026-08-10 10:00:00+00:00,1.3495,1.35008,1.3492199999999999,1.35003,1949,10,0
2026-08-10 11:00:00+00:00,1.35002,1.35027,1.34955,1.35008,1926,10,0
2026-08-10 12:00:00+00:00,1.35005,1.35038,1.3489499999999999,1.34945,2534,10,0
2026-08-10 13:00:00+00:00,1.34947,1.35077,1.3494,1.35042,3238,10,0
2026-08-10 14:00:00+00:00,1.35039,1.3529900000000001,1.35034,1.35202,3517,10,0
2026-08-10 15:00:00+00:00,1.35202,1.35269,1.35154,1.35248,2972,10,0
2026-08-10 16:00:00+00:00,1.35252,1.35264,1.35131,1.35132,2096,10,0
2026-08-10 17:00:00+00:00,1.35133,1.3514599999999999,1.35047,1.35063,1698,10,0
2026-08-10 18:00:00+00:00,1.35065,1.3511600000000001,1.35055,1.35087,1613,10,0
2026-08-10 19:00:00+00:00,1.35087,1.35096,1.3505099999999999,1.35074,1393,10,0
2026-08-10 20:00:00+00:00,1.35076,1.35099,1.35055,1.3507,727,10,0
2026-08-10 21:00:00+00:00,1.35069,1.35076,1.35036,1.35047,707,11,0
2026-08-10 22:00:00+00:00,1.35056,1.35089,1.35053,1.35086,409,10,0
2026-08-10 23:00:00+00:00,1.35086,1.35113,1.3506,1.3510499999999999,840,10,0
2026-08-11 00:00:00+00:00,1.35108,1.35149,1.35098,1.35108,1476,10,0
2026-08-11 01:00:00+00:00,1.3510900000000001,1.3515,1.35058,1.35101,1834,10,0
2026-08-11 02:00:00+00:00,1.35102,1.35113,1.35019,1.35041,1691,10,0
2026-08-11 03:00:00+00:00,1.35043,1.35126,1.35043,1.35097,1375,10,0
2026-08-11 04:00:00+00:00,1.35099,1.35134,1.35065,1.3511199999999999,1638,10,0
2026-08-11 05:00:00+00:00,1.3511199999999999,1.35141,1.35066,1.35124,1612,10,0
2026-08-11 06:00:00+00:00,1.35126,1.35153,1.35009,1.35052,2671,10,0
2026-08-11 07:00:00+00:00,1.35054,1.35079,1.34941,1.3496000000000001,2451,10,0
2026-08-11 08:00:00+00:00,1.34961,1.35086,1.3495,1.35036,1973,10,0
2026-08-11 09:00:00+00:00,1.35037,1.3505099999999999,1.34982,1.35039,1767,10,0
2026-08-11 10:00:00+00:00,1.35038,1.35047,1.34961,1.34978,1849,10,0
2026-08-11 11:00:00+00:00,1.34977,1.35061,1.3492600000000001,1.3493,2840,10,0
2026-08-11 12:00:00+00:00,1.34933,1.35023,1.34915,1.34991,2561,10,0
2026-08-11 13:00:00+00:00,1.34992,1.35067,1.34962,1.35006,2779,10,0
2026-08-11 14:00:00+00:00,1.35004,1.35094,1.34974,1.3508,2568,10,0
2026-08-11 15:00:00+00:00,1.35083,1.35145,1.35015,1.35145,2596,10,0
2026-08-11 16:00:00+00:00,1.35148,1.35153,1.35034,1.35052,1847,10,0
2026-08-11 17:00:00+00:00,1.35053,1.35064,1.34964,1.35018,1439,10,0
2026-08-11 18:00:00+00:00,1.35018,1.35033,1.34961,1.35028,1548,10,0
2026-08-11 19:00:00+00:00,1.3503,1.35079,1.3502100000000001,1.35076,1323,10,0
2026-08-11 20:00:00+00:00,1.35077,1.35089,1.35031,1.3508,865,4,0
2026-08-11 21:00:00+00:00,1.35073,1.35077,1.35011,1.3504,728,18,0
2026-08-11 22:00:00+00:00,1.3506,1.35099,1.3504399999999999,1.35095,589,10,0
2026-08-11 23:00:00+00:00,1.35097,1.3510499999999999,1.35073,1.35089,702,10,0
2026-08-12 00:00:00+00:00,1.35089,1.35111,1.35058,1.35072,1506,10,0
2026-08-12 01:00:00+00:00,1.35074,1.35089,1.3502399999999999,1.3506,1683,10,0
2026-08-12 02:00:00+00:00,1.35062,1.35074,1.35012,1.35066,1482,10,0
2026-08-12 03:00:00+00:00,1.35066,1.35077,1.35039,1.3505099999999999,966,10,0
2026-08-12 04:00:00+00:00,1.3505,1.35071,1.35025,1.35068,877,10,0
2026-08-12 05:00:00+00:00,1.35068,1.35069,1.35018,1.35057,1122,10,0
2026-08-12 06:00:00+00:00,1.35055,1.35087,1.35022,1.35087,1814,10,0
2026-08-12 07:00:00+00:00,1.35089,1.35113,1.35055,1.3508200000000001,1880,10,0
2026-08-12 08:00:00+00:00,1.3508200000000001,1.35123,1.35064,1.351,1614,10,0
2026-08-12 09:00:00+00:00,1.35102,1.3529200000000001,1.35099,1.35124,2803,10,0
2026-08-12 10:00:00+00:00,1.35123,1.35225,1.35118,1.35148,2032,10,0
2026-08-12 11:00:00+00:00,1.35149,1.35285,1.35134,1.3526,1896,10,0
2026-08-12 12:00:00+00:00,1.35259,1.35454,1.35072,1.3537,6264,10,0
2026-08-12 13:00:00+00:00,1.35368,1.35407,1.35165,1.35243,5479,10,0
2026-08-12 14:00:00+00:00,1.35245,1.35294,1.35034,1.35086,3805,10,0
2026-08-12 15:00:00+00:00,1.35086,1.35114,1.35011,1.35093,2969,10,0
2026-08-12 16:00:00+00:00,1.35091,1.3510900000000001,1.34939,1.34968,2452,10,0
2026-08-12 17:00:00+00:00,1.34969,1.3501,1.34912,1.34921,1807,10,0
2026-08-12 18:00:00+00:00,1.34921,1.34969,1.34873,1.3488,1521,10,0
2026-08-12 19:00:00+00:00,1.34879,1.34934,1.34874,1.3492199999999999,1427,10,0
2026-08-12 20:00:00+00:00,1.34921,1.34958,1.3489499999999999,1.3494,800,10,0
2026-08-12 21:00:00+00:00,1.34942,1.34947,1.34893,1.34924,626,15,0
2026-08-12 22:00:00+00:00,1.34934,1.34958,1.34914,1.3495599999999999,423,10,0
2026-08-12 23:00:00+00:00,1.3495599999999999,1.34975,1.34944,1.34968,569,10,0
2026-08-13 00:00:00+00:00,1.3497,1.35004,1.34941,1.34973,1564,10,0
2026-08-13 01:00:00+00:00,1.34972,1.3498999999999999,1.34907,1.34921,1763,10,0
2026-08-13 02:00:00+00:00,1.3492199999999999,1.34928,1.3486500000000001,1.34878,1294,10,0
2026-08-13 03:00:00+00:00,1.34879,1.3491,1.34862,1.34897,1467,10,0
2026-08-13 04:00:00+00:00,1.34896,1.34961,1.34862,1.34949,1367,10,0
2026-08-13 05:00:00+00:00,1.3495,1.34972,1.34911,1.34935,1454,10,0
2026-08-13 06:00:00+00:00,1.34937,1.34981,1.3474,1.34822,2451,10,0
2026-08-13 07:00:00+00:00,1.3482,1.34875,1.3475,1.34822,2290,10,0
2026-08-13 08:00:00+00:00,1.34822,1.3483399999999999,1.3477299999999999,1.34784,2039,10,0
2026-08-13 09:00:00+00:00,1.34785,1.3491,1.34748,1.34906,1923,10,0
2026-08-13 10:00:00+00:00,1.34909,1.35007,1.3488,1.3489200000000001,1761,10,0
2026-08-13 11:00:00+00:00,1.34893,1.34959,1.3486799999999999,1.34916,1713,10,0
2026-08-13 12:00:00+00:00,1.34916,1.35093,1.34832,1.35083,3057,10,0
2026-08-13 13:00:00+00:00,1.3508200000000001,1.35095,1.34942,1.34984,3712,10,0
2026-08-13 14:00:00+00:00,1.34986,1.35129,1.34976,1.35067,3690,10,0
2026-08-13 15:00:00+00:00,1.35066,1.35089,1.34933,1.34954,3111,10,0
2026-08-13 16:00:00+00:00,1.34952,1.3496000000000001,1.34823,1.34856,2214,10,0
2026-08-13 17:00:00+00:00,1.34854,1.3489,1.34792,1.34818,2005,10,0
2026-08-13 18:00:00+00:00,1.34817,1.34871,1.34792,1.34837,1660,10,0
2026-08-13 19:00:00+00:00,1.3483800000000001,1.34878,1.3483100000000001,1.3486500000000001,1469,10,0
2026-08-13 20:00:00+00:00,1.34867,1.34876,1.3484,1.34857,828,10,0
2026-08-13 21:00:00+00:00,1.34854,1.34863,1.3482,1.3484099999999999,868,13,0
2026-08-13 22:00:00+00:00,1.34846,1.34881,1.34846,1.34881,454,10,0
2026-08-13 23:00:00+00:00,1.34881,1.34905,1.34873,1.34896,740,10,0
2026-08-14 00:00:00+00:00,1.3489499999999999,1.34976,1.34891,1.34969,1775,10,0
2026-08-14 01:00:00+00:00,1.34967,1.34974,1.34887,1.3489,1812,10,0
2026-08-14 02:00:00+00:00,1.34889,1.34938,1.34882,1.3489499999999999,1365,10,0
2026-08-14 03:00:00+00:00,1.3489499999999999,1.34972,1.34884,1.34944,1369,10,0
2026-08-14 04:00:00+00:00,1.34947,1.34998,1.34941,1.34965,1278,10,0
2026-08-14 05:00:00+00:00,1.34968,1.3502100000000001,1.34964,1.35004,1502,10,0
2026-08-14 06:00:00+00:00,1.35004,1.35045,1.34974,1.35041,1985,10,0
2026-08-14 07:00:00+00:00,1.35045,1.35131,1.3502399999999999,1.35117,2250,10,0
2026-08-14 08:00:00+00:00,1.35119,1.35269,1.3511600000000001,1.35222,2453,10,0
2026-08-14 09:00:00+00:00,1.35218,1.35254,1.35189,1.35247,1936,10,0
2026-08-14 10:00:00+00:00,1.35248,1.3529499999999999,1.35226,1.35269,1647,10,0
2026-08-14 11:00:00+00:00,1.35272,1.35423,1.3526,1.35347,2434,10,0
2026-08-14 12:00:00+00:00,1.35344,1.3550200000000001,1.35323,1.35376,3427,10,0
2026-08-14 13:00:00+00:00,1.35375,1.35614,1.35336,1.3551,3813,10,0
2026-08-14 14:00:00+00:00,1.35515,1.35611,1.35452,1.35479,3746,10,0
2026-08-14 15:00:00+00:00,1.35481,1.35567,1.35394,1.35533,3331,10,0
2026-08-14 16:00:00+00:00,1.35534,1.35561,1.35381,1.35391,2350,10,0
2026-08-14 17:00:00+00:00,1.3538999999999999,1.35392,1.35267,1.35321,2033,10,0
2026-08-14 18:00:00+00:00,1.35323,1.35354,1.35291,1.35325,1446,10,0
2026-08-14 19:00:00+00:00,1.35325,1.3537,1.35316,1.35343,1561,10,0
2026-08-14 20:00:00+00:00,1.35344,1.35364,1.35312,1.35333,1498,10,0
2026-08-16 21:00:00+00:00,1.3535300000000001,1.3536299999999999,1.35243,1.3532,533,47,0
2026-08-16 22:00:00+00:00,1.35343,1.35429,1.35298,1.35428,788,10,0
2026-08-16 23:00:00+00:00,1.35428,1.35468,1.35423,1.35456,763,10,0
2026-08-17 00:00:00+00:00,1.35456,1.35558,1.35456,1.35547,1912,10,0
2026-08-17 01:00:00+00:00,1.35548,1.35564,1.35495,1.35551,1962,10,0
2026-08-17 02:00:00+00:00,1.35547,1.35557,1.35488,1.35493,1443,10,0
2026-08-17 03:00:00+00:00,1.35493,1.35519,1.35461,1.35514,1284,10,0
2026-08-17 04:00:00+00:00,1.35518,1.3556,1.35503,1.35506,1244,10,0
2026-08-17 05:00:00+00:00,1.35508,1.35584,1.3549,1.35532,1730,10,0
2026-08-17 06:00:00+00:00,1.35534,1.3559999999999999,1.35499,1.3558,2596,10,0
2026-08-17 07:00:00+00:00,1.35582,1.3571,1.35541,1.3563100000000001,2846,10,0
2026-08-17 08:00:00+00:00,1.3563100000000001,1.35705,1.35487,1.35533,2604,10,0
2026-08-17 09:00:00+00:00,1.35533,1.35616,1.35508,1.3558,2127,10,0
2026-08-17 10:00:00+00:00,1.35584,1.35647,1.3553,1.3556,2282,10,0
2026-08-17 11:00:00+00:00,1.3556300000000001,1.35609,1.35515,1.35561,2116,10,0
2026-08-17 12:00:00+00:00,1.35562,1.35619,1.35526,1.35601,2689,10,0
2026-08-17 13:00:00+00:00,1.3560400000000001,1.3566,1.35507,1.35593,2868,10,0
2026-08-17 14:00:00+00:00,1.35591,1.3568500000000001,1.35496,1.35527,3079,10,0
2026-08-17 15:00:00+00:00,1.35525,1.35614,1.35501,1.35614,2530,10,0
2026-08-17 16:00:00+00:00,1.35613,1.35644,1.35564,1.35583,1759,10,0
2026-08-17 17:00:00+00:00,1.35584,1.35596,1.35436,1.3544100000000001,1957,10,0
2026-08-17 18:00:00+00:00,1.3544,1.35452,1.35354,1.35374,1857,10,0
2026-08-17 19:00:00+00:00,1.35376,1.35446,1.3535599999999999,1.35427,1636,10,0
2026-08-17 20:00:00+00:00,1.35425,1.35447,1.35399,1.3541699999999999,728,9,0
2026-08-17 21:00:00+00:00,1.3541699999999999,1.35423,1.35378,1.35411,703,20,0
2026-08-17 22:00:00+00:00,1.3542,1.3545099999999999,1.3542,1.35436,455,10,0
2026-08-17 23:00:00+00:00,1.35436,1.35515,1.35432,1.35498,675,10,0
2026-08-18 00:00:00+00:00,1.35498,1.35538,1.35443,1.35498,1823,10,0
2026-08-18 01:00:00+00:00,1.35495,1.35531,1.35447,1.35457,1903,10,0
2026-08-18 02:00:00+00:00,1.35457,1.35465,1.35389,1.35456,1679,10,0
2026-08-18 03:00:00+00:00,1.35456,1.35457,1.35336,1.35348,1417,10,0
2026-08-18 04:00:00+00:00,1.35345,1.35378,1.35306,1.35348,1399,10,0
2026-08-18 05:00:00+00:00,1.35349,1.3538999999999999,1.3532199999999999,1.3535599999999999,1326,10,0
2026-08-18 06:00:00+00:00,1.3535300000000001,1.35425,1.35209,1.35264,2960,10,0
2026-08-18 07:00:00+00:00,1.35267,1.35308,1.3519,1.3528,2581,10,0
2026-08-18 08:00:00+00:00,1.35281,1.35333,1.35229,1.3531900000000001,2203,10,0
2026-08-18 09:00:00+00:00,1.35316,1.35333,1.35257,1.35316,1951,10,0
2026-08-18 10:00:00+00:00,1.3531900000000001,1.3531900000000001,1.3523800000000001,1.35252,1892,10,0
2026-08-18 11:00:00+00:00,1.35254,1.35275,1.35193,1.3526500000000001,1625,10,0
2026-08-18 12:00:00+00:00,1.3526500000000001,1.35338,1.3523100000000001,1.35313,2236,10,0
2026-08-18 13:00:00+00:00,1.3531,1.35434,1.35278,1.35404,3195,10,0
2026-08-18 14:00:00+00:00,1.35404,1.3550499999999999,1.35385,1.35423,3440,10,0
2026-08-18 15:00:00+00:00,1.35426,1.3547799999999999,1.35355,1.35422,3105,10,0
2026-08-18 16:00:00+00:00,1.35423,1.35466,1.35399,1.35399,1963,10,0
2026-08-18 17:00:00+00:00,1.35401,1.3541,1.35316,1.35342,1661,10,0
2026-08-18 18:00:00+00:00,1.35343,1.35377,1.3532,1.35336,1341,10,0
2026-08-18 19:00:00+00:00,1.35335,1.35393,1.35308,1.35324,1584,10,0
2026-08-18 20:00:00+00:00,1.35325,1.35325,1.35283,1.35312,891,7,0
2026-08-18 21:00:00+00:00,1.35311,1.35313,1.3528,1.3528,746,22,0
2026-08-18 22:00:00+00:00,1.3532600000000001,1.35348,1.35304,1.35335,581,10,0
2026-08-18 23:00:00+00:00,1.35335,1.35359,1.35309,1.35358,870,10,0
2026-08-19 00:00:00+00:00,1.3536000000000001,1.35415,1.35285,1.35287,2287,10,0
2026-08-19 01:00:00+00:00,1.35291,1.35312,1.3523100000000001,1.35304,2186,10,0
2026-08-19 02:00:00+00:00,1.35304,1.35434,1.35297,1.35393,2419,10,0
2026-08-19 03:00:00+00:00,1.35393,1.35413,1.35362,1.35367,1461,10,0
2026-08-19 04:00:00+00:00,1.35367,1.35423,1.3535599999999999,1.35415,1575,10,0
2026-08-19 05:00:00+00:00,1.35415,1.35446,1.3538999999999999,1.35436,1783,10,0
2026-08-19 06:00:00+00:00,1.35439,1.35575,1.35401,1.35506,2900,10,0
2026-08-19 07:00:00+00:00,1.35508,1.35556,1.3544399999999999,1.35553,2532,10,0
2026-08-19 08:00:00+00:00,1.35551,1.35656,1.35522,1.35529,2647,10,0
2026-08-19 09:00:00+00:00,1.35529,1.35589,1.35493,1.35575,2295,10,0
2026-08-19 10:00:00+00:00,1.35578,1.3564,1.3553899999999999,1.3556,2059,10,0
2026-08-19 11:00:00+00:00,1.3556,1.35601,1.35471,1.35522,2234,10,0
2026-08-19 12:00:00+00:00,1.35523,1.3602699999999999,1.35518,1.35944,4969,10,0
2026-08-19 13:00:00+00:00,1.35946,1.36238,1.35944,1.36171,6568,10,0
2026-08-19 14:00:00+00:00,1.36169,1.36299,1.3606099999999999,1.3608500000000001,5580,10,0
2026-08-19 15:00:00+00:00,1.36087,1.36151,1.36002,1.3606500000000001,3969,10,0
2026-08-19 16:00:00+00:00,1.36067,1.36152,1.36035,1.36097,2833,10,0
2026-08-19 17:00:00+00:00,1.36099,1.36155,1.359,1.3590900000000001,2833,10,0
2026-08-19 18:00:00+00:00,1.3591,1.3609499999999999,1.35894,1.36063,3436,10,0
2026-08-19 19:00:00+00:00,1.36064,1.36116,1.36021,1.3607,2742,10,0
2026-08-19 20:00:00+00:00,1.36073,1.36094,1.36019,1.36053,998,9,0
2026-08-19 21:00:00+00:00,1.36051,1.36054,1.36014,1.36044,691,18,0
2026-08-19 22:00:00+00:00,1.3605800000000001,1.36097,1.36028,1.3603,712,10,0
2026-08-19 23:00:00+00:00,1.3603,1.36064,1.35981,1.3599700000000001,1000,10,0
2026-08-20 00:00:00+00:00,1.35996,1.36066,1.35969,1.3599,2511,10,0
2026-08-20 01:00:00+00:00,1.35988,1.36079,1.35941,1.36072,3192,10,0
2026-08-20 02:00:00+00:00,1.36073,1.36145,1.36016,1.36045,2385,10,0
2026-08-20 03:00:00+00:00,1.36045,1.36143,1.36041,1.36135,1781,10,0
2026-08-20 04:00:00+00:00,1.36137,1.3616,1.36054,1.3607,1551,10,0
2026-08-20 05:00:00+00:00,1.36073,1.36097,1.35994,1.36043,2117,10,0
2026-08-20 06:00:00+00:00,1.36039,1.36165,1.3602400000000001,1.36159,2907,10,0
2026-08-20 07:00:00+00:00,1.36157,1.3631,1.36084,1.3624399999999999,3181,10,0
2026-08-20 08:00:00+00:00,1.3624100000000001,1.3637000000000001,1.36224,1.36348,2819,10,0
2026-08-20 09:00:00+00:00,1.36348,1.36474,1.3630900000000001,1.36472,2633,10,0
2026-08-20 10:00:00+00:00,1.36469,1.3659,1.36404,1.36441,2880,10,0
2026-08-20 11:00:00+00:00,1.3644,1.36456,1.36287,1.36314,3097,10,0
2026-08-20 12:00:00+00:00,1.36313,1.36453,1.36197,1.36415,4102,10,0
2026-08-20 13:00:00+00:00,1.36417,1.36525,1.36323,1.3633199999999999,4542,10,0
2026-08-20 14:00:00+00:00,1.36331,1.3639299999999999,1.36262,1.3631,3828,10,0
2026-08-20 15:00:00+00:00,1.3631199999999999,1.36475,1.3626800000000001,1.36362,5518,10,0
2026-08-20 16:00:00+00:00,1.36365,1.36375,1.3623,1.36301,3018,10,0
2026-08-20 17:00:00+00:00,1.36299,1.36313,1.36225,1.3626800000000001,2077,10,0
2026-08-20 18:00:00+00:00,1.36269,1.36282,1.36203,1.3627,1919,10,0
2026-08-20 19:00:00+00:00,1.3627,1.3630499999999999,1.3624399999999999,1.36282,1879,10,0
2026-08-20 20:00:00+00:00,1.36283,1.36326,1.3627099999999999,1.36294,696,4,0
2026-08-20 21:00:00+00:00,1.36291,1.363,1.36279,1.36288,604,15,0
2026-08-20 22:00:00+00:00,1.36299,1.36364,1.36299,1.36357,582,10,0
2026-08-20 23:00:00+00:00,1.36357,1.3643399999999999,1.36356,1.36425,1060,10,0
2026-08-21 00:00:00+00:00,1.36422,1.3646099999999999,1.36369,1.36374,2096,10,0
2026-08-21 01:00:00+00:00,1.36378,1.36487,1.3636300000000001,1.36439,2547,10,0
2026-08-21 02:00:00+00:00,1.36441,1.3654899999999999,1.36402,1.36481,1960,10,0
2026-08-21 03:00:00+00:00,1.36482,1.36507,1.36426,1.3645399999999999,1542,10,0
2026-08-21 04:00:00+00:00,1.3645399999999999,1.36456,1.3639000000000001,1.3643100000000001,1255,10,0
2026-08-21 05:00:00+00:00,1.36429,1.36529,1.3639999999999999,1.3651200000000001,1785,10,0
2026-08-21 06:00:00+00:00,1.36517,1.3652,1.36401,1.36489,2545,10,0
2026-08-21 07:00:00+00:00,1.36486,1.36529,1.36371,1.36404,3292,10,0
2026-08-21 08:00:00+00:00,1.36404,1.36651,1.36349,1.3664100000000001,3213,10,0
2026-08-21 09:00:00+00:00,1.3664100000000001,1.36753,1.36544,1.36545,3069,10,0
2026-08-21 10:00:00+00:00,1.36547,1.36659,1.3643,1.36481,2683,10,0
2026-08-21 11:00:00+00:00,1.3648,1.36647,1.3646,1.36567,3242,10,0
2026-08-21 12:00:00+00:00,1.36567,1.36595,1.36347,1.3643,3776,10,0
2026-08-21 13:00:00+00:00,1.36433,1.36469,1.3633600000000001,1.36437,3625,10,0
2026-08-21 14:00:00+00:00,1.3643399999999999,1.36439,1.3618000000000001,1.36239,4064,10,0
2026-08-21 15:00:00+00:00,1.36239,1.36416,1.36216,1.36414,3390,10,0
2026-08-21 16:00:00+00:00,1.36413,1.36462,1.36362,1.36416,2757,10,0
2026-08-21 17:00:00+00:00,1.36419,1.36494,1.3639000000000001,1.36481,1997,10,0
2026-08-21 18:00:00+00:00,1.36483,1.36534,1.36481,1.36511,1481,10,0
2026-08-21 19:00:00+00:00,1.36513,1.36525,1.3645,1.36466,1698,10,0
2026-08-21 20:00:00+00:00,1.36467,1.36481,1.36414,1.3644,1499,10,0
2026-08-23 21:00:00+00:00,1.36266,1.36361,1.36215,1.36337,422,47,0
2026-08-23 22:00:00+00:00,1.36352,1.3646,1.3635,1.36423,939,10,0
2026-08-23 23:00:00+00:00,1.36423,1.36538,1.36421,1.36533,1080,10,0
2026-08-24 00:00:00+00:00,1.36533,1.3655599999999999,1.36489,1.36544,2504,10,0
2026-08-24 01:00:00+00:00,1.36547,1.36557,1.3641,1.36475,2639,10,0
2026-08-24 02:00:00+00:00,1.36475,1.3651900000000001,1.3645100000000001,1.3649,1929,10,0
2026-08-24 03:00:00+00:00,1.3649200000000001,1.36501,1.3643100000000001,1.3645,1508,10,0
2026-08-24 04:00:00+00:00,1.3645,1.36474,1.36405,1.36472,2043,10,0
2026-08-24 05:00:00+00:00,1.36475,1.36475,1.36383,1.3643399999999999,1921,10,0
2026-08-24 06:00:00+00:00,1.3643399999999999,1.36459,1.3637000000000001,1.3643100000000001,2513,10,0
2026-08-24 07:00:00+00:00,1.3643100000000001,1.36487,1.36315,1.36323,3033,10,0
2026-08-24 08:00:00+00:00,1.36327,1.36391,1.36206,1.36211,2991,10,0
2026-08-24 09:00:00+00:00,1.36212,1.36338,1.36212,1.36338,2050,10,0
2026-08-24 10:00:00+00:00,1.36334,1.36352,1.3625099999999999,1.36256,1959,10,0
2026-08-24 11:00:00+00:00,1.36252,1.36405,1.36223,1.3638,3172,10,0
2026-08-24 12:00:00+00:00,1.36382,1.36469,1.3631,1.36423,3233,10,0
2026-08-24 13:00:00+00:00,1.36423,1.3649499999999999,1.36376,1.36404,3486,10,0
2026-08-24 14:00:00+00:00,1.36406,1.36429,1.3632,1.36337,3263,10,0
2026-08-24 15:00:00+00:00,1.36337,1.36445,1.36283,1.36293,3165,10,0
2026-08-24 16:00:00+00:00,1.36292,1.3637299999999999,1.36283,1.3633899999999999,2787,10,0
2026-08-24 17:00:00+00:00,1.36343,1.36368,1.3624399999999999,1.36286,2767,10,0
2026-08-24 18:00:00+00:00,1.36285,1.36342,1.36242,1.3630900000000001,1922,10,0
2026-08-24 19:00:00+00:00,1.36307,1.36311,1.36243,1.36274,1407,10,0
2026-08-24 20:00:00+00:00,1.36272,1.3631199999999999,1.36269,1.36298,602,7,0
2026-08-24 21:00:00+00:00,1.36294,1.3631,1.36254,1.3631,867,15,0
2026-08-24 22:00:00+00:00,1.36323,1.36338,1.3631,1.36337,435,10,0
2026-08-24 23:00:00+00:00,1.36337,1.36377,1.36331,1.36372,759,10,0
2026-08-25 00:00:00+00:00,1.36372,1.36401,1.36356,1.36389,1857,10,0
2026-08-25 01:00:00+00:00,1.36388,1.36395,1.36306,1.36318,2015,10,0
2026-08-25 02:00:00+00:00,1.36317,1.36355,1.36291,1.36316,1986,10,0
2026-08-25 03:00:00+00:00,1.36314,1.3633199999999999,1.36279,1.36286,1416,10,0
2026-08-25 04:00:00+00:00,1.36284,1.36287,1.36231,1.36258,1417,10,0
2026-08-25 05:00:00+00:00,1.36257,1.36286,1.36216,1.36226,1434,10,0
2026-08-25 06:00:00+00:00,1.36223,1.36283,1.36215,1.3627099999999999,2104,10,0
2026-08-25 07:00:00+00:00,1.36273,1.36443,1.36273,1.36379,2382,10,0
2026-08-25 08:00:00+00:00,1.36381,1.36418,1.36282,1.36407,3039,10,0
2026-08-25 09:00:00+00:00,1.36409,1.36493,1.36392,1.36421,2843,10,0
2026-08-25 10:00:00+00:00,1.36421,1.36426,1.36306,1.36323,2130,10,0
2026-08-25 11:00:00+00:00,1.36323,1.3637000000000001,1.3627,1.36318,2332,10,0
2026-08-25 12:00:00+00:00,1.36318,1.36364,1.36256,1.36354,2443,10,0
2026-08-25 13:00:00+00:00,1.36356,1.36527,1.3633600000000001,1.36426,3405,10,0
2026-08-25 14:00:00+00:00,1.36425,1.36436,1.3626800000000001,1.36323,3685,10,0
2026-08-25 15:00:00+00:00,1.36322,1.36395,1.36297,1.36392,3282,10,0
2026-08-25 16:00:00+00:00,1.3639299999999999,1.36408,1.36318,1.36346,1938,10,0
2026-08-25 17:00:00+00:00,1.36346,1.36442,1.36331,1.36436,1757,10,0
2026-08-25 18:00:00+00:00,1.36435,1.36464,1.36416,1.36456,1443,10,0
2026-08-25 19:00:00+00:00,1.36457,1.36538,1.3643,1.3652,1982,10,0
2026-08-25 20:00:00+00:00,1.3652,1.36544,1.36469,1.36469,1307,4,0
2026-08-25 21:00:00+00:00,1.36468,1.36483,1.36429,1.3645,1275,18,0
2026-08-25 22:00:00+00:00,1.36459,1.36496,1.36452,1.36494,730,10,0
2026-08-25 23:00:00+00:00,1.36494,1.3649499999999999,1.3644,1.36453,728,10,0
2026-08-26 00:00:00+00:00,1.36453,1.3648500000000001,1.36437,1.36448,1820,10,0
2026-08-26 01:00:00+00:00,1.36445,1.36473,1.36432,1.36442,2104,10,0
2026-08-26 02:00:00+00:00,1.36442,1.36472,1.36391,1.36396,1792,10,0
2026-08-26 03:00:00+00:00,1.36396,1.36412,1.36358,1.36367,1479,10,0
2026-08-26 04:00:00+00:00,1.3636599999999999,1.36368,1.36313,1.36323,1075,10,0
2026-08-26 05:00:00+00:00,1.36323,1.3636599999999999,1.363,1.36345,1498,10,0
2026-08-26 06:00:00+00:00,1.36345,1.36349,1.36245,1.36318,2120,10,0
2026-08-26 07:00:00+00:00,1.36322,1.36403,1.363,1.36315,2240,10,0
2026-08-26 08:00:00+00:00,1.3631199999999999,1.3636599999999999,1.36259,1.36284,2179,10,0
2026-08-26 09:00:00+00:00,1.36285,1.36295,1.36224,1.36265,1746,10,0
2026-08-26 10:00:00+00:00,1.36265,1.36265,1.36165,1.36201,1594,10,0
2026-08-26 11:00:00+00:00,1.36202,1.36301,1.36196,1.36283,1974,10,0
2026-08-26 12:00:00+00:00,1.36285,1.36351,1.36064,1.36066,3582,10,0
2026-08-26 13:00:00+00:00,1.36063,1.36087,1.36013,1.36016,3556,10,0
2026-08-26 14:00:00+00:00,1.36018,1.3602400000000001,1.35824,1.3587099999999999,3798,10,0
2026-08-26 15:00:00+00:00,1.35869,1.35982,1.35861,1.3593199999999999,3305,10,0
2026-08-26 16:00:00+00:00,1.35933,1.35968,1.3588,1.3590200000000001,2276,10,0
2026-08-26 17:00:00+00:00,1.3590200000000001,1.35954,1.35883,1.35937,1747,10,0
2026-08-26 18:00:00+00:00,1.35937,1.35956,1.35895,1.3591,1397,10,0
2026-08-26 19:00:00+00:00,1.35915,1.35937,1.35896,1.35933,1329,10,0
2026-08-26 20:00:00+00:00,1.35933,1.35981,1.35919,1.35956,951,9,0
2026-08-26 21:00:00+00:00,1.35956,1.35957,1.3588,1.35913,854,26,0
2026-08-26 22:00:00+00:00,1.35933,1.35971,1.35919,1.35948,848,10,0
2026-08-26 23:00:00+00:00,1.35948,1.35981,1.35944,1.35961,968,10,0
2026-08-27 00:00:00+00:00,1.3596300000000001,1.35969,1.35895,1.35919,2123,10,0
2026-08-27 01:00:00+00:00,1.3592,1.3594,1.35888,1.35928,2057,10,0
2026-08-27 02:00:00+00:00,1.3593199999999999,1.35949,1.3588,1.35911,1429,10,0
2026-08-27 03:00:00+00:00,1.35913,1.35927,1.35867,1.3587500000000001,1451,10,0
2026-08-27 04:00:00+00:00,1.35876,1.35906,1.3586,1.3587500000000001,1128,10,0
2026-08-27 05:00:00+00:00,1.3587500000000001,1.35911,1.35852,1.35884,1457,10,0
2026-08-27 06:00:00+00:00,1.35884,1.35915,1.35853,1.35893,1939,10,0
2026-08-27 07:00:00+00:00,1.35896,1.3596599999999999,1.3586,1.35873,2300,10,0
2026-08-27 08:00:00+00:00,1.3587500000000001,1.35949,1.35789,1.35793,2432,10,0
2026-08-27 09:00:00+00:00,1.35796,1.35815,1.35712,1.3574899999999999,2471,10,0
2026-08-27 10:00:00+00:00,1.35747,1.35821,1.35704,1.3575300000000001,2295,10,0
2026-08-27 11:00:00+00:00,1.35752,1.35832,1.35705,1.35778,2493,10,0
2026-08-27 12:00:00+00:00,1.35777,1.35834,1.35731,1.35744,2953,10,0
2026-08-27 13:00:00+00:00,1.35744,1.36022,1.3573,1.35927,3792,10,0
2026-08-27 14:00:00+00:00,1.35929,1.35971,1.35795,1.35816,3492,10,0
2026-08-27 15:00:00+00:00,1.3581400000000001,1.35989,1.35811,1.35977,2835,10,0
2026-08-27 16:00:00+00:00,1.35978,1.36011,1.3591199999999999,1.35933,2161,10,0
2026-08-27 17:00:00+00:00,1.35935,1.35967,1.35873,1.35885,1895,10,0
2026-08-27 18:00:00+00:00,1.35885,1.35898,1.35829,1.35886,1595,10,0
2026-08-27 19:00:00+00:00,1.35887,1.35903,1.35845,1.35885,1461,10,0
2026-08-27 20:00:00+00:00,1.35883,1.35937,1.3587799999999999,1.3592,662,10,0
2026-08-27 21:00:00+00:00,1.3592,1.3592,1.35861,1.3590900000000001,775,13,0
2026-08-27 22:00:00+00:00,1.35917,1.35962,1.35917,1.35961,678,10,0
2026-08-27 23:00:00+00:00,1.35961,1.35979,1.3595,1.35965,702,10,0
2026-08-28 00:00:00+00:00,1.35965,1.35976,1.3593,1.35956,1449,10,0
2026-08-28 01:00:00+00:00,1.35957,1.35979,1.35896,1.35898,1756,10,0
2026-08-28 02:00:00+00:00,1.35898,1.3593600000000001,1.35872,1.3593199999999999,1555,10,0
2026-08-28 03:00:00+00:00,1.3593199999999999,1.35945,1.35883,1.35895,1028,10,0
2026-08-28 04:00:00+00:00,1.35893,1.35898,1.3587099999999999,1.35882,892,10,0
2026-08-28 05:00:00+00:00,1.3588,1.3591199999999999,1.35865,1.35881,1052,10,0
2026-08-28 06:00:00+00:00,1.35879,1.35947,1.3587500000000001,1.35925,2367,10,0
2026-08-28 07:00:00+00:00,1.35924,1.3593199999999999,1.35801,1.3587099999999999,2381,10,0
2026-08-28 08:00:00+00:00,1.3587,1.35906,1.35824,1.3587099999999999,2031,10,0
2026-08-28 09:00:00+00:00,1.35873,1.35873,1.35806,1.35807,2077,10,0
2026-08-28 10:00:00+00:00,1.3580999999999999,1.35917,1.35796,1.35915,1862,10,0
2026-08-28 11:00:00+00:00,1.35914,1.35914,1.3584,1.3584800000000001,1819,10,0
2026-08-28 12:00:00+00:00,1.3584800000000001,1.3586,1.35733,1.35837,2542,10,0
2026-08-28 13:00:00+00:00,1.35835,1.35874,1.35717,1.35717,2826,10,0
2026-08-28 14:00:00+00:00,1.35713,1.35983,1.35288,1.3571,10549,10,0
2026-08-28 15:00:00+00:00,1.35714,1.35761,1.35511,1.35527,5264,10,0
2026-08-28 16:00:00+00:00,1.35526,1.35531,1.3534,1.35367,3986,10,0
2026-08-28 17:00:00+00:00,1.35368,1.35372,1.35263,1.35298,2516,10,0
2026-08-28 18:00:00+00:00,1.3529499999999999,1.35318,1.3526799999999999,1.35301,1903,10,0
2026-08-28 19:00:00+00:00,1.3529900000000001,1.35399,1.35296,1.35376,2061,10,0
2026-08-28 20:00:00+00:00,1.35375,1.35388,1.35301,1.35333,1583,10,0
2026-08-30 21:00:00+00:00,1.35283,1.3535300000000001,1.35262,1.35351,369,47,0
2026-08-30 22:00:00+00:00,1.3537,1.3537,1.3529,1.35359,931,10,0
2026-08-30 23:00:00+00:00,1.35359,1.35404,1.35346,1.35395,1252,10,0
2026-08-31 00:00:00+00:00,1.35399,1.35467,1.35334,1.3544800000000001,2241,10,0
2026-08-31 01:00:00+00:00,1.3544800000000001,1.35467,1.35366,1.35431,2696,10,0
2026-08-31 02:00:00+00:00,1.35429,1.35454,1.35379,1.35443,2105,10,0
2026-08-31 03:00:00+00:00,1.35442,1.35467,1.35409,1.35433,1416,10,0
2026-08-31 04:00:00+00:00,1.35433,1.35461,1.35409,1.3544399999999999,1335,10,0
2026-08-31 05:00:00+00:00,1.3544399999999999,1.35465,1.35408,1.35463,1749,10,0
2026-08-31 06:00:00+00:00,1.3546,1.35486,1.35384,1.35434,2055,10,0
2026-08-31 07:00:00+00:00,1.35432,1.35479,1.3536000000000001,1.35458,2393,10,0
2026-08-31 08:00:00+00:00,1.35454,1.35553,1.35376,1.354,2394,10,0
2026-08-31 09:00:00+00:00,1.35402,1.35453,1.35391,1.35419,1800,10,0
2026-08-31 10:00:00+00:00,1.35419,1.35462,1.35352,1.35393,1869,10,0
2026-08-31 11:00:00+00:00,1.35392,1.3546,1.35362,1.35381,2256,10,0
2026-08-31 12:00:00+00:00,1.3538000000000001,1.35466,1.35352,1.35381,2757,10,0
2026-08-31 13:00:00+00:00,1.35382,1.35483,1.35375,1.3542399999999999,2828,10,0
2026-08-31 14:00:00+00:00,1.3542399999999999,1.3565,1.3535599999999999,1.35541,4633,10,0
2026-08-31 15:00:00+00:00,1.35545,1.35592,1.35452,1.3548200000000001,3120,10,0
2026-08-31 16:00:00+00:00,1.35484,1.3552,1.35457,1.3548200000000001,1892,10,0
2026-08-31 17:00:00+00:00,1.35481,1.3553,1.35457,1.35492,1545,10,0
2026-08-31 18:00:00+00:00,1.35494,1.35513,1.35464,1.35488,1532,10,0
2026-08-31 19:00:00+00:00,1.3548499999999999,1.35513,1.35458,1.35494,1633,10,0
2026-08-31 20:00:00+00:00,1.35491,1.35511,1.35458,1.35468,881,10,0
2026-08-31 21:00:00+00:00,1.35469,1.35486,1.35447,1.35486,801,20,0
2026-08-31 22:00:00+00:00,1.35504,1.3552,1.35449,1.3546,573,10,0
2026-08-31 23:00:00+00:00,1.3546,1.3549,1.35434,1.3548499999999999,915,10,0
2026-09-01 00:00:00+00:00,1.35486,1.35591,1.35461,1.35526,2449,10,0
2026-09-01 01:00:00+00:00,1.35525,1.35532,1.3541400000000001,1.35454,2354,10,0
2026-09-01 02:00:00+00:00,1.35452,1.35459,1.35409,1.35455,1831,10,0
2026-09-01 03:00:00+00:00,1.35456,1.35456,1.35403,1.35403,1607,10,0
2026-09-01 04:00:00+00:00,1.35401,1.3542399999999999,1.35377,1.3542100000000001,1226,10,0
2026-09-01 05:00:00+00:00,1.3542100000000001,1.35492,1.35418,1.35462,1724,10,0
2026-09-01 06:00:00+00:00,1.35459,1.35474,1.35349,1.35403,2407,10,0
2026-09-01 07:00:00+00:00,1.35401,1.35432,1.35308,1.35361,2516,10,0
2026-09-01 08:00:00+00:00,1.3536000000000001,1.35419,1.35284,1.3541,2879,10,0
2026-09-01 09:00:00+00:00,1.35408,1.3548,1.35384,1.35394,2446,10,0
2026-09-01 10:00:00+00:00,1.35394,1.35437,1.3533,1.3535300000000001,2224,10,0
2026-09-01 11:00:00+00:00,1.35351,1.35394,1.35297,1.3535300000000001,2520,10,0
2026-09-01 12:00:00+00:00,1.3535,1.3535599999999999,1.35286,1.35294,2562,10,0
2026-09-01 13:00:00+00:00,1.3529200000000001,1.35459,1.35248,1.35445,3078,10,0
2026-09-01 14:00:00+00:00,1.35443,1.35517,1.35351,1.35374,3558,10,0
2026-09-01 15:00:00+00:00,1.35376,1.35404,1.35232,1.35264,3205,10,0
2026-09-01 16:00:00+00:00,1.35267,1.35278,1.35138,1.35142,2943,10,0
2026-09-01 17:00:00+00:00,1.3514599999999999,1.3520699999999999,1.3511199999999999,1.35132,2279,10,0
2026-09-01 18:00:00+00:00,1.35134,1.35156,1.35057,1.3513600000000001,1894,10,0
2026-09-01 19:00:00+00:00,1.35135,1.35155,1.35094,1.35118,1621,10,0
2026-09-01 20:00:00+00:00,1.3511600000000001,1.35163,1.35093,1.3515,850,9,0
2026-09-01 21:00:00+00:00,1.35149,1.35152,1.35103,1.35125,771,18,0
2026-09-01 22:00:00+00:00,1.3513899999999999,1.35183,1.35138,1.3515,578,10,0
2026-09-01 23:00:00+00:00,1.3515,1.35164,1.35128,1.35129,719,10,0
2026-09-02 00:00:00+00:00,1.35128,1.3514599999999999,1.35065,1.35065,2357,10,0
2026-09-02 01:00:00+00:00,1.35063,1.35081,1.3501699999999999,1.3504800000000001,2153,10,0
2026-09-02 02:00:00+00:00,1.3504800000000001,1.35083,1.35001,1.35065,2093,10,0
2026-09-02 03:00:00+00:00,1.35065,1.35076,1.35007,1.3502399999999999,1439,10,0
2026-09-02 04:00:00+00:00,1.3502399999999999,1.35026,1.3495599999999999,1.34964,1583,10,0
2026-09-02 05:00:00+00:00,1.34964,1.3504399999999999,1.34937,1.3502399999999999,2016,10,0
2026-09-02 06:00:00+00:00,1.35025,1.35081,1.3492199999999999,1.3492199999999999,3381,10,0
2026-09-02 07:00:00+00:00,1.34925,1.35123,1.34889,1.351,2844,10,0
2026-09-02 08:00:00+00:00,1.351,1.35144,1.35007,1.35007,2454,10,0
2026-09-02 09:00:00+00:00,1.35005,1.35065,1.34855,1.34863,2360,10,0
2026-09-02 10:00:00+00:00,1.34862,1.34878,1.34763,1.3483800000000001,2230,10,0
2026-09-02 11:00:00+00:00,1.34839,1.34913,1.34803,1.34844,2683,10,0
2026-09-02 12:00:00+00:00,1.3484099999999999,1.34885,1.3473899999999999,1.34748,3502,10,0
2026-09-02 13:00:00+00:00,1.34747,1.35133,1.34745,1.35122,4957,10,0
2026-09-02 14:00:00+00:00,1.35127,1.35127,1.3496000000000001,1.35047,4940,10,0
2026-09-02 15:00:00+00:00,1.3504800000000001,1.35101,1.34941,1.35011,3676,10,0
2026-09-02 16:00:00+00:00,1.3501400000000001,1.35034,1.34939,1.34939,2577,10,0
2026-09-02 17:00:00+00:00,1.34939,1.34954,1.34847,1.3487,2291,10,0
2026-09-02 18:00:00+00:00,1.34871,1.3491900000000001,1.3484,1.34864,1847,10,0
2026-09-02 19:00:00+00:00,1.3486500000000001,1.3488,1.3483,1.34877,1538,10,0
2026-09-02 20:00:00+00:00,1.3488,1.34909,1.3483100000000001,1.3484,1111,9,0
2026-09-02 21:00:00+00:00,1.34837,1.34845,1.34795,1.3482,647,29,0
2026-09-02 22:00:00+00:00,1.3483100000000001,1.34852,1.34808,1.34833,615,10,0
2026-09-02 23:00:00+00:00,1.34833,1.3484,1.34799,1.34823,877,10,0
2026-09-03 00:00:00+00:00,1.34822,1.34894,1.34802,1.34874,1987,10,0
2026-09-03 01:00:00+00:00,1.34875,1.34913,1.3479999999999999,1.34816,2291,10,0
2026-09-03 02:00:00+00:00,1.34815,1.34917,1.34801,1.34885,2430,10,0
2026-09-03 03:00:00+00:00,1.34884,1.34961,1.3488,1.34945,2063,10,0
2026-09-03 04:00:00+00:00,1.34941,1.34981,1.34917,1.34935,1639,10,0
2026-09-03 05:00:00+00:00,1.34934,1.34964,1.3489,1.34913,2064,10,0
2026-09-03 06:00:00+00:00,1.3491,1.34985,1.34827,1.34912,3321,10,0
2026-09-03 07:00:00+00:00,1.34913,1.35042,1.34894,1.3502,3847,10,0
2026-09-03 08:00:00+00:00,1.35022,1.35071,1.34959,1.34997,3239,10,0
2026-09-03 09:00:00+00:00,1.34996,1.35035,1.3489200000000001,1.34975,3005,10,0
2026-09-03 10:00:00+00:00,1.34973,1.34992,1.3484,1.34942,2585,10,0
2026-09-03 11:00:00+00:00,1.34938,1.35003,1.34859,1.3494,3036,10,0
2026-09-03 12:00:00+00:00,1.3494,1.35215,1.34888,1.35176,4680,10,0
2026-09-03 13:00:00+00:00,1.3518,1.35191,1.3502,1.35163,4395,10,0
2026-09-03 14:00:00+00:00,1.35164,1.35201,1.34997,1.3517299999999999,4539,10,0
2026-09-03 15:00:00+00:00,1.35175,1.35405,1.35174,1.35321,4463,10,0
2026-09-03 16:00:00+00:00,1.3532,1.35477,1.35303,1.35434,2824,10,0
2026-09-03 17:00:00+00:00,1.35437,1.35466,1.3538299999999999,1.35385,2032,10,0
2026-09-03 18:00:00+00:00,1.35389,1.35438,1.35369,1.3538700000000001,1911,10,0
2026-09-03 19:00:00+00:00,1.35385,1.35395,1.35218,1.35253,2587,10,0
2026-09-03 20:00:00+00:00,1.35253,1.35289,1.3523,1.3523399999999999,922,4,0
2026-09-03 21:00:00+00:00,1.35232,1.3525,1.3519,1.35246,627,20,0
2026-09-03 22:00:00+00:00,1.35254,1.35264,1.35227,1.35236,605,10,0
2026-09-03 23:00:00+00:00,1.35236,1.3529499999999999,1.3523399999999999,1.35278,1072,10,0
2026-09-04 00:00:00+00:00,1.35281,1.3533,1.35245,1.35294,2362,10,0
2026-09-04 01:00:00+00:00,1.35298,1.35345,1.35274,1.35345,2357,10,0
2026-09-04 02:00:00+00:00,1.35345,1.35371,1.3529,1.35309,1564,10,0
2026-09-04 03:00:00+00:00,1.35308,1.35343,1.3526,1.35288,1713,10,0
2026-09-04 04:00:00+00:00,1.3529,1.3532899999999999,1.35289,1.35314,1519,10,0
2026-09-04 05:00:00+00:00,1.35314,1.35355,1.35291,1.35351,1500,10,0
2026-09-04 06:00:00+00:00,1.35348,1.3544399999999999,1.35343,1.35411,2411,10,0
2026-09-04 07:00:00+00:00,1.35413,1.35487,1.35324,1.35338,2616,10,0
2026-09-04 08:00:00+00:00,1.35337,1.35425,1.35288,1.3532600000000001,2578,10,0
2026-09-04 09:00:00+00:00,1.35324,1.35324,1.35212,1.35228,2436,10,0
2026-09-04 10:00:00+00:00,1.35227,1.35347,1.35215,1.35306,2201,10,0
2026-09-04 11:00:00+00:00,1.35312,1.35381,1.35311,1.3532,2148,10,0
2026-09-04 12:00:00+00:00,1.3532,1.3536000000000001,1.3482,1.3503,7817,10,0
2026-09-04 13:00:00+00:00,1.35033,1.3523800000000001,1.34945,1.35052,5479,10,0
2026-09-04 14:00:00+00:00,1.3505,1.3523100000000001,1.35049,1.35141,4297,10,0
2026-09-04 15:00:00+00:00,1.3514300000000001,1.3525,1.351,1.3519700000000001,3420,10,0
2026-09-04 16:00:00+00:00,1.3519700000000001,1.35242,1.3517000000000001,1.35196,2242,10,0
2026-09-04 17:00:00+00:00,1.35194,1.35195,1.35111,1.35133,2207,10,0
2026-09-04 18:00:00+00:00,1.3513600000000001,1.35144,1.35101,1.35134,1616,10,0
2026-09-04 19:00:00+00:00,1.35133,1.35215,1.35128,1.35183,1540,10,0
2026-09-04 20:00:00+00:00,1.35183,1.35195,1.35135,1.3516599999999999,1241,10,0
2026-09-06 21:00:00+00:00,1.35151,1.35172,1.35092,1.35152,725,47,0
2026-09-06 22:00:00+00:00,1.35176,1.35183,1.3513899999999999,1.35158,614,10,0
2026-09-06 23:00:00+00:00,1.35156,1.3519700000000001,1.35152,1.35164,895,10,0
2026-09-07 00:00:00+00:00,1.35164,1.35217,1.35149,1.3519700000000001,2145,10,0
2026-09-07 01:00:00+00:00,1.3519999999999999,1.35201,1.35115,1.35123,2035,10,0
2026-09-07 02:00:00+00:00,1.35123,1.35125,1.3504800000000001,1.35069,1302,10,0
2026-09-07 03:00:00+00:00,1.35072,1.35121,1.35061,1.3510900000000001,1303,10,0
2026-09-07 04:00:00+00:00,1.35108,1.35122,1.35076,1.3511600000000001,1140,10,0
2026-09-07 05:00:00+00:00,1.35114,1.3519,1.35094,1.35181,1379,10,0
2026-09-07 06:00:00+00:00,1.35182,1.35308,1.35129,1.35256,2183,10,0
2026-09-07 07:00:00+00:00,1.3525800000000001,1.35334,1.35216,1.3532,2403,10,0
2026-09-07 08:00:00+00:00,1.3532,1.35447,1.35298,1.35354,3292,10,0
2026-09-07 09:00:00+00:00,1.3535,1.35435,1.35321,1.3535300000000001,1967,10,0
2026-09-07 10:00:00+00:00,1.3535300000000001,1.35404,1.35328,1.35382,1672,10,0
2026-09-07 11:00:00+00:00,1.35379,1.35395,1.35311,1.3531900000000001,1725,10,0
2026-09-07 12:00:00+00:00,1.35321,1.35388,1.35287,1.35371,2080,10,0
2026-09-07 13:00:00+00:00,1.35369,1.35399,1.3535,1.35384,1777,10,0
2026-09-07 14:00:00+00:00,1.35385,1.35457,1.35358,1.3545,2140,10,0
2026-09-07 15:00:00+00:00,1.35452,1.35468,1.35389,1.35392,1527,10,0
2026-09-07 16:00:00+00:00,1.35392,1.35474,1.35379,1.3546,612,10,0
2026-09-07 17:00:00+00:00,1.35461,1.35461,1.35413,1.35419,461,10,0
2026-09-07 18:00:00+00:00,1.35419,1.35423,1.354,1.35412,357,10,0
2026-09-07 19:00:00+00:00,1.35412,1.35415,1.35384,1.35395,485,10,0
2026-09-07 20:00:00+00:00,1.35395,1.35412,1.35389,1.35396,345,9,0
2026-09-07 21:00:00+00:00,1.35391,1.35408,1.3538299999999999,1.35408,602,15,0
2026-09-07 22:00:00+00:00,1.35415,1.35433,1.354,1.35425,658,10,0
2026-09-07 23:00:00+00:00,1.35425,1.3548499999999999,1.3542399999999999,1.35461,1256,10,0
2026-09-08 00:00:00+00:00,1.35461,1.3548499999999999,1.354,1.35423,2450,10,0
2026-09-08 01:00:00+00:00,1.3542,1.35494,1.35402,1.35479,2105,10,0
2026-09-08 02:00:00+00:00,1.35481,1.35487,1.35337,1.3534,2254,10,0
2026-09-08 03:00:00+00:00,1.35339,1.354,1.35328,1.35373,1407,10,0
2026-09-08 04:00:00+00:00,1.35374,1.35397,1.35349,1.35392,1546,10,0
2026-09-08 05:00:00+00:00,1.35392,1.35433,1.35361,1.35429,1785,10,0
2026-09-08 06:00:00+00:00,1.35429,1.35525,1.35344,1.35361,3073,10,0
2026-09-08 07:00:00+00:00,1.3536000000000001,1.3541400000000001,1.35257,1.35309,2799,10,0
2026-09-08 08:00:00+00:00,1.3531,1.3535300000000001,1.35217,1.35254,3122,10,0
2026-09-08 09:00:00+00:00,1.35252,1.35336,1.35225,1.35302,2597,10,0
2026-09-08 10:00:00+00:00,1.353,1.35374,1.35209,1.35272,2255,10,0
2026-09-08 11:00:00+00:00,1.35275,1.35454,1.3522,1.35442,2823,10,0
2026-09-08 12:00:00+00:00,1.35442,1.35553,1.3541400000000001,1.3554,3131,10,0
2026-09-08 13:00:00+00:00,1.35542,1.35618,1.35469,1.35516,3437,10,0
2026-09-08 14:00:00+00:00,1.3551199999999999,1.35565,1.3542100000000001,1.35526,3082,10,0
2026-09-08 15:00:00+00:00,1.35525,1.35545,1.3538700000000001,1.35402,2687,10,0
2026-09-08 16:00:00+00:00,1.354,1.35415,1.35301,1.35361,2264,10,0
2026-09-08 17:00:00+00:00,1.3536299999999999,1.35418,1.35351,1.35415,1536,10,0
2026-09-08 18:00:00+00:00,1.35416,1.35503,1.3538299999999999,1.3546,2140,10,0
2026-09-08 19:00:00+00:00,1.35462,1.3547500000000001,1.35373,1.35389,2067,10,0
2026-09-08 20:00:00+00:00,1.35392,1.35416,1.35368,1.3538700000000001,795,9,0
2026-09-08 21:00:00+00:00,1.35389,1.35392,1.353,1.35337,636,18,0
2026-09-08 22:00:00+00:00,1.35349,1.35419,1.35349,1.35403,579,10,0
2026-09-08 23:00:00+00:00,1.354,1.35436,1.35399,1.35433,1047,10,0
2026-09-09 00:00:00+00:00,1.35436,1.35476,1.35426,1.35473,2117,10,0
2026-09-09 01:00:00+00:00,1.35476,1.3548,1.35412,1.35454,1799,10,0
2026-09-09 02:00:00+00:00,1.35452,1.35466,1.35409,1.35462,1528,10,0
2026-09-09 03:00:00+00:00,1.35463,1.35483,1.35433,1.35447,1487,10,0
2026-09-09 04:00:00+00:00,1.3544800000000001,1.35504,1.35438,1.35497,1379,10,0
2026-09-09 05:00:00+00:00,1.355,1.3554300000000001,1.3547799999999999,1.3551199999999999,1704,10,0
2026-09-09 06:00:00+00:00,1.3550900000000001,1.35623,1.3550900000000001,1.35586,2645,10,0
2026-09-09 07:00:00+00:00,1.35591,1.35676,1.35557,1.35585,2678,10,0
2026-09-09 08:00:00+00:00,1.35585,1.35592,1.3541400000000001,1.3542399999999999,2372,10,0
2026-09-09 09:00:00+00:00,1.35425,1.35481,1.3531900000000001,1.3532600000000001,2378,10,0
2026-09-09 10:00:00+00:00,1.35323,1.3541699999999999,1.3529900000000001,1.35361,2019,10,0
2026-09-09 11:00:00+00:00,1.35362,1.3566,1.35347,1.35606,3191,10,0
2026-09-09 12:00:00+00:00,1.35608,1.35659,1.3547,1.35507,3086,10,0
2026-09-09 13:00:00+00:00,1.3550900000000001,1.35612,1.35486,1.35574,3479,10,0
2026-09-09 14:00:00+00:00,1.3557299999999999,1.3563399999999999,1.35558,1.35619,3341,10,0
2026-09-09 15:00:00+00:00,1.35619,1.35648,1.35341,1.35462,5102,10,0
2026-09-09 16:00:00+00:00,1.35465,1.35553,1.35442,1.3551199999999999,2698,10,0
2026-09-09 17:00:00+00:00,1.3551199999999999,1.35603,1.35507,1.3558,2084,10,0
2026-09-09 18:00:00+00:00,1.35582,1.35596,1.35442,1.35453,1736,10,0
2026-09-09 19:00:00+00:00,1.35452,1.35474,1.3541,1.35454,1672,10,0
2026-09-09 20:00:00+00:00,1.35455,1.35476,1.35409,1.3544800000000001,645,4,0
2026-09-09 21:00:00+00:00,1.35453,1.3547,1.35426,1.3544100000000001,1462,15,0
2026-09-09 22:00:00+00:00,1.35467,1.3552,1.35461,1.3551199999999999,642,10,0
2026-09-09 23:00:00+00:00,1.35516,1.35524,1.3548,1.35489,743,10,0
2026-09-10 00:00:00+00:00,1.35489,1.35497,1.3544100000000001,1.35453,1991,10,0
2026-09-10 01:00:00+00:00,1.35452,1.35574,1.35446,1.3557000000000001,2291,10,0
2026-09-10 02:00:00+00:00,1.35568,1.35598,1.35517,1.35591,1605,10,0
2026-09-10 03:00:00+00:00,1.35591,1.35594,1.35535,1.35562,1223,10,0
2026-09-10 04:00:00+00:00,1.35562,1.35571,1.35518,1.3553,1056,10,0
2026-09-10 05:00:00+00:00,1.35532,1.35581,1.35516,1.3558,1660,10,0
2026-09-10 06:00:00+00:00,1.35578,1.3559,1.3553600000000001,1.35568,2053,10,0
2026-09-10 07:00:00+00:00,1.35568,1.35569,1.35506,1.35532,1996,10,0
2026-09-10 08:00:00+00:00,1.35532,1.35564,1.35464,1.3556,2185,10,0
2026-09-10 09:00:00+00:00,1.35559,1.35574,1.3541,1.35489,2084,10,0
2026-09-10 10:00:00+00:00,1.35489,1.35524,1.35359,1.3538999999999999,2621,10,0
2026-09-10 11:00:00+00:00,1.35388,1.35393,1.35256,1.35282,2674,10,0
2026-09-10 12:00:00+00:00,1.35281,1.35303,1.34908,1.35106,5677,10,0
2026-09-10 13:00:00+00:00,1.35107,1.35198,1.34958,1.35148,5391,10,0
2026-09-10 14:00:00+00:00,1.35148,1.35303,1.35121,1.3529499999999999,4332,10,0
2026-09-10 15:00:00+00:00,1.35294,1.3534,1.35244,1.35305,3620,10,0
2026-09-10 16:00:00+00:00,1.35306,1.3531900000000001,1.35214,1.3523,2761,10,0
2026-09-10 17:00:00+00:00,1.35229,1.35302,1.35191,1.35208,2393,10,0
2026-09-10 18:00:00+00:00,1.35208,1.3521,1.35097,1.35133,2534,10,0
2026-09-10 19:00:00+00:00,1.35133,1.35133,1.35069,1.35091,2189,10,0
2026-09-10 20:00:00+00:00,1.35091,1.3511600000000001,1.35042,1.35098,960,9,0
2026-09-10 21:00:00+00:00,1.35101,1.3510499999999999,1.35064,1.35092,982,18,0
2026-09-10 22:00:00+00:00,1.35099,1.35133,1.3508200000000001,1.35114,743,10,0
2026-09-10 23:00:00+00:00,1.3511,1.35124,1.35077,1.351,1173,10,0
2026-09-11 00:00:00+00:00,1.35101,1.35154,1.35094,1.35152,2048,10,0
2026-09-11 01:00:00+00:00,1.35152,1.35161,1.35063,1.35084,2205,10,0
2026-09-11 02:00:00+00:00,1.35084,1.35086,1.35001,1.35034,1917,10,0
2026-09-11 03:00:00+00:00,1.35032,1.3504399999999999,1.34951,1.34992,1702,10,0
2026-09-11 04:00:00+00:00,1.34991,1.35065,1.34978,1.35023,1990,10,0
2026-09-11 05:00:00+00:00,1.35023,1.3513600000000001,1.35013,1.35101,2283,10,0
2026-09-11 06:00:00+00:00,1.35106,1.3526099999999999,1.35106,1.3524,3259,10,0
2026-09-11 07:00:00+00:00,1.35239,1.35257,1.35133,1.35155,2793,10,0
2026-09-11 08:00:00+00:00,1.35154,1.35171,1.35049,1.35054,2903,10,0
2026-09-11 09:00:00+00:00,1.35054,1.35145,1.34973,1.3508200000000001,2562,10,0
2026-09-11 10:00:00+00:00,1.3508200000000001,1.35129,1.35006,1.35049,2505,10,0
2026-09-11 11:00:00+00:00,1.3505099999999999,1.35099,1.3501400000000001,1.35033,2670,10,0
2026-09-11 12:00:00+00:00,1.35034,1.35237,1.34803,1.35237,6793,10,0
2026-09-11 13:00:00+00:00,1.3523800000000001,1.35345,1.35134,1.35316,6067,10,0
2026-09-11 14:00:00+00:00,1.35313,1.35341,1.35213,1.35286,4890,10,0
2026-09-11 15:00:00+00:00,1.35286,1.35305,1.3517299999999999,1.35199,3412,10,0
2026-09-11 16:00:00+00:00,1.35202,1.35257,1.35192,1.35227,2780,10,0
2026-09-11 17:00:00+00:00,1.35226,1.35262,1.35169,1.35229,2413,10,0
2026-09-11 18:00:00+00:00,1.35229,1.35272,1.35185,1.35239,2087,10,0
2026-09-11 19:00:00+00:00,1.3524,1.35278,1.35223,1.3526,1793,10,0
2026-09-11 20:00:00+00:00,1.35259,1.35281,1.35222,1.35248,1062,10,0
2026-09-13 21:00:00+00:00,1.35224,1.35233,1.35089,1.3517000000000001,1892,47,0
2026-09-13 22:00:00+00:00,1.35211,1.3526099999999999,1.3517000000000001,1.35224,1873,10,0
2026-09-13 23:00:00+00:00,1.35224,1.35264,1.3519,1.35246,1494,10,0
2026-09-14 00:00:00+00:00,1.35245,1.35281,1.35149,1.35181,2471,10,0
2026-09-14 01:00:00+00:00,1.35183,1.35189,1.35122,1.35163,2162,10,0
2026-09-14 02:00:00+00:00,1.35163,1.35196,1.3511600000000001,1.35122,1849,10,0
2026-09-14 03:00:00+00:00,1.3512,1.35123,1.35026,1.35052,1926,10,0
2026-09-14 04:00:00+00:00,1.3504800000000001,1.35069,1.35011,1.35031,1471,10,0
2026-09-14 05:00:00+00:00,1.35032,1.35063,1.35001,1.35053,1658,10,0
2026-09-14 06:00:00+00:00,1.35054,1.35056,1.3485800000000001,1.34908,3100,10,0
2026-09-14 07:00:00+00:00,1.34909,1.34988,1.3487,1.34917,2928,10,0
2026-09-14 08:00:00+00:00,1.3491900000000001,1.3492899999999999,1.34791,1.34829,2913,10,0
2026-09-14 09:00:00+00:00,1.34828,1.34904,1.34728,1.34875,3050,10,0
2026-09-14 10:00:00+00:00,1.34871,1.34881,1.3477700000000001,1.34859,2589,10,0
2026-09-14 11:00:00+00:00,1.34856,1.34957,1.34849,1.34906,2474,10,0
2026-09-14 12:00:00+00:00,1.34907,1.3495,1.34661,1.34688,3612,10,0
2026-09-14 13:00:00+00:00,1.3469,1.34772,1.34635,1.3467500000000001,3409,10,0
2026-09-14 14:00:00+00:00,1.34672,1.34822,1.34646,1.34748,3731,10,0
2026-09-14 15:00:00+00:00,1.34753,1.34931,1.34725,1.3492,4838,10,0
2026-09-14 16:00:00+00:00,1.34923,1.3508499999999999,1.34897,1.3505,3247,10,0
2026-09-14 17:00:00+00:00,1.3505,1.35091,1.35035,1.35073,2129,10,0
2026-09-14 18:00:00+00:00,1.35076,1.35135,1.35049,1.3510499999999999,1941,10,0
2026-09-14 19:00:00+00:00,1.35106,1.3511600000000001,1.34988,1.34993,1804,10,0
2026-09-14 20:00:00+00:00,1.34991,1.35006,1.34958,1.34995,909,9,0
2026-09-14 21:00:00+00:00,1.34995,1.35,1.3497,1.3498999999999999,705,13,0
2026-09-14 22:00:00+00:00,1.34996,1.35043,1.3498,1.35042,619,10,0
2026-09-14 23:00:00+00:00,1.35042,1.35043,1.34977,1.34997,1030,10,0
2026-09-15 00:00:00+00:00,1.34997,1.35008,1.3494,1.34949,1873,10,0
2026-09-15 01:00:00+00:00,1.34949,1.34962,1.34854,1.34862,1906,10,0
2026-09-15 02:00:00+00:00,1.34862,1.34889,1.34829,1.34884,1404,10,0
2026-09-15 03:00:00+00:00,1.34884,1.3489499999999999,1.34849,1.34852,1497,10,0
2026-09-15 04:00:00+00:00,1.34852,1.34867,1.34823,1.34832,1359,10,0
2026-09-15 05:00:00+00:00,1.34835,1.3486500000000001,1.34809,1.34814,1675,10,0
2026-09-15 06:00:00+00:00,1.34814,1.3483,1.34638,1.34689,2478,10,0
2026-09-15 07:00:00+00:00,1.34689,1.34792,1.3465,1.34789,2513,10,0
2026-09-15 08:00:00+00:00,1.34788,1.34791,1.34681,1.34738,2860,10,0
2026-09-15 09:00:00+00:00,1.34738,1.34811,1.34676,1.34776,2332,10,0
2026-09-15 10:00:00+00:00,1.34774,1.34817,1.34737,1.34745,1980,10,0
2026-09-15 11:00:00+00:00,1.34742,1.3489499999999999,1.34735,1.34828,2325,10,0
2026-09-15 12:00:00+00:00,1.34824,1.34883,1.34794,1.34815,2881,10,0
2026-09-15 13:00:00+00:00,1.34814,1.3496299999999999,1.34789,1.3492600000000001,2807,10,0
2026-09-15 14:00:00+00:00,1.3492600000000001,1.34957,1.3486799999999999,1.34875,3105,10,0
2026-09-15 15:00:00+00:00,1.34876,1.34903,1.34735,1.34767,3008,10,0
2026-09-15 16:00:00+00:00,1.34769,1.34811,1.34693,1.34806,2291,10,0
2026-09-15 17:00:00+00:00,1.3481,1.3482,1.34731,1.34741,1874,10,0
2026-09-15 18:00:00+00:00,1.34742,1.34813,1.34717,1.3479999999999999,1933,10,0
2026-09-15 19:00:00+00:00,1.3479999999999999,1.34802,1.34732,1.3473899999999999,1734,10,0
2026-09-15 20:00:00+00:00,1.3473600000000001,1.34764,1.34707,1.34756,599,4,0
2026-09-15 21:00:00+00:00,1.34755,1.34757,1.34659,1.34701,821,22,0
2026-09-15 22:00:00+00:00,1.34699,1.34787,1.34699,1.34748,703,10,0
2026-09-15 23:00:00+00:00,1.34748,1.34752,1.34689,1.34703,966,10,0
2026-09-16 00:00:00+00:00,1.34706,1.3473,1.3465799999999999,1.34691,1985,10,0
2026-09-16 01:00:00+00:00,1.34691,1.34703,1.34649,1.3465799999999999,1601,10,0
2026-09-16 02:00:00+00:00,1.3465799999999999,1.34795,1.34653,1.34792,1772,10,0
2026-09-16 03:00:00+00:00,1.3479,1.34814,1.34768,1.34794,1414,10,0
2026-09-16 04:00:00+00:00,1.34793,1.34854,1.34791,1.3484,1208,10,0
2026-09-16 05:00:00+00:00,1.3484,1.34944,1.34827,1.34914,1437,10,0
2026-09-16 06:00:00+00:00,1.34915,1.34961,1.34753,1.3479999999999999,2780,10,0
2026-09-16 07:00:00+00:00,1.34798,1.3484,1.34705,1.3471199999999999,2540,10,0
2026-09-16 08:00:00+00:00,1.3471199999999999,1.34745,1.34664,1.34699,2561,10,0
2026-09-16 09:00:00+00:00,1.34696,1.3473,1.34667,1.34671,2186,10,0
2026-09-16 10:00:00+00:00,1.34669,1.34717,1.3465,1.34717,1669,10,0
2026-09-16 11:00:00+00:00,1.34714,1.34728,1.34543,1.34555,3108,10,0
2026-09-16 12:00:00+00:00,1.3455599999999999,1.3458,1.34449,1.34523,1674,10,0
